x,y,z,type,is_movable,volume
-418.25,71.75999999999999,0.0,CD4_Tcell,1,334.63229215378453
-375.93,140.43,0.0,CD4_Tcell,1,354.24529211618125
12.42999999999995,-263.74,0.0,epithelial_tumor_class1,1,1571.5493503124471
158.55999999999995,18.560000000000002,0.0,epithelial_tumor_class1,1,1078.2922463473233
-154.64,433.48,0.0,CD4_Tcell,1,1155.9089966421143
-354.03999999999996,353.58000000000004,0.0,CD4_Tcell,1,878.6820080437345
-81.12,30.149999999999977,0.0,epithelial_tumor_class1,1,1043.3596664090169
-238.32999999999998,59.75,0.0,other_tissue,0,794.2527155880535
-472.0,442.12,0.0,CD4_Tcell,1,865.4176931441423
321.71000000000004,62.420000000000016,0.0,other_tissue,0,607.7950839256966
493.89,33.69999999999999,0.0,CAF,1,712.6697573078595
-246.61,457.78,0.0,CD4_Tcell,1,552.7270209682525
-392.19,278.32,0.0,other_tissue,0,812.269929316245
-444.19,44.00999999999999,0.0,other_tissue,0,441.0003818047513
-480.1,285.76,0.0,CD4_Tcell,1,443.0629419005018
-335.59000000000003,238.72000000000003,0.0,CD4_Tcell,1,1155.9089966421143
-473.01,398.35,0.0,epithelial_tumor_class1,1,1045.9736034208322
-427.35,377.6,0.0,other_tissue,0,647.5650409581798
-269.9,240.33999999999997,0.0,CD4_Tcell,1,476.29478951041517
-283.78,267.55,0.0,CD4_Tcell,1,465.40702827491623
-41.93000000000001,-425.85,0.0,other_tissue,0,812.269929316245
-433.68,263.99,0.0,epithelial_tumor_class1,1,1168.0903623906086
-466.57,412.24,0.0,CAF,1,663.1444724874726
284.39,343.45,0.0,other_tissue,0,633.1760373341488
-289.72,345.24,0.0,CD4_Tcell,1,786.1512518430902
443.77,419.93,0.0,CD4_Tcell,1,764.844049067076
-126.42000000000002,410.52,0.0,epithelial_tumor_class1,1,1460.934548955282
-260.19,38.339999999999975,0.0,CD4_Tcell,1,414.215753905552
494.08000000000004,9.810000000000002,0.0,other_tissue,0,439.00009765864365
-369.03,-102.38999999999999,0.0,epithelial_tumor_class1,1,746.807635091059
379.89,-0.17000000000001592,0.0,other_tissue,0,709.5874743591603
-335.87,220.63,0.0,CD4_Tcell,1,923.6600626473727
-233.57,344.35,0.0,CD4_Tcell,1,825.6606673637225
-480.09,314.35,0.0,CD4_Tcell,1,706.3798339610161
247.87,-269.91999999999996,0.0,CD4_Tcell,1,1155.9089966421143
-305.77,24.99000000000001,0.0,CD4_Tcell,1,939.8295934697048
34.309999999999945,-347.86,0.0,epithelial_tumor_class1_class2,1,865.1103091480296
-372.39,-393.98,0.0,epithelial_tumor_class1,1,629.5635579509922
-440.19,183.85000000000002,0.0,CD8_Tcell,1,561.139969236656
-280.18,178.64,0.0,other_tissue,0,601.4154922316674
-376.82,240.25,0.0,epithelial_tumor_class1,1,1433.5247653191873
486.17999999999995,-421.57000000000005,0.0,epithelial_tumor_class1_class2,1,847.2330969668757
-296.4,202.19,0.0,other_tissue,0,768.3276041658909
124.01999999999998,403.53,0.0,CAF,1,1072.3281605318955
372.34000000000003,204.17000000000002,0.0,mesenchymal_tumor_class1,1,612.9799718855439
436.90999999999997,394.38,0.0,other_tissue,0,599.7631109338768
144.89999999999998,358.74,0.0,epithelial_tumor_class1,1,1604.8584815271552
479.69000000000005,382.85,0.0,other_tissue,0,632.1424940943394
-160.70999999999998,349.18,0.0,CAF,1,737.7684150309736
-253.67,341.25,0.0,CD8_Tcell,1,607.4654990041444
-432.36,367.31,0.0,CD4_Tcell,1,828.2596506427988
5.4599999999999795,490.566,0.0,CAF,1,1114.261303889063
358.20000000000005,424.04,0.0,CD4_Tcell,1,558.0694202558657
413.79999999999995,409.63,0.0,other_tissue,0,449.33174240876446
-103.5,19.180000000000007,0.0,epithelial_tumor_class1,1,2019.2662731436458
-156.63,-63.629999999999995,0.0,other_tissue,0,499.2615606364474
-154.06,-210.07000000000005,0.0,CAF,1,418.3137561414533
-289.31,417.99,0.0,epithelial_tumor_class1,1,1030.552633288684
-359.65999999999997,337.85,0.0,CD4_Tcell,1,446.486565117863
-433.23,154.67000000000002,0.0,CAF,1,532.3810521405629
-444.28,-220.04999999999995,0.0,other_tissue,0,469.6163487372834
300.39,-190.37,0.0,other_tissue,0,558.0694202558657
-477.88,219.81,0.0,CD4_Tcell,1,554.8957904430044
-431.87,304.18,0.0,other_tissue,0,645.0345514814308
180.10000000000002,-424.87,0.0,CAF,1,1114.261303889063
-429.47,114.35000000000002,0.0,CAF,1,1114.261303889063
210.39999999999998,330.78,0.0,CAF,1,583.4729870901409
-232.87,-273.75,0.0,other_tissue,0,640.6220730383014
-388.9,-397.59000000000003,0.0,other_tissue,0,802.0756230717528
8.149999999999977,184.22000000000003,0.0,CAF,1,468.2881967089983
443.90999999999997,-132.14999999999998,0.0,other_tissue,0,469.66017667460795
335.63,346.82,0.0,other_tissue,0,789.2447622084311
-21.810000000000002,-115.28999999999996,0.0,epithelial_tumor_class1,1,719.6569192135754
-132.24,117.37,0.0,epithelial_tumor_class1,1,846.4539392236164
-220.2,45.10000000000002,0.0,other_tissue,0,812.269929316245
432.27,431.14,0.0,apCAF,1,280.5975163783994
-412.03,178.52999999999997,0.0,CD4_Tcell,1,756.0608516382523
-419.22,263.19,0.0,other_tissue,0,812.269929316245
4.060000000000002,281.53,0.0,epithelial_tumor_class1,1,1177.097695033555
388.03999999999996,-52.539999999999964,0.0,other_tissue,0,700.7182131248074
-122.56,145.45,0.0,epithelial_tumor_class1,1,1482.018180828712
-271.55,460.06,0.0,CD8_Tcell,1,642.8347933506479
37.129999999999995,-360.75,0.0,epithelial_tumor_class1,1,1371.6924206155704
-463.69,36.04000000000002,0.0,other_tissue,0,461.3672939741441
-247.6,-484.13,0.0,epithelial_tumor_class1,1,899.2031678940618
-302.53,155.45,0.0,CAF,1,873.3910687742034
-186.57999999999998,-168.96000000000004,0.0,epithelial_tumor_class1,1,1960.781010074545
-485.49,-370.35,0.0,other_tissue,0,423.06521946848324
-337.44,67.36000000000001,0.0,CD4_Tcell,1,445.93591080994344
178.28999999999996,-16.220000000000027,0.0,CAF,1,1114.261303889063
-172.63,147.38,0.0,epithelial_tumor_class1,1,913.6062110956003
-16.439999999999998,324.36,0.0,epithelial_tumor_class1,1,1102.989120092632
-375.08,201.2,0.0,CD4_Tcell,1,863.5306268315412
373.58000000000004,-52.360000000000014,0.0,CAF,1,534.5600057397495
377.95000000000005,389.65,0.0,other_tissue,0,342.9636425877636
-477.03,468.13,0.0,epithelial_tumor_class1,1,612.8403965523553
-188.36,18.69999999999999,0.0,other_tissue,0,812.269929316245
144.19000000000005,-134.51,0.0,epithelial_tumor_class1,1,1363.470033790171
-202.06,55.19,0.0,epithelial_tumor_class1,1,2019.2662731436458
-329.78999999999996,131.39999999999998,0.0,CD4_Tcell,1,645.1428655839214
262.03999999999996,337.47,0.0,CAF,1,441.813414726265
-488.4,495.425,0.0,CD4_Tcell,1,911.9225362096029
-214.94,-62.379999999999995,0.0,other_tissue,0,812.269929316245
370.27,-14.759999999999991,0.0,CAF,1,1056.272367353825
-339.83000000000004,55.49000000000001,0.0,apCAF,1,362.6886493623006
-380.96,149.88,0.0,CD4_Tcell,1,421.02449677749854
-280.09000000000003,204.72000000000003,0.0,CD4_Tcell,1,695.8081666145033
-294.07,-33.129999999999995,0.0,other_tissue,0,812.269929316245
-364.28999999999996,244.44,0.0,CD4_Tcell,1,734.9685378907672
-392.69,-43.60000000000002,0.0,epithelial_tumor_class1,1,1158.5688784922124
-276.03,406.23,0.0,CD8_Tcell,1,380.06453377123876
-444.14,222.10000000000002,0.0,epithelial_tumor_class1,1,1346.5636689097507
-21.470000000000027,-295.53,0.0,other_tissue,0,598.4227818696932
-342.22,162.55,0.0,CAF,1,478.1405478991655
-427.81,464.15999999999997,0.0,other_tissue,0,281.88456372362106
-200.24,81.99000000000001,0.0,other_tissue,0,257.6745509537845
430.15999999999997,452.89,0.0,other_tissue,0,812.269929316245
33.59000000000003,486.51,0.0,epithelial_tumor_class1,1,1129.1086672086356
-221.22000000000003,-428.17999999999995,0.0,other_tissue,0,529.4639021961264
-84.26999999999998,258.73,0.0,other_tissue,0,774.1026446548813
271.78,74.83999999999997,0.0,epithelial_tumor_class1,1,814.0535927583109
-342.56,324.63,0.0,other_tissue,0,714.5040790809309
-237.66000000000003,20.160000000000025,0.0,apCAF,1,425.57749832025894
63.639999999999986,212.94,0.0,apCAF,1,429.9152367880031
478.03,-402.38,0.0,CD8_Tcell,1,535.787278868955
-477.08,354.06,0.0,other_tissue,0,812.269929316245
-359.22,-131.78999999999996,0.0,epithelial_tumor_class1,1,984.985162977496
483.90999999999997,37.52999999999997,0.0,CAF,1,702.9906870986199
-466.52,474.36,0.0,CD8_Tcell,1,831.1846755825025
-370.31,119.49000000000001,0.0,apCAF,1,357.46299824876047
-461.72,260.44,0.0,CAF,1,516.6397914982098
-226.82999999999998,52.81999999999999,0.0,other_tissue,0,812.269929316245
296.28999999999996,-485.82000000000005,0.0,CD4_Tcell,1,356.24649050293084
-291.98,379.77,0.0,CAF,1,896.1880005120717
-440.76,-208.34000000000003,0.0,CD8_Tcell,1,565.0146243389235
-491.771,211.76999999999998,0.0,apCAF,1,299.6034495755571
-323.71000000000004,84.93,0.0,apCAF,1,714.3301664171925
142.89999999999998,457.7,0.0,CAF,1,1114.261303889063
486.78,-304.07000000000005,0.0,epithelial_tumor_class1,1,743.4291695284547
-153.51,-198.04999999999995,0.0,other_tissue,0,812.269929316245
-356.65,51.670000000000016,0.0,other_tissue,0,709.7221379736213
-368.94,-33.35000000000002,0.0,epithelial_tumor_class1,1,1989.940244179337
391.92999999999995,54.139999999999986,0.0,other_tissue,0,700.6609872424359
-270.22,355.56,0.0,CD4_Tcell,1,543.963425917675
471.44000000000005,-310.16999999999996,0.0,other_tissue,0,676.2855636438375
323.98,-335.9,0.0,other_tissue,0,638.5937291705117
-299.90999999999997,406.1,0.0,CAF,1,370.7033304240467
192.25,-471.23,0.0,CAF,1,566.8344045750263
304.47,315.78999999999996,0.0,other_tissue,0,728.5674694922383
-462.36,350.08000000000004,0.0,CD4_Tcell,1,232.49763788035244
-138.01999999999998,307.63,0.0,other_tissue,0,498.07554629900386
-63.839999999999975,-146.09000000000003,0.0,CD4_Tcell,1,476.5455330771036
358.35,407.76,0.0,other_tissue,0,340.9535408668769
-227.73000000000002,-70.12,0.0,other_tissue,0,439.05596726619444
-406.3,281.3,0.0,CAF,1,330.1075259742843
-471.84,431.15,0.0,CD4_Tcell,1,785.7805747313406
356.85,349.72,0.0,CAF,1,905.6158625937192
469.74,-302.16999999999996,0.0,other_tissue,0,427.38589887398723
-360.28999999999996,-159.38,0.0,epithelial_tumor_class1,1,1754.4881029587675
-343.62,311.46000000000004,0.0,CAF,1,1114.261303889063
69.80999999999995,-390.55999999999995,0.0,other_tissue,0,404.48464580161396
45.559999999999945,-477.52,0.0,CAF,1,351.46826770644327
-233.89,-176.92999999999995,0.0,other_tissue,0,812.269929316245
-468.93,-381.67999999999995,0.0,CD4_Tcell,1,1142.427361073383
-441.29,336.2,0.0,epithelial_tumor_class1,1,1187.208212289306
-320.13,316.0,0.0,CD4_Tcell,1,744.620403116252
351.78999999999996,-337.03999999999996,0.0,other_tissue,0,495.80003158287684
-365.65999999999997,236.72000000000003,0.0,CD4_Tcell,1,439.82465512074907
-94.79000000000002,125.50999999999999,0.0,epithelial_tumor_class1,1,2019.2662731436458
-194.39999999999998,-400.04999999999995,0.0,CD4_Tcell,1,735.0276168521997
422.78,-347.90999999999997,0.0,CD8_Tcell,1,518.9317379878462
-481.9,390.43,0.0,other_tissue,0,382.30182191714994
-440.43,251.79,0.0,epithelial_tumor_class1,1,1574.3291550580127
227.90999999999997,112.0,0.0,CAF,1,471.34230410919224
169.78999999999996,452.84000000000003,0.0,CAF,1,934.3881430253912
-471.46,159.70999999999998,0.0,other_tissue,0,436.393480422451
-232.19,70.74000000000001,0.0,epithelial_tumor_class1,1,989.132110239108
-300.96000000000004,314.75,0.0,other_tissue,0,659.3271892986838
107.36000000000001,462.69,0.0,CD4_Tcell,1,649.3040532320758
-349.9,282.51,0.0,CD4_Tcell,1,499.85527318464153
-268.87,-293.17999999999995,0.0,CAF,1,738.1830839434315
85.04999999999995,-373.86,0.0,other_tissue,0,812.269929316245
-496.182,117.35000000000002,0.0,CD4_Tcell,1,299.3112309800066
-110.07,401.65999999999997,0.0,CD8_Tcell,1,415.5608129974944
-201.31,-162.34000000000003,0.0,CAF,1,330.55815573126483
-438.17,-403.9,0.0,CD4_Tcell,1,209.4853069909822
-458.57,294.49,0.0,CD4_Tcell,1,981.0646700533752
-303.39,139.7,0.0,epithelial_tumor_class1,1,1107.5125278550063
-352.28999999999996,470.18,0.0,CD4_Tcell,1,538.663553991844
-255.28,-39.889999999999986,0.0,CAF,1,381.7544034741283
-443.92,314.6,0.0,epithelial_tumor_class1,1,924.2335080856137
-276.52,64.31,0.0,other_tissue,0,255.05941127483635
-420.77,361.25,0.0,epithelial_tumor_class1,1,808.2700918364045
134.12,-107.03999999999996,0.0,CAF,1,1114.261303889063
-71.75999999999999,-124.41999999999996,0.0,CAF,1,450.6238224046641
-371.84000000000003,469.37,0.0,CD4_Tcell,1,206.26947489674708
-22.69999999999999,-423.23,0.0,other_tissue,0,812.269929316245
-102.82,257.5,0.0,CAF,1,461.1507686793636
-217.64999999999998,372.87,0.0,epithelial_tumor_class1,1,741.6050799965446
218.07000000000005,38.81999999999999,0.0,CAF,1,556.82470491623
-484.08,326.69,0.0,CAF,1,1114.261303889063
-137.55,-217.48000000000002,0.0,other_tissue,0,812.269929316245
212.19000000000005,83.69999999999999,0.0,other_tissue,0,743.7467074995635
-218.12,25.220000000000027,0.0,apCAF,1,273.8639602014587
482.24,485.15,0.0,CD4_Tcell,1,459.47859363780054
203.71000000000004,367.3,0.0,CAF,1,536.9046104712833
439.23,-234.82000000000005,0.0,other_tissue,0,812.269929316245
-372.25,155.56,0.0,other_tissue,0,769.3422461617945
-207.36,101.86000000000001,0.0,other_tissue,0,812.269929316245
-382.42,134.36,0.0,other_tissue,0,235.81373394717923
-294.1,-9.240000000000009,0.0,other_tissue,0,346.5181962080729
490.36,-333.46000000000004,0.0,epithelial_tumor_class1,1,2013.9836567028374
-432.28,19.19999999999999,0.0,other_tissue,0,812.269929316245
-150.18,-328.20000000000005,0.0,other_tissue,0,288.02016694524076
31.590000000000032,-491.35,0.0,CD4_Tcell,1,494.42293616867704
264.77,1.4399999999999977,0.0,other_tissue,0,515.2243550075096
157.48000000000002,131.39999999999998,0.0,other_tissue,0,812.269929316245
5.480000000000018,190.52999999999997,0.0,CAF,1,412.16343593526034
82.24000000000001,440.72,0.0,CAF,1,781.4646143759443
-454.79,224.18,0.0,other_tissue,0,341.5321152123554
-489.14,350.22,0.0,CAF,1,1114.261303889063
-486.04,275.2,0.0,CD4_Tcell,1,852.8528029452514
-393.62,260.52,0.0,other_tissue,0,812.269929316245
105.89999999999998,-470.37,0.0,CD4_Tcell,1,337.5192541663141
-394.04,-23.940000000000055,0.0,epithelial_tumor_class1,1,907.178466306798
-174.58999999999997,-80.94000000000005,0.0,CAF,1,661.1055365707138
-312.78999999999996,260.36,0.0,epithelial_tumor_class1,1,1141.397116020277
-344.58000000000004,80.05000000000001,0.0,CAF,1,320.80664528838844
-352.4,247.21,0.0,CAF,1,1114.261303889063
-114.02999999999997,-495.96000000000004,0.0,CD4_Tcell,1,364.3266512519595
-175.05,-288.78,0.0,epithelial_tumor_class1,1,893.1347301743809
-492.467,92.58999999999997,0.0,CD8_Tcell,1,426.8099441368915
-384.86,227.55,0.0,epithelial_tumor_class1,1,367.13371755972076
295.95000000000005,311.86,0.0,epithelial_tumor_class1,1,905.6158625937192
30.230000000000018,222.75,0.0,CAF,1,849.63850969162
494.0,-285.15,0.0,CAF,1,574.9212999855873
-254.07,-375.05999999999995,0.0,other_tissue,0,349.1731910764544
104.20000000000005,-257.03999999999996,0.0,epithelial_tumor_class1,1,635.5324373268555
-53.410000000000025,-332.82000000000005,0.0,CAF,1,1114.261303889063
-397.65,104.89999999999998,0.0,other_tissue,0,279.0664988325312
-43.39999999999998,172.89999999999998,0.0,epithelial_tumor_class1,1,2019.2662731436458
-21.25999999999999,-455.57000000000005,0.0,other_tissue,0,812.269929316245
-441.24,460.40999999999997,0.0,apCAF,1,523.8030056683905
89.63,367.49,0.0,CAF,1,413.5711577802984
-327.72,-113.65999999999997,0.0,CAF,1,387.7148123906368
-414.27,166.61,0.0,apCAF,1,765.4711196111244
-344.02,126.26999999999998,0.0,CD4_Tcell,1,408.78462613484726
21.07000000000005,-495.78999999999996,0.0,CAF,1,596.6387847663378
11.689999999999998,92.16000000000003,0.0,CAF,1,1114.261303889063
-430.39,275.52,0.0,epithelial_tumor_class1,1,914.1754881540405
-23.839999999999975,-278.25,0.0,CD8_Tcell,1,322.6117106018288
-394.17,292.14,0.0,apCAF,1,272.89637588638016
-33.26999999999998,24.639999999999986,0.0,other_tissue,0,781.2389769056697
-431.90999999999997,166.01,0.0,CAF,1,1094.030632850902
-382.22,364.25,0.0,other_tissue,0,409.05105104030685
-182.41000000000003,113.69,0.0,other_tissue,0,261.2846444116315
213.90999999999997,-266.70000000000005,0.0,CAF,1,678.7663505394801
276.78,265.23,0.0,epithelial_tumor_class1,1,2019.2662731436458
-420.24,430.76,0.0,CD4_Tcell,1,362.89774379344374
92.37,-251.95000000000005,0.0,epithelial_tumor_class1,1,791.1254410214054
59.559999999999945,322.63,0.0,CAF,1,979.3229237720388
-471.1,331.96000000000004,0.0,CD4_Tcell,1,1155.9089966421143
-325.57,219.81,0.0,CAF,1,714.3301664171925
-73.00999999999999,-29.610000000000014,0.0,CAF,1,1114.261303889063
-414.21,246.09,0.0,CAF,1,280.5975163783994
492.09000000000003,-103.00999999999999,0.0,CAF,1,409.1176753494825
-378.73,-118.28999999999996,0.0,epithelial_tumor_class1_class2,1,1387.7849225728514
-351.93,161.35000000000002,0.0,CD8_Tcell,1,395.38890955203425
-94.11000000000001,356.1,0.0,other_tissue,0,291.4717138711537
-288.38,443.1,0.0,other_tissue,0,812.269929316245
-297.65999999999997,51.01999999999998,0.0,CAF,1,531.7459799754781
-401.99,-320.24,0.0,other_tissue,0,278.7568378545398
-444.86,113.58999999999997,0.0,epithelial_tumor_class1,1,1243.4329440232482
-222.35000000000002,1.829999999999984,0.0,CD8_Tcell,1,691.2424196782239
-455.75,344.55,0.0,epithelial_tumor_class1,1,1160.5437872011846
-456.19,-111.87,0.0,other_tissue,0,365.1783813106104
-371.68,-195.10000000000002,0.0,other_tissue,0,478.5398569317541
-479.76,134.0,0.0,CAF,1,271.8803310523849
352.61,-49.98000000000002,0.0,CAF,1,765.4711196111244
-93.0,-133.08000000000004,0.0,other_tissue,0,565.6097593616121
-291.65999999999997,56.89999999999998,0.0,CD4_Tcell,1,645.1789729790992
333.92999999999995,13.970000000000027,0.0,CAF,1,365.01780904986174
-166.64999999999998,-139.84000000000003,0.0,other_tissue,0,365.21544313392013
229.17999999999995,55.73000000000002,0.0,CAF,1,1075.3201364310319
-209.95,-251.36,0.0,other_tissue,0,504.91317911583064
-245.72,239.42000000000002,0.0,CAF,1,444.878233102148
-245.37,224.86,0.0,other_tissue,0,812.269929316245
-66.29000000000002,-204.78999999999996,0.0,CAF,1,821.4966447940703
442.33000000000004,-24.83000000000004,0.0,apCAF,1,111.06571215581907
-463.76,487.98,0.0,CD4_Tcell,1,496.20911166287874
13.779999999999973,-460.53999999999996,0.0,other_tissue,0,300.10174142091654
335.83000000000004,-257.38,0.0,other_tissue,0,575.9919374248968
-363.26,183.64999999999998,0.0,CD4_Tcell,1,559.1354499333256
-483.72,254.66,0.0,CAF,1,344.41104501303204
-380.54,82.20999999999998,0.0,CD4_Tcell,1,736.8409092860016
-326.09000000000003,57.98000000000002,0.0,CAF,1,378.54412540107404
-384.34000000000003,-103.79999999999995,0.0,CAF,1,1112.9569209901265
-331.72,-52.610000000000014,0.0,apCAF,1,384.82924625624975
-326.47,275.16999999999996,0.0,epithelial_tumor_class1,1,865.1103091480296
-485.71,246.47,0.0,other_tissue,0,285.979169606609
138.59000000000003,-8.069999999999993,0.0,epithelial_tumor_class1,1,1107.460762032012
23.639999999999986,-257.66999999999996,0.0,CAF,1,556.9392722876755
-340.11,138.01,0.0,CD8_Tcell,1,408.39851554714824
346.24,403.49,0.0,CAF,1,426.0017392004092
-443.54,154.39,0.0,CD4_Tcell,1,910.6497797818764
-495.556,-207.17999999999995,0.0,CAF,1,364.3266512519595
-243.18,300.03999999999996,0.0,CAF,1,429.1168714859214
-69.89999999999998,-494.25,0.0,CD4_Tcell,1,339.97499823958316
473.46000000000004,-346.03999999999996,0.0,other_tissue,0,662.2990001465876
-21.810000000000002,-491.84000000000003,0.0,other_tissue,0,319.4713985405409
-30.420000000000016,-398.35,0.0,other_tissue,0,465.929995556711
290.15,21.060000000000002,0.0,CAF,1,1114.261303889063
-226.42000000000002,31.879999999999995,0.0,apCAF,1,242.67190045084294
-15.850000000000023,454.64,0.0,CAF,1,629.1906393549456
426.94000000000005,445.29,0.0,CD4_Tcell,1,578.053299152288
-237.8,226.57999999999998,0.0,CAF,1,439.55900705759313
138.62,99.44999999999999,0.0,CAF,1,556.2684583126907
-254.5,171.68,0.0,apCAF,1,349.56900648200144
146.33000000000004,296.71000000000004,0.0,other_tissue,0,257.6353882078386
-461.51,97.39999999999998,0.0,CAF,1,507.9242153181599
-317.88,182.22000000000003,0.0,CAF,1,324.7090278302268
371.27,-361.98,0.0,epithelial_tumor_class1,1,878.2384346182403
471.48,278.55,0.0,CAF,1,597.513185804255
-269.93,175.76,0.0,apCAF,1,235.6384214785211
-256.99,-16.75,0.0,CAF,1,901.7059218042388
-290.75,-350.86,0.0,CAF,1,638.4682205717021
-210.35000000000002,339.26,0.0,CAF,1,626.6905705136998
-204.63,-47.23000000000002,0.0,CAF,1,1114.261303889063
-25.620000000000005,-411.24,0.0,other_tissue,0,724.4053162897566
-424.25,258.88,0.0,CAF,1,501.91406634818173
-270.28999999999996,-12.450000000000045,0.0,other_tissue,0,677.3293674313126
365.87,225.35000000000002,0.0,other_tissue,0,810.9586288007615
-457.43,-348.76,0.0,other_tissue,0,544.3018619564518
459.96000000000004,-144.60000000000002,0.0,CAF,1,288.36831040083393
-439.98,200.58999999999997,0.0,CAF,1,986.374174819244
-407.92,409.84000000000003,0.0,CAF,1,514.1993937661122
-347.81,442.73,0.0,CAF,1,1114.261303889063
-176.04000000000002,-443.80999999999995,0.0,apCAF,1,601.9841984592365
342.90999999999997,-55.60000000000002,0.0,other_tissue,0,812.269929316245
37.83000000000004,336.34000000000003,0.0,other_tissue,0,481.474918269301
-344.82,-136.26999999999998,0.0,epithelial_tumor_class1,1,630.4342743124946
485.62,-313.47,0.0,epithelial_tumor_class1,1,569.7375555007112
137.95000000000005,-116.01999999999998,0.0,other_tissue,0,515.8617587117403
198.63,325.01,0.0,CAF,1,584.858546876415
-292.0,370.65,0.0,CAF,1,228.4077178574999
-391.46,116.72000000000003,0.0,CD4_Tcell,1,759.25606511686
-88.79000000000002,-229.77999999999997,0.0,other_tissue,0,481.31154532662157
-169.64999999999998,223.13,0.0,CAF,1,321.0786754053481
-378.78,327.46000000000004,0.0,CD4_Tcell,1,1155.9089966421143
-352.13,418.25,0.0,other_tissue,0,812.269929316245
-277.51,192.33999999999997,0.0,CAF,1,388.1006409018791
-302.37,240.12,0.0,CAF,1,229.04075151808595
-499.5889,252.33,0.0,epithelial_tumor_class1,1,1986.3847094226874
-283.66999999999996,258.35,0.0,other_tissue,0,237.55309380182624
-190.58999999999997,369.69,0.0,CAF,1,480.18379645032246
17.5,242.10000000000002,0.0,CAF,1,1114.261303889063
-246.25,336.31,0.0,CAF,1,272.03257672644645
-331.6,267.21000000000004,0.0,epithelial_tumor_class1,1,1087.0369055467518
-292.46000000000004,462.65999999999997,0.0,other_tissue,0,375.5784152878038
-339.87,249.12,0.0,apCAF,1,626.6905705136998
-216.23000000000002,-246.07000000000005,0.0,other_tissue,0,235.42631740179175
-219.42000000000002,-34.32000000000005,0.0,CAF,1,247.2726429400235
-291.07,428.19,0.0,other_tissue,0,510.0668323271502
-176.22000000000003,-94.60000000000002,0.0,other_tissue,0,690.864419621154
-327.78999999999996,259.3,0.0,CD4_Tcell,1,172.0592654132466
-243.95999999999998,-39.75999999999999,0.0,other_tissue,0,611.8116827439196
-476.06,423.53,0.0,CD4_Tcell,1,513.1447957767442
-111.04000000000002,-302.03,0.0,other_tissue,0,346.98363628730755
262.34000000000003,-59.26999999999998,0.0,other_tissue,0,411.42733437610593
268.23,176.36,0.0,CAF,1,316.22805897669235
359.83000000000004,-432.30999999999995,0.0,other_tissue,0,437.89764386331734
-296.32,38.160000000000025,0.0,epithelial_tumor_class1,1,1373.9623462097302
-457.13,77.43,0.0,CAF,1,454.90096590253796
-132.45999999999998,-469.57000000000005,0.0,CD4_Tcell,1,162.48839988313767
-182.06,27.139999999999986,0.0,epithelial_tumor_class1,1,1185.2031595886533
-283.6,495.199,0.0,CAF,1,422.92896658081264
-364.16999999999996,-285.07000000000005,0.0,CAF,1,961.4532907753388
-415.2,204.51,0.0,CD4_Tcell,1,463.7245737091598
-348.05,402.99,0.0,other_tissue,0,812.269929316245
-476.34,54.44,0.0,CD4_Tcell,1,1013.8679544439722
-182.06,-284.52,0.0,CAF,1,502.02097247090745
-43.80000000000001,-490.45000000000005,0.0,other_tissue,0,539.5925417982354
-317.11,22.870000000000005,0.0,other_tissue,0,571.151226907525
-17.189999999999998,-467.23,0.0,CD4_Tcell,1,1155.9089966421143
-391.22,242.22000000000003,0.0,CAF,1,1064.771657642026
-283.96000000000004,478.62,0.0,other_tissue,0,467.1081040159689
-472.43,345.34000000000003,0.0,other_tissue,0,719.7734334926656
-239.68,-27.620000000000005,0.0,other_tissue,0,222.8605772317995
-5.449999999999989,-460.63,0.0,other_tissue,0,812.269929316245
479.39,-412.02,0.0,CD4_Tcell,1,618.334650319414
392.54999999999995,157.66000000000003,0.0,other_tissue,0,243.6704456199211
-339.87,403.89,0.0,CD4_Tcell,1,422.47953961745424
-236.51,-50.65999999999997,0.0,other_tissue,0,408.0259498895041
-483.26,458.71,0.0,CAF,1,677.0869601829193
416.69000000000005,16.339999999999975,0.0,CD8_Tcell,1,469.6455670591923
-478.93,79.89999999999998,0.0,CAF,1,766.9288637852404
-346.24,-109.38,0.0,CAF,1,755.1381250520567
-200.57,359.32,0.0,CAF,1,267.63043818550403
-35.329999999999984,-409.99,0.0,other_tissue,0,539.1759670174549
-495.841,-215.01999999999998,0.0,CAF,1,284.30314641869387
-335.57,208.27999999999997,0.0,CD4_Tcell,1,866.9557053397294
-421.42,409.77,0.0,CD8_Tcell,1,326.49429216790406
367.01,445.46,0.0,other_tissue,0,372.2527328132014
-373.93,250.92,0.0,CD4_Tcell,1,257.9292055438512
-321.01,415.42,0.0,other_tissue,0,641.6828244594807
-7.279999999999973,-72.50999999999999,0.0,other_tissue,0,448.2828627046022
-436.65999999999997,489.45,0.0,CD8_Tcell,1,185.1226504849471
-19.94999999999999,41.14999999999998,0.0,other_tissue,0,492.3394629561734
-466.11,65.41000000000003,0.0,other_tissue,0,488.50498268410047
-258.95,145.87,0.0,CAF,1,601.5188667108691
-391.55,251.7,0.0,other_tissue,0,609.6881644960885
480.69000000000005,-386.23,0.0,other_tissue,0,211.90824983180508
-397.88,-29.850000000000023,0.0,epithelial_tumor_class1,1,400.4907519455419
-262.28,-39.99000000000001,0.0,CAF,1,565.3286713287191
-292.52,73.35000000000002,0.0,apCAF,1,446.4724401171222
-462.2,-368.58000000000004,0.0,other_tissue,0,736.7422842346964
-477.83,250.86,0.0,CD4_Tcell,1,471.210514722383
-446.36,-262.34000000000003,0.0,apCAF,1,453.6720966621291
102.78999999999996,353.65999999999997,0.0,CAF,1,667.9737123350563
-210.07999999999998,290.63,0.0,CAF,1,450.8086072139306
-390.49,54.10000000000002,0.0,CAF,1,268.082573106329
-482.69,44.19999999999999,0.0,CAF,1,342.9754900277737
-109.72000000000003,-244.14,0.0,other_tissue,0,550.7425993191692
-81.50999999999999,89.13,0.0,other_tissue,0,722.7293249576203
-84.13,-98.0,0.0,other_tissue,0,217.2816128823506
-332.02,355.33000000000004,0.0,CD8_Tcell,1,288.4105286613027
-354.27,174.66000000000003,0.0,CD4_Tcell,1,428.9930758703315
-214.56,284.5,0.0,CAF,1,372.4029036826615
231.69000000000005,428.90999999999997,0.0,CAF,1,539.2080036167938
371.4,-68.74000000000001,0.0,other_tissue,0,362.71324453732075
403.82000000000005,50.370000000000005,0.0,CAF,1,966.7155038469397
-492.022,55.81,0.0,other_tissue,0,569.056501699741
-435.65,456.92,0.0,apCAF,1,291.87582666855224
-227.04000000000002,-200.27999999999997,0.0,apCAF,1,273.45627800144143
-194.22000000000003,376.8,0.0,CAF,1,641.628859711664
139.53999999999996,285.24,0.0,other_tissue,0,275.3349709148163
9.689999999999998,-474.71000000000004,0.0,CD4_Tcell,1,411.38720860799776
-237.66000000000003,165.24,0.0,other_tissue,0,439.6009443753733
-465.44,116.32999999999998,0.0,CD4_Tcell,1,610.5578636154819
-392.0,450.15,0.0,CD4_Tcell,1,444.68098534522153
-370.41999999999996,322.27,0.0,other_tissue,0,812.269929316245
-256.62,162.45,0.0,other_tissue,0,425.3176189856115
-419.31,191.73000000000002,0.0,CAF,1,193.82430998277223
-106.25999999999999,339.9,0.0,other_tissue,0,252.08552422161245
-48.079999999999984,237.7,0.0,other_tissue,0,228.37157977840167
-304.33000000000004,268.03,0.0,apCAF,1,966.7155038469397
100.28999999999996,322.31,0.0,mesenchymal_tumor_class1_class2,1,612.9799718855439
-398.64,326.18,0.0,CD4_Tcell,1,370.4538301707701
492.58000000000004,67.51999999999998,0.0,CD4_Tcell,1,349.8210446898163
-262.33000000000004,297.75,0.0,CAF,1,623.6145193179834
390.75,-177.94000000000005,0.0,other_tissue,0,392.98403227664284
-323.41999999999996,283.65,0.0,CAF,1,408.5981975506497
-7.769999999999982,-440.52,0.0,other_tissue,0,240.48658159577224
-466.7,356.15999999999997,0.0,CD4_Tcell,1,644.0602700591286
-324.12,332.22,0.0,CD4_Tcell,1,439.53105032755536
227.04999999999995,395.94,0.0,CAF,1,805.880622132291
-114.36000000000001,-10.160000000000025,0.0,epithelial_tumor_class1,1,742.7745329294389
201.85000000000002,-164.11,0.0,CAF,1,1114.261303889063
-418.67,446.95,0.0,epithelial_tumor_class1,1,568.3428090958269
-358.26,70.20999999999998,0.0,other_tissue,0,295.61549616202825
-332.46000000000004,52.160000000000025,0.0,apCAF,1,189.18904983208606
-295.27,339.38,0.0,other_tissue,0,427.1527119605278
-232.04000000000002,89.94999999999999,0.0,apCAF,1,332.2023750216468
315.65,-80.07000000000005,0.0,other_tissue,0,169.31384933661897
-429.86,424.2,0.0,CAF,1,356.0399590653592
489.64,-294.90999999999997,0.0,epithelial_tumor_class1,1,1272.340981829586
-268.07,-42.91999999999996,0.0,CAF,1,651.2459930916972
248.62,-43.27999999999997,0.0,other_tissue,0,359.87984765281834
-236.64999999999998,334.22,0.0,CAF,1,278.47833890670233
-456.57,129.08999999999997,0.0,CAF,1,348.10717870963794
-240.61,-71.79999999999995,0.0,other_tissue,0,432.12275616822416
-372.55,264.09000000000003,0.0,CAF,1,290.53730617487827
-323.94,323.38,0.0,CD4_Tcell,1,223.3319792731775
-345.77,143.76999999999998,0.0,other_tissue,0,263.3157813904116
-44.94,-410.82000000000005,0.0,other_tissue,0,812.269929316245
292.12,181.11,0.0,CAF,1,523.8030056683905
-387.29,433.65,0.0,CAF,1,287.27208123471934
-366.46000000000004,144.7,0.0,CD8_Tcell,1,492.4450051938459
98.69000000000005,-415.36,0.0,CD4_Tcell,1,424.67521417226925
172.41999999999996,-444.26,0.0,CD4_Tcell,1,594.8925427206224
442.80999999999995,9.860000000000014,0.0,other_tissue,0,812.269929316245
-275.37,369.68,0.0,other_tissue,0,812.269929316245
-470.88,201.52999999999997,0.0,apCAF,1,478.36235881545207
-102.49000000000001,454.73,0.0,epithelial_tumor_class1,1,878.6376439816389
-337.02,93.32999999999998,0.0,CD4_Tcell,1,454.28625426914493
-235.16000000000003,51.04000000000002,0.0,other_tissue,0,664.9849375307996
-304.3,-16.620000000000005,0.0,epithelial_tumor_class1,1,1085.1463181402712
-318.91999999999996,156.8,0.0,CD4_Tcell,1,429.1856571176477
-66.74000000000001,-176.83000000000004,0.0,mesenchymal_tumor_class1,1,538.7916267984226
-330.06,463.05,0.0,CAF,1,265.08791772010125
3.660000000000025,-443.82000000000005,0.0,other_tissue,0,811.189952734663
-437.74,274.06,0.0,CAF,1,285.6749029880223
-60.420000000000016,310.03999999999996,0.0,CAF,1,249.1348436723163
-345.37,410.92,0.0,CAF,1,345.5409365754581
-252.57,-178.46000000000004,0.0,other_tissue,0,309.98455054445407
-214.61,-266.69000000000005,0.0,epithelial_tumor_class1,1,341.22503513961186
-41.80000000000001,-465.24,0.0,CD4_Tcell,1,381.15666040512406
-410.81,319.33000000000004,0.0,CD4_Tcell,1,354.22108125216533
278.04999999999995,94.33999999999997,0.0,epithelial_tumor_class1,1,1673.836368180699
293.12,-293.03999999999996,0.0,other_tissue,0,644.168475069739
429.38,464.77,0.0,CAF,1,1016.9947365521682
-458.38,-2.410000000000025,0.0,CD4_Tcell,1,215.66887581861891
25.190000000000055,-479.17999999999995,0.0,other_tissue,0,812.269929316245
-32.44,115.92000000000002,0.0,other_tissue,0,262.08593830750266
-494.179,183.42000000000002,0.0,apCAF,1,385.18755627111005
-376.71,-128.51,0.0,CAF,1,416.3962101712277
-404.99,183.20999999999998,0.0,CD4_Tcell,1,483.05113436264594
-240.07,433.04,0.0,CAF,1,508.0011836394223
-236.44,113.20999999999998,0.0,other_tissue,0,211.24716388028259
-24.670000000000016,460.2,0.0,CAF,1,321.6118464196184
-415.72,220.95999999999998,0.0,other_tissue,0,202.88628693713287
-290.24,24.269999999999982,0.0,epithelial_tumor_class1,1,806.8232704731888
-470.44,485.94,0.0,CD4_Tcell,1,300.35109439587563
-342.48,189.32999999999998,0.0,CAF,1,588.1113615652371
482.89,-327.75,0.0,epithelial_tumor_class1,1,1338.2659200026437
-24.620000000000005,203.14999999999998,0.0,other_tissue,0,322.3615505601087
-489.38,453.76,0.0,apCAF,1,129.27910276131212
-306.07,208.01999999999998,0.0,other_tissue,0,801.1158198751714
-343.90999999999997,376.24,0.0,CAF,1,1114.261303889063
-457.90999999999997,210.36,0.0,other_tissue,0,333.7822232881512
-473.21,106.87,0.0,CD4_Tcell,1,477.31305965092014
95.12,382.12,0.0,other_tissue,0,161.17434842005184
-467.65999999999997,-355.57000000000005,0.0,other_tissue,0,477.4459843931826
-482.95,-449.73,0.0,other_tissue,0,393.8278746797053
368.49,215.70999999999998,0.0,other_tissue,0,652.8641980978381
-257.87,386.55,0.0,CAF,1,419.5999025047633
-411.95,-374.55999999999995,0.0,CAF,1,254.0105713625591
-13.45999999999998,-450.20000000000005,0.0,other_tissue,0,812.269929316245
-398.75,95.81,0.0,other_tissue,0,687.317952736693
-421.21,126.47000000000003,0.0,apCAF,1,111.06571215581907
375.32000000000005,178.3,0.0,other_tissue,0,540.1215802516762
-472.17,311.28999999999996,0.0,CAF,1,290.39943820607823
-157.26,-141.35000000000002,0.0,other_tissue,0,570.43578358482
480.77,2.740000000000009,0.0,other_tissue,0,263.1767358821587
4.089999999999975,-467.54999999999995,0.0,other_tissue,0,227.89311002789918
-258.12,-30.779999999999973,0.0,other_tissue,0,210.2709401214748
-427.12,-68.84000000000003,0.0,other_tissue,0,580.7084358989813
-255.34,-48.289999999999964,0.0,other_tissue,0,234.3125614074195
-498.165,482.79,0.0,CD4_Tcell,1,689.8633859795823
-108.01999999999998,-15.759999999999991,0.0,epithelial_tumor_class1,1,1404.4272918813062
435.4,-470.98,0.0,CD4_Tcell,1,324.5948102971255
-324.53999999999996,160.38,0.0,CD4_Tcell,1,412.7127370226191
-101.44,-156.01,0.0,CAF,1,523.9287121038928
-370.2,86.58999999999997,0.0,other_tissue,0,446.9387224556916
-327.90999999999997,469.98,0.0,CAF,1,189.3963103915845
-421.76,199.26999999999998,0.0,CD4_Tcell,1,501.8682540849206
-459.26,244.98,0.0,other_tissue,0,663.4019329009831
-417.13,-430.04999999999995,0.0,CAF,1,1114.261303889063
-276.55,-163.61,0.0,CAF,1,366.81147476343466
-350.28999999999996,334.51,0.0,CD4_Tcell,1,670.3044963832266
426.86,423.15999999999997,0.0,CD4_Tcell,1,643.3932735737332
-123.87,24.069999999999993,0.0,CAF,1,342.0640352316876
-156.45999999999998,359.62,0.0,CAF,1,289.71075254909465
-474.53,377.01,0.0,CAF,1,906.929235230258
-392.38,38.81,0.0,apCAF,1,177.2188915581743
-462.31,402.75,0.0,epithelial_tumor_class1,1,743.9055103866725
-450.02,427.61,0.0,apCAF,1,453.6720966621291
-481.85,192.01,0.0,CAF,1,520.3226678906273
-408.79,-144.10000000000002,0.0,other_tissue,0,246.19778035555984
-170.85000000000002,202.06,0.0,epithelial_tumor_class1,1,898.3699468799115
-356.45,-147.98000000000002,0.0,other_tissue,0,451.17832836601707
440.30999999999995,-420.72,0.0,CAF,1,216.99334833745826
200.39,387.17,0.0,other_tissue,0,655.232682307252
-114.37,-417.28,0.0,CD4_Tcell,1,492.70138485024074
-210.41000000000003,-38.190000000000055,0.0,other_tissue,0,812.269929316245
-325.08000000000004,78.54000000000002,0.0,apCAF,1,189.3963103915845
-199.58999999999997,71.47000000000003,0.0,other_tissue,0,209.6644636274543
-290.7,243.98000000000002,0.0,other_tissue,0,221.68054690658272
-93.67000000000002,277.25,0.0,CAF,1,455.7023515902009
-388.39,456.90999999999997,0.0,CD4_Tcell,1,525.9742614271888
-209.95999999999998,-172.48000000000002,0.0,CAF,1,842.9104874814169
0.7400000000000091,380.76,0.0,CAF,1,327.2171151600672
-400.97,-408.04999999999995,0.0,CAF,1,694.233468430623
-119.93,228.14,0.0,other_tissue,0,120.9576780983661
-286.41999999999996,320.94,0.0,other_tissue,0,345.9935842257392
393.36,-287.1,0.0,other_tissue,0,470.3325465542544
-349.82,228.61,0.0,CAF,1,1050.489775905673
-359.95,481.2,0.0,CD4_Tcell,1,1155.6639739037187
-419.47,48.25,0.0,other_tissue,0,655.032050624308
371.95000000000005,39.49000000000001,0.0,other_tissue,0,228.1728884771734
-450.58,-253.75,0.0,other_tissue,0,567.6628674732254
-377.07,488.49,0.0,CD4_Tcell,1,387.0209656241041
-352.14,131.87,0.0,CD8_Tcell,1,563.8586127032868
-110.83999999999997,-266.45000000000005,0.0,other_tissue,0,671.6388040854093
-404.97,129.85000000000002,0.0,CAF,1,417.908151364147
-358.35,24.55000000000001,0.0,epithelial_tumor_class1,1,662.5929959252943
-1.740000000000009,-449.01,0.0,other_tissue,0,696.7579282950401
-384.23,-235.46000000000004,0.0,CAF,1,929.3591458747463
-173.72000000000003,-309.9,0.0,CAF,1,501.0441099717544
-310.89,-178.42999999999995,0.0,CAF,1,185.14621364402896
-357.96000000000004,378.21,0.0,CD4_Tcell,1,1152.0463198514099
-305.33000000000004,-8.360000000000014,0.0,epithelial_tumor_class1,1,287.5695020004708
298.24,-22.980000000000018,0.0,other_tissue,0,374.3588016899969
-294.11,352.78999999999996,0.0,CD4_Tcell,1,841.228663133734
-465.86,-25.370000000000005,0.0,other_tissue,0,183.3845190605352
-428.31,-236.70000000000005,0.0,other_tissue,0,303.12492087103806
397.48,-96.88,0.0,CAF,1,555.7779602294177
-287.53,-88.98000000000002,0.0,CAF,1,566.7516026462616
107.38,-416.65999999999997,0.0,other_tissue,0,743.3894836381176
122.53999999999996,395.65999999999997,0.0,other_tissue,0,257.42984889202
-425.65,-103.44000000000005,0.0,other_tissue,0,412.3241565029165
-146.11,300.01,0.0,CAF,1,151.9533749805147
-256.2,-384.24,0.0,other_tissue,0,299.64675738838054
-181.95999999999998,-228.15999999999997,0.0,CAF,1,568.5917038177513
-334.69,291.89,0.0,CD4_Tcell,1,907.4957355273934
-406.27,298.74,0.0,CD8_Tcell,1,446.7549967386009
-262.46000000000004,407.83,0.0,CD8_Tcell,1,704.4637263754838
427.69000000000005,293.64,0.0,other_tissue,0,183.72033084669965
-406.42,393.88,0.0,CD4_Tcell,1,494.7102506888717
119.90999999999997,-289.27,0.0,other_tissue,0,115.27700403392744
-432.29,434.33,0.0,apCAF,1,531.7459799754781
-397.62,459.62,0.0,CD8_Tcell,1,1297.9167816420406
-217.60000000000002,-373.73,0.0,epithelial_tumor_class1,1,606.6160667475101
-64.85000000000002,144.52999999999997,0.0,CAF,1,940.7578965651859
-356.11,167.51,0.0,CD4_Tcell,1,266.88803326523754
-406.58,-87.90999999999997,0.0,other_tissue,0,199.76331090224875
262.05999999999995,180.77999999999997,0.0,other_tissue,0,467.12266096098466
-258.53999999999996,109.56,0.0,CAF,1,1114.261303889063
476.04999999999995,453.68,0.0,CD4_Tcell,1,474.92463129482127
-410.05,293.62,0.0,CAF,1,321.30548460514683
223.76999999999998,-197.62,0.0,other_tissue,0,812.269929316245
-51.54000000000002,-378.89,0.0,CAF,1,222.5141204631592
-137.57,-397.76,0.0,other_tissue,0,376.05692323610356
-426.02,430.63,0.0,CD4_Tcell,1,314.7041429606796
423.85,306.89,0.0,CD4_Tcell,1,426.0154290821229
354.37,18.20999999999998,0.0,CAF,1,609.2362475239548
452.51,28.839999999999975,0.0,CAF,1,1114.261303889063
-246.68,-192.30999999999995,0.0,other_tissue,0,499.2615606364474
-339.58000000000004,270.87,0.0,epithelial_tumor_class1,1,1155.0516334374372
-406.34000000000003,361.59000000000003,0.0,CAF,1,540.3782081697028
-204.5,-314.57000000000005,0.0,other_tissue,0,472.0162780820735
-235.72000000000003,159.95999999999998,0.0,other_tissue,0,727.7846318666965
-451.01,123.51999999999998,0.0,other_tissue,0,478.82098540399875
-450.62,375.36,0.0,CD4_Tcell,1,305.29045528892283
286.36,265.19,0.0,CAF,1,731.0959449888549
-449.86,-71.83000000000004,0.0,CAF,1,356.73276185033524
-243.19,251.1,0.0,CD4_Tcell,1,409.2909324090177
465.99,-459.96000000000004,0.0,epithelial_tumor_class1,1,287.5695020004708
243.51999999999998,333.65,0.0,other_tissue,0,335.74070578763616
-455.61,397.35,0.0,other_tissue,0,470.9616462439215
-321.46000000000004,228.07,0.0,CAF,1,491.17949346099505
-329.86,319.58000000000004,0.0,CD4_Tcell,1,979.4898511056451
-232.45999999999998,-191.87,0.0,CAF,1,476.4865266756503
445.95000000000005,-140.65999999999997,0.0,CD8_Tcell,1,374.8865571760139
-402.38,269.4,0.0,CAF,1,299.28959272004874
-445.11,145.25,0.0,other_tissue,0,240.89825077249296
-321.45,400.04,0.0,other_tissue,0,366.0066928459234
213.40999999999997,294.98,0.0,apCAF,1,402.88655535117664
-304.02,-253.98000000000002,0.0,CAF,1,548.2768576812356
-452.77,406.12,0.0,CD4_Tcell,1,835.8747348220182
-224.35000000000002,329.32,0.0,other_tissue,0,284.3240561867476
-194.37,321.6,0.0,CAF,1,279.19042740691816
-445.13,327.96000000000004,0.0,CD4_Tcell,1,441.0284008048155
-243.17000000000002,159.57999999999998,0.0,other_tissue,0,400.22805755101376
481.34000000000003,-287.94000000000005,0.0,other_tissue,0,352.082785776914
-24.579999999999984,-359.19000000000005,0.0,other_tissue,0,812.269929316245
-310.08000000000004,409.3,0.0,CAF,1,242.02337214762116
-442.71,106.57,0.0,CAF,1,779.76314956148
-248.56,357.44,0.0,CAF,1,595.1662374192543
281.75,493.704,0.0,CAF,1,477.209690798835
-384.47,-142.27999999999997,0.0,mesenchymal_tumor_class1_class2,1,711.2623609029532
-217.81,345.61,0.0,CAF,1,397.08467968023587
-285.47,199.74,0.0,other_tissue,0,574.9212999855873
-354.47,-187.60000000000002,0.0,other_tissue,0,159.25565474406534
-420.5,231.67000000000002,0.0,CAF,1,396.21010164052194
-444.72,-290.37,0.0,other_tissue,0,292.8877424481954
469.39,425.13,0.0,other_tissue,0,323.1807373935502
-371.37,369.89,0.0,CD4_Tcell,1,880.5910757318284
-365.3,-420.30999999999995,0.0,other_tissue,0,628.5871786657139
-443.38,-372.42999999999995,0.0,CAF,1,477.00299786877537
-369.23,162.24,0.0,apCAF,1,367.2081080734428
96.24000000000001,-261.36,0.0,epithelial_tumor_class1,1,923.0410080486419
-499.7666,355.34000000000003,0.0,epithelial_tumor_class1_class2,1,914.1754881540405
-482.52,478.01,0.0,other_tissue,0,812.269929316245
-311.81,-197.05999999999995,0.0,other_tissue,0,774.795956080915
-233.32,-207.35000000000002,0.0,apCAF,1,1070.5733209759792
45.860000000000014,-374.86,0.0,other_tissue,0,343.6275194857729
-210.35000000000002,297.2,0.0,CAF,1,226.04871702511574
-471.94,135.55,0.0,other_tissue,0,477.8744653216261
-149.52999999999997,-92.74000000000001,0.0,other_tissue,0,553.8840805976388
-249.83,-33.90999999999997,0.0,CAF,1,753.4951271610245
-294.2,236.42000000000002,0.0,other_tissue,0,217.81513742910977
205.29999999999995,205.98000000000002,0.0,CAF,1,278.3752382405084
-468.6,168.04000000000002,0.0,CD4_Tcell,1,205.35915393735752
-452.64,489.1,0.0,other_tissue,0,287.25102717769107
-201.45,-170.79999999999995,0.0,CAF,1,903.196244985097
-306.35,451.34000000000003,0.0,CAF,1,445.24470509900584
-77.83999999999997,-325.77,0.0,CAF,1,367.5926191501597
-56.25999999999999,-294.28,0.0,CD4_Tcell,1,490.4422805115529
-271.31,-479.58000000000004,0.0,epithelial_tumor_class1_class2,1,499.7943579395225
174.65999999999997,-6.470000000000027,0.0,other_tissue,0,812.269929316245
114.21000000000004,-440.94000000000005,0.0,other_tissue,0,323.0213425026323
-229.55,-131.87,0.0,CAF,1,543.2386782953084
-289.39,362.87,0.0,other_tissue,0,279.9865088993337
-403.4,147.82999999999998,0.0,CD4_Tcell,1,244.71902408452718
-447.03,308.09000000000003,0.0,other_tissue,0,585.8906897691853
487.99,-350.57000000000005,0.0,epithelial_tumor_class1,1,700.1651601013043
-355.22,486.13,0.0,CD4_Tcell,1,283.44672832825074
-471.89,78.29000000000002,0.0,other_tissue,0,812.269929316245
-380.18,-279.01,0.0,CAF,1,472.66154973318004
-3.25,-121.97000000000003,0.0,CD8_Tcell,1,190.25885920880685
-493.659,448.43,0.0,CAF,1,393.71096298400954
-257.53,66.55000000000001,0.0,other_tissue,0,614.8663135813757
-285.19,-386.52,0.0,other_tissue,0,325.4749765184633
-289.03999999999996,100.07999999999998,0.0,CAF,1,435.1009920008003
-145.17000000000002,19.370000000000005,0.0,epithelial_tumor_class1,1,396.3144612883469
-450.59000000000003,290.15,0.0,CAF,1,366.0066928459234
-290.36,188.13,0.0,CAF,1,1076.4372113894642
-94.42000000000002,23.670000000000016,0.0,epithelial_tumor_class1,1,845.1780194974369
-192.39999999999998,180.48000000000002,0.0,other_tissue,0,812.269929316245
-397.15999999999997,-463.42999999999995,0.0,other_tissue,0,272.3169206981333
-19.639999999999986,415.95,0.0,other_tissue,0,240.24354312847294
-274.05,-42.51999999999998,0.0,other_tissue,0,566.2218612427415
-338.46000000000004,76.89999999999998,0.0,other_tissue,0,443.44247717349896
-358.48,138.18,0.0,CAF,1,477.7562380917511
397.12,493.357,0.0,CAF,1,381.3473616281375
205.67999999999995,282.34000000000003,0.0,CAF,1,253.51628694637338
-237.88,480.67,0.0,CAF,1,474.43907848889853
-270.23,-51.75999999999999,0.0,CAF,1,376.6367132691287
412.88,355.26,0.0,CAF,1,385.2003571691594
-3.839999999999975,-481.63,0.0,epithelial_tumor_class1,1,1504.6050411044023
288.36,-332.87,0.0,other_tissue,0,249.69052744565522
-238.87,217.72000000000003,0.0,CAF,1,208.49751849632082
-392.84000000000003,-214.49,0.0,other_tissue,0,212.69992540876106
-305.8,301.59000000000003,0.0,other_tissue,0,414.3366901954926
70.66999999999996,432.29,0.0,CAF,1,273.8231737600436
-254.37,294.23,0.0,CAF,1,259.27381095521037
-382.64,-300.67999999999995,0.0,other_tissue,0,413.2356956460263
-351.91999999999996,140.38,0.0,CAF,1,262.621043341327
-478.69,-398.33000000000004,0.0,other_tissue,0,410.5184574800918
-417.35,469.46,0.0,CD4_Tcell,1,755.3988194604086
-245.1,-108.23000000000002,0.0,other_tissue,0,250.5352107893683
-445.01,297.48,0.0,other_tissue,0,300.0042060979559
-448.65999999999997,204.64,0.0,other_tissue,0,193.09637768271728
-353.9,410.52,0.0,other_tissue,0,675.633731156907
-462.96,-240.08000000000004,0.0,CAF,1,480.4804014883413
29.529999999999973,251.23,0.0,CAF,1,711.6092178802709
-332.40999999999997,281.23,0.0,other_tissue,0,723.0993794003032
-451.55,-173.65999999999997,0.0,other_tissue,0,133.8194856304339
399.66999999999996,-53.41999999999996,0.0,other_tissue,0,215.23437503106405
-179.56,477.59,0.0,epithelial_tumor_class1_class2,1,989.132110239108
285.29999999999995,-282.9,0.0,CAF,1,1092.952728094111
-499.7455,338.51,0.0,epithelial_tumor_class1_class2,1,743.4291695284547
-296.45,359.25,0.0,CAF,1,316.4076659729565
-94.5,176.26,0.0,CAF,1,382.97726667615655
-251.86,-87.60000000000002,0.0,CAF,1,161.71203392006703
-272.5,-235.74,0.0,other_tissue,0,224.42854827392148
-177.33999999999997,54.35000000000002,0.0,CAF,1,685.5680794260103
-411.56,-446.53,0.0,CAF,1,288.25223142878
-417.15999999999997,321.68,0.0,other_tissue,0,295.10074826149514
-302.27,-44.22000000000003,0.0,other_tissue,0,714.7553360921473
-434.90999999999997,142.05,0.0,other_tissue,0,445.1319230574685
-298.08000000000004,-84.97000000000003,0.0,CAF,1,760.0411691627683
250.64,328.41999999999996,0.0,CAF,1,328.94241452253476
-164.7,69.18,0.0,other_tissue,0,309.51962914395887
-389.11,9.199999999999989,0.0,epithelial_tumor_class1,1,394.49081148590807
-456.51,109.58999999999997,0.0,epithelial_tumor_class1,1,519.1659904767068
-174.61,-143.39,0.0,other_tissue,0,710.6652603522326
-256.19,222.31,0.0,other_tissue,0,178.34270415056403
-395.9,129.38,0.0,CAF,1,680.261471235224
-239.23000000000002,-298.54999999999995,0.0,other_tissue,0,282.3422022146645
-104.66000000000003,-54.14999999999998,0.0,other_tissue,0,245.03134271061936
56.299999999999955,54.44,0.0,epithelial_tumor_class1,1,982.736776150323
-255.14,-299.58000000000004,0.0,other_tissue,0,716.5545082649676
462.04999999999995,-106.28999999999996,0.0,CAF,1,602.0531568995594
-305.7,462.58,0.0,CAF,1,201.24601918863016
-363.94,-235.92999999999995,0.0,other_tissue,0,338.0235334379621
-475.79,45.139999999999986,0.0,CAF,1,376.96468413104856
-114.44999999999999,373.1,0.0,other_tissue,0,700.7182131248074
-21.620000000000005,-396.57000000000005,0.0,other_tissue,0,181.16912840185387
-294.74,-223.97000000000003,0.0,other_tissue,0,805.1270323219967
-233.57999999999998,43.620000000000005,0.0,other_tissue,0,429.13062802426106
-401.46,21.660000000000025,0.0,other_tissue,0,194.0430458605618
233.35000000000002,75.70999999999998,0.0,other_tissue,0,214.60971972299367
-300.3,260.34000000000003,0.0,other_tissue,0,173.58219267370544
-467.45,-294.14,0.0,CAF,1,172.47848984644654
-283.44,-344.95000000000005,0.0,other_tissue,0,217.12434604894128
-418.52,63.02999999999997,0.0,other_tissue,0,605.8539863507947
151.49,210.64999999999998,0.0,CAF,1,443.892577348605
477.97,-465.58000000000004,0.0,CD4_Tcell,1,257.50813668860746
-422.84000000000003,240.57,0.0,CAF,1,575.2390068831036
-93.42000000000002,-160.10000000000002,0.0,CAF,1,214.13336755896876
-327.64,98.44999999999999,0.0,other_tissue,0,242.13607657616438
-261.22,-23.41999999999996,0.0,CAF,1,273.3238684531597
442.86,408.87,0.0,other_tissue,0,308.5580569424824
-358.77,116.92000000000002,0.0,CAF,1,375.2512491004829
-352.05,111.67000000000002,0.0,CAF,1,410.6386730773365
-263.25,483.84,0.0,other_tissue,0,587.7889320978758
-314.0,414.52,0.0,CAF,1,219.50892581505977
-282.53,137.19,0.0,CAF,1,533.5572682876203
-221.47000000000003,-382.48,0.0,epithelial_tumor_class1,1,1322.9380599412375
443.9,-410.62,0.0,other_tissue,0,157.96617980594374
-246.15,130.5,0.0,CAF,1,451.448637006266
-331.40999999999997,28.410000000000025,0.0,other_tissue,0,179.7098583020452
-116.93,-475.78999999999996,0.0,CAF,1,281.14714485629986
265.13,487.71,0.0,CAF,1,311.74882737415385
-351.75,376.9,0.0,CD4_Tcell,1,557.5614836652007
-137.08999999999997,201.42000000000002,0.0,CAF,1,252.67457653976098
-64.72000000000003,-6.449999999999989,0.0,CAF,1,628.5516929994163
54.00999999999999,-364.13,0.0,other_tissue,0,240.09406241372315
-484.49,-261.59000000000003,0.0,other_tissue,0,143.28289955597054
-481.38,123.04000000000002,0.0,CAF,1,273.45627800144143
-221.41000000000003,488.0,0.0,epithelial_tumor_class1,1,2019.2662731436458
227.46000000000004,444.42,0.0,CAF,1,419.2205541931655
-323.26,-207.67999999999995,0.0,other_tissue,0,162.71170374701805
-474.66,-60.51999999999998,0.0,CAF,1,409.7309584593101
-60.48000000000002,-242.20000000000005,0.0,apCAF,1,299.6034495755571
-311.31,-14.039999999999964,0.0,epithelial_tumor_class1,1,326.6662962284719
434.20000000000005,-115.92999999999995,0.0,CAF,1,399.7948629841009
467.32000000000005,-390.77,0.0,CAF,1,395.91016970652066
-376.01,174.14999999999998,0.0,CAF,1,607.864485412014
137.75,-179.84000000000003,0.0,CAF,1,1114.261303889063
-499.9653,67.91000000000003,0.0,other_tissue,0,597.513185804255
387.65,-311.75,0.0,CAF,1,320.68201618513183
71.47000000000003,-397.02,0.0,other_tissue,0,466.9334442643083
-322.28,-2.980000000000018,0.0,other_tissue,0,397.7120337129305
-493.882,-435.78999999999996,0.0,other_tissue,0,310.54972356738864
-379.32,56.31,0.0,CAF,1,467.2682470454048
-432.76,104.16000000000003,0.0,CD8_Tcell,1,335.507152459888
-264.05,-230.66999999999996,0.0,other_tissue,0,400.39879583622627
-329.53,452.47,0.0,CD4_Tcell,1,683.1832683408189
94.42999999999995,166.57999999999998,0.0,epithelial_tumor_class1,1,1972.0147953533494
198.58000000000004,-112.16999999999996,0.0,other_tissue,0,613.2766398303883
-326.03,236.89999999999998,0.0,CAF,1,365.63565239888925
331.41999999999996,-124.50999999999999,0.0,other_tissue,0,242.39918963328222
-195.52999999999997,-54.82000000000005,0.0,other_tissue,0,350.87852231431043
-112.12,489.14,0.0,CAF,1,365.40078986480495
-114.56,379.73,0.0,other_tissue,0,328.7926491275459
-26.19999999999999,-403.97,0.0,CD4_Tcell,1,194.1727447436773
-302.97,397.72,0.0,CAF,1,238.97493298670213
-493.373,-411.01,0.0,CAF,1,216.57450975602944
-11.819999999999993,-26.100000000000023,0.0,other_tissue,0,320.0932973616628
-347.55,386.19,0.0,CAF,1,580.6579463427843
-268.76,199.51,0.0,other_tissue,0,677.0496718942687
84.35000000000002,284.34000000000003,0.0,other_tissue,0,156.61341931817375
404.32000000000005,-74.11000000000001,0.0,other_tissue,0,167.1107855872765
410.75,-432.71000000000004,0.0,other_tissue,0,292.237717740588
-330.34000000000003,335.16999999999996,0.0,CAF,1,339.8807799290403
-414.82,-135.76999999999998,0.0,CD4_Tcell,1,229.66588547338702
126.23000000000002,-194.17999999999995,0.0,other_tissue,0,515.5663111861996
-212.25,-257.82000000000005,0.0,other_tissue,0,216.4350167584886
-267.61,466.26,0.0,CD8_Tcell,1,153.75061233045054
-383.37,-219.01,0.0,other_tissue,0,268.2434548222462
-417.3,-298.48,0.0,CAF,1,449.8000130614404
428.67999999999995,-40.389999999999986,0.0,CAF,1,549.5088064828956
380.33000000000004,-130.26999999999998,0.0,other_tissue,0,259.686959655644
-334.90999999999997,-198.59000000000003,0.0,other_tissue,0,440.23032427087185
-65.75,-248.04999999999995,0.0,CD4_Tcell,1,878.1719114827873
25.360000000000014,41.379999999999995,0.0,other_tissue,0,193.5005590795811
216.35000000000002,121.04000000000002,0.0,CAF,1,463.5217934888525
-305.48,223.99,0.0,CAF,1,324.9375432712501
-251.16,-14.690000000000055,0.0,CAF,1,462.32081048007126
4.860000000000014,-282.6,0.0,CD4_Tcell,1,290.41004188566114
-223.33999999999997,123.32,0.0,CAF,1,385.18755627111005
479.15,-309.99,0.0,epithelial_tumor_class1,1,600.0038944619698
96.51999999999998,-445.39,0.0,other_tissue,0,194.23761585237233
333.47,405.39,0.0,other_tissue,0,437.5770235657093
-439.98,301.59000000000003,0.0,other_tissue,0,197.18817567656217
479.39,-369.0,0.0,other_tissue,0,259.6377522885759
-480.37,297.28999999999996,0.0,CAF,1,195.43219579451386
365.05999999999995,-416.08000000000004,0.0,CAF,1,440.3422768826005
-383.1,445.29,0.0,CAF,1,572.6005808321281
-296.89,22.120000000000005,0.0,epithelial_tumor_class1,1,496.81556974522425
-159.26999999999998,186.57999999999998,0.0,CAF,1,370.528668488218
-480.8,416.61,0.0,CD4_Tcell,1,291.73753554745656
410.96000000000004,-344.5,0.0,other_tissue,0,271.23138772187406
-343.63,337.02,0.0,CD4_Tcell,1,485.5413912323309
89.41999999999996,12.199999999999989,0.0,other_tissue,0,657.2960894581647
311.33000000000004,-464.66999999999996,0.0,other_tissue,0,401.47687966521687
-455.65,425.75,0.0,other_tissue,0,246.2737741652758
-13.660000000000025,-414.20000000000005,0.0,other_tissue,0,666.0724074864106
-413.67,-293.20000000000005,0.0,other_tissue,0,316.55364672295855
296.67999999999995,173.57,0.0,other_tissue,0,403.2163936892593
-195.39999999999998,353.66999999999996,0.0,CAF,1,305.07124767520435
-308.31,65.67000000000002,0.0,other_tissue,0,175.7354185498466
-393.06,366.4,0.0,CD8_Tcell,1,503.15205154115813
240.90999999999997,351.06,0.0,other_tissue,0,730.5858598189725
-313.96000000000004,367.91999999999996,0.0,CD4_Tcell,1,399.7948629841009
-350.34000000000003,121.32999999999998,0.0,CD4_Tcell,1,430.7421733282272
-335.4,201.61,0.0,CAF,1,520.2757421835886
-302.40999999999997,290.99,0.0,CAF,1,333.0846154119328
-196.51,465.87,0.0,other_tissue,0,661.5827497995001
-164.38,482.91,0.0,other_tissue,0,812.269929316245
373.83000000000004,297.09000000000003,0.0,other_tissue,0,812.269929316245
322.67999999999995,391.96,0.0,other_tissue,0,199.22670510310556
-372.82,66.44,0.0,CAF,1,220.4164475219771
-244.43,364.05,0.0,CAF,1,418.0568426585623
312.82000000000005,246.71,0.0,other_tissue,0,267.2590638680915
344.92999999999995,-395.57000000000005,0.0,CD8_Tcell,1,697.3662291075304
-322.33000000000004,208.60000000000002,0.0,other_tissue,0,165.35633046175286
-416.46,305.36,0.0,CAF,1,221.91090115936268
211.52999999999997,264.66999999999996,0.0,CAF,1,332.87552275299595
-171.35000000000002,249.13,0.0,CAF,1,950.8693114689598
-331.55,-430.77,0.0,CAF,1,659.4554167404688
-190.42000000000002,-463.87,0.0,CAF,1,181.4402275386429
6.410000000000025,-27.889999999999986,0.0,other_tissue,0,270.8465666442572
-290.44,454.5,0.0,other_tissue,0,679.8874854434207
346.69000000000005,444.18,0.0,other_tissue,0,240.58945488578976
-59.49000000000001,-138.69000000000005,0.0,CAF,1,244.18018993045234
-36.81999999999999,-398.61,0.0,other_tissue,0,613.6257834717492
23.610000000000014,-233.26999999999998,0.0,CAF,1,260.91916534511586
155.98000000000002,-90.30999999999995,0.0,apCAF,1,184.80866604203547
142.67999999999995,216.37,0.0,CAF,1,264.44983261596036
-106.68,-400.71000000000004,0.0,apCAF,1,299.28959272004874
-70.49000000000001,-226.86,0.0,CAF,1,542.3376695251198
-263.43,43.329999999999984,0.0,apCAF,1,113.74889243173922
266.65999999999997,155.93,0.0,CD4_Tcell,1,270.97817497102153
-414.78,-159.34000000000003,0.0,epithelial_tumor_class1,1,656.0903882580162
348.71000000000004,-329.86,0.0,other_tissue,0,464.4057684089017
151.24,465.21,0.0,CAF,1,349.97712903612035
-294.0,-196.45000000000005,0.0,other_tissue,0,480.05036401652444
-112.30000000000001,-69.59000000000003,0.0,other_tissue,0,543.9956518754808
-5.139999999999986,-269.65,0.0,other_tissue,0,289.8166332411797
-218.22000000000003,-252.17999999999995,0.0,other_tissue,0,178.48063946326639
349.80999999999995,23.779999999999973,0.0,CAF,1,357.46299824876047
-424.56,82.14999999999998,0.0,other_tissue,0,254.31133247333682
-481.83,180.2,0.0,CAF,1,599.3848669833443
-326.81,395.21,0.0,CAF,1,326.0015485137983
-247.06,149.66000000000003,0.0,other_tissue,0,270.7150009373002
-243.94,478.14,0.0,apCAF,1,755.1381250520567
-447.65999999999997,479.42,0.0,apCAF,1,594.3112201134106
337.5,212.22000000000003,0.0,other_tissue,0,284.5332102582452
455.80999999999995,-311.77,0.0,other_tissue,0,147.56218423253938
-14.350000000000023,-407.72,0.0,other_tissue,0,287.6512302011334
-187.99,-44.35000000000002,0.0,other_tissue,0,167.7571819564796
-329.09000000000003,70.10000000000002,0.0,CD8_Tcell,1,355.6392729982358
467.37,-365.99,0.0,CAF,1,894.3686720444344
-314.64,-134.20000000000005,0.0,apCAF,1,472.8963396946062
199.53999999999996,5.220000000000027,0.0,epithelial_tumor_class1,1,1082.696932430002
-462.57,223.10000000000002,0.0,other_tissue,0,352.78251949576276
-137.69,399.79,0.0,epithelial_tumor_class1,1,1128.7154322456468
352.53999999999996,-424.96000000000004,0.0,other_tissue,0,213.96897349844323
-360.77,151.10000000000002,0.0,CD8_Tcell,1,186.8796336695323
-42.389999999999986,399.85,0.0,CD8_Tcell,1,209.57913820955008
102.74000000000001,142.07,0.0,CD4_Tcell,1,676.3600854689655
-477.38,152.64999999999998,0.0,CAF,1,429.9152367880031
-312.53,289.52,0.0,CAF,1,875.602258994856
328.85,304.9,0.0,CD8_Tcell,1,770.4797052521988
492.9,-438.65,0.0,apCAF,1,273.3238684531597
-50.10000000000002,-304.65999999999997,0.0,CAF,1,177.2188915581743
285.66999999999996,304.22,0.0,other_tissue,0,181.46347718335304
-297.41999999999996,444.40999999999997,0.0,apCAF,1,1070.5733209759792
7.930000000000007,313.55,0.0,CAF,1,807.0328476596262
-12.670000000000016,-341.20000000000005,0.0,other_tissue,0,393.4252762503899
-226.17000000000002,39.74000000000001,0.0,other_tissue,0,800.8238579152978
145.78999999999996,45.49000000000001,0.0,other_tissue,0,268.1630059210061
-208.62,-270.65,0.0,CD4_Tcell,1,416.8413132465364
265.4,-20.059999999999945,0.0,other_tissue,0,212.26942279619303
-34.98000000000002,-7.519999999999982,0.0,other_tissue,0,290.85562954885444
434.38,-424.6,0.0,other_tissue,0,139.04821514539154
-480.24,433.72,0.0,CD4_Tcell,1,204.5606261834659
-85.88999999999999,-307.39,0.0,other_tissue,0,316.3515314831516
-242.5,471.52,0.0,epithelial_tumor_class1,1,519.6659647121832
-301.03999999999996,348.59000000000003,0.0,CD4_Tcell,1,824.7459297660246
357.45000000000005,-353.66999999999996,0.0,other_tissue,0,142.34478658038034
-257.53,269.6,0.0,other_tissue,0,167.14013115576213
-471.3,88.55000000000001,0.0,other_tissue,0,244.0290805397031
-400.73,233.88,0.0,other_tissue,0,289.1711621350874
-176.83999999999997,-329.78,0.0,other_tissue,0,252.0469298571648
-336.65999999999997,-24.769999999999982,0.0,epithelial_tumor_class1,1,287.5695020004708
-186.32999999999998,-136.14999999999998,0.0,other_tissue,0,812.269929316245
464.38,408.43,0.0,other_tissue,0,812.269929316245
-259.28,53.85000000000002,0.0,other_tissue,0,477.8744653216261
-253.1,-156.27999999999997,0.0,other_tissue,0,239.39419805667063
-400.59000000000003,278.48,0.0,CAF,1,198.92992196662627
-229.32999999999998,-183.02999999999997,0.0,other_tissue,0,670.3230163221572
-181.52999999999997,320.53999999999996,0.0,CAF,1,569.2557783079309
-123.47000000000003,431.39,0.0,CAF,1,293.5707710027191
93.36000000000001,-6.589999999999975,0.0,epithelial_tumor_class1,1,847.2330969668757
-408.83,116.35000000000002,0.0,CAF,1,453.6720966621291
494.04999999999995,407.32,0.0,other_tissue,0,305.47686430167204
-405.43,-244.66999999999996,0.0,CAF,1,299.20305010892355
84.33000000000004,-434.61,0.0,other_tissue,0,198.75693466012228
-122.47000000000003,464.56,0.0,epithelial_tumor_class1,1,1956.2389543334136
24.350000000000023,-330.16999999999996,0.0,CAF,1,491.85717619295065
-441.9,381.07,0.0,apCAF,1,172.65836571760605
-450.67,253.04,0.0,other_tissue,0,327.2630446666432
416.91999999999996,32.089999999999975,0.0,other_tissue,0,569.9868572279962
-475.1,321.81,0.0,CD4_Tcell,1,862.0185701973732
155.65999999999997,246.5,0.0,CAF,1,750.7354651701783
-460.38,217.92000000000002,0.0,CAF,1,178.58030363064896
-244.71,77.66000000000003,0.0,CAF,1,322.9416647145993
-491.62,478.7,0.0,CD4_Tcell,1,165.19612263962372
-246.23,499.4538,0.0,CAF,1,647.6012386723615
231.70000000000005,321.4,0.0,CAF,1,218.4986205734768
-457.55,359.09000000000003,0.0,CD4_Tcell,1,252.8389020052026
-457.15,161.33999999999997,0.0,other_tissue,0,148.0624022395679
-365.26,472.33,0.0,other_tissue,0,277.02696881078015
-372.4,419.11,0.0,epithelial_tumor_class1_class2,1,1504.6050411044023
-313.0,375.17,0.0,epithelial_tumor_class1,1,466.526074173265
-308.52,362.72,0.0,CD4_Tcell,1,298.30615475084784
-337.65999999999997,335.90999999999997,0.0,CD8_Tcell,1,487.80041550560156
-500.0753,60.04000000000002,0.0,other_tissue,0,582.8991290795854
75.94000000000005,279.08000000000004,0.0,CAF,1,639.6342903691901
-402.1,-124.03999999999996,0.0,other_tissue,0,79.75699387036131
-20.019999999999982,-31.32000000000005,0.0,CAF,1,137.03963824400162
194.63,-259.62,0.0,CAF,1,703.602609647745
-319.19,336.07,0.0,CD4_Tcell,1,416.92227514151864
20.970000000000027,-323.28,0.0,CAF,1,140.00439866044823
-50.01999999999998,-253.61,0.0,other_tissue,0,299.28959272004874
21.769999999999982,352.31,0.0,CAF,1,158.84396432836138
-321.77,-119.92999999999995,0.0,other_tissue,0,406.27262066508996
-402.76,379.33,0.0,other_tissue,0,327.18267085037917
-482.48,-144.73000000000002,0.0,other_tissue,0,188.9660153135551
408.57000000000005,365.23,0.0,other_tissue,0,460.1556248555755
-465.64,395.45,0.0,CAF,1,765.6329998864848
-267.11,287.55,0.0,other_tissue,0,196.0843605381922
136.52999999999997,450.1,0.0,CAF,1,458.01157698192657
51.25999999999999,-275.12,0.0,other_tissue,0,362.4550506506971
-157.01999999999998,-53.83000000000004,0.0,other_tissue,0,317.8920192869443
228.76,-338.17999999999995,0.0,CAF,1,244.58660549128874
-211.88,396.90999999999997,0.0,other_tissue,0,228.95024661870298
-491.511,198.37,0.0,CD4_Tcell,1,1155.9089966421143
-72.37,247.16,0.0,CAF,1,570.9847913883463
-18.029999999999973,-486.19000000000005,0.0,CAF,1,128.92086934248627
-482.18,-326.42999999999995,0.0,other_tissue,0,128.92704016717138
-383.65999999999997,164.32,0.0,other_tissue,0,132.94208708912407
-238.14999999999998,-475.26,0.0,CAF,1,599.9350925935668
-340.72,483.65,0.0,epithelial_tumor_class1,1,1430.759814932548
-303.53,33.74000000000001,0.0,epithelial_tumor_class1,1,923.3161092662192
452.32000000000005,-240.14999999999998,0.0,other_tissue,0,162.94242545737973
469.53,228.7,0.0,epithelial_tumor_class1,1,1387.7849225728514
-413.33,198.85000000000002,0.0,CD4_Tcell,1,250.54482039419975
-368.59000000000003,-42.73000000000002,0.0,CAF,1,280.0693053380536
-471.23,246.73,0.0,CAF,1,594.53344578306
14.870000000000005,-444.51,0.0,other_tissue,0,192.69275951058435
-369.2,294.03,0.0,CAF,1,199.29269697231567
-81.97000000000003,-242.5,0.0,CAF,1,1114.261303889063
-334.09000000000003,255.85,0.0,CD4_Tcell,1,120.2258313461538
-69.41000000000003,29.870000000000005,0.0,CAF,1,292.9517313222615
-358.38,2.009999999999991,0.0,epithelial_tumor_class1,1,1291.3722838190326
-189.38,154.95999999999998,0.0,CAF,1,1114.261303889063
-321.58000000000004,-233.0,0.0,other_tissue,0,166.8834738872893
151.17999999999995,139.14999999999998,0.0,apCAF,1,198.92992196662627
-494.876,369.69,0.0,CD4_Tcell,1,384.5606596163294
-170.52999999999997,-109.71000000000004,0.0,other_tissue,0,172.16400776318127
469.03999999999996,415.39,0.0,CAF,1,431.33546301886577
472.11,298.68,0.0,CAF,1,478.0666261671453
37.92999999999995,108.99000000000001,0.0,other_tissue,0,648.8146417500064
243.26,-170.28999999999996,0.0,CAF,1,353.65244346323914
-417.94,-100.13,0.0,other_tissue,0,317.3967201958873
-310.08000000000004,72.82,0.0,other_tissue,0,222.24785972743055
-318.78999999999996,167.92000000000002,0.0,other_tissue,0,504.9285112635835
-417.11,155.11,0.0,apCAF,1,111.06571215581907
274.96000000000004,-296.38,0.0,other_tissue,0,726.2597117974257
-492.568,-12.120000000000005,0.0,other_tissue,0,311.65989920143295
-2.079999999999984,-441.34000000000003,0.0,other_tissue,0,316.8906967284462
-465.71,154.05,0.0,CAF,1,540.5867781974737
-486.97,415.77,0.0,CD8_Tcell,1,1297.9167816420406
-249.18,-23.519999999999982,0.0,other_tissue,0,492.988032105967
-215.61,2.0600000000000023,0.0,CD8_Tcell,1,264.06150205882483
261.15,199.63,0.0,other_tissue,0,348.0832483353079
-447.81,167.43,0.0,CAF,1,398.785291510712
-241.26999999999998,233.27999999999997,0.0,CAF,1,267.0885476756083
-449.49,-16.649999999999977,0.0,CAF,1,302.7758996953489
-421.71,340.28999999999996,0.0,CAF,1,291.87582666855224
44.67999999999995,-405.51,0.0,other_tissue,0,288.9808785449886
449.90999999999997,362.58000000000004,0.0,other_tissue,0,209.64739669151498
-46.589999999999975,-212.30999999999995,0.0,CAF,1,264.7288687062104
286.19000000000005,427.8,0.0,other_tissue,0,126.10311692364128
-302.18,-265.53,0.0,other_tissue,0,330.2807966126196
7.319999999999993,373.3,0.0,other_tissue,0,166.52459531964024
-131.08999999999997,-150.30999999999995,0.0,other_tissue,0,325.9557371151469
-266.89,447.47,0.0,apCAF,1,455.2872308933764
-315.16999999999996,143.38,0.0,CAF,1,869.4203132900013
272.95000000000005,87.26999999999998,0.0,other_tissue,0,599.0067820940229
-87.19,-342.49,0.0,CAF,1,281.9677339122782
-389.90999999999997,407.02,0.0,CAF,1,242.3145968034166
-306.96000000000004,471.06,0.0,CAF,1,481.5640463636155
231.84000000000003,256.40999999999997,0.0,CAF,1,880.1246531341096
132.28999999999996,121.11000000000001,0.0,CAF,1,318.1962077808028
-62.70999999999998,-223.26,0.0,CAF,1,601.9841984592365
-277.96000000000004,-64.77999999999997,0.0,other_tissue,0,216.95842451536797
-273.16999999999996,-77.69000000000005,0.0,other_tissue,0,168.51587422953935
-3.0600000000000023,459.56,0.0,other_tissue,0,285.24510130038055
148.77999999999997,268.47,0.0,CAF,1,420.9294236633235
-275.08000000000004,-90.52999999999997,0.0,other_tissue,0,222.01727230706385
-186.45,164.74,0.0,CAF,1,690.0333046190312
-0.6800000000000068,-368.20000000000005,0.0,CAF,1,405.6097947106787
-0.5,419.74,0.0,CAF,1,237.95212426787285
-328.41999999999996,-71.63999999999999,0.0,epithelial_tumor_class1,1,1391.1871910433115
-398.05,60.81999999999999,0.0,CAF,1,963.7634744734215
-380.77,10.399999999999977,0.0,CAF,1,253.2839045620534
56.879999999999995,-446.6,0.0,CD4_Tcell,1,234.91042238653452
480.13,-340.65999999999997,0.0,CD4_Tcell,1,553.4112838981359
-287.6,-35.360000000000014,0.0,CAF,1,313.7988470697342
67.32000000000005,-337.20000000000005,0.0,CD4_Tcell,1,326.41404427341854
139.36,-189.57000000000005,0.0,CAF,1,272.89637588638016
143.08000000000004,268.59000000000003,0.0,other_tissue,0,258.78253889606026
-59.329999999999984,-371.87,0.0,CAF,1,726.5918844583393
5.649999999999977,305.61,0.0,CAF,1,444.0895919103367
-70.68,407.92,0.0,CAF,1,618.4048518009906
-31.470000000000027,346.73,0.0,CAF,1,430.6042769980412
-454.2,68.42000000000002,0.0,other_tissue,0,117.24685246336315
-265.44,349.15,0.0,other_tissue,0,146.24944100058326
-344.99,59.089999999999975,0.0,other_tissue,0,348.8735299186663
-135.58999999999997,391.15999999999997,0.0,epithelial_tumor_class1,1,807.6408267285518
130.07000000000005,396.36,0.0,other_tissue,0,318.1962077808028
-446.58,129.45,0.0,CAF,1,286.12613423181165
-168.05,-88.92999999999995,0.0,other_tissue,0,250.06464109764758
-473.67,269.15,0.0,CAF,1,450.06977096114514
-87.56,-212.08000000000004,0.0,CAF,1,132.36347724841372
-288.53,-126.77999999999997,0.0,other_tissue,0,469.7186181660858
-367.47,308.94,0.0,CAF,1,326.15046520325296
-492.921,29.089999999999975,0.0,CAF,1,704.7126241683927
-236.99,350.83000000000004,0.0,CAF,1,294.57589314999325
10.740000000000009,-439.11,0.0,other_tissue,0,242.0985045465047
-445.13,10.329999999999984,0.0,other_tissue,0,460.68907449240874
-492.658,0.06999999999999318,0.0,other_tissue,0,409.9977943422972
-263.31,-71.73000000000002,0.0,CAF,1,230.5557104041207
-292.18,138.05,0.0,other_tissue,0,182.41064630720257
-447.7,348.6,0.0,CD4_Tcell,1,1006.783272284112
-363.98,114.42000000000002,0.0,CAF,1,116.86233555366181
-55.339999999999975,-456.29999999999995,0.0,CAF,1,524.5103659858847
-322.15999999999997,-259.14,0.0,other_tissue,0,166.72960571722183
-477.58,-101.72000000000003,0.0,other_tissue,0,455.33016271806235
52.41999999999996,139.54000000000002,0.0,CAF,1,423.4877893865834
136.51999999999998,210.81,0.0,CD8_Tcell,1,686.1886618297107
-237.62,-462.44000000000005,0.0,CAF,1,333.1078533330479
-348.78,-149.22000000000003,0.0,other_tissue,0,389.8013273801351
-221.27999999999997,-26.440000000000055,0.0,other_tissue,0,216.2520231153195
-272.36,256.27,0.0,CD4_Tcell,1,168.8037420227772
345.26,19.189999999999998,0.0,epithelial_tumor_class1,1,529.3214895355366
47.129999999999995,-255.33000000000004,0.0,other_tissue,0,244.3408119950127
170.28999999999996,-438.78,0.0,CD4_Tcell,1,250.50638344917945
-426.32,70.41000000000003,0.0,other_tissue,0,167.42643051009912
-481.35,72.86000000000001,0.0,CAF,1,186.45316033654382
174.84000000000003,283.15,0.0,CAF,1,342.40712061055893
467.40999999999997,387.65,0.0,CAF,1,402.88655535117664
-390.95,217.43,0.0,epithelial_tumor_class1,1,503.3050302425282
23.82000000000005,-456.21000000000004,0.0,other_tissue,0,185.28763458870554
99.80999999999995,-230.96000000000004,0.0,CAF,1,295.43312121338977
-315.33000000000004,221.47000000000003,0.0,other_tissue,0,236.8581784774408
-435.76,236.44,0.0,CD4_Tcell,1,192.0642388786852
-180.41000000000003,299.72,0.0,CAF,1,610.2446767205282
-313.93,39.02999999999997,0.0,CAF,1,171.42424155623561
-322.75,293.56,0.0,CD4_Tcell,1,542.8685004573829
-107.20999999999998,-308.09000000000003,0.0,apCAF,1,235.36178926002276
-253.48,433.84000000000003,0.0,CAF,1,385.149155278555
473.35,19.149999999999977,0.0,CAF,1,595.8679632265512
-486.3,400.86,0.0,CAF,1,452.1035155140554
-480.74,203.55,0.0,other_tissue,0,198.78164099010718
-252.07,311.08000000000004,0.0,epithelial_tumor_class1,1,835.2955573103682
282.47,-325.25,0.0,other_tissue,0,229.91081240394888
133.91999999999996,-434.28999999999996,0.0,other_tissue,0,500.19039550854575
217.97000000000003,-192.04999999999995,0.0,other_tissue,0,268.3641583399304
-179.57999999999998,62.25999999999999,0.0,other_tissue,0,127.29253099507194
59.26999999999998,-45.49000000000001,0.0,other_tissue,0,173.01098480874555
480.86,-320.27,0.0,CAF,1,373.7311674418007
121.51999999999998,380.02,0.0,apCAF,1,137.1103490245956
272.1,250.66,0.0,other_tissue,0,170.7907820912577
-495.287,232.68,0.0,CAF,1,622.7677284449021
-425.5,284.97,0.0,other_tissue,0,218.32323238103749
96.97000000000003,-293.27,0.0,other_tissue,0,812.269929316245
-420.39,374.15999999999997,0.0,other_tissue,0,183.36110561405124
-449.27,473.12,0.0,CD4_Tcell,1,310.86030654470653
12.259999999999991,-449.32000000000005,0.0,other_tissue,0,167.85281340528923
-0.35000000000002274,-387.99,0.0,CAF,1,419.9252402852687
60.110000000000014,-184.82000000000005,0.0,other_tissue,0,327.3434316446097
-347.95,238.16000000000003,0.0,CD4_Tcell,1,246.61593983248696
-33.44,-437.99,0.0,other_tissue,0,812.269929316245
480.05999999999995,402.32,0.0,other_tissue,0,175.68232016757585
-300.1,60.589999999999975,0.0,epithelial_tumor_class1_class2,1,1155.0516334374372
-8.220000000000027,314.13,0.0,other_tissue,0,525.5174860410172
68.03999999999996,140.25,0.0,other_tissue,0,183.50942443724014
-301.94,475.52,0.0,other_tissue,0,153.74367287331444
-12.310000000000002,-424.47,0.0,CAF,1,244.35971333806705
-371.94,499.519,0.0,CD8_Tcell,1,1297.9167816420406
-433.33,28.629999999999995,0.0,CAF,1,467.96748133467054
-406.27,485.29,0.0,other_tissue,0,460.81889482073376
-456.64,235.3,0.0,CD8_Tcell,1,250.66015481945476
-226.69,307.84000000000003,0.0,apCAF,1,651.2459930916972
-229.01999999999998,81.69,0.0,apCAF,1,281.14714485629986
-64.23000000000002,252.58,0.0,CAF,1,203.93167377073158
-334.78,99.81,0.0,apCAF,1,703.602609647745
246.51999999999998,450.85,0.0,other_tissue,0,177.57769080763552
221.95000000000005,331.89,0.0,CAF,1,347.62877957547244
-439.14,71.63999999999999,0.0,CD4_Tcell,1,187.0456598739399
-345.13,366.6,0.0,epithelial_tumor_class1,1,499.7943579395225
-141.33999999999997,-80.86000000000001,0.0,other_tissue,0,212.43294529278342
-150.0,386.38,0.0,CAF,1,439.05596726619444
174.38,444.19,0.0,other_tissue,0,612.5438693218016
292.78999999999996,403.69,0.0,other_tissue,0,130.94300740454662
-362.43,158.69,0.0,CD4_Tcell,1,189.5718028973228
392.82000000000005,323.16999999999996,0.0,other_tissue,0,183.0413215468889
-54.20999999999998,-388.94000000000005,0.0,other_tissue,0,251.63228919621798
-365.51,137.91000000000003,0.0,other_tissue,0,228.62462639500012
-141.29000000000002,482.89,0.0,CAF,1,1114.261303889063
-389.74,185.37,0.0,CAF,1,388.1006409018791
-193.61,-471.90999999999997,0.0,other_tissue,0,271.7179982886051
-356.89,312.85,0.0,CAF,1,1114.261303889063
-168.42000000000002,-462.92999999999995,0.0,other_tissue,0,182.74526850417593
-454.24,117.02999999999997,0.0,CAF,1,273.64987656150174
-486.08,423.79,0.0,CAF,1,150.45045985175778
-492.683,265.02,0.0,other_tissue,0,383.11755294500995
-161.26999999999998,-253.38,0.0,CAF,1,1114.261303889063
171.83000000000004,-453.66999999999996,0.0,other_tissue,0,118.30422321650401
-33.44,332.35,0.0,other_tissue,0,277.4999098188887
377.74,350.43,0.0,other_tissue,0,344.5060986587735
260.78,-203.14,0.0,other_tissue,0,232.826924368619
-495.606,-24.0,0.0,other_tissue,0,117.79217679474584
179.16999999999996,-115.84000000000003,0.0,CAF,1,323.24906553823257
-391.21,466.55,0.0,CD4_Tcell,1,323.1807373935502
211.86,246.06,0.0,other_tissue,0,358.03571230436023
-205.69,121.88,0.0,CAF,1,905.9554062889788
213.05999999999995,112.13,0.0,other_tissue,0,434.1436998680937
-499.814,75.72000000000003,0.0,other_tissue,0,812.269929316245
-398.1,189.51999999999998,0.0,other_tissue,0,112.75273923300932
406.64,287.52,0.0,other_tissue,0,158.787235185821
-299.0,278.3,0.0,CD4_Tcell,1,591.1377451659947
-421.18,493.24,0.0,CD4_Tcell,1,237.35838069421095
-251.38,205.27999999999997,0.0,CAF,1,489.33033728647825
-105.05000000000001,379.57,0.0,other_tissue,0,131.6425790080063
455.59000000000003,-376.40999999999997,0.0,other_tissue,0,174.2376171276762
-165.48000000000002,333.31,0.0,other_tissue,0,194.58654561787463
-460.08,-248.53999999999996,0.0,CAF,1,331.14805934013697
-179.02999999999997,216.31,0.0,CAF,1,231.3293560977922
-263.14,-96.10000000000002,0.0,other_tissue,0,241.9388667810144
-342.75,113.07999999999998,0.0,CAF,1,310.48319699785344
-459.93,-233.11,0.0,CAF,1,872.5738728645986
-314.89,442.34000000000003,0.0,CAF,1,138.12869843238985
-295.41999999999996,389.11,0.0,CAF,1,143.6937875026013
-27.529999999999973,18.810000000000002,0.0,CAF,1,212.99299941341766
214.71000000000004,-369.53999999999996,0.0,CAF,1,1114.261303889063
-454.52,453.94,0.0,other_tissue,0,362.2215522640362
-418.8,184.07,0.0,CD4_Tcell,1,459.1043511844841
-155.69,-176.64,0.0,other_tissue,0,328.48174318761437
276.07000000000005,81.02999999999997,0.0,other_tissue,0,303.34319525241614
-45.19999999999999,-382.57000000000005,0.0,CAF,1,233.09240892221547
-397.90999999999997,431.94,0.0,CD8_Tcell,1,378.45556029711463
-19.99000000000001,-433.09000000000003,0.0,other_tissue,0,812.269929316245
21.50999999999999,-49.73000000000002,0.0,other_tissue,0,141.42390390118484
-130.83999999999997,377.09000000000003,0.0,CAF,1,909.1966517455592
-11.839999999999975,399.22,0.0,CAF,1,327.29749461692893
11.899999999999977,-465.01,0.0,CAF,1,404.65659244577375
380.49,430.94,0.0,other_tissue,0,174.9022515168089
42.129999999999995,382.32,0.0,other_tissue,0,283.0191649956489
-451.06,106.19999999999999,0.0,CAF,1,283.14426094506916
-255.67,303.9,0.0,epithelial_tumor_class1,1,359.415165783475
-370.44,433.48,0.0,CD4_Tcell,1,120.01175181270594
215.70000000000005,460.98,0.0,other_tissue,0,322.4525028797756
70.98000000000002,294.18,0.0,epithelial_tumor_class1,1,1161.104642798131
-467.49,-127.95000000000005,0.0,CAF,1,317.3067211264246
-195.14999999999998,247.92,0.0,CAF,1,234.092069421558
-451.12,180.29000000000002,0.0,CAF,1,324.80042114575997
380.29999999999995,292.01,0.0,other_tissue,0,612.0905421253697
-306.78999999999996,-287.75,0.0,other_tissue,0,115.87941590902324
489.28999999999996,376.47,0.0,CAF,1,234.91962818208896
-84.12,-437.28999999999996,0.0,CAF,1,568.0774014626063
-164.47000000000003,112.14999999999998,0.0,CAF,1,159.56844567990777
1.0699999999999932,-333.03,0.0,CAF,1,444.3993039861902
-481.58,213.87,0.0,CAF,1,207.75871836021784
-365.87,-52.08000000000004,0.0,CD8_Tcell,1,366.96017876706935
495.11,306.45,0.0,CAF,1,438.73478174701523
-497.396,225.3,0.0,CD4_Tcell,1,344.6724846192359
-348.14,-194.28999999999996,0.0,other_tissue,0,308.1386855572994
-350.28999999999996,455.96,0.0,CAF,1,799.6775512424399
-409.64,463.74,0.0,CD4_Tcell,1,545.4471376515564
162.27999999999997,-126.13999999999999,0.0,other_tissue,0,211.48739944926058
-21.75,-447.84000000000003,0.0,other_tissue,0,250.26624160479435
-26.69999999999999,274.32,0.0,CAF,1,308.2600434342128
318.15,-467.29999999999995,0.0,other_tissue,0,414.2560633871059
-358.83000000000004,197.57,0.0,other_tissue,0,174.30551366978364
-143.97000000000003,130.33999999999997,0.0,CAF,1,126.90133839588647
12.600000000000023,-495.05999999999995,0.0,CD4_Tcell,1,1063.4359257544927
-175.12,122.72000000000003,0.0,other_tissue,0,352.7463036559889
-240.0,39.64999999999998,0.0,other_tissue,0,210.7758023758129
203.95000000000005,176.86,0.0,other_tissue,0,390.0723483681596
243.83000000000004,240.70999999999998,0.0,CAF,1,495.5577198850045
-458.75,167.73000000000002,0.0,CAF,1,116.86233555366181
64.72000000000003,-284.55999999999995,0.0,CAF,1,745.5544244013059
-79.19,280.26,0.0,CAF,1,234.59756841550464
22.67999999999995,-463.09000000000003,0.0,other_tissue,0,159.57555932060333
340.76,290.15,0.0,other_tissue,0,127.43943522870606
-219.0,143.24,0.0,CAF,1,560.2521330614207
453.74,-157.12,0.0,other_tissue,0,220.58412722315782
-289.6,483.86,0.0,other_tissue,0,83.57988729823738
-213.22000000000003,267.78,0.0,CAF,1,423.0788463665421
-383.31,403.87,0.0,CAF,1,891.8795196347165
-15.220000000000027,355.57,0.0,CAF,1,242.38038952551275
51.110000000000014,-214.95000000000005,0.0,CAF,1,478.36235881545207
30.690000000000055,216.17000000000002,0.0,CAF,1,409.4509054118624
-453.74,-373.04999999999995,0.0,other_tissue,0,163.69377712975356
-352.68,431.78,0.0,CAF,1,314.7041429606796
274.41999999999996,133.35000000000002,0.0,other_tissue,0,812.269929316245
-394.39,-160.94000000000005,0.0,other_tissue,0,166.59779401541755
-465.56,315.65999999999997,0.0,apCAF,1,267.0885476756083
120.77999999999997,76.02999999999997,0.0,CAF,1,582.7472884967968
296.86,-17.269999999999982,0.0,CAF,1,276.36985826747184
-274.6,445.22,0.0,CD4_Tcell,1,189.388336033937
161.45000000000005,50.02999999999997,0.0,CAF,1,372.7785075378178
-5.949999999999989,-413.9,0.0,other_tissue,0,394.2827512885555
-248.02,410.78,0.0,mesenchymal_tumor_class1,1,387.2778493045754
439.58000000000004,-181.89999999999998,0.0,other_tissue,0,650.1747256649387
-462.9,90.44999999999999,0.0,CAF,1,768.0842229049416
158.96000000000004,-341.20000000000005,0.0,CAF,1,425.57749832025894
-196.86,459.92,0.0,other_tissue,0,326.33380952924404
-246.04,214.87,0.0,apCAF,1,471.34230410919224
-347.75,497.598,0.0,other_tissue,0,513.4548218256255
-291.37,-107.78999999999996,0.0,other_tissue,0,115.43171004628509
-223.05,-312.21000000000004,0.0,other_tissue,0,420.83436486276935
-281.84000000000003,29.680000000000007,0.0,other_tissue,0,188.0756301380503
242.87,282.1,0.0,other_tissue,0,216.90604580853017
-268.33000000000004,22.79000000000002,0.0,other_tissue,0,130.4883734237861
-243.07999999999998,-53.02999999999997,0.0,other_tissue,0,247.10121683409193
483.99,278.64,0.0,other_tissue,0,493.4559583766489
213.52999999999997,320.05,0.0,apCAF,1,524.5103659858847
-277.93,283.09000000000003,0.0,other_tissue,0,240.37438963809808
-479.0,233.67000000000002,0.0,CAF,1,481.2224483913299
392.53999999999996,92.97000000000003,0.0,other_tissue,0,148.54340256081284
-308.78999999999996,477.18,0.0,CAF,1,525.2183628448713
-373.85,-419.53999999999996,0.0,CAF,1,192.11253802484214
-414.40999999999997,-152.42999999999995,0.0,epithelial_tumor_class1,1,287.5695020004708
108.87,-45.76999999999998,0.0,CAF,1,193.1933298370659
-274.47,471.79,0.0,CAF,1,315.5103106774682
-347.06,-121.65999999999997,0.0,CAF,1,208.78672030030597
-408.8,203.72000000000003,0.0,CAF,1,316.45257834563233
381.40999999999997,215.06,0.0,other_tissue,0,119.59082672218403
-271.85,163.16000000000003,0.0,apCAF,1,454.90096590253796
-237.64,104.06,0.0,CAF,1,476.0736182429703
2.25,-137.11,0.0,other_tissue,0,743.627620166602
-179.29000000000002,-307.80999999999995,0.0,other_tissue,0,189.26874752808232
326.28999999999996,311.87,0.0,other_tissue,0,222.95836078664914
94.04999999999995,-308.70000000000005,0.0,CAF,1,1114.261303889063
-357.45,-17.879999999999995,0.0,CAF,1,529.1158274463817
-289.45,213.64999999999998,0.0,CAF,1,177.50894711482775
-326.48,-420.28999999999996,0.0,CAF,1,743.3299574508018
-348.84000000000003,462.54,0.0,CD4_Tcell,1,296.0019496632083
355.57000000000005,264.72,0.0,CAF,1,668.4911966503867
-489.54,333.99,0.0,CAF,1,337.8123787120917
-362.31,16.25,0.0,epithelial_tumor_class1,1,965.9119558944677
-5.410000000000025,-205.84000000000003,0.0,CD4_Tcell,1,299.43026005265665
-347.39,297.57,0.0,other_tissue,0,812.269929316245
-385.1,205.97000000000003,0.0,other_tissue,0,556.6774270980776
-495.847,468.71,0.0,CD4_Tcell,1,131.53623402915673
175.01,-143.48000000000002,0.0,CAF,1,455.2872308933764
-189.0,-289.75,0.0,other_tissue,0,147.97444437915135
441.87,-337.42999999999995,0.0,other_tissue,0,156.99309941181437
-351.53999999999996,391.47,0.0,CAF,1,410.77227348614406
-242.32,93.08999999999997,0.0,CAF,1,1114.261303889063
-368.96000000000004,22.910000000000025,0.0,CAF,1,628.2855930708279
-210.49,150.64999999999998,0.0,other_tissue,0,357.02473695041846
-99.06,324.51,0.0,CAF,1,376.094717479681
-240.64,202.06,0.0,CAF,1,463.86945292675034
-331.06,-206.85000000000002,0.0,CAF,1,228.44385974878261
-496.939,22.79000000000002,0.0,CD4_Tcell,1,669.7120384318815
-361.23,293.25,0.0,other_tissue,0,232.84522717301564
428.80999999999995,-152.92999999999995,0.0,other_tissue,0,304.57841425449834
305.34000000000003,75.95999999999998,0.0,other_tissue,0,218.2531033921048
-166.69,138.45,0.0,other_tissue,0,182.81535745834873
-187.69,-35.440000000000055,0.0,other_tissue,0,207.9963023320741
57.73000000000002,-418.09000000000003,0.0,CAF,1,197.88529113930986
-380.83,285.18,0.0,CAF,1,589.4022585513126
-379.8,-224.38,0.0,other_tissue,0,173.17620538153136
-407.73,246.42,0.0,CAF,1,192.1850019254864
7.100000000000023,-301.55999999999995,0.0,CAF,1,1114.261303889063
-224.99,240.7,0.0,CAF,1,273.2016821981166
2.670000000000016,-408.03,0.0,other_tissue,0,186.86382677597445
444.34000000000003,-188.73000000000002,0.0,other_tissue,0,537.9915047208875
472.25,-395.02,0.0,CAF,1,273.8639602014587
-493.545,-132.39999999999998,0.0,other_tissue,0,307.6315340782076
70.96000000000004,-123.50999999999999,0.0,other_tissue,0,582.4774147953901
-371.31,276.47,0.0,other_tissue,0,812.269929316245
149.55999999999995,183.36,0.0,CAF,1,889.5068063391652
-382.40999999999997,119.38999999999999,0.0,CAF,1,472.8963396946062
-197.93,284.0,0.0,other_tissue,0,112.88823445719188
-227.56,-48.14999999999998,0.0,CAF,1,147.2652920949299
100.66999999999996,-298.70000000000005,0.0,other_tissue,0,365.7469381901984
294.63,259.57,0.0,other_tissue,0,579.531108644259
296.91999999999996,251.33,0.0,other_tissue,0,687.6381436006835
-399.71,55.389999999999986,0.0,other_tissue,0,417.16522372509587
13.789999999999964,386.03,0.0,other_tissue,0,159.81754891770368
-261.5,314.8,0.0,CAF,1,171.6407208393957
-160.51,-262.45000000000005,0.0,CAF,1,863.3113787173111
58.379999999999995,227.98000000000002,0.0,CAF,1,152.08423468164293
490.70000000000005,382.81,0.0,other_tissue,0,347.49729669768107
66.57000000000005,-457.01,0.0,epithelial_tumor_class1,1,730.6054740908226
-483.6,-459.25,0.0,other_tissue,0,135.5092822303729
-458.44,252.38,0.0,apCAF,1,111.06571215581907
488.12,-321.16999999999996,0.0,epithelial_tumor_class1,1,287.5695020004708
33.41999999999996,447.94,0.0,CAF,1,290.81317300509875
-386.04,469.99,0.0,CAF,1,194.98467237814427
-421.25,-193.49,0.0,other_tissue,0,148.97107695901826
-493.511,324.77,0.0,CD4_Tcell,1,194.075465165059
76.60000000000002,-357.08000000000004,0.0,CAF,1,300.6656927957068
-329.68,495.903,0.0,epithelial_tumor_class1,1,2019.2662731436458
-278.77,107.35000000000002,0.0,CAF,1,558.2661236605843
-367.94,362.51,0.0,apCAF,1,628.2855930708279
112.75,-82.44000000000005,0.0,CAF,1,661.4726032937244
-248.57,445.87,0.0,CAF,1,139.69820497321996
-321.89,268.75,0.0,CD4_Tcell,1,260.6822801706967
239.35000000000002,485.13,0.0,other_tissue,0,119.38551894836863
-391.37,304.6,0.0,apCAF,1,134.55465142368303
-486.73,-153.47000000000003,0.0,other_tissue,0,173.59724141309192
-362.38,456.05,0.0,CAF,1,349.56900648200144
-182.5,184.3,0.0,CAF,1,167.8601711755685
-476.38,305.06,0.0,other_tissue,0,333.2124373531222
-372.15,210.51999999999998,0.0,CD4_Tcell,1,1153.109550867714
268.96000000000004,43.24000000000001,0.0,other_tissue,0,127.4945534420354
-87.82999999999998,311.31,0.0,CAF,1,138.5749978501826
380.17999999999995,313.03999999999996,0.0,other_tissue,0,153.12689709956265
-310.7,102.0,0.0,CAF,1,236.4973587009379
-238.82999999999998,194.55,0.0,CAF,1,253.19679779259704
356.34000000000003,473.78,0.0,other_tissue,0,800.2609887595437
411.08000000000004,197.25,0.0,other_tissue,0,143.31600660616988
60.85000000000002,95.32999999999998,0.0,mesenchymal_tumor_class1,1,711.2623609029532
-471.75,285.27,0.0,CAF,1,247.28216893656577
154.14999999999998,0.13999999999998636,0.0,CAF,1,239.7486257729125
-58.95999999999998,-234.36,0.0,CAF,1,362.89774379344374
235.27999999999997,218.61,0.0,other_tissue,0,237.55309380182624
264.78,136.82999999999998,0.0,CAF,1,301.3607561302929
-301.61,-259.73,0.0,CAF,1,342.3242859044136
-459.19,-303.51,0.0,other_tissue,0,153.04386273881795
-256.74,410.19,0.0,other_tissue,0,324.76614664304105
-262.73,452.32,0.0,other_tissue,0,180.25712716804034
313.57000000000005,289.90999999999997,0.0,CAF,1,684.9102949564293
458.76,477.81,0.0,CAF,1,192.55565756487658
265.67999999999995,185.24,0.0,other_tissue,0,202.45246038371272
329.0,-423.84000000000003,0.0,CAF,1,384.82924625624975
-350.59000000000003,340.66999999999996,0.0,CD4_Tcell,1,273.4053461925673
133.15999999999997,436.3,0.0,other_tissue,0,132.32580025151051
-196.79000000000002,-288.44000000000005,0.0,other_tissue,0,123.05134763797274
-103.00999999999999,-112.62,0.0,other_tissue,0,141.0042551597771
403.36,-357.16999999999996,0.0,other_tissue,0,116.66857063516264
-498.562,419.84000000000003,0.0,CD4_Tcell,1,483.21490069540687
-383.58,72.43,0.0,apCAF,1,220.73422849474142
142.22000000000003,319.12,0.0,other_tissue,0,227.78487012310367
448.4,-10.730000000000018,0.0,other_tissue,0,92.9460101584285
-385.93,481.76,0.0,CD4_Tcell,1,1155.9089966421143
33.85000000000002,-186.91999999999996,0.0,other_tissue,0,96.18808396636486
-351.77,68.62,0.0,other_tissue,0,125.52635269676824
466.48,338.12,0.0,other_tissue,0,123.2308943305062
269.51,61.25,0.0,other_tissue,0,115.15677274678357
81.23000000000002,190.83999999999997,0.0,other_tissue,0,101.04949800848958
-388.26,-128.48000000000002,0.0,CAF,1,145.1915103263506
-500.1668,489.71,0.0,CD4_Tcell,1,882.7031416918776
-286.75,232.54000000000002,0.0,other_tissue,0,118.78853393409143
-175.06,-133.78999999999996,0.0,other_tissue,0,152.99543989343618
-372.12,350.09000000000003,0.0,CAF,1,540.5386418900433
-260.90999999999997,470.68,0.0,CAF,1,157.62020674102115
-487.74,394.08,0.0,other_tissue,0,176.44188411566842
410.52,-481.94000000000005,0.0,CAF,1,966.928282287379
125.95000000000005,-259.97,0.0,other_tissue,0,285.61197823080187
-352.03999999999996,479.17,0.0,CD4_Tcell,1,465.39250699478396
-93.50999999999999,-217.22000000000003,0.0,other_tissue,0,132.86652080528546
76.26999999999998,-200.61,0.0,other_tissue,0,119.4382899151673
-390.32,381.01,0.0,other_tissue,0,116.74941536289278
-317.32,-211.64,0.0,other_tissue,0,139.594070772878
-494.063,396.44,0.0,CAF,1,116.86233555366181
-480.83,27.910000000000025,0.0,CAF,1,220.73422849474142
-326.33000000000004,144.18,0.0,other_tissue,0,118.91127954327409
115.85000000000002,17.399999999999977,0.0,other_tissue,0,201.1878987939765
-449.73,232.77999999999997,0.0,CAF,1,579.1950219482852
-68.77999999999997,-193.86,0.0,CAF,1,292.5999078234563
59.77999999999997,193.55,0.0,other_tissue,0,149.52896103295222
-279.66999999999996,411.1,0.0,other_tissue,0,184.00961310759365
455.05999999999995,442.36,0.0,other_tissue,0,162.36602971116844
453.83000000000004,124.75,0.0,CAF,1,678.7850260141076
-456.3,-241.01999999999998,0.0,CAF,1,424.0061620647448
-385.11,114.44999999999999,0.0,CAF,1,468.2590347127196
253.11,358.97,0.0,other_tissue,0,115.26554983133248
60.39999999999998,-278.5,0.0,apCAF,1,311.74882737415385
234.67999999999995,419.32,0.0,other_tissue,0,166.03471705703072
-318.94,358.99,0.0,CAF,1,185.27977598093136
-470.94,383.90999999999997,0.0,CD4_Tcell,1,236.96001447012847
-123.36000000000001,154.89999999999998,0.0,CAF,1,575.0550570489692
61.66999999999996,44.26999999999998,0.0,CAF,1,594.3112201134106
-250.81,-189.87,0.0,other_tissue,0,459.9250715311956
276.12,125.26999999999998,0.0,other_tissue,0,709.4143604575121
-463.33,-174.19000000000005,0.0,other_tissue,0,354.5964736265862
-334.2,-114.13,0.0,CAF,1,137.1103490245956
-469.34,229.72000000000003,0.0,CD4_Tcell,1,124.02898832096582
-244.18,419.71,0.0,other_tissue,0,170.7163602080869
217.30999999999995,45.81999999999999,0.0,other_tissue,0,238.19361514414416
-251.31,55.55000000000001,0.0,apCAF,1,255.28314758776918
-331.93,90.94,0.0,apCAF,1,520.2757421835886
-496.348,214.66000000000003,0.0,other_tissue,0,361.73030454873145
60.83000000000004,284.52,0.0,CAF,1,242.67190045084294
-384.63,192.85000000000002,0.0,other_tissue,0,124.63132314871905
-278.18,-130.73000000000002,0.0,other_tissue,0,122.45411834674395
63.25999999999999,87.24000000000001,0.0,other_tissue,0,631.2702052225079
256.5,96.10000000000002,0.0,CAF,1,413.27594152047914
-319.06,63.870000000000005,0.0,CAF,1,337.9062143973587
137.59000000000003,110.57,0.0,CAF,1,432.2748001267139
-450.71,416.39,0.0,CAF,1,178.92558146633027
107.86000000000001,140.94,0.0,apCAF,1,262.621043341327
-283.15,296.09000000000003,0.0,CAF,1,172.53094073068496
243.71000000000004,-50.309999999999945,0.0,other_tissue,0,119.46761383720357
-307.07,148.82999999999998,0.0,other_tissue,0,351.5525709535836
-267.56,205.05,0.0,apCAF,1,248.3506294397319
-175.08999999999997,-466.99,0.0,CAF,1,143.55452792683087
-426.13,246.82,0.0,CAF,1,125.02993049050527
-8.899999999999977,-119.16999999999996,0.0,CD4_Tcell,1,145.09801647061732
-167.08999999999997,460.89,0.0,other_tissue,0,139.65914858139357
36.0,194.60000000000002,0.0,CAF,1,362.6886493623006
-140.56,-474.77,0.0,other_tissue,0,131.7489812902442
226.89999999999998,118.52999999999997,0.0,CAF,1,209.06767179667216
-395.02,-134.54999999999995,0.0,other_tissue,0,107.73863368941716
-409.43,496.221,0.0,CD4_Tcell,1,404.25986600293845
-130.08999999999997,419.13,0.0,CD4_Tcell,1,386.61018805469524
-490.478,340.97,0.0,other_tissue,0,574.7875636649607
130.27999999999997,-149.79999999999995,0.0,CAF,1,563.0833189038623
-243.41000000000003,-477.95000000000005,0.0,CAF,1,235.36178926002276
-419.95,173.48000000000002,0.0,CD4_Tcell,1,389.6465146222945
-122.52999999999997,474.95,0.0,CAF,1,449.4168583421897
-118.64999999999998,340.07,0.0,other_tissue,0,272.6726292105465
308.96000000000004,122.61000000000001,0.0,CAF,1,332.2023750216468
269.53999999999996,488.54,0.0,other_tissue,0,113.79431099174268
434.09000000000003,-345.65,0.0,CAF,1,143.32262862812914
388.65999999999997,244.74,0.0,other_tissue,0,328.0445039904096
79.13,354.09000000000003,0.0,CAF,1,150.0131306234903
-212.70999999999998,-377.17999999999995,0.0,CAF,1,235.6384214785211
-400.26,176.27999999999997,0.0,other_tissue,0,201.59497663410158
-210.0,351.98,0.0,other_tissue,0,245.26812455686607
275.62,156.64,0.0,other_tissue,0,87.13275430805547
-414.88,489.53,0.0,CD4_Tcell,1,301.3064157726522
162.01,407.45,0.0,other_tissue,0,116.07493147345888
-474.88,-319.27,0.0,other_tissue,0,147.7580811464066
-398.3,220.33999999999997,0.0,other_tissue,0,122.89588164545323
429.65999999999997,-32.75,0.0,other_tissue,0,203.93167377073158
-251.09,211.41000000000003,0.0,other_tissue,0,285.8007802277096
399.01,-104.73000000000002,0.0,other_tissue,0,245.00293913413012
-360.4,495.331,0.0,CD4_Tcell,1,1155.9089966421143
-396.22,486.72,0.0,CD4_Tcell,1,1155.9089966421143
-114.92000000000002,-320.22,0.0,other_tissue,0,122.53761385453656
-350.0,369.65,0.0,CD4_Tcell,1,399.0473542767271
-337.59000000000003,261.83000000000004,0.0,other_tissue,0,331.3911646690485
-405.03,43.120000000000005,0.0,other_tissue,0,154.7938974665372
67.12,-114.19000000000005,0.0,CAF,1,174.4942077185273
-156.79000000000002,398.98,0.0,CAF,1,558.5940653735637
-465.32,-492.07000000000005,0.0,other_tissue,0,149.50852613488016
-241.68,207.26999999999998,0.0,apCAF,1,273.45627800144143
-309.0,316.62,0.0,other_tissue,0,254.74834348873515
-383.22,308.78999999999996,0.0,other_tissue,0,163.2889168099741
-490.808,-251.79999999999995,0.0,other_tissue,0,200.32571349031656
-283.01,314.33000000000004,0.0,apCAF,1,387.7148123906368
-167.69,-202.11,0.0,CD8_Tcell,1,202.28576882848188
-415.52,368.84000000000003,0.0,other_tissue,0,141.4961147744424
-275.39,184.33999999999997,0.0,other_tissue,0,168.55276205302678
-500.0377,184.95999999999998,0.0,apCAF,1,158.84396432836138
-498.448,445.29,0.0,CAF,1,161.08842950130293
-324.15999999999997,12.839999999999975,0.0,other_tissue,0,100.34297052464744
-439.21,393.22,0.0,other_tissue,0,121.22400031981459
-188.58999999999997,-120.33000000000004,0.0,other_tissue,0,125.30824974852389
277.63,120.61000000000001,0.0,other_tissue,0,344.7913645278065
-410.2,-173.84000000000003,0.0,other_tissue,0,123.86068303847219
-436.95,162.07999999999998,0.0,CAF,1,314.2903970274913
40.460000000000036,138.31,0.0,other_tissue,0,145.44548179306986
-370.28999999999996,183.01,0.0,other_tissue,0,136.35308319139904
-352.66999999999996,91.20999999999998,0.0,other_tissue,0,142.43709409578486
-454.6,462.38,0.0,CD4_Tcell,1,120.01175181270594
-368.7,167.29000000000002,0.0,other_tissue,0,175.09137590735452
-389.6,-282.07000000000005,0.0,other_tissue,0,107.48152278064201
337.41999999999996,401.97,0.0,other_tissue,0,173.64991885034087
-203.52999999999997,302.06,0.0,CD4_Tcell,1,120.01175181270594
-469.57,102.76999999999998,0.0,CD4_Tcell,1,161.3534442793971
315.77,252.53,0.0,other_tissue,0,137.78654019321738
-1.0299999999999727,455.05,0.0,other_tissue,0,122.55551068558633
-156.41000000000003,156.51999999999998,0.0,other_tissue,0,117.57152338329075
-8.269999999999982,-432.4,0.0,other_tissue,0,148.38069453377372
-230.91000000000003,-218.53999999999996,0.0,other_tissue,0,117.93167898815983
-460.28,451.01,0.0,CAF,1,158.7092546710955
-405.23,370.58000000000004,0.0,CD4_Tcell,1,217.89392802212967
-346.15999999999997,421.93,0.0,CAF,1,182.11527387975917
7.970000000000027,-288.02,0.0,other_tissue,0,150.84752289628318
-400.25,120.18,0.0,other_tissue,0,199.44948606311806
74.77999999999997,227.20999999999998,0.0,apCAF,1,182.11527387975917
-211.51999999999998,74.38999999999999,0.0,CAF,1,127.37821140345736
-231.92000000000002,241.29000000000002,0.0,other_tissue,0,100.53628268371637
227.99,346.97,0.0,other_tissue,0,188.40919606123276
-401.68,255.59,0.0,other_tissue,0,89.25987613265711
-14.800000000000011,-21.450000000000045,0.0,other_tissue,0,169.80273870099813
53.82000000000005,-454.49,0.0,other_tissue,0,88.9752456147676
-398.03,476.97,0.0,CD4_Tcell,1,1155.9089966421143
7.730000000000018,-456.11,0.0,other_tissue,0,94.56280265558911
105.66999999999996,387.5,0.0,CAF,1,125.253763514595
-343.73,-171.0,0.0,other_tissue,0,188.26619098493828
-85.85000000000002,-162.07000000000005,0.0,other_tissue,0,90.57992266699162
-300.73,419.46,0.0,CAF,1,116.86233555366181
-452.78,-316.66999999999996,0.0,other_tissue,0,125.72650258770723
-394.12,500.8737,0.0,CD4_Tcell,1,1155.9089966421143
-139.51,474.07,0.0,CAF,1,633.5683654815427
141.82000000000005,210.61,0.0,CAF,1,202.76942657560497
446.80999999999995,-461.04999999999995,0.0,other_tissue,0,97.5190529144574
-357.85,392.40999999999997,0.0,apCAF,1,408.5981975506497
-104.58999999999997,-302.73,0.0,other_tissue,0,108.11134921489989
-6.009999999999991,-452.24,0.0,other_tissue,0,271.46448272529153
47.34000000000003,249.53,0.0,CAF,1,127.62935375331092
-223.60000000000002,347.93,0.0,other_tissue,0,84.8387907713604
363.28999999999996,158.60000000000002,0.0,other_tissue,0,105.07280047190007
-482.72,-149.99,0.0,CAF,1,167.42643051009912
-374.9,458.64,0.0,CAF,1,156.18525833567924
-86.07999999999998,338.38,0.0,other_tissue,0,146.81397164413434
-477.84,499.5461,0.0,other_tissue,0,645.8472028203155
359.54999999999995,260.32,0.0,other_tissue,0,249.63300463869334
297.20000000000005,-378.15,0.0,other_tissue,0,106.79426565615017
-500.836,364.27,0.0,CD4_Tcell,1,743.0918844782134
-24.75999999999999,-462.1,0.0,other_tissue,0,211.29862760728273
-170.82,-192.20000000000005,0.0,CAF,1,116.86233555366181
65.04999999999995,331.44,0.0,CAF,1,162.06396683475344
-36.69,-244.62,0.0,apCAF,1,639.6342903691901
-316.27,172.72000000000003,0.0,other_tissue,0,117.94912450277478
-247.36,330.28,0.0,other_tissue,0,83.72325957207187
-196.49,-163.11,0.0,other_tissue,0,202.12749662494096
147.48000000000002,190.60000000000002,0.0,CAF,1,488.0252037163145
-499.8454,211.12,0.0,CAF,1,265.5172071166243
-20.269999999999982,-442.22,0.0,other_tissue,0,173.01849255402425
-347.40999999999997,-189.74,0.0,CAF,1,146.0414684631706
-273.86,27.20999999999998,0.0,other_tissue,0,82.658837473338
29.519999999999982,-387.57000000000005,0.0,other_tissue,0,137.6124506202234
231.10000000000002,106.32999999999998,0.0,other_tissue,0,107.22482124938122
-478.55,260.26,0.0,other_tissue,0,194.51347925702626
-259.15,191.0,0.0,other_tissue,0,130.78096210130224
-367.45,-387.57000000000005,0.0,CD4_Tcell,1,163.86025272568352
386.75,251.0,0.0,other_tissue,0,195.55436636555308
170.60000000000002,-157.97000000000003,0.0,other_tissue,0,138.88603333013887
90.22000000000003,-74.04999999999995,0.0,other_tissue,0,177.08160717591426
201.96000000000004,-472.51,0.0,other_tissue,0,100.2020613964352
-500.1134,260.0,0.0,CD4_Tcell,1,245.08815644917087
201.98000000000002,112.63999999999999,0.0,other_tissue,0,114.49414404965432
-496.875,-389.69000000000005,0.0,other_tissue,0,139.56804531113698
-455.53,96.44,0.0,CAF,1,600.0899041944167
-112.97000000000003,9.339999999999975,0.0,other_tissue,0,138.2902902485312
-470.08,292.98,0.0,CAF,1,116.86233555366181
338.57000000000005,-322.22,0.0,other_tissue,0,300.7091029108256
-405.06,477.89,0.0,other_tissue,0,210.46765483814775
319.88,462.32,0.0,other_tissue,0,109.46134801810297
-82.81,-207.52999999999997,0.0,other_tissue,0,94.20190820369115
71.60000000000002,301.78999999999996,0.0,CAF,1,158.14289155327123
-335.46000000000004,-73.49000000000001,0.0,other_tissue,0,274.3639228479417
-444.61,454.76,0.0,apCAF,1,1070.5733209759792
473.9,55.14999999999998,0.0,CAF,1,129.27910276131212
-40.55000000000001,-386.49,0.0,other_tissue,0,104.34226046728209
-56.75999999999999,-431.64,0.0,other_tissue,0,145.2984096148729
-425.97,370.08000000000004,0.0,other_tissue,0,179.59438003021648
-468.13,236.0,0.0,CAF,1,133.66771746398715
182.82000000000005,-251.95000000000005,0.0,other_tissue,0,100.0769196367696
-386.17,261.90999999999997,0.0,other_tissue,0,679.9248778528962
-71.66000000000003,-486.04999999999995,0.0,apCAF,1,463.86945292675034
-273.39,209.61,0.0,CD4_Tcell,1,132.65257185168196
-242.83999999999997,72.50999999999999,0.0,CAF,1,121.75187706647596
-396.22,-89.72000000000003,0.0,other_tissue,0,144.1519887418248
416.19000000000005,365.62,0.0,other_tissue,0,109.52775754355456
-339.56,317.87,0.0,apCAF,1,570.9847913883463
190.24,-360.38,0.0,other_tissue,0,152.94011200683966
-150.05,-446.9,0.0,other_tissue,0,104.40122199939735
-381.57,500.194,0.0,CD4_Tcell,1,647.0403256695745
416.64,376.89,0.0,other_tissue,0,176.19098648551
-265.58000000000004,-13.190000000000055,0.0,CAF,1,190.38686651065717
-66.85000000000002,25.410000000000025,0.0,other_tissue,0,114.27193601925507
-250.75,63.45999999999998,0.0,CAF,1,184.80866604203547
407.49,324.36,0.0,other_tissue,0,110.5883948697226
-381.24,290.98,0.0,other_tissue,0,197.21275183535914
-429.01,134.3,0.0,other_tissue,0,143.99250408882634
136.08000000000004,-319.23,0.0,other_tissue,0,153.0231088399092
-469.49,459.17,0.0,other_tissue,0,108.04551352525405
214.90999999999997,130.32,0.0,other_tissue,0,110.65525941864745
12.600000000000023,438.47,0.0,other_tissue,0,143.7800409281242
-316.21000000000004,354.81,0.0,other_tissue,0,107.42687115993606
-423.98,320.4,0.0,other_tissue,0,97.852418952104
-228.60000000000002,76.14999999999998,0.0,other_tissue,0,100.67750489702063
417.79999999999995,-443.47,0.0,other_tissue,0,91.90799554469382
-0.2300000000000182,-242.64,0.0,other_tissue,0,130.33291909962918
-341.75,204.43,0.0,apCAF,1,1070.5733209759792
-311.74,334.28999999999996,0.0,other_tissue,0,136.9047124529952
-399.75,-189.63,0.0,epithelial_tumor_class1,1,287.5695020004708
-235.44,-187.98000000000002,0.0,other_tissue,0,170.06237965220035
482.09000000000003,-298.20000000000005,0.0,CAF,1,180.53503960642723
-464.77,273.26,0.0,other_tissue,0,77.62974527022318
-345.52,465.11,0.0,CAF,1,188.32179546842877
255.38,49.95999999999998,0.0,other_tissue,0,165.96898580223257
-28.80000000000001,-416.38,0.0,other_tissue,0,241.70423286695484
-459.93,464.15,0.0,CAF,1,118.29839618771331
74.26999999999998,286.31,0.0,CAF,1,428.09970327700694
-498.973,321.05,0.0,CD4_Tcell,1,555.6635521803254
-116.42000000000002,-16.940000000000055,0.0,CAF,1,391.7917324103101
-475.55,73.29000000000002,0.0,other_tissue,0,326.67776531326825
-24.20999999999998,403.18,0.0,other_tissue,0,109.51115264477221
-436.42,216.86,0.0,other_tissue,0,116.59930486619037
-251.8,-293.23,0.0,other_tissue,0,158.13582055432067
284.65999999999997,294.1,0.0,other_tissue,0,120.63270323594713
-319.1,-56.02999999999997,0.0,other_tissue,0,97.71385173607342
439.30999999999995,-346.05999999999995,0.0,other_tissue,0,83.62611852034331
-347.03999999999996,-176.92999999999995,0.0,CAF,1,215.46893290161796
-499.9803,439.07,0.0,CAF,1,446.4724401171222
-471.95,208.43,0.0,CAF,1,208.35301779558765
-500.001,427.57,0.0,CAF,1,757.7678670748085
98.24000000000001,157.32,0.0,CAF,1,169.9584915346216
170.63,-326.03,0.0,other_tissue,0,182.3562116175267
-273.31,500.0319,0.0,other_tissue,0,618.8086134367371
-401.56,437.31,0.0,other_tissue,0,85.4471531157516
-359.84000000000003,45.75999999999999,0.0,other_tissue,0,192.1850019254864
-25.370000000000005,468.29,0.0,other_tissue,0,119.81987535576434
-258.63,499.397,0.0,other_tissue,0,707.1088648571138
278.38,170.39,0.0,other_tissue,0,122.51375412353127
-491.01,-431.41999999999996,0.0,other_tissue,0,88.28789037861105
-347.57,138.32999999999998,0.0,CAF,1,230.58298613716687
-388.21,-276.12,0.0,CD8_Tcell,1,80.20585595309339
-88.07999999999998,499.9676,0.0,CAF,1,122.25150146725304
-422.1,36.44999999999999,0.0,other_tissue,0,77.62974527022318
488.54999999999995,-443.4,0.0,CAF,1,380.7881516686752
-367.14,357.56,0.0,other_tissue,0,207.04705210437555
193.36,3.180000000000007,0.0,other_tissue,0,240.88888944150543
-474.01,170.23000000000002,0.0,CAF,1,116.86233555366181
131.52999999999997,-451.90999999999997,0.0,other_tissue,0,124.18540825289527
-442.9,15.79000000000002,0.0,other_tissue,0,221.22916131635782
-258.41999999999996,462.61,0.0,other_tissue,0,105.64455059961551
17.649999999999977,-464.6,0.0,other_tissue,0,82.27402325711451
-244.57,369.63,0.0,CAF,1,161.2101569843333
-140.76,256.15999999999997,0.0,other_tissue,0,140.07612556442712
-225.33999999999997,249.94,0.0,other_tissue,0,77.62974527022318
-401.86,219.95,0.0,other_tissue,0,180.31114334471738
-262.71000000000004,-101.11000000000001,0.0,other_tissue,0,79.81973348657856
219.0,499.9844,0.0,CAF,1,651.645749737792
-500.594,180.39999999999998,0.0,other_tissue,0,144.01907669124245
-333.21000000000004,489.71,0.0,CD4_Tcell,1,358.963096902752
-340.69,132.18,0.0,other_tissue,0,211.53031781470818
-478.1,-65.04999999999995,0.0,other_tissue,0,78.90432733128273
-287.05,-29.980000000000018,0.0,other_tissue,0,120.03744807769728
484.08000000000004,-344.47,0.0,CAF,1,196.2639598469666
251.44000000000005,246.64,0.0,other_tissue,0,257.69413381493604
-490.214,315.72,0.0,other_tissue,0,95.19658376631627
-389.48,402.36,0.0,CAF,1,142.31182927802755
-492.91,489.15,0.0,CAF,1,299.6034495755571
-338.76,-297.22,0.0,other_tissue,0,135.02504031273523
-374.93,80.41000000000003,0.0,other_tissue,0,148.34681199013008
-70.94999999999999,241.14999999999998,0.0,CAF,1,208.97399331162623
53.97000000000003,233.51,0.0,other_tissue,0,80.84612905835593
-361.83000000000004,10.610000000000014,0.0,epithelial_tumor_class1,1,480.2134514596672
495.87,-340.51,0.0,epithelial_tumor_class1,1,687.2049679320421
-468.98,130.64999999999998,0.0,CAF,1,116.86233555366181
-500.7435,-390.21000000000004,0.0,other_tissue,0,211.34152043074954
-433.96,180.20999999999998,0.0,other_tissue,0,171.54365587863182
-230.95,-137.41999999999996,0.0,CAF,1,116.86233555366181
-490.111,40.839999999999975,0.0,other_tissue,0,106.8541472371163
-268.41999999999996,-56.92999999999995,0.0,other_tissue,0,126.61456730945807
434.83000000000004,-435.36,0.0,other_tissue,0,107.36131367324226
-362.13,-208.67999999999995,0.0,other_tissue,0,84.94154074076847
-494.327,191.19,0.0,CAF,1,360.14905697130655
-36.60000000000002,-479.09000000000003,0.0,CAF,1,144.6844546881557
-179.41000000000003,305.76,0.0,other_tissue,0,206.81864786462626
-38.69999999999999,-248.29999999999995,0.0,other_tissue,0,196.05171789458714
-211.29000000000002,-246.09000000000003,0.0,other_tissue,0,137.98014518299274
-181.70999999999998,-162.29999999999995,0.0,other_tissue,0,118.57247343574592
-464.33,84.77999999999997,0.0,CAF,1,133.75623494110397
-446.11,51.69999999999999,0.0,other_tissue,0,94.06180871905588
-95.99000000000001,361.53,0.0,other_tissue,0,77.62974527022318
-276.61,200.51,0.0,other_tissue,0,82.82871893923735
43.309999999999945,104.62,0.0,other_tissue,0,131.96195782662335
-157.11,405.04,0.0,CAF,1,225.47495166771424
-272.22,204.32999999999998,0.0,other_tissue,0,101.25947456023283
-499.0062,264.55,0.0,CD4_Tcell,1,129.53892701727395
-378.61,412.49,0.0,CAF,1,116.86233555366181
-388.74,490.163,0.0,CD4_Tcell,1,277.05779639732543
-8.819999999999993,-409.53999999999996,0.0,other_tissue,0,166.9421152245758
-329.16999999999996,212.70999999999998,0.0,CAF,1,217.1854963525763
-284.46000000000004,485.15,0.0,other_tissue,0,118.56080195940925
-274.15,452.92,0.0,CAF,1,116.86233555366181
-396.99,426.61,0.0,CAF,1,133.90174133263997
167.10000000000002,-366.15,0.0,other_tissue,0,85.17537186207193
-425.65999999999997,164.10000000000002,0.0,apCAF,1,189.3963103915845
-70.37,252.03,0.0,CAF,1,160.08116837823377
-499.7675,127.35000000000002,0.0,other_tissue,0,218.88480518125974
436.88,-213.83000000000004,0.0,other_tissue,0,122.96163972841063
-496.385,206.95999999999998,0.0,CD4_Tcell,1,120.01175181270594
-307.6,345.78,0.0,other_tissue,0,77.62974527022318
-360.27,37.839999999999975,0.0,other_tissue,0,77.62974527022318
153.20000000000005,205.58999999999997,0.0,CAF,1,192.7008263569646
-487.62,44.26999999999998,0.0,other_tissue,0,112.25685104245679
-10.04000000000002,320.72,0.0,CAF,1,196.18231020862748
-470.85,61.379999999999995,0.0,other_tissue,0,150.8886382112013
394.87,-51.960000000000036,0.0,other_tissue,0,139.21052316823864
-401.78,321.35,0.0,other_tissue,0,92.37661098079971
376.11,219.37,0.0,other_tissue,0,136.24421590299247
-350.7,360.72,0.0,CD4_Tcell,1,253.36134957132055
-477.9,329.6,0.0,other_tissue,0,227.69469638759455
-450.37,356.38,0.0,other_tissue,0,316.3515314831516
487.58000000000004,-109.54999999999995,0.0,other_tissue,0,94.4674772568654
84.41999999999996,-154.10000000000002,0.0,other_tissue,0,136.76345664439077
-387.74,446.65,0.0,CAF,1,145.48560960425772
-366.90999999999997,290.0,0.0,other_tissue,0,77.62974527022318
285.53,298.37,0.0,other_tissue,0,109.9323276105892
-306.49,261.86,0.0,apCAF,1,373.7311674418007
105.60000000000002,-299.39,0.0,other_tissue,0,87.3801102108288
-65.45999999999998,-237.76999999999998,0.0,other_tissue,0,151.36200143165277
-499.7364,148.76,0.0,CD4_Tcell,1,551.5715738544785
-229.77999999999997,-195.88,0.0,other_tissue,0,127.13962584582355
-499.0117,497.941,0.0,CD8_Tcell,1,386.13558894518826
-310.64,-191.12,0.0,other_tissue,0,218.43722402560493
-40.04000000000002,-407.09000000000003,0.0,other_tissue,0,232.69883159272962
-488.09,448.33,0.0,CAF,1,116.86233555366181
-249.53,-41.26999999999998,0.0,other_tissue,0,98.43892482306273
-139.63,406.85,0.0,CAF,1,164.41840546106934
-457.87,124.13999999999999,0.0,other_tissue,0,77.62974527022318
-458.98,490.733,0.0,other_tissue,0,77.62974527022318
483.5,-335.92999999999995,0.0,CAF,1,186.20862646026885
-388.73,49.05000000000001,0.0,apCAF,1,529.1158274463817
-474.64,262.74,0.0,other_tissue,0,196.4109862798967
-259.56,101.38,0.0,CAF,1,367.2081080734428
-177.47000000000003,36.51999999999998,0.0,other_tissue,0,88.42219769726586
272.65,-290.05999999999995,0.0,other_tissue,0,261.7790770487079
-313.01,149.76,0.0,CAF,1,116.86233555366181
-495.641,494.361,0.0,CD4_Tcell,1,132.1061602605444
-389.99,398.72,0.0,other_tissue,0,148.3739176123528
-310.28999999999996,221.7,0.0,CAF,1,132.97988097302826
-448.49,240.32,0.0,CD4_Tcell,1,151.49939299202072
-290.03,50.94,0.0,other_tissue,0,89.89402116276553
-499.5911,205.74,0.0,other_tissue,0,460.3718385609763
-482.0,363.98,0.0,CAF,1,116.86233555366181
-19.480000000000018,-415.14,0.0,other_tissue,0,219.82583413019688
494.16999999999996,-112.40999999999997,0.0,other_tissue,0,171.82001387263514
-299.75,-8.480000000000018,0.0,other_tissue,0,98.11451432961401
-243.89,-30.730000000000018,0.0,CAF,1,197.6390630989569
-353.65,383.99,0.0,CD4_Tcell,1,357.9747562215836
205.86,-170.79999999999995,0.0,other_tissue,0,83.26135617384763
-484.56,500.8882,0.0,CD4_Tcell,1,120.01175181270594
-348.01,-115.57000000000005,0.0,other_tissue,0,126.3647583959802
-307.77,271.43,0.0,apCAF,1,111.06571215581907
-344.22,182.10000000000002,0.0,other_tissue,0,167.8454558500205
-439.55,141.47000000000003,0.0,other_tissue,0,80.55262506961431
486.41999999999996,62.339999999999975,0.0,CAF,1,116.86233555366181
-404.57,384.31,0.0,other_tissue,0,147.51492472597639
-329.08000000000004,82.94,0.0,CAF,1,437.9673646458759
-329.71000000000004,327.78999999999996,0.0,CD4_Tcell,1,299.2355016327683
-389.34000000000003,225.32,0.0,other_tissue,0,167.8896044068545
61.370000000000005,-454.19000000000005,0.0,CAF,1,116.86233555366181
-333.8,169.63,0.0,other_tissue,0,117.40331550658685
-239.38,70.94,0.0,other_tissue,0,184.68317174086383
-274.0,200.64999999999998,0.0,other_tissue,0,77.62974527022318
-386.51,-231.61,0.0,other_tissue,0,213.63179670623853
-210.89999999999998,262.59000000000003,0.0,other_tissue,0,159.2130331318884
-346.05,135.89999999999998,0.0,CD8_Tcell,1,72.78782605961582
256.36,-9.990000000000009,0.0,other_tissue,0,90.76537053131352
-316.2,419.72,0.0,other_tissue,0,114.81371549201471
-169.70999999999998,142.25,0.0,CAF,1,189.79531373744663
-478.32,430.15999999999997,0.0,CAF,1,155.05196474025595
145.57000000000005,210.37,0.0,other_tissue,0,77.62974527022318
-500.0613,-330.41999999999996,0.0,CAF,1,171.56605223608392
-376.63,145.60000000000002,0.0,other_tissue,0,86.8005129843738
-153.45,363.35,0.0,other_tissue,0,132.67144045511273
-307.61,500.1337,0.0,other_tissue,0,158.29143122671766
-476.95,86.60000000000002,0.0,apCAF,1,326.0015485137983
-483.7,173.94,0.0,other_tissue,0,676.8446107776649
-300.24,-79.32000000000005,0.0,CAF,1,248.3506294397319
-500.129,229.98000000000002,0.0,other_tissue,0,93.86690173201471
486.24,-339.77,0.0,CAF,1,131.01784266914862
495.5,-301.63,0.0,other_tissue,0,131.298728848995
-302.40999999999997,446.14,0.0,other_tissue,0,144.4313701719091
496.45000000000005,-295.5,0.0,epithelial_tumor_class1,1,344.1853626818661
-418.9,-94.60000000000002,0.0,other_tissue,0,77.62974527022318
-186.7,200.18,0.0,other_tissue,0,87.46584235253248
-490.23199999999997,474.58,0.0,CAF,1,116.86233555366181
-287.66999999999996,29.839999999999975,0.0,other_tissue,0,287.98853144199836
-335.33000000000004,320.09000000000003,0.0,other_tissue,0,86.05370370938923
212.10000000000002,118.83999999999997,0.0,other_tissue,0,170.0252718946392
80.26999999999998,285.48,0.0,other_tissue,0,204.5606261834659
-385.73,246.52,0.0,CAF,1,369.3573589828499
-422.26,443.78,0.0,CD4_Tcell,1,441.2245670361753
-357.83000000000004,131.11,0.0,other_tissue,0,232.1412613718484
5.889999999999986,-494.19000000000005,0.0,CAF,1,219.61452805469173
-212.66000000000003,89.88999999999999,0.0,other_tissue,0,77.70498335632138
-245.07,464.27,0.0,CD4_Tcell,1,177.0587333407852
-418.06,499.1748,0.0,other_tissue,0,323.3515758119526
-435.59000000000003,356.48,0.0,other_tissue,0,77.62974527022318
-242.98000000000002,86.64999999999998,0.0,CAF,1,367.8904894223172
-384.18,13.939999999999998,0.0,CAF,1,165.19612263962372
-209.57,345.83000000000004,0.0,other_tissue,0,426.138651215817
-484.59,357.15,0.0,other_tissue,0,172.07422600439074
-370.02,342.84000000000003,0.0,other_tissue,0,161.75510034500707
-456.03,448.86,0.0,CAF,1,116.86233555366181
405.61,44.370000000000005,0.0,CAF,1,342.0403826224282
177.83000000000004,118.36000000000001,0.0,other_tissue,0,77.62974527022318
-353.34000000000003,-154.21000000000004,0.0,CAF,1,219.5177247084267
-388.26,498.858,0.0,CD4_Tcell,1,791.1668081390222
-178.12,246.44,0.0,CAF,1,268.76676490136356
254.63,101.19999999999999,0.0,CAF,1,134.55465142368303
19.950000000000045,43.97000000000003,0.0,other_tissue,0,83.10469689619995
433.89,-228.49,0.0,CAF,1,346.5301253665755
-90.17000000000002,-240.0,0.0,other_tissue,0,77.62974527022318
7.050000000000011,-292.02,0.0,CAF,1,236.60834111320142
-314.38,-208.92999999999995,0.0,other_tissue,0,109.19597835508466
-149.49,391.6,0.0,CAF,1,189.18904983208606
-489.78,327.51,0.0,CAF,1,163.12282847475882
-19.430000000000007,-408.65999999999997,0.0,other_tissue,0,102.70563978308701
-499.2908,-14.100000000000023,0.0,other_tissue,0,144.37147236152666
-40.610000000000014,-434.78999999999996,0.0,other_tissue,0,245.09762625931813
-43.589999999999975,-387.87,0.0,other_tissue,0,150.53939608188114
-498.737,135.25,0.0,CD4_Tcell,1,299.0840812613209
-20.160000000000025,499.847,0.0,other_tissue,0,144.36481807168806
-317.65,364.0,0.0,epithelial_tumor_class1,1,287.5695020004708
-447.97,360.02,0.0,other_tissue,0,89.15367185635276
-300.03999999999996,-12.389999999999986,0.0,other_tissue,0,88.1010462121337
-404.67,492.46,0.0,CD4_Tcell,1,144.82444393782285
241.80999999999995,246.69,0.0,other_tissue,0,114.88798666528743
-170.52999999999997,118.42000000000002,0.0,other_tissue,0,104.60507818955308
385.16999999999996,-131.36,0.0,other_tissue,0,77.62974527022318
-20.060000000000002,459.26,0.0,other_tissue,0,132.84763370965806
-196.08999999999997,361.12,0.0,CAF,1,159.11361227819847
368.05999999999995,-72.85000000000002,0.0,other_tissue,0,77.62974527022318
-458.11,-12.259999999999991,0.0,other_tissue,0,132.4137243684045
489.55999999999995,-344.14,0.0,CAF,1,116.86233555366181
-100.57,-11.5,0.0,other_tissue,0,125.58091794841258
-246.41,210.64,0.0,other_tissue,0,77.62974527022318
-482.14,139.05,0.0,CAF,1,116.86233555366181
-400.07,273.8,0.0,CAF,1,116.86233555366181
-328.27,64.47000000000003,0.0,other_tissue,0,141.88384716655716
45.549999999999955,-272.48,0.0,other_tissue,0,151.89141501503903
-418.19,55.52999999999997,0.0,other_tissue,0,290.86624433041425
-63.81999999999999,-136.01999999999998,0.0,other_tissue,0,124.50467143878367
-362.64,-103.46000000000004,0.0,CAF,1,168.0589122585959
-79.67000000000002,-234.03999999999996,0.0,CAF,1,325.23477359345776
422.45000000000005,419.72,0.0,CD4_Tcell,1,537.9595163250151
373.26,2.8799999999999955,0.0,other_tissue,0,218.77943701626148
-302.44,-196.38,0.0,other_tissue,0,184.68317174086383
-464.37,79.81,0.0,CAF,1,116.86233555366181
-319.15,-136.13,0.0,other_tissue,0,217.62261816836875
-415.84000000000003,363.08000000000004,0.0,CAF,1,387.52199406452905
-256.55,60.44999999999999,0.0,other_tissue,0,113.2670663696652
-499.423,267.78999999999996,0.0,other_tissue,0,150.7310700659855
-309.75,-183.09000000000003,0.0,other_tissue,0,77.62974527022318
53.26999999999998,-220.74,0.0,other_tissue,0,166.23201494708817
-314.19,362.63,0.0,CD4_Tcell,1,120.01175181270594
-488.22,-411.86,0.0,other_tissue,0,77.62974527022318
-397.04,179.37,0.0,other_tissue,0,80.16538957787355
-249.95,351.22,0.0,CAF,1,131.05527099135327
-231.63,-200.52999999999997,0.0,apCAF,1,1064.771657642026
-466.92,310.95,0.0,CAF,1,116.86233555366181
-499.684,-324.15999999999997,0.0,CAF,1,406.0206618062287
-405.54,276.28,0.0,CAF,1,132.470267576579
-454.92,337.59000000000003,0.0,CAF,1,660.6835777465374
-165.86,342.57,0.0,other_tissue,0,77.62974527022318
246.14,330.33000000000004,0.0,other_tissue,0,106.02325625231104
-454.72,352.85,0.0,CD4_Tcell,1,251.45885379807538
-409.29,226.32,0.0,other_tissue,0,126.06663754960667
-455.06,230.51,0.0,CAF,1,117.33955451178659
-491.332,-415.21000000000004,0.0,other_tissue,0,77.62974527022318
-413.98,-146.66999999999996,0.0,other_tissue,0,133.137432590433
-430.56,310.37,0.0,other_tissue,0,370.12964724061516
284.46000000000004,-329.6,0.0,other_tissue,0,113.07471757005766
488.30999999999995,484.1,0.0,CD4_Tcell,1,120.01175181270594
-282.08000000000004,60.089999999999975,0.0,other_tissue,0,77.62974527022318
-398.76,-159.92999999999995,0.0,other_tissue,0,133.2067947069935
-485.65,72.73000000000002,0.0,other_tissue,0,124.55894023126642
-383.22,-109.84000000000003,0.0,CAF,1,329.4611843708491
-270.52,473.91,0.0,other_tissue,0,102.35075212094279
-93.44,344.21000000000004,0.0,other_tissue,0,177.30282248893215
-326.53999999999996,51.49000000000001,0.0,other_tissue,0,156.89460497633763
-316.28999999999996,68.23000000000002,0.0,CAF,1,116.86233555366181
-497.933,-411.41999999999996,0.0,other_tissue,0,88.96078906492345
-297.88,364.98,0.0,other_tissue,0,136.59023008190613
-401.59000000000003,126.27999999999997,0.0,other_tissue,0,108.49592382475349
-240.22000000000003,246.1,0.0,other_tissue,0,139.43796652244546
-412.98,359.03,0.0,CAF,1,225.84240819053585
-498.475,325.47,0.0,CD4_Tcell,1,120.01175181270594
-227.06,-1.0,0.0,other_tissue,0,378.13936912249926
-251.87,148.2,0.0,other_tissue,0,95.67124450339571
-192.22000000000003,-37.77999999999997,0.0,other_tissue,0,128.00975667295015
370.62,-417.08000000000004,0.0,other_tissue,0,170.7907820912577
-392.34000000000003,134.38,0.0,CAF,1,194.9684116857782
-488.29,192.32,0.0,CAF,1,116.86233555366181
-463.93,-309.77,0.0,other_tissue,0,77.62974527022318
367.82000000000005,433.12,0.0,other_tissue,0,227.1451519032295
-251.19,408.65999999999997,0.0,other_tissue,0,84.11721802087347
201.59000000000003,-475.41999999999996,0.0,other_tissue,0,77.62974527022318
-328.8,295.61,0.0,CD4_Tcell,1,120.01175181270594
-188.76,375.59000000000003,0.0,CAF,1,116.86233555366181
353.55999999999995,290.48,0.0,other_tissue,0,110.20444637314674
-91.31,-304.73,0.0,other_tissue,0,97.55491743680709
-321.55,-211.45000000000005,0.0,other_tissue,0,77.62974527022318
-334.23,-366.77,0.0,other_tissue,0,79.87802115454456
-259.09000000000003,-51.299999999999955,0.0,other_tissue,0,77.62974527022318
484.13,480.95,0.0,CD4_Tcell,1,120.01175181270594
-335.96000000000004,-206.07000000000005,0.0,other_tissue,0,77.62974527022318
270.08000000000004,408.34000000000003,0.0,other_tissue,0,77.62974527022318
-417.23,339.31,0.0,CAF,1,159.15621614589355
-396.49,-467.14,0.0,other_tissue,0,125.22350021050374
-86.29000000000002,281.57,0.0,other_tissue,0,77.62974527022318
-439.90999999999997,144.77999999999997,0.0,other_tissue,0,77.62974527022318
-333.81,76.37,0.0,other_tissue,0,218.1742262322638
247.87,337.33000000000004,0.0,other_tissue,0,220.03727570354832
437.03,-338.08000000000004,0.0,CAF,1,129.9107080759422
-482.14,421.57,0.0,other_tissue,0,92.80220255663635
-251.93,142.01999999999998,0.0,CAF,1,116.86233555366181
-490.818,256.39,0.0,CD4_Tcell,1,400.1492716389277
-472.81,152.48000000000002,0.0,CAF,1,123.22490662873227
160.99,-346.22,0.0,other_tissue,0,161.7048569258412
-394.46,101.82,0.0,other_tissue,0,207.95386334565814
-479.65,-67.73000000000002,0.0,other_tissue,0,77.62974527022318
-314.05,314.12,0.0,other_tissue,0,186.0588565895315
-467.6,273.72,0.0,other_tissue,0,77.62974527022318
456.57000000000005,415.84000000000003,0.0,other_tissue,0,258.8709220279284
-445.92,160.8,0.0,CAF,1,255.28314758776918
-170.18,-195.23000000000002,0.0,other_tissue,0,132.4137243684045
-12.139999999999986,-434.78999999999996,0.0,other_tissue,0,224.82168681526443
205.5,171.3,0.0,other_tissue,0,141.82465582193265
351.77,411.95,0.0,other_tissue,0,110.75560676855211
-499.5695,-24.379999999999995,0.0,other_tissue,0,77.62974527022318
-262.4,266.7,0.0,other_tissue,0,77.62974527022318
10.0,-444.28999999999996,0.0,other_tissue,0,122.6688977502417
-474.39,390.69,0.0,other_tissue,0,94.84413472178083
173.84000000000003,-137.5,0.0,other_tissue,0,109.28991433536571
-371.45,257.9,0.0,CAF,1,116.86233555366181
-489.17,320.26,0.0,other_tissue,0,111.01791082112126
-466.58,481.34,0.0,CD8_Tcell,1,141.21397560719916
-471.36,359.59000000000003,0.0,other_tissue,0,88.1393517082385
267.44000000000005,150.73000000000002,0.0,other_tissue,0,77.62974527022318
-146.0,-212.60000000000002,0.0,other_tissue,0,166.23201494708817
252.48000000000002,339.93,0.0,other_tissue,0,261.32417609238934
-309.83000000000004,144.27999999999997,0.0,other_tissue,0,128.71734257312266
-436.96,113.33999999999997,0.0,CAF,1,172.65836571760605
2.0400000000000205,-127.94000000000005,0.0,other_tissue,0,124.99970325302867
217.46000000000004,114.38,0.0,other_tissue,0,133.269872078191
337.98,409.11,0.0,other_tissue,0,91.78985977983014
-348.65,116.10000000000002,0.0,other_tissue,0,83.85753036908118
-428.99,437.97,0.0,other_tissue,0,209.2551127464428
346.4,-50.190000000000055,0.0,other_tissue,0,133.49711548794878
-499.3609,-320.11,0.0,CAF,1,417.57034773387556
-168.82999999999998,-94.76999999999998,0.0,other_tissue,0,149.16821854301733
-207.56,-165.86,0.0,CAF,1,291.92902719579257
-442.07,126.30000000000001,0.0,other_tissue,0,96.21346697984175
54.66999999999996,-449.94000000000005,0.0,CD4_Tcell,1,120.01175181270594
-156.26999999999998,354.56,0.0,other_tissue,0,77.62974527022318
-374.34000000000003,149.14999999999998,0.0,other_tissue,0,150.8064150509917
-283.59000000000003,-76.58000000000004,0.0,other_tissue,0,198.59227810759833
-375.61,85.88999999999999,0.0,other_tissue,0,85.06775632037602
-455.8,289.18,0.0,CD4_Tcell,1,181.81246022699733
-437.88,178.64999999999998,0.0,CD8_Tcell,1,72.78782605961582
-430.09000000000003,499.6983,0.0,CD4_Tcell,1,190.45889584313053
-393.6,220.7,0.0,other_tissue,0,721.4254037370819
-66.08999999999997,-133.58000000000004,0.0,other_tissue,0,216.05171988759312
4.199999999999989,312.07,0.0,CAF,1,116.86233555366181
-397.86,-133.60000000000002,0.0,other_tissue,0,299.26795550298687
-353.83000000000004,462.43,0.0,CD4_Tcell,1,120.01175181270594
-500.2563,-386.22,0.0,other_tissue,0,173.61981615294889
-306.12,406.08,0.0,other_tissue,0,125.47786352195065
217.86,455.53,0.0,other_tissue,0,101.0127819825116
190.07000000000005,-364.86,0.0,other_tissue,0,125.15693810138471
463.70000000000005,418.13,0.0,other_tissue,0,77.62974527022318
-282.43,-60.370000000000005,0.0,other_tissue,0,101.70137172310254
-393.98,383.92,0.0,other_tissue,0,225.1347383055449
-481.04,346.81,0.0,other_tissue,0,245.20181027094097
164.35000000000002,114.75,0.0,CAF,1,153.43161337191663
-330.45,350.78999999999996,0.0,CD8_Tcell,1,72.78782605961582
213.76999999999998,233.82999999999998,0.0,other_tissue,0,78.61998235018336
-283.71000000000004,69.38,0.0,other_tissue,0,144.45799673796483
-195.36,-37.99000000000001,0.0,other_tissue,0,153.63960607160544
-410.63,373.94,0.0,other_tissue,0,205.23293270004632
453.15,-134.09000000000003,0.0,other_tissue,0,178.10531551330843
227.36,-204.25,0.0,other_tissue,0,171.54365587863182
-466.51,248.39,0.0,other_tissue,0,246.3972974562566
-471.99,226.19,0.0,CD4_Tcell,1,122.13241953838877
-409.93,288.51,0.0,CAF,1,137.40631219804624
493.26,-303.86,0.0,CAF,1,116.86233555366181
105.99000000000001,135.23000000000002,0.0,other_tissue,0,262.04632983862405
-425.96,75.31,0.0,other_tissue,0,148.44169611279568
-408.14,-424.23,0.0,other_tissue,0,77.62974527022318
-170.25,-467.07000000000005,0.0,other_tissue,0,77.62974527022318
-310.5,392.53,0.0,other_tissue,0,139.84798859696926
484.65,-291.64,0.0,CAF,1,155.8839093360827
-297.83000000000004,-5.1200000000000045,0.0,other_tissue,0,80.96372998855048
6.230000000000018,-497.6,0.0,other_tissue,0,77.62974527022318
488.53999999999996,8.779999999999973,0.0,apCAF,1,118.29839618771331
-45.94,-394.26,0.0,other_tissue,0,262.99803502267565
-208.66000000000003,145.49,0.0,other_tissue,0,179.3097451590587
-282.86,-63.58000000000004,0.0,other_tissue,0,77.62974527022318
-499.8801,402.01,0.0,CD4_Tcell,1,187.67111538405624
-399.76,257.03,0.0,other_tissue,0,203.51308920458524
3.8000000000000114,370.66999999999996,0.0,other_tissue,0,93.04527432493663
440.13,-341.25,0.0,other_tissue,0,77.62974527022318
413.78999999999996,362.33000000000004,0.0,other_tissue,0,103.47648707905346
-393.11,180.79000000000002,0.0,CAF,1,127.96677015530153
-396.74,122.01999999999998,0.0,other_tissue,0,181.69608287696707
235.0,353.76,0.0,other_tissue,0,124.19744599965601
-185.19,180.49,0.0,other_tissue,0,111.62222056160141
-452.56,295.6,0.0,other_tissue,0,201.9027255413869
-226.92000000000002,87.89999999999998,0.0,apCAF,1,126.90133839588647
-412.12,159.3,0.0,apCAF,1,472.8963396946062
19.42999999999995,-53.0,0.0,other_tissue,0,79.02449070303365
-63.27999999999997,-229.38,0.0,other_tissue,0,213.8478948873345
-461.44,158.43,0.0,other_tissue,0,200.02783963979707
-400.7,-134.77999999999997,0.0,other_tissue,0,84.95555852471165
12.370000000000005,-430.23,0.0,CD8_Tcell,1,86.28957054385499
-214.23000000000002,88.11000000000001,0.0,other_tissue,0,93.41814437567697
-171.82,-85.64999999999998,0.0,other_tissue,0,120.46748531279316
-241.41000000000003,-367.9,0.0,other_tissue,0,94.33212508214652
-468.12,85.70999999999998,0.0,CAF,1,162.6324434897408
-271.36,-18.75,0.0,other_tissue,0,183.3220876319686
78.38,-363.34000000000003,0.0,apCAF,1,1070.5733209759792
225.73000000000002,122.56,0.0,other_tissue,0,298.2845649589513
-328.32,-202.42999999999995,0.0,other_tissue,0,107.45419465395354
-320.4,447.56,0.0,other_tissue,0,112.68503229727956
-246.42,-198.66999999999996,0.0,CAF,1,116.86233555366181
-215.29000000000002,-128.22000000000003,0.0,other_tissue,0,91.60793221273052
372.22,436.17,0.0,other_tissue,0,195.72549068678146
445.42999999999995,414.08,0.0,other_tissue,0,99.73331713359178
-488.45,74.56,0.0,other_tissue,0,154.85664421138378
-422.37,-107.95000000000005,0.0,CAF,1,170.7982254689409
-237.87,91.89999999999998,0.0,other_tissue,0,92.02130405989969
-41.22000000000003,-394.79999999999995,0.0,other_tissue,0,168.2725495650652
-334.22,62.410000000000025,0.0,other_tissue,0,101.0075375620785
-491.815,5.680000000000007,0.0,other_tissue,0,316.8345051212037
-302.02,-37.22000000000003,0.0,other_tissue,0,123.92678480048497
-360.02,330.59000000000003,0.0,CD4_Tcell,1,126.89523237950895
1.3999999999999773,370.12,0.0,other_tissue,0,77.62974527022318
-112.48000000000002,-307.58000000000004,0.0,other_tissue,0,117.36273765632896
-499.8743,33.75,0.0,other_tissue,0,87.63747482977344
-473.83,299.96000000000004,0.0,CAF,1,299.3436903254273
-273.65999999999997,23.819999999999993,0.0,other_tissue,0,80.93205698859738
8.889999999999986,-311.55999999999995,0.0,CAF,1,343.698699923665
13.899999999999977,-454.08000000000004,0.0,other_tissue,0,98.12994626242445
-488.36,126.20999999999998,0.0,other_tissue,0,151.33453309119534
-396.37,236.64999999999998,0.0,other_tissue,0,93.06017004280875
-309.68,455.92,0.0,other_tissue,0,82.15515660487523
-442.65999999999997,19.779999999999973,0.0,other_tissue,0,77.62974527022318
-387.29,-138.54999999999995,0.0,other_tissue,0,133.9080700901263
-307.86,-259.48,0.0,other_tissue,0,107.5416609682941
-142.61,296.8,0.0,other_tissue,0,77.62974527022318
-307.72,291.71000000000004,0.0,other_tissue,0,95.01018068640408
-74.39999999999998,-484.15999999999997,0.0,apCAF,1,381.3473616281375
98.65999999999997,-493.61,0.0,apCAF,1,178.92558146633027
-150.52999999999997,305.73,0.0,other_tissue,0,116.84185505867298
-170.91000000000003,115.30000000000001,0.0,other_tissue,0,85.43777173789957
114.33000000000004,-283.5,0.0,other_tissue,0,556.3665925473088
-270.12,-90.37,0.0,other_tissue,0,286.58835082697067
-375.51,281.83000000000004,0.0,CAF,1,123.62051114465135
-273.52,449.19,0.0,other_tissue,0,77.62974527022318
-394.95,270.47,0.0,CAF,1,179.05613549367158
-464.61,166.12,0.0,other_tissue,0,77.62974527022318
-464.63,-375.76,0.0,other_tissue,0,106.5930099836412
47.51999999999998,-486.78,0.0,other_tissue,0,134.70073617268446
-40.44,-251.37,0.0,other_tissue,0,104.07988332953605
-214.7,22.360000000000014,0.0,apCAF,1,188.32179546842877
-411.92,366.26,0.0,other_tissue,0,163.01457069459485
349.35,417.95,0.0,other_tissue,0,168.5306287130323
494.04999999999995,62.31999999999999,0.0,other_tissue,0,77.62974527022318
-339.84000000000003,359.06,0.0,other_tissue,0,147.22483768450812
141.05999999999995,204.64999999999998,0.0,CAF,1,402.3328319650885
-487.53,-149.05999999999995,0.0,other_tissue,0,138.37436777627315
-140.5,298.8,0.0,other_tissue,0,171.58845054279686
-48.329999999999984,-460.41999999999996,0.0,other_tissue,0,135.30525003244162
197.5,-436.39,0.0,other_tissue,0,91.27420601239504
-485.68,213.69,0.0,other_tissue,0,178.63398431588317
376.84000000000003,-60.49000000000001,0.0,other_tissue,0,327.97550171106684
-469.59,-302.52,0.0,other_tissue,0,77.62974527022318
-495.496,202.08999999999997,0.0,other_tissue,0,95.75725552401485
-386.13,-283.54999999999995,0.0,other_tissue,0,77.62974527022318
-481.67,197.87,0.0,other_tissue,0,149.54258533274486
-312.90999999999997,296.96000000000004,0.0,other_tissue,0,152.9331969590491
-500.1547,25.329999999999984,0.0,other_tissue,0,439.0140646161688
-409.5,368.06,0.0,other_tissue,0,145.83369318276985
220.30999999999995,48.73000000000002,0.0,other_tissue,0,288.36831040083393
-341.89,-147.64,0.0,other_tissue,0,121.05232570747387
65.00999999999999,326.3,0.0,other_tissue,0,118.94051714588966
494.66999999999996,22.79000000000002,0.0,other_tissue,0,498.0907397125172
-460.34000000000003,113.88999999999999,0.0,CAF,1,131.54874222941734
-438.36,308.05,0.0,other_tissue,0,257.2439789722023
-414.52,375.99,0.0,other_tissue,0,351.203402386822
317.27,248.43,0.0,other_tissue,0,114.45423936435392
-248.88,327.93,0.0,CAF,1,116.86233555366181
-210.45999999999998,-262.35,0.0,other_tissue,0,78.44261410515792
-262.97,288.36,0.0,other_tissue,0,82.75522814870261
-436.89488223348474,363.0,0.0,duct_filler,0,1247.0
-440.3589838486225,357.0,0.0,duct_filler,0,1247.0
-433.43078061834694,357.0,0.0,duct_filler,0,1247.0
-426.5025773880715,357.0,0.0,duct_filler,0,1247.0
-419.5743741577959,357.0,0.0,duct_filler,0,1247.0
-412.6461709275204,357.0,0.0,duct_filler,0,1247.0
-443.8230854637602,351.0,0.0,duct_filler,0,1247.0
-436.89488223348474,351.0,0.0,duct_filler,0,1247.0
-429.9666790032092,351.0,0.0,duct_filler,0,1247.0
-423.0384757729337,351.0,0.0,duct_filler,0,1247.0
-416.1102725426582,351.0,0.0,duct_filler,0,1247.0
-409.1820693123827,351.0,0.0,duct_filler,0,1247.0
-440.3589838486225,345.0,0.0,duct_filler,0,1247.0
-433.43078061834694,345.0,0.0,duct_filler,0,1247.0
-426.5025773880715,345.0,0.0,duct_filler,0,1247.0
-419.5743741577959,345.0,0.0,duct_filler,0,1247.0
-412.6461709275204,345.0,0.0,duct_filler,0,1247.0
-443.8230854637602,339.0,0.0,duct_filler,0,1247.0
-436.89488223348474,339.0,0.0,duct_filler,0,1247.0
-429.9666790032092,339.0,0.0,duct_filler,0,1247.0
-423.0384757729337,339.0,0.0,duct_filler,0,1247.0
-416.1102725426582,339.0,0.0,duct_filler,0,1247.0
-409.1820693123827,339.0,0.0,duct_filler,0,1247.0
-440.3589838486225,333.0,0.0,duct_filler,0,1247.0
-433.43078061834694,333.0,0.0,duct_filler,0,1247.0
-426.5025773880715,333.0,0.0,duct_filler,0,1247.0
-419.5743741577959,333.0,0.0,duct_filler,0,1247.0
-412.6461709275204,333.0,0.0,duct_filler,0,1247.0
-443.8230854637602,327.0,0.0,duct_filler,0,1247.0
-436.89488223348474,327.0,0.0,duct_filler,0,1247.0
-429.9666790032092,327.0,0.0,duct_filler,0,1247.0
-423.0384757729337,327.0,0.0,duct_filler,0,1247.0
-416.1102725426582,327.0,0.0,duct_filler,0,1247.0
-447.287187078898,321.0,0.0,duct_filler,0,1247.0
-440.3589838486225,321.0,0.0,duct_filler,0,1247.0
-433.43078061834694,321.0,0.0,duct_filler,0,1247.0
-426.5025773880715,321.0,0.0,duct_filler,0,1247.0
-419.5743741577959,321.0,0.0,duct_filler,0,1247.0
-443.8230854637602,315.0,0.0,duct_filler,0,1247.0
-436.89488223348474,315.0,0.0,duct_filler,0,1247.0
-429.9666790032092,315.0,0.0,duct_filler,0,1247.0
-423.0384757729337,315.0,0.0,duct_filler,0,1247.0
-433.43078061834694,309.0,0.0,duct_filler,0,1247.0
-471.53589838486226,63.0,0.0,duct_filler,0,1247.0
-464.60769515458674,63.00000000000006,0.0,duct_filler,0,1247.0
-468.0717967697245,57.0,0.0,duct_filler,0,1247.0
-471.53589838486226,51.0,0.0,duct_filler,0,1247.0
-464.60769515458674,51.00000000000006,0.0,duct_filler,0,1247.0
-475.0,45.00000000000006,0.0,duct_filler,0,1247.0
-329.5077321642143,21.0,0.0,duct_filler,0,1247.0
-322.57952893393883,21.0,0.0,duct_filler,0,1247.0
-315.65132570366336,21.0,0.0,duct_filler,0,1247.0
-308.7231224733879,21.0,0.0,duct_filler,0,1247.0
-326.0436305490766,15.0,0.0,duct_filler,0,1247.0
-319.1154273188011,15.0,0.0,duct_filler,0,1247.0
-312.18722408852557,15.0,0.0,duct_filler,0,1247.0
-305.2590208582501,15.0,0.0,duct_filler,0,1247.0
-329.5077321642143,9.000000000000057,0.0,duct_filler,0,1247.0
-322.57952893393883,9.000000000000057,0.0,duct_filler,0,1247.0
-315.65132570366336,9.000000000000057,0.0,duct_filler,0,1247.0
-308.7231224733879,9.000000000000057,0.0,duct_filler,0,1247.0
-301.79491924311236,9.000000000000057,0.0,duct_filler,0,1247.0
-332.9718337793521,3.0,0.0,duct_filler,0,1247.0
-326.0436305490766,3.0,0.0,duct_filler,0,1247.0
-319.1154273188011,3.0,0.0,duct_filler,0,1247.0
-312.18722408852557,3.0,0.0,duct_filler,0,1247.0
-305.2590208582501,3.0,0.0,duct_filler,0,1247.0
-298.3308176279746,3.0,0.0,duct_filler,0,1247.0
-329.5077321642143,-3.0,0.0,duct_filler,0,1247.0
-322.57952893393883,-3.0,0.0,duct_filler,0,1247.0
-315.65132570366336,-3.0,0.0,duct_filler,0,1247.0
-308.7231224733879,-3.0,0.0,duct_filler,0,1247.0
-301.79491924311236,-3.0,0.0,duct_filler,0,1247.0
-326.0436305490766,-9.000000000000057,0.0,duct_filler,0,1247.0
-319.1154273188011,-9.000000000000057,0.0,duct_filler,0,1247.0
-312.18722408852557,-9.000000000000057,0.0,duct_filler,0,1247.0
-305.2590208582501,-9.000000000000057,0.0,duct_filler,0,1247.0
-329.5077321642143,-15.000000000000114,0.0,duct_filler,0,1247.0
-322.57952893393883,-15.000000000000114,0.0,duct_filler,0,1247.0
-315.65132570366336,-15.000000000000114,0.0,duct_filler,0,1247.0
-326.0436305490766,-21.0,0.0,duct_filler,0,1247.0
-319.1154273188011,-21.0,0.0,duct_filler,0,1247.0
-312.18722408852557,-21.0,0.0,duct_filler,0,1247.0
-305.2590208582501,-21.0,0.0,duct_filler,0,1247.0
-336.4359353944898,-26.999999999999886,0.0,duct_filler,0,1247.0
-329.5077321642143,-26.999999999999886,0.0,duct_filler,0,1247.0
-322.57952893393883,-26.999999999999886,0.0,duct_filler,0,1247.0
-315.65132570366336,-26.999999999999886,0.0,duct_filler,0,1247.0
-308.7231224733879,-26.999999999999886,0.0,duct_filler,0,1247.0
-301.79491924311236,-26.999999999999886,0.0,duct_filler,0,1247.0
-332.9718337793521,-33.0,0.0,duct_filler,0,1247.0
-326.0436305490766,-33.0,0.0,duct_filler,0,1247.0
-319.1154273188011,-33.0,0.0,duct_filler,0,1247.0
-312.18722408852557,-33.0,0.0,duct_filler,0,1247.0
-305.2590208582501,-33.0,0.0,duct_filler,0,1247.0
-336.4359353944898,-39.0,0.0,duct_filler,0,1247.0
-329.5077321642143,-39.0,0.0,duct_filler,0,1247.0
-322.57952893393883,-39.0,0.0,duct_filler,0,1247.0
-315.65132570366336,-39.0,0.0,duct_filler,0,1247.0
-308.7231224733879,-39.0,0.0,duct_filler,0,1247.0
-332.9718337793521,-44.999999999999886,0.0,duct_filler,0,1247.0
-326.0436305490766,-44.999999999999886,0.0,duct_filler,0,1247.0
-319.1154273188011,-44.999999999999886,0.0,duct_filler,0,1247.0
-312.18722408852557,-44.999999999999886,0.0,duct_filler,0,1247.0
-329.5077321642143,-51.0,0.0,duct_filler,0,1247.0
-322.57952893393883,-51.0,0.0,duct_filler,0,1247.0
-315.65132570366336,-51.0,0.0,duct_filler,0,1247.0
-332.9718337793521,-57.0,0.0,duct_filler,0,1247.0
-326.0436305490766,-57.0,0.0,duct_filler,0,1247.0
-319.1154273188011,-57.0,0.0,duct_filler,0,1247.0
-312.18722408852557,-57.0,0.0,duct_filler,0,1247.0
-336.4359353944898,-63.0,0.0,duct_filler,0,1247.0
-329.5077321642143,-63.0,0.0,duct_filler,0,1247.0
-322.57952893393883,-63.0,0.0,duct_filler,0,1247.0
-315.65132570366336,-63.0,0.0,duct_filler,0,1247.0
-346.8282402399031,-69.0,0.0,duct_filler,0,1247.0
-339.9000370096276,-69.0,0.0,duct_filler,0,1247.0
-332.9718337793521,-69.0,0.0,duct_filler,0,1247.0
-326.0436305490766,-69.0,0.0,duct_filler,0,1247.0
-319.1154273188011,-69.0,0.0,duct_filler,0,1247.0
-350.29234185504083,-75.0,0.0,duct_filler,0,1247.0
-343.36413862476536,-75.0,0.0,duct_filler,0,1247.0
-336.4359353944898,-75.0,0.0,duct_filler,0,1247.0
-329.5077321642143,-75.0,0.0,duct_filler,0,1247.0
-322.57952893393883,-75.0,0.0,duct_filler,0,1247.0
-315.65132570366336,-75.0,0.0,duct_filler,0,1247.0
-353.7564434701786,-81.00000000000011,0.0,duct_filler,0,1247.0
-346.8282402399031,-81.00000000000011,0.0,duct_filler,0,1247.0
-339.9000370096276,-81.00000000000011,0.0,duct_filler,0,1247.0
-332.9718337793521,-81.00000000000011,0.0,duct_filler,0,1247.0
-326.0436305490766,-81.00000000000011,0.0,duct_filler,0,1247.0
-371.07695154586736,-87.0,0.0,duct_filler,0,1247.0
-364.14874831559183,-87.0,0.0,duct_filler,0,1247.0
-357.2205450853163,-87.0,0.0,duct_filler,0,1247.0
-350.29234185504083,-87.0,0.0,duct_filler,0,1247.0
-343.36413862476536,-87.0,0.0,duct_filler,0,1247.0
-336.4359353944898,-87.0,0.0,duct_filler,0,1247.0
-329.5077321642143,-87.0,0.0,duct_filler,0,1247.0
-322.57952893393883,-87.0,0.0,duct_filler,0,1247.0
-374.5410531610051,-93.0,0.0,duct_filler,0,1247.0
-367.61284993072957,-93.00000000000011,0.0,duct_filler,0,1247.0
-360.6846467004541,-93.00000000000011,0.0,duct_filler,0,1247.0
-353.7564434701786,-93.00000000000011,0.0,duct_filler,0,1247.0
-346.8282402399031,-93.00000000000011,0.0,duct_filler,0,1247.0
-339.9000370096276,-93.00000000000011,0.0,duct_filler,0,1247.0
-332.9718337793521,-93.00000000000011,0.0,duct_filler,0,1247.0
-378.00515477614283,-99.0,0.0,duct_filler,0,1247.0
-371.07695154586736,-98.99999999999989,0.0,duct_filler,0,1247.0
-364.14874831559183,-99.0,0.0,duct_filler,0,1247.0
-357.2205450853163,-99.0,0.0,duct_filler,0,1247.0
-350.29234185504083,-99.0,0.0,duct_filler,0,1247.0
-343.36413862476536,-99.0,0.0,duct_filler,0,1247.0
-336.4359353944898,-99.0,0.0,duct_filler,0,1247.0
-52.37960295319357,-99.0,0.0,duct_filler,0,1247.0
-45.45139972291804,-99.0,0.0,duct_filler,0,1247.0
-38.52319649264251,-99.0,0.0,duct_filler,0,1247.0
-31.594993262366927,-99.0,0.0,duct_filler,0,1247.0
-24.6667900320914,-99.0,0.0,duct_filler,0,1247.0
-374.5410531610051,-105.0,0.0,duct_filler,0,1247.0
-367.61284993072957,-104.99999999999989,0.0,duct_filler,0,1247.0
-360.6846467004541,-104.99999999999989,0.0,duct_filler,0,1247.0
-353.7564434701786,-104.99999999999989,0.0,duct_filler,0,1247.0
-346.8282402399031,-104.99999999999989,0.0,duct_filler,0,1247.0
-55.84370456833125,-105.0,0.0,duct_filler,0,1247.0
-48.91550133805572,-105.0,0.0,duct_filler,0,1247.0
-41.98729810778025,-105.0,0.0,duct_filler,0,1247.0
-35.05909487750472,-105.0,0.0,duct_filler,0,1247.0
-28.13089164722919,-105.0,0.0,duct_filler,0,1247.0
-21.202688416953606,-105.0,0.0,duct_filler,0,1247.0
-371.07695154586736,-111.0,0.0,duct_filler,0,1247.0
-364.14874831559183,-111.0,0.0,duct_filler,0,1247.0
-357.2205450853163,-111.0,0.0,duct_filler,0,1247.0
-350.29234185504083,-111.0,0.0,duct_filler,0,1247.0
-336.4359353944898,-111.0,0.0,duct_filler,0,1247.0
-59.307806183469154,-111.0,0.0,duct_filler,0,1247.0
-52.37960295319357,-111.0,0.0,duct_filler,0,1247.0
-45.45139972291804,-111.0,0.0,duct_filler,0,1247.0
-38.52319649264251,-111.0,0.0,duct_filler,0,1247.0
-31.594993262366927,-111.0,0.0,duct_filler,0,1247.0
-24.6667900320914,-111.0,0.0,duct_filler,0,1247.0
-374.5410531610051,-117.0,0.0,duct_filler,0,1247.0
-367.61284993072957,-116.99999999999989,0.0,duct_filler,0,1247.0
-360.6846467004541,-116.99999999999989,0.0,duct_filler,0,1247.0
-353.7564434701786,-116.99999999999989,0.0,duct_filler,0,1247.0
-339.9000370096276,-116.99999999999989,0.0,duct_filler,0,1247.0
-332.9718337793521,-116.99999999999989,0.0,duct_filler,0,1247.0
-55.84370456833125,-117.0,0.0,duct_filler,0,1247.0
-48.91550133805572,-117.0,0.0,duct_filler,0,1247.0
-41.98729810778025,-117.0,0.0,duct_filler,0,1247.0
-35.05909487750472,-117.0,0.0,duct_filler,0,1247.0
-28.13089164722919,-117.0,0.0,duct_filler,0,1247.0
-371.07695154586736,-123.0,0.0,duct_filler,0,1247.0
-364.14874831559183,-123.0,0.0,duct_filler,0,1247.0
-357.2205450853163,-123.0,0.0,duct_filler,0,1247.0
-350.29234185504083,-123.0,0.0,duct_filler,0,1247.0
-343.36413862476536,-123.0,0.0,duct_filler,0,1247.0
-336.4359353944898,-123.0,0.0,duct_filler,0,1247.0
-329.5077321642143,-123.0,0.0,duct_filler,0,1247.0
-45.45139972291804,-123.0,0.0,duct_filler,0,1247.0
-38.52319649264251,-123.0,0.0,duct_filler,0,1247.0
-31.594993262366927,-123.0,0.0,duct_filler,0,1247.0
-24.6667900320914,-123.0,0.0,duct_filler,0,1247.0
-17.738586801815927,-123.0,0.0,duct_filler,0,1247.0
-367.61284993072957,-129.0,0.0,duct_filler,0,1247.0
-360.6846467004541,-129.0,0.0,duct_filler,0,1247.0
-353.7564434701786,-129.0,0.0,duct_filler,0,1247.0
-346.8282402399031,-129.0,0.0,duct_filler,0,1247.0
-339.9000370096276,-129.0,0.0,duct_filler,0,1247.0
-332.9718337793521,-129.0,0.0,duct_filler,0,1247.0
-35.05909487750472,-129.0,0.0,duct_filler,0,1247.0
-28.13089164722919,-129.0,0.0,duct_filler,0,1247.0
-21.202688416953606,-129.0,0.0,duct_filler,0,1247.0
-350.29234185504083,-135.0000000000001,0.0,duct_filler,0,1247.0
-31.594993262366927,-135.0,0.0,duct_filler,0,1247.0
-24.6667900320914,-135.0,0.0,duct_filler,0,1247.0
-45.45139972291804,-159.0,0.0,duct_filler,0,1247.0
-38.52319649264251,-159.0,0.0,duct_filler,0,1247.0
-31.594993262366927,-159.0,0.0,duct_filler,0,1247.0
-24.6667900320914,-159.0,0.0,duct_filler,0,1247.0
-41.98729810778025,-165.0,0.0,duct_filler,0,1247.0
-35.05909487750472,-165.0,0.0,duct_filler,0,1247.0
-28.13089164722919,-165.0,0.0,duct_filler,0,1247.0
-21.202688416953606,-165.0,0.0,duct_filler,0,1247.0
-45.45139972291804,-171.0,0.0,duct_filler,0,1247.0
-38.52319649264251,-171.0,0.0,duct_filler,0,1247.0
-31.594993262366927,-171.0,0.0,duct_filler,0,1247.0
-24.6667900320914,-171.0,0.0,duct_filler,0,1247.0
-48.91550133805572,-177.0,0.0,duct_filler,0,1247.0
-41.98729810778025,-177.0,0.0,duct_filler,0,1247.0
-35.05909487750472,-177.0,0.0,duct_filler,0,1247.0
-28.13089164722919,-177.0,0.0,duct_filler,0,1247.0
-21.202688416953606,-177.0,0.0,duct_filler,0,1247.0
-52.37960295319357,-183.0,0.0,duct_filler,0,1247.0
-45.45139972291804,-183.0,0.0,duct_filler,0,1247.0
-38.52319649264251,-183.0,0.0,duct_filler,0,1247.0
-31.594993262366927,-183.0,0.0,duct_filler,0,1247.0
-24.6667900320914,-183.0,0.0,duct_filler,0,1247.0
-17.738586801815927,-183.0,0.0,duct_filler,0,1247.0
-55.84370456833125,-188.9999999999999,0.0,duct_filler,0,1247.0
-48.91550133805572,-188.9999999999999,0.0,duct_filler,0,1247.0
-41.98729810778025,-188.9999999999999,0.0,duct_filler,0,1247.0
-35.05909487750472,-188.9999999999999,0.0,duct_filler,0,1247.0
-28.13089164722919,-188.9999999999999,0.0,duct_filler,0,1247.0
-21.202688416953606,-188.9999999999999,0.0,duct_filler,0,1247.0
-14.274485186678078,-188.9999999999999,0.0,duct_filler,0,1247.0
-52.37960295319357,-195.0000000000001,0.0,duct_filler,0,1247.0
-45.45139972291804,-195.0000000000001,0.0,duct_filler,0,1247.0
-38.52319649264251,-195.0000000000001,0.0,duct_filler,0,1247.0
-31.594993262366927,-195.0000000000001,0.0,duct_filler,0,1247.0
-24.6667900320914,-195.0000000000001,0.0,duct_filler,0,1247.0
-17.738586801815927,-195.0000000000001,0.0,duct_filler,0,1247.0
-10.810383571540285,-195.0000000000001,0.0,duct_filler,0,1247.0
-48.91550133805572,-201.0000000000001,0.0,duct_filler,0,1247.0
-41.98729810778025,-201.0000000000001,0.0,duct_filler,0,1247.0
-35.05909487750472,-201.0000000000001,0.0,duct_filler,0,1247.0
-28.13089164722919,-201.0000000000001,0.0,duct_filler,0,1247.0
-21.202688416953606,-201.0000000000001,0.0,duct_filler,0,1247.0
-14.274485186678078,-201.0000000000001,0.0,duct_filler,0,1247.0
-52.37960295319357,-207.0000000000001,0.0,duct_filler,0,1247.0
-45.45139972291804,-207.0000000000001,0.0,duct_filler,0,1247.0
-38.52319649264251,-207.0000000000001,0.0,duct_filler,0,1247.0
-31.594993262366927,-207.0000000000001,0.0,duct_filler,0,1247.0
-24.6667900320914,-207.0000000000001,0.0,duct_filler,0,1247.0
-17.738586801815927,-207.0000000000001,0.0,duct_filler,0,1247.0
-10.810383571540285,-207.0000000000001,0.0,duct_filler,0,1247.0
-41.98729810778025,-212.9999999999999,0.0,duct_filler,0,1247.0
-35.05909487750472,-212.9999999999999,0.0,duct_filler,0,1247.0
-28.13089164722919,-212.9999999999999,0.0,duct_filler,0,1247.0
-21.202688416953606,-212.9999999999999,0.0,duct_filler,0,1247.0
-14.274485186678078,-212.9999999999999,0.0,duct_filler,0,1247.0
-52.37960295319357,-219.0000000000001,0.0,duct_filler,0,1247.0
-45.45139972291804,-219.0000000000001,0.0,duct_filler,0,1247.0
-38.52319649264251,-219.0000000000001,0.0,duct_filler,0,1247.0
-31.594993262366927,-219.0000000000001,0.0,duct_filler,0,1247.0
-24.6667900320914,-219.0000000000001,0.0,duct_filler,0,1247.0
-17.738586801815927,-219.0000000000001,0.0,duct_filler,0,1247.0
-10.810383571540285,-219.0000000000001,0.0,duct_filler,0,1247.0
-55.84370456833125,-225.0,0.0,duct_filler,0,1247.0
-48.91550133805572,-225.0,0.0,duct_filler,0,1247.0
-41.98729810778025,-225.0,0.0,duct_filler,0,1247.0
-35.05909487750472,-225.0,0.0,duct_filler,0,1247.0
-28.13089164722919,-225.0,0.0,duct_filler,0,1247.0
-21.202688416953606,-225.0,0.0,duct_filler,0,1247.0
-14.274485186678078,-225.0,0.0,duct_filler,0,1247.0
-7.346281956402549,-225.0,0.0,duct_filler,0,1247.0
-59.307806183469154,-231.0,0.0,duct_filler,0,1247.0
-52.37960295319357,-231.0,0.0,duct_filler,0,1247.0
-45.45139972291804,-231.0,0.0,duct_filler,0,1247.0
-38.52319649264251,-231.0,0.0,duct_filler,0,1247.0
-31.594993262366927,-231.0,0.0,duct_filler,0,1247.0
-24.6667900320914,-231.0,0.0,duct_filler,0,1247.0
-17.738586801815927,-231.0,0.0,duct_filler,0,1247.0
-10.810383571540285,-231.0,0.0,duct_filler,0,1247.0
-3.8821803412649274,-231.0,0.0,duct_filler,0,1247.0
-55.84370456833125,-237.0,0.0,duct_filler,0,1247.0
-48.91550133805572,-237.0,0.0,duct_filler,0,1247.0
-41.98729810778025,-237.0,0.0,duct_filler,0,1247.0
-35.05909487750472,-237.0,0.0,duct_filler,0,1247.0
-28.13089164722919,-237.0,0.0,duct_filler,0,1247.0
-21.202688416953606,-237.0,0.0,duct_filler,0,1247.0
-14.274485186678078,-237.0,0.0,duct_filler,0,1247.0
-7.346281956402549,-237.0,0.0,duct_filler,0,1247.0
-59.307806183469154,-243.0000000000001,0.0,duct_filler,0,1247.0
-52.37960295319357,-243.0000000000001,0.0,duct_filler,0,1247.0
-45.45139972291804,-243.0000000000001,0.0,duct_filler,0,1247.0
-38.52319649264251,-243.0000000000001,0.0,duct_filler,0,1247.0
-31.594993262366927,-243.0000000000001,0.0,duct_filler,0,1247.0
-24.6667900320914,-243.0000000000001,0.0,duct_filler,0,1247.0
-17.738586801815927,-243.0000000000001,0.0,duct_filler,0,1247.0
-10.810383571540285,-243.0000000000001,0.0,duct_filler,0,1247.0
-3.8821803412649274,-243.0000000000001,0.0,duct_filler,0,1247.0
-48.91550133805572,-249.0,0.0,duct_filler,0,1247.0
-41.98729810778025,-249.0,0.0,duct_filler,0,1247.0
-28.13089164722919,-249.0,0.0,duct_filler,0,1247.0
-21.202688416953606,-249.0,0.0,duct_filler,0,1247.0
-14.274485186678078,-249.0,0.0,duct_filler,0,1247.0
-7.346281956402549,-249.0,0.0,duct_filler,0,1247.0
-0.41807872612707797,-249.0,0.0,duct_filler,0,1247.0
-24.6667900320914,-255.0000000000001,0.0,duct_filler,0,1247.0
-17.738586801815927,-255.0000000000001,0.0,duct_filler,0,1247.0
-10.810383571540285,-255.0000000000001,0.0,duct_filler,0,1247.0
-3.8821803412649274,-255.0000000000001,0.0,duct_filler,0,1247.0
3.046022889010601,-255.0000000000001,0.0,duct_filler,0,1247.0
37.68703904038807,-255.0,0.0,duct_filler,0,1247.0
-21.202688416953606,-261.0,0.0,duct_filler,0,1247.0
20.366530964699564,-260.9999999999999,0.0,duct_filler,0,1247.0
27.29473419497492,-260.9999999999999,0.0,duct_filler,0,1247.0
34.22293742525039,-260.9999999999999,0.0,duct_filler,0,1247.0
41.151140655525865,-260.9999999999999,0.0,duct_filler,0,1247.0
48.079343885801336,-260.9999999999999,0.0,duct_filler,0,1247.0
16.902429349561658,-267.0000000000001,0.0,duct_filler,0,1247.0
23.83063257983713,-267.0000000000001,0.0,duct_filler,0,1247.0
30.758835810112714,-267.0000000000001,0.0,duct_filler,0,1247.0
37.68703904038807,-267.0000000000001,0.0,duct_filler,0,1247.0
44.61524227066354,-267.0000000000001,0.0,duct_filler,0,1247.0
13.438327734423979,-273.0,0.0,duct_filler,0,1247.0
20.366530964699564,-273.0,0.0,duct_filler,0,1247.0
27.29473419497492,-273.0,0.0,duct_filler,0,1247.0
34.22293742525039,-273.0,0.0,duct_filler,0,1247.0
41.151140655525865,-273.0,0.0,duct_filler,0,1247.0
48.079343885801336,-273.0,0.0,duct_filler,0,1247.0
55.00754711607681,-273.0,0.0,duct_filler,0,1247.0
9.974226119286186,-279.0,0.0,duct_filler,0,1247.0
16.902429349561658,-279.0,0.0,duct_filler,0,1247.0
23.83063257983713,-279.0,0.0,duct_filler,0,1247.0
30.758835810112714,-279.0,0.0,duct_filler,0,1247.0
37.68703904038807,-279.0,0.0,duct_filler,0,1247.0
44.61524227066354,-279.0,0.0,duct_filler,0,1247.0
51.543445500939015,-279.0,0.0,duct_filler,0,1247.0
58.471648731214486,-279.0,0.0,duct_filler,0,1247.0
6.5101245041483935,-284.9999999999999,0.0,duct_filler,0,1247.0
13.438327734423979,-284.9999999999999,0.0,duct_filler,0,1247.0
20.366530964699564,-285.0,0.0,duct_filler,0,1247.0
27.29473419497492,-285.0,0.0,duct_filler,0,1247.0
34.22293742525039,-285.0,0.0,duct_filler,0,1247.0
41.151140655525865,-285.0,0.0,duct_filler,0,1247.0
48.079343885801336,-285.0,0.0,duct_filler,0,1247.0
55.00754711607681,-285.0,0.0,duct_filler,0,1247.0
61.935750346352165,-285.0,0.0,duct_filler,0,1247.0
9.974226119286186,-291.0,0.0,duct_filler,0,1247.0
16.902429349561658,-291.0,0.0,duct_filler,0,1247.0
23.83063257983713,-291.0,0.0,duct_filler,0,1247.0
30.758835810112714,-291.0,0.0,duct_filler,0,1247.0
37.68703904038807,-291.0,0.0,duct_filler,0,1247.0
44.61524227066354,-291.0,0.0,duct_filler,0,1247.0
51.543445500939015,-291.0,0.0,duct_filler,0,1247.0
58.471648731214486,-291.0,0.0,duct_filler,0,1247.0
65.39985196148996,-291.0,0.0,duct_filler,0,1247.0
6.5101245041483935,-297.0,0.0,duct_filler,0,1247.0
13.438327734423979,-296.9999999999999,0.0,duct_filler,0,1247.0
20.366530964699564,-297.0,0.0,duct_filler,0,1247.0
27.29473419497492,-297.0,0.0,duct_filler,0,1247.0
34.22293742525039,-297.0,0.0,duct_filler,0,1247.0
41.151140655525865,-297.0,0.0,duct_filler,0,1247.0
48.079343885801336,-297.0,0.0,duct_filler,0,1247.0
55.00754711607681,-297.0,0.0,duct_filler,0,1247.0
61.935750346352165,-297.0,0.0,duct_filler,0,1247.0
9.974226119286186,-303.0000000000001,0.0,duct_filler,0,1247.0
16.902429349561658,-303.0,0.0,duct_filler,0,1247.0
23.83063257983713,-303.0,0.0,duct_filler,0,1247.0
30.758835810112714,-303.0,0.0,duct_filler,0,1247.0
37.68703904038807,-303.0,0.0,duct_filler,0,1247.0
44.61524227066354,-303.0,0.0,duct_filler,0,1247.0
51.543445500939015,-303.0,0.0,duct_filler,0,1247.0
58.471648731214486,-303.0,0.0,duct_filler,0,1247.0
65.39985196148996,-303.0,0.0,duct_filler,0,1247.0
13.438327734423979,-309.0,0.0,duct_filler,0,1247.0
20.366530964699564,-309.0,0.0,duct_filler,0,1247.0
27.29473419497492,-309.0,0.0,duct_filler,0,1247.0
34.22293742525039,-309.0,0.0,duct_filler,0,1247.0
41.151140655525865,-309.0,0.0,duct_filler,0,1247.0
48.079343885801336,-309.0,0.0,duct_filler,0,1247.0
55.00754711607681,-309.0,0.0,duct_filler,0,1247.0
61.935750346352165,-309.0,0.0,duct_filler,0,1247.0
68.86395357662775,-309.0,0.0,duct_filler,0,1247.0
16.902429349561658,-314.9999999999999,0.0,duct_filler,0,1247.0
23.83063257983713,-314.9999999999999,0.0,duct_filler,0,1247.0
30.758835810112714,-314.9999999999999,0.0,duct_filler,0,1247.0
37.68703904038807,-314.9999999999999,0.0,duct_filler,0,1247.0
44.61524227066354,-314.9999999999999,0.0,duct_filler,0,1247.0
51.543445500939015,-314.9999999999999,0.0,duct_filler,0,1247.0
58.471648731214486,-314.9999999999999,0.0,duct_filler,0,1247.0
65.39985196148996,-314.9999999999999,0.0,duct_filler,0,1247.0
20.366530964699564,-321.0,0.0,duct_filler,0,1247.0
27.29473419497492,-321.0,0.0,duct_filler,0,1247.0
34.22293742525039,-321.0,0.0,duct_filler,0,1247.0
41.151140655525865,-321.0,0.0,duct_filler,0,1247.0
48.079343885801336,-321.0,0.0,duct_filler,0,1247.0
55.00754711607681,-321.0,0.0,duct_filler,0,1247.0
61.935750346352165,-321.0,0.0,duct_filler,0,1247.0
68.86395357662775,-321.0,0.0,duct_filler,0,1247.0
23.83063257983713,-327.0,0.0,duct_filler,0,1247.0
30.758835810112714,-327.0,0.0,duct_filler,0,1247.0
37.68703904038807,-327.0,0.0,duct_filler,0,1247.0
44.61524227066354,-327.0,0.0,duct_filler,0,1247.0
51.543445500939015,-327.0,0.0,duct_filler,0,1247.0
58.471648731214486,-327.0,0.0,duct_filler,0,1247.0
65.39985196148996,-327.0,0.0,duct_filler,0,1247.0
27.29473419497492,-333.0000000000001,0.0,duct_filler,0,1247.0
34.22293742525039,-333.0000000000001,0.0,duct_filler,0,1247.0
41.151140655525865,-333.0000000000001,0.0,duct_filler,0,1247.0
48.079343885801336,-333.0000000000001,0.0,duct_filler,0,1247.0
55.00754711607681,-333.0000000000001,0.0,duct_filler,0,1247.0
61.935750346352165,-333.0000000000001,0.0,duct_filler,0,1247.0
68.86395357662775,-333.0000000000001,0.0,duct_filler,0,1247.0
23.83063257983713,-339.0,0.0,duct_filler,0,1247.0
30.758835810112714,-339.0,0.0,duct_filler,0,1247.0
37.68703904038807,-339.0,0.0,duct_filler,0,1247.0
44.61524227066354,-339.0,0.0,duct_filler,0,1247.0
51.543445500939015,-339.0,0.0,duct_filler,0,1247.0
58.471648731214486,-339.0,0.0,duct_filler,0,1247.0
65.39985196148996,-339.0,0.0,duct_filler,0,1247.0
27.29473419497492,-344.9999999999999,0.0,duct_filler,0,1247.0
34.22293742525039,-344.9999999999999,0.0,duct_filler,0,1247.0
41.151140655525865,-344.9999999999999,0.0,duct_filler,0,1247.0
48.079343885801336,-344.9999999999999,0.0,duct_filler,0,1247.0
55.00754711607681,-344.9999999999999,0.0,duct_filler,0,1247.0
61.935750346352165,-344.9999999999999,0.0,duct_filler,0,1247.0
68.86395357662775,-344.9999999999999,0.0,duct_filler,0,1247.0
30.758835810112714,-351.0,0.0,duct_filler,0,1247.0
37.68703904038807,-351.0,0.0,duct_filler,0,1247.0
44.61524227066354,-351.0,0.0,duct_filler,0,1247.0
51.543445500939015,-351.0,0.0,duct_filler,0,1247.0
58.471648731214486,-351.0,0.0,duct_filler,0,1247.0
65.39985196148996,-351.0,0.0,duct_filler,0,1247.0
72.32805519176543,-351.0,0.0,duct_filler,0,1247.0
27.29473419497492,-357.0,0.0,duct_filler,0,1247.0
34.22293742525039,-357.0,0.0,duct_filler,0,1247.0
41.151140655525865,-357.0,0.0,duct_filler,0,1247.0
48.079343885801336,-357.0,0.0,duct_filler,0,1247.0
55.00754711607681,-357.0,0.0,duct_filler,0,1247.0
61.935750346352165,-357.0,0.0,duct_filler,0,1247.0
68.86395357662775,-357.0,0.0,duct_filler,0,1247.0
30.758835810112714,-362.9999999999999,0.0,duct_filler,0,1247.0
37.68703904038807,-362.9999999999999,0.0,duct_filler,0,1247.0
44.61524227066354,-362.9999999999999,0.0,duct_filler,0,1247.0
51.543445500939015,-362.9999999999999,0.0,duct_filler,0,1247.0
58.471648731214486,-362.9999999999999,0.0,duct_filler,0,1247.0
65.39985196148996,-362.9999999999999,0.0,duct_filler,0,1247.0
72.32805519176543,-362.9999999999999,0.0,duct_filler,0,1247.0
34.22293742525039,-369.0000000000001,0.0,duct_filler,0,1247.0
41.151140655525865,-369.0000000000001,0.0,duct_filler,0,1247.0
48.079343885801336,-369.0000000000001,0.0,duct_filler,0,1247.0
55.00754711607681,-369.0000000000001,0.0,duct_filler,0,1247.0
61.935750346352165,-369.0000000000001,0.0,duct_filler,0,1247.0
68.86395357662775,-369.0000000000001,0.0,duct_filler,0,1247.0
37.68703904038807,-375.0,0.0,duct_filler,0,1247.0
44.61524227066354,-375.0,0.0,duct_filler,0,1247.0
58.471648731214486,-375.0,0.0,duct_filler,0,1247.0
65.39985196148996,-375.0,0.0,duct_filler,0,1247.0
41.151140655525865,-380.9999999999999,0.0,duct_filler,0,1247.0
