x,y,z,type,is_movable,volume
431.84000000000003,355.88,0.0,mesenchymal_tumor_class1,1,849.6818921649385
-374.32,15.29000000000002,0.0,mesenchymal_tumor_class1,1,1966.2473178688974
-377.79,99.97000000000003,0.0,epithelial_tumor_class1_class2,1,970.7636350611415
7.720000000000027,338.0,0.0,other_tissue,0,685.3425058996935
35.75999999999999,323.90999999999997,0.0,other_tissue,0,1221.229406005376
437.90999999999997,449.67,0.0,mesenchymal_tumor_class1,1,888.0762641934158
367.79999999999995,276.16999999999996,0.0,other_tissue,0,1155.1048718457298
107.58000000000004,223.57,0.0,epithelial_tumor_class1,1,620.1792005978446
342.33000000000004,-141.96000000000004,0.0,other_tissue,0,801.9086457384549
349.85,-454.79999999999995,0.0,CD4_Tcell,1,932.817523139188
171.32000000000005,38.35000000000002,0.0,epithelial_tumor_class1,1,2368.7459580120976
136.27999999999997,-432.71000000000004,0.0,other_tissue,0,576.075636907075
-181.41000000000003,142.06,0.0,CAF,1,964.8727314614372
48.14999999999998,-374.65,0.0,other_tissue,0,974.5853478488789
-266.5,-8.439999999999998,0.0,epithelial_tumor_class1,1,1573.2495478033984
430.04999999999995,461.62,0.0,mesenchymal_tumor_class1,1,1075.3201364310319
-69.30000000000001,-58.76999999999998,0.0,other_tissue,0,753.1748203345385
46.58000000000004,-255.37,0.0,CD4_Tcell,1,1135.3075921106415
-144.26,367.97,0.0,other_tissue,0,982.9997082932518
-383.53,-22.190000000000055,0.0,mesenchymal_tumor_class1,1,1966.2473178688974
-292.35,455.39,0.0,mesenchymal_tumor_class1,1,1022.2612097720665
90.16999999999996,-93.11000000000001,0.0,other_tissue,0,684.5533882239358
222.10000000000002,406.15,0.0,CAF,1,630.0254708055005
-27.50999999999999,-488.07000000000005,0.0,other_tissue,0,599.5052000761062
-209.64,466.29,0.0,CD4_Tcell,1,855.7264356119848
-19.920000000000016,396.02,0.0,CAF,1,490.53251182513657
-404.21,-235.87,0.0,other_tissue,0,853.8752516105275
112.16999999999996,104.39999999999998,0.0,CAF,1,461.5116818180708
382.66999999999996,354.95,0.0,mesenchymal_tumor_class1_class2,1,1238.490603338859
-204.04000000000002,450.29,0.0,CD8_Tcell,1,554.9284467395148
355.63,363.06,0.0,other_tissue,0,882.7031416918776
374.4,174.07,0.0,other_tissue,0,801.1992506098215
361.34000000000003,-349.63,0.0,CD8_Tcell,1,1419.0942393225603
252.14,-468.42999999999995,0.0,CD4_Tcell,1,718.0464281754872
402.95000000000005,212.18,0.0,epithelial_tumor_class1,1,2359.3486808487214
470.77,203.57999999999998,0.0,epithelial_tumor_class1,1,1508.7044337527448
-312.58000000000004,-264.67999999999995,0.0,mesenchymal_tumor_class1,1,1966.2473178688974
-113.47000000000003,-50.289999999999964,0.0,other_tissue,0,824.0656334601277
-50.410000000000025,-47.72000000000003,0.0,other_tissue,0,876.3327699306402
326.48,220.16000000000003,0.0,epithelial_tumor_class1_class2,1,1466.88884491241
-269.98,-406.64,0.0,mesenchymal_tumor_class1,1,648.5066199845429
274.12,281.90999999999997,0.0,CD4_Tcell,1,862.3909418874387
423.51,336.15,0.0,mesenchymal_tumor_class1,1,1186.5576773543514
139.33000000000004,-228.12,0.0,other_tissue,0,651.6094014665049
-257.03,279.34000000000003,0.0,other_tissue,0,768.1045027133309
483.80999999999995,488.36,0.0,other_tissue,0,865.1103091480296
314.08000000000004,199.82999999999998,0.0,epithelial_tumor_class1,1,1274.3578498943248
102.27999999999997,337.81,0.0,epithelial_tumor_class1,1,1443.7860529514653
240.58000000000004,315.94,0.0,other_tissue,0,862.0842750580426
374.17999999999995,-355.99,0.0,other_tissue,0,904.7786842338603
457.28999999999996,437.62,0.0,epithelial_tumor_class1,1,1267.5488311237661
46.77999999999997,482.95,0.0,epithelial_tumor_class1,1,957.6660084905036
-389.24,104.25,0.0,epithelial_tumor_class1,1,1478.8773146906765
231.39,-330.52,0.0,CD8_Tcell,1,775.5509122777905
-371.36,-389.76,0.0,mesenchymal_tumor_class1_class2,1,1550.0762474821652
92.53999999999996,304.34000000000003,0.0,other_tissue,0,644.2586551691542
-16.120000000000005,-64.17999999999995,0.0,epithelial_tumor_class1_class2,1,1973.3459442789472
36.620000000000005,363.73,0.0,other_tissue,0,565.0311502275731
-447.49,-250.71000000000004,0.0,other_tissue,0,1221.229406005376
-96.50999999999999,-194.54999999999995,0.0,mesenchymal_tumor_class1_class2,1,474.939350185448
482.54999999999995,-393.76,0.0,CD4_Tcell,1,865.0444506198331
-348.25,-443.5,0.0,other_tissue,0,933.1407420647446
-415.97,449.85,0.0,CAF,1,755.3386538878149
332.05999999999995,276.97,0.0,epithelial_tumor_class1,1,1327.1385701375557
132.39,345.98,0.0,epithelial_tumor_class1,1,1007.3420249621552
-84.38,97.38,0.0,other_tissue,0,962.3722068272664
-125.13,471.76,0.0,other_tissue,0,842.0261724252255
-145.56,326.13,0.0,epithelial_tumor_class1_class2,1,1108.7294891192666
-361.19,390.25,0.0,CAF,1,702.6275260084033
-209.75,425.51,0.0,other_tissue,0,544.0439931985985
115.99000000000001,-174.79999999999995,0.0,other_tissue,0,1035.024339386808
475.84000000000003,-122.49000000000001,0.0,other_tissue,0,459.21948105624733
-252.2,178.54000000000002,0.0,epithelial_tumor_class1,1,1572.1704342271364
-493.64,-202.92999999999995,0.0,epithelial_tumor_class1,1,1308.826788584031
231.70000000000005,295.64,0.0,CD4_Tcell,1,932.2866826645311
219.94000000000005,-210.38,0.0,other_tissue,0,451.7617608132882
447.66999999999996,75.29000000000002,0.0,other_tissue,0,1061.2960474380495
-294.15999999999997,-238.33000000000004,0.0,other_tissue,0,1035.6924961423622
-420.11,480.5,0.0,CAF,1,881.3688128717076
-43.910000000000025,217.72000000000003,0.0,CAF,1,1049.3158211562247
-11.550000000000011,36.089999999999975,0.0,epithelial_tumor_class1,1,592.8733116605439
-391.5,-472.65999999999997,0.0,CD4_Tcell,1,1013.5751476432176
-441.9,-466.03999999999996,0.0,CD8_Tcell,1,1258.7052363536345
156.59000000000003,125.75999999999999,0.0,epithelial_tumor_class1,1,1891.0173353875803
348.53,-150.86,0.0,CD4_Tcell,1,842.5653152959096
5.180000000000007,-376.75,0.0,CD4_Tcell,1,822.5151078584468
-361.44,419.94,0.0,mesenchymal_tumor_class1,1,722.2426035989577
171.66999999999996,278.21000000000004,0.0,epithelial_tumor_class1,1,1103.169819489405
-255.43,-45.700000000000045,0.0,other_tissue,0,1221.229406005376
-321.86,-223.77999999999997,0.0,other_tissue,0,840.2593982524219
-292.65,-71.20000000000005,0.0,epithelial_tumor_class1,1,1456.393979200217
-494.461,-136.66999999999996,0.0,other_tissue,0,1167.2055673596217
121.01999999999998,56.31999999999999,0.0,mesenchymal_tumor_class1,1,730.5858598189725
-420.09000000000003,331.71000000000004,0.0,epithelial_tumor_class1,1,642.5826824458833
-488.28,101.83999999999997,0.0,epithelial_tumor_class1_class2,1,1479.5051325538884
276.9,-65.05999999999995,0.0,epithelial_tumor_class1,1,1412.356741338616
-383.36,-154.45000000000005,0.0,other_tissue,0,775.9592008229607
455.9,61.10000000000002,0.0,epithelial_tumor_class1_class2,1,4588.011295165012
210.09000000000003,-147.94000000000005,0.0,epithelial_tumor_class1_class2,1,1891.0173353875803
-396.42,-16.159999999999968,0.0,mesenchymal_tumor_class1,1,1966.2473178688974
9.5,225.55,0.0,mesenchymal_tumor_class1_class2,1,370.15457767183585
-465.36,-416.4,0.0,epithelial_tumor_class1_class2,1,3726.5680939974645
-260.11,166.99,0.0,epithelial_tumor_class1_class2,1,1574.3291550580127
-168.17000000000002,174.07999999999998,0.0,epithelial_tumor_class1,1,1564.6956302499786
-237.33999999999997,-163.67999999999995,0.0,other_tissue,0,1202.5096263309247
207.87,184.05,0.0,other_tissue,0,547.9205848866351
99.95000000000005,-2.230000000000018,0.0,other_tissue,0,1038.5911649739733
-112.31,-480.08000000000004,0.0,other_tissue,0,497.3466257404448
-353.28999999999996,411.56,0.0,mesenchymal_tumor_class1,1,881.5688764114078
444.76,469.56,0.0,mesenchymal_tumor_class1,1,1906.5897307366151
170.33000000000004,242.22000000000003,0.0,other_tissue,0,652.2820633143953
-427.24,-91.22000000000003,0.0,epithelial_tumor_class1_class2,1,742.1401009196687
-271.87,-72.65999999999997,0.0,other_tissue,0,906.2723903000349
319.37,-76.37,0.0,epithelial_tumor_class1,1,1014.3316805317253
-25.44999999999999,-111.59000000000003,0.0,other_tissue,0,1037.0544455501133
-283.6,-25.769999999999982,0.0,epithelial_tumor_class1,1,1117.7679298460266
2.3000000000000114,199.48000000000002,0.0,apCAF,1,648.9777515753811
-384.37,314.62,0.0,other_tissue,0,520.2913837724373
-404.35,-126.66999999999996,0.0,epithelial_tumor_class1_class2,1,1495.7959500064073
146.19000000000005,251.91,0.0,CD8_Tcell,1,739.329167119334
400.22,135.54000000000002,0.0,epithelial_tumor_class1,1,1322.413620219869
340.16999999999996,456.26,0.0,epithelial_tumor_class1_class2,1,684.7054500702693
-379.46,493.845,0.0,mesenchymal_tumor_class1,1,1056.673677108461
169.09000000000003,379.98,0.0,epithelial_tumor_class1,1,1294.643879888222
449.44000000000005,394.74,0.0,other_tissue,0,734.9488456071366
-465.58,-309.52,0.0,epithelial_tumor_class1,1,1367.8452462750622
193.86,-348.07000000000005,0.0,CD8_Tcell,1,506.678411423522
193.79999999999995,288.66999999999996,0.0,epithelial_tumor_class1,1,2098.5101156851197
168.83000000000004,-76.35000000000002,0.0,other_tissue,0,692.244786594373
177.89,-146.21000000000004,0.0,other_tissue,0,557.2830686893691
-7.730000000000018,-335.03,0.0,other_tissue,0,1075.345515911707
-477.68,186.0,0.0,epithelial_tumor_class1,1,3720.178531204295
-327.77,249.22,0.0,mesenchymal_tumor_class1,1,1610.5993181550436
340.78999999999996,295.19,0.0,epithelial_tumor_class1,1,2801.354372591296
415.84000000000003,367.12,0.0,mesenchymal_tumor_class1,1,1792.7507919533145
42.01999999999998,-62.610000000000014,0.0,mesenchymal_tumor_class1,1,1598.040385114541
483.65,-358.02,0.0,CD4_Tcell,1,1306.605850417628
-473.52,-334.28999999999996,0.0,epithelial_tumor_class1,1,1392.3325648666269
88.74000000000001,-112.50999999999999,0.0,other_tissue,0,1110.3362054901525
367.72,256.0,0.0,other_tissue,0,879.5030125773835
390.09000000000003,138.73000000000002,0.0,CAF,1,643.8438963910098
-331.49,-465.57000000000005,0.0,apCAF,1,672.1581793458913
-199.83999999999997,44.329999999999984,0.0,mesenchymal_tumor_class1,1,738.1238360168416
308.16999999999996,355.83000000000004,0.0,mesenchymal_tumor_class1_class2,1,1992.4603867673443
76.95000000000005,277.86,0.0,epithelial_tumor_class1,1,981.1840432538476
-426.54,68.07999999999998,0.0,other_tissue,0,849.6818921649385
-332.36,228.45999999999998,0.0,mesenchymal_tumor_class1,1,1027.5212114782275
143.64999999999998,298.68,0.0,epithelial_tumor_class1,1,1973.3459442789472
-251.19,204.02999999999997,0.0,CAF,1,710.0877393786651
-239.62,361.81,0.0,apCAF,1,966.6445846375175
-16.360000000000014,-390.87,0.0,other_tissue,0,810.4540746927208
382.47,192.16000000000003,0.0,other_tissue,0,489.28529399153894
168.17999999999995,-31.879999999999995,0.0,epithelial_tumor_class1,1,1621.7882354237192
-249.64,-270.20000000000005,0.0,other_tissue,0,656.3642816759296
434.30999999999995,139.63,0.0,epithelial_tumor_class1,1,937.9284816563404
-341.53,90.97000000000003,0.0,other_tissue,0,832.8744950795052
-290.08000000000004,-493.27,0.0,other_tissue,0,1058.305043240586
-456.27,59.48000000000002,0.0,other_tissue,0,1090.363522774579
-376.03,461.69,0.0,mesenchymal_tumor_class1,1,1966.2473178688974
183.24,379.95,0.0,epithelial_tumor_class1,1,771.5776020706036
-120.85000000000002,147.11,0.0,mesenchymal_tumor_class1,1,1333.7489500334625
-118.26999999999998,22.360000000000014,0.0,other_tissue,0,935.4516202612576
198.55999999999995,381.52,0.0,epithelial_tumor_class1_class2,1,1245.5311160292129
-336.59000000000003,-134.08000000000004,0.0,epithelial_tumor_class1_class2,1,1092.9270723282848
148.48000000000002,-65.90999999999997,0.0,other_tissue,0,826.4270141558708
107.73000000000002,234.93,0.0,epithelial_tumor_class1_class2,1,3070.607067478861
-372.13,37.19999999999999,0.0,mesenchymal_tumor_class1,1,1966.2473178688974
-262.4,353.56,0.0,epithelial_tumor_class1_class2,1,1102.4987497710924
278.9,-195.30999999999995,0.0,CD4_Tcell,1,792.2221569245625
-241.56,-210.37,0.0,other_tissue,0,604.1416396598667
40.629999999999995,-412.12,0.0,epithelial_tumor_class1,1,1263.8142303731638
380.32000000000005,95.94999999999999,0.0,other_tissue,0,1221.229406005376
152.07000000000005,462.04,0.0,epithelial_tumor_class1_class2,1,2540.704197758745
-103.75999999999999,-18.100000000000023,0.0,other_tissue,0,1056.6235078313086
28.24000000000001,-255.71000000000004,0.0,epithelial_tumor_class1_class2,1,684.7054500702693
304.89,297.86,0.0,other_tissue,0,515.7373460002782
24.100000000000023,392.78,0.0,other_tissue,0,631.0922857354143
-395.77,-101.20000000000005,0.0,epithelial_tumor_class1_class2,1,1125.8606667881786
-440.14,101.89999999999998,0.0,epithelial_tumor_class1_class2,1,830.073637656277
-51.870000000000005,92.13999999999999,0.0,epithelial_tumor_class1,1,936.3538958381797
56.15999999999997,-40.72000000000003,0.0,mesenchymal_tumor_class1_class2,1,350.8664935682603
-315.83000000000004,-87.88999999999999,0.0,other_tissue,0,730.6054740908226
48.360000000000014,37.829999999999984,0.0,other_tissue,0,472.08957481135695
103.78999999999996,-181.54999999999995,0.0,other_tissue,0,571.367641430561
466.27,-332.15999999999997,0.0,CD8_Tcell,1,1131.8638695751158
61.0,89.26999999999998,0.0,CAF,1,1117.8460602252267
101.79999999999995,-206.15999999999997,0.0,other_tissue,0,626.6905705136998
-464.22,-101.08000000000004,0.0,epithelial_tumor_class1,1,863.903433811593
-290.44,-259.95000000000005,0.0,other_tissue,0,571.3509922190277
-233.95999999999998,-0.029999999999972715,0.0,CD4_Tcell,1,720.0841997179583
403.95000000000005,273.65,0.0,epithelial_tumor_class1,1,3070.607067478861
253.64,332.39,0.0,other_tissue,0,686.6025914205231
-30.029999999999973,119.31,0.0,CAF,1,582.8485126217217
-19.870000000000005,361.87,0.0,other_tissue,0,524.6047287828811
-455.97,-274.67999999999995,0.0,other_tissue,0,585.6029214382359
417.83000000000004,-223.13,0.0,CAF,1,614.883797765797
170.39,26.94999999999999,0.0,other_tissue,0,721.9117579254809
-169.98000000000002,435.21,0.0,other_tissue,0,1221.229406005376
130.62,-403.80999999999995,0.0,other_tissue,0,961.8537719756155
446.87,-149.69000000000005,0.0,CD8_Tcell,1,1472.0235171670822
316.16999999999996,166.10000000000002,0.0,other_tissue,0,645.4498213871587
182.54999999999995,-309.83000000000004,0.0,CD4_Tcell,1,526.8570593441315
484.20000000000005,-74.52999999999997,0.0,other_tissue,0,464.7538696616539
-414.04,277.57,0.0,epithelial_tumor_class1,1,2141.083672894974
117.80999999999995,165.06,0.0,epithelial_tumor_class1_class2,1,7134.433496310096
380.48,243.47000000000003,0.0,other_tissue,0,1221.229406005376
-289.32,-481.64,0.0,other_tissue,0,894.0320298035911
-44.56,-77.49000000000001,0.0,other_tissue,0,715.9350979766065
-299.78,-340.49,0.0,other_tissue,0,660.3351385200878
400.07000000000005,-256.38,0.0,CD8_Tcell,1,669.4714521432829
-431.92,-215.14999999999998,0.0,other_tissue,0,1196.7494706209116
-486.92,-261.66999999999996,0.0,other_tissue,0,1221.229406005376
-437.22,-46.50999999999999,0.0,CD4_Tcell,1,1306.605850417628
378.75,72.04000000000002,0.0,other_tissue,0,1140.420276777095
486.20000000000005,-403.03,0.0,apCAF,1,302.6995870432087
-234.0,-241.41999999999996,0.0,other_tissue,0,478.4363110289318
111.85000000000002,-448.53,0.0,other_tissue,0,586.6698296585931
264.05999999999995,262.72,0.0,other_tissue,0,547.3702851054197
-36.44999999999999,91.88,0.0,epithelial_tumor_class1,1,1261.8367401509838
-137.07999999999998,-392.33000000000004,0.0,other_tissue,0,789.7611349395759
-385.17,332.71000000000004,0.0,other_tissue,0,990.0445567597122
31.370000000000005,282.15,0.0,CAF,1,633.3721811562754
-229.62,402.03,0.0,CAF,1,482.2179885007792
189.72000000000003,-382.28999999999996,0.0,CD4_Tcell,1,535.8351326852536
-305.65999999999997,215.38,0.0,mesenchymal_tumor_class1,1,875.9342590726717
70.32000000000005,-248.29999999999995,0.0,other_tissue,0,888.7913433904781
96.75,59.620000000000005,0.0,mesenchymal_tumor_class1,1,994.1815963346385
-309.40999999999997,-109.95000000000005,0.0,other_tissue,0,635.6039345025592
245.86,199.95999999999998,0.0,apCAF,1,444.1177416055558
-189.85000000000002,276.16999999999996,0.0,epithelial_tumor_class1_class2,1,762.9648923954855
176.27999999999997,-262.29999999999995,0.0,epithelial_tumor_class1,1,4619.931078840008
-338.39,-22.42999999999995,0.0,CAF,1,1145.6541815258
-403.75,478.43,0.0,mesenchymal_tumor_class1,1,1966.2473178688974
-456.5,-131.26,0.0,epithelial_tumor_class1_class2,1,3647.3946390771443
122.78999999999996,-94.36000000000001,0.0,other_tissue,0,417.08423038011966
-336.88,443.17,0.0,mesenchymal_tumor_class1,1,751.1749590449676
-38.079999999999984,-23.779999999999973,0.0,apCAF,1,464.0143623171393
420.46000000000004,-482.61,0.0,other_tissue,0,723.8593605403387
19.50999999999999,-54.25999999999999,0.0,other_tissue,0,642.1146513761245
-460.3,351.9,0.0,CAF,1,432.73114598268774
233.46000000000004,-316.67999999999995,0.0,other_tissue,0,1118.106521117097
385.66999999999996,365.61,0.0,mesenchymal_tumor_class1_class2,1,1445.7637853482502
-362.57,-127.86000000000001,0.0,epithelial_tumor_class1,1,1131.8638695751158
27.91999999999996,116.88,0.0,other_tissue,0,659.1989784800521
224.14,-490.49,0.0,CD8_Tcell,1,1157.3157087286238
-82.87,-157.60000000000002,0.0,other_tissue,0,635.1750318723557
-352.22,-330.39,0.0,other_tissue,0,589.5552529070028
376.58000000000004,87.14999999999998,0.0,other_tissue,0,868.4735282373086
-359.97,-36.40999999999997,0.0,CD4_Tcell,1,791.5184868621967
38.15999999999997,-239.05999999999995,0.0,other_tissue,0,796.1205680874783
-399.34000000000003,-324.09000000000003,0.0,other_tissue,0,681.3468055377037
131.13,284.72,0.0,epithelial_tumor_class1_class2,1,7134.433496310096
259.49,96.04000000000002,0.0,epithelial_tumor_class1,1,1580.6531143577279
78.67999999999995,347.03999999999996,0.0,other_tissue,0,1034.0597314904758
490.21000000000004,157.68,0.0,other_tissue,0,490.9537376227016
-219.67000000000002,315.3,0.0,mesenchymal_tumor_class1,1,809.5926123074195
-251.45,453.04,0.0,CD4_Tcell,1,581.7356917632474
491.53999999999996,56.97000000000003,0.0,mesenchymal_tumor_class1,1,704.3105876361825
42.27999999999997,86.93,0.0,other_tissue,0,1221.229406005376
388.05999999999995,443.02,0.0,mesenchymal_tumor_class1,1,1775.6062908582733
292.24,246.82,0.0,other_tissue,0,617.6680012049632
-215.26,-257.6,0.0,other_tissue,0,867.659403118177
-147.19,-298.41999999999996,0.0,mesenchymal_tumor_class1,1,1186.5305768904652
-221.94,-46.299999999999955,0.0,CD4_Tcell,1,1259.8331083621692
-124.33999999999997,160.92000000000002,0.0,epithelial_tumor_class1,1,2869.06758519157
234.71000000000004,167.95999999999998,0.0,epithelial_tumor_class1_class2,1,1172.0640338438993
-300.73,143.44,0.0,CAF,1,590.7801609883273
190.63,-464.99,0.0,CD8_Tcell,1,945.0825364390512
485.92999999999995,184.01999999999998,0.0,other_tissue,0,1024.4220225295235
203.73000000000002,-111.92999999999995,0.0,other_tissue,0,1176.3430761477316
-363.45,138.32,0.0,epithelial_tumor_class1,1,1150.3465099894624
256.90999999999997,474.43,0.0,epithelial_tumor_class1,1,919.2867662092939
81.15999999999997,-463.58000000000004,0.0,CD4_Tcell,1,536.265945260146
55.200000000000045,0.160000000000025,0.0,CD8_Tcell,1,549.0222906918165
14.32000000000005,419.42,0.0,other_tissue,0,924.4858992509966
177.91999999999996,-63.940000000000055,0.0,other_tissue,0,1221.229406005376
-206.64999999999998,-115.52999999999997,0.0,epithelial_tumor_class1,1,2421.160686858717
461.15,-222.15999999999997,0.0,other_tissue,0,1221.229406005376
3.3700000000000045,400.44,0.0,other_tissue,0,559.7264500957691
-297.64,320.11,0.0,other_tissue,0,450.45329663589587
-460.06,-404.24,0.0,other_tissue,0,965.3686319084387
259.79999999999995,292.89,0.0,apCAF,1,1204.8079027614644
205.64999999999998,265.71000000000004,0.0,CD8_Tcell,1,893.2692868264238
-340.15999999999997,-64.27999999999997,0.0,CD4_Tcell,1,1015.894745545306
139.76,311.87,0.0,CD4_Tcell,1,499.7182208428981
343.42999999999995,364.37,0.0,other_tissue,0,541.5019110958667
365.79999999999995,352.28,0.0,other_tissue,0,373.8691867394688
-307.64,-201.5,0.0,CAF,1,786.9960070625924
178.44000000000005,-15.07000000000005,0.0,epithelial_tumor_class1,1,2044.406640741336
-473.73,-277.59000000000003,0.0,other_tissue,0,552.7270209682525
59.639999999999986,-150.64999999999998,0.0,epithelial_tumor_class1,1,2502.627422831407
267.78999999999996,447.12,0.0,other_tissue,0,646.4074261728261
385.19000000000005,-183.39,0.0,CD8_Tcell,1,662.3908644835124
79.62,306.57,0.0,epithelial_tumor_class1,1,2367.371286076281
-249.24,333.98,0.0,epithelial_tumor_class1,1,4071.5882406794462
415.85,206.36,0.0,CAF,1,594.1915830775123
308.0,-225.82000000000005,0.0,other_tissue,0,1024.7414914089395
-173.88,73.69999999999999,0.0,mesenchymal_tumor_class1_class2,1,916.4321477358003
-166.74,159.97000000000003,0.0,CAF,1,1255.607059719359
-277.62,173.64,0.0,other_tissue,0,502.1737218351972
-189.41000000000003,256.66999999999996,0.0,other_tissue,0,794.3771480984946
-366.94,145.3,0.0,epithelial_tumor_class1,1,739.1907838360397
350.14,-388.34000000000003,0.0,CD4_Tcell,1,1186.6389812219122
-478.69,-51.26999999999998,0.0,epithelial_tumor_class1,1,1833.26754832583
70.12,-80.98000000000002,0.0,other_tissue,0,648.2168062155625
-151.95999999999998,-189.02999999999997,0.0,mesenchymal_tumor_class1_class2,1,714.4654293831887
-304.72,-332.49,0.0,other_tissue,0,1221.229406005376
242.40999999999997,289.48,0.0,other_tissue,0,690.5054472316313
-359.13,26.29000000000002,0.0,mesenchymal_tumor_class1,1,847.3846553646858
-16.55000000000001,-188.33000000000004,0.0,CD4_Tcell,1,594.53344578306
35.789999999999964,-207.51999999999998,0.0,other_tissue,0,623.5792210489411
426.95000000000005,-348.77,0.0,other_tissue,0,1221.229406005376
-284.45,426.29,0.0,epithelial_tumor_class1,1,1245.5311160292129
-84.10000000000002,-33.51999999999998,0.0,other_tissue,0,726.2597117974257
185.38,133.29000000000002,0.0,epithelial_tumor_class1,1,976.2262904528571
-427.72,-144.40999999999997,0.0,epithelial_tumor_class1_class2,1,1079.79307753311
245.55999999999995,237.72000000000003,0.0,epithelial_tumor_class1_class2,1,684.7054500702693
107.69000000000005,358.61,0.0,other_tissue,0,988.3161860791031
386.88,225.23000000000002,0.0,other_tissue,0,880.1246531341096
-17.870000000000005,-411.84000000000003,0.0,CD4_Tcell,1,797.8457367245146
-382.0,382.53,0.0,other_tissue,0,1187.9132267405375
287.03999999999996,482.91,0.0,other_tissue,0,772.8190728062879
199.58000000000004,486.04,0.0,epithelial_tumor_class1,1,1640.0469186174294
3.3000000000000114,212.76999999999998,0.0,mesenchymal_tumor_class1_class2,1,379.3671755831837
126.52999999999997,63.829999999999984,0.0,mesenchymal_tumor_class1,1,1018.5605354788997
165.88,-130.52999999999997,0.0,CD4_Tcell,1,632.5343952339593
-459.68,265.82,0.0,apCAF,1,1281.6251411997255
296.85,326.05,0.0,mesenchymal_tumor_class1,1,991.0296676802658
-17.79000000000002,10.029999999999973,0.0,other_tissue,0,808.0183465853577
188.04999999999995,-73.84000000000003,0.0,other_tissue,0,1221.229406005376
408.9,196.63,0.0,epithelial_tumor_class1,1,2259.237166507944
410.55999999999995,104.16000000000003,0.0,other_tissue,0,926.2539240955625
398.26,-391.25,0.0,other_tissue,0,1221.229406005376
455.97,-240.76999999999998,0.0,other_tissue,0,540.6509643860198
268.0,-200.26999999999998,0.0,other_tissue,0,1001.7395850777026
-442.33,32.879999999999995,0.0,epithelial_tumor_class1_class2,1,1583.5750406979696
-77.73000000000002,-246.60000000000002,0.0,CD8_Tcell,1,1267.492191444111
466.57000000000005,-23.710000000000036,0.0,mesenchymal_tumor_class1,1,1669.7491901862065
-317.49,446.3,0.0,mesenchymal_tumor_class1,1,1550.0762474821652
-276.78999999999996,-304.41999999999996,0.0,other_tissue,0,735.1063937254893
244.34000000000003,370.82,0.0,epithelial_tumor_class1,1,855.9225998278378
-84.57,-286.9,0.0,epithelial_tumor_class1,1,3412.8897827555243
132.44000000000005,293.57,0.0,epithelial_tumor_class1_class2,1,957.6660084905036
-448.62,469.29,0.0,CAF,1,811.189952734663
-437.75,327.15999999999997,0.0,mesenchymal_tumor_class1_class2,1,107.10480365342879
111.73000000000002,48.31,0.0,mesenchymal_tumor_class1,1,1966.2473178688974
457.77,484.46,0.0,mesenchymal_tumor_class1,1,844.7890112694126
418.25,-327.6,0.0,CD8_Tcell,1,1472.0235171670822
-343.65,302.76,0.0,mesenchymal_tumor_class1,1,1966.2473178688974
-421.6,214.63,0.0,apCAF,1,1043.707939438229
-120.81,-279.76,0.0,mesenchymal_tumor_class1,1,976.7260731171683
-332.0,263.49,0.0,mesenchymal_tumor_class1,1,909.1058826059415
228.04999999999995,429.32,0.0,other_tissue,0,516.3129225147298
-175.32999999999998,-423.89,0.0,other_tissue,0,832.1683428552237
391.83000000000004,332.84000000000003,0.0,mesenchymal_tumor_class1,1,1496.5550874182704
256.35,-66.42999999999995,0.0,CD4_Tcell,1,1306.605850417628
112.49000000000001,2.0600000000000023,0.0,other_tissue,0,875.5579986572518
281.11,121.55000000000001,0.0,epithelial_tumor_class1,1,857.6457723740921
444.21000000000004,61.19,0.0,other_tissue,0,808.2910729672712
473.28,154.56,0.0,mesenchymal_tumor_class1,1,1049.4656389950005
-458.27,-240.13,0.0,epithelial_tumor_class1,1,3516.3602283551586
-86.07,-437.65999999999997,0.0,other_tissue,0,536.0904011622491
337.17999999999995,-232.23000000000002,0.0,CD8_Tcell,1,677.7024146236473
172.35000000000002,4.430000000000007,0.0,epithelial_tumor_class1,1,1797.9656307740665
-44.23000000000002,-309.97,0.0,other_tissue,0,1037.7482600276285
62.42999999999995,428.03,0.0,mesenchymal_tumor_class1_class2,1,875.9342590726717
-61.81,102.42000000000002,0.0,other_tissue,0,417.0707325085874
-313.57,231.76,0.0,mesenchymal_tumor_class1,1,1307.8144364167474
-364.91999999999996,474.15,0.0,mesenchymal_tumor_class1,1,904.7786842338603
194.35000000000002,246.09,0.0,other_tissue,0,585.6536972363244
160.79999999999995,137.57999999999998,0.0,other_tissue,0,463.9129225755802
120.44000000000005,349.02,0.0,epithelial_tumor_class1,1,1125.8606667881786
-420.3,156.05,0.0,CAF,1,996.7127709868367
-229.48000000000002,-169.48000000000002,0.0,other_tissue,0,623.314526487212
-319.15,425.54,0.0,mesenchymal_tumor_class1,1,716.0899170702769
-37.629999999999995,-93.00999999999999,0.0,epithelial_tumor_class1_class2,1,1640.0469186174294
140.82000000000005,277.75,0.0,epithelial_tumor_class1_class2,1,2064.452765857774
-291.74,491.936,0.0,mesenchymal_tumor_class1,1,1606.184628118854
-416.12,-158.75,0.0,other_tissue,0,1221.229406005376
211.05999999999995,-40.860000000000014,0.0,epithelial_tumor_class1,1,7741.03554065621
-26.129999999999995,-50.75,0.0,epithelial_tumor_class1,1,1102.4987497710924
128.54999999999995,-281.88,0.0,CD4_Tcell,1,658.7778313888921
-51.39999999999998,82.57999999999998,0.0,epithelial_tumor_class1,1,605.8539863507947
111.65999999999997,144.01,0.0,other_tissue,0,842.5221753995838
110.29999999999995,-283.25,0.0,epithelial_tumor_class1,1,3726.5680939974645
-361.95,340.03,0.0,other_tissue,0,1135.3602220896387
467.71000000000004,-342.39,0.0,CD8_Tcell,1,1472.0235171670822
215.95000000000005,322.87,0.0,apCAF,1,838.108142486142
-323.90999999999997,-57.539999999999964,0.0,other_tissue,0,1040.874254792207
65.65999999999997,182.95,0.0,mesenchymal_tumor_class1_class2,1,1056.1971330884628
425.98,-314.22,0.0,CD4_Tcell,1,622.2036272758997
-50.920000000000016,101.92000000000002,0.0,epithelial_tumor_class1,1,806.4251737852212
-128.95,-315.96000000000004,0.0,other_tissue,0,822.0906460120267
377.65,134.57999999999998,0.0,other_tissue,0,1221.229406005376
44.200000000000045,468.16,0.0,other_tissue,0,719.2298077678938
156.71000000000004,279.66999999999996,0.0,epithelial_tumor_class1,1,1843.5003233317161
221.12,-76.22000000000003,0.0,epithelial_tumor_class1,1,742.1401009196687
-368.01,-116.40999999999997,0.0,epithelial_tumor_class1_class2,1,939.1337670467325
44.85000000000002,178.95,0.0,epithelial_tumor_class1,1,945.7580002027205
-165.18,-266.67999999999995,0.0,mesenchymal_tumor_class1,1,1966.2473178688974
323.86,-295.53999999999996,0.0,other_tissue,0,1221.229406005376
-45.72000000000003,109.99000000000001,0.0,epithelial_tumor_class1,1,896.3228636455285
267.82000000000005,-484.88,0.0,other_tissue,0,748.5006994094194
-298.3,-296.19000000000005,0.0,CAF,1,796.0790284724826
331.84000000000003,427.04,0.0,epithelial_tumor_class1,1,4679.341883065507
147.84000000000003,388.63,0.0,epithelial_tumor_class1_class2,1,1363.4105715122123
-158.20999999999998,456.58,0.0,other_tissue,0,818.8271800319663
146.07000000000005,338.1,0.0,epithelial_tumor_class1,1,1793.0005880344809
-414.77,288.81,0.0,other_tissue,0,1174.0542445689864
-291.48,-307.98,0.0,other_tissue,0,1221.229406005376
-149.8,-3.3000000000000114,0.0,other_tissue,0,1049.3657588514532
-71.38,-3.0500000000000114,0.0,other_tissue,0,497.52878916170454
351.84000000000003,-435.90999999999997,0.0,CD4_Tcell,1,422.52038345114846
163.13,-359.97,0.0,CD8_Tcell,1,831.6336448573242
-3.6499999999999773,-92.98000000000002,0.0,epithelial_tumor_class1_class2,1,1106.58098982026
475.13,231.75,0.0,epithelial_tumor_class1,1,4993.223863865338
165.74,225.45999999999998,0.0,CD4_Tcell,1,689.5236323891785
-56.129999999999995,237.14,0.0,apCAF,1,200.3671082319905
-287.94,106.20999999999998,0.0,CD8_Tcell,1,1002.8293360961559
92.30999999999995,194.99,0.0,other_tissue,0,774.4492486450421
444.03999999999996,415.89,0.0,epithelial_tumor_class1,1,1349.4848223149852
-132.41000000000003,320.64,0.0,other_tissue,0,1221.229406005376
-75.38,104.27999999999997,0.0,other_tissue,0,434.9760480852868
-7.569999999999993,218.44,0.0,mesenchymal_tumor_class1,1,528.8469651043418
-269.08000000000004,129.81,0.0,epithelial_tumor_class1_class2,1,955.1779558905243
-195.82999999999998,265.31,0.0,other_tissue,0,1010.6258286251959
193.49,-406.28999999999996,0.0,CD4_Tcell,1,459.0324047871999
-453.28,-356.24,0.0,other_tissue,0,1148.701414431799
464.02,-14.32000000000005,0.0,epithelial_tumor_class1_class2,1,1294.643879888222
199.32000000000005,279.56,0.0,epithelial_tumor_class1,1,757.5066278675911
174.11,17.879999999999995,0.0,other_tissue,0,1221.229406005376
-490.43,-190.55999999999995,0.0,other_tissue,0,1147.5878864418094
-304.52,449.0,0.0,CAF,1,783.4356585066116
-173.64999999999998,82.64999999999998,0.0,mesenchymal_tumor_class1,1,616.1785473917838
372.88,154.0,0.0,epithelial_tumor_class1,1,945.5949277680736
236.87,146.66000000000003,0.0,epithelial_tumor_class1,1,1812.1249396353016
374.62,-303.90999999999997,0.0,other_tissue,0,1062.428566245459
181.96000000000004,290.94,0.0,epithelial_tumor_class1,1,1005.0112085500136
-158.10000000000002,41.43000000000001,0.0,other_tissue,0,779.3330503011622
379.48,255.19,0.0,CD4_Tcell,1,779.1078233444961
-102.63,-120.13,0.0,other_tissue,0,1066.4870643660638
-195.07,302.74,0.0,CAF,1,1223.437916106557
188.47000000000003,-16.019999999999982,0.0,epithelial_tumor_class1,1,2166.6510704861594
-57.339999999999975,-418.13,0.0,other_tissue,0,955.0607014706935
201.48000000000002,440.26,0.0,other_tissue,0,514.0752484891964
-381.24,292.25,0.0,other_tissue,0,457.52326624077676
1.8199999999999932,11.360000000000014,0.0,epithelial_tumor_class1,1,844.5081351298586
438.33000000000004,-47.64999999999998,0.0,mesenchymal_tumor_class1,1,1053.8416020184986
25.789999999999964,383.4,0.0,other_tissue,0,488.3100345725254
-264.08000000000004,363.16999999999996,0.0,epithelial_tumor_class1_class2,1,1973.3459442789472
324.23,247.41,0.0,epithelial_tumor_class1,1,2357.335158353794
-371.72,441.95,0.0,mesenchymal_tumor_class1,1,1287.0759556599528
200.41999999999996,-275.53999999999996,0.0,other_tissue,0,458.7159299345008
-174.51999999999998,190.0,0.0,other_tissue,0,415.48002745864636
164.83000000000004,457.03,0.0,epithelial_tumor_class1,1,3055.053307399219
396.08000000000004,-337.35,0.0,epithelial_tumor_class1,1,2582.3498115463076
-427.7,-159.71000000000004,0.0,other_tissue,0,1221.229406005376
485.98,86.18,0.0,other_tissue,0,594.2770364646564
-108.44,-199.90999999999997,0.0,mesenchymal_tumor_class1_class2,1,642.6547074055521
-75.33999999999997,-389.65999999999997,0.0,other_tissue,0,885.0191673238671
-55.31,-222.47000000000003,0.0,other_tissue,0,1221.229406005376
-314.53999999999996,-120.14999999999998,0.0,epithelial_tumor_class1_class2,1,1352.2623498351963
239.19000000000005,-274.07000000000005,0.0,epithelial_tumor_class1,1,2766.4712314084927
120.09000000000003,207.14999999999998,0.0,epithelial_tumor_class1,1,856.6857456495345
-110.37,384.58,0.0,other_tissue,0,719.0745364237648
118.30999999999995,-436.84000000000003,0.0,CD4_Tcell,1,1306.605850417628
-335.72,192.14999999999998,0.0,mesenchymal_tumor_class1,1,1020.4710248640703
-332.8,-441.46000000000004,0.0,other_tissue,0,630.7721149088468
-165.44,88.94,0.0,mesenchymal_tumor_class1,1,1648.1981857296523
405.42999999999995,430.75,0.0,mesenchymal_tumor_class1,1,1966.2473178688974
-317.34000000000003,307.48,0.0,mesenchymal_tumor_class1,1,1966.2473178688974
484.25,44.04000000000002,0.0,epithelial_tumor_class1,1,1140.235532070805
-7.110000000000014,108.26999999999998,0.0,epithelial_tumor_class1,1,1199.6681930678085
-263.27,-412.77,0.0,mesenchymal_tumor_class1,1,788.6873325238532
-414.67,-299.65999999999997,0.0,CD8_Tcell,1,658.448363162877
224.23000000000002,-458.26,0.0,other_tissue,0,410.6787501578334
463.12,148.43,0.0,mesenchymal_tumor_class1,1,1070.2016644377554
-182.92000000000002,204.24,0.0,epithelial_tumor_class1,1,1099.3792747529874
263.87,115.52999999999997,0.0,epithelial_tumor_class1_class2,1,2104.1033893626004
434.86,183.7,0.0,other_tissue,0,850.0290051152252
-219.22000000000003,442.31,0.0,CD8_Tcell,1,616.826603229943
-220.02999999999997,-416.45000000000005,0.0,epithelial_tumor_class1,1,2664.305142495612
284.05999999999995,-165.76,0.0,CD8_Tcell,1,518.2606047390509
-126.57,119.31,0.0,epithelial_tumor_class1_class2,1,2559.6603325894307
459.71000000000004,-454.89,0.0,mesenchymal_tumor_class1,1,1801.3642728911263
312.26,222.89,0.0,epithelial_tumor_class1,1,1176.3430761477316
309.79999999999995,328.24,0.0,mesenchymal_tumor_class1,1,755.4991025144586
-491.843,486.95,0.0,CAF,1,929.93494746381
-385.78,-65.14999999999998,0.0,other_tissue,0,935.4516202612576
280.20000000000005,228.67000000000002,0.0,other_tissue,0,1221.229406005376
447.27,110.97000000000003,0.0,other_tissue,0,951.5241371671173
-292.49,480.22,0.0,mesenchymal_tumor_class1,1,935.613524459437
132.04999999999995,28.50999999999999,0.0,other_tissue,0,797.2426839873212
-177.0,-194.07000000000005,0.0,mesenchymal_tumor_class1,1,1346.0919593754388
449.66999999999996,-132.79999999999995,0.0,other_tissue,0,1221.229406005376
-449.23,-120.97000000000003,0.0,epithelial_tumor_class1,1,615.0586578401383
383.15999999999997,296.40999999999997,0.0,epithelial_tumor_class1_class2,1,1040.5762709119283
329.03999999999996,201.92000000000002,0.0,epithelial_tumor_class1,1,1390.0725623712215
43.24000000000001,-43.210000000000036,0.0,mesenchymal_tumor_class1_class2,1,682.9207147255094
-340.25,418.48,0.0,mesenchymal_tumor_class1,1,1217.1424119573803
-387.76,-174.80999999999995,0.0,CAF,1,415.54734801386934
49.360000000000014,-213.76,0.0,other_tissue,0,821.5178541946991
26.0,232.58999999999997,0.0,other_tissue,0,1142.400936792469
219.55999999999995,-191.57000000000005,0.0,CD4_Tcell,1,1304.3763439825468
-58.51999999999998,-58.32000000000005,0.0,other_tissue,0,770.5203495130617
-72.56,255.86,0.0,CD8_Tcell,1,858.3662629043455
-321.65999999999997,123.29000000000002,0.0,epithelial_tumor_class1,1,1820.2955969641944
-278.3,112.25999999999999,0.0,other_tissue,0,669.0459406398274
-400.69,-136.58000000000004,0.0,epithelial_tumor_class1,1,1593.6816752988652
-133.89,82.74000000000001,0.0,mesenchymal_tumor_class1_class2,1,213.5022077033582
-141.97000000000003,152.70999999999998,0.0,epithelial_tumor_class1,1,1973.992718413016
11.569999999999993,-188.36,0.0,other_tissue,0,545.9961479326688
-415.98,-138.32000000000005,0.0,epithelial_tumor_class1_class2,1,1424.6588288422292
8.180000000000007,-233.57000000000005,0.0,other_tissue,0,476.08836086355774
57.89999999999998,61.829999999999984,0.0,CD4_Tcell,1,664.6349874725289
-253.45,147.25,0.0,other_tissue,0,797.9913467259906
230.5,355.75,0.0,CAF,1,541.0682984585551
71.16999999999996,62.360000000000014,0.0,epithelial_tumor_class1_class2,1,6028.521651060201
-299.41999999999996,-33.629999999999995,0.0,epithelial_tumor_class1_class2,1,857.6457723740921
305.71000000000004,244.81,0.0,epithelial_tumor_class1_class2,1,1336.3581649394844
283.25,-56.07000000000005,0.0,other_tissue,0,701.9779709925995
357.4,-291.85,0.0,other_tissue,0,874.3635332665524
-61.25,328.36,0.0,other_tissue,0,955.4594056530879
327.0,-165.29999999999995,0.0,other_tissue,0,429.1443848566003
46.26999999999998,111.73000000000002,0.0,CD4_Tcell,1,1306.605850417628
22.360000000000014,-241.5,0.0,other_tissue,0,1221.229406005376
-275.1,440.2,0.0,CAF,1,494.1357329130973
-357.32,-60.90999999999997,0.0,other_tissue,0,715.4707745867553
-145.13,-47.49000000000001,0.0,other_tissue,0,453.0870202688362
-272.2,425.71,0.0,CAF,1,366.27894865011046
-393.89,-364.78999999999996,0.0,epithelial_tumor_class1,1,2589.729858414446
-401.38,403.27,0.0,CAF,1,707.4927667244369
491.91999999999996,-251.09000000000003,0.0,CD4_Tcell,1,672.3808506835171
-274.28999999999996,14.149999999999977,0.0,epithelial_tumor_class1,1,3067.492102177954
201.37,393.55,0.0,epithelial_tumor_class1_class2,1,1567.8262815402013
137.82000000000005,130.55,0.0,other_tissue,0,817.9809418516948
30.100000000000023,-175.76999999999998,0.0,other_tissue,0,457.9110140288686
-261.4,-488.1,0.0,other_tissue,0,784.0728487000824
403.78,203.7,0.0,epithelial_tumor_class1,1,912.3773793133441
282.15999999999997,-121.35000000000002,0.0,epithelial_tumor_class1,1,3295.325921826322
85.65999999999997,-139.88,0.0,other_tissue,0,634.4249166282154
-288.61,143.22000000000003,0.0,other_tissue,0,826.320548756878
237.39,-40.200000000000045,0.0,CAF,1,1204.8079027614644
73.35000000000002,267.52,0.0,CD4_Tcell,1,787.6351260227798
-279.49,-115.20000000000005,0.0,other_tissue,0,632.5700306399227
-148.58999999999997,-340.58000000000004,0.0,other_tissue,0,1178.7697851722007
253.58000000000004,233.8,0.0,epithelial_tumor_class1_class2,1,1443.6625045985497
-233.01,369.85,0.0,apCAF,1,175.78093996356932
92.80999999999995,-142.02999999999997,0.0,other_tissue,0,398.60191585811714
-422.19,-42.67999999999995,0.0,apCAF,1,246.64446793531584
431.57000000000005,205.25,0.0,epithelial_tumor_class1_class2,1,1115.7898410296802
102.62,-237.89,0.0,other_tissue,0,635.1392986985082
-411.82,-59.40999999999997,0.0,CD4_Tcell,1,516.8577807785748
134.96000000000004,111.05000000000001,0.0,other_tissue,0,716.9030835020559
432.08000000000004,-355.6,0.0,other_tissue,0,484.72030389523127
99.09000000000003,159.31,0.0,other_tissue,0,1221.229406005376
56.48000000000002,356.32,0.0,other_tissue,0,1221.229406005376
-450.48,49.23000000000002,0.0,other_tissue,0,1205.7115976511461
-161.07999999999998,112.10000000000002,0.0,other_tissue,0,830.5222067888237
-32.02999999999997,-208.45000000000005,0.0,other_tissue,0,323.0213425026323
136.28999999999996,2.329999999999984,0.0,other_tissue,0,1221.229406005376
-85.36000000000001,154.45,0.0,epithelial_tumor_class1,1,6263.458536062106
-255.64,-232.17999999999995,0.0,other_tissue,0,395.8710593128606
-342.21000000000004,-4.3700000000000045,0.0,apCAF,1,445.1319230574685
-343.81,-426.15,0.0,other_tissue,0,373.7813523464426
-84.08999999999997,-255.98000000000002,0.0,other_tissue,0,840.6900906750384
-212.64,304.14,0.0,mesenchymal_tumor_class1,1,1383.6674933837025
-161.45999999999998,-240.60000000000002,0.0,CD4_Tcell,1,1217.0597206588127
-69.38999999999999,272.73,0.0,apCAF,1,308.5249348496158
-339.18,358.45,0.0,CD4_Tcell,1,732.9027680841616
-362.05,-14.509999999999991,0.0,mesenchymal_tumor_class1,1,1238.490603338859
-250.4,300.7,0.0,apCAF,1,439.08390384745155
-483.61,193.63,0.0,epithelial_tumor_class1,1,1352.2623498351963
-128.26,353.09000000000003,0.0,CAF,1,660.2434643529398
-480.24,204.36,0.0,epithelial_tumor_class1_class2,1,912.3773793133441
96.20000000000005,209.58999999999997,0.0,CAF,1,648.9777515753811
-464.07,-434.78999999999996,0.0,other_tissue,0,645.3956456425682
-466.15,473.45,0.0,other_tissue,0,500.9678460025547
76.12,82.04000000000002,0.0,apCAF,1,487.7404836427197
-153.51999999999998,-29.74000000000001,0.0,epithelial_tumor_class1,1,902.0219138640746
-247.47,-356.74,0.0,other_tissue,0,768.611613944353
-168.62,17.70999999999998,0.0,epithelial_tumor_class1,1,672.547886455569
-260.24,116.70999999999998,0.0,other_tissue,0,501.02885655876315
399.84000000000003,122.55000000000001,0.0,epithelial_tumor_class1,1,1948.0809400593719
-188.64999999999998,-416.74,0.0,other_tissue,0,1221.229406005376
-117.86000000000001,-178.26999999999998,0.0,other_tissue,0,454.22909996121336
-307.59000000000003,-462.44000000000005,0.0,other_tissue,0,700.6800621903614
-31.75999999999999,27.810000000000002,0.0,other_tissue,0,826.448308332993
477.77,388.24,0.0,other_tissue,0,668.1215377355976
-115.99000000000001,268.89,0.0,CD8_Tcell,1,627.2396620199223
-364.91999999999996,106.06,0.0,epithelial_tumor_class1,1,2513.8761059549365
-104.5,-274.46000000000004,0.0,mesenchymal_tumor_class1_class2,1,499.00291005604953
2.910000000000025,-283.41999999999996,0.0,CD4_Tcell,1,870.6543669470675
-491.506,-127.75999999999999,0.0,other_tissue,0,558.7252780102369
-318.41999999999996,-135.86,0.0,epithelial_tumor_class1_class2,1,7134.433496310096
-167.52999999999997,-28.33000000000004,0.0,epithelial_tumor_class1,1,1974.411294620812
430.78,440.24,0.0,mesenchymal_tumor_class1,1,940.572187066326
384.12,184.60000000000002,0.0,other_tissue,0,511.70481393760076
-368.08000000000004,-0.7300000000000182,0.0,mesenchymal_tumor_class1,1,826.0224942849331
196.82000000000005,404.07,0.0,epithelial_tumor_class1_class2,1,3578.7900290517837
42.51999999999998,61.27999999999997,0.0,other_tissue,0,1221.229406005376
0.910000000000025,384.2,0.0,other_tissue,0,735.7171053476785
364.15,463.24,0.0,mesenchymal_tumor_class1,1,1171.0697724696627
216.39,271.65,0.0,other_tissue,0,1221.229406005376
-106.05000000000001,-351.86,0.0,other_tissue,0,504.9285112635835
-204.95,-131.57000000000005,0.0,epithelial_tumor_class1_class2,1,2032.7441160775352
131.73000000000002,-422.86,0.0,CD4_Tcell,1,550.596395971311
165.75,-476.52,0.0,other_tissue,0,933.0714745820222
-238.87,256.40999999999997,0.0,CD8_Tcell,1,553.476481233668
55.08000000000004,408.52,0.0,epithelial_tumor_class1,1,1112.619370191669
491.02,221.48000000000002,0.0,mesenchymal_tumor_class1,1,1727.7869923623448
-177.56,-83.57000000000005,0.0,epithelial_tumor_class1,1,1583.5750406979696
228.08000000000004,-147.75,0.0,other_tissue,0,985.7034544565361
52.59000000000003,445.85,0.0,epithelial_tumor_class1_class2,1,1105.8826791902932
-60.25,218.06,0.0,other_tissue,0,1221.229406005376
56.58000000000004,323.74,0.0,epithelial_tumor_class1,1,1142.4537857617645
-291.93,402.56,0.0,apCAF,1,797.2218944871096
375.45000000000005,106.16000000000003,0.0,other_tissue,0,894.3686720444344
-289.97,-195.29999999999995,0.0,epithelial_tumor_class1,1,830.073637656277
-351.85,-382.49,0.0,epithelial_tumor_class1,1,3626.807646671147
-333.65,-475.15,0.0,other_tissue,0,678.5982866821962
-454.32,-263.15,0.0,other_tissue,0,501.0441099717544
-67.82999999999998,-155.41999999999996,0.0,other_tissue,0,639.5624912645986
61.549999999999955,415.98,0.0,epithelial_tumor_class1,1,1032.9968843364106
-429.26,-226.48000000000002,0.0,other_tissue,0,929.6355009652548
-245.9,-252.14999999999998,0.0,other_tissue,0,1221.229406005376
17.019999999999982,325.76,0.0,other_tissue,0,1170.0492246189128
-326.45,-385.87,0.0,mesenchymal_tumor_class1,1,1673.0524763184283
311.55999999999995,406.17,0.0,other_tissue,0,766.5237493718323
94.13,-387.48,0.0,other_tissue,0,405.15948510217686
-397.35,-315.53,0.0,other_tissue,0,521.8101084169243
-322.58000000000004,196.47000000000003,0.0,mesenchymal_tumor_class1,1,620.3198879590893
-326.0,275.84000000000003,0.0,mesenchymal_tumor_class1,1,1753.292460531218
-72.58999999999997,428.12,0.0,CD8_Tcell,1,397.6205034582926
-134.68,50.110000000000014,0.0,other_tissue,0,731.1744406971418
439.28999999999996,225.52999999999997,0.0,CD4_Tcell,1,726.005765730653
-107.04000000000002,-64.44000000000005,0.0,epithelial_tumor_class1,1,981.0646700533752
390.82000000000005,419.45,0.0,CAF,1,838.108142486142
82.60000000000002,-191.25,0.0,other_tissue,0,500.7695959009077
-448.71,110.58999999999997,0.0,epithelial_tumor_class1_class2,1,1581.7032804131934
-162.10000000000002,132.23000000000002,0.0,other_tissue,0,507.4933363865156
189.73000000000002,-46.700000000000045,0.0,other_tissue,0,980.5156780363194
-231.51999999999998,-322.28999999999996,0.0,mesenchymal_tumor_class1,1,1009.3844431413086
-187.54000000000002,400.17,0.0,epithelial_tumor_class1,1,968.2766041700543
45.870000000000005,387.65999999999997,0.0,CAF,1,791.60124993977
-240.26999999999998,160.39999999999998,0.0,epithelial_tumor_class1,1,1377.0726163291627
137.26,-309.89,0.0,epithelial_tumor_class1,1,1628.9749282912949
0.8500000000000227,131.76,0.0,other_tissue,0,803.1824333968817
75.88999999999999,409.97,0.0,other_tissue,0,528.3569212178379
184.04999999999995,84.94,0.0,epithelial_tumor_class1,1,1706.8086942484736
53.700000000000045,-354.45000000000005,0.0,CD8_Tcell,1,522.6882420424816
-418.24,-249.75,0.0,CD8_Tcell,1,350.9988248958003
-2.3600000000000136,-135.49,0.0,apCAF,1,272.4896547413388
-305.75,-366.23,0.0,mesenchymal_tumor_class1,1,1704.2889697958283
-149.45999999999998,158.95,0.0,other_tissue,0,753.6352899490613
-287.86,259.53,0.0,other_tissue,0,861.9528686753087
460.16999999999996,-263.37,0.0,other_tissue,0,489.06011897917347
-452.27,180.89999999999998,0.0,epithelial_tumor_class1_class2,1,3058.924073332977
-329.15,-321.02,0.0,apCAF,1,683.8962530646779
-439.25,285.65999999999997,0.0,CD4_Tcell,1,951.3370134435299
55.870000000000005,137.83999999999997,0.0,mesenchymal_tumor_class1_class2,1,731.9793456772022
109.95000000000005,-350.49,0.0,epithelial_tumor_class1,1,1039.6578453065974
-368.2,-195.08000000000004,0.0,other_tissue,0,605.6635660317007
-315.78,-309.15,0.0,other_tissue,0,1085.1463181402712
-82.66000000000003,-63.960000000000036,0.0,other_tissue,0,609.7924847551892
238.60000000000002,-176.63,0.0,CD4_Tcell,1,741.8824661433368
-165.12,-88.00999999999999,0.0,epithelial_tumor_class1,1,939.7831943521076
-489.72,-52.33000000000004,0.0,other_tissue,0,663.0525384855579
-351.52,292.7,0.0,mesenchymal_tumor_class1,1,1621.9885070166797
-38.97000000000003,-265.64,0.0,CD4_Tcell,1,469.47027530537025
144.39,-24.66999999999996,0.0,other_tissue,0,1221.229406005376
-371.57,-236.20000000000005,0.0,other_tissue,0,499.1702619930269
164.97000000000003,-486.28999999999996,0.0,apCAF,1,718.8998828753846
-170.23000000000002,276.11,0.0,other_tissue,0,749.6574343344101
-296.43,198.2,0.0,other_tissue,0,644.673592031786
-237.82,-58.860000000000014,0.0,other_tissue,0,635.1750318723557
179.91999999999996,272.82,0.0,epithelial_tumor_class1_class2,1,1948.0809400593719
-94.20999999999998,-47.40999999999997,0.0,other_tissue,0,1221.229406005376
-184.25,-203.90999999999997,0.0,mesenchymal_tumor_class1,1,955.8112955972093
177.96000000000004,-52.72000000000003,0.0,other_tissue,0,603.5197689956557
-205.95,34.110000000000014,0.0,epithelial_tumor_class1,1,1143.6168754912728
-399.98,265.63,0.0,apCAF,1,280.9500257799009
-265.57,3.920000000000016,0.0,epithelial_tumor_class1,1,1495.7959500064073
186.04999999999995,-334.78999999999996,0.0,other_tissue,0,767.5368029991463
-259.41999999999996,-399.17999999999995,0.0,apCAF,1,712.9012876709331
-345.68,-47.940000000000055,0.0,CD4_Tcell,1,720.84206711078
-124.44,-271.28,0.0,other_tissue,0,1221.229406005376
-432.79,-52.57000000000005,0.0,other_tissue,0,361.37442782859597
-490.761,-323.5,0.0,other_tissue,0,653.8655513046474
350.38,-249.57000000000005,0.0,other_tissue,0,1091.6960676694923
431.58000000000004,234.18,0.0,other_tissue,0,1221.229406005376
306.54999999999995,-476.27,0.0,CD4_Tcell,1,586.4495679729674
-221.22000000000003,61.620000000000005,0.0,epithelial_tumor_class1,1,3578.7900290517837
-328.27,-366.05999999999995,0.0,mesenchymal_tumor_class1,1,1105.8051072598373
-195.91000000000003,-245.29999999999995,0.0,epithelial_tumor_class1,1,592.8733116605439
320.20000000000005,-455.80999999999995,0.0,other_tissue,0,753.6753396522522
-311.15,206.32,0.0,mesenchymal_tumor_class1,1,1265.482575788057
437.4,396.17,0.0,other_tissue,0,818.784854267769
-94.31,-147.23000000000002,0.0,other_tissue,0,395.6885781987685
-471.15,-351.82000000000005,0.0,other_tissue,0,640.7838069590689
-164.01,-280.22,0.0,mesenchymal_tumor_class1,1,1966.2473178688974
-252.39,-439.90999999999997,0.0,other_tissue,0,1120.5307454461238
188.63,277.4,0.0,CD4_Tcell,1,649.1408887353074
-209.91000000000003,492.537,0.0,CAF,1,707.1280566513693
-341.21000000000004,-495.66999999999996,0.0,other_tissue,0,429.7912876660497
168.63,441.07,0.0,epithelial_tumor_class1_class2,1,957.6660084905036
-474.7,-296.79999999999995,0.0,other_tissue,0,665.2981548461746
383.99,-142.71000000000004,0.0,epithelial_tumor_class1,1,2227.3318036221376
-256.05,-65.40999999999997,0.0,CD4_Tcell,1,349.07728084424843
-306.58000000000004,-350.4,0.0,other_tissue,0,967.5904593220154
256.44000000000005,450.09000000000003,0.0,other_tissue,0,845.4806640011227
127.78999999999996,487.02,0.0,epithelial_tumor_class1,1,956.7031367839653
267.63,180.89999999999998,0.0,other_tissue,0,800.4902739743286
60.99000000000001,193.82,0.0,mesenchymal_tumor_class1_class2,1,110.86717495529334
-110.69,-41.200000000000045,0.0,epithelial_tumor_class1,1,1002.5144379977501
-126.51999999999998,-13.139999999999986,0.0,other_tissue,0,1221.229406005376
-259.08000000000004,243.39999999999998,0.0,other_tissue,0,1221.229406005376
-399.88,434.44,0.0,other_tissue,0,834.2237129503841
325.46000000000004,230.23000000000002,0.0,other_tissue,0,742.2392070981603
-136.19,422.18,0.0,other_tissue,0,1158.0888343061051
307.80999999999995,280.05,0.0,CAF,1,928.7835820198168
-199.99,-387.80999999999995,0.0,other_tissue,0,706.9169660129436
184.39,27.49000000000001,0.0,other_tissue,0,1122.3577399432284
-38.329999999999984,73.87,0.0,epithelial_tumor_class1,1,1418.9415708420324
321.94000000000005,348.91999999999996,0.0,CD8_Tcell,1,1472.0235171670822
-120.12,-141.38,0.0,apCAF,1,235.91527037172236
109.61000000000001,21.54000000000002,0.0,other_tissue,0,463.5652414156426
248.92999999999995,295.93,0.0,other_tissue,0,580.4223671089113
448.08000000000004,121.13999999999999,0.0,other_tissue,0,867.3514885039739
-435.34000000000003,-456.55999999999995,0.0,other_tissue,0,629.2794161358353
166.14,390.08,0.0,epithelial_tumor_class1,1,1172.0640338438993
265.14,-189.23000000000002,0.0,other_tissue,0,1074.8126306721936
-280.97,-137.26999999999998,0.0,epithelial_tumor_class1,1,2072.028275635984
-192.61,-290.5,0.0,mesenchymal_tumor_class1,1,954.4745733071422
378.48,-362.22,0.0,other_tissue,0,542.8845916480761
346.48,471.82,0.0,other_tissue,0,958.6765434138283
99.15999999999997,-81.16999999999996,0.0,other_tissue,0,742.0806414473398
-145.13,-288.27,0.0,mesenchymal_tumor_class1_class2,1,478.4806860152412
-450.38,-34.35000000000002,0.0,other_tissue,0,374.4969754589115
-397.69,-36.60000000000002,0.0,CD8_Tcell,1,440.202339083132
395.95000000000005,381.51,0.0,apCAF,1,795.0825111493328
-236.47000000000003,80.16000000000003,0.0,epithelial_tumor_class1,1,7741.03554065621
384.57000000000005,207.95,0.0,other_tissue,0,900.6230807302767
-381.15999999999997,156.14,0.0,other_tissue,0,797.6793469849425
-209.73000000000002,-32.190000000000055,0.0,other_tissue,0,1065.1246791314356
454.03999999999996,161.13,0.0,other_tissue,0,937.1641241427036
-260.5,-346.6,0.0,other_tissue,0,520.6512268473195
-197.3,-346.35,0.0,CD4_Tcell,1,748.4608332357559
258.83000000000004,463.44,0.0,CAF,1,662.7584067783052
456.55999999999995,382.18,0.0,CD4_Tcell,1,361.76713271124964
126.46000000000004,191.86,0.0,epithelial_tumor_class1_class2,1,1721.4581934993205
414.53999999999996,445.3,0.0,mesenchymal_tumor_class1,1,1966.2473178688974
367.57000000000005,428.61,0.0,epithelial_tumor_class1,1,2367.0277012138436
-180.89999999999998,131.33999999999997,0.0,other_tissue,0,1034.8758991433128
-197.51,-373.33000000000004,0.0,other_tissue,0,608.2289298924676
467.34000000000003,-301.79999999999995,0.0,CD4_Tcell,1,749.4579123156376
460.59000000000003,-386.49,0.0,other_tissue,0,542.6754309695801
-8.04000000000002,-71.44000000000005,0.0,epithelial_tumor_class1,1,1481.766748042301
-10.649999999999977,94.67000000000002,0.0,epithelial_tumor_class1,1,1034.4306635696928
112.62,197.44,0.0,epithelial_tumor_class1,1,1721.4581934993205
-99.82,476.04,0.0,other_tissue,0,471.0494721691894
195.46000000000004,144.42000000000002,0.0,epithelial_tumor_class1_class2,1,1396.0744729811202
17.5,-131.19000000000005,0.0,other_tissue,0,1102.1375172876535
-184.56,-95.92999999999995,0.0,epithelial_tumor_class1,1,1714.659868229356
-332.53999999999996,172.42000000000002,0.0,other_tissue,0,1158.328839820503
-96.82,254.04,0.0,apCAF,1,312.0713338051341
-460.53,282.43,0.0,CD4_Tcell,1,570.43578358482
-363.59000000000003,-413.64,0.0,other_tissue,0,1216.2054632047625
107.19000000000005,326.09000000000003,0.0,other_tissue,0,745.5544244013059
442.12,427.84000000000003,0.0,other_tissue,0,1116.4923156093464
51.610000000000014,-26.480000000000018,0.0,CD8_Tcell,1,1472.0235171670822
375.52,392.88,0.0,apCAF,1,437.9394754448625
119.0,-40.289999999999964,0.0,other_tissue,0,600.6577745842799
474.45000000000005,-56.66999999999996,0.0,mesenchymal_tumor_class1,1,936.6779310974484
-338.33000000000004,199.95,0.0,mesenchymal_tumor_class1,1,914.0388400992365
171.60000000000002,146.97000000000003,0.0,epithelial_tumor_class1,1,1334.8039533654298
440.64,460.7,0.0,mesenchymal_tumor_class1,1,927.9091801584287
-403.82,492.539,0.0,mesenchymal_tumor_class1,1,1966.2473178688974
17.289999999999964,427.95,0.0,other_tissue,0,585.924551063569
292.77,371.39,0.0,mesenchymal_tumor_class1,1,668.7870219350224
-18.920000000000016,107.62,0.0,epithelial_tumor_class1,1,2765.7565287067955
-435.15,-126.32000000000005,0.0,epithelial_tumor_class1,1,846.9733246158519
-426.84000000000003,341.46000000000004,0.0,epithelial_tumor_class1_class2,1,2359.3486808487214
-379.90999999999997,-481.44000000000005,0.0,other_tissue,0,1037.2278701685661
87.57000000000005,-474.36,0.0,other_tissue,0,442.4027860913996
444.85,144.27999999999997,0.0,epithelial_tumor_class1,1,1247.4915381996736
-106.70999999999998,-260.54999999999995,0.0,other_tissue,0,502.2348302555414
-274.03,-472.55999999999995,0.0,other_tissue,0,1161.772563598842
-236.49,183.29000000000002,0.0,mesenchymal_tumor_class1,1,632.0356400664339
-387.03,-185.21000000000004,0.0,epithelial_tumor_class1,1,1143.6962057971523
-459.78,331.94,0.0,CAF,1,605.8886125144915
171.02999999999997,298.16999999999996,0.0,epithelial_tumor_class1,1,1110.3880608779139
12.590000000000032,-177.78999999999996,0.0,other_tissue,0,627.27509828793
330.14,-457.22,0.0,other_tissue,0,1221.229406005376
-188.48000000000002,47.70999999999998,0.0,epithelial_tumor_class1,1,1283.1888640978507
401.89,-149.59000000000003,0.0,CD8_Tcell,1,660.4818348375701
-374.39,427.56,0.0,mesenchymal_tumor_class1,1,1664.8533657432413
-282.25,-462.57000000000005,0.0,other_tissue,0,1221.229406005376
-83.38,318.53,0.0,other_tissue,0,1221.229406005376
176.05999999999995,332.93,0.0,other_tissue,0,623.4203953215138
-406.84000000000003,-200.10000000000002,0.0,other_tissue,0,1221.229406005376
-158.77999999999997,-121.46000000000004,0.0,epithelial_tumor_class1,1,1046.023435021498
83.98000000000002,498.85,0.0,epithelial_tumor_class1,1,7741.03554065621
353.78,251.21,0.0,other_tissue,0,889.5515355175611
-440.01,-111.25,0.0,other_tissue,0,480.10966426833545
283.15,416.76,0.0,epithelial_tumor_class1,1,2282.757208780634
-471.83,-22.899999999999977,0.0,mesenchymal_tumor_class1,1,1455.4310980798418
-274.26,464.01,0.0,CAF,1,910.6497797818764
-117.13999999999999,-28.789999999999964,0.0,epithelial_tumor_class1,1,894.9748410160892
340.38,330.68,0.0,CAF,1,712.5154315856702
-22.920000000000016,-256.96000000000004,0.0,other_tissue,0,616.8441245560068
-233.51,150.47000000000003,0.0,other_tissue,0,853.8534888797238
340.67999999999995,-384.15,0.0,CD4_Tcell,1,636.6054580712781
74.65999999999997,125.98000000000002,0.0,mesenchymal_tumor_class1_class2,1,261.89783362199944
341.59000000000003,245.27,0.0,other_tissue,0,1221.229406005376
-99.94,79.30000000000001,0.0,other_tissue,0,927.1272859396394
-273.01,-18.779999999999973,0.0,epithelial_tumor_class1_class2,1,7134.433496310096
187.37,370.1,0.0,other_tissue,0,462.27744034601085
-235.81,-271.62,0.0,other_tissue,0,1024.053487105604
159.32000000000005,94.51999999999998,0.0,epithelial_tumor_class1_class2,1,1567.8262815402013
177.88,-4.199999999999989,0.0,other_tissue,0,753.8756094515534
-280.03,382.35,0.0,other_tissue,0,379.9630467858214
-170.02999999999997,-135.39,0.0,epithelial_tumor_class1_class2,1,739.1907838360397
487.78999999999996,-172.38,0.0,other_tissue,0,1049.490610021133
-489.54,132.01,0.0,epithelial_tumor_class1_class2,1,3626.807646671147
-84.92000000000002,-371.6,0.0,other_tissue,0,904.0098402325486
313.94000000000005,255.47,0.0,other_tissue,0,508.04736836425377
-27.70999999999998,-269.04999999999995,0.0,CD8_Tcell,1,740.199400391289
-326.47,-480.92999999999995,0.0,other_tissue,0,709.9530295202493
-363.73,-136.17999999999995,0.0,epithelial_tumor_class1_class2,1,1100.8480454074233
-95.50999999999999,-30.230000000000018,0.0,other_tissue,0,633.6753921865736
-447.93,346.84000000000003,0.0,epithelial_tumor_class1,1,1244.1320726647496
-14.160000000000025,-252.10000000000002,0.0,CD4_Tcell,1,691.7907646314468
116.79999999999995,-254.32000000000005,0.0,other_tissue,0,1221.229406005376
-369.81,-243.96000000000004,0.0,mesenchymal_tumor_class1,1,568.2100949483532
-261.28999999999996,-293.70000000000005,0.0,CD8_Tcell,1,513.9045813624913
15.379999999999995,381.88,0.0,epithelial_tumor_class1_class2,1,1628.9749282912949
-236.44,-51.460000000000036,0.0,other_tissue,0,341.86302280643457
-491.184,-395.92999999999995,0.0,other_tissue,0,813.4213290642803
-392.62,454.83,0.0,mesenchymal_tumor_class1,1,1450.4371535179848
454.88,-27.940000000000055,0.0,other_tissue,0,644.9262495029741
-167.32,27.00999999999999,0.0,epithelial_tumor_class1,1,618.159169859676
-445.31,316.34000000000003,0.0,epithelial_tumor_class1,1,1981.9557880172324
420.96000000000004,433.38,0.0,mesenchymal_tumor_class1,1,1966.2473178688974
404.01,304.15999999999997,0.0,apCAF,1,187.57601981181716
-219.26,-34.16999999999996,0.0,other_tissue,0,999.9734463780757
438.70000000000005,-402.92999999999995,0.0,CD4_Tcell,1,1016.2857625390125
147.44000000000005,-473.66999999999996,0.0,other_tissue,0,1221.229406005376
2.430000000000007,25.060000000000002,0.0,epithelial_tumor_class1,1,1490.58382861738
-245.58,378.21,0.0,CD4_Tcell,1,554.0145546453766
122.30999999999995,-55.299999999999955,0.0,other_tissue,0,766.8680875259216
-254.44,85.75,0.0,epithelial_tumor_class1,1,2997.232258964432
253.90999999999997,418.42,0.0,other_tissue,0,280.4006543210394
70.30999999999995,361.99,0.0,other_tissue,0,730.5466323284318
466.58000000000004,210.98000000000002,0.0,other_tissue,0,876.3549129660629
-232.42000000000002,311.84000000000003,0.0,mesenchymal_tumor_class1,1,1097.2685989108754
14.759999999999991,253.37,0.0,other_tissue,0,1209.4132369773977
219.54999999999995,-172.85000000000002,0.0,CAF,1,678.4489198783708
-425.1,101.07,0.0,other_tissue,0,1044.0065208558385
489.45000000000005,138.05,0.0,other_tissue,0,464.7683776542127
-287.44,-185.58000000000004,0.0,epithelial_tumor_class1_class2,1,1261.8367401509838
294.01,-318.17999999999995,0.0,other_tissue,0,1221.229406005376
-337.28999999999996,71.14999999999998,0.0,other_tissue,0,1000.2152603799731
-439.45,-166.67999999999995,0.0,other_tissue,0,433.38164739934257
-114.74000000000001,-289.79999999999995,0.0,mesenchymal_tumor_class1,1,1121.6267040250214
-216.10000000000002,479.99,0.0,CD4_Tcell,1,350.14527178570006
-436.7,-134.22000000000003,0.0,epithelial_tumor_class1,1,1598.9329173202973
195.16999999999996,342.38,0.0,CD4_Tcell,1,718.0270393320424
-46.64999999999998,-8.420000000000016,0.0,other_tissue,0,705.7471348557636
-439.75,-88.99000000000001,0.0,epithelial_tumor_class1_class2,1,1803.6204694732041
-53.44,-91.61000000000001,0.0,other_tissue,0,335.36707246670085
-26.49000000000001,378.59000000000003,0.0,other_tissue,0,490.9988832552072
33.34000000000003,373.98,0.0,other_tissue,0,1221.229406005376
-397.25,-48.08000000000004,0.0,CD4_Tcell,1,507.44718524497677
194.48000000000002,-111.55999999999995,0.0,other_tissue,0,736.9395431386356
-269.44,-252.35000000000002,0.0,other_tissue,0,887.2052801243456
-449.26,-73.88999999999999,0.0,other_tissue,0,822.3453055916516
404.75,84.91000000000003,0.0,other_tissue,0,909.9230223791368
414.07000000000005,351.53,0.0,mesenchymal_tumor_class1,1,1445.7637853482502
298.11,114.06,0.0,epithelial_tumor_class1,1,1479.5051325538884
338.04999999999995,162.32999999999998,0.0,epithelial_tumor_class1,1,939.1337670467325
-37.20999999999998,188.22000000000003,0.0,other_tissue,0,1189.161243640626
445.23,365.89,0.0,other_tissue,0,888.1879700259994
169.86,-95.86000000000001,0.0,other_tissue,0,539.6566492642252
-392.74,-390.30999999999995,0.0,other_tissue,0,975.4650447505186
-110.37,-118.12,0.0,other_tissue,0,1221.229406005376
-298.28999999999996,-94.28999999999996,0.0,other_tissue,0,732.1757535324251
-314.4,-33.629999999999995,0.0,epithelial_tumor_class1,1,3297.5753275364955
-291.47,7.069999999999993,0.0,epithelial_tumor_class1,1,1111.3995636663462
332.49,170.95999999999998,0.0,other_tissue,0,889.3949899531347
446.15,-451.36,0.0,mesenchymal_tumor_class1,1,862.0623730668582
-356.15,-462.38,0.0,other_tissue,0,824.1506500321706
140.69000000000005,462.40999999999997,0.0,epithelial_tumor_class1_class2,1,1418.2089145517741
168.29999999999995,-88.17999999999995,0.0,other_tissue,0,1001.78800168403
-400.49,-146.69000000000005,0.0,epithelial_tumor_class1,1,886.2010063643156
45.25,414.9,0.0,mesenchymal_tumor_class1,1,688.5050409610229
438.91999999999996,249.49,0.0,apCAF,1,612.8578423101912
320.42999999999995,154.61,0.0,other_tissue,0,445.10373052324064
149.37,346.72,0.0,epithelial_tumor_class1,1,860.267671886123
-223.98000000000002,172.7,0.0,CAF,1,770.3577810454539
322.64,237.83999999999997,0.0,CD4_Tcell,1,595.0293795790295
-70.38,-313.42999999999995,0.0,other_tissue,0,403.5068002996318
-165.57999999999998,-184.42999999999995,0.0,mesenchymal_tumor_class1_class2,1,1013.89235755584
266.26,429.39,0.0,other_tissue,0,364.906671216615
453.27,-44.84000000000003,0.0,mesenchymal_tumor_class1,1,1144.225168259368
403.26,-66.19000000000005,0.0,epithelial_tumor_class1,1,1958.2441631083595
80.5,163.77999999999997,0.0,mesenchymal_tumor_class1,1,1846.4465478638285
-341.85,-231.78999999999996,0.0,other_tissue,0,627.0093588079012
-47.610000000000014,47.52999999999997,0.0,other_tissue,0,588.0434718811318
-373.39,-189.05999999999995,0.0,other_tissue,0,862.3909418874387
-483.22,-284.91999999999996,0.0,CAF,1,579.8336978094834
-373.4,-180.92999999999995,0.0,other_tissue,0,581.0787820769809
-452.83,-114.14999999999998,0.0,other_tissue,0,1034.1833656625165
-299.66999999999996,271.68,0.0,CAF,1,932.9329499002647
13.909999999999968,-5.430000000000007,0.0,apCAF,1,340.56425720215293
108.14999999999998,383.67,0.0,other_tissue,0,1170.9354559667308
0.10000000000002274,-267.22,0.0,other_tissue,0,1221.229406005376
-78.33999999999997,-462.74,0.0,other_tissue,0,669.0829344805356
1.4599999999999795,-214.21000000000004,0.0,other_tissue,0,961.8773331559422
418.53,186.17000000000002,0.0,other_tissue,0,1052.9654381571293
-62.30000000000001,-386.13,0.0,other_tissue,0,361.70575382900665
50.549999999999955,195.04000000000002,0.0,mesenchymal_tumor_class1,1,628.8888607552747
264.76,420.32,0.0,other_tissue,0,373.5680975247635
408.04999999999995,-353.32000000000005,0.0,other_tissue,0,937.1872803880484
-480.21,-228.51999999999998,0.0,other_tissue,0,930.9719895708268
45.0,-272.0,0.0,epithelial_tumor_class1,1,1543.5111969731738
258.96000000000004,-281.57000000000005,0.0,CD4_Tcell,1,615.8634411754435
384.65999999999997,-427.82000000000005,0.0,epithelial_tumor_class1_class2,1,2869.06758519157
201.90999999999997,-458.14,0.0,apCAF,1,683.8962530646779
-206.67000000000002,-264.65999999999997,0.0,other_tissue,0,715.2193499288985
296.20000000000005,225.20999999999998,0.0,epithelial_tumor_class1_class2,1,684.7054500702693
-351.15999999999997,-308.24,0.0,other_tissue,0,712.2646998069056
-431.37,124.57999999999998,0.0,CAF,1,862.6757690552943
113.28999999999996,176.70999999999998,0.0,epithelial_tumor_class1,1,1472.0143254259472
51.27999999999997,-54.789999999999964,0.0,mesenchymal_tumor_class1,1,856.0533926251811
156.62,301.27,0.0,epithelial_tumor_class1,1,3058.924073332977
-222.14,-186.86,0.0,CAF,1,797.2218944871096
316.47,-199.19000000000005,0.0,CD8_Tcell,1,433.28472292212643
58.049999999999955,-475.78999999999996,0.0,CD8_Tcell,1,437.6745870832283
8.810000000000002,-86.05999999999995,0.0,other_tissue,0,447.90057016578305
238.92999999999995,-256.15,0.0,other_tissue,0,1104.0736125130518
-107.85000000000002,11.550000000000011,0.0,other_tissue,0,654.0112879215696
186.90999999999997,312.14,0.0,CAF,1,584.6556451668501
38.35000000000002,-78.12,0.0,mesenchymal_tumor_class1,1,1173.166440067862
-134.54000000000002,17.689999999999998,0.0,CD4_Tcell,1,534.7511456770206
252.0,163.85000000000002,0.0,epithelial_tumor_class1,1,1424.6588288422292
328.41999999999996,190.72000000000003,0.0,epithelial_tumor_class1,1,1072.8855650934372
286.53999999999996,456.3,0.0,CAF,1,947.9729802394662
374.67999999999995,379.5,0.0,CAF,1,1255.607059719359
482.25,-343.91999999999996,0.0,CD8_Tcell,1,974.3952126793716
180.99,-277.12,0.0,CD8_Tcell,1,720.8226279740811
58.33000000000004,-200.64999999999998,0.0,CD4_Tcell,1,557.2830686893691
235.61,-55.50999999999999,0.0,epithelial_tumor_class1,1,7741.03554065621
-196.27999999999997,-103.74000000000001,0.0,epithelial_tumor_class1_class2,1,2664.305142495612
-473.61,413.74,0.0,other_tissue,0,467.39930038188965
-312.24,-191.46000000000004,0.0,other_tissue,0,922.0327711000601
392.35,78.66000000000003,0.0,epithelial_tumor_class1,1,2950.3302643280467
-239.45999999999998,465.51,0.0,CD4_Tcell,1,435.33706245025985
-357.56,-367.24,0.0,mesenchymal_tumor_class1,1,1804.1937716067653
415.33000000000004,-236.51,0.0,other_tissue,0,1112.333803599379
-104.02999999999997,289.95,0.0,CAF,1,996.3750330965493
350.05999999999995,264.47,0.0,other_tissue,0,543.0294266733441
295.85,-76.25,0.0,epithelial_tumor_class1,1,2424.7375099814426
-241.49,-179.67999999999995,0.0,epithelial_tumor_class1,1,895.7610231706748
-140.41000000000003,103.35000000000002,0.0,CAF,1,541.4215949876793
-458.14,-282.64,0.0,other_tissue,0,656.5651852881563
-480.15,369.28999999999996,0.0,apCAF,1,644.2947295654035
-482.98,-11.230000000000018,0.0,epithelial_tumor_class1,1,3344.8873677072684
212.35000000000002,379.43,0.0,other_tissue,0,381.2837874879391
-139.58999999999997,164.13,0.0,epithelial_tumor_class1,1,1155.6639739037187
276.4,479.87,0.0,other_tissue,0,496.4213158193131
175.21000000000004,453.99,0.0,other_tissue,0,806.8232704731888
-214.22000000000003,-140.99,0.0,other_tissue,0,1221.229406005376
-378.04,-251.0,0.0,mesenchymal_tumor_class1,1,1056.1971330884628
140.24,-156.07000000000005,0.0,other_tissue,0,569.1561341895019
9.930000000000007,19.5,0.0,epithelial_tumor_class1,1,602.2083326444528
360.28,267.0,0.0,other_tissue,0,870.8087057109495
416.78999999999996,493.347,0.0,epithelial_tumor_class1,1,7005.791860914343
-87.60000000000002,108.17000000000002,0.0,other_tissue,0,446.09117769597833
-130.39,302.3,0.0,other_tissue,0,525.2183628448713
-259.28,22.019999999999982,0.0,CAF,1,554.7325281778272
133.37,11.889999999999986,0.0,other_tissue,0,1019.0501770313251
329.14,-404.41999999999996,0.0,other_tissue,0,725.1662120252684
-471.06,363.01,0.0,other_tissue,0,546.7395127518881
317.63,-423.34000000000003,0.0,CD4_Tcell,1,416.1266050018686
18.600000000000023,447.68,0.0,other_tissue,0,1221.229406005376
155.76,-349.42999999999995,0.0,CD4_Tcell,1,354.6085874716803
-24.110000000000014,25.94999999999999,0.0,epithelial_tumor_class1,1,1106.58098982026
-316.90999999999997,267.68,0.0,mesenchymal_tumor_class1,1,1282.3610126182027
489.57000000000005,261.47,0.0,apCAF,1,838.108142486142
486.97,-43.65999999999997,0.0,mesenchymal_tumor_class1,1,739.329167119334
-412.15,-121.15999999999997,0.0,epithelial_tumor_class1,1,695.0869252553682
-141.45999999999998,64.68,0.0,mesenchymal_tumor_class1,1,817.1775558146595
-312.4,65.57999999999998,0.0,mesenchymal_tumor_class1,1,580.5233218339476
-227.16000000000003,-128.44000000000005,0.0,CD8_Tcell,1,521.1834726432825
-371.93,-31.299999999999955,0.0,mesenchymal_tumor_class1_class2,1,955.8112955972093
-436.63,-99.53999999999996,0.0,epithelial_tumor_class1,1,1443.6625045985497
176.72000000000003,-200.94000000000005,0.0,other_tissue,0,867.9673905980279
-287.38,247.31,0.0,CAF,1,572.6839514587807
-117.49000000000001,-299.91999999999996,0.0,mesenchymal_tumor_class1,1,1191.0620764711127
-67.57999999999998,-38.210000000000036,0.0,other_tissue,0,610.7144972380166
83.36000000000001,140.89999999999998,0.0,mesenchymal_tumor_class1,1,1279.1386432845916
-403.22,-490.37,0.0,other_tissue,0,574.4867327759172
-108.16000000000003,-284.86,0.0,mesenchymal_tumor_class1,1,1292.1753225049663
-409.13,-307.53999999999996,0.0,other_tissue,0,538.2954577290869
-147.18,-19.059999999999945,0.0,other_tissue,0,771.3131983220516
326.04999999999995,-174.65999999999997,0.0,other_tissue,0,1144.3045266930922
53.610000000000014,-70.16999999999996,0.0,mesenchymal_tumor_class1_class2,1,382.05987486495985
-401.52,453.37,0.0,mesenchymal_tumor_class1,1,953.5372671269178
423.03999999999996,227.79000000000002,0.0,epithelial_tumor_class1,1,1632.861202431819
-443.33,-418.28,0.0,other_tissue,0,546.1900041878918
-236.51999999999998,-123.28999999999996,0.0,CAF,1,950.8693114689598
-392.75,442.03,0.0,mesenchymal_tumor_class1,1,1281.8758859523514
84.86000000000001,28.870000000000005,0.0,other_tissue,0,1221.229406005376
137.13,-188.53999999999996,0.0,other_tissue,0,1221.229406005376
94.19000000000005,-172.89999999999998,0.0,other_tissue,0,834.502304222541
-487.76,-26.16999999999996,0.0,mesenchymal_tumor_class1,1,1381.356896880435
-131.83999999999997,-41.33000000000004,0.0,other_tissue,0,1013.5019547527461
-472.94,-401.36,0.0,other_tissue,0,863.8157048708573
440.94000000000005,-395.34000000000003,0.0,CAF,1,291.17418534916493
200.78999999999996,231.77999999999997,0.0,other_tissue,0,808.2491110686182
-31.779999999999973,-250.0,0.0,CD4_Tcell,1,1145.151244976651
47.09000000000003,-94.63,0.0,mesenchymal_tumor_class1,1,1621.9885070166797
-315.3,-316.25,0.0,other_tissue,0,1221.229406005376
-157.94,142.5,0.0,apCAF,1,949.0233872711048
-234.88,-336.38,0.0,CAF,1,1255.607059719359
-251.59,-159.91999999999996,0.0,other_tissue,0,1191.306616122723
-30.389999999999986,86.63,0.0,other_tissue,0,758.5117227757918
-87.69,-452.80999999999995,0.0,CD4_Tcell,1,532.0952071289147
-372.34000000000003,-372.85,0.0,other_tissue,0,1047.7435946048242
-175.91000000000003,405.55,0.0,CD4_Tcell,1,443.9488612763507
70.38999999999999,174.36,0.0,mesenchymal_tumor_class1,1,1013.0872615966824
-170.0,-101.39999999999998,0.0,epithelial_tumor_class1_class2,1,684.7054500702693
-131.52999999999997,-284.04999999999995,0.0,mesenchymal_tumor_class1,1,1827.9123397926135
-301.27,483.97,0.0,mesenchymal_tumor_class1,1,538.1674635652055
-430.23,167.66000000000003,0.0,epithelial_tumor_class1,1,5519.888817588218
389.84000000000003,66.44999999999999,0.0,other_tissue,0,840.2593982524219
-103.58999999999997,-341.88,0.0,other_tissue,0,681.1595966349072
293.55999999999995,-279.82000000000005,0.0,other_tissue,0,377.0908774495415
109.03999999999996,-493.26,0.0,other_tissue,0,425.290269422201
-441.62,-310.88,0.0,CD4_Tcell,1,1306.605850417628
50.639999999999986,-78.49000000000001,0.0,other_tissue,0,316.74461236700625
-432.79,-84.23000000000002,0.0,apCAF,1,272.53030865833097
-350.49,160.32,0.0,epithelial_tumor_class1,1,1363.4105715122123
-292.15999999999997,394.27,0.0,apCAF,1,783.4356585066116
188.09000000000003,45.43000000000001,0.0,other_tissue,0,1061.0444859377092
-51.879999999999995,330.13,0.0,other_tissue,0,556.9556403377621
-165.51999999999998,-63.34000000000003,0.0,epithelial_tumor_class1,1,759.6384841301732
72.29999999999995,-13.42999999999995,0.0,other_tissue,0,381.79257849028056
-289.05,-362.41999999999996,0.0,other_tissue,0,966.7391443542183
-167.66000000000003,-325.20000000000005,0.0,mesenchymal_tumor_class1,1,1072.074858657256
66.30999999999995,128.43,0.0,mesenchymal_tumor_class1,1,809.1726083666493
-343.74,-13.759999999999991,0.0,other_tissue,0,570.5023112338936
-158.35000000000002,298.52,0.0,epithelial_tumor_class1,1,2104.1033893626004
-148.25,-269.57000000000005,0.0,mesenchymal_tumor_class1_class2,1,648.5066199845429
-337.71000000000004,-391.25,0.0,mesenchymal_tumor_class1,1,1329.680681960383
419.66999999999996,66.83999999999997,0.0,epithelial_tumor_class1,1,3021.525442605895
-134.36,-293.20000000000005,0.0,mesenchymal_tumor_class1,1,911.1496499060855
7.8700000000000045,79.72000000000003,0.0,epithelial_tumor_class1,1,1040.5762709119283
-304.75,435.3,0.0,mesenchymal_tumor_class1,1,1131.8113477021643
450.95000000000005,-62.77999999999997,0.0,mesenchymal_tumor_class1,1,654.3392744822091
-375.90999999999997,-452.66999999999996,0.0,other_tissue,0,1221.229406005376
-220.3,-95.29999999999995,0.0,CAF,1,673.9223406496551
-232.23000000000002,302.5,0.0,mesenchymal_tumor_class1,1,509.5884614561078
-120.25,-428.9,0.0,other_tissue,0,390.20145012291295
222.63,106.87,0.0,epithelial_tumor_class1,1,1574.3291550580127
-158.39,-309.41999999999996,0.0,mesenchymal_tumor_class1,1,1966.2473178688974
407.53999999999996,-159.20000000000005,0.0,other_tissue,0,945.6415179793272
352.15999999999997,180.33999999999997,0.0,CD4_Tcell,1,518.9005096476884
334.59000000000003,375.6,0.0,other_tissue,0,650.4832753635055
-318.8,-329.19000000000005,0.0,epithelial_tumor_class1,1,2261.0278211705586
-207.29000000000002,-58.059999999999945,0.0,other_tissue,0,1022.6538585904274
-408.1,-469.90999999999997,0.0,other_tissue,0,417.3407452750892
-211.92000000000002,128.87,0.0,other_tissue,0,761.0686600675612
-340.41999999999996,-34.190000000000055,0.0,apCAF,1,464.0143623171393
-213.13,-328.87,0.0,mesenchymal_tumor_class1_class2,1,1097.2685989108754
-367.13,152.76999999999998,0.0,epithelial_tumor_class1_class2,1,1494.6893348565015
-362.89,127.13,0.0,epithelial_tumor_class1_class2,1,807.2634244791773
136.27999999999997,324.52,0.0,epithelial_tumor_class1,1,4197.7186641292255
-407.73,-422.82000000000005,0.0,other_tissue,0,1221.229406005376
-40.379999999999995,-11.350000000000023,0.0,CAF,1,687.1484801732668
352.1,230.57,0.0,epithelial_tumor_class1,1,632.944283212115
-9.949999999999989,16.680000000000007,0.0,epithelial_tumor_class1,1,592.8733116605439
410.96000000000004,-382.08000000000004,0.0,apCAF,1,270.5227892472529
-389.79,12.25,0.0,epithelial_tumor_class1,1,4687.735036129622
-100.58999999999997,-37.690000000000055,0.0,other_tissue,0,829.9027966714452
-155.25,-41.91999999999996,0.0,CAF,1,883.9942723626272
-177.36,376.88,0.0,CAF,1,763.388948744152
132.15999999999997,-12.830000000000041,0.0,mesenchymal_tumor_class1_class2,1,911.1496499060855
-423.75,323.03,0.0,epithelial_tumor_class1,1,948.9066370800679
-147.57,425.05,0.0,other_tissue,0,672.4550853895702
-171.63,-445.20000000000005,0.0,other_tissue,0,652.6822437879014
205.02999999999997,428.7,0.0,other_tissue,0,1221.229406005376
-175.89,233.91000000000003,0.0,epithelial_tumor_class1_class2,1,7134.433496310096
-363.12,-185.64999999999998,0.0,other_tissue,0,650.4651226795929
-35.639999999999986,256.18,0.0,other_tissue,0,431.29405304761883
286.71000000000004,-75.69000000000005,0.0,other_tissue,0,924.187623718702
-25.920000000000016,-58.51999999999998,0.0,CD4_Tcell,1,442.5853167281629
247.20000000000005,246.21,0.0,epithelial_tumor_class1_class2,1,988.0523067143314
-85.80000000000001,-126.30999999999995,0.0,other_tissue,0,779.8450911672445
-278.69,98.86000000000001,0.0,other_tissue,0,1060.7426646139986
-137.2,-404.58000000000004,0.0,other_tissue,0,1221.229406005376
-385.67,-164.92999999999995,0.0,other_tissue,0,582.8653844487503
-445.65999999999997,-454.44000000000005,0.0,other_tissue,0,618.9842167767146
-212.01,-241.89,0.0,other_tissue,0,450.33963669363305
404.83000000000004,357.1,0.0,mesenchymal_tumor_class1,1,1008.5331003968533
27.24000000000001,362.8,0.0,other_tissue,0,694.6695923601345
-7.660000000000025,317.06,0.0,other_tissue,0,455.91716816957984
430.74,-409.21000000000004,0.0,CD8_Tcell,1,774.3880757186367
-242.92000000000002,107.32,0.0,CAF,1,844.4217242291468
380.44000000000005,400.93,0.0,CAF,1,1159.9564179400245
-466.77,199.75,0.0,epithelial_tumor_class1,1,1812.304646188219
436.36,492.119,0.0,mesenchymal_tumor_class1,1,781.2184665623548
410.42999999999995,-248.59000000000003,0.0,CAF,1,1151.541514155836
473.95000000000005,87.07999999999998,0.0,other_tissue,0,474.49791574007276
-173.3,471.98,0.0,other_tissue,0,555.0590847379756
476.52,241.51999999999998,0.0,mesenchymal_tumor_class1,1,816.1423873749555
-43.670000000000016,452.93,0.0,other_tissue,0,1221.229406005376
-100.44,281.28999999999996,0.0,other_tissue,0,1003.7501855365691
-23.20999999999998,202.41000000000003,0.0,CAF,1,1004.4290667714546
452.22,131.74,0.0,other_tissue,0,627.1510771887727
-66.92000000000002,-485.66999999999996,0.0,other_tissue,0,612.0033894682892
-326.1,315.28,0.0,mesenchymal_tumor_class1,1,491.13433675801355
392.97,392.03,0.0,other_tissue,0,578.8422707893762
-488.3,-295.15,0.0,epithelial_tumor_class1,1,1220.7293004463615
400.1,238.61,0.0,other_tissue,0,527.5987409981864
173.64,-23.970000000000027,0.0,other_tissue,0,1130.0790372608678
-72.50999999999999,-321.79999999999995,0.0,other_tissue,0,646.0098149505168
-445.42,-381.51,0.0,other_tissue,0,1060.893568120242
-19.889999999999986,-28.789999999999964,0.0,other_tissue,0,435.6010069247919
-253.26,-29.730000000000018,0.0,other_tissue,0,1221.229406005376
-489.86,47.97000000000003,0.0,other_tissue,0,554.8957904430044
113.21000000000004,-80.76999999999998,0.0,other_tissue,0,1098.5037883123034
-186.89999999999998,211.51999999999998,0.0,mesenchymal_tumor_class1_class2,1,1362.7863219670103
93.12,314.38,0.0,other_tissue,0,552.1897816723523
-182.23000000000002,317.99,0.0,other_tissue,0,1221.229406005376
135.46000000000004,218.08999999999997,0.0,other_tissue,0,1069.670480046254
-189.70999999999998,-335.03999999999996,0.0,other_tissue,0,1221.229406005376
27.899999999999977,18.50999999999999,0.0,CD4_Tcell,1,587.2970301515459
-297.76,134.33999999999997,0.0,other_tissue,0,578.8422707893762
205.61,420.24,0.0,other_tissue,0,851.4835673821786
-345.7,269.34000000000003,0.0,mesenchymal_tumor_class1,1,997.0264530728701
-10.170000000000016,-291.89,0.0,other_tissue,0,664.8928335035347
-397.54,-289.76,0.0,other_tissue,0,788.6460518804589
-43.76999999999998,-260.82000000000005,0.0,CD4_Tcell,1,533.5254559057845
64.90999999999997,256.26,0.0,other_tissue,0,1147.7734244440162
-314.90999999999997,-155.84000000000003,0.0,epithelial_tumor_class1_class2,1,1039.6578453065974
290.57000000000005,288.26,0.0,other_tissue,0,1221.229406005376
333.49,468.88,0.0,other_tissue,0,807.3053522552364
-114.92000000000002,-188.88,0.0,epithelial_tumor_class1,1,1272.0286998261124
-331.69,-34.60000000000002,0.0,CAF,1,531.3651792085865
-109.73000000000002,400.01,0.0,other_tissue,0,613.9051937753528
-132.63,60.44,0.0,mesenchymal_tumor_class1_class2,1,1673.0524763184283
-220.32,-310.37,0.0,mesenchymal_tumor_class1,1,1253.413254200894
151.09000000000003,-459.12,0.0,other_tissue,0,642.0426667737318
-167.88,61.370000000000005,0.0,mesenchymal_tumor_class1,1,671.4162966152674
74.44000000000005,154.95999999999998,0.0,mesenchymal_tumor_class1,1,941.5706630413471
-150.63,-324.54999999999995,0.0,mesenchymal_tumor_class1_class2,1,722.2426035989577
187.5,217.47000000000003,0.0,other_tissue,0,603.0018695472867
319.87,284.27,0.0,epithelial_tumor_class1_class2,1,1261.8367401509838
62.99000000000001,53.49000000000001,0.0,CD4_Tcell,1,613.1544708516694
299.34000000000003,-285.36,0.0,other_tissue,0,690.3543381710425
-292.09000000000003,465.77,0.0,mesenchymal_tumor_class1,1,616.5988561834207
443.77,-166.55999999999995,0.0,CAF,1,533.1120100048887
-441.0,-32.57000000000005,0.0,other_tissue,0,641.4489990704882
-430.79,233.72000000000003,0.0,CD4_Tcell,1,408.42513605462256
-455.21,321.07,0.0,epithelial_tumor_class1,1,1105.8826791902932
363.53,340.91999999999996,0.0,other_tissue,0,757.2052726286366
143.53999999999996,-116.10000000000002,0.0,other_tissue,0,695.0110341182747
-437.40999999999997,347.8,0.0,epithelial_tumor_class1,1,1110.1028762238616
61.460000000000036,-163.22000000000003,0.0,other_tissue,0,870.4339146346117
-222.0,89.85000000000002,0.0,apCAF,1,424.4430143819393
361.36,288.69,0.0,CAF,1,712.9012876709331
137.32000000000005,62.85000000000002,0.0,other_tissue,0,833.5167982015859
-428.12,-120.86000000000001,0.0,epithelial_tumor_class1,1,601.3638094337383
132.83000000000004,231.19,0.0,epithelial_tumor_class1_class2,1,1220.3150695352101
141.27999999999997,169.89,0.0,other_tissue,0,876.9529159272579
-325.38,-126.29999999999995,0.0,epithelial_tumor_class1_class2,1,1255.1005698905171
321.41999999999996,294.64,0.0,epithelial_tumor_class1_class2,1,2401.897937713447
163.32000000000005,-335.48,0.0,other_tissue,0,563.6111012443841
-81.80000000000001,277.02,0.0,other_tissue,0,536.4255640541953
131.76999999999998,411.92,0.0,epithelial_tumor_class1,1,667.1241394124406
-356.59000000000003,-0.8000000000000114,0.0,mesenchymal_tumor_class1,1,1179.5254414060125
131.40999999999997,171.32,0.0,epithelial_tumor_class1_class2,1,2766.4712314084927
471.98,477.71,0.0,other_tissue,0,816.5436753859237
167.5,480.25,0.0,other_tissue,0,605.732805166925
-174.14,-109.59000000000003,0.0,epithelial_tumor_class1,1,2060.6523672930125
-81.51999999999998,-325.45000000000005,0.0,other_tissue,0,530.3664422729294
-179.39999999999998,416.71,0.0,other_tissue,0,1050.839633729998
45.049999999999955,434.17,0.0,mesenchymal_tumor_class1_class2,1,152.78111863780046
301.40999999999997,218.18,0.0,epithelial_tumor_class1_class2,1,1140.235532070805
232.98000000000002,90.38999999999999,0.0,epithelial_tumor_class1,1,2401.811205200463
303.08000000000004,363.13,0.0,mesenchymal_tumor_class1_class2,1,140.05004022010993
-67.89999999999998,302.74,0.0,other_tissue,0,507.7395230676211
429.98,117.35000000000002,0.0,CAF,1,524.2430661792341
-282.71000000000004,415.2,0.0,CAF,1,824.9160623233718
108.94000000000005,213.82,0.0,epithelial_tumor_class1_class2,1,684.7054500702693
369.07000000000005,-327.32000000000005,0.0,epithelial_tumor_class1_class2,1,739.1907838360397
-328.59000000000003,214.64,0.0,mesenchymal_tumor_class1_class2,1,1238.490603338859
-348.84000000000003,-125.45000000000005,0.0,epithelial_tumor_class1,1,1806.093702635281
336.9,212.89,0.0,epithelial_tumor_class1,1,1143.4317857103913
-455.49,-95.66999999999996,0.0,epithelial_tumor_class1,1,1567.8262815402013
116.24000000000001,-26.92999999999995,0.0,epithelial_tumor_class1_class2,1,1046.9705361703964
20.269999999999982,-457.97,0.0,other_tissue,0,930.3266283631579
49.84000000000003,-342.96000000000004,0.0,CD8_Tcell,1,788.1714280089227
-395.7,-371.79999999999995,0.0,CD4_Tcell,1,590.6780205734448
-62.22000000000003,116.20999999999998,0.0,other_tissue,0,792.4913174177799
273.63,311.68,0.0,other_tissue,0,362.77473733947795
64.28999999999996,291.95,0.0,other_tissue,0,457.9110140288686
-499.1796,-468.35,0.0,apCAF,1,507.8626462590343
53.940000000000055,291.97,0.0,other_tissue,0,1064.948158634756
102.67999999999995,405.94,0.0,other_tissue,0,751.2748679320027
-68.36000000000001,177.83999999999997,0.0,other_tissue,0,517.8238989649036
114.73000000000002,-423.92999999999995,0.0,CD8_Tcell,1,549.1357853472616
-211.39999999999998,-349.92999999999995,0.0,other_tissue,0,536.8726651740661
79.54999999999995,-255.76999999999998,0.0,other_tissue,0,545.3825724127914
-108.79000000000002,435.65999999999997,0.0,other_tissue,0,610.0707302879325
87.76999999999998,203.19,0.0,other_tissue,0,474.5714691444032
310.44000000000005,-419.21000000000004,0.0,apCAF,1,763.388948744152
-19.029999999999973,-370.27,0.0,other_tissue,0,1049.7403420687292
417.88,403.69,0.0,other_tissue,0,1221.229406005376
215.45000000000005,251.82,0.0,other_tissue,0,901.2320720990101
-470.95,-261.64,0.0,other_tissue,0,605.4385752821369
-275.22,354.56,0.0,other_tissue,0,1221.229406005376
95.70000000000005,44.339999999999975,0.0,mesenchymal_tumor_class1,1,1057.125272066966
-386.89,400.82,0.0,CAF,1,747.8630104859147
172.03999999999996,-123.25999999999999,0.0,CD4_Tcell,1,591.410287081079
-392.03,274.65999999999997,0.0,other_tissue,0,354.4632395382853
-374.65999999999997,-170.39,0.0,other_tissue,0,931.041153110934
188.27999999999997,186.77999999999997,0.0,other_tissue,0,603.5197689956557
-157.35000000000002,208.0,0.0,other_tissue,0,418.09740095001297
158.36,342.78,0.0,epithelial_tumor_class1_class2,1,817.0930194767427
-357.26,282.33000000000004,0.0,mesenchymal_tumor_class1,1,1966.2473178688974
466.17999999999995,-252.07000000000005,0.0,other_tissue,0,365.5120279978585
427.62,400.15,0.0,CAF,1,714.098326767439
156.53999999999996,103.95999999999998,0.0,epithelial_tumor_class1_class2,1,2765.7565287067955
-118.81,-44.27999999999997,0.0,other_tissue,0,553.4112838981359
-70.39999999999998,-237.96000000000004,0.0,other_tissue,0,1077.3263459915775
480.71000000000004,373.77,0.0,other_tissue,0,591.6488299630628
-38.97000000000003,233.94,0.0,apCAF,1,229.93803725145017
-379.12,500.9633,0.0,mesenchymal_tumor_class1_class2,1,591.0696227727113
352.35,399.9,0.0,other_tissue,0,1221.229406005376
-364.62,-353.24,0.0,other_tissue,0,425.8101116497427
-329.27,-120.40999999999997,0.0,epithelial_tumor_class1_class2,1,968.2766041700543
-272.86,137.10000000000002,0.0,apCAF,1,707.7807842939088
180.02999999999997,222.01,0.0,other_tissue,0,514.6340596289588
59.91999999999996,436.32,0.0,mesenchymal_tumor_class1_class2,1,585.2306552577401
-321.69,31.810000000000002,0.0,other_tissue,0,903.1058756575351
-50.69,16.04000000000002,0.0,other_tissue,0,942.5698453960775
445.80999999999995,187.57999999999998,0.0,CAF,1,556.7919742675963
10.990000000000009,479.28,0.0,other_tissue,0,925.2203893503912
158.44000000000005,161.35000000000002,0.0,other_tissue,0,391.22235554604043
-434.88,-353.67999999999995,0.0,other_tissue,0,976.7498765454595
-130.37,-211.66999999999996,0.0,other_tissue,0,1079.0552069405257
-223.8,302.03,0.0,mesenchymal_tumor_class1,1,403.81055626524767
164.16999999999996,369.66999999999996,0.0,other_tissue,0,429.5709925000926
-282.05,2.6999999999999886,0.0,epithelial_tumor_class1_class2,1,1178.4460313230084
168.47000000000003,107.69,0.0,epithelial_tumor_class1_class2,1,1155.6639739037187
50.370000000000005,14.45999999999998,0.0,other_tissue,0,1221.229406005376
421.65,351.78,0.0,mesenchymal_tumor_class1,1,463.13088430685906
-343.82,145.51999999999998,0.0,epithelial_tumor_class1,1,2032.7441160775352
-300.24,-0.13999999999998636,0.0,epithelial_tumor_class1,1,817.0930194767427
-375.89,-493.6,0.0,other_tissue,0,371.6149569993792
342.75,272.73,0.0,other_tissue,0,502.52516295281066
43.74000000000001,47.25,0.0,CAF,1,486.91691825261495
-363.96000000000004,-423.62,0.0,other_tissue,0,695.3715662225991
-96.44999999999999,-331.30999999999995,0.0,other_tissue,0,670.4897111234707
-473.74,-61.690000000000055,0.0,other_tissue,0,1221.229406005376
-57.410000000000025,-300.57000000000005,0.0,CD4_Tcell,1,958.8176047781083
262.28,-57.85000000000002,0.0,other_tissue,0,1005.5450360690546
141.97000000000003,488.07,0.0,other_tissue,0,630.4698307984461
112.95000000000005,336.73,0.0,epithelial_tumor_class1,1,1187.4793386727226
173.91999999999996,393.34000000000003,0.0,epithelial_tumor_class1,1,1100.8480454074233
-339.11,248.93,0.0,mesenchymal_tumor_class1,1,1646.0735673736708
-332.7,396.72,0.0,CAF,1,1043.707939438229
378.92999999999995,269.89,0.0,CAF,1,1255.607059719359
153.46000000000004,-392.37,0.0,CD8_Tcell,1,465.7265728648224
-275.08000000000004,275.61,0.0,other_tissue,0,635.2465022407234
-348.62,261.8,0.0,mesenchymal_tumor_class1,1,1382.826978593156
-309.27,260.90999999999997,0.0,other_tissue,0,1221.229406005376
117.37,-8.879999999999995,0.0,epithelial_tumor_class1,1,1046.9705361703964
-317.7,457.11,0.0,mesenchymal_tumor_class1,1,677.3480165387949
-6.689999999999998,327.76,0.0,CAF,1,396.73208313151065
-471.77,-11.420000000000016,0.0,epithelial_tumor_class1,1,997.3402009659801
4.25,248.0,0.0,other_tissue,0,593.3374997108511
-126.13999999999999,-51.440000000000055,0.0,other_tissue,0,434.83724956860726
-155.57,491.573,0.0,other_tissue,0,537.8635587454307
-443.58,-346.99,0.0,other_tissue,0,581.6177484592009
435.05999999999995,-376.09000000000003,0.0,other_tissue,0,737.2946978891914
-80.10000000000002,444.28,0.0,other_tissue,0,461.1363360689278
-56.29000000000002,399.65,0.0,other_tissue,0,465.3199051249271
-15.879999999999995,122.13,0.0,epithelial_tumor_class1,1,1434.8162936351684
-74.88999999999999,472.36,0.0,other_tissue,0,1221.229406005376
438.36,159.69,0.0,other_tissue,0,1046.5467623870902
-402.64,-74.98000000000002,0.0,other_tissue,0,1221.229406005376
-429.13,497.376,0.0,apCAF,1,691.355846575798
-484.35,420.8,0.0,CD4_Tcell,1,532.9530492428047
175.74,-112.33000000000004,0.0,other_tissue,0,814.8971205533966
-427.97,-22.83000000000004,0.0,CD8_Tcell,1,993.507340933282
350.03999999999996,-117.12,0.0,apCAF,1,1223.437916106557
438.42999999999995,240.41000000000003,0.0,other_tissue,0,994.0370873613597
257.63,155.58999999999997,0.0,epithelial_tumor_class1,1,671.5460866662629
-331.78,26.519999999999982,0.0,CAF,1,437.9255312883538
-203.61,146.94,0.0,CAF,1,727.6476929624143
-50.089999999999975,-258.12,0.0,apCAF,1,244.84202699411495
-233.99,-422.33000000000004,0.0,other_tissue,0,979.5375481133357
-355.38,144.98000000000002,0.0,epithelial_tumor_class1,1,592.8733116605439
74.66999999999996,337.87,0.0,other_tissue,0,1020.2014523016202
-428.27,29.54000000000002,0.0,other_tissue,0,415.48002745864636
-85.81,269.53999999999996,0.0,other_tissue,0,453.54362213817774
-303.8,-377.6,0.0,mesenchymal_tumor_class1,1,995.0489442973927
-204.72000000000003,120.52999999999997,0.0,other_tissue,0,769.6265059092439
124.38999999999999,339.87,0.0,epithelial_tumor_class1,1,887.9422295579587
42.74000000000001,31.730000000000018,0.0,CAF,1,393.4252762503899
-468.2,-228.5,0.0,other_tissue,0,1221.229406005376
191.52999999999997,-81.86000000000001,0.0,other_tissue,0,269.74475757389536
-31.399999999999977,1.6299999999999955,0.0,other_tissue,0,517.3406895220264
97.62,235.95,0.0,epithelial_tumor_class1,1,1336.3581649394844
90.52999999999997,51.120000000000005,0.0,mesenchymal_tumor_class1,1,955.7878335800699
-32.75,-228.12,0.0,other_tissue,0,953.9824110130183
-488.26,-40.299999999999955,0.0,epithelial_tumor_class1,1,592.8733116605439
105.15999999999997,294.25,0.0,other_tissue,0,1221.229406005376
-308.26,-324.94000000000005,0.0,other_tissue,0,599.6771324307772
-309.22,222.81,0.0,mesenchymal_tumor_class1,1,363.73492515457013
216.59000000000003,77.37,0.0,other_tissue,0,1221.229406005376
-152.58999999999997,-432.30999999999995,0.0,CD8_Tcell,1,446.3312064941248
-266.02,467.48,0.0,CAF,1,446.2182410429777
354.98,348.52,0.0,other_tissue,0,509.9587869414932
-235.95,324.93,0.0,other_tissue,0,1012.1850851976925
-443.96,307.76,0.0,CAF,1,622.2388736151694
38.48000000000002,37.29000000000002,0.0,other_tissue,0,381.7671281967523
-172.20999999999998,489.72,0.0,other_tissue,0,1221.229406005376
363.53,240.97000000000003,0.0,other_tissue,0,561.748842637466
-490.939,-464.09000000000003,0.0,mesenchymal_tumor_class1_class2,1,106.52872372464805
-237.55,-24.149999999999977,0.0,CAF,1,398.4840612001257
-105.77999999999997,-189.29999999999995,0.0,mesenchymal_tumor_class1,1,606.7720255142284
414.54999999999995,-411.13,0.0,CD4_Tcell,1,712.5733011203878
-265.6,-55.10000000000002,0.0,other_tissue,0,425.7553714779763
494.66999999999996,413.74,0.0,CAF,1,415.96489777375467
295.74,-490.25,0.0,CD8_Tcell,1,781.5056440376927
-156.24,98.36000000000001,0.0,mesenchymal_tumor_class1,1,1362.7863219670103
240.54999999999995,431.53,0.0,epithelial_tumor_class1_class2,1,1296.7705022379077
4.75,-249.84000000000003,0.0,CD8_Tcell,1,373.8691867394688
76.00999999999999,-338.49,0.0,other_tissue,0,733.1583198342704
155.34000000000003,-182.62,0.0,other_tissue,0,391.0542361955085
129.51999999999998,99.62,0.0,epithelial_tumor_class1,1,592.8733116605439
-414.48,-9.610000000000014,0.0,mesenchymal_tumor_class1,1,642.6547074055521
125.59000000000003,-21.91999999999996,0.0,mesenchymal_tumor_class1,1,1574.2964324322627
-102.79000000000002,273.48,0.0,other_tissue,0,563.4296388829436
469.78999999999996,-377.40999999999997,0.0,other_tissue,0,894.9972969771052
428.80999999999995,-130.13,0.0,epithelial_tumor_class1,1,3647.3946390771443
-455.33,203.42000000000002,0.0,epithelial_tumor_class1,1,922.8576375981129
24.49000000000001,-36.889999999999986,0.0,other_tissue,0,694.6126962748804
101.97000000000003,374.75,0.0,other_tissue,0,605.9578687997895
-318.13,164.06,0.0,other_tissue,0,756.2013324147789
459.11,-68.25,0.0,mesenchymal_tumor_class1,1,1004.1380802009885
-469.97,342.6,0.0,other_tissue,0,708.39548300563
215.74,-364.03,0.0,CD8_Tcell,1,1230.0048986436043
-164.62,-207.61,0.0,mesenchymal_tumor_class1_class2,1,1373.1257667151656
-403.51,-244.40999999999997,0.0,CAF,1,644.2947295654035
377.76,279.90999999999997,0.0,other_tissue,0,989.7323408833545
-341.36,49.51999999999998,0.0,CD4_Tcell,1,380.2041078808447
466.98,-31.870000000000005,0.0,mesenchymal_tumor_class1,1,891.2747492743343
465.92999999999995,-354.36,0.0,CD8_Tcell,1,772.1676435454903
-475.07,92.47000000000003,0.0,other_tissue,0,647.6917388593059
373.1,338.25,0.0,apCAF,1,402.3460099554784
-191.2,162.37,0.0,epithelial_tumor_class1,1,983.8844605845444
3.569999999999993,443.3,0.0,epithelial_tumor_class1,1,2540.704197758745
-294.14,117.48000000000002,0.0,CAF,1,716.7675130357422
-417.76,298.22,0.0,other_tissue,0,1221.229406005376
285.58000000000004,357.35,0.0,mesenchymal_tumor_class1,1,760.8469661050552
-93.83999999999997,29.110000000000014,0.0,apCAF,1,381.9071188084045
-200.60000000000002,-77.96000000000004,0.0,other_tissue,0,1011.4783485003065
-263.34000000000003,460.99,0.0,CAF,1,462.74019496776435
-305.52,-72.37,0.0,epithelial_tumor_class1_class2,1,7134.433496310096
206.72000000000003,-261.55999999999995,0.0,CD4_Tcell,1,554.0145546453766
-435.86,-495.71000000000004,0.0,epithelial_tumor_class1,1,592.8733116605439
-27.410000000000025,-145.84000000000003,0.0,other_tissue,0,1123.9775925712947
-308.53,362.78999999999996,0.0,CAF,1,915.2007827017069
-312.74,-388.39,0.0,mesenchymal_tumor_class1,1,963.503983966529
-60.170000000000016,-257.22,0.0,other_tissue,0,628.1969097870655
343.94000000000005,216.91000000000003,0.0,epithelial_tumor_class1,1,1040.6755925520752
-319.77,-98.62,0.0,other_tissue,0,478.77658937995443
188.89,-488.66999999999996,0.0,other_tissue,0,1221.229406005376
308.65999999999997,260.85,0.0,epithelial_tumor_class1_class2,1,1628.9749282912949
-68.19,-216.07000000000005,0.0,other_tissue,0,913.6062110956003
439.57000000000005,-59.83000000000004,0.0,other_tissue,0,694.5937316035233
276.6,369.96000000000004,0.0,other_tissue,0,355.0933675374102
-176.82,-57.40999999999997,0.0,other_tissue,0,607.3267620586264
-224.86,320.09000000000003,0.0,mesenchymal_tumor_class1,1,661.5276750182999
-138.52999999999997,485.64,0.0,other_tissue,0,427.6191706380443
399.20000000000005,-227.96000000000004,0.0,CD4_Tcell,1,1306.605850417628
297.1,447.51,0.0,other_tissue,0,592.2625204630218
404.28999999999996,75.91000000000003,0.0,other_tissue,0,933.417846276566
290.54999999999995,490.539,0.0,other_tissue,0,546.7880164888584
209.73000000000002,446.29,0.0,other_tissue,0,369.14579034937384
-442.62,-319.80999999999995,0.0,other_tissue,0,1221.229406005376
-472.12,333.24,0.0,CAF,1,403.6784697298724
-9.560000000000002,159.48000000000002,0.0,other_tissue,0,1221.229406005376
126.02999999999997,-451.1,0.0,other_tissue,0,1044.9773037298335
236.67999999999995,-104.86000000000001,0.0,CD8_Tcell,1,316.3515314831516
216.12,-386.79999999999995,0.0,other_tissue,0,463.7390602732325
460.64,-312.05999999999995,0.0,CD8_Tcell,1,944.64016564289
287.1,-244.51,0.0,other_tissue,0,458.93169245928726
-181.26,-120.57000000000005,0.0,epithelial_tumor_class1,1,1878.178914493093
-240.35000000000002,399.31,0.0,CAF,1,464.2027896381448
-384.89,-46.440000000000055,0.0,CD8_Tcell,1,530.3505994039987
-295.34000000000003,-394.57000000000005,0.0,other_tissue,0,466.88978613039944
461.45000000000005,-369.41999999999996,0.0,CD8_Tcell,1,707.9728394265801
62.950000000000045,-483.28,0.0,other_tissue,0,441.85549531138616
-154.19,-470.15,0.0,other_tissue,0,1048.541989460894
-132.69,173.29000000000002,0.0,epithelial_tumor_class1,1,3954.597359226481
429.08000000000004,157.60000000000002,0.0,other_tissue,0,875.2260936667277
-455.36,118.07,0.0,other_tissue,0,1022.4820623631321
350.62,-197.95000000000005,0.0,CD4_Tcell,1,723.0604203539818
-15.819999999999993,-237.76999999999998,0.0,CD4_Tcell,1,454.6149845828098
99.16999999999996,226.98000000000002,0.0,epithelial_tumor_class1,1,643.9340461957485
-178.25,-328.03,0.0,mesenchymal_tumor_class1,1,1126.0961988418019
-197.12,177.72000000000003,0.0,other_tissue,0,1114.6976885675913
236.28999999999996,245.6,0.0,epithelial_tumor_class1_class2,1,1349.4848223149852
83.53999999999996,-147.08000000000004,0.0,other_tissue,0,542.5789133941939
493.28,-369.08000000000004,0.0,CD4_Tcell,1,815.6990115069907
197.88,-394.99,0.0,CD8_Tcell,1,700.2223589833555
62.83000000000004,-14.059999999999945,0.0,other_tissue,0,452.8445752206411
-380.32,-315.20000000000005,0.0,mesenchymal_tumor_class1,1,591.0696227727113
-476.38,485.58,0.0,CAF,1,309.6081497361376
-186.20999999999998,119.23000000000002,0.0,other_tissue,0,730.1348284510026
185.63,300.68,0.0,epithelial_tumor_class1,1,929.7967333984553
-302.66999999999996,-260.74,0.0,mesenchymal_tumor_class1,1,1227.1202989664607
333.76,141.38,0.0,epithelial_tumor_class1,1,2286.112497711486
-317.68,154.75,0.0,CD4_Tcell,1,375.0374355077611
374.61,223.17000000000002,0.0,other_tissue,0,726.2792485626851
37.77999999999997,18.480000000000018,0.0,other_tissue,0,965.9119558944677
-87.77999999999997,-84.65999999999997,0.0,CD4_Tcell,1,445.2870032754649
-349.28,-60.09000000000003,0.0,other_tissue,0,835.89619098093
186.16999999999996,-440.49,0.0,other_tissue,0,951.9920538245573
431.07000000000005,-455.78999999999996,0.0,mesenchymal_tumor_class1,1,1966.2473178688974
-166.45999999999998,341.99,0.0,epithelial_tumor_class1_class2,1,7134.433496310096
209.02999999999997,-180.62,0.0,other_tissue,0,1221.229406005376
-474.73,494.768,0.0,epithelial_tumor_class1,1,1293.2943953582824
-420.05,464.15999999999997,0.0,other_tissue,0,414.2560633871059
480.22,3.9700000000000273,0.0,mesenchymal_tumor_class1,1,294.5973036157441
321.35,474.42,0.0,other_tissue,0,282.59203184943135
466.62,190.83999999999997,0.0,mesenchymal_tumor_class1,1,960.2995846215782
-203.67000000000002,-485.52,0.0,CAF,1,845.0483368221176
462.29999999999995,137.82,0.0,other_tissue,0,418.0838812280755
372.53999999999996,-88.07000000000005,0.0,other_tissue,0,579.1782210252154
-86.01999999999998,-361.65,0.0,CD4_Tcell,1,741.5456491049025
-284.89,407.81,0.0,other_tissue,0,691.979916315953
342.05999999999995,234.57999999999998,0.0,epithelial_tumor_class1,1,1079.79307753311
431.12,369.51,0.0,mesenchymal_tumor_class1,1,663.1628603075474
-275.49,-210.65999999999997,0.0,other_tissue,0,815.1713924990872
492.59000000000003,42.97000000000003,0.0,mesenchymal_tumor_class1,1,836.261001862081
-282.12,226.86,0.0,CD4_Tcell,1,466.5406190235889
61.34000000000003,-119.25999999999999,0.0,epithelial_tumor_class1_class2,1,853.6358819091328
77.77999999999997,-220.90999999999997,0.0,CD4_Tcell,1,393.54213138596685
66.53999999999996,136.67000000000002,0.0,mesenchymal_tumor_class1,1,682.9207147255094
-244.65,-395.27,0.0,other_tissue,0,948.5564439588334
-63.839999999999975,-121.79999999999995,0.0,other_tissue,0,526.8570593441315
206.65999999999997,202.14999999999998,0.0,CAF,1,755.3587087237004
-352.75,-397.23,0.0,other_tissue,0,870.3898286381334
-373.59000000000003,-364.07000000000005,0.0,other_tissue,0,427.1527119605278
432.20000000000005,59.30000000000001,0.0,epithelial_tumor_class1,1,1220.3150695352101
-185.3,-188.65999999999997,0.0,mesenchymal_tumor_class1,1,717.3874032859226
-229.5,179.76,0.0,epithelial_tumor_class1,1,798.8029267749918
-232.58999999999997,167.18,0.0,epithelial_tumor_class1,1,933.1869222910032
-44.06,-245.10000000000002,0.0,CD4_Tcell,1,893.9198344984627
2.3600000000000136,191.10000000000002,0.0,CD4_Tcell,1,930.2805425500524
-209.62,157.51999999999998,0.0,other_tissue,0,551.1813646473653
-463.54,-425.9,0.0,other_tissue,0,489.18020371980026
-195.07,224.69,0.0,other_tissue,0,438.17657139572236
-196.14999999999998,29.310000000000002,0.0,mesenchymal_tumor_class1,1,932.2405321431462
30.25999999999999,-160.36,0.0,other_tissue,0,408.8911822102868
232.45000000000005,-81.15999999999997,0.0,epithelial_tumor_class1,1,920.544674002277
456.89,456.54,0.0,other_tissue,0,806.5089727294337
-367.66999999999996,-479.49,0.0,other_tissue,0,360.3939091879869
185.36,317.91999999999996,0.0,other_tissue,0,361.9267503007636
-491.714,-220.99,0.0,other_tissue,0,565.8413135724505
-67.44,437.27,0.0,CAF,1,380.64843465069924
-382.25,113.69999999999999,0.0,epithelial_tumor_class1,1,3001.6074616859605
-385.28,-455.70000000000005,0.0,other_tissue,0,1221.229406005376
222.55999999999995,313.78,0.0,other_tissue,0,545.3018730295936
-16.339999999999975,78.72000000000003,0.0,epithelial_tumor_class1_class2,1,1112.619370191669
-161.54000000000002,381.51,0.0,CAF,1,475.8083031134138
290.90999999999997,-227.14999999999998,0.0,CAF,1,838.2156179684969
-102.61000000000001,182.29000000000002,0.0,apCAF,1,455.2443017673904
-95.11000000000001,92.25,0.0,other_tissue,0,680.3736937101124
247.19000000000005,-168.14999999999998,0.0,CAF,1,1255.607059719359
-323.97,-486.71000000000004,0.0,other_tissue,0,453.4009011168913
-382.1,-205.62,0.0,other_tissue,0,422.05764078702134
-374.08,126.49000000000001,0.0,epithelial_tumor_class1,1,1466.88884491241
-442.5,-260.24,0.0,other_tissue,0,559.9892504553985
-330.09000000000003,421.81,0.0,mesenchymal_tumor_class1,1,837.9791840345871
294.44000000000005,-481.95000000000005,0.0,apCAF,1,249.53715292737056
-234.01999999999998,-351.96000000000004,0.0,other_tissue,0,386.68718669777815
-102.57999999999998,-445.05999999999995,0.0,other_tissue,0,564.0236605935565
-360.0,-249.38,0.0,mesenchymal_tumor_class1,1,484.0342875886514
-190.62,187.7,0.0,epithelial_tumor_class1,1,3229.5862469893314
-442.1,414.65,0.0,CD4_Tcell,1,461.8005478738373
182.36,-31.91999999999996,0.0,other_tissue,0,920.0642466012152
97.38999999999999,347.16999999999996,0.0,other_tissue,0,797.2426839873212
366.16999999999996,160.70999999999998,0.0,epithelial_tumor_class1,1,592.8733116605439
116.12,155.63,0.0,apCAF,1,445.1319230574685
350.91999999999996,-273.36,0.0,other_tissue,0,516.157319087389
59.32000000000005,-176.07000000000005,0.0,other_tissue,0,923.9352868462571
-214.01999999999998,-270.02,0.0,other_tissue,0,720.84206711078
-424.35,-202.73000000000002,0.0,other_tissue,0,888.4337558294278
-145.83999999999997,-331.12,0.0,other_tissue,0,403.36157957087255
-318.4,-19.879999999999995,0.0,other_tissue,0,518.9629675808961
-126.30000000000001,-236.33000000000004,0.0,other_tissue,0,1082.7479236668623
318.52,-440.08000000000004,0.0,other_tissue,0,520.463461941226
-161.74,-21.889999999999986,0.0,epithelial_tumor_class1,1,853.6358819091328
-307.28,93.42000000000002,0.0,CD4_Tcell,1,1306.605850417628
394.74,203.63,0.0,other_tissue,0,769.687427820552
341.13,371.65,0.0,apCAF,1,556.7919742675963
-372.01,-219.98000000000002,0.0,other_tissue,0,918.8753363206964
25.980000000000018,-142.59000000000003,0.0,other_tissue,0,1152.4449548577047
-97.47000000000003,128.45999999999998,0.0,CAF,1,454.9438734419745
356.79999999999995,259.02,0.0,other_tissue,0,569.7874100295156
-43.24000000000001,240.95999999999998,0.0,apCAF,1,646.0098149505168
-295.19,471.82,0.0,mesenchymal_tumor_class1,1,644.4931628159197
381.64,328.43,0.0,mesenchymal_tumor_class1,1,731.9793456772022
111.17999999999995,31.170000000000016,0.0,other_tissue,0,794.0453569478367
-335.34000000000003,351.84000000000003,0.0,CAF,1,374.34624212384864
-428.52,355.75,0.0,other_tissue,0,754.8173527417689
63.49000000000001,220.18,0.0,other_tissue,0,313.68720269497805
-22.69999999999999,37.31999999999999,0.0,epithelial_tumor_class1,1,635.8005793845239
276.53999999999996,209.7,0.0,other_tissue,0,401.42424536737747
-275.99,-105.78999999999996,0.0,other_tissue,0,513.2687912162781
298.84000000000003,-399.30999999999995,0.0,CD8_Tcell,1,650.1021399186155
-277.99,-410.55999999999995,0.0,mesenchymal_tumor_class1,1,545.4632797574135
-196.89999999999998,436.39,0.0,other_tissue,0,615.1810796149828
393.40999999999997,89.0,0.0,other_tissue,0,862.98257613401
135.64999999999998,255.69,0.0,CAF,1,723.8593605403387
434.66999999999996,-271.71000000000004,0.0,other_tissue,0,563.248215475222
-381.76,302.26,0.0,CAF,1,503.44273758268343
58.91999999999996,73.07,0.0,other_tissue,0,548.2282659361223
243.01999999999998,385.95,0.0,other_tissue,0,648.651559256893
197.29999999999995,-258.34000000000003,0.0,CD4_Tcell,1,702.6275260084033
-178.94,17.269999999999982,0.0,epithelial_tumor_class1_class2,1,920.544674002277
-32.589999999999975,161.24,0.0,apCAF,1,475.3810583292027
-332.72,322.03999999999996,0.0,mesenchymal_tumor_class1,1,660.0784722343315
-367.59000000000003,-472.08000000000004,0.0,other_tissue,0,522.0295495442319
157.46000000000004,-107.07000000000005,0.0,other_tissue,0,1200.2415829585204
178.17999999999995,365.62,0.0,apCAF,1,1271.1489072833087
355.84000000000003,479.72,0.0,CAF,1,1255.607059719359
38.84000000000003,-54.25,0.0,mesenchymal_tumor_class1,1,530.3505994039987
-474.67,290.68,0.0,CAF,1,453.85771380368743
-1.7799999999999727,258.49,0.0,other_tissue,0,743.5283904335907
240.78999999999996,393.14,0.0,apCAF,1,432.73114598268774
252.60000000000002,429.92,0.0,epithelial_tumor_class1,1,1343.41120627262
-389.39,-53.809999999999945,0.0,CD8_Tcell,1,585.3998475940741
-34.660000000000025,141.62,0.0,other_tissue,0,460.1988621797458
-164.25,495.909,0.0,other_tissue,0,418.51665690888416
-132.01,72.36000000000001,0.0,mesenchymal_tumor_class1,1,379.65869423130465
360.1,177.56,0.0,epithelial_tumor_class1,1,1279.3096066820199
108.66999999999996,-47.00999999999999,0.0,other_tissue,0,1221.229406005376
-367.53,285.3,0.0,mesenchymal_tumor_class1,1,1966.2473178688974
-23.430000000000007,-234.40999999999997,0.0,other_tissue,0,504.9745095691344
-433.40999999999997,-292.0,0.0,other_tissue,0,801.1783923831396
249.98000000000002,-173.89,0.0,other_tissue,0,344.5060986587735
-174.83999999999997,-207.32000000000005,0.0,mesenchymal_tumor_class1,1,532.6193345028918
-35.910000000000025,-274.85,0.0,other_tissue,0,632.1781147797676
-395.33,408.89,0.0,CAF,1,424.4430143819393
390.23,-110.54999999999995,0.0,epithelial_tumor_class1,1,1859.2863571251808
-382.74,444.09000000000003,0.0,mesenchymal_tumor_class1,1,1966.2473178688974
75.58000000000004,210.11,0.0,other_tissue,0,811.189952734663
432.90999999999997,170.73000000000002,0.0,other_tissue,0,1168.7609592601825
-57.339999999999975,419.89,0.0,other_tissue,0,964.0466081581417
289.98,232.16000000000003,0.0,CAF,1,788.3571277084675
140.74,-440.40999999999997,0.0,CD8_Tcell,1,638.6295917910107
475.51,-317.6,0.0,CD4_Tcell,1,648.5609696812234
233.32000000000005,157.12,0.0,epithelial_tumor_class1,1,970.7636350611415
466.19000000000005,79.23000000000002,0.0,other_tissue,0,589.9293505643087
469.62,-51.77999999999997,0.0,mesenchymal_tumor_class1,1,493.2596951989635
-243.51,-82.28999999999996,0.0,other_tissue,0,473.4689659403089
185.39999999999998,-25.110000000000014,0.0,other_tissue,0,1196.6404513947837
438.12,373.90999999999997,0.0,other_tissue,0,587.805899131102
-190.25,71.83999999999997,0.0,other_tissue,0,474.17437104820533
222.12,474.18,0.0,other_tissue,0,497.6654409142686
-475.24,427.96,0.0,other_tissue,0,893.4262866672402
-49.81,-164.71000000000004,0.0,other_tissue,0,673.2163061821219
158.76,-261.79999999999995,0.0,other_tissue,0,1221.229406005376
477.98,-46.75,0.0,mesenchymal_tumor_class1,1,634.3178055418279
-80.25,-226.45000000000005,0.0,other_tissue,0,1205.574645145827
189.78999999999996,-197.11,0.0,other_tissue,0,1026.7827432004176
204.35000000000002,225.19,0.0,other_tissue,0,654.1570461918565
-415.55,-367.1,0.0,other_tissue,0,1034.974857728572
211.46000000000004,166.11,0.0,CAF,1,1052.3899378353387
429.64,74.56,0.0,epithelial_tumor_class1,1,1405.5799203390145
140.74,-236.75,0.0,other_tissue,0,731.9793456772022
-272.6,-202.90999999999997,0.0,apCAF,1,294.57589314999325
-163.41000000000003,388.26,0.0,CAF,1,427.6054464204885
429.5,258.2,0.0,CAF,1,487.7854320796441
-350.6,121.91000000000003,0.0,other_tissue,0,605.732805166925
223.74,-92.97000000000003,0.0,apCAF,1,1281.6251411997255
-263.08000000000004,225.13,0.0,CAF,1,619.1071588793754
159.21000000000004,482.79,0.0,other_tissue,0,823.8743675503837
-224.64999999999998,-138.32000000000005,0.0,apCAF,1,175.78093996356932
-100.44,48.110000000000014,0.0,other_tissue,0,324.11538914011237
-37.670000000000016,177.88,0.0,CAF,1,893.5160091208938
-45.99000000000001,70.04000000000002,0.0,other_tissue,0,376.2837266817318
-29.639999999999986,217.35000000000002,0.0,other_tissue,0,992.039483043281
-214.10000000000002,35.97000000000003,0.0,other_tissue,0,469.8209024414424
-3.589999999999975,482.27,0.0,other_tissue,0,372.60319432541536
-195.10000000000002,152.82999999999998,0.0,other_tissue,0,349.30509632834014
-326.40999999999997,-272.29999999999995,0.0,other_tissue,0,753.4550838423763
-276.9,265.49,0.0,other_tissue,0,436.0596903273905
31.25,-457.65999999999997,0.0,apCAF,1,294.23346676614415
-180.75,-272.63,0.0,mesenchymal_tumor_class1,1,947.0399360345643
-234.37,217.89,0.0,other_tissue,0,515.7839984226472
484.98,-17.480000000000018,0.0,other_tissue,0,540.1055437050848
437.25,15.980000000000018,0.0,other_tissue,0,538.3594624206436
74.07000000000005,38.77999999999997,0.0,other_tissue,0,359.37849741844406
-472.3,-476.63,0.0,apCAF,1,175.78093996356932
459.24,-56.65999999999997,0.0,mesenchymal_tumor_class1,1,510.14401694543335
-435.44,-385.39,0.0,other_tissue,0,1033.5900115004065
212.15999999999997,393.63,0.0,apCAF,1,175.78093996356932
-342.19,-257.34000000000003,0.0,other_tissue,0,489.54057588179387
-397.3,-182.92999999999995,0.0,other_tissue,0,1130.4463492390255
-257.81,288.01,0.0,other_tissue,0,273.660068489764
-27.350000000000023,-37.23000000000002,0.0,other_tissue,0,697.4803249109358
29.82000000000005,136.39,0.0,other_tissue,0,1105.0037430456332
-153.98000000000002,357.07,0.0,epithelial_tumor_class1,1,2066.7666323199505
88.28999999999996,278.81,0.0,other_tissue,0,708.126508544947
475.09000000000003,-29.32000000000005,0.0,mesenchymal_tumor_class1,1,657.0950367654915
253.17999999999995,-233.47000000000003,0.0,CD4_Tcell,1,890.0884026231505
163.65999999999997,428.49,0.0,epithelial_tumor_class1_class2,1,1220.7293004463615
-398.12,424.84000000000003,0.0,CAF,1,513.2997931968939
-10.089999999999975,28.089999999999975,0.0,epithelial_tumor_class1,1,1031.9100739561713
-421.25,-304.21000000000004,0.0,CD8_Tcell,1,516.2662382033699
232.33000000000004,-209.98000000000002,0.0,other_tissue,0,961.9951448290432
61.440000000000055,147.39999999999998,0.0,mesenchymal_tumor_class1,1,803.0153024819135
-175.68,348.87,0.0,epithelial_tumor_class1_class2,1,699.3647027902177
-228.83999999999997,-175.82000000000005,0.0,epithelial_tumor_class1,1,684.1590566394747
280.13,-488.78,0.0,CD4_Tcell,1,415.64160900757236
78.52999999999997,-409.42999999999995,0.0,other_tissue,0,457.3079454157964
-160.76,55.629999999999995,0.0,mesenchymal_tumor_class1,1,756.3016864798186
168.30999999999995,-437.49,0.0,other_tissue,0,391.88236599680044
-143.07999999999998,-250.03999999999996,0.0,mesenchymal_tumor_class1,1,692.0745050864491
-67.45999999999998,157.68,0.0,other_tissue,0,434.3655554753615
-336.91999999999996,-161.67999999999995,0.0,epithelial_tumor_class1_class2,1,1820.2955969641944
-378.14,-327.62,0.0,mesenchymal_tumor_class1_class2,1,438.97216463229944
-339.75,-379.75,0.0,mesenchymal_tumor_class1,1,775.7346243950061
426.80999999999995,-290.20000000000005,0.0,other_tissue,0,362.6517586845233
-352.1,137.0,0.0,epithelial_tumor_class1,1,592.8733116605439
-499.3483,-460.02,0.0,other_tissue,0,1221.229406005376
152.20000000000005,233.10000000000002,0.0,CAF,1,663.1628603075474
-377.28,410.9,0.0,CAF,1,909.8322049006119
426.80999999999995,-387.80999999999995,0.0,other_tissue,0,1221.229406005376
-206.77999999999997,-166.19000000000005,0.0,CD8_Tcell,1,587.9586171234154
-237.33999999999997,-67.46000000000004,0.0,other_tissue,0,932.1943831448303
493.01,177.36,0.0,other_tissue,0,1221.229406005376
308.51,-371.98,0.0,other_tissue,0,808.6478077463105
-340.09000000000003,435.74,0.0,mesenchymal_tumor_class1,1,546.5131999057714
-489.13,494.427,0.0,CAF,1,405.71579838064287
-167.85000000000002,-193.49,0.0,mesenchymal_tumor_class1,1,747.7235643311559
367.21000000000004,-108.21000000000004,0.0,other_tissue,0,463.5362758294591
-89.18,239.16000000000003,0.0,other_tissue,0,1185.176079753171
143.26999999999998,-146.95000000000005,0.0,other_tissue,0,433.36780016057793
343.78999999999996,485.22,0.0,epithelial_tumor_class1,1,1803.6204694732041
-447.12,-172.94000000000005,0.0,CD8_Tcell,1,332.2835687908603
-66.38999999999999,-70.48000000000002,0.0,other_tissue,0,991.8230363168615
-462.85,468.36,0.0,other_tissue,0,439.46116368863414
-36.60000000000002,-408.64,0.0,CD8_Tcell,1,673.4206338433722
-342.2,407.3,0.0,mesenchymal_tumor_class1,1,457.6237724184068
-164.19,-112.72000000000003,0.0,CAF,1,663.0525384855579
366.39,400.82,0.0,CAF,1,645.7749395225069
-424.75,-437.21000000000004,0.0,other_tissue,0,1095.1349359885535
412.27,157.22000000000003,0.0,other_tissue,0,890.737405187556
-426.56,-486.47,0.0,other_tissue,0,357.03690603570703
-86.86000000000001,-71.13,0.0,other_tissue,0,447.1931950567883
460.28,172.26,0.0,apCAF,1,544.0439931985985
402.64,-407.30999999999995,0.0,other_tissue,0,449.2182712157885
228.12,418.51,0.0,other_tissue,0,458.0690481364167
360.78999999999996,85.88,0.0,other_tissue,0,789.9057596543597
-208.19,167.3,0.0,other_tissue,0,801.4287149972223
-121.45999999999998,-371.96000000000004,0.0,other_tissue,0,1221.229406005376
-496.702,-300.65,0.0,other_tissue,0,765.3699560271657
348.47,-365.28,0.0,CD8_Tcell,1,1351.1390610959365
22.41999999999996,-195.60000000000002,0.0,other_tissue,0,346.7090955991387
305.69000000000005,319.27,0.0,mesenchymal_tumor_class1,1,903.4447917201207
-290.6,-124.08000000000004,0.0,other_tissue,0,906.6800498057564
270.9,-491.21000000000004,0.0,CAF,1,593.3716473214695
186.08000000000004,-122.38999999999999,0.0,other_tissue,0,279.40739068684167
-407.94,121.11000000000001,0.0,apCAF,1,487.38099554902624
-417.37,206.07,0.0,other_tissue,0,350.2774217204765
-386.27,296.91999999999996,0.0,other_tissue,0,471.35694889104946
-360.24,-154.92999999999995,0.0,epithelial_tumor_class1_class2,1,762.9648923954855
185.96000000000004,-87.20000000000005,0.0,other_tissue,0,313.29665592374454
-494.064,347.35,0.0,other_tissue,0,814.0957553165184
64.27999999999997,-377.61,0.0,other_tissue,0,381.7035074111598
332.17999999999995,-239.62,0.0,CD8_Tcell,1,488.1451189940426
-430.27,-424.4,0.0,other_tissue,0,501.63923458338553
-272.13,-130.39,0.0,apCAF,1,433.50628582212994
-391.59000000000003,-129.86,0.0,other_tissue,0,594.6018340553552
-63.339999999999975,-283.35,0.0,other_tissue,0,634.9963794047761
-458.88,386.23,0.0,CD4_Tcell,1,918.7153689666263
298.53999999999996,-354.09000000000003,0.0,other_tissue,0,367.878074949435
324.55999999999995,-433.20000000000005,0.0,other_tissue,0,1221.229406005376
-103.62,247.37,0.0,CAF,1,409.58424808517856
-176.57,273.58000000000004,0.0,other_tissue,0,391.50697497344447
-197.48000000000002,-463.62,0.0,other_tissue,0,311.9823443088387
-30.55000000000001,371.65,0.0,other_tissue,0,340.9063391769299
-108.39999999999998,-165.80999999999995,0.0,other_tissue,0,648.9777515753811
-309.48,111.14999999999998,0.0,other_tissue,0,1221.229406005376
200.80999999999995,326.43,0.0,CD4_Tcell,1,483.81072664646496
354.79999999999995,334.57,0.0,other_tissue,0,359.2562875473244
-483.13,-108.86000000000001,0.0,other_tissue,0,1164.9821491744221
336.4,-337.04999999999995,0.0,CD4_Tcell,1,617.6329276888524
-427.11,116.67000000000002,0.0,other_tissue,0,956.3744992006954
-220.98000000000002,329.08000000000004,0.0,CAF,1,695.0110341182747
-397.09000000000003,-484.62,0.0,other_tissue,0,748.2216659200038
453.04999999999995,-170.94000000000005,0.0,other_tissue,0,1221.229406005376
-240.25,275.63,0.0,other_tissue,0,344.1853626818661
-17.600000000000023,-137.48000000000002,0.0,CAF,1,396.95406401742946
-438.3,405.45,0.0,other_tissue,0,733.8072949013539
357.87,-254.39999999999998,0.0,CD8_Tcell,1,546.6263485207077
-139.10000000000002,-319.67999999999995,0.0,other_tissue,0,255.7115293789606
-152.97000000000003,-255.40999999999997,0.0,mesenchymal_tumor_class1,1,852.4179660823352
325.66999999999996,-305.40999999999997,0.0,other_tissue,0,1045.6248265288627
-209.58999999999997,328.24,0.0,CAF,1,606.1310326019807
494.58000000000004,91.35000000000002,0.0,other_tissue,0,878.9038507545854
336.62,-69.44000000000005,0.0,epithelial_tumor_class1,1,4168.716164554904
-483.41,342.93,0.0,CAF,1,457.52326624077676
447.92999999999995,-420.17999999999995,0.0,other_tissue,0,1221.229406005376
-134.5,-63.01999999999998,0.0,CD4_Tcell,1,505.7569082388529
-472.27,18.470000000000027,0.0,CD8_Tcell,1,495.83032609781293
426.41999999999996,-489.04999999999995,0.0,other_tissue,0,699.3075506244351
56.5,472.14,0.0,epithelial_tumor_class1,1,2559.6603325894307
-413.23,-35.65999999999997,0.0,other_tissue,0,471.98696151477117
-168.89999999999998,482.21,0.0,CAF,1,712.3032700975004
111.45000000000005,269.49,0.0,epithelial_tumor_class1_class2,1,6028.521651060201
353.11,-375.90999999999997,0.0,other_tissue,0,830.3726657933621
-344.15999999999997,-369.59000000000003,0.0,mesenchymal_tumor_class1,1,998.4267596174687
-61.45999999999998,184.32999999999998,0.0,other_tissue,0,589.3172731253329
-7.329999999999984,471.42,0.0,other_tissue,0,385.26436591353155
-278.57,-84.30999999999995,0.0,other_tissue,0,572.7673301775474
-73.44,94.85000000000002,0.0,CAF,1,493.98461798838247
-383.9,350.78999999999996,0.0,CAF,1,326.5286881485559
159.09000000000003,268.61,0.0,other_tissue,0,567.795496401442
47.860000000000014,-202.01999999999998,0.0,other_tissue,0,913.0826849766767
107.45000000000005,56.25,0.0,mesenchymal_tumor_class1,1,1078.3176725710425
-134.72000000000003,-332.59000000000003,0.0,other_tissue,0,344.4348067850964
-314.39,437.43,0.0,mesenchymal_tumor_class1,1,916.4321477358003
93.29999999999995,-417.54999999999995,0.0,CD4_Tcell,1,600.9504536392278
42.110000000000014,137.8,0.0,other_tissue,0,294.2441635717696
-212.39,356.46000000000004,0.0,apCAF,1,712.3032700975004
330.5,482.37,0.0,other_tissue,0,1020.8877304033708
364.76,70.88,0.0,other_tissue,0,1221.229406005376
92.12,-225.69000000000005,0.0,CD4_Tcell,1,414.40388719344736
184.08000000000004,171.76,0.0,other_tissue,0,391.3517109065678
-347.47,204.76,0.0,epithelial_tumor_class1,1,1418.2089145517741
-496.41,-74.87,0.0,epithelial_tumor_class1,1,658.924296982469
-8.089999999999975,-200.69000000000005,0.0,CD4_Tcell,1,725.1662120252684
-6.600000000000023,-111.61000000000001,0.0,CAF,1,1255.607059719359
213.5,479.22,0.0,other_tissue,0,1014.0387844502189
-406.05,-441.91999999999996,0.0,other_tissue,0,565.5436126205004
-409.14,-15.049999999999955,0.0,mesenchymal_tumor_class1,1,452.7305133660358
-131.70999999999998,311.25,0.0,other_tissue,0,507.8318635953641
-184.01,-404.98,0.0,CAF,1,1255.607059719359
169.61,363.7,0.0,CAF,1,468.9154725163568
-2.8000000000000114,-49.809999999999945,0.0,CD4_Tcell,1,1121.078635452125
276.17999999999995,-426.24,0.0,other_tissue,0,663.5122934744267
-363.91999999999996,322.34000000000003,0.0,other_tissue,0,517.7303510845094
73.53999999999996,71.87,0.0,apCAF,1,382.09807024259084
-158.38,-57.049999999999955,0.0,other_tissue,0,606.5467603190507
-220.14999999999998,251.51,0.0,epithelial_tumor_class1,1,1092.9270723282848
314.15999999999997,186.51999999999998,0.0,other_tissue,0,682.0585121959114
-104.07,-322.44000000000005,0.0,CD4_Tcell,1,577.2315179271168
-359.81,171.5,0.0,other_tissue,0,820.4154493487749
311.80999999999995,416.7,0.0,other_tissue,0,1221.229406005376
-142.79000000000002,93.43,0.0,mesenchymal_tumor_class1,1,846.2808579565474
-244.88,-170.34000000000003,0.0,CAF,1,976.7022700756073
-499.7827,-115.92999999999995,0.0,other_tissue,0,1127.483887275135
97.14999999999998,72.51999999999998,0.0,apCAF,1,280.9500257799009
289.78,-304.48,0.0,CD4_Tcell,1,331.9820586085188
158.26,221.26999999999998,0.0,other_tissue,0,442.3606707650106
-271.28999999999996,-25.110000000000014,0.0,CAF,1,614.6040905866137
30.649999999999977,-26.82000000000005,0.0,CD8_Tcell,1,937.8589774420362
127.95000000000005,-6.389999999999986,0.0,mesenchymal_tumor_class1,1,980.4440854846906
-208.05,350.85,0.0,CD4_Tcell,1,373.8566381266749
147.40999999999997,-126.44000000000005,0.0,other_tissue,0,469.79167684775155
438.62,483.04,0.0,mesenchymal_tumor_class1,1,881.0576630877384
-175.01999999999998,106.80000000000001,0.0,epithelial_tumor_class1,1,1496.5234515658913
-439.65999999999997,-177.59000000000003,0.0,other_tissue,0,433.50628582212994
-88.85000000000002,-346.04999999999995,0.0,CD8_Tcell,1,347.49729669768107
-183.68,-438.63,0.0,CD8_Tcell,1,307.44424945080067
-356.2,77.05000000000001,0.0,other_tissue,0,1157.1824460019636
176.05999999999995,-454.22,0.0,epithelial_tumor_class1_class2,1,3726.5680939974645
194.48000000000002,91.89999999999998,0.0,epithelial_tumor_class1,1,592.8733116605439
113.75,65.41000000000003,0.0,mesenchymal_tumor_class1,1,861.2741484207627
108.16999999999996,150.11,0.0,apCAF,1,494.1357329130973
-274.83000000000004,-150.64,0.0,other_tissue,0,918.966754573895
76.00999999999999,-356.34000000000003,0.0,other_tissue,0,438.41375290535734
-387.28,-325.47,0.0,mesenchymal_tumor_class1,1,1189.7855797472153
-354.51,-69.38,0.0,other_tissue,0,451.5197887987139
420.59000000000003,167.07,0.0,other_tissue,0,1115.8678792056928
-493.03,-169.09000000000003,0.0,other_tissue,0,852.0702030304684
-267.75,332.86,0.0,other_tissue,0,475.05711225866145
-336.49,238.77999999999997,0.0,mesenchymal_tumor_class1,1,705.3255454122294
254.64,-460.09000000000003,0.0,CD4_Tcell,1,639.9754094996545
493.80999999999995,-115.83000000000004,0.0,other_tissue,0,879.3920361465086
-276.76,-382.76,0.0,other_tissue,0,363.8088558519894
-158.77999999999997,479.27,0.0,other_tissue,0,651.9002254858544
-8.550000000000011,83.75999999999999,0.0,epithelial_tumor_class1,1,3919.2691064745536
-118.25999999999999,484.8,0.0,mesenchymal_tumor_class1,1,1083.9211640362018
-429.31,-112.32000000000005,0.0,other_tissue,0,223.98235656075764
-394.7,356.19,0.0,CD4_Tcell,1,572.0505376182163
397.01,367.7,0.0,mesenchymal_tumor_class1,1,1314.7377536507195
-341.24,318.87,0.0,mesenchymal_tumor_class1,1,1012.01446344969
-414.45,-277.36,0.0,other_tissue,0,1221.229406005376
261.83000000000004,412.54,0.0,CD4_Tcell,1,337.2028701665084
-51.670000000000016,73.83999999999997,0.0,apCAF,1,504.33078746171066
-429.4,489.93,0.0,apCAF,1,429.8876904795095
479.55999999999995,271.81,0.0,CAF,1,544.9791551031889
-391.93,-306.07000000000005,0.0,other_tissue,0,441.86952276684383
226.39999999999998,-218.48000000000002,0.0,other_tissue,0,635.9793826511427
391.34000000000003,280.77,0.0,epithelial_tumor_class1,1,1201.3342595618662
-398.47,-201.39,0.0,other_tissue,0,518.7287761711469
-439.21,-58.389999999999986,0.0,other_tissue,0,601.7084173540526
-434.46,368.31,0.0,other_tissue,0,602.2600638174113
-104.73000000000002,490.043,0.0,mesenchymal_tumor_class1,1,222.84280147588706
86.95000000000005,357.53,0.0,other_tissue,0,397.54206013254054
-299.37,-162.5,0.0,other_tissue,0,346.8523161442262
38.200000000000045,427.54,0.0,epithelial_tumor_class1,1,1126.9862830518384
216.03999999999996,198.95,0.0,CAF,1,539.8970974840719
-487.5,-208.95000000000005,0.0,other_tissue,0,597.4445744762426
262.14,125.76999999999998,0.0,epithelial_tumor_class1,1,1379.0488741314505
-128.97000000000003,243.5,0.0,other_tissue,0,1221.229406005376
-374.23,-107.67999999999995,0.0,other_tissue,0,1221.229406005376
-186.29000000000002,170.62,0.0,other_tissue,0,500.1294530392898
-89.82,405.43,0.0,other_tissue,0,362.60257500556094
398.65,341.13,0.0,mesenchymal_tumor_class1,1,535.3248388577614
-380.76,-418.23,0.0,other_tissue,0,816.1001541814268
-495.503,462.27,0.0,CAF,1,786.377834121676
407.89,-234.36,0.0,other_tissue,0,350.926640047719
-181.49,224.95999999999998,0.0,mesenchymal_tumor_class1,1,611.6200160577877
103.95000000000005,26.75,0.0,other_tissue,0,298.6949491689532
183.36,395.99,0.0,epithelial_tumor_class1_class2,1,3516.3602283551586
489.78999999999996,238.82999999999998,0.0,mesenchymal_tumor_class1,1,1205.300771247872
-190.76999999999998,-386.53999999999996,0.0,other_tissue,0,694.8213304433729
308.27,-427.67999999999995,0.0,other_tissue,0,671.3792168153818
-488.75,-176.53999999999996,0.0,other_tissue,0,366.50180379511846
456.47,-78.52999999999997,0.0,mesenchymal_tumor_class1,1,1476.2424191131329
368.27,-116.61000000000001,0.0,other_tissue,0,313.7765160759169
-315.77,-147.45000000000005,0.0,apCAF,1,747.8630104859147
-463.15,410.61,0.0,CAF,1,691.355846575798
-60.35000000000002,433.36,0.0,other_tissue,0,318.7149016636197
-97.50999999999999,-60.22000000000003,0.0,other_tissue,0,1221.229406005376
-360.27,405.27,0.0,CAF,1,420.6171413476859
271.53,99.04000000000002,0.0,other_tissue,0,794.480851784332
-355.07,-451.42999999999995,0.0,other_tissue,0,748.3013826966168
-306.01,-185.92999999999995,0.0,CAF,1,430.75596458021386
182.14999999999998,-190.75,0.0,other_tissue,0,1221.229406005376
-66.51999999999998,-252.01,0.0,other_tissue,0,1221.229406005376
-123.54000000000002,-36.76999999999998,0.0,mesenchymal_tumor_class1,1,527.5355920735594
7.019999999999982,452.88,0.0,other_tissue,0,1100.48717360134
-469.11,-122.34000000000003,0.0,other_tissue,0,621.7455459799728
59.91999999999996,-8.220000000000027,0.0,other_tissue,0,777.3893391507687
206.19000000000005,256.0,0.0,other_tissue,0,936.0530728775605
419.4,389.88,0.0,other_tissue,0,1038.2688239148772
384.86,-386.74,0.0,CD8_Tcell,1,1053.3158454025704
-114.37,179.32999999999998,0.0,epithelial_tumor_class1,1,1015.332834350218
-185.01,-145.46000000000004,0.0,epithelial_tumor_class1,1,906.3856167918912
-304.12,384.24,0.0,epithelial_tumor_class1,1,2409.799339879141
316.54999999999995,268.37,0.0,other_tissue,0,283.9060555830534
82.24000000000001,3.069999999999993,0.0,other_tissue,0,1060.6169226238246
115.22000000000003,90.55000000000001,0.0,apCAF,1,586.6189951446091
271.80999999999995,242.88,0.0,other_tissue,0,1221.229406005376
-21.620000000000005,-209.07000000000005,0.0,other_tissue,0,341.8512009991597
-478.87,-221.37,0.0,other_tissue,0,485.13819622417986
279.47,-73.38999999999999,0.0,other_tissue,0,1079.3350493061143
319.76,369.94,0.0,other_tissue,0,329.56500374846155
215.55999999999995,-474.40999999999997,0.0,apCAF,1,584.6556451668501
188.5,-399.47,0.0,other_tissue,0,392.29686896635366
-85.24000000000001,-50.59000000000003,0.0,other_tissue,0,1005.2538339946316
-408.28,89.19999999999999,0.0,other_tissue,0,1221.229406005376
364.98,24.410000000000025,0.0,other_tissue,0,1031.6138034802443
214.01,338.4,0.0,CD4_Tcell,1,394.9982648341597
-309.96000000000004,296.64,0.0,mesenchymal_tumor_class1,1,538.67956198263
-488.4,-114.33000000000004,0.0,other_tissue,0,709.2220447026335
140.91999999999996,-370.01,0.0,other_tissue,0,778.9849905691473
475.9,115.69,0.0,other_tissue,0,394.3087548115394
-215.02999999999997,197.05,0.0,other_tissue,0,504.3920707458605
-230.26,-261.95000000000005,0.0,other_tissue,0,943.1976001010169
474.62,458.73,0.0,other_tissue,0,464.49277742080506
191.55999999999995,396.74,0.0,epithelial_tumor_class1,1,1702.667994473353
-55.51999999999998,-452.15,0.0,other_tissue,0,406.39200597111073
-56.77999999999997,-172.13,0.0,other_tissue,0,1221.229406005376
-266.41999999999996,-80.33000000000004,0.0,apCAF,1,206.98782005157565
240.69000000000005,450.89,0.0,other_tissue,0,1000.8683529019236
276.85,343.99,0.0,apCAF,1,1281.6251411997255
-349.3,45.72000000000003,0.0,other_tissue,0,424.11534702885007
37.00999999999999,-86.88999999999999,0.0,mesenchymal_tumor_class1,1,660.6468941624322
-408.22,6.9599999999999795,0.0,mesenchymal_tumor_class1,1,1966.2473178688974
-484.03,-389.04999999999995,0.0,apCAF,1,493.98461798838247
71.54999999999995,87.5,0.0,apCAF,1,644.2947295654035
-217.23000000000002,-478.97,0.0,other_tissue,0,1012.3801049624557
-39.89999999999998,499.8881,0.0,other_tissue,0,1221.229406005376
239.27999999999997,-183.99,0.0,CD4_Tcell,1,667.3456976406615
-106.77999999999997,102.50999999999999,0.0,CAF,1,646.0098149505168
-339.63,112.57999999999998,0.0,mesenchymal_tumor_class1,1,694.0439062798989
344.26,-412.07000000000005,0.0,other_tissue,0,376.6367132691287
22.389999999999986,157.61,0.0,other_tissue,0,684.215380449016
57.67999999999995,183.31,0.0,mesenchymal_tumor_class1_class2,1,434.9899295612099
57.539999999999964,-192.94000000000005,0.0,CD4_Tcell,1,492.4751628890544
-201.47000000000003,-288.29999999999995,0.0,CAF,1,544.0439931985985
-255.51,158.43,0.0,mesenchymal_tumor_class1_class2,1,434.5736137386831
-209.93,-250.61,0.0,other_tissue,0,364.9190187505772
420.99,397.14,0.0,other_tissue,0,350.3615344431668
50.450000000000045,493.113,0.0,epithelial_tumor_class1,1,886.2679343583909
216.25,-395.42999999999995,0.0,other_tissue,0,341.8039164954229
-224.89,-355.78999999999996,0.0,other_tissue,0,792.9883892543505
-0.05000000000001137,-58.27999999999997,0.0,CD4_Tcell,1,845.848258017085
290.53999999999996,-401.1,0.0,other_tissue,0,667.1610623778638
128.65999999999997,-145.91999999999996,0.0,other_tissue,0,301.0673958022962
-440.22,13.980000000000018,0.0,CD4_Tcell,1,606.2176268729012
489.05999999999995,-104.65999999999997,0.0,CD4_Tcell,1,475.26324272445686
277.80999999999995,-436.99,0.0,CD4_Tcell,1,539.5284394094618
4.639999999999986,85.45999999999998,0.0,epithelial_tumor_class1,1,592.8733116605439
365.1,-100.98000000000002,0.0,other_tissue,0,1221.229406005376
413.77,78.70999999999998,0.0,other_tissue,0,677.1801868942748
470.26,499.8979,0.0,apCAF,1,626.460401735923
-41.139999999999986,116.75,0.0,epithelial_tumor_class1,1,877.9058525334306
121.54999999999995,181.74,0.0,epithelial_tumor_class1,1,914.4032651757221
-325.18,165.16000000000003,0.0,other_tissue,0,526.3840091480151
357.29999999999995,-467.37,0.0,epithelial_tumor_class1_class2,1,2060.6523672930125
133.01,-459.78,0.0,other_tissue,0,523.8344303920026
-219.98000000000002,191.14,0.0,CAF,1,878.1053917066652
4.389999999999986,36.5,0.0,CAF,1,280.9500257799009
-20.970000000000027,-294.4,0.0,other_tissue,0,490.9988832552072
147.62,216.45,0.0,other_tissue,0,337.2380141763869
-381.2,-465.52,0.0,other_tissue,0,637.9484315645384
-275.71000000000004,-272.82000000000005,0.0,other_tissue,0,1221.229406005376
252.46000000000004,149.12,0.0,epithelial_tumor_class1,1,766.5845074369098
-437.87,467.08,0.0,CAF,1,1165.9729623688609
426.30999999999995,-64.13,0.0,epithelial_tumor_class1,1,2258.154903871808
315.13,-135.20000000000005,0.0,CD4_Tcell,1,546.4162278071224
470.67999999999995,383.28,0.0,other_tissue,0,504.91317911583064
-364.31,271.0,0.0,mesenchymal_tumor_class1,1,1802.5816689317603
-217.64,267.68,0.0,other_tissue,0,835.3384501704454
-70.81,-111.50999999999999,0.0,other_tissue,0,852.0050079900527
148.84000000000003,375.09000000000003,0.0,other_tissue,0,955.7878335800699
90.29999999999995,77.23000000000002,0.0,other_tissue,0,495.84547381803606
263.98,286.57,0.0,CD4_Tcell,1,341.88666723861525
-386.48,49.629999999999995,0.0,epithelial_tumor_class1_class2,1,1103.169819489405
178.22000000000003,191.82,0.0,other_tissue,0,778.2482650259556
-44.160000000000025,-294.87,0.0,other_tissue,0,560.5644129977587
-179.76999999999998,482.06,0.0,other_tissue,0,1221.229406005376
251.14,-451.66999999999996,0.0,other_tissue,0,507.8626462590343
-418.82,-332.24,0.0,other_tissue,0,530.5407346553213
-298.26,255.22,0.0,other_tissue,0,707.2240208315494
-287.63,206.8,0.0,CAF,1,771.9844950460188
-156.64999999999998,-197.73000000000002,0.0,mesenchymal_tumor_class1_class2,1,739.329167119334
-320.24,171.02999999999997,0.0,other_tissue,0,354.6812763360113
-489.27,-228.97000000000003,0.0,other_tissue,0,455.4876024988295
12.240000000000009,110.85000000000002,0.0,other_tissue,0,398.52334350456294
-317.32,416.51,0.0,mesenchymal_tumor_class1,1,448.97720836363277
-437.40999999999997,-399.77,0.0,other_tissue,0,957.8069707118594
-281.32,468.35,0.0,CAF,1,807.3472814830379
67.86000000000001,467.78,0.0,epithelial_tumor_class1,1,753.0947578138416
494.55999999999995,-295.98,0.0,other_tissue,0,649.086506644685
212.67999999999995,293.23,0.0,other_tissue,0,489.7959465512172
-72.08999999999997,-438.55999999999995,0.0,other_tissue,0,521.528060198189
-117.06,33.60000000000002,0.0,other_tissue,0,396.0275163430996
-184.37,-22.57000000000005,0.0,other_tissue,0,1221.229406005376
471.78999999999996,451.9,0.0,other_tissue,0,559.0369903702732
-353.74,95.85000000000002,0.0,CD4_Tcell,1,527.851387091862
156.97000000000003,262.5,0.0,other_tissue,0,1093.4146005383059
-140.2,239.25,0.0,other_tissue,0,604.9368736432104
-93.66000000000003,-269.44000000000005,0.0,mesenchymal_tumor_class1,1,665.7958197672134
-61.99000000000001,-209.91999999999996,0.0,CD8_Tcell,1,347.6048711312182
-493.638,15.670000000000016,0.0,other_tissue,0,611.4109707859939
493.53,465.37,0.0,other_tissue,0,807.2214981548352
116.35000000000002,304.41999999999996,0.0,other_tissue,0,376.6367132691287
-60.93000000000001,353.02,0.0,CD4_Tcell,1,322.9416647145993
412.03,-77.00999999999999,0.0,CD4_Tcell,1,374.48441280249165
-360.38,159.33999999999997,0.0,other_tissue,0,646.3712729582232
289.0,-174.24,0.0,other_tissue,0,821.4754357584915
169.60000000000002,257.14,0.0,other_tissue,0,1221.229406005376
-452.6,-144.60000000000002,0.0,other_tissue,0,784.6692425425573
231.49,-183.14,0.0,CD4_Tcell,1,445.2870032754649
241.55999999999995,-303.12,0.0,CD8_Tcell,1,577.0974235685247
108.04999999999995,345.72,0.0,epithelial_tumor_class1,1,807.2634244791773
-298.08000000000004,-429.49,0.0,other_tissue,0,438.80459135669236
-311.66999999999996,420.51,0.0,mesenchymal_tumor_class1,1,455.2586111762019
-392.13,27.110000000000014,0.0,mesenchymal_tumor_class1,1,1966.2473178688974
-236.8,-400.73,0.0,other_tissue,0,574.9881759243334
-367.02,488.14,0.0,mesenchymal_tumor_class1,1,1085.7336981684111
-331.2,81.72000000000003,0.0,CAF,1,516.686498326005
-463.61,458.51,0.0,other_tissue,0,539.5765157250609
174.46000000000004,-338.78,0.0,CD4_Tcell,1,349.2571269393345
-182.04000000000002,81.75999999999999,0.0,mesenchymal_tumor_class1,1,434.5736137386831
124.22000000000003,-178.46000000000004,0.0,other_tissue,0,554.6019414250259
259.77,-136.95000000000005,0.0,other_tissue,0,571.5508041049185
459.0,-39.72000000000003,0.0,mesenchymal_tumor_class1,1,330.9513468912731
-369.06,-147.14999999999998,0.0,other_tissue,0,417.0437376391778
-455.86,-178.88,0.0,CD8_Tcell,1,1472.0235171670822
-67.73000000000002,334.93,0.0,other_tissue,0,479.6798480683923
-35.74000000000001,-447.17999999999995,0.0,other_tissue,0,1221.229406005376
-14.589999999999975,-0.2300000000000182,0.0,CAF,1,1205.7663815572494
-456.33,-445.09000000000003,0.0,other_tissue,0,586.6698296585931
-246.46,-325.03,0.0,other_tissue,0,1221.229406005376
49.47000000000003,151.07999999999998,0.0,CAF,1,530.3347568505718
-14.779999999999973,270.5,0.0,other_tissue,0,300.9587921614979
344.0,-428.03999999999996,0.0,other_tissue,0,878.7707406479252
-109.69999999999999,-231.98000000000002,0.0,other_tissue,0,384.73970348557464
-261.52,263.14,0.0,CD8_Tcell,1,564.9650486063608
0.08999999999997499,-159.65999999999997,0.0,CAF,1,1255.607059719359
-453.37,-375.51,0.0,other_tissue,0,606.2522668904278
96.78999999999996,-102.32000000000005,0.0,other_tissue,0,1000.7231966694548
-60.60000000000002,-50.64999999999998,0.0,other_tissue,0,620.6013265080853
-215.32,-85.41999999999996,0.0,CD4_Tcell,1,555.7943055182764
414.72,222.91000000000003,0.0,epithelial_tumor_class1,1,1494.6893348565015
228.41999999999996,-140.66999999999996,0.0,other_tissue,0,565.5601488222702
-307.25,-101.5,0.0,other_tissue,0,508.5555851005573
-452.48,35.73000000000002,0.0,CAF,1,1255.607059719359
-271.06,186.26999999999998,0.0,other_tissue,0,563.7761008338449
-121.97000000000003,-164.34000000000003,0.0,other_tissue,0,275.65233432982455
356.27,146.93,0.0,epithelial_tumor_class1,1,1323.7541306300209
241.83000000000004,-109.50999999999999,0.0,other_tissue,0,420.76647448236093
469.72,-269.77,0.0,CD4_Tcell,1,704.5403040686962
119.01999999999998,19.430000000000007,0.0,CD4_Tcell,1,457.2935930966368
-177.56,-70.32000000000005,0.0,other_tissue,0,722.2036753331571
199.16999999999996,-26.019999999999982,0.0,epithelial_tumor_class1,1,6750.622470765231
98.09000000000003,193.26999999999998,0.0,other_tissue,0,1221.229406005376
92.34000000000003,260.33000000000004,0.0,CAF,1,458.9173061865106
280.88,-99.83000000000004,0.0,other_tissue,0,267.8916096339973
450.71000000000004,-109.14999999999998,0.0,other_tissue,0,721.5226570941549
38.629999999999995,443.97,0.0,other_tissue,0,787.8826197760917
-317.43,88.87,0.0,CD4_Tcell,1,522.2960964692616
-393.52,416.35,0.0,CAF,1,877.9723622320714
482.05999999999995,-130.47000000000003,0.0,other_tissue,0,434.0189392930873
442.57000000000005,134.75,0.0,epithelial_tumor_class1,1,932.6097789622752
456.42999999999995,-429.99,0.0,CD4_Tcell,1,337.76546738464367
-178.06,-221.01999999999998,0.0,CD8_Tcell,1,437.43767226470686
71.19000000000005,-105.84000000000003,0.0,other_tissue,0,542.3215891435378
28.850000000000023,87.95999999999998,0.0,CD4_Tcell,1,576.0254162448263
-234.88,-370.05999999999995,0.0,other_tissue,0,537.7676125773673
-462.49,-374.01,0.0,other_tissue,0,700.5274723002149
-40.22000000000003,-251.62,0.0,CD4_Tcell,1,423.73328164188166
-347.43,-155.91999999999996,0.0,epithelial_tumor_class1_class2,1,830.073637656277
323.14,32.98000000000002,0.0,other_tissue,0,1221.229406005376
-430.09000000000003,-297.9,0.0,other_tissue,0,635.8899768280875
-138.35000000000002,497.026,0.0,CAF,1,427.90744704565
-130.27999999999997,-352.5,0.0,other_tissue,0,834.1380050347368
457.42999999999995,448.54,0.0,other_tissue,0,472.92569390562784
86.37,-181.27999999999997,0.0,other_tissue,0,482.11391267628204
-489.8,-453.65999999999997,0.0,other_tissue,0,741.5456491049025
-67.64999999999998,226.04000000000002,0.0,other_tissue,0,393.6979742240284
-330.78,432.75,0.0,mesenchymal_tumor_class1,1,510.83902893265065
-41.579999999999984,-317.62,0.0,apCAF,1,368.32517194878415
242.74,175.43,0.0,epithelial_tumor_class1_class2,1,1472.0143254259472
7.2900000000000205,-140.96000000000004,0.0,CD8_Tcell,1,781.731332848449
-403.86,461.0,0.0,mesenchymal_tumor_class1,1,647.1126833340406
118.0,-492.6,0.0,other_tissue,0,690.7321521646169
370.41999999999996,452.52,0.0,mesenchymal_tumor_class1,1,1577.0467139707457
476.53,-412.27,0.0,CD4_Tcell,1,1306.605850417628
-131.76999999999998,2.009999999999991,0.0,other_tissue,0,389.38858445770677
-91.57999999999998,-118.85000000000002,0.0,other_tissue,0,588.247156608789
-272.28,-290.03,0.0,other_tissue,0,209.60473340375592
-256.95,-265.64,0.0,other_tissue,0,1221.229406005376
200.19000000000005,-477.49,0.0,CD4_Tcell,1,515.7839984226472
-451.53,383.59000000000003,0.0,CD4_Tcell,1,534.0664383934076
-441.52,-301.14,0.0,other_tissue,0,748.3213127754345
333.96000000000004,92.50999999999999,0.0,epithelial_tumor_class1,1,7741.03554065621
185.40999999999997,-59.210000000000036,0.0,other_tissue,0,639.8317656139131
-449.35,196.73000000000002,0.0,epithelial_tumor_class1,1,592.8733116605439
30.590000000000032,-69.13,0.0,mesenchymal_tumor_class1,1,1007.3420249621552
-53.26999999999998,-379.94000000000005,0.0,other_tissue,0,500.5866422360494
-113.86000000000001,-378.9,0.0,other_tissue,0,573.4847212587008
-402.75,-255.10000000000002,0.0,other_tissue,0,445.90768433840014
235.70000000000005,438.44,0.0,other_tissue,0,596.0220743901835
-177.63,218.94,0.0,mesenchymal_tumor_class1,1,919.3324882209341
-204.2,-148.32000000000005,0.0,apCAF,1,175.78093996356932
-431.37,-318.96000000000004,0.0,other_tissue,0,396.21010164052194
-190.3,99.87,0.0,CAF,1,437.9394754448625
264.69000000000005,172.60000000000002,0.0,other_tissue,0,894.1217928065416
122.39999999999998,383.31,0.0,other_tissue,0,301.2086195910548
-203.70999999999998,204.83999999999997,0.0,other_tissue,0,1221.229406005376
-352.34000000000003,-417.9,0.0,CAF,1,1123.193598432888
-349.76,109.20999999999998,0.0,mesenchymal_tumor_class1,1,1724.864084307297
-249.74,120.57999999999998,0.0,other_tissue,0,775.9796190108594
309.98,209.62,0.0,epithelial_tumor_class1_class2,1,7134.433496310096
-202.89999999999998,-273.01,0.0,other_tissue,0,683.7648765184997
-117.10000000000002,-318.4,0.0,other_tissue,0,663.3099751049755
-371.28999999999996,-415.41999999999996,0.0,other_tissue,0,478.288414222926
224.54999999999995,-106.84000000000003,0.0,other_tissue,0,275.5192167719906
-123.32999999999998,-63.5,0.0,other_tissue,0,544.8984955212212
-355.18,326.98,0.0,other_tissue,0,761.6331662869658
-298.63,91.93,0.0,apCAF,1,806.5089727294337
396.87,-125.99000000000001,0.0,epithelial_tumor_class1_class2,1,2123.778078278754
-89.68,-167.29999999999995,0.0,other_tissue,0,517.9798371392303
256.73,244.04,0.0,epithelial_tumor_class1,1,943.8023680034914
4.769999999999982,185.64,0.0,apCAF,1,883.9942723626272
38.75,-113.59000000000003,0.0,other_tissue,0,604.971464854801
-118.56,493.031,0.0,mesenchymal_tumor_class1,1,1013.89235755584
241.03999999999996,442.34000000000003,0.0,other_tissue,0,577.9526310018476
-470.87,-434.86,0.0,other_tissue,0,775.1427669779351
-228.69,-18.0,0.0,other_tissue,0,674.8334819441785
154.07000000000005,-94.87,0.0,other_tissue,0,323.92147200527586
-336.31,427.07,0.0,mesenchymal_tumor_class1,1,638.5040784931545
383.32000000000005,-306.07000000000005,0.0,other_tissue,0,682.6207358297123
-74.52999999999997,491.259,0.0,other_tissue,0,631.5727450892439
-423.31,-53.58000000000004,0.0,other_tissue,0,705.919651673233
-498.967,37.69,0.0,mesenchymal_tumor_class1,1,819.2081775504945
269.46000000000004,-70.12,0.0,other_tissue,0,609.6360088284825
-262.66999999999996,-124.98000000000002,0.0,CD4_Tcell,1,729.2920939070515
1.170000000000016,241.76999999999998,0.0,other_tissue,0,999.9734463780757
-412.85,-284.65999999999997,0.0,CD4_Tcell,1,598.0451017125075
-242.74,264.7,0.0,CAF,1,1255.607059719359
-204.7,193.76,0.0,epithelial_tumor_class1_class2,1,1640.0469186174294
-190.10000000000002,-78.35000000000002,0.0,other_tissue,0,1144.6749145670435
-254.95,272.74,0.0,other_tissue,0,478.9245867996592
235.38,-479.89,0.0,other_tissue,0,1221.229406005376
72.49000000000001,7.240000000000009,0.0,other_tissue,0,954.5683376936669
-214.13,-357.45000000000005,0.0,other_tissue,0,588.5867356665408
338.15,398.25,0.0,CAF,1,433.50628582212994
-188.63,-278.71000000000004,0.0,mesenchymal_tumor_class1,1,636.2297635379344
-293.14,-351.66999999999996,0.0,other_tissue,0,967.235684041026
-319.02,-244.73000000000002,0.0,other_tissue,0,851.2446448898123
-3.579999999999984,64.17000000000002,0.0,CAF,1,414.16201199787923
-4.149999999999977,-193.84000000000003,0.0,other_tissue,0,417.0977285428744
-344.61,-177.99,0.0,other_tissue,0,1221.229406005376
-387.29,412.40999999999997,0.0,CAF,1,400.83242647241315
-273.24,-121.30999999999995,0.0,other_tissue,0,874.5183100500437
-322.56,407.75,0.0,CAF,1,800.3026737233989
152.77999999999997,21.470000000000027,0.0,other_tissue,0,271.25165155359684
-314.83000000000004,407.18,0.0,CAF,1,264.7388379094393
-109.04000000000002,188.97000000000003,0.0,other_tissue,0,836.7762096661808
135.26,181.66000000000003,0.0,other_tissue,0,546.4162278071224
-414.40999999999997,-449.25,0.0,other_tissue,0,485.8551417498121
-98.51999999999998,-100.69000000000005,0.0,other_tissue,0,732.7455349888362
69.33000000000004,-137.49,0.0,CAF,1,352.082785776914
-465.75,-88.11000000000001,0.0,apCAF,1,626.7614030166579
-365.68,-78.76999999999998,0.0,apCAF,1,226.8392325478582
58.83000000000004,241.77999999999997,0.0,other_tissue,0,767.4354574944005
-47.360000000000014,-25.899999999999977,0.0,CAF,1,673.9037544739407
191.28999999999996,252.92,0.0,apCAF,1,707.7807842939088
334.5,-442.89,0.0,other_tissue,0,1158.7289226952112
71.98000000000002,-51.32000000000005,0.0,CD4_Tcell,1,449.2182712157885
-198.55,239.11,0.0,other_tissue,0,808.5218893709925
-0.7799999999999727,308.78,0.0,other_tissue,0,371.2401352622022
-281.56,-125.51999999999998,0.0,CAF,1,708.7414073828558
177.85000000000002,121.13999999999999,0.0,epithelial_tumor_class1,1,1569.393171924046
-374.2,89.16000000000003,0.0,other_tissue,0,777.2666870687709
-43.29000000000002,-159.14999999999998,0.0,other_tissue,0,554.1287362438275
-266.53,-306.85,0.0,CD4_Tcell,1,415.3454081614565
-79.31,-40.629999999999995,0.0,other_tissue,0,375.7546604352289
-244.57,-95.79999999999995,0.0,other_tissue,0,590.354653595035
-215.89,-366.67999999999995,0.0,other_tissue,0,807.5150129121726
154.85000000000002,409.39,0.0,epithelial_tumor_class1,1,1171.741509059021
-370.84000000000003,-23.460000000000036,0.0,mesenchymal_tumor_class1,1,888.0762641934158
-172.06,67.07999999999998,0.0,mesenchymal_tumor_class1,1,487.9952279657159
-261.3,146.18,0.0,apCAF,1,707.1280566513693
-208.39999999999998,182.86,0.0,CD4_Tcell,1,536.6810200004039
478.52,80.82999999999998,0.0,other_tissue,0,708.0880891809023
186.79999999999995,125.13,0.0,epithelial_tumor_class1,1,592.8733116605439
-340.44,215.02999999999997,0.0,mesenchymal_tumor_class1,1,830.5222067888237
472.53,284.49,0.0,epithelial_tumor_class1,1,616.7039632376129
442.45000000000005,210.41000000000003,0.0,other_tissue,0,740.5753939483287
-79.70999999999998,-74.94000000000005,0.0,CD4_Tcell,1,996.2061927659472
312.52,240.2,0.0,epithelial_tumor_class1,1,1108.7294891192666
-462.18,-63.639999999999986,0.0,CD4_Tcell,1,783.5795099767438
-267.47,-111.94000000000005,0.0,other_tissue,0,457.3079454157964
141.87,-390.15,0.0,other_tissue,0,885.3981332350584
-237.08999999999997,-449.55999999999995,0.0,other_tissue,0,873.4794448266971
-342.81,125.27999999999997,0.0,mesenchymal_tumor_class1,1,810.7063255787318
-426.39,4.069999999999993,0.0,other_tissue,0,354.71762449288184
-351.25,-167.42999999999995,0.0,other_tissue,0,595.3886761640481
-126.18,-194.14,0.0,CAF,1,444.1177416055558
-423.86,-353.72,0.0,other_tissue,0,514.4943188984909
365.61,-454.46000000000004,0.0,CD8_Tcell,1,828.3236286785066
256.25,-159.76,0.0,other_tissue,0,566.1225714934097
79.88999999999999,148.60000000000002,0.0,mesenchymal_tumor_class1,1,428.53936231574795
369.62,180.18,0.0,other_tissue,0,351.81761177588123
6.0400000000000205,-50.360000000000014,0.0,epithelial_tumor_class1,1,592.8733116605439
463.11,183.26,0.0,mesenchymal_tumor_class1,1,751.5946359010813
-490.297,-156.74,0.0,other_tissue,0,561.6336166081181
447.47,-464.61,0.0,epithelial_tumor_class1,1,7741.03554065621
234.82000000000005,-94.14999999999998,0.0,other_tissue,0,320.0819829129401
163.78999999999996,13.449999999999989,0.0,other_tissue,0,1181.7132652141818
226.02999999999997,137.95999999999998,0.0,epithelial_tumor_class1,1,1620.3867958453911
-78.07999999999998,-317.95000000000005,0.0,other_tissue,0,481.0145983033715
-172.55,-378.99,0.0,other_tissue,0,367.989815260105
-290.55,-378.23,0.0,other_tissue,0,219.13079578807827
371.39,346.94,0.0,other_tissue,0,679.3454495541953
-279.78999999999996,-343.02,0.0,other_tissue,0,316.32907954636113
-8.300000000000011,-417.57000000000005,0.0,other_tissue,0,456.04609051586186
119.19000000000005,-417.25,0.0,other_tissue,0,970.8821712086929
19.600000000000023,-16.269999999999982,0.0,apCAF,1,409.58424808517856
-266.57,111.54000000000002,0.0,CAF,1,363.6117295840151
316.77,-216.76,0.0,CAF,1,806.5089727294337
-297.4,241.13,0.0,other_tissue,0,655.7800678413582
267.32000000000005,349.52,0.0,CAF,1,302.6995870432087
69.15999999999997,-174.77999999999997,0.0,other_tissue,0,322.83924109826313
-311.15999999999997,-336.82000000000005,0.0,other_tissue,0,802.4722871328254
-433.53,458.01,0.0,other_tissue,0,492.2640848769736
99.51999999999998,267.39,0.0,other_tissue,0,851.3532404813922
-375.15999999999997,-263.72,0.0,mesenchymal_tumor_class1,1,1114.9836595821394
-480.3,282.57,0.0,other_tissue,0,269.8962050325039
187.63,103.00999999999999,0.0,epithelial_tumor_class1,1,988.0523067143314
453.78999999999996,-371.54999999999995,0.0,CD8_Tcell,1,427.4270583133551
52.90999999999997,-289.97,0.0,other_tissue,0,941.454524895391
101.88999999999999,87.04000000000002,0.0,other_tissue,0,741.9617320305111
171.20000000000005,-396.09000000000003,0.0,other_tissue,0,853.0267790883152
340.53,183.14999999999998,0.0,other_tissue,0,779.0464053428944
-439.17,-392.65999999999997,0.0,other_tissue,0,578.7247189055633
-318.81,218.3,0.0,mesenchymal_tumor_class1,1,923.5683333950683
-144.3,-34.129999999999995,0.0,apCAF,1,194.47289473886786
18.309999999999945,-161.05999999999995,0.0,other_tissue,0,350.5658642560469
139.19000000000005,-33.74000000000001,0.0,mesenchymal_tumor_class1,1,902.5186219552692
355.67999999999995,156.67000000000002,0.0,epithelial_tumor_class1,1,1670.6001363008606
-30.129999999999995,206.5,0.0,other_tissue,0,366.898213882402
-480.89,1.2300000000000182,0.0,other_tissue,0,476.57503810452795
-88.63,-177.01999999999998,0.0,other_tissue,0,542.7236940492751
-151.45999999999998,220.24,0.0,other_tissue,0,485.7953693290405
-101.89999999999998,440.97,0.0,other_tissue,0,382.97726667615655
137.29999999999995,45.620000000000005,0.0,other_tissue,0,759.5177063620148
-86.38,44.5,0.0,other_tissue,0,999.6591464463908
228.92999999999995,239.72000000000003,0.0,epithelial_tumor_class1_class2,1,4866.525790822426
-229.57999999999998,89.48000000000002,0.0,CAF,1,340.56425720215293
142.75,369.51,0.0,CAF,1,402.3460099554784
360.78999999999996,-138.95000000000005,0.0,other_tissue,0,683.4083678499072
-140.07,-239.05999999999995,0.0,CD4_Tcell,1,343.4140371396895
99.76999999999998,276.38,0.0,other_tissue,0,930.4648949347327
-297.36,68.19999999999999,0.0,mesenchymal_tumor_class1,1,1917.8397037360132
-236.45,68.63999999999999,0.0,epithelial_tumor_class1,1,3228.054402397054
359.38,-478.30999999999995,0.0,CD4_Tcell,1,589.6232588959283
-426.98,-77.15999999999997,0.0,other_tissue,0,1148.8075022684272
-274.01,-217.12,0.0,other_tissue,0,342.14682795103454
-470.97,-385.23,0.0,other_tissue,0,714.1756010761306
-240.67000000000002,-414.44000000000005,0.0,other_tissue,0,635.7111903200594
434.78,-483.65,0.0,apCAF,1,626.7614030166579
-330.11,109.42000000000002,0.0,CAF,1,511.2563389685437
-312.23,-25.470000000000027,0.0,epithelial_tumor_class1,1,1290.6842298094327
-160.06,13.680000000000007,0.0,epithelial_tumor_class1,1,1746.480656411907
459.22,-361.30999999999995,0.0,CD8_Tcell,1,744.819065679956
-169.93,-358.74,0.0,other_tissue,0,722.924074711798
411.98,-401.16999999999996,0.0,apCAF,1,363.6117295840151
307.36,-411.09000000000003,0.0,other_tissue,0,663.3651487627658
73.01999999999998,-470.46000000000004,0.0,CD8_Tcell,1,528.0251280590996
25.210000000000036,-8.45999999999998,0.0,other_tissue,0,1159.79626072621
427.92999999999995,-468.07000000000005,0.0,mesenchymal_tumor_class1,1,1966.2473178688974
-159.32999999999998,393.23,0.0,CAF,1,683.8962530646779
454.78,-280.69000000000005,0.0,other_tissue,0,1221.229406005376
297.27,318.4,0.0,mesenchymal_tumor_class1,1,334.9237430607651
-54.73000000000002,5.449999999999989,0.0,other_tissue,0,509.12580677307045
214.16999999999996,98.72000000000003,0.0,other_tissue,0,937.1641241427036
-479.83,433.36,0.0,apCAF,1,182.86209338248344
-1.990000000000009,-34.860000000000014,0.0,other_tissue,0,488.1301285102019
156.85000000000002,240.89,0.0,other_tissue,0,596.347507437008
265.57000000000005,-373.78999999999996,0.0,other_tissue,0,367.878074949435
-384.25,-139.61,0.0,other_tissue,0,435.8650580639691
170.85000000000002,54.120000000000005,0.0,other_tissue,0,730.9585910179608
-227.95,-52.08000000000004,0.0,apCAF,1,638.8447957103526
418.15999999999997,-66.78999999999996,0.0,other_tissue,0,1221.229406005376
258.53,-449.01,0.0,other_tissue,0,527.5987409981864
376.97,-393.80999999999995,0.0,CD8_Tcell,1,1096.8827921967647
471.02,-69.27999999999997,0.0,mesenchymal_tumor_class1,1,825.8947785977472
-303.26,56.72000000000003,0.0,mesenchymal_tumor_class1,1,1363.11328605438
-464.02,362.37,0.0,other_tissue,0,268.0624674159966
-23.730000000000018,408.02,0.0,other_tissue,0,379.16446803973844
-52.81999999999999,-327.27,0.0,other_tissue,0,432.35774822522745
-303.47,474.95,0.0,mesenchymal_tumor_class1,1,687.1484801732668
360.70000000000005,-234.89999999999998,0.0,other_tissue,0,710.9541382276889
-304.13,-301.92999999999995,0.0,other_tissue,0,557.2830686893691
241.60000000000002,184.42000000000002,0.0,other_tissue,0,461.1652015909367
-406.42,-329.12,0.0,other_tissue,0,326.7809991568804
415.09000000000003,146.17000000000002,0.0,CAF,1,1255.607059719359
256.24,440.77,0.0,other_tissue,0,525.9900170216389
-270.28,404.5,0.0,other_tissue,0,473.4542774447482
-224.52999999999997,200.7,0.0,CAF,1,341.0951720783873
224.25,-483.05999999999995,0.0,other_tissue,0,684.3843704250371
147.95000000000005,361.01,0.0,other_tissue,0,358.92645929210045
-317.03999999999996,347.61,0.0,CAF,1,608.3851649657878
-318.97,132.39999999999998,0.0,other_tissue,0,591.1547765821196
-491.876,9.889999999999986,0.0,other_tissue,0,307.84094218034755
-174.94,-366.83000000000004,0.0,CD4_Tcell,1,438.497484456823
397.39,355.02,0.0,mesenchymal_tumor_class1,1,1022.1630632739314
-8.300000000000011,-211.01999999999998,0.0,other_tissue,0,926.4377441471069
95.90999999999997,-372.87,0.0,other_tissue,0,578.8422707893762
-95.16000000000003,-262.95000000000005,0.0,other_tissue,0,392.3746207982485
399.15,411.14,0.0,other_tissue,0,759.3969413964747
-479.95,-126.28999999999996,0.0,other_tissue,0,476.22105814516556
-395.04,0.7200000000000273,0.0,mesenchymal_tumor_class1,1,1129.3970975547918
357.84000000000003,-181.13,0.0,CD4_Tcell,1,1020.5935735435303
77.88999999999999,385.7,0.0,other_tissue,0,215.60801053841212
345.44000000000005,165.74,0.0,epithelial_tumor_class1,1,955.1779558905243
352.0,458.94,0.0,apCAF,1,530.3347568505718
315.28999999999996,-408.03,0.0,other_tissue,0,403.75771819407635
-128.64999999999998,260.99,0.0,other_tissue,0,580.5738035860139
-449.40999999999997,88.98000000000002,0.0,other_tissue,0,415.89753212822643
-151.82999999999998,-386.94000000000005,0.0,other_tissue,0,1221.229406005376
-44.829999999999984,-236.71000000000004,0.0,other_tissue,0,372.27775848739526
1.759999999999991,-23.149999999999977,0.0,CD8_Tcell,1,308.7678852488944
193.89,-454.66999999999996,0.0,other_tissue,0,604.43544924032
-244.78,31.129999999999995,0.0,other_tissue,0,597.3416673326764
-487.23,-445.67999999999995,0.0,other_tissue,0,500.0228156296192
362.12,472.56,0.0,mesenchymal_tumor_class1,1,996.9299284992194
-352.53999999999996,-253.17999999999995,0.0,other_tissue,0,308.86731079765104
124.27999999999997,89.38999999999999,0.0,other_tissue,0,331.1133397160498
-97.66000000000003,458.39,0.0,other_tissue,0,890.8493340568978
-252.9,-313.01,0.0,other_tissue,0,1055.0941075947885
-182.49,-282.05999999999995,0.0,mesenchymal_tumor_class1,1,796.8269626489742
474.1,324.15999999999997,0.0,CD4_Tcell,1,553.2157226118929
-397.65,57.339999999999975,0.0,other_tissue,0,473.20461949782873
-334.02,-418.15,0.0,other_tissue,0,891.341932476091
155.05999999999995,251.77,0.0,other_tissue,0,1039.1120106828268
131.15999999999997,263.46000000000004,0.0,other_tissue,0,872.5738728645986
-328.02,-340.76,0.0,other_tissue,0,1221.229406005376
131.67999999999995,-379.26,0.0,CD4_Tcell,1,609.7577100134018
-105.68,-109.07000000000005,0.0,other_tissue,0,546.2223180242121
147.15999999999997,28.930000000000007,0.0,other_tissue,0,332.7245658210602
-454.9,294.5,0.0,apCAF,1,205.79712155369532
482.03,222.16000000000003,0.0,mesenchymal_tumor_class1,1,772.9616217785149
-219.92000000000002,-194.96000000000004,0.0,CAF,1,566.3046115682076
-282.43,192.24,0.0,epithelial_tumor_class1,1,1791.6091624609915
-496.561,296.95,0.0,CAF,1,586.6189951446091
457.65,-423.78999999999996,0.0,other_tissue,0,276.2057431540239
365.5,445.55,0.0,CAF,1,475.3810583292027
-220.16000000000003,-429.55999999999995,0.0,other_tissue,0,943.7791029207164
-20.970000000000027,-285.78999999999996,0.0,other_tissue,0,701.5006124953475
-83.89999999999998,-337.04999999999995,0.0,CD8_Tcell,1,414.5114175013988
307.70000000000005,-322.86,0.0,CD4_Tcell,1,501.56291023528837
446.69000000000005,327.84000000000003,0.0,CAF,1,504.33078746171066
-305.34000000000003,-249.58000000000004,0.0,other_tissue,0,435.6287967581848
474.28999999999996,-360.78,0.0,other_tissue,0,335.32038780167585
-287.15,-10.259999999999991,0.0,epithelial_tumor_class1_class2,1,771.5776020706036
284.47,147.82999999999998,0.0,other_tissue,0,704.0043767404444
155.52999999999997,-464.4,0.0,other_tissue,0,378.00030081696053
112.55999999999995,-216.73000000000002,0.0,other_tissue,0,370.9779100639553
-310.03,481.09,0.0,mesenchymal_tumor_class1,1,556.8574368475383
-199.57,-308.38,0.0,epithelial_tumor_class1,1,4588.011295165012
33.47000000000003,-108.40999999999997,0.0,other_tissue,0,288.88576806107795
260.25,-493.79999999999995,0.0,other_tissue,0,385.1107568383243
477.46000000000004,-302.26,0.0,other_tissue,0,534.6237139905228
-93.26999999999998,247.45,0.0,other_tissue,0,279.56243325730395
430.08000000000004,-71.13,0.0,other_tissue,0,663.3651487627658
-447.2,425.14,0.0,other_tissue,0,317.2842240176629
120.25999999999999,69.05000000000001,0.0,mesenchymal_tumor_class1,1,622.8911710071683
-437.94,-335.65999999999997,0.0,other_tissue,0,346.2200562139247
-465.38,54.50999999999999,0.0,other_tissue,0,696.9099703213358
70.60000000000002,437.07,0.0,other_tissue,0,447.56093709140964
-35.79000000000002,-124.33000000000004,0.0,other_tissue,0,192.67662649321915
158.72000000000003,-59.01999999999998,0.0,other_tissue,0,366.22943755602023
-342.7,28.529999999999973,0.0,mesenchymal_tumor_class1,1,734.6338169051227
-310.88,353.35,0.0,apCAF,1,487.7854320796441
-441.67,-366.53,0.0,other_tissue,0,562.2099043550842
442.36,-11.019999999999982,0.0,other_tissue,0,347.78421118570697
3.160000000000025,-295.98,0.0,other_tissue,0,460.35742220729287
-344.09000000000003,-249.39999999999998,0.0,other_tissue,0,388.61547697131874
218.73000000000002,486.36,0.0,epithelial_tumor_class1,1,2899.8370821115477
466.83000000000004,419.63,0.0,other_tissue,0,842.0692953887157
-410.06,81.11000000000001,0.0,other_tissue,0,1017.6551121360828
-32.24000000000001,-216.59000000000003,0.0,other_tissue,0,801.8877752013886
-233.89,-28.649999999999977,0.0,CAF,1,367.6050272002222
120.33000000000004,95.72000000000003,0.0,other_tissue,0,471.8843630886
-250.75,26.089999999999975,0.0,CAF,1,259.3819741810202
-66.45999999999998,206.2,0.0,other_tissue,0,979.1083307836136
149.79999999999995,-387.36,0.0,other_tissue,0,236.65459403054663
286.98,-416.83000000000004,0.0,other_tissue,0,526.762426641333
183.30999999999995,39.31,0.0,CAF,1,1255.607059719359
-149.82999999999998,-311.99,0.0,mesenchymal_tumor_class1,1,1367.9644302988934
177.51999999999998,-495.87,0.0,apCAF,1,464.2027896381448
-190.37,-214.88,0.0,other_tissue,0,329.8650489046907
412.65999999999997,265.0,0.0,other_tissue,0,838.774638592049
-332.65,334.1,0.0,CAF,1,935.8911179738179
212.16999999999996,313.95,0.0,epithelial_tumor_class1,1,592.8733116605439
467.02,314.95,0.0,mesenchymal_tumor_class1_class2,1,263.95204170312377
-382.07,86.02999999999997,0.0,other_tissue,0,229.41207097184179
-452.1,-470.53,0.0,CAF,1,857.3184100033163
66.07000000000005,203.45999999999998,0.0,other_tissue,0,1221.229406005376
-63.879999999999995,-346.88,0.0,other_tissue,0,1157.8755239050006
-111.64999999999998,162.63,0.0,other_tissue,0,1025.380628408495
-478.61,-241.66999999999996,0.0,other_tissue,0,338.9277997365923
-194.02999999999997,394.24,0.0,other_tissue,0,720.5893855924948
66.62,-189.26999999999998,0.0,apCAF,1,294.23346676614415
-293.33000000000004,-267.17999999999995,0.0,other_tissue,0,625.6464109008471
-89.72000000000003,287.36,0.0,other_tissue,0,914.1299372893058
-423.42,-185.01,0.0,CAF,1,307.40019352918677
183.52999999999997,146.66000000000003,0.0,CD8_Tcell,1,905.6158625937192
-433.46,-344.94000000000005,0.0,other_tissue,0,937.5346698427342
223.58000000000004,389.22,0.0,other_tissue,0,367.0841294659297
35.00999999999999,-164.45000000000005,0.0,apCAF,1,187.51264061376838
-66.33999999999997,-297.21000000000004,0.0,other_tissue,0,514.1993937661122
-27.889999999999986,-129.02999999999997,0.0,other_tissue,0,451.27790320271527
28.42999999999995,294.45,0.0,CAF,1,266.0769761674871
429.72,216.57999999999998,0.0,other_tissue,0,410.10456112522303
-239.12,-433.53,0.0,CD8_Tcell,1,1043.0114708648252
-114.67000000000002,461.90999999999997,0.0,other_tissue,0,640.1370345672333
-325.52,-160.37,0.0,epithelial_tumor_class1_class2,1,1569.393171924046
-161.39999999999998,-383.40999999999997,0.0,other_tissue,0,376.8637497493285
467.88,-259.64,0.0,other_tissue,0,579.884139574846
-312.02,82.05000000000001,0.0,apCAF,1,541.4215949876793
-282.90999999999997,-214.94000000000005,0.0,other_tissue,0,628.445244013671
-285.69,115.58999999999997,0.0,other_tissue,0,542.9650523711562
-245.43,14.490000000000009,0.0,other_tissue,0,282.67534113232944
462.33000000000004,-379.49,0.0,other_tissue,0,703.8130400081269
-447.36,-431.64,0.0,apCAF,1,626.7614030166579
-89.27999999999997,138.47000000000003,0.0,CAF,1,964.5894360408361
-11.430000000000007,207.94,0.0,other_tissue,0,405.51705664718315
490.62,124.5,0.0,other_tissue,0,476.73733752478523
188.60000000000002,-471.91999999999996,0.0,CD4_Tcell,1,677.534526441247
79.75999999999999,-494.64,0.0,other_tissue,0,287.68284099833846
377.30999999999995,-448.97,0.0,epithelial_tumor_class1,1,1767.7467653358506
-87.56,443.79,0.0,CAF,1,232.24174092378212
-243.66000000000003,-406.45000000000005,0.0,other_tissue,0,636.2834251334141
325.94000000000005,6.910000000000025,0.0,epithelial_tumor_class1,1,7741.03554065621
-442.44,114.98000000000002,0.0,epithelial_tumor_class1_class2,1,2586.083635988721
278.71000000000004,-297.61,0.0,other_tissue,0,1160.9977992325146
-464.03,-337.64,0.0,other_tissue,0,477.6971317899388
-187.26,-49.07000000000005,0.0,other_tissue,0,486.93188388781175
-493.05,119.75,0.0,epithelial_tumor_class1_class2,1,4866.525790822426
376.51,232.07,0.0,other_tissue,0,381.4109428347204
5.339999999999975,100.41000000000003,0.0,other_tissue,0,562.6053008506592
-102.01999999999998,-224.49,0.0,CAF,1,974.1100562952698
184.83000000000004,-413.01,0.0,apCAF,1,1043.707939438229
-287.48,-334.03999999999996,0.0,other_tissue,0,436.5882699510852
419.05999999999995,198.07,0.0,other_tissue,0,467.82175003930365
440.87,-310.40999999999997,0.0,CAF,1,1255.607059719359
223.86,71.01999999999998,0.0,other_tissue,0,791.9737551839945
-476.37,-91.62,0.0,other_tissue,0,448.48117407651455
389.75,-487.74,0.0,CD4_Tcell,1,242.7848061099127
-347.56,283.40999999999997,0.0,mesenchymal_tumor_class1,1,1167.6613150399278
483.07000000000005,384.88,0.0,other_tissue,0,490.57763163180874
242.98000000000002,153.05,0.0,epithelial_tumor_class1,1,1574.787319430671
-38.94999999999999,50.72000000000003,0.0,other_tissue,0,448.73623176753483
-110.04000000000002,3.7799999999999727,0.0,other_tissue,0,488.29504071258793
193.78999999999996,178.29000000000002,0.0,other_tissue,0,226.95616925834622
190.32000000000005,-93.24000000000001,0.0,other_tissue,0,464.94249711579306
-311.74,-67.92999999999995,0.0,other_tissue,0,308.1276546027091
65.26999999999998,20.970000000000027,0.0,other_tissue,0,418.51665690888416
485.67999999999995,196.06,0.0,other_tissue,0,285.9896654105352
32.620000000000005,357.33000000000004,0.0,other_tissue,0,467.8508938776165
252.26,172.68,0.0,epithelial_tumor_class1,1,606.7200362889172
-59.02999999999997,260.83000000000004,0.0,other_tissue,0,470.7421291923928
263.90999999999997,-324.1,0.0,other_tissue,0,399.7948629841009
-315.74,-487.78,0.0,other_tissue,0,607.8471345451703
-365.95,355.66999999999996,0.0,other_tissue,0,393.2695053892254
-301.55,-114.33000000000004,0.0,other_tissue,0,423.4877893865834
-52.49000000000001,119.08999999999997,0.0,other_tissue,0,1221.229406005376
-473.2,385.23,0.0,CD4_Tcell,1,318.9180221764449
-411.27,-332.46000000000004,0.0,other_tissue,0,333.7007855604829
395.79999999999995,-425.07000000000005,0.0,CD4_Tcell,1,620.0561166076113
-465.38,-446.61,0.0,other_tissue,0,452.4596932271119
-430.25,377.03,0.0,other_tissue,0,618.7910549296226
312.22,-46.059999999999945,0.0,other_tissue,0,1221.229406005376
-326.76,299.18,0.0,mesenchymal_tumor_class1_class2,1,205.50226722305842
159.97000000000003,206.95,0.0,other_tissue,0,297.19563456465727
-385.47,-77.96000000000004,0.0,CD4_Tcell,1,294.0088937293135
5.389999999999986,-309.07000000000005,0.0,other_tissue,0,518.6039028993869
-306.23,-436.66999999999996,0.0,other_tissue,0,533.8595489882347
301.41999999999996,-481.59000000000003,0.0,CD4_Tcell,1,396.19705797284035
-317.90999999999997,354.18,0.0,other_tissue,0,333.5728387532657
-430.38,93.20999999999998,0.0,other_tissue,0,341.96943133670226
44.83000000000004,286.68,0.0,other_tissue,0,489.40541558776
-107.52999999999997,-240.63,0.0,other_tissue,0,1221.229406005376
-330.27,157.73000000000002,0.0,other_tissue,0,1066.6889979650855
-59.19999999999999,309.03999999999996,0.0,other_tissue,0,344.4229257624536
-302.08000000000004,207.82999999999998,0.0,mesenchymal_tumor_class1,1,418.0838812280755
66.57000000000005,-473.95000000000005,0.0,apCAF,1,182.86209338248344
329.15999999999997,-121.04999999999995,0.0,other_tissue,0,1221.229406005376
374.78,-193.76999999999998,0.0,other_tissue,0,1221.229406005376
226.55999999999995,-439.08000000000004,0.0,other_tissue,0,373.75625933258704
-188.82,126.37,0.0,other_tissue,0,470.94700965113134
337.15,-462.72,0.0,other_tissue,0,1221.229406005376
-444.9,339.65,0.0,mesenchymal_tumor_class1,1,630.5587278623109
-417.39,-393.61,0.0,other_tissue,0,1221.229406005376
379.35,344.7,0.0,mesenchymal_tumor_class1_class2,1,1906.5897307366151
299.1,262.31,0.0,CAF,1,718.8998828753846
-278.53,483.24,0.0,other_tissue,0,190.3708624589533
217.78999999999996,-434.03999999999996,0.0,other_tissue,0,233.49559834412116
472.07000000000005,-293.6,0.0,other_tissue,0,393.41229377452123
-154.08999999999997,-211.09000000000003,0.0,mesenchymal_tumor_class1_class2,1,279.10780428163406
49.08000000000004,26.139999999999986,0.0,other_tissue,0,879.4364255985417
-260.37,13.420000000000016,0.0,other_tissue,0,682.6394819365885
471.86,248.18,0.0,CAF,1,1159.6361182551977
234.07000000000005,-495.16999999999996,0.0,other_tissue,0,537.2401126036356
-297.46000000000004,284.61,0.0,CAF,1,1229.1445936653981
301.51,291.09000000000003,0.0,CAF,1,767.4557258816174
101.54999999999995,-391.1,0.0,other_tissue,0,302.8740348072677
134.57000000000005,-23.980000000000018,0.0,mesenchymal_tumor_class1_class2,1,904.7786842338603
-53.879999999999995,-283.5,0.0,other_tissue,0,679.4201959910336
21.480000000000018,310.26,0.0,other_tissue,0,708.7990723921072
97.24000000000001,175.04000000000002,0.0,CAF,1,276.5237752157322
200.19000000000005,-4.410000000000025,0.0,other_tissue,0,989.5402406656879
23.269999999999982,-97.91999999999996,0.0,other_tissue,0,428.0447670502869
294.23,-467.30999999999995,0.0,apCAF,1,490.53251182513657
206.90999999999997,-390.63,0.0,other_tissue,0,411.7216697368386
340.69000000000005,149.35000000000002,0.0,apCAF,1,429.8876904795095
56.76999999999998,-187.14,0.0,other_tissue,0,301.3498875361294
-352.56,-87.97000000000003,0.0,other_tissue,0,344.73192115723566
358.23,-338.21000000000004,0.0,other_tissue,0,1031.3669547398902
295.58000000000004,-331.91999999999996,0.0,other_tissue,0,405.59654555033757
-88.76999999999998,-309.22,0.0,apCAF,1,439.08390384745155
168.11,194.57,0.0,other_tissue,0,866.4501576442649
441.36,-359.51,0.0,other_tissue,0,346.6375001134495
476.54999999999995,162.22000000000003,0.0,mesenchymal_tumor_class1,1,338.8690322443694
-342.68,-193.89999999999998,0.0,other_tissue,0,382.41646405850156
482.0,-334.92999999999995,0.0,CD8_Tcell,1,716.0125047338081
300.92999999999995,-433.86,0.0,other_tissue,0,1221.229406005376
217.05999999999995,-102.86000000000001,0.0,other_tissue,0,285.84274752323046
-215.35000000000002,145.85000000000002,0.0,other_tissue,0,598.4056111412133
-237.99,-139.04999999999995,0.0,other_tissue,0,993.79627019234
181.34000000000003,112.97000000000003,0.0,epithelial_tumor_class1_class2,1,2357.335158353794
-328.73,-307.78,0.0,other_tissue,0,575.0550570489692
304.16999999999996,-116.39999999999998,0.0,other_tissue,0,501.91406634818173
-120.0,259.62,0.0,other_tissue,0,175.87200637282706
54.58000000000004,102.47000000000003,0.0,CD4_Tcell,1,332.5968686849386
-21.94999999999999,164.89999999999998,0.0,other_tissue,0,391.84352131981694
486.90999999999997,-284.29999999999995,0.0,other_tissue,0,678.3929129782139
-98.97000000000003,-238.54999999999995,0.0,other_tissue,0,489.78092228930217
175.72000000000003,-82.62,0.0,other_tissue,0,324.2865567520129
-323.68,-174.64999999999998,0.0,other_tissue,0,503.2744320219794
-119.63,-171.92999999999995,0.0,other_tissue,0,693.4185960144474
316.82000000000005,-330.90999999999997,0.0,other_tissue,0,1221.229406005376
-276.89,-178.20000000000005,0.0,other_tissue,0,1221.229406005376
-460.56,367.15999999999997,0.0,other_tissue,0,204.149564394538
-211.95999999999998,-157.39,0.0,CAF,1,487.7404836427197
-433.88,383.23,0.0,other_tissue,0,474.98350868199697
-476.15,-284.55999999999995,0.0,other_tissue,0,638.7192542163693
-480.85,-36.139999999999986,0.0,other_tissue,0,883.6602386413304
297.73,-46.10000000000002,0.0,epithelial_tumor_class1,1,1115.7898410296802
-286.32,-444.78999999999996,0.0,other_tissue,0,449.09063896018193
91.71000000000004,405.76,0.0,other_tissue,0,632.9977599124137
-202.98000000000002,258.15999999999997,0.0,other_tissue,0,900.2623264462695
-91.61000000000001,386.95,0.0,CAF,1,1158.1421659995306
136.65999999999997,236.76,0.0,epithelial_tumor_class1_class2,1,7010.573588422428
-315.9,-174.34000000000003,0.0,other_tissue,0,931.5484570766095
-127.94,-382.53,0.0,other_tissue,0,750.8553101305137
268.33000000000004,-284.64,0.0,CAF,1,410.7589121414584
-376.1,257.39,0.0,mesenchymal_tumor_class1,1,903.3544058141424
-140.47000000000003,-349.08000000000004,0.0,other_tissue,0,716.8837152460616
-214.17000000000002,-185.22000000000003,0.0,other_tissue,0,278.76715619468183
-369.8,47.30000000000001,0.0,other_tissue,0,1140.3410980310882
394.13,-78.17999999999995,0.0,other_tissue,0,757.4865350312459
-52.48000000000002,314.93,0.0,other_tissue,0,346.0293363929022
238.27999999999997,-128.10000000000002,0.0,other_tissue,0,468.9738522153146
-441.71,460.35,0.0,CAF,1,582.62920849775
-267.64,440.54,0.0,apCAF,1,795.0825111493328
447.98,157.05,0.0,mesenchymal_tumor_class1_class2,1,145.72653147625923
442.52,168.58999999999997,0.0,other_tissue,0,1093.9792879895779
219.45000000000005,119.79000000000002,0.0,other_tissue,0,1221.229406005376
355.1,387.63,0.0,apCAF,1,968.9157202045687
-196.51,334.19,0.0,other_tissue,0,374.9242729645635
-176.39,-246.76999999999998,0.0,other_tissue,0,773.2467723080492
402.97,-173.29999999999995,0.0,other_tissue,0,385.08515929608643
-445.53,-495.20000000000005,0.0,other_tissue,0,470.1424639729731
-153.13,417.37,0.0,other_tissue,0,302.4707260253279
-49.860000000000014,232.74,0.0,apCAF,1,367.6050272002222
287.83000000000004,258.69,0.0,apCAF,1,175.78093996356932
-466.01,-391.46000000000004,0.0,other_tissue,0,522.6254855650058
232.41999999999996,-87.67999999999995,0.0,CAF,1,655.1962007726678
-109.91000000000003,109.22000000000003,0.0,other_tissue,0,201.8611195616148
53.789999999999964,173.77999999999997,0.0,mesenchymal_tumor_class1,1,420.6985914038775
121.90999999999997,-202.07000000000005,0.0,other_tissue,0,202.82785114555827
-377.56,-334.59000000000003,0.0,mesenchymal_tumor_class1_class2,1,511.2563389685437
-152.11,242.82999999999998,0.0,other_tissue,0,265.4373042561563
-421.49,421.40999999999997,0.0,CAF,1,200.3671082319905
-230.77999999999997,343.71000000000004,0.0,other_tissue,0,296.2275363326184
44.52999999999997,7.339999999999975,0.0,other_tissue,0,344.9221639956491
-192.89999999999998,-194.07000000000005,0.0,mesenchymal_tumor_class1,1,859.2401255998511
0.7200000000000273,76.81,0.0,other_tissue,0,696.9099703213358
244.08000000000004,361.01,0.0,mesenchymal_tumor_class1,1,478.4806860152412
-227.27999999999997,499.8672,0.0,apCAF,1,424.4430143819393
-96.64999999999998,289.21000000000004,0.0,other_tissue,0,341.0243515708805
114.16999999999996,403.18,0.0,other_tissue,0,1102.7568212927515
-348.12,-300.15,0.0,other_tissue,0,826.0224942849331
54.120000000000005,-334.12,0.0,other_tissue,0,337.65993277736453
34.34000000000003,111.06,0.0,other_tissue,0,362.4550506506971
-135.62,-343.03,0.0,apCAF,1,795.0825111493328
19.730000000000018,401.13,0.0,other_tissue,0,430.28722713388913
446.01,-42.360000000000014,0.0,mesenchymal_tumor_class1,1,261.89783362199944
-64.43,24.269999999999982,0.0,other_tissue,0,183.71251661800574
-230.18,-156.89,0.0,other_tissue,0,383.6024418224394
450.86,-382.67999999999995,0.0,other_tissue,0,343.66310847612846
25.00999999999999,23.529999999999973,0.0,other_tissue,0,311.1155831333071
-470.28,276.52,0.0,other_tissue,0,704.2531663311341
-246.92,-416.07000000000005,0.0,other_tissue,0,350.52980028265864
309.23,181.87,0.0,other_tissue,0,405.8483289379793
17.970000000000027,14.95999999999998,0.0,other_tissue,0,623.2615965650017
-420.84000000000003,-117.21000000000004,0.0,epithelial_tumor_class1_class2,1,1580.6531143577279
446.4,-409.54999999999995,0.0,other_tissue,0,1220.7569191728974
-496.42,31.25999999999999,0.0,mesenchymal_tumor_class1,1,813.000001865081
159.86,68.42000000000002,0.0,other_tissue,0,442.26241206462225
322.41999999999996,160.08999999999997,0.0,other_tissue,0,348.2148789669862
-129.16000000000003,-305.33000000000004,0.0,mesenchymal_tumor_class1,1,740.3576979528553
480.92999999999995,-255.5,0.0,other_tissue,0,821.7299682794239
-270.76,-322.61,0.0,other_tissue,0,847.9910697007367
374.80999999999995,-130.84000000000003,0.0,other_tissue,0,1221.229406005376
154.30999999999995,-143.94000000000005,0.0,other_tissue,0,565.2294860266993
408.29999999999995,112.81,0.0,other_tissue,0,711.1467669624789
-485.7,-482.78999999999996,0.0,other_tissue,0,465.07311524694495
78.78999999999996,59.79000000000002,0.0,apCAF,1,949.0233872711048
-267.22,66.01999999999998,0.0,epithelial_tumor_class1_class2,1,1272.0286998261124
126.26999999999998,245.12,0.0,apCAF,1,608.3851649657878
409.70000000000005,-471.78,0.0,other_tissue,0,1221.229406005376
370.84000000000003,-418.29999999999995,0.0,CD4_Tcell,1,397.17612769024294
-375.29,137.44,0.0,other_tissue,0,403.85018784366235
427.39,-380.03,0.0,other_tissue,0,1221.229406005376
370.62,-443.05999999999995,0.0,other_tissue,0,508.60180342089586
288.15999999999997,-386.77,0.0,other_tissue,0,1221.229406005376
449.32000000000005,-204.0,0.0,other_tissue,0,813.6109737848203
256.75,377.09000000000003,0.0,other_tissue,0,260.8105751677222
-344.6,-341.21000000000004,0.0,other_tissue,0,293.7096408069469
370.0,-383.77,0.0,other_tissue,0,1121.39179562658
265.72,386.77,0.0,other_tissue,0,843.9897581410625
209.75,366.57,0.0,other_tissue,0,219.94034816004748
94.29999999999995,395.72,0.0,other_tissue,0,1153.8010017093075
-349.6,8.110000000000014,0.0,mesenchymal_tumor_class1_class2,1,1673.0524763184283
-259.77,-338.91999999999996,0.0,other_tissue,0,331.5069709178855
-141.43,-257.29999999999995,0.0,mesenchymal_tumor_class1,1,585.2306552577401
103.57000000000005,-152.87,0.0,other_tissue,0,672.8449072407923
-402.22,331.71000000000004,0.0,other_tissue,0,508.6942484621879
-485.81,158.88,0.0,other_tissue,0,1221.229406005376
-491.841,432.53,0.0,apCAF,1,1229.1445936653981
36.25999999999999,333.81,0.0,CAF,1,284.4913712410212
-354.61,-286.24,0.0,epithelial_tumor_class1_class2,1,695.0869252553682
491.34000000000003,-302.07000000000005,0.0,other_tissue,0,371.55246919776135
25.389999999999986,-288.40999999999997,0.0,other_tissue,0,281.54165956983223
-217.45,124.24000000000001,0.0,other_tissue,0,771.6589692248608
146.96000000000004,-74.29999999999995,0.0,other_tissue,0,395.4931249578927
269.69000000000005,-381.52,0.0,other_tissue,0,657.7531799073446
-32.70999999999998,-419.47,0.0,other_tissue,0,352.95155952367844
326.47,-90.27999999999997,0.0,other_tissue,0,593.2009223693223
-225.92000000000002,190.19,0.0,other_tissue,0,856.554888448772
448.89,-69.0,0.0,mesenchymal_tumor_class1,1,467.0207686967637
-193.44,318.58000000000004,0.0,other_tissue,0,445.0896347025326
440.12,198.95999999999998,0.0,other_tissue,0,905.0275211806841
-42.839999999999975,-401.80999999999995,0.0,other_tissue,0,500.1446881925057
247.79999999999995,-115.88,0.0,other_tissue,0,622.3798722830505
15.629999999999995,-31.440000000000055,0.0,other_tissue,0,228.94119744029166
167.11,-7.2099999999999795,0.0,other_tissue,0,633.3008514439539
-456.59000000000003,340.4,0.0,other_tissue,0,853.6358819091328
-109.51999999999998,20.829999999999984,0.0,other_tissue,0,347.33000280821767
300.87,27.20999999999998,0.0,other_tissue,0,1202.2635559242385
-200.5,-174.09000000000003,0.0,other_tissue,0,508.33993662771434
-75.22000000000003,-340.96000000000004,0.0,other_tissue,0,410.6386730773365
458.15,-403.78,0.0,CAF,1,881.3688128717076
166.98000000000002,-407.72,0.0,other_tissue,0,1101.1574268822765
99.54999999999995,368.58000000000004,0.0,other_tissue,0,430.3423550576087
-68.69,377.54,0.0,other_tissue,0,662.9054617563913
-402.74,298.96000000000004,0.0,other_tissue,0,379.30382171691633
-93.08999999999997,-368.44000000000005,0.0,other_tissue,0,572.9674721207646
-138.68,-305.80999999999995,0.0,mesenchymal_tumor_class1,1,753.2548885294044
-3.839999999999975,-296.98,0.0,other_tissue,0,410.0912142638293
261.15,-485.24,0.0,apCAF,1,1281.6251411997255
89.60000000000002,-242.61,0.0,other_tissue,0,323.7276322325106
-168.87,-249.91999999999996,0.0,apCAF,1,482.2179885007792
176.01999999999998,416.04,0.0,other_tissue,0,480.4359029484238
-306.38,-307.90999999999997,0.0,other_tissue,0,519.290953957616
-471.92,-453.49,0.0,other_tissue,0,1060.6672182273742
-286.45,-176.29999999999995,0.0,other_tissue,0,468.4194406754247
347.23,306.5,0.0,CAF,1,404.44497272529867
-468.22,179.26999999999998,0.0,epithelial_tumor_class1,1,1296.7705022379077
-483.71,295.72,0.0,other_tissue,0,237.30276792707633
421.15,-125.88999999999999,0.0,other_tissue,0,1221.229406005376
-471.35,67.92000000000002,0.0,apCAF,1,541.4215949876793
-368.45,-288.9,0.0,other_tissue,0,882.4361682664182
-318.85,-363.89,0.0,mesenchymal_tumor_class1,1,638.5399377571603
-307.49,-429.03999999999996,0.0,other_tissue,0,1221.229406005376
-99.62,-3.3999999999999773,0.0,CAF,1,274.1087639057301
-354.18,-102.12,0.0,CAF,1,420.35928552659544
-158.76999999999998,-336.37,0.0,other_tissue,0,448.65120179532306
-331.27,-230.82000000000005,0.0,other_tissue,0,866.6259780235574
-362.3,-397.86,0.0,mesenchymal_tumor_class1,1,773.2875138219142
92.32000000000005,165.57,0.0,other_tissue,0,519.806640278366
303.76,-467.28999999999996,0.0,other_tissue,0,436.4630414586988
-303.32,236.57999999999998,0.0,other_tissue,0,354.7660925648906
76.13999999999999,-98.84000000000003,0.0,other_tissue,0,381.2710735078309
-37.05000000000001,104.41000000000003,0.0,CAF,1,374.43416498627596
336.53,187.92000000000002,0.0,other_tissue,0,434.21302162840817
232.14,-435.11,0.0,other_tissue,0,280.4628113358472
349.97,273.82,0.0,apCAF,1,845.0483368221176
-323.09000000000003,-260.59000000000003,0.0,other_tissue,0,222.98503399208516
-268.90999999999997,232.64999999999998,0.0,other_tissue,0,871.1615485172767
-484.38,11.350000000000023,0.0,apCAF,1,678.4489198783708
-30.060000000000002,52.360000000000014,0.0,other_tissue,0,542.0000482583318
419.0,25.49000000000001,0.0,epithelial_tumor_class1,1,1632.257755190281
1.089999999999975,-436.63,0.0,other_tissue,0,385.43082183340056
24.66999999999996,-155.63,0.0,other_tissue,0,295.34732366901324
212.44000000000005,-80.5,0.0,other_tissue,0,693.8733298504565
337.90999999999997,-82.02999999999997,0.0,other_tissue,0,525.0137650191425
70.25999999999999,113.44999999999999,0.0,other_tissue,0,551.2788996900377
-490.926,-144.57000000000005,0.0,other_tissue,0,971.9968826891527
79.65999999999997,-430.53,0.0,CD4_Tcell,1,880.1246531341096
-356.44,-139.76999999999998,0.0,CD4_Tcell,1,344.7913645278065
-99.06,236.19,0.0,apCAF,1,302.6995870432087
-352.73,33.360000000000014,0.0,mesenchymal_tumor_class1,1,573.8352926444072
-149.12,230.16000000000003,0.0,other_tissue,0,984.9372892899772
-207.77999999999997,-191.88,0.0,other_tissue,0,330.6968935008813
-298.65,179.64,0.0,other_tissue,0,783.415109733909
180.95000000000005,92.16000000000003,0.0,epithelial_tumor_class1,1,592.8733116605439
310.72,-153.38,0.0,other_tissue,0,609.0277458011789
-318.78,-377.08000000000004,0.0,mesenchymal_tumor_class1,1,658.5581736964768
-285.33000000000004,-277.95000000000005,0.0,other_tissue,0,363.5131931583911
-479.82,-383.22,0.0,other_tissue,0,435.739967911056
-217.3,-71.88999999999999,0.0,CD4_Tcell,1,165.8229784627166
-355.63,-297.09000000000003,0.0,other_tissue,0,1221.229406005376
-250.42,-176.67999999999995,0.0,CAF,1,612.8578423101912
124.37,268.91999999999996,0.0,other_tissue,0,1049.1909838495449
243.89,106.95999999999998,0.0,other_tissue,0,775.6937969731591
-269.41999999999996,88.68,0.0,other_tissue,0,605.7674267132943
-214.87,-190.30999999999995,0.0,CAF,1,294.57589314999325
360.01,34.660000000000025,0.0,other_tissue,0,719.2298077678938
-112.35000000000002,-159.71000000000004,0.0,other_tissue,0,391.50697497344447
-385.92,-333.65,0.0,mesenchymal_tumor_class1,1,506.89358977064626
326.78,447.64,0.0,other_tissue,0,267.8514183567547
-35.48000000000002,286.24,0.0,other_tissue,0,229.20372043640933
-452.44,-403.27,0.0,other_tissue,0,403.4671911901796
-218.74,-126.28999999999996,0.0,other_tissue,0,1140.8954262223735
-66.67000000000002,-469.54999999999995,0.0,CD4_Tcell,1,520.463461941226
136.78999999999996,195.42000000000002,0.0,other_tissue,0,233.34893025899706
27.590000000000032,77.52999999999997,0.0,other_tissue,0,1221.229406005376
-244.06,177.81,0.0,CD8_Tcell,1,876.8200028780773
421.19000000000005,-57.42999999999995,0.0,other_tissue,0,515.7839984226472
-161.95,-353.79999999999995,0.0,other_tissue,0,452.1035155140554
322.46000000000004,-368.91999999999996,0.0,other_tissue,0,863.0702486583766
284.49,387.25,0.0,other_tissue,0,245.04081105725882
236.48000000000002,201.20999999999998,0.0,other_tissue,0,162.35883337968585
-449.89,-215.37,0.0,other_tissue,0,222.80725279976414
80.63,-34.26999999999998,0.0,other_tissue,0,1221.229406005376
68.27999999999997,-69.49000000000001,0.0,other_tissue,0,259.834619059805
-352.64,-405.03999999999996,0.0,other_tissue,0,823.9381195649024
-164.24,-392.0,0.0,other_tissue,0,317.4417261116205
-242.29000000000002,386.75,0.0,CAF,1,301.71956635922993
376.59000000000003,477.08,0.0,mesenchymal_tumor_class1,1,1966.2473178688974
154.21000000000004,-203.79999999999995,0.0,other_tissue,0,732.2150393190727
174.79999999999995,94.13999999999999,0.0,other_tissue,0,950.8459303949523
-464.68,229.39,0.0,epithelial_tumor_class1_class2,1,1628.9749282912949
-110.88999999999999,429.33,0.0,other_tissue,0,273.0591775977565
-353.9,-24.110000000000014,0.0,other_tissue,0,288.69560970408276
-19.600000000000023,-428.76,0.0,other_tissue,0,219.376970627943
-8.139999999999986,-130.37,0.0,CAF,1,319.32452206730693
-415.25,143.81,0.0,other_tissue,0,351.9742894046036
329.73,396.77,0.0,other_tissue,0,339.81012762084265
350.78999999999996,414.21,0.0,CAF,1,949.0233872711048
351.66999999999996,239.48000000000002,0.0,other_tissue,0,750.1563942993624
-295.57,-206.05999999999995,0.0,other_tissue,0,292.94106586275956
-432.02,-471.80999999999995,0.0,other_tissue,0,340.0574535433497
385.75,-476.13,0.0,CD4_Tcell,1,642.6186942530022
160.51,-36.559999999999945,0.0,other_tissue,0,638.4682205717021
-73.57,-272.87,0.0,other_tissue,0,1221.229406005376
397.47,-417.01,0.0,other_tissue,0,684.3655923871074
322.23,486.05,0.0,other_tissue,0,329.36891878573186
274.96000000000004,127.88999999999999,0.0,other_tissue,0,398.4840612001257
79.69000000000005,107.41000000000003,0.0,other_tissue,0,446.09117769597833
-27.04000000000002,68.80000000000001,0.0,CAF,1,776.2859348126132
68.53999999999996,-2.9399999999999977,0.0,other_tissue,0,344.0310052735203
-417.88,349.90999999999997,0.0,other_tissue,0,255.22476898426817
-141.88,-423.44000000000005,0.0,other_tissue,0,780.1114410314402
-149.07,70.13,0.0,mesenchymal_tumor_class1,1,507.90882258689766
-209.39,55.30000000000001,0.0,other_tissue,0,951.7112854266937
262.28,-75.11000000000001,0.0,other_tissue,0,463.4349057798071
-365.82,-49.870000000000005,0.0,CD4_Tcell,1,945.7812977951831
-308.57,-7.779999999999973,0.0,epithelial_tumor_class1,1,592.8733116605439
-354.44,-475.24,0.0,other_tissue,0,636.3907573761747
125.88,259.05,0.0,other_tissue,0,598.7147345112467
-460.86,491.888,0.0,CAF,1,396.6407032963289
380.21000000000004,424.76,0.0,other_tissue,0,335.71734557897116
185.58000000000004,447.74,0.0,other_tissue,0,154.27862228721204
371.15,-320.34000000000003,0.0,other_tissue,0,597.9078028825488
-13.639999999999986,-216.97000000000003,0.0,other_tissue,0,506.30967594880843
-212.0,-97.71000000000004,0.0,other_tissue,0,355.93065121582106
67.80999999999995,301.24,0.0,other_tissue,0,240.0473624094944
-129.92000000000002,-124.03999999999996,0.0,other_tissue,0,1221.229406005376
442.53999999999996,-348.5,0.0,other_tissue,0,798.5115270668822
231.78999999999996,121.63,0.0,other_tissue,0,445.30110326290156
-124.58999999999997,-342.99,0.0,other_tissue,0,282.1133211048249
303.70000000000005,186.99,0.0,other_tissue,0,607.6389498960522
169.86,-183.70000000000005,0.0,other_tissue,0,181.36274306551712
217.38,131.26999999999998,0.0,other_tissue,0,534.2733812429713
56.51999999999998,34.31999999999999,0.0,other_tissue,0,360.8104126052296
-193.13,36.45999999999998,0.0,mesenchymal_tumor_class1,1,855.2252632338586
252.72000000000003,84.57999999999998,0.0,other_tissue,0,709.1643567544814
-450.64,328.3,0.0,epithelial_tumor_class1,1,596.6559216799617
-8.699999999999989,-275.71000000000004,0.0,other_tissue,0,581.0956197343828
-202.08999999999997,280.37,0.0,other_tissue,0,464.6378165900254
-281.41999999999996,-235.27999999999997,0.0,other_tissue,0,383.66627343203646
-183.57999999999998,-176.98000000000002,0.0,other_tissue,0,481.90580595425865
-162.61,-160.39999999999998,0.0,other_tissue,0,883.860648774488
372.79999999999995,-373.84000000000003,0.0,other_tissue,0,433.50628582212994
471.63,-311.17999999999995,0.0,other_tissue,0,1205.6294249034095
243.07000000000005,131.94,0.0,CAF,1,1255.607059719359
-242.04000000000002,301.99,0.0,mesenchymal_tumor_class1,1,1313.200354174031
17.58000000000004,-304.33000000000004,0.0,other_tissue,0,1000.0218060601604
315.42999999999995,322.24,0.0,mesenchymal_tumor_class1,1,434.89276543153744
467.09000000000003,-0.5199999999999818,0.0,other_tissue,0,192.45891888557512
-336.72,-176.76999999999998,0.0,other_tissue,0,446.8680527584964
-33.829999999999984,46.55000000000001,0.0,other_tissue,0,367.1957089567124
-239.45999999999998,21.100000000000023,0.0,other_tissue,0,433.65865412194387
236.73000000000002,414.58,0.0,other_tissue,0,197.7293229832831
474.17999999999995,145.52999999999997,0.0,other_tissue,0,550.6451275452669
397.1,-216.14,0.0,apCAF,1,1281.6251411997255
463.57000000000005,246.73,0.0,CAF,1,626.460401735923
474.67999999999995,-4.990000000000009,0.0,other_tissue,0,818.9330008239613
298.66999999999996,-416.76,0.0,other_tissue,0,573.5181028563907
-254.37,-89.79999999999995,0.0,other_tissue,0,411.11977015798954
-153.36,172.5,0.0,CAF,1,1255.607059719359
-333.1,17.269999999999982,0.0,other_tissue,0,436.7274408113363
186.16999999999996,-204.88,0.0,other_tissue,0,378.4808632027892
322.96000000000004,321.21000000000004,0.0,CD4_Tcell,1,322.873379897082
118.62,223.16000000000003,0.0,other_tissue,0,692.093423874858
-337.89,181.88,0.0,other_tissue,0,413.061327049337
265.74,-348.88,0.0,other_tissue,0,682.2646250029132
-328.15,-183.51,0.0,other_tissue,0,315.3422456709933
175.57000000000005,261.94,0.0,CAF,1,458.9029202143843
411.71000000000004,398.08,0.0,other_tissue,0,747.6837257567012
-436.17,-259.16999999999996,0.0,other_tissue,0,384.54787289448126
-168.92000000000002,-213.54999999999995,0.0,mesenchymal_tumor_class1_class2,1,638.5040784931545
401.89,-291.67999999999995,0.0,other_tissue,0,1221.229406005376
459.75,268.12,0.0,other_tissue,0,1221.229406005376
375.70000000000005,-332.77,0.0,other_tissue,0,1042.1661756523629
292.87,209.41000000000003,0.0,other_tissue,0,304.8740505616729
452.9,-325.5,0.0,other_tissue,0,1221.229406005376
-86.63999999999999,-409.82000000000005,0.0,other_tissue,0,731.0959449888549
151.78999999999996,-267.94000000000005,0.0,other_tissue,0,323.8986633110932
129.78999999999996,-34.23000000000002,0.0,mesenchymal_tumor_class1,1,510.0359606598636
284.42999999999995,320.78,0.0,apCAF,1,966.6445846375175
-349.94,-470.77,0.0,other_tissue,0,402.57007982058036
-237.22000000000003,376.67,0.0,CD4_Tcell,1,1001.7153773595463
-0.7400000000000091,144.58999999999997,0.0,other_tissue,0,806.8442265588955
-165.19,202.2,0.0,other_tissue,0,555.2224110658817
-364.58000000000004,-257.38,0.0,mesenchymal_tumor_class1,1,451.53402005426943
-178.64,178.33999999999997,0.0,other_tissue,0,854.7896202582799
-384.32,-352.45000000000005,0.0,other_tissue,0,964.4714126502299
-1.579999999999984,374.71,0.0,other_tissue,0,277.2222488177207
-92.94,124.22000000000003,0.0,other_tissue,0,215.64278929611075
-159.27999999999997,-359.29999999999995,0.0,other_tissue,0,375.8679899977161
-195.62,120.16000000000003,0.0,other_tissue,0,373.9570348914769
-182.27999999999997,334.78,0.0,other_tissue,0,234.12880847582008
313.54999999999995,343.02,0.0,CD8_Tcell,1,613.2591861256926
181.47000000000003,231.98000000000002,0.0,other_tissue,0,766.5237493718323
27.870000000000005,434.94,0.0,apCAF,1,367.6050272002222
-399.09000000000003,128.99,0.0,other_tissue,0,1221.229406005376
299.07000000000005,234.14999999999998,0.0,CAF,1,1014.3072703710378
-151.72000000000003,214.33999999999997,0.0,other_tissue,0,368.9840570952158
-243.20999999999998,-483.6,0.0,other_tissue,0,208.62507458458524
-153.43,54.170000000000016,0.0,mesenchymal_tumor_class1,1,473.21930282935256
-19.639999999999986,-263.44000000000005,0.0,CD8_Tcell,1,237.78503392781255
-291.21000000000004,-450.52,0.0,other_tissue,0,308.7678852488944
-346.64,485.97,0.0,other_tissue,0,177.32571734101438
380.19000000000005,-114.41999999999996,0.0,other_tissue,0,599.5395839176529
56.26999999999998,200.2,0.0,mesenchymal_tumor_class1,1,385.3283817483995
20.50999999999999,96.95999999999998,0.0,other_tissue,0,1221.229406005376
-461.12,99.32,0.0,other_tissue,0,731.390332865276
133.03999999999996,392.84000000000003,0.0,CD4_Tcell,1,582.409959391312
-457.15,455.88,0.0,other_tissue,0,280.23494718070816
-309.55,-487.6,0.0,other_tissue,0,392.5431183428117
226.5,175.07,0.0,other_tissue,0,428.85555311322673
-409.11,-407.78,0.0,other_tissue,0,304.83024052429744
73.29999999999995,141.56,0.0,mesenchymal_tumor_class1,1,370.7407651214493
-273.1,-259.1,0.0,other_tissue,0,351.69712216708683
-483.17,-301.61,0.0,other_tissue,0,460.71792134692026
352.27,-313.98,0.0,other_tissue,0,1221.229406005376
44.34000000000003,399.81,0.0,CAF,1,248.30286480449504
-261.32,138.97000000000003,0.0,other_tissue,0,297.28178967204053
-394.1,-404.19000000000005,0.0,other_tissue,0,345.3980772753239
-313.07,-13.620000000000005,0.0,CAF,1,509.5884614561078
-268.73,-421.79999999999995,0.0,mesenchymal_tumor_class1_class2,1,940.572187066326
-270.37,-266.42999999999995,0.0,other_tissue,0,414.2291901088457
-229.7,-314.12,0.0,mesenchymal_tumor_class1,1,705.383024992678
179.33000000000004,-474.27,0.0,other_tissue,0,632.4987611663521
-144.02999999999997,2.5299999999999727,0.0,other_tissue,0,268.082573106329
-64.00999999999999,-79.88,0.0,other_tissue,0,211.3586791853262
-486.59,350.23,0.0,other_tissue,0,289.80604401127675
-58.829999999999984,49.02999999999997,0.0,other_tissue,0,261.12655755616515
203.28999999999996,292.82,0.0,other_tissue,0,892.0811705327297
-385.46,249.56,0.0,mesenchymal_tumor_class1_class2,1,702.0161690248224
157.79999999999995,349.5,0.0,apCAF,1,193.03983724147324
398.19000000000005,-371.62,0.0,other_tissue,0,521.7944364042986
-437.4,184.75,0.0,epithelial_tumor_class1,1,1559.5846967332425
178.55999999999995,-391.9,0.0,other_tissue,0,657.2046967873479
-302.93,-321.65,0.0,other_tissue,0,239.86062294913407
-470.36,132.51999999999998,0.0,CAF,1,1247.5195591237111
-99.33999999999997,-73.01999999999998,0.0,other_tissue,0,888.3220293893312
380.46000000000004,-251.28999999999996,0.0,other_tissue,0,1049.3657588514532
-218.98000000000002,-470.99,0.0,other_tissue,0,243.71761433643778
169.92999999999995,-44.84000000000003,0.0,other_tissue,0,447.0942220150839
-20.0,-215.61,0.0,other_tissue,0,282.17573095367425
-484.17,-460.86,0.0,mesenchymal_tumor_class1,1,381.983491746058
-214.64999999999998,-4.3799999999999955,0.0,CAF,1,443.09104819497975
-279.23,89.72000000000003,0.0,apCAF,1,626.460401735923
205.02999999999997,-142.32000000000005,0.0,other_tissue,0,325.61228841787056
-486.88,466.65,0.0,CAF,1,501.25769026116797
-408.17,-167.64999999999998,0.0,CD8_Tcell,1,348.37048521946554
199.75,254.88,0.0,other_tissue,0,1031.8853825835772
-12.680000000000007,-54.370000000000005,0.0,other_tissue,0,547.8720141942043
-86.95999999999998,-213.90999999999997,0.0,other_tissue,0,317.9933939010928
-145.52999999999997,256.47,0.0,other_tissue,0,175.53824990486117
-315.96000000000004,-164.53999999999996,0.0,apCAF,1,366.27894865011046
-56.360000000000014,407.09000000000003,0.0,other_tissue,0,922.4222301131941
36.48000000000002,-181.51,0.0,other_tissue,0,353.2656342487801
-337.7,-186.74,0.0,other_tissue,0,375.3141509133543
-240.87,-266.44000000000005,0.0,other_tissue,0,561.057722807839
222.66999999999996,377.51,0.0,other_tissue,0,137.7929907732725
428.05999999999995,-87.00999999999999,0.0,other_tissue,0,738.993123387362
492.15999999999997,66.37,0.0,mesenchymal_tumor_class1,1,1010.6501796856647
332.65999999999997,302.25,0.0,CAF,1,411.1866189009738
-310.88,-493.41999999999996,0.0,other_tissue,0,748.381105135134
244.59000000000003,330.5,0.0,other_tissue,0,445.7101323877892
167.04999999999995,117.73000000000002,0.0,apCAF,1,367.8408332065012
50.210000000000036,202.8,0.0,mesenchymal_tumor_class1,1,375.3770597551464
20.139999999999986,-431.78999999999996,0.0,other_tissue,0,216.52219286042916
129.05999999999995,18.610000000000014,0.0,other_tissue,0,306.16833581485776
355.4,-144.73000000000002,0.0,CAF,1,573.0508783556577
-257.90999999999997,48.589999999999975,0.0,CAF,1,276.2057431540239
324.79999999999995,-67.09000000000003,0.0,epithelial_tumor_class1,1,1396.0744729811202
1.7200000000000273,0.75,0.0,other_tissue,0,1039.8563780062095
-380.51,60.06,0.0,other_tissue,0,1221.229406005376
-418.37,-494.53,0.0,other_tissue,0,313.1851307019793
113.09000000000003,-398.64,0.0,other_tissue,0,717.8719411493337
412.45000000000005,298.36,0.0,other_tissue,0,351.2515498165935
357.37,-488.94000000000005,0.0,CD4_Tcell,1,1306.605850417628
-341.45,286.15,0.0,mesenchymal_tumor_class1,1,514.3235590281816
43.89999999999998,-209.29999999999995,0.0,other_tissue,0,530.5090422914983
-76.85000000000002,0.8199999999999932,0.0,other_tissue,0,225.59141908501832
-193.0,-143.11,0.0,epithelial_tumor_class1_class2,1,957.6660084905036
143.72000000000003,237.47000000000003,0.0,epithelial_tumor_class1_class2,1,1670.6001363008606
-280.14,475.96,0.0,other_tissue,0,328.24006300507017
-15.649999999999977,-419.52,0.0,CD4_Tcell,1,369.2453419924134
-44.06,-193.46000000000004,0.0,other_tissue,0,199.29269697231567
-383.79,150.22000000000003,0.0,other_tissue,0,339.9867767525477
343.53999999999996,-289.29999999999995,0.0,other_tissue,0,1221.229406005376
387.55999999999995,-436.77,0.0,other_tissue,0,519.9317065371448
-207.63,151.08999999999997,0.0,other_tissue,0,665.7220759759786
-229.45,392.2,0.0,other_tissue,0,420.2507461899398
336.77,-453.08000000000004,0.0,other_tissue,0,946.6202659611855
-20.189999999999998,-349.49,0.0,other_tissue,0,973.1836822781863
-371.43,264.07,0.0,mesenchymal_tumor_class1,1,619.9506290071897
-278.46000000000004,-455.1,0.0,other_tissue,0,341.6739065930101
441.55999999999995,289.76,0.0,CD4_Tcell,1,322.12288209702933
140.47000000000003,16.75999999999999,0.0,other_tissue,0,506.50938544912685
150.33000000000004,-161.64999999999998,0.0,other_tissue,0,342.41895523073146
141.23000000000002,-359.01,0.0,other_tissue,0,239.04943319259155
-468.59,489.96,0.0,other_tissue,0,525.155404007353
488.69000000000005,9.370000000000005,0.0,mesenchymal_tumor_class1,1,440.6082404004264
128.22000000000003,-335.51,0.0,other_tissue,0,366.39036492673534
328.66999999999996,-349.45000000000005,0.0,other_tissue,0,475.32214809330196
456.84000000000003,499.2965,0.0,CAF,1,559.0862187068395
-479.87,258.58000000000004,0.0,other_tissue,0,940.665038760469
-469.91,43.610000000000014,0.0,other_tissue,0,522.2804147273403
-16.20999999999998,-116.13,0.0,other_tissue,0,280.48353238185496
-30.779999999999973,-299.78,0.0,apCAF,1,1014.3072703710378
-57.79000000000002,-250.84000000000003,0.0,other_tissue,0,345.73147691093374
-307.90999999999997,-146.39,0.0,apCAF,1,293.399914420064
-100.86000000000001,3.4599999999999795,0.0,other_tissue,0,331.9472807134047
368.6,-230.41999999999996,0.0,other_tissue,0,773.0023532756754
264.20000000000005,-97.16999999999996,0.0,other_tissue,0,892.1708029096338
161.60000000000002,293.27,0.0,epithelial_tumor_class1,1,748.5206330271
105.97000000000003,316.41999999999996,0.0,other_tissue,0,431.1284396661432
-130.24,-243.55999999999995,0.0,other_tissue,0,394.3737686209404
280.34000000000003,-84.61000000000001,0.0,other_tissue,0,173.7477766470044
153.17999999999995,208.45999999999998,0.0,other_tissue,0,233.03746453438734
-237.13,59.05000000000001,0.0,epithelial_tumor_class1,1,1178.4460313230084
327.33000000000004,365.03999999999996,0.0,other_tissue,0,525.8482279981355
386.15,-63.309999999999945,0.0,other_tissue,0,434.89276543153744
-453.81,20.45999999999998,0.0,apCAF,1,626.460401735923
-292.52,-156.44000000000005,0.0,other_tissue,0,1221.229406005376
-109.48000000000002,241.37,0.0,other_tissue,0,576.7120179711975
-321.21000000000004,-470.49,0.0,other_tissue,0,389.49174285997634
416.9,308.15,0.0,CD4_Tcell,1,1306.605850417628
-464.1,71.70999999999998,0.0,other_tissue,0,814.0957553165184
-200.52999999999997,76.67000000000002,0.0,other_tissue,0,474.9099127083007
-112.13999999999999,-58.40999999999997,0.0,other_tissue,0,404.03516949596127
429.87,-29.57000000000005,0.0,other_tissue,0,763.7121447384833
-342.49,227.79000000000002,0.0,mesenchymal_tumor_class1,1,595.5255890891973
413.71000000000004,-153.61,0.0,other_tissue,0,302.12220729133776
365.25,-419.69000000000005,0.0,CD4_Tcell,1,282.581619340122
-271.9,433.17,0.0,other_tissue,0,360.77364940234315
-296.56,-445.0,0.0,other_tissue,0,429.41958324815386
-473.22,258.78,0.0,apCAF,1,319.32452206730693
-456.81,-168.51999999999998,0.0,CD8_Tcell,1,1472.0235171670822
262.90999999999997,-381.73,0.0,other_tissue,0,244.38806718028565
-98.99000000000001,189.18,0.0,other_tissue,0,901.1192752140745
434.57000000000005,44.860000000000014,0.0,epithelial_tumor_class1,1,7311.399816982129
318.28,-389.88,0.0,other_tissue,0,301.5564355146777
-488.51,58.420000000000016,0.0,other_tissue,0,525.1711432450193
-495.532,-369.14,0.0,other_tissue,0,715.2386881956547
-37.360000000000014,-5.079999999999984,0.0,other_tissue,0,376.3215361195685
68.62,-493.67999999999995,0.0,other_tissue,0,504.9745095691344
-182.62,327.2,0.0,other_tissue,0,667.6042442330655
419.41999999999996,325.85,0.0,mesenchymal_tumor_class1_class2,1,106.52872372464805
-150.64,-98.03999999999996,0.0,other_tissue,0,256.41355103115325
-437.58,375.03,0.0,apCAF,1,648.9777515753811
348.27,-421.82000000000005,0.0,other_tissue,0,360.4796336750089
-336.96000000000004,-483.66999999999996,0.0,other_tissue,0,442.68362324806185
-465.57,-77.29999999999995,0.0,other_tissue,0,695.7891801897221
289.53,345.25,0.0,other_tissue,0,233.46809339820373
-208.36,-207.36,0.0,other_tissue,0,491.3300357946348
-499.8698,-102.63999999999999,0.0,epithelial_tumor_class1,1,1445.3000923760903
-229.62,-449.99,0.0,other_tissue,0,256.63807842384495
-317.5,105.54000000000002,0.0,other_tissue,0,462.5377018399665
386.41999999999996,-118.70000000000005,0.0,mesenchymal_tumor_class1,1,554.2755642070924
128.59000000000003,138.73000000000002,0.0,other_tissue,0,227.43332713991177
-172.44,-340.15,0.0,other_tissue,0,1087.8039850346918
487.57000000000005,298.9,0.0,mesenchymal_tumor_class1_class2,1,1049.4656389950005
-174.22000000000003,305.26,0.0,other_tissue,0,287.00897945485235
-400.28,280.16999999999996,0.0,CAF,1,193.8324083787538
359.91999999999996,-61.91999999999996,0.0,other_tissue,0,1221.229406005376
-297.15,-193.87,0.0,CD4_Tcell,1,374.25833302625307
37.67999999999995,288.26,0.0,other_tissue,0,196.23129727362556
-276.39,-37.59000000000003,0.0,other_tissue,0,484.70538360925747
341.11,-344.6,0.0,CD8_Tcell,1,678.056936304347
85.75,-152.79999999999995,0.0,other_tissue,0,263.6934374828552
332.44000000000005,-170.07000000000005,0.0,other_tissue,0,244.7001042171974
371.96000000000004,-80.65999999999997,0.0,other_tissue,0,828.8782430010648
-72.05000000000001,-291.05999999999995,0.0,other_tissue,0,253.71973809239307
-339.88,-123.91999999999996,0.0,apCAF,1,396.6407032963289
-148.51,485.51,0.0,other_tissue,0,167.50724067978382
335.91999999999996,-209.25,0.0,other_tissue,0,505.6955144510604
-438.63,252.99,0.0,epithelial_tumor_class1_class2,1,684.7054500702693
-43.50999999999999,477.09,0.0,other_tissue,0,637.0350043188145
452.95000000000005,201.36,0.0,apCAF,1,227.9201753607413
66.14999999999998,-283.14,0.0,other_tissue,0,873.4573502546922
-189.77999999999997,438.59000000000003,0.0,CAF,1,170.2554270282057
-301.75,-127.87,0.0,other_tissue,0,321.55509806430524
101.75,426.48,0.0,epithelial_tumor_class1,1,7741.03554065621
-303.74,-221.64999999999998,0.0,other_tissue,0,261.10680118391815
-284.91999999999996,216.82999999999998,0.0,CAF,1,1255.607059719359
384.72,289.53999999999996,0.0,other_tissue,0,697.100053956161
-450.36,-309.96000000000004,0.0,CD4_Tcell,1,371.76495630747627
-447.59000000000003,81.57999999999998,0.0,CAF,1,729.4292390381235
269.65,416.7,0.0,other_tissue,0,201.88608246350822
235.92999999999995,280.71000000000004,0.0,CAF,1,487.4558743301933
228.72000000000003,76.76999999999998,0.0,other_tissue,0,521.1208366726761
-147.76999999999998,283.84000000000003,0.0,other_tissue,0,376.7880607879429
-235.74,-113.75,0.0,other_tissue,0,286.2941554465463
-450.96,-62.64999999999998,0.0,apCAF,1,405.71579838064287
347.66999999999996,-483.24,0.0,apCAF,1,175.78093996356932
-163.18,22.00999999999999,0.0,other_tissue,0,292.8131005394818
-317.78999999999996,295.06,0.0,mesenchymal_tumor_class1,1,429.04809320410834
-423.76,-102.38999999999999,0.0,other_tissue,0,180.17997991653309
-51.410000000000025,-139.33000000000004,0.0,other_tissue,0,247.97822769158117
493.63,194.02999999999997,0.0,other_tissue,0,267.01835621201906
-388.68,-435.28,0.0,other_tissue,0,1221.229406005376
141.22000000000003,-479.87,0.0,other_tissue,0,469.163619700759
-22.139999999999986,2.1399999999999864,0.0,other_tissue,0,381.65261587208477
228.26999999999998,-349.26,0.0,other_tissue,0,179.23286847403006
374.52,186.81,0.0,other_tissue,0,460.0547482979192
402.51,-21.940000000000055,0.0,other_tissue,0,575.8078271025331
409.80999999999995,-191.12,0.0,other_tissue,0,956.9379240026647
-213.22000000000003,44.910000000000025,0.0,other_tissue,0,406.8565044906776
381.69000000000005,-371.51,0.0,apCAF,1,582.8485126217217
-283.5,-66.74000000000001,0.0,other_tissue,0,702.6657476004099
267.97,-210.67999999999995,0.0,other_tissue,0,585.2475730241806
166.51,134.39999999999998,0.0,other_tissue,0,380.9914374469287
100.48000000000002,78.25999999999999,0.0,other_tissue,0,212.90677324912622
407.38,223.66000000000003,0.0,other_tissue,0,632.1424940943394
457.53,323.09000000000003,0.0,mesenchymal_tumor_class1_class2,1,527.5355920735594
424.22,-264.84000000000003,0.0,other_tissue,0,1221.229406005376
-462.07,29.350000000000023,0.0,CAF,1,480.7326117825592
324.57000000000005,165.7,0.0,CD4_Tcell,1,231.5481101205177
-323.91999999999996,-43.610000000000014,0.0,other_tissue,0,603.329838114188
182.15999999999997,261.84000000000003,0.0,other_tissue,0,148.9031373983564
-483.42,-67.40999999999997,0.0,other_tissue,0,414.1888823706215
-500.3954,25.019999999999982,0.0,epithelial_tumor_class1,1,663.1996369674137
235.91999999999996,227.95,0.0,other_tissue,0,320.7613218791045
459.1,-478.80999999999995,0.0,other_tissue,0,1221.229406005376
-32.97000000000003,-335.70000000000005,0.0,other_tissue,0,358.03571230436023
-133.77999999999997,412.87,0.0,other_tissue,0,660.4818348375701
-188.43,324.87,0.0,other_tissue,0,242.56843435170703
-290.22,153.68,0.0,other_tissue,0,359.2562875473244
-476.04,459.57,0.0,other_tissue,0,457.52326624077676
410.41999999999996,-164.83000000000004,0.0,other_tissue,0,325.10900019235555
-121.39999999999998,-209.46000000000004,0.0,apCAF,1,544.9791551031889
-387.98,482.44,0.0,mesenchymal_tumor_class1,1,577.2985728952505
-212.33999999999997,312.66999999999996,0.0,mesenchymal_tumor_class1,1,276.67774930005953
407.35,-134.29999999999995,0.0,mesenchymal_tumor_class1,1,1730.016184922556
-28.220000000000027,81.0,0.0,other_tissue,0,296.86194074817035
-30.129999999999995,35.35000000000002,0.0,other_tissue,0,348.1191443080893
-469.65,-250.11,0.0,other_tissue,0,1091.9524507063659
-94.89999999999998,345.64,0.0,other_tissue,0,654.9773400014768
-175.39,-256.78999999999996,0.0,other_tissue,0,387.0594909322794
181.91999999999996,8.550000000000011,0.0,other_tissue,0,525.643466619271
-192.57,-30.16999999999996,0.0,other_tissue,0,267.63043818550403
-262.28999999999996,92.63,0.0,other_tissue,0,673.1977329899345
-458.42,-73.16999999999996,0.0,CAF,1,355.3237927621793
-393.56,-227.66999999999996,0.0,other_tissue,0,182.6907672599162
400.75,-468.16999999999996,0.0,other_tissue,0,923.3848931102397
445.72,299.74,0.0,CD4_Tcell,1,667.5857744051232
-233.02999999999997,493.703,0.0,CD4_Tcell,1,288.55832502251025
-323.38,322.38,0.0,mesenchymal_tumor_class1,1,446.40181958197235
-203.66000000000003,329.71000000000004,0.0,apCAF,1,806.5089727294337
237.84000000000003,-216.29999999999995,0.0,other_tissue,0,817.6214672507681
-242.5,-18.220000000000027,0.0,CAF,1,153.951947433476
-410.63,381.47,0.0,other_tissue,0,604.6774815849793
-361.74,-232.76,0.0,CD4_Tcell,1,471.1812315284864
-161.79000000000002,-97.00999999999999,0.0,epithelial_tumor_class1_class2,1,684.7054500702693
-407.49,172.41000000000003,0.0,other_tissue,0,238.79805703714504
-346.23,498.449,0.0,mesenchymal_tumor_class1,1,702.0161690248224
353.98,-446.21000000000004,0.0,other_tissue,0,374.6226174760232
-331.71000000000004,385.05,0.0,CAF,1,246.60643095374476
-71.97000000000003,296.5,0.0,other_tissue,0,309.24311104634523
33.610000000000014,471.04,0.0,other_tissue,0,577.7177841040318
359.54999999999995,318.09000000000003,0.0,other_tissue,0,241.88254079952844
-394.46,257.48,0.0,other_tissue,0,1221.229406005376
279.96000000000004,272.72,0.0,CD4_Tcell,1,490.1115270305037
-130.82999999999998,-103.74000000000001,0.0,other_tissue,0,588.0434718811318
-326.28,0.5400000000000205,0.0,CD8_Tcell,1,470.5958223933799
285.40999999999997,-133.85000000000002,0.0,other_tissue,0,162.4668006807474
-298.8,-325.35,0.0,other_tissue,0,267.16878155218535
-183.89999999999998,-324.15999999999997,0.0,mesenchymal_tumor_class1,1,1092.8501074397664
-184.35000000000002,162.97000000000003,0.0,other_tissue,0,317.35171853422224
-475.64,4.9599999999999795,0.0,CAF,1,328.74657661468603
-456.35,189.17000000000002,0.0,other_tissue,0,1221.229406005376
419.03,12.810000000000002,0.0,epithelial_tumor_class1,1,4613.629131959042
277.28,87.19999999999999,0.0,epithelial_tumor_class1,1,2586.083635988721
90.65999999999997,98.61000000000001,0.0,other_tissue,0,222.76282227129263
-89.89999999999998,-62.460000000000036,0.0,other_tissue,0,445.30110326290156
-175.10000000000002,208.26999999999998,0.0,mesenchymal_tumor_class1,1,336.62919691143173
-108.32999999999998,-96.45000000000005,0.0,epithelial_tumor_class1,1,1581.7032804131934
292.6,-452.33000000000004,0.0,other_tissue,0,840.7331680100489
-178.32999999999998,-318.54999999999995,0.0,mesenchymal_tumor_class1,1,613.1544708516694
383.03,-125.67999999999995,0.0,mesenchymal_tumor_class1,1,721.3670559178322
-255.15,-431.33000000000004,0.0,other_tissue,0,532.587559414089
442.25,-342.20000000000005,0.0,other_tissue,0,351.2997016466057
-369.28999999999996,64.63,0.0,other_tissue,0,1221.229406005376
493.82000000000005,-361.47,0.0,other_tissue,0,619.7924200403328
207.26999999999998,-428.54999999999995,0.0,other_tissue,0,1221.229406005376
-486.72,144.31,0.0,apCAF,1,219.66734187302004
305.55999999999995,-65.49000000000001,0.0,other_tissue,0,425.46806254357296
316.1,127.17000000000002,0.0,CAF,1,1255.607059719359
-56.43000000000001,-323.61,0.0,other_tissue,0,375.125466559932
-90.42000000000002,378.84000000000003,0.0,other_tissue,0,226.40781419315232
328.21000000000004,318.38,0.0,other_tissue,0,330.0151397510039
-392.31,-426.9,0.0,other_tissue,0,460.775618668486
252.14,-122.12,0.0,other_tissue,0,338.88078519931213
-42.29000000000002,-278.94000000000005,0.0,other_tissue,0,567.331385515193
334.51,344.11,0.0,CAF,1,226.8392325478582
-41.22000000000003,11.730000000000018,0.0,other_tissue,0,248.5417492354526
-500.855,-363.96000000000004,0.0,other_tissue,0,782.9425871276179
-286.14,-419.6,0.0,other_tissue,0,208.48901660623625
-132.38,-185.59000000000003,0.0,other_tissue,0,1221.229406005376
-224.75,-405.45000000000005,0.0,other_tissue,0,644.7638192663693
-463.82,173.35000000000002,0.0,CAF,1,507.8626462590343
-306.45,-50.07000000000005,0.0,other_tissue,0,142.7208595353352
7.2900000000000205,410.38,0.0,other_tissue,0,437.9394754448625
-194.14,425.24,0.0,other_tissue,0,140.27839681569762
240.21000000000004,79.38999999999999,0.0,other_tissue,0,1221.229406005376
-376.09000000000003,-10.180000000000007,0.0,mesenchymal_tumor_class1,1,530.8101707103149
338.58000000000004,-366.0,0.0,other_tissue,0,471.70851466567757
-82.38,412.69,0.0,other_tissue,0,314.08924641148434
-318.11,24.610000000000014,0.0,other_tissue,0,372.2527328132014
194.60000000000002,-282.57000000000005,0.0,other_tissue,0,523.5673603000773
-266.0,-238.95000000000005,0.0,other_tissue,0,185.8540385146958
-282.9,-405.90999999999997,0.0,other_tissue,0,625.7348539896195
-30.149999999999977,401.27,0.0,other_tissue,0,269.0992182868999
-436.01,220.19,0.0,CAF,1,293.399914420064
87.89999999999998,-284.6,0.0,other_tissue,0,1221.229406005376
-181.12,45.44,0.0,other_tissue,0,292.8984066133926
-475.65,-209.86,0.0,other_tissue,0,393.0359261998908
-299.44,422.47,0.0,CAF,1,187.51264061376838
296.64,-459.23,0.0,other_tissue,0,421.02449677749854
-204.56,337.08000000000004,0.0,apCAF,1,393.4252762503899
-50.06,365.98,0.0,other_tissue,0,244.7852513001499
310.80999999999995,-464.28,0.0,other_tissue,0,494.24153169528694
283.91999999999996,-35.889999999999986,0.0,other_tissue,0,1221.229406005376
391.64,-25.110000000000014,0.0,other_tissue,0,654.5215366115988
-354.21000000000004,-54.01999999999998,0.0,other_tissue,0,325.7152976826615
430.08000000000004,-103.95000000000005,0.0,other_tissue,0,948.416390838412
339.98,-329.70000000000005,0.0,other_tissue,0,846.8434583550847
478.30999999999995,296.06,0.0,mesenchymal_tumor_class1,1,458.0834166761941
-93.32999999999998,180.77999999999997,0.0,CAF,1,1057.476601531367
373.29999999999995,-43.889999999999986,0.0,other_tissue,0,901.0967169665465
309.4,38.129999999999995,0.0,epithelial_tumor_class1,1,4150.392209557273
-357.2,-195.48000000000002,0.0,other_tissue,0,370.204441892652
227.23000000000002,337.27,0.0,other_tissue,0,403.83697702941913
79.28999999999996,-288.71000000000004,0.0,other_tissue,0,483.155345019779
-324.64,14.730000000000018,0.0,CD4_Tcell,1,281.5520465167876
-365.6,7.7099999999999795,0.0,mesenchymal_tumor_class1,1,434.9899295612099
186.39999999999998,-0.2400000000000091,0.0,other_tissue,0,540.506552605985
-37.35000000000002,327.47,0.0,other_tissue,0,271.24151951158007
-292.03999999999996,-144.04999999999995,0.0,other_tissue,0,547.0144051916608
-377.73,1.7699999999999818,0.0,mesenchymal_tumor_class1,1,532.9212608827173
96.54999999999995,-49.59000000000003,0.0,other_tissue,0,178.63398431588317
-291.84000000000003,-279.26,0.0,other_tissue,0,349.04131903562296
-179.49,58.910000000000025,0.0,other_tissue,0,519.5721951032186
305.77,192.20999999999998,0.0,other_tissue,0,444.68098534522153
249.12,216.57999999999998,0.0,other_tissue,0,663.0157672640146
385.75,339.39,0.0,mesenchymal_tumor_class1,1,861.4930514946728
114.70000000000005,-148.05999999999995,0.0,other_tissue,0,152.40826299707913
482.08000000000004,319.75,0.0,CD4_Tcell,1,492.7768075628169
387.62,-325.78,0.0,other_tissue,0,1221.229406005376
-105.70999999999998,-383.17999999999995,0.0,other_tissue,0,903.0155123581118
385.22,53.94,0.0,other_tissue,0,822.0906460120267
362.80999999999995,-219.94000000000005,0.0,other_tissue,0,119.13945995256736
-65.27999999999997,-270.44000000000005,0.0,other_tissue,0,343.99539088820416
-443.74,-0.839999999999975,0.0,other_tissue,0,583.3041662433055
329.69000000000005,17.74000000000001,0.0,other_tissue,0,443.8503675248023
300.32000000000005,424.24,0.0,other_tissue,0,238.11000366763434
478.76,416.53,0.0,other_tissue,0,275.81623017649184
85.17999999999995,-439.75,0.0,other_tissue,0,842.1124198244937
-273.51,495.12,0.0,other_tissue,0,181.14590390638148
-18.379999999999995,-466.47,0.0,other_tissue,0,393.2695053892254
488.62,277.72,0.0,CD4_Tcell,1,516.2351168925646
364.80999999999995,296.14,0.0,other_tissue,0,262.37321907611204
268.65999999999997,71.44,0.0,other_tissue,0,435.1148761348219
279.80999999999995,-384.88,0.0,other_tissue,0,338.7162685577301
97.09000000000003,380.55,0.0,other_tissue,0,208.18310246725224
258.22,-350.37,0.0,other_tissue,0,404.3259690615431
-180.35000000000002,-341.86,0.0,other_tissue,0,223.77730711676978
-499.8614,484.36,0.0,other_tissue,0,212.62239202237652
388.89,347.74,0.0,mesenchymal_tumor_class1_class2,1,110.86717495529334
482.22,357.28,0.0,other_tissue,0,466.7733777445287
144.79999999999995,-413.95000000000005,0.0,other_tissue,0,201.0384977365914
-360.45,257.85,0.0,mesenchymal_tumor_class1,1,751.4147552560975
-471.38,369.26,0.0,other_tissue,0,324.91468690413075
-114.72000000000003,233.76,0.0,apCAF,1,424.4430143819393
-45.23000000000002,78.36000000000001,0.0,other_tissue,0,452.8445752206411
156.59000000000003,-16.42999999999995,0.0,other_tissue,0,607.1013595779106
-436.51,-203.92999999999995,0.0,other_tissue,0,1221.229406005376
410.90999999999997,-107.24000000000001,0.0,other_tissue,0,456.5333498259955
149.80999999999995,292.33000000000004,0.0,epithelial_tumor_class1,1,2097.5194362191605
-7.689999999999998,-32.02999999999997,0.0,other_tissue,0,147.57568880240325
-104.56,-291.03999999999996,0.0,mesenchymal_tumor_class1_class2,1,1992.4603867673443
254.49,252.12,0.0,other_tissue,0,564.10619661517
-189.48000000000002,-3.9399999999999977,0.0,other_tissue,0,267.078519570643
83.55999999999995,-43.789999999999964,0.0,other_tissue,0,1221.229406005376
485.26,-314.73,0.0,apCAF,1,1281.6251411997255
-330.65999999999997,-76.54999999999995,0.0,other_tissue,0,795.4145911329927
-172.01,-231.16999999999996,0.0,other_tissue,0,248.1596076453657
107.63,80.98000000000002,0.0,other_tissue,0,434.69848058164234
-387.43,261.7,0.0,apCAF,1,175.78093996356932
-147.7,-167.73000000000002,0.0,other_tissue,0,495.89091882976317
464.59000000000003,-41.82000000000005,0.0,mesenchymal_tumor_class1,1,360.14905697130655
482.55999999999995,34.29000000000002,0.0,other_tissue,0,538.4394754195051
368.92999999999995,-486.73,0.0,other_tissue,0,264.3601841035449
-437.18,306.18,0.0,other_tissue,0,203.87303741163527
213.52999999999997,-125.97000000000003,0.0,other_tissue,0,545.8992370085194
328.27,-479.08000000000004,0.0,other_tissue,0,360.553122625404
78.32000000000005,-3.1399999999999864,0.0,other_tissue,0,429.8876904795095
-119.45999999999998,-102.25,0.0,CD4_Tcell,1,1292.4908930498966
457.58000000000004,-98.44000000000005,0.0,other_tissue,0,218.2531033921048
-52.639999999999986,144.95,0.0,other_tissue,0,228.8869073770983
78.26999999999998,-173.84000000000003,0.0,other_tissue,0,355.6028619062226
272.30999999999995,171.38,0.0,other_tissue,0,351.58870504298426
-46.620000000000005,-32.26999999999998,0.0,other_tissue,0,293.89130585159927
-216.95999999999998,281.16999999999996,0.0,mesenchymal_tumor_class1,1,276.2057431540239
-5.9599999999999795,196.86,0.0,other_tissue,0,400.38566039835064
393.65999999999997,273.02,0.0,apCAF,1,193.03983724147324
-45.48000000000002,-415.20000000000005,0.0,other_tissue,0,331.8313719381889
195.86,128.08999999999997,0.0,epithelial_tumor_class1,1,937.8358101336667
79.88999999999999,-70.75,0.0,other_tissue,0,265.3873731096519
-152.73000000000002,-134.03999999999996,0.0,other_tissue,0,752.2344440215986
261.86,-214.14,0.0,other_tissue,0,370.67837535912065
-430.23,324.82,0.0,mesenchymal_tumor_class1_class2,1,1673.0524763184283
137.40999999999997,-204.69000000000005,0.0,other_tissue,0,202.1025138262763
209.0,-479.82000000000005,0.0,CD4_Tcell,1,334.1546787754334
-250.07,-391.5,0.0,other_tissue,0,527.567165905971
417.09000000000003,-71.30999999999995,0.0,other_tissue,0,1221.229406005376
-132.45,134.11,0.0,other_tissue,0,201.1878987939765
-477.56,-140.02999999999997,0.0,other_tissue,0,1221.229406005376
-97.75,-86.67999999999995,0.0,epithelial_tumor_class1,1,1545.4819940131467
193.09000000000003,32.25,0.0,epithelial_tumor_class1,1,2472.7508782026766
-304.25,-208.40999999999997,0.0,other_tissue,0,411.01282724008826
154.04999999999995,202.44,0.0,other_tissue,0,162.2077595332526
120.98000000000002,412.49,0.0,CAF,1,466.7588280569313
-311.56,471.61,0.0,mesenchymal_tumor_class1,1,372.30278528317535
-160.52999999999997,-321.53,0.0,mesenchymal_tumor_class1,1,396.0535965219745
-262.69,191.3,0.0,other_tissue,0,314.0222152836334
206.69000000000005,330.16999999999996,0.0,apCAF,1,633.3721811562754
-125.89999999999998,-138.33000000000004,0.0,other_tissue,0,435.35095160582824
-245.05,-89.37,0.0,CAF,1,312.0713338051341
418.27,318.89,0.0,CAF,1,383.5003259739148
-218.43,338.65,0.0,apCAF,1,915.2007827017069
-479.87,328.64,0.0,CAF,1,310.0842370914662
161.76,-462.95000000000005,0.0,other_tissue,0,439.95052576165455
125.88999999999999,-289.6,0.0,other_tissue,0,686.5837728288137
-104.06,-181.12,0.0,other_tissue,0,690.165482849056
-395.6,-491.4,0.0,other_tissue,0,370.7407651214493
-97.81,-380.6,0.0,other_tissue,0,477.7562380917511
-96.74000000000001,-472.23,0.0,other_tissue,0,271.9919723242408
74.44000000000005,261.03,0.0,other_tissue,0,713.654107662371
-78.76999999999998,-306.03999999999996,0.0,CD4_Tcell,1,159.40489028767036
-98.63,-139.96000000000004,0.0,other_tissue,0,351.7091698898238
-412.39,253.16,0.0,apCAF,1,187.57601981181716
395.16999999999996,-493.87,0.0,other_tissue,0,322.7823484479972
-33.69999999999999,-12.0,0.0,other_tissue,0,236.77487982476816
414.03,338.01,0.0,mesenchymal_tumor_class1,1,178.51130141039494
68.62,28.680000000000007,0.0,CD8_Tcell,1,190.62703493125363
-310.63,20.430000000000007,0.0,apCAF,1,996.7127709868367
-255.68,-122.35000000000002,0.0,other_tissue,0,319.6070167919672
-128.25,220.57999999999998,0.0,other_tissue,0,1083.104907153752
-8.129999999999995,-16.190000000000055,0.0,other_tissue,0,1221.229406005376
418.35,113.95999999999998,0.0,other_tissue,0,517.4497750445447
382.94000000000005,418.62,0.0,other_tissue,0,252.51032228886206
416.20000000000005,-14.870000000000005,0.0,other_tissue,0,414.95517664549874
-319.15999999999997,-396.49,0.0,other_tissue,0,248.7999164588421
112.41999999999996,-240.44000000000005,0.0,CD4_Tcell,1,234.25742543659743
-338.21000000000004,-312.26,0.0,other_tissue,0,247.85417655446577
235.26999999999998,111.51999999999998,0.0,other_tissue,0,393.6979742240284
493.49,-82.25,0.0,other_tissue,0,835.5100362945594
-486.47,149.89999999999998,0.0,other_tissue,0,325.9900952617524
-174.25,99.74000000000001,0.0,apCAF,1,185.3033524708905
495.76,408.38,0.0,other_tissue,0,330.47724328806373
452.83000000000004,489.7,0.0,CAF,1,218.66532633631488
-445.43,-66.04999999999995,0.0,other_tissue,0,253.32262509366626
-419.81,237.82,0.0,other_tissue,0,559.0369903702732
-317.34000000000003,-340.59000000000003,0.0,other_tissue,0,641.179271136534
153.78999999999996,-494.30999999999995,0.0,other_tissue,0,189.21295679126266
290.33000000000004,-41.139999999999986,0.0,other_tissue,0,949.9343674389312
346.15,-332.15,0.0,other_tissue,0,220.66358412290953
138.26999999999998,441.17,0.0,epithelial_tumor_class1,1,7741.03554065621
-329.4,198.33999999999997,0.0,mesenchymal_tumor_class1,1,418.0568426585623
-294.99,-416.14,0.0,other_tissue,0,218.3758389801374
-244.8,-61.629999999999995,0.0,other_tissue,0,257.03864791212095
-371.26,-88.48000000000002,0.0,other_tissue,0,237.93355481030687
-439.85,-70.69000000000005,0.0,other_tissue,0,413.81280289992117
-114.05000000000001,255.68,0.0,other_tissue,0,179.35588172004674
435.92999999999995,-215.26999999999998,0.0,other_tissue,0,171.17812456224038
-379.2,-369.71000000000004,0.0,other_tissue,0,346.61363714203054
-334.57,-293.09000000000003,0.0,other_tissue,0,621.8512370857044
273.94000000000005,196.76,0.0,other_tissue,0,284.28223767582955
151.60000000000002,453.85,0.0,other_tissue,0,380.4325755795513
-216.92000000000002,69.50999999999999,0.0,other_tissue,0,392.7375985198954
309.48,18.470000000000027,0.0,epithelial_tumor_class1,1,3666.9668045939457
-52.329999999999984,-185.32000000000005,0.0,CD4_Tcell,1,195.98644347598068
50.22000000000003,-281.26,0.0,other_tissue,0,408.3319693391752
161.64,257.36,0.0,other_tissue,0,310.27259220889795
93.75,-436.1,0.0,other_tissue,0,563.8916197051341
-352.6,-272.92999999999995,0.0,other_tissue,0,341.07156415323175
1.259999999999991,347.58000000000004,0.0,other_tissue,0,125.66582865522842
-409.77,-248.03999999999996,0.0,other_tissue,0,263.51450277472577
-186.68,-237.35000000000002,0.0,other_tissue,0,323.20351237180563
-307.31,-477.4,0.0,other_tissue,0,286.99845872638764
330.25,-54.01999999999998,0.0,epithelial_tumor_class1,1,3144.6506970407995
314.6,-369.25,0.0,other_tissue,0,287.3984271814322
-104.17000000000002,500.0907,0.0,mesenchymal_tumor_class1,1,714.4654293831887
191.58000000000004,70.19,0.0,other_tissue,0,179.59438003021648
-477.0,242.89999999999998,0.0,other_tissue,0,742.0806414473398
396.42999999999995,-84.24000000000001,0.0,CAF,1,966.6445846375175
156.63,55.610000000000014,0.0,other_tissue,0,294.083738706932
307.86,-75.73000000000002,0.0,other_tissue,0,548.5036571230999
451.87,280.14,0.0,mesenchymal_tumor_class1_class2,1,418.0838812280755
-63.120000000000005,191.52999999999997,0.0,other_tissue,0,267.8514183567547
-142.41000000000003,-93.28999999999996,0.0,other_tissue,0,187.4492756939315
336.45000000000005,367.74,0.0,other_tissue,0,285.1822396754029
190.5,295.83000000000004,0.0,CAF,1,450.2259958723598
12.639999999999986,317.90999999999997,0.0,other_tissue,0,383.55138163258613
-305.58000000000004,-14.210000000000036,0.0,apCAF,1,1052.3899378353387
156.02999999999997,420.99,0.0,epithelial_tumor_class1,1,1913.8487384692971
142.66999999999996,182.95,0.0,other_tissue,0,282.8315901657911
273.85,439.82,0.0,other_tissue,0,239.1053185069633
242.34000000000003,-74.79999999999995,0.0,other_tissue,0,818.3828322515777
36.90999999999997,127.79000000000002,0.0,other_tissue,0,161.98491708512267
392.07000000000005,-11.629999999999995,0.0,other_tissue,0,849.0313101058397
-226.26999999999998,244.97,0.0,other_tissue,0,375.88058357775924
160.95000000000005,113.68,0.0,CAF,1,401.9507954013588
493.74,-414.33000000000004,0.0,other_tissue,0,915.5883156162879
-119.39999999999998,-10.009999999999991,0.0,other_tissue,0,510.57639470650344
148.63,120.0,0.0,other_tissue,0,319.90098799250774
186.75,-284.14,0.0,other_tissue,0,240.09406241372315
308.44000000000005,399.01,0.0,other_tissue,0,286.99845872638764
373.27,-463.87,0.0,apCAF,1,271.9716716384098
-254.56,42.370000000000005,0.0,CAF,1,663.2548045065533
-499.9516,-27.269999999999982,0.0,mesenchymal_tumor_class1,1,1118.288867812269
-79.88,248.86,0.0,mesenchymal_tumor_class1_class2,1,467.0207686967637
-107.23000000000002,-312.96000000000004,0.0,other_tissue,0,397.29372433221454
472.66999999999996,61.610000000000014,0.0,other_tissue,0,159.44754613178125
372.76,-411.54999999999995,0.0,other_tissue,0,335.2853771462417
288.16999999999996,297.28999999999996,0.0,apCAF,1,893.5160091208938
-470.95,53.72000000000003,0.0,other_tissue,0,567.1656929386945
432.16999999999996,340.23,0.0,mesenchymal_tumor_class1,1,198.69106112195257
-453.57,136.32999999999998,0.0,other_tissue,0,184.47936469094117
-390.92,244.15,0.0,mesenchymal_tumor_class1_class2,1,322.13424458978284
-174.60000000000002,-351.73,0.0,other_tissue,0,381.8816634249024
400.13,-105.75,0.0,epithelial_tumor_class1,1,601.2432277534288
380.28999999999996,-54.129999999999995,0.0,CAF,1,968.9157202045687
375.15999999999997,-150.09000000000003,0.0,other_tissue,0,367.3321145927498
146.62,265.3,0.0,other_tissue,0,560.8439197049976
-63.420000000000016,-363.48,0.0,other_tissue,0,585.6367716441893
-388.14,-495.40999999999997,0.0,other_tissue,0,938.4614613861056
84.87,442.25,0.0,CAF,1,1255.607059719359
-216.5,24.310000000000002,0.0,CAF,1,368.32517194878415
-267.61,-397.28999999999996,0.0,other_tissue,0,308.1055934833214
477.61,-279.11,0.0,other_tissue,0,244.46368814893955
-478.0,375.04,0.0,other_tissue,0,179.10991148755406
-474.36,-307.52,0.0,other_tissue,0,206.25259270153546
-499.7172,138.06,0.0,epithelial_tumor_class1_class2,1,2997.232258964432
219.84000000000003,-124.37,0.0,other_tissue,0,606.1310326019807
-335.65999999999997,-371.72,0.0,mesenchymal_tumor_class1,1,425.4270289645564
487.88,474.29,0.0,other_tissue,0,597.7190513055554
-281.27,120.79000000000002,0.0,other_tissue,0,401.2532156705469
-119.0,201.77999999999997,0.0,mesenchymal_tumor_class1,1,978.4409086315538
402.52,11.819999999999993,0.0,epithelial_tumor_class1,1,7741.03554065621
288.21000000000004,184.49,0.0,other_tissue,0,262.08593830750266
259.15999999999997,224.13,0.0,other_tissue,0,311.2599317009311
70.75999999999999,-378.36,0.0,other_tissue,0,227.18116048768812
-271.7,-40.77999999999997,0.0,other_tissue,0,127.69678952548308
-277.31,24.889999999999986,0.0,other_tissue,0,296.4102380369043
-47.22000000000003,483.33,0.0,other_tissue,0,358.6456537616017
237.86,481.47,0.0,other_tissue,0,167.46315918273322
-187.51999999999998,458.98,0.0,CAF,1,196.12516893775702
-323.12,-146.66999999999996,0.0,epithelial_tumor_class1_class2,1,846.9733246158519
370.25,-397.44000000000005,0.0,apCAF,1,363.6117295840151
-461.69,151.94,0.0,other_tissue,0,771.4148849219209
469.77,295.94,0.0,mesenchymal_tumor_class1,1,279.41772507436445
256.65999999999997,-41.539999999999964,0.0,epithelial_tumor_class1_class2,1,848.6844688358613
-499.5371,145.41000000000003,0.0,epithelial_tumor_class1,1,1354.5996001911076
-159.85000000000002,-474.92999999999995,0.0,other_tissue,0,202.03590309413872
-163.07,-289.63,0.0,mesenchymal_tumor_class1_class2,1,932.2405321431462
-114.74000000000001,-12.399999999999977,0.0,other_tissue,0,356.4044801882533
379.92999999999995,-456.98,0.0,other_tissue,0,1221.229406005376
-454.05,-47.539999999999964,0.0,other_tissue,0,388.1392378251533
-90.31,458.97,0.0,other_tissue,0,385.77669115935345
92.10000000000002,-237.37,0.0,other_tissue,0,115.13388103176327
-287.38,-290.30999999999995,0.0,other_tissue,0,177.25703869693083
-411.39,-481.12,0.0,other_tissue,0,410.3849121143594
-316.15,44.329999999999984,0.0,other_tissue,0,416.8278206164719
-87.22000000000003,-152.89,0.0,other_tissue,0,376.8889816554361
-36.610000000000014,219.55,0.0,other_tissue,0,125.07225680904565
191.54999999999995,54.47000000000003,0.0,other_tissue,0,404.51109596045234
44.09000000000003,-117.67999999999995,0.0,other_tissue,0,154.18126660794655
59.98000000000002,-374.13,0.0,other_tissue,0,189.26077675147346
-286.95,235.67000000000002,0.0,other_tissue,0,164.60715846905677
392.30999999999995,499.2475,0.0,mesenchymal_tumor_class1,1,1966.2473178688974
461.95000000000005,460.73,0.0,other_tissue,0,220.01965039611096
201.66999999999996,30.19999999999999,0.0,epithelial_tumor_class1,1,5930.067556443023
272.32000000000005,-112.0,0.0,other_tissue,0,326.11609578910844
439.90999999999997,-249.70000000000005,0.0,other_tissue,0,284.3658787985246
-291.51,-473.6,0.0,other_tissue,0,332.29516898061377
237.83000000000004,257.21000000000004,0.0,other_tissue,0,256.9897756743706
217.69000000000005,193.82999999999998,0.0,other_tissue,0,238.1192928652952
-445.95,-397.80999999999995,0.0,other_tissue,0,1159.609429276643
389.40999999999997,13.149999999999977,0.0,other_tissue,0,757.0244978547792
128.32000000000005,220.06,0.0,other_tissue,0,245.23022921535065
-120.05000000000001,171.06,0.0,other_tissue,0,585.7891137136262
254.51999999999998,-355.22,0.0,other_tissue,0,270.2498028605362
-220.63,99.22000000000003,0.0,other_tissue,0,474.0420542584366
375.78,-432.69000000000005,0.0,other_tissue,0,325.3605794286235
-219.27999999999997,-318.0,0.0,mesenchymal_tumor_class1,1,1135.4654869271665
-65.81,-92.00999999999999,0.0,other_tissue,0,190.58699284310597
-148.39,-41.41999999999996,0.0,other_tissue,0,225.3137552776738
-364.44,-337.73,0.0,other_tissue,0,565.3782683306398
190.27999999999997,114.95999999999998,0.0,other_tissue,0,453.18687572914956
318.16999999999996,-54.809999999999945,0.0,other_tissue,0,1221.229406005376
283.49,-190.01999999999998,0.0,other_tissue,0,188.85456381815962
-294.7,371.35,0.0,other_tissue,0,735.7762244164893
182.25,-284.99,0.0,other_tissue,0,191.9676648735716
-145.2,340.7,0.0,other_tissue,0,201.11318901648073
-41.089999999999975,-285.62,0.0,other_tissue,0,377.9118205596464
-47.589999999999975,-323.49,0.0,other_tissue,0,185.84616389969023
97.35000000000002,444.61,0.0,epithelial_tumor_class1,1,848.6844688358613
418.44000000000005,-353.87,0.0,other_tissue,0,395.9232070768201
-265.12,102.55000000000001,0.0,other_tissue,0,399.2308665085169
-474.91,-484.35,0.0,other_tissue,0,341.91031276099164
-134.47000000000003,-418.33000000000004,0.0,other_tissue,0,403.4011817680794
397.53999999999996,-323.91999999999996,0.0,other_tissue,0,417.57034773387556
428.25,-305.95000000000005,0.0,other_tissue,0,244.67172624467258
449.87,-293.99,0.0,other_tissue,0,278.92196185332244
-289.07,28.620000000000005,0.0,other_tissue,0,245.24917639814987
-53.06,-356.35,0.0,other_tissue,0,1221.229406005376
2.5500000000000114,423.65,0.0,other_tissue,0,113.1143009778061
393.5,348.2,0.0,mesenchymal_tumor_class1_class2,1,106.52872372464805
490.90999999999997,163.94,0.0,other_tissue,0,194.87086651601217
382.03,149.06,0.0,other_tissue,0,495.75459212420037
336.92999999999995,-103.80999999999995,0.0,other_tissue,0,291.09983486871363
146.71000000000004,-301.53999999999996,0.0,other_tissue,0,294.3939460732588
-459.28,-475.28,0.0,other_tissue,0,184.9813135129216
421.47,261.55,0.0,other_tissue,0,430.50776708007896
-493.811,420.89,0.0,other_tissue,0,222.97614268724985
-211.36,269.35,0.0,other_tissue,0,197.10626989331985
485.24,-86.5,0.0,other_tissue,0,264.9083526594484
211.05999999999995,175.55,0.0,other_tissue,0,290.0072834908329
401.07000000000005,347.45,0.0,mesenchymal_tumor_class1_class2,1,1992.4603867673443
341.72,24.689999999999998,0.0,other_tissue,0,423.5559721660159
-443.04,-484.37,0.0,other_tissue,0,537.7356330571225
464.51,-135.71000000000004,0.0,other_tissue,0,231.22913990007282
42.33000000000004,-391.46000000000004,0.0,other_tissue,0,387.7533837294559
473.46000000000004,343.5,0.0,apCAF,1,663.2548045065533
-78.25,231.64999999999998,0.0,other_tissue,0,334.1779664385914
-500.3453,437.34000000000003,0.0,CAF,1,489.82599599679384
-27.230000000000018,174.07999999999998,0.0,apCAF,1,797.2218944871096
-398.42,-447.65,0.0,other_tissue,0,244.9461385663006
-300.03,-434.4,0.0,apCAF,1,776.2859348126132
115.22000000000003,262.13,0.0,other_tissue,0,1221.229406005376
284.4,-356.15999999999997,0.0,other_tissue,0,443.0348367946138
30.870000000000005,56.47000000000003,0.0,other_tissue,0,448.53784520885324
411.17999999999995,-116.38999999999999,0.0,other_tissue,0,770.3374615949408
339.61,279.68,0.0,other_tissue,0,301.33901920328674
-243.87,-136.13,0.0,other_tissue,0,415.4665642201603
440.17999999999995,316.07,0.0,CD4_Tcell,1,1306.605850417628
247.36,76.10000000000002,0.0,other_tissue,0,632.8373388472883
-92.13999999999999,196.06,0.0,other_tissue,0,559.4308979853058
456.71000000000004,-205.98000000000002,0.0,other_tissue,0,167.24286769972062
315.83000000000004,456.5,0.0,other_tissue,0,185.81466766397835
370.74,237.58999999999997,0.0,other_tissue,0,269.431945713529
468.71000000000004,-450.05999999999995,0.0,other_tissue,0,562.7041789325604
-495.599,-185.16999999999996,0.0,other_tissue,0,330.70845673363317
-238.55,-90.32000000000005,0.0,other_tissue,0,355.9549399153553
232.07000000000005,347.28,0.0,other_tissue,0,266.2170412512073
-459.64,481.9,0.0,other_tissue,0,294.3297473500554
52.82000000000005,236.41000000000003,0.0,other_tissue,0,227.7938888058489
224.30999999999995,342.43,0.0,CAF,1,455.2443017673904
-207.89,-91.13999999999999,0.0,CAF,1,447.90057016578305
-450.21,13.759999999999991,0.0,apCAF,1,1229.1445936653981
-419.11,-480.65999999999997,0.0,other_tissue,0,207.02166555541416
60.629999999999995,449.84000000000003,0.0,apCAF,1,297.2925602310586
-93.63,-409.87,0.0,other_tissue,0,169.9213988914669
359.09000000000003,434.79,0.0,other_tissue,0,344.45856965005817
467.0,-443.38,0.0,other_tissue,0,236.35867949594453
-377.42,-135.98000000000002,0.0,other_tissue,0,253.4484940747982
-493.034,-21.980000000000018,0.0,mesenchymal_tumor_class1,1,628.2678557464117
-499.1541,-39.5,0.0,CAF,1,294.23346676614415
204.46000000000004,-72.88,0.0,other_tissue,0,189.86719379995688
457.85,-91.88,0.0,other_tissue,0,187.79795946912927
247.64999999999998,394.33,0.0,CAF,1,206.98782005157565
205.59000000000003,69.83999999999997,0.0,other_tissue,0,284.02096488015485
250.22000000000003,-314.70000000000005,0.0,other_tissue,0,446.79739051119543
78.71000000000004,250.97,0.0,other_tissue,0,214.88719488183412
-102.07999999999998,200.45,0.0,other_tissue,0,539.8970974840719
-57.48000000000002,12.339999999999975,0.0,other_tissue,0,311.28214313501843
-390.15999999999997,-136.09000000000003,0.0,other_tissue,0,217.53514692762135
428.4,-372.94000000000005,0.0,other_tissue,0,558.9713570834683
382.59000000000003,-469.72,0.0,other_tissue,0,478.70260210502835
388.11,404.65,0.0,other_tissue,0,310.5719012021615
-1.5600000000000023,-65.84000000000003,0.0,other_tissue,0,439.83863956178715
-376.71,241.48000000000002,0.0,mesenchymal_tumor_class1_class2,1,891.2747492743343
-499.7982,79.47000000000003,0.0,apCAF,1,348.1311101807356
-277.62,-8.139999999999986,0.0,epithelial_tumor_class1_class2,1,1263.8142303731638
445.11,-286.76,0.0,other_tissue,0,567.5634093320549
323.67999999999995,492.945,0.0,other_tissue,0,180.9292376529153
-65.80000000000001,-64.38,0.0,other_tissue,0,224.50892565982443
8.230000000000018,-56.09000000000003,0.0,other_tissue,0,409.8109970640248
-143.07,205.56,0.0,epithelial_tumor_class1_class2,1,932.6097789622752
-492.861,1.670000000000016,0.0,apCAF,1,968.9157202045687
-308.53999999999996,-255.44000000000005,0.0,other_tissue,0,474.8951944258831
60.48000000000002,-287.9,0.0,other_tissue,0,224.1607622102151
81.35000000000002,264.94,0.0,other_tissue,0,244.10462743990666
368.75,-336.91999999999996,0.0,other_tissue,0,305.38913296396174
-188.66000000000003,-153.21000000000004,0.0,other_tissue,0,683.8962530646779
45.10000000000002,369.97,0.0,other_tissue,0,211.31578404017517
165.11,21.49000000000001,0.0,other_tissue,0,360.87169015983096
-325.35,205.17000000000002,0.0,mesenchymal_tumor_class1,1,403.9426716105981
72.25999999999999,405.32,0.0,other_tissue,0,295.72281059569593
-104.41000000000003,-231.76,0.0,other_tissue,0,105.23979643219985
449.88,34.06,0.0,other_tissue,0,922.3534940845495
-425.4,-13.779999999999973,0.0,other_tissue,0,792.5741482946236
132.14,-330.1,0.0,other_tissue,0,228.26318841220294
-119.55000000000001,224.60000000000002,0.0,CD4_Tcell,1,436.0040751981749
338.35,-480.79999999999995,0.0,other_tissue,0,398.1437226865213
369.53,304.31,0.0,other_tissue,0,181.18461250159208
404.0,-9.730000000000018,0.0,epithelial_tumor_class1,1,4004.205340679772
-408.2,432.46,0.0,CAF,1,162.6396479038219
-390.56,-482.98,0.0,other_tissue,0,255.92589987053643
494.29999999999995,379.52,0.0,other_tissue,0,673.9409271671022
-21.439999999999998,18.610000000000014,0.0,other_tissue,0,417.9351835220999
344.9,35.72000000000003,0.0,epithelial_tumor_class1,1,4866.525790822426
260.6,77.10000000000002,0.0,other_tissue,0,265.796993402493
-188.13,-314.22,0.0,mesenchymal_tumor_class1,1,880.2134828325824
35.289999999999964,455.4,0.0,other_tissue,0,311.2599317009311
408.22,151.95,0.0,CAF,1,378.4302585191967
-148.22000000000003,-83.57000000000005,0.0,CD4_Tcell,1,534.1301074237276
242.25,-97.62,0.0,other_tissue,0,235.62919691417167
-448.33,-487.04999999999995,0.0,other_tissue,0,460.83332080694237
363.82000000000005,-402.66999999999996,0.0,other_tissue,0,130.88689966075452
-353.98,-483.19000000000005,0.0,other_tissue,0,218.3758389801374
82.27999999999997,271.47,0.0,CD4_Tcell,1,382.2508772096291
-419.31,499.4026,0.0,CAF,1,965.1560823449721
-72.38,196.89999999999998,0.0,other_tissue,0,506.0178872725008
-51.44999999999999,-242.99,0.0,other_tissue,0,238.4259719397997
199.90999999999997,-432.92999999999995,0.0,other_tissue,0,565.113784504429
-300.91999999999996,111.63,0.0,other_tissue,0,673.0305896323456
394.38,-291.15999999999997,0.0,CAF,1,1255.607059719359
-43.25,-330.74,0.0,other_tissue,0,736.8803617708737
-446.71,417.74,0.0,CD4_Tcell,1,220.76955633406644
115.36000000000001,39.85000000000002,0.0,other_tissue,0,141.66689272390872
-417.71,-79.23000000000002,0.0,other_tissue,0,268.9883700482862
-439.68,421.26,0.0,other_tissue,0,483.4531723384022
-178.19,370.41999999999996,0.0,other_tissue,0,172.27627887156862
-219.97000000000003,-423.62,0.0,other_tissue,0,173.13864601900517
481.57000000000005,341.7,0.0,apCAF,1,1281.6251411997255
95.03999999999996,-449.09000000000003,0.0,other_tissue,0,220.090157273514
-443.7,40.670000000000016,0.0,CAF,1,707.7807842939088
455.52,-149.51999999999998,0.0,other_tissue,0,179.43279357382283
-160.43,190.55,0.0,other_tissue,0,428.2370644077306
274.89,49.389999999999986,0.0,epithelial_tumor_class1,1,7010.573588422428
-110.13,-13.960000000000036,0.0,other_tissue,0,280.9085387708451
-178.39999999999998,254.54,0.0,other_tissue,0,374.25833302625307
468.21000000000004,23.680000000000007,0.0,other_tissue,0,1221.229406005376
-166.32,427.29,0.0,other_tissue,0,180.149127180313
331.34000000000003,357.16999999999996,0.0,CD4_Tcell,1,326.71217417834555
-102.44999999999999,139.47000000000003,0.0,other_tissue,0,184.58908830651924
175.26999999999998,-402.67999999999995,0.0,other_tissue,0,446.8680527584964
384.28,487.47,0.0,epithelial_tumor_class1,1,7741.03554065621
146.84000000000003,189.68,0.0,other_tissue,0,374.96199128264783
-39.45999999999998,-225.20000000000005,0.0,other_tissue,0,427.9898355235903
-233.91000000000003,54.49000000000001,0.0,other_tissue,0,359.94101980456713
-422.52,-278.61,0.0,other_tissue,0,352.33603068094436
-352.11,500.3073,0.0,mesenchymal_tumor_class1,1,524.5418189941507
-500.464,-69.55999999999995,0.0,apCAF,1,1123.193598432888
-147.77999999999997,-72.38,0.0,other_tissue,0,1221.229406005376
-200.74,70.39999999999998,0.0,other_tissue,0,380.69923688407806
-399.06,-7.649999999999977,0.0,mesenchymal_tumor_class1,1,411.6012428552514
12.950000000000045,-55.27999999999997,0.0,other_tissue,0,332.15598452108225
317.37,-474.78,0.0,other_tissue,0,269.2000158354975
431.96000000000004,454.48,0.0,mesenchymal_tumor_class1,1,331.95887307522355
425.64,311.77,0.0,CD4_Tcell,1,1253.6100297273038
445.73,268.33000000000004,0.0,other_tissue,0,129.55749920227692
489.30999999999995,458.21,0.0,other_tissue,0,362.5656901647842
-41.56,-66.55999999999995,0.0,other_tissue,0,290.5903439334231
196.24,355.01,0.0,other_tissue,0,276.35959916883274
-180.38,-291.16999999999996,0.0,CAF,1,255.89666047864043
302.36,-56.75,0.0,other_tissue,0,197.1144594508181
-13.45999999999998,-206.13,0.0,other_tissue,0,289.6260665652551
323.07000000000005,-212.46000000000004,0.0,CAF,1,171.7826508659802
-161.89999999999998,442.26,0.0,other_tissue,0,141.88384716655716
294.41999999999996,272.65,0.0,CD8_Tcell,1,194.44043118919132
-487.72,-471.13,0.0,other_tissue,0,212.54487747993076
419.37,-406.38,0.0,other_tissue,0,211.8996554726133
-341.72,428.62,0.0,mesenchymal_tumor_class1,1,387.74052633229104
-174.14999999999998,-334.40999999999997,0.0,mesenchymal_tumor_class1,1,173.12362379472663
63.85000000000002,-94.41999999999996,0.0,other_tissue,0,141.70632252435402
84.13999999999999,69.25,0.0,apCAF,1,800.3026737233989
-422.08,-164.79999999999995,0.0,other_tissue,0,284.27178368883574
-108.00999999999999,-75.20000000000005,0.0,other_tissue,0,855.9443977021776
122.23000000000002,378.14,0.0,other_tissue,0,195.79070715451425
201.45000000000005,-446.87,0.0,other_tissue,0,175.59890146416018
-498.054,258.93,0.0,CAF,1,317.05931141242905
-309.78999999999996,-285.90999999999997,0.0,other_tissue,0,250.3718850997797
-301.93,173.39999999999998,0.0,other_tissue,0,474.0273539125371
458.47,213.10000000000002,0.0,other_tissue,0,698.583892674068
279.71000000000004,-353.52,0.0,other_tissue,0,164.43291979770126
488.25,-65.85000000000002,0.0,other_tissue,0,205.4433301734239
-38.19,23.889999999999986,0.0,other_tissue,0,314.7377058336165
427.17999999999995,33.39999999999998,0.0,other_tissue,0,1221.229406005376
234.19000000000005,-337.03999999999996,0.0,CD8_Tcell,1,402.4514442378995
-402.43,466.34000000000003,0.0,mesenchymal_tumor_class1,1,221.7425496696693
-473.24,34.089999999999975,0.0,other_tissue,0,960.2054452946663
194.24,-478.04999999999995,0.0,CD4_Tcell,1,176.76155270908825
466.79999999999995,271.35,0.0,mesenchymal_tumor_class1,1,476.1178470177983
46.41999999999996,-403.30999999999995,0.0,other_tissue,0,302.0024658368551
474.74,306.76,0.0,mesenchymal_tumor_class1_class2,1,121.33063857026593
449.82000000000005,-481.72,0.0,other_tissue,0,247.41555857799784
486.77,408.6,0.0,other_tissue,0,187.44135608280854
-356.88,223.01999999999998,0.0,CAF,1,338.85727956117125
416.19000000000005,-186.88,0.0,other_tissue,0,265.8069894032969
-398.15,40.660000000000025,0.0,other_tissue,0,1221.229406005376
-499.6872,58.25999999999999,0.0,other_tissue,0,439.6848270130511
-445.87,-199.45000000000005,0.0,other_tissue,0,357.6822633293263
363.4,142.49,0.0,other_tissue,0,252.41373540136306
186.96000000000004,-456.53,0.0,other_tissue,0,436.393480422451
-294.13,-52.98000000000002,0.0,other_tissue,0,147.83919262555523
107.50999999999999,459.59000000000003,0.0,other_tissue,0,496.4516356366333
65.0,480.22,0.0,epithelial_tumor_class1,1,1057.125272066966
381.34000000000003,465.15,0.0,mesenchymal_tumor_class1,1,329.0461248945319
-110.14999999999998,209.66000000000003,0.0,mesenchymal_tumor_class1_class2,1,131.56750601657492
401.82000000000005,-423.85,0.0,other_tissue,0,234.1747376989464
-46.410000000000025,-170.64,0.0,CD4_Tcell,1,199.15248166533004
-334.3,-126.42999999999995,0.0,CD4_Tcell,1,298.15504808295907
414.82000000000005,-97.59000000000003,0.0,other_tissue,0,863.1798476637645
-229.57999999999998,-66.20000000000005,0.0,other_tissue,0,303.48512977537376
-158.42000000000002,161.94,0.0,CAF,1,930.1422942426415
-142.63,190.70999999999998,0.0,epithelial_tumor_class1,1,6119.965826129493
-442.44,-122.33000000000004,0.0,other_tissue,0,225.16158480424133
-418.29,222.10000000000002,0.0,apCAF,1,175.78093996356932
412.08000000000004,1.1999999999999886,0.0,other_tissue,0,1221.229406005376
-26.529999999999973,96.12,0.0,other_tissue,0,521.6063967281339
-165.38,-169.39999999999998,0.0,other_tissue,0,601.2432277534288
-170.11,268.86,0.0,other_tissue,0,320.10461207701564
-425.46,301.97,0.0,other_tissue,0,672.5664476932579
440.44000000000005,442.52,0.0,mesenchymal_tumor_class1,1,322.15697037687994
-353.4,130.14999999999998,0.0,epithelial_tumor_class1,1,699.3647027902177
-367.41999999999996,241.38,0.0,mesenchymal_tumor_class1,1,401.9771349829716
265.23,86.16000000000003,0.0,other_tissue,0,538.5675127070364
6.670000000000016,48.85000000000002,0.0,other_tissue,0,161.95617809610053
-371.25,-440.0,0.0,other_tissue,0,214.69640503527683
-158.36,34.69,0.0,other_tissue,0,259.85431120842
-365.55,91.06,0.0,other_tissue,0,356.91522762555456
-383.44,270.22,0.0,other_tissue,0,184.9263685686729
496.11,-90.44000000000005,0.0,other_tissue,0,266.9782523261997
-477.21,76.75,0.0,other_tissue,0,173.02600051649696
454.44000000000005,346.8,0.0,other_tissue,0,182.16966061344718
247.15999999999997,-122.13,0.0,other_tissue,0,101.76460464269334
-419.84000000000003,-189.98000000000002,0.0,other_tissue,0,125.005748310734
-297.26,-366.25,0.0,mesenchymal_tumor_class1,1,629.7411900130202
378.44000000000005,18.30000000000001,0.0,other_tissue,0,412.75294893578024
-409.17,463.08,0.0,mesenchymal_tumor_class1,1,355.5421822757457
467.17999999999995,16.110000000000014,0.0,other_tissue,0,689.8633859795823
-158.16000000000003,365.38,0.0,other_tissue,0,233.70654136770375
309.73,-442.88,0.0,other_tissue,0,610.2098847892153
-128.56,-262.92999999999995,0.0,CD8_Tcell,1,166.5831525605755
109.65999999999997,-12.200000000000045,0.0,other_tissue,0,919.2639057719686
-404.18,25.319999999999993,0.0,mesenchymal_tumor_class1,1,1843.936603136635
388.03999999999996,387.34000000000003,0.0,other_tissue,0,225.41225505006773
-160.24,464.06,0.0,other_tissue,0,210.2709401214748
403.95000000000005,-113.46000000000004,0.0,other_tissue,0,1221.229406005376
146.58000000000004,51.19,0.0,other_tissue,0,148.69265603699057
-358.1,-168.89,0.0,other_tissue,0,237.85000420657175
108.29999999999995,418.74,0.0,other_tissue,0,940.3400845634086
452.08000000000004,146.23000000000002,0.0,other_tissue,0,316.55364672295855
-12.95999999999998,-380.42999999999995,0.0,other_tissue,0,259.53935620356214
-369.38,483.21,0.0,mesenchymal_tumor_class1,1,555.4347831865647
-169.42000000000002,-301.23,0.0,other_tissue,0,366.53895510536626
138.0,338.03999999999996,0.0,other_tissue,0,999.3932517954375
219.42999999999995,-88.91999999999996,0.0,other_tissue,0,380.1533497061729
-117.61000000000001,79.19999999999999,0.0,other_tissue,0,197.21275183535914
-365.81,-369.17999999999995,0.0,other_tissue,0,319.92360862522406
-390.98,170.99,0.0,other_tissue,0,340.6586017756671
-423.77,20.680000000000007,0.0,other_tissue,0,1092.9270723282848
286.45000000000005,-23.970000000000027,0.0,epithelial_tumor_class1,1,7122.944851501394
54.39999999999998,115.12,0.0,other_tissue,0,227.05514708916246
-288.74,-369.42999999999995,0.0,other_tissue,0,460.8766005719906
228.17999999999995,-431.57000000000005,0.0,other_tissue,0,165.38547028054975
-360.35,217.10000000000002,0.0,other_tissue,0,296.1523280458316
163.48000000000002,157.58999999999997,0.0,other_tissue,0,180.40376760854875
436.09000000000003,303.91999999999996,0.0,other_tissue,0,290.9936418538912
-96.06,-303.23,0.0,CD8_Tcell,1,98.2426443831453
-383.73,-303.94000000000005,0.0,other_tissue,0,344.98162923308706
451.65,216.62,0.0,other_tissue,0,882.3471890884537
255.17999999999995,219.94,0.0,other_tissue,0,236.9229798234953
-118.0,-251.64,0.0,other_tissue,0,143.15052234165117
319.65,-484.77,0.0,other_tissue,0,172.53843458208166
-265.99,298.09000000000003,0.0,other_tissue,0,170.07722426685243
217.66999999999996,-412.12,0.0,other_tissue,0,129.75571297432708
-117.19,-433.79999999999995,0.0,other_tissue,0,152.66367264857274
-250.66,-50.120000000000005,0.0,apCAF,1,606.1310326019807
-481.62,440.42,0.0,other_tissue,0,167.38236319224052
-415.19,194.52999999999997,0.0,other_tissue,0,199.16897416918613
86.07000000000005,107.91000000000003,0.0,apCAF,1,844.4217242291468
270.97,60.50999999999999,0.0,epithelial_tumor_class1,1,7741.03554065621
19.49000000000001,-89.65999999999997,0.0,other_tissue,0,107.88104124632905
-26.360000000000014,-29.57000000000005,0.0,other_tissue,0,168.42736541234314
-469.57,442.87,0.0,other_tissue,0,171.6407208393957
-171.07999999999998,-159.99,0.0,other_tissue,0,123.68652743693421
338.86,491.911,0.0,CAF,1,200.01956958399782
-1.1299999999999955,-171.59000000000003,0.0,other_tissue,0,161.446626536275
111.95000000000005,-441.65999999999997,0.0,other_tissue,0,221.84886701627053
-323.99,-77.61000000000001,0.0,other_tissue,0,220.02846293217382
488.94000000000005,-466.20000000000005,0.0,other_tissue,0,828.5795737674412
-176.20999999999998,-170.10000000000002,0.0,other_tissue,0,118.84697368407744
158.57000000000005,357.38,0.0,other_tissue,0,253.48723137847574
-350.56,236.39,0.0,other_tissue,0,400.89815538319783
-140.47000000000003,-59.72000000000003,0.0,other_tissue,0,469.0614308487345
-238.99,93.23000000000002,0.0,other_tissue,0,130.4448337600065
113.97000000000003,482.07,0.0,epithelial_tumor_class1,1,4960.448932860891
-369.69,499.8453,0.0,mesenchymal_tumor_class1,1,723.0798997022184
-378.15,167.19,0.0,other_tissue,0,192.73309599387665
-469.79,-481.0,0.0,other_tissue,0,234.1012538247829
444.24,245.85,0.0,CAF,1,308.5249348496158
349.65999999999997,-82.98000000000002,0.0,other_tissue,0,362.71324453732075
248.25,32.54000000000002,0.0,epithelial_tumor_class1,1,1255.1005698905171
450.87,311.87,0.0,mesenchymal_tumor_class1_class2,1,478.4806860152412
341.36,12.75,0.0,other_tissue,0,378.36700900817067
-164.54000000000002,105.60000000000002,0.0,other_tissue,0,249.83437312184964
-68.66000000000003,-118.61000000000001,0.0,other_tissue,0,160.3593511924313
410.28,436.63,0.0,mesenchymal_tumor_class1,1,717.3292733982263
-6.779999999999973,-363.69000000000005,0.0,other_tissue,0,229.07696015514352
424.03999999999996,114.82999999999998,0.0,other_tissue,0,94.9096151147025
131.46000000000004,239.23000000000002,0.0,epithelial_tumor_class1,1,592.8733116605439
98.48000000000002,331.19,0.0,other_tissue,0,558.610465829587
-460.21,308.69,0.0,other_tissue,0,171.9919534839334
122.61000000000001,-13.629999999999995,0.0,mesenchymal_tumor_class1_class2,1,1906.5897307366151
136.49,-117.76999999999998,0.0,apCAF,1,1281.6251411997255
-300.93,264.33000000000004,0.0,other_tissue,0,208.41250999567043
-368.9,-281.40999999999997,0.0,apCAF,1,643.8438963910098
-346.72,193.88,0.0,CAF,1,422.8199853363366
296.23,-387.09000000000003,0.0,other_tissue,0,141.3845265092625
305.65999999999997,-29.110000000000014,0.0,other_tissue,0,727.8824558878388
480.78,19.939999999999998,0.0,other_tissue,0,707.5887638975128
300.33000000000004,-0.8600000000000136,0.0,epithelial_tumor_class1,1,7741.03554065621
-360.82,197.16000000000003,0.0,other_tissue,0,345.51712395708404
-67.88,-19.399999999999977,0.0,other_tissue,0,157.56376935775066
-159.22000000000003,-68.75999999999999,0.0,other_tissue,0,303.73635314668195
-269.95,-194.0,0.0,other_tissue,0,99.06400307449124
422.26,-161.08000000000004,0.0,other_tissue,0,202.39410792702392
301.44000000000005,352.14,0.0,mesenchymal_tumor_class1,1,137.26471151272648
429.0,295.64,0.0,apCAF,1,605.8886125144915
93.58000000000004,-77.27999999999997,0.0,other_tissue,0,156.18525833567924
-185.89,-130.22000000000003,0.0,other_tissue,0,362.4550506506971
98.73000000000002,260.82,0.0,CAF,1,278.983900160399
-346.53,-407.15,0.0,other_tissue,0,306.3001628682965
-373.27,-485.09000000000003,0.0,other_tissue,0,464.71034749548227
225.96000000000004,-2.2799999999999727,0.0,epithelial_tumor_class1,1,7741.03554065621
461.79999999999995,282.52,0.0,mesenchymal_tumor_class1_class2,1,418.0568426585623
290.72,408.2,0.0,other_tissue,0,429.28196935066603
336.03,-286.73,0.0,other_tissue,0,398.5364381797115
86.98000000000002,-230.59000000000003,0.0,other_tissue,0,100.69320441261348
446.16999999999996,287.18,0.0,apCAF,1,648.9777515753811
-312.31,13.680000000000007,0.0,apCAF,1,175.78093996356932
421.37,-94.97000000000003,0.0,other_tissue,0,335.0053796294301
348.16999999999996,71.32999999999998,0.0,epithelial_tumor_class1,1,6050.413491838549
-471.49,-378.53,0.0,other_tissue,0,483.6319274637868
-222.10000000000002,232.62,0.0,other_tissue,0,221.92862732402565
204.94000000000005,-329.19000000000005,0.0,other_tissue,0,156.66962955053518
384.03999999999996,-91.04999999999995,0.0,other_tissue,0,254.45694723435852
242.28999999999996,165.48000000000002,0.0,other_tissue,0,357.6700795843234
-402.32,340.95,0.0,other_tissue,0,212.1403853800923
474.05999999999995,219.43,0.0,mesenchymal_tumor_class1,1,675.1311752321714
-351.62,190.83999999999997,0.0,other_tissue,0,174.5848292126689
-475.36,268.48,0.0,other_tissue,0,204.01545949960538
357.59000000000003,465.67,0.0,mesenchymal_tumor_class1_class2,1,554.2755642070924
-160.17000000000002,326.22,0.0,other_tissue,0,181.4944797990524
25.440000000000055,2.519999999999982,0.0,other_tissue,0,260.05128741916553
372.0,163.99,0.0,other_tissue,0,254.52491980748394
-481.68,58.80000000000001,0.0,CAF,1,324.22949418716917
436.19000000000005,-350.07000000000005,0.0,other_tissue,0,149.22263301908967
118.75999999999999,-289.89,0.0,other_tissue,0,178.03643571003448
-363.78999999999996,115.73000000000002,0.0,CD4_Tcell,1,576.3937688881839
-159.70999999999998,150.61,0.0,other_tissue,0,185.2247719481598
-152.32999999999998,-113.11000000000001,0.0,other_tissue,0,240.01000676648493
224.72000000000003,324.03,0.0,apCAF,1,278.983900160399
-30.24000000000001,-407.33000000000004,0.0,other_tissue,0,188.68746875565887
-264.22,-144.64,0.0,other_tissue,0,143.95929293248255
-268.81,163.79000000000002,0.0,apCAF,1,1281.6251411997255
101.59000000000003,383.28,0.0,CD8_Tcell,1,228.47096866911167
333.91999999999996,152.12,0.0,other_tissue,0,598.7662654206887
187.39,-256.42999999999995,0.0,other_tissue,0,294.37254546171306
-227.64,-430.49,0.0,other_tissue,0,269.1092969093066
481.92999999999995,471.18,0.0,other_tissue,0,134.0726877877811
-499.8061,-146.34000000000003,0.0,other_tissue,0,1013.9167610592821
-130.27999999999997,-73.08000000000004,0.0,other_tissue,0,1221.229406005376
70.88999999999999,-114.69000000000005,0.0,other_tissue,0,604.7985219826155
-230.39,-232.47000000000003,0.0,other_tissue,0,133.269872078191
-291.34000000000003,88.55000000000001,0.0,CAF,1,230.14683248750032
142.55999999999995,423.03,0.0,epithelial_tumor_class1_class2,1,1569.393171924046
-315.05,-296.44000000000005,0.0,other_tissue,0,914.9728732531773
-437.49,387.12,0.0,other_tissue,0,227.5865193224684
-181.95999999999998,259.01,0.0,other_tissue,0,278.49896209426026
400.09000000000003,-493.08000000000004,0.0,apCAF,1,566.3046115682076
-355.6,232.47000000000003,0.0,CAF,1,456.46167228870814
-433.74,22.310000000000002,0.0,other_tissue,0,351.9742894046036
-500.5092,112.08999999999997,0.0,epithelial_tumor_class1_class2,1,1143.6962057971523
-147.95999999999998,131.51,0.0,other_tissue,0,247.9209681785245
-195.99,-391.5,0.0,other_tissue,0,103.10387414004416
-207.69,214.76999999999998,0.0,other_tissue,0,138.69806047254346
-44.89999999999998,181.13,0.0,other_tissue,0,343.3784653472258
93.76999999999998,453.64,0.0,other_tissue,0,173.58971693468231
-471.78,-441.73,0.0,other_tissue,0,360.33268573302445
-308.44,408.39,0.0,CAF,1,153.951947433476
462.70000000000005,355.68,0.0,other_tissue,0,207.22481606047467
121.13999999999999,-79.80999999999995,0.0,other_tissue,0,111.61661506667144
484.39,331.14,0.0,other_tissue,0,258.85127959313223
299.64,200.11,0.0,other_tissue,0,144.32489662649402
316.80999999999995,-83.14999999999998,0.0,CAF,1,246.64446793531584
73.34000000000003,-191.42999999999995,0.0,other_tissue,0,176.6092814588471
-183.51,-308.05999999999995,0.0,other_tissue,0,647.2574148458942
-113.35000000000002,-170.90999999999997,0.0,other_tissue,0,358.97530999365773
218.37,149.98000000000002,0.0,other_tissue,0,170.5155291197192
207.82000000000005,138.27999999999997,0.0,other_tissue,0,467.6032098294896
-225.14999999999998,267.48,0.0,other_tissue,0,207.47894102803318
-382.31,-495.03999999999996,0.0,CAF,1,502.2348302555414
153.32000000000005,-254.26999999999998,0.0,other_tissue,0,159.6538233224429
-312.44,-437.03999999999996,0.0,other_tissue,0,169.33605119634194
-475.08,146.74,0.0,other_tissue,0,355.0933675374102
238.75,-167.11,0.0,other_tissue,0,399.7554971671771
-372.68,247.85,0.0,mesenchymal_tumor_class1_class2,1,1992.4603867673443
-242.18,-386.0,0.0,other_tissue,0,489.7959465512172
-314.34000000000003,-419.17999999999995,0.0,other_tissue,0,127.17019707437542
-369.72,-131.5,0.0,CAF,1,186.82431344171505
208.03999999999996,-462.28,0.0,other_tissue,0,161.5900538960742
59.960000000000036,442.63,0.0,apCAF,1,308.5249348496158
-301.41999999999996,25.75,0.0,other_tissue,0,225.0094828606313
362.03999999999996,-275.46000000000004,0.0,other_tissue,0,189.6037222680168
-433.52,-312.87,0.0,other_tissue,0,268.0323107653988
350.54999999999995,18.939999999999998,0.0,other_tissue,0,720.3173330793683
73.37,-344.42999999999995,0.0,other_tissue,0,211.46165121673545
-445.14,405.53,0.0,other_tissue,0,107.79886773592983
-303.91999999999996,-472.45000000000005,0.0,other_tissue,0,166.85415836904846
439.91999999999996,73.23000000000002,0.0,other_tissue,0,320.42153237147494
-203.38,-64.05999999999995,0.0,other_tissue,0,240.5801015564576
-61.25,-482.63,0.0,CD4_Tcell,1,141.94456803373458
-293.11,-438.1,0.0,other_tissue,0,196.5907849468524
243.62,-122.01999999999998,0.0,other_tissue,0,127.01738992632444
-120.35000000000002,139.32999999999998,0.0,mesenchymal_tumor_class1,1,155.27538922957345
-478.09,-477.83000000000004,0.0,other_tissue,0,94.9096151147025
-457.09000000000003,8.759999999999991,0.0,apCAF,1,883.9942723626272
218.16999999999996,344.35,0.0,other_tissue,0,205.51068772161187
-357.65999999999997,119.70999999999998,0.0,other_tissue,0,486.93188388781175
-124.07,-291.52,0.0,mesenchymal_tumor_class1,1,231.72138816024002
-290.61,21.45999999999998,0.0,other_tissue,0,181.68056965021648
-163.68,148.2,0.0,CAF,1,175.78093996356932
266.01,-2.019999999999982,0.0,epithelial_tumor_class1,1,7741.03554065621
-64.20999999999998,-110.35000000000002,0.0,other_tissue,0,170.63452111062705
485.80999999999995,-413.25,0.0,other_tissue,0,215.60801053841212
101.94000000000005,363.37,0.0,other_tissue,0,159.8745231777958
-499.7926,97.83999999999997,0.0,epithelial_tumor_class1_class2,1,2589.729858414446
-345.61,-376.22,0.0,mesenchymal_tumor_class1,1,259.0084468954062
496.46000000000004,-238.32000000000005,0.0,other_tissue,0,237.03409534114397
428.55999999999995,-13.42999999999995,0.0,other_tissue,0,167.41908542007005
312.16999999999996,-302.77,0.0,other_tissue,0,262.80949411680973
-78.01999999999998,-47.84000000000003,0.0,other_tissue,0,133.9650378814472
227.88,58.39999999999998,0.0,other_tissue,0,1221.229406005376
292.08000000000004,-199.34000000000003,0.0,other_tissue,0,196.0353979313977
494.71000000000004,-331.63,0.0,other_tissue,0,168.55276205302678
425.95000000000005,-95.34000000000003,0.0,other_tissue,0,249.60424654848364
-467.18,94.48000000000002,0.0,other_tissue,0,143.0248395329367
368.4,287.5,0.0,other_tissue,0,361.5093880603149
396.79999999999995,-305.28,0.0,other_tissue,0,211.3586791853262
321.86,-20.970000000000027,0.0,other_tissue,0,530.5724282813103
69.36000000000001,-57.450000000000045,0.0,other_tissue,0,106.5060588726013
494.39,440.88,0.0,other_tissue,0,623.7027708182985
-128.20999999999998,-60.309999999999945,0.0,other_tissue,0,123.75256722788089
158.52999999999997,382.44,0.0,other_tissue,0,439.5030947829413
-472.21,-77.33000000000004,0.0,other_tissue,0,125.2961403312779
11.95999999999998,-15.149999999999977,0.0,apCAF,1,632.944283212115
342.52,-389.35,0.0,apCAF,1,718.8998828753846
-461.36,258.58000000000004,0.0,other_tissue,0,124.66752512074751
488.07000000000005,1.8000000000000114,0.0,other_tissue,0,220.84022332053993
-181.41000000000003,-391.47,0.0,other_tissue,0,197.84423893880327
-198.98000000000002,499.2919,0.0,other_tissue,0,784.299031467379
-371.08000000000004,-496.97,0.0,other_tissue,0,129.6008412037855
-476.36,-348.76,0.0,other_tissue,0,130.94300740454662
312.01,-9.25,0.0,other_tissue,0,170.2702828745415
-342.09000000000003,-286.45000000000005,0.0,other_tissue,0,624.4267471985632
-405.97,188.99,0.0,other_tissue,0,269.49247106053264
221.10000000000002,-61.99000000000001,0.0,other_tissue,0,315.07346581866227
290.80999999999995,-13.830000000000041,0.0,other_tissue,0,780.1729149959973
259.35,-380.78999999999996,0.0,other_tissue,0,183.1972672863645
223.90999999999997,-81.11000000000001,0.0,epithelial_tumor_class1,1,592.8733116605439
-298.14,234.73000000000002,0.0,other_tissue,0,109.6163453524622
-219.77999999999997,156.14,0.0,other_tissue,0,174.8795657460461
294.64,-496.6,0.0,CAF,1,344.3278874170097
133.39999999999998,-440.82000000000005,0.0,other_tissue,0,192.66049437636
367.02,59.06999999999999,0.0,epithelial_tumor_class1,1,1881.3462046647944
188.89,263.51,0.0,other_tissue,0,251.593741107097
-180.07,440.6,0.0,other_tissue,0,94.9096151147025
49.289999999999964,-63.85000000000002,0.0,mesenchymal_tumor_class1,1,499.48985594775155
-16.569999999999993,-76.0,0.0,other_tissue,0,130.92430304202782
1.5199999999999818,18.25,0.0,other_tissue,0,124.63735632396279
-381.8,186.91000000000003,0.0,CAF,1,263.73321174840646
290.01,-330.9,0.0,other_tissue,0,223.91993695408635
-404.24,280.08000000000004,0.0,other_tissue,0,129.68755420380336
347.58000000000004,-62.00999999999999,0.0,epithelial_tumor_class1,1,6028.521651060201
-499.7473,-157.37,0.0,other_tissue,0,896.5027022024506
118.50999999999999,421.48,0.0,CAF,1,390.38224043107545
200.07000000000005,20.810000000000002,0.0,epithelial_tumor_class1,1,7140.952438830502
39.40999999999997,-93.02999999999997,0.0,mesenchymal_tumor_class1,1,322.13424458978284
-483.94,-363.72,0.0,other_tissue,0,148.30615974683303
446.03,-493.1,0.0,other_tissue,0,932.5866981800814
362.65999999999997,314.52,0.0,other_tissue,0,168.5232513636376
480.6,452.64,0.0,other_tissue,0,616.7039632376129
430.79999999999995,271.63,0.0,CAF,1,368.92186457836334
-396.37,213.60000000000002,0.0,apCAF,1,318.47803675878293
-498.415,-194.73000000000002,0.0,other_tissue,0,264.30042968588594
-379.49,-98.88,0.0,other_tissue,0,101.55919343666577
366.98,14.300000000000011,0.0,other_tissue,0,228.5613472257803
-325.52,-334.12,0.0,other_tissue,0,407.2814984655842
205.91999999999996,45.139999999999986,0.0,other_tissue,0,603.0191280869317
-189.51,-323.42999999999995,0.0,mesenchymal_tumor_class1,1,854.00583576093
286.64,331.32,0.0,other_tissue,0,196.4681830500487
278.39,325.84000000000003,0.0,other_tissue,0,94.9096151147025
-240.32999999999998,471.04,0.0,other_tissue,0,94.9096151147025
345.97,-375.5,0.0,other_tissue,0,157.72606315571332
-321.82,261.46000000000004,0.0,mesenchymal_tumor_class1,1,300.8393583259904
5.800000000000011,-455.57000000000005,0.0,other_tissue,0,158.38343095345328
-236.13,341.34000000000003,0.0,other_tissue,0,188.50457299900233
397.64,55.5,0.0,other_tissue,0,1221.229406005376
469.61,-114.23000000000002,0.0,other_tissue,0,129.79909916889596
358.70000000000005,-106.84000000000003,0.0,other_tissue,0,1203.3301035089073
385.01,278.03999999999996,0.0,other_tissue,0,260.9685344791514
-105.82,-85.38999999999999,0.0,other_tissue,0,374.9242729645635
-69.29000000000002,144.26999999999998,0.0,other_tissue,0,204.36761016646304
-334.01,272.11,0.0,mesenchymal_tumor_class1,1,259.3819741810202
-156.39999999999998,-319.0,0.0,mesenchymal_tumor_class1,1,189.59574208946623
423.05999999999995,47.06,0.0,epithelial_tumor_class1,1,3784.1101106167
-465.03,-349.6,0.0,other_tissue,0,275.171265792153
257.48,-121.98000000000002,0.0,other_tissue,0,126.79756275349956
136.67999999999995,84.66000000000003,0.0,other_tissue,0,186.90334568122003
-222.29000000000002,25.829999999999984,0.0,CAF,1,229.93803725145017
-375.90999999999997,227.62,0.0,mesenchymal_tumor_class1_class2,1,329.0461248945319
-121.62,500.3414,0.0,CAF,1,445.1319230574685
340.08000000000004,380.18,0.0,other_tissue,0,406.15325874248055
28.42999999999995,-58.75,0.0,other_tissue,0,415.03589413789285
321.66999999999996,-105.15999999999997,0.0,other_tissue,0,258.16442018617863
-388.23,234.42000000000002,0.0,mesenchymal_tumor_class1,1,410.6921097641093
49.690000000000055,-385.4,0.0,other_tissue,0,169.4618983964151
494.66999999999996,-5.889999999999986,0.0,other_tissue,0,194.32683721623985
9.470000000000027,-77.23000000000002,0.0,other_tissue,0,381.4109428347204
417.08000000000004,-448.07000000000005,0.0,other_tissue,0,95.88890147871554
-499.998,-129.14,0.0,other_tissue,0,461.1074717514557
293.19000000000005,-416.48,0.0,other_tissue,0,164.63621020892427
-289.68,70.32999999999998,0.0,mesenchymal_tumor_class1,1,868.8697731767013
227.51999999999998,42.94,0.0,other_tissue,0,951.8282655493258
-21.689999999999998,-240.47000000000003,0.0,other_tissue,0,130.10928184902588
-17.920000000000016,369.24,0.0,other_tissue,0,283.9269458768016
-327.94,-145.66999999999996,0.0,apCAF,1,1281.6251411997255
-93.35000000000002,97.75999999999999,0.0,other_tissue,0,383.10479823244384
474.9,-422.83000000000004,0.0,other_tissue,0,1168.6268193591013
-394.28,199.66000000000003,0.0,other_tissue,0,188.46482869750577
429.15,164.56,0.0,other_tissue,0,105.54191490288346
459.57000000000005,335.56,0.0,apCAF,1,1271.1489072833087
-304.57,83.04000000000002,0.0,apCAF,1,1281.6251411997255
295.36,56.25999999999999,0.0,epithelial_tumor_class1_class2,1,2368.7459580120976
344.28999999999996,396.3,0.0,other_tissue,0,240.07538168528077
213.61,-16.470000000000027,0.0,epithelial_tumor_class1,1,7741.03554065621
429.91999999999996,484.22,0.0,mesenchymal_tumor_class1,1,114.3784460947987
83.80999999999995,-413.40999999999997,0.0,other_tissue,0,208.54003141371103
19.799999999999955,-10.04000000000002,0.0,other_tissue,0,137.04606549194443
494.41999999999996,317.65,0.0,apCAF,1,974.1100562952698
-86.63999999999999,203.01999999999998,0.0,other_tissue,0,677.0123849746612
-340.85,173.19,0.0,other_tissue,0,278.8497120825067
423.39,-371.19000000000005,0.0,other_tissue,0,274.8236078853489
-137.48000000000002,-76.37,0.0,other_tissue,0,1221.229406005376
151.87,-11.560000000000002,0.0,other_tissue,0,306.6298960424631
246.30999999999995,-351.51,0.0,other_tissue,0,150.13604369135967
-317.14,-0.5199999999999818,0.0,other_tissue,0,300.1559368448874
43.460000000000036,-157.5,0.0,other_tissue,0,150.54623878170196
222.04999999999995,266.33000000000004,0.0,other_tissue,0,163.0290022970324
-277.63,-418.28,0.0,mesenchymal_tumor_class1,1,152.78111863780046
-374.49,-280.33000000000004,0.0,other_tissue,0,217.43895563811438
369.80999999999995,269.5,0.0,apCAF,1,402.3460099554784
308.21000000000004,89.11000000000001,0.0,epithelial_tumor_class1_class2,1,6028.521651060201
373.03999999999996,-66.64999999999998,0.0,other_tissue,0,254.62204448010195
235.35000000000002,74.69999999999999,0.0,other_tissue,0,492.1284237232181
19.850000000000023,-138.94000000000005,0.0,apCAF,1,844.4217242291468
458.86,-330.02,0.0,other_tissue,0,202.0192526983095
353.64,465.46,0.0,other_tissue,0,128.21253706780482
59.460000000000036,-332.9,0.0,other_tissue,0,94.9096151147025
322.95000000000005,-12.200000000000045,0.0,other_tissue,0,235.72145339177828
-205.8,175.26999999999998,0.0,other_tissue,0,203.38762562187566
-499.5963,380.74,0.0,other_tissue,0,183.21286673008856
303.6,271.24,0.0,other_tissue,0,231.32024433806043
-234.75,-205.74,0.0,other_tissue,0,135.8284929970459
376.87,-470.64,0.0,other_tissue,0,188.17089447973177
-499.6564,0.7200000000000273,0.0,apCAF,1,516.686498326005
186.08000000000004,248.54,0.0,other_tissue,0,161.31044917966867
77.46000000000004,423.81,0.0,other_tissue,0,97.98083867782869
491.36,-54.15999999999997,0.0,other_tissue,0,105.26135717782088
118.89999999999998,192.26999999999998,0.0,CAF,1,310.5164590948728
-268.53999999999996,-209.82000000000005,0.0,other_tissue,0,238.83528682380592
186.42999999999995,-40.59000000000003,0.0,other_tissue,0,210.92142098244034
318.37,-303.12,0.0,other_tissue,0,198.02491109802884
30.440000000000055,450.64,0.0,other_tissue,0,447.92888067523455
436.34000000000003,270.13,0.0,CAF,1,367.8408332065012
-231.42000000000002,61.94,0.0,other_tissue,0,293.4319449783785
106.86000000000001,-3.269999999999982,0.0,CAF,1,194.47289473886786
21.529999999999973,227.06,0.0,other_tissue,0,438.7627047023336
-23.629999999999995,-140.89999999999998,0.0,apCAF,1,403.6784697298724
23.91999999999996,-133.95000000000005,0.0,other_tissue,0,169.2694514391693
152.26,63.48000000000002,0.0,other_tissue,0,114.04432919586905
-455.27,492.155,0.0,CAF,1,157.66960050517866
379.15999999999997,448.54,0.0,mesenchymal_tumor_class1,1,655.2691651960138
-223.49,494.532,0.0,other_tissue,0,238.59336236591182
-243.76,-336.40999999999997,0.0,other_tissue,0,479.75393600055986
401.45000000000005,168.93,0.0,other_tissue,0,104.5836071577149
344.49,418.33,0.0,CAF,1,672.1581793458913
-350.48,-372.84000000000003,0.0,mesenchymal_tumor_class1,1,240.27157766787562
-407.12,-495.35,0.0,other_tissue,0,370.80316188403174
173.49,-128.76999999999998,0.0,other_tissue,0,189.26874752808232
254.10000000000002,67.70999999999998,0.0,CAF,1,426.60437148647213
-325.28999999999996,190.48000000000002,0.0,mesenchymal_tumor_class1,1,140.01091827605
234.29999999999995,447.48,0.0,CAF,1,249.53715292737056
-103.66000000000003,460.92,0.0,other_tissue,0,307.3231057939789
-453.95,-411.74,0.0,other_tissue,0,128.69268722727475
52.549999999999955,-89.83000000000004,0.0,other_tissue,0,173.29643184322714
435.84000000000003,422.64,0.0,other_tissue,0,119.99626548681915
-272.5,-111.61000000000001,0.0,other_tissue,0,195.9293402461907
331.17999999999995,-30.220000000000027,0.0,other_tissue,0,586.3309883653287
-267.33000000000004,-118.23000000000002,0.0,other_tissue,0,207.8520333319548
19.629999999999995,258.32,0.0,other_tissue,0,252.23028817706148
-394.19,-41.89999999999998,0.0,CD8_Tcell,1,123.71654261041931
7.430000000000007,238.36,0.0,other_tissue,0,330.70845673363317
33.91999999999996,-63.58000000000004,0.0,other_tissue,0,208.57404590817262
-278.0,-347.79999999999995,0.0,other_tissue,0,130.84327138707235
-211.64,337.98,0.0,other_tissue,0,126.01193168065217
463.16999999999996,488.67,0.0,other_tissue,0,278.1691132560476
487.61,29.420000000000016,0.0,other_tissue,0,204.2417955911207
305.48,-40.25,0.0,other_tissue,0,556.530175251795
365.13,-49.72000000000003,0.0,other_tissue,0,1221.229406005376
412.24,-371.24,0.0,other_tissue,0,165.64058973934013
-120.83999999999997,-334.6,0.0,other_tissue,0,94.9096151147025
-100.10000000000002,384.7,0.0,CAF,1,795.0825111493328
-164.14999999999998,97.82,0.0,mesenchymal_tumor_class1,1,300.9479332341122
-117.33999999999997,-59.139999999999986,0.0,other_tissue,0,174.75105009746133
457.79999999999995,303.88,0.0,mesenchymal_tumor_class1,1,1069.367025038318
353.71000000000004,-111.22000000000003,0.0,other_tissue,0,181.34724881856346
-448.12,73.75999999999999,0.0,other_tissue,0,198.77340531930355
-401.06,16.170000000000016,0.0,mesenchymal_tumor_class1,1,1160.250077791274
491.83000000000004,245.92,0.0,other_tissue,0,540.5386418900433
-109.72000000000003,220.32999999999998,0.0,other_tissue,0,391.83057366461037
-448.85,57.410000000000025,0.0,other_tissue,0,123.95082763451823
-216.52999999999997,-119.0,0.0,other_tissue,0,420.277879272295
-156.97000000000003,-114.90999999999997,0.0,CAF,1,297.2925602310586
381.67999999999995,159.76,0.0,other_tissue,0,173.40167563192296
-307.06,-296.29999999999995,0.0,other_tissue,0,618.89641095464
476.46000000000004,353.8,0.0,other_tissue,0,155.79988117683615
85.51999999999998,264.11,0.0,other_tissue,0,159.98138640886071
-139.41000000000003,-51.889999999999986,0.0,other_tissue,0,187.28301070061627
-465.62,189.0,0.0,epithelial_tumor_class1,1,713.905165382793
367.73,-374.98,0.0,other_tissue,0,152.31169584431217
-501.756,300.27,0.0,other_tissue,0,331.21750586934803
89.08000000000004,-371.96000000000004,0.0,other_tissue,0,240.8608069036783
-406.39,52.370000000000005,0.0,other_tissue,0,129.9665365134236
233.27999999999997,31.29000000000002,0.0,epithelial_tumor_class1,1,5808.983714004065
-403.19,-451.70000000000005,0.0,other_tissue,0,129.1369653877286
379.23,39.829999999999984,0.0,other_tissue,0,381.8307560513207
64.35000000000002,-170.86,0.0,other_tissue,0,296.48548997990343
-6.079999999999984,134.63,0.0,other_tissue,0,233.54144472104593
-177.25,212.83999999999997,0.0,mesenchymal_tumor_class1,1,244.65280881526593
-48.360000000000014,-376.55999999999995,0.0,other_tissue,0,192.56372058442625
405.30999999999995,368.02,0.0,mesenchymal_tumor_class1,1,220.06371542957248
-438.88,-451.28,0.0,other_tissue,0,235.37100684399834
216.98000000000002,48.93000000000001,0.0,epithelial_tumor_class1,1,7502.964489914357
-90.41000000000003,-335.28999999999996,0.0,other_tissue,0,187.48095636917398
-499.9085,-324.53999999999996,0.0,other_tissue,0,639.7599517320423
-499.9718,-165.55999999999995,0.0,other_tissue,0,282.96705255991947
114.48000000000002,385.88,0.0,other_tissue,0,133.9460468228188
468.65,-412.80999999999995,0.0,other_tissue,0,209.85226105946097
382.01,-437.61,0.0,CAF,1,439.08390384745155
365.99,-36.10000000000002,0.0,other_tissue,0,678.2062455722028
232.78999999999996,-156.41999999999996,0.0,other_tissue,0,166.60511506454708
-390.31,-379.24,0.0,other_tissue,0,325.4292144653104
-91.56,207.95999999999998,0.0,CAF,1,527.1252468829173
52.129999999999995,-455.85,0.0,other_tissue,0,230.7557824042027
235.33000000000004,-148.09000000000003,0.0,other_tissue,0,291.8651873387759
-282.58000000000004,-321.98,0.0,other_tissue,0,117.99565428605892
41.09000000000003,231.66000000000003,0.0,other_tissue,0,94.9096151147025
-220.20999999999998,-209.72000000000003,0.0,other_tissue,0,103.49780631950817
86.64999999999998,-173.64,0.0,other_tissue,0,462.3641833266579
411.87,385.11,0.0,other_tissue,0,200.1519178330194
-105.29000000000002,215.07,0.0,CAF,1,395.7407099364586
326.29999999999995,358.8,0.0,other_tissue,0,206.47213310030267
-66.32999999999998,260.08000000000004,0.0,CD8_Tcell,1,211.15283541858187
-215.57999999999998,-148.01999999999998,0.0,other_tissue,0,142.1998125021419
-26.79000000000002,-9.079999999999984,0.0,other_tissue,0,203.4210775339175
-500.7708,13.439999999999998,0.0,other_tissue,0,281.93654317466553
121.07000000000005,429.12,0.0,epithelial_tumor_class1,1,717.8525554470543
137.87,142.29000000000002,0.0,other_tissue,0,122.31107144759197
-364.26,-171.82000000000005,0.0,other_tissue,0,132.35091745490786
340.75,-422.13,0.0,other_tissue,0,118.7417959298664
484.61,284.89,0.0,other_tissue,0,450.85125703483095
-179.22000000000003,154.41000000000003,0.0,other_tissue,0,109.9822749871602
195.39999999999998,103.51999999999998,0.0,other_tissue,0,134.70073617268446
-499.6983,85.56,0.0,apCAF,1,909.8322049006119
-301.28,-315.85,0.0,other_tissue,0,152.91245306631404
241.66999999999996,25.25999999999999,0.0,other_tissue,0,969.1525011975352
-371.28,197.52999999999997,0.0,other_tissue,0,132.89170638398923
-130.92000000000002,207.77999999999997,0.0,other_tissue,0,503.9478793961133
465.20000000000005,176.04000000000002,0.0,other_tissue,0,135.43274613716488
392.92999999999995,-475.88,0.0,CAF,1,227.9201753607413
-416.75,242.99,0.0,apCAF,1,294.23346676614415
-194.01999999999998,205.73000000000002,0.0,other_tissue,0,321.1807263320347
318.84000000000003,-30.049999999999955,0.0,other_tissue,0,210.288040881073
-209.31,-306.4,0.0,mesenchymal_tumor_class1,1,1373.1257667151656
-316.3,9.019999999999982,0.0,other_tissue,0,327.30897847091785
-29.660000000000025,109.16000000000003,0.0,CAF,1,429.8876904795095
-89.77999999999997,293.8,0.0,other_tissue,0,460.71792134692026
-34.420000000000016,-321.51,0.0,other_tissue,0,168.74466551357165
-377.15999999999997,453.01,0.0,mesenchymal_tumor_class1,1,401.16114288162873
-443.32,-128.45000000000005,0.0,other_tissue,0,255.26368706425362
-23.54000000000002,-467.23,0.0,other_tissue,0,141.22709003525034
-457.01,42.839999999999975,0.0,apCAF,1,507.8626462590343
-185.57999999999998,-104.83000000000004,0.0,CD4_Tcell,1,800.9489757819449
-446.58,295.06,0.0,other_tissue,0,225.79757506083976
365.35,-469.14,0.0,other_tissue,0,437.7024650373431
364.72,-496.07000000000005,0.0,other_tissue,0,122.86599935956238
-347.87,129.72000000000003,0.0,other_tissue,0,94.9096151147025
415.26,-437.92999999999995,0.0,other_tissue,0,119.86101758111955
-164.67000000000002,-337.41999999999996,0.0,apCAF,1,729.4292390381235
-394.08,225.45,0.0,mesenchymal_tumor_class1_class2,1,106.52872372464805
-333.9,-72.23000000000002,0.0,CAF,1,189.2049875811053
326.59000000000003,-383.83000000000004,0.0,other_tissue,0,152.9608584008919
418.41999999999996,-205.80999999999995,0.0,other_tissue,0,202.26077298970384
429.72,-93.30999999999995,0.0,other_tissue,0,106.4788963509169
-420.76,46.910000000000025,0.0,other_tissue,0,163.52741432714728
-231.35000000000002,-433.33000000000004,0.0,other_tissue,0,159.41910805697563
322.03999999999996,480.02,0.0,other_tissue,0,168.43473996312855
470.37,337.07,0.0,apCAF,1,430.75596458021386
-281.45,446.31,0.0,CAF,1,200.98041730590222
-406.47,261.82,0.0,other_tissue,0,338.3991368437585
387.69000000000005,-461.36,0.0,other_tissue,0,787.0372301067699
298.67999999999995,-383.96000000000004,0.0,other_tissue,0,183.16607105535917
-277.53999999999996,-317.78999999999996,0.0,other_tissue,0,119.70237801962526
-26.370000000000005,-43.5,0.0,other_tissue,0,384.82924625624975
-323.87,238.43,0.0,mesenchymal_tumor_class1,1,235.34335481403463
22.730000000000018,-299.44000000000005,0.0,other_tissue,0,154.9194079104822
395.55999999999995,215.27999999999997,0.0,other_tissue,0,1004.5260747859493
-493.28,-14.799999999999955,0.0,mesenchymal_tumor_class1,1,289.911947918145
-500.1407,-373.85,0.0,other_tissue,0,397.2806568925377
-363.09000000000003,40.670000000000016,0.0,mesenchymal_tumor_class1,1,537.0963088665156
357.37,243.29000000000002,0.0,other_tissue,0,216.88858811316305
-256.35,111.82999999999998,0.0,other_tissue,0,108.03454350950554
331.54999999999995,-139.48000000000002,0.0,other_tissue,0,107.07208713209839
-74.17000000000002,-37.879999999999995,0.0,other_tissue,0,106.20210237609
-460.74,-410.07000000000005,0.0,other_tissue,0,208.32752460457567
424.79999999999995,-117.74000000000001,0.0,other_tissue,0,418.3813824423639
-26.579999999999984,4.889999999999986,0.0,other_tissue,0,228.87785986774912
471.77,5.259999999999991,0.0,other_tissue,0,205.51910845018332
413.96000000000004,326.9,0.0,mesenchymal_tumor_class1,1,181.9910019960394
326.14,-452.09000000000003,0.0,other_tissue,0,160.23091911256688
245.51999999999998,415.93,0.0,other_tissue,0,94.9096151147025
-23.639999999999986,117.61000000000001,0.0,other_tissue,0,254.75806052662935
-178.22000000000003,-101.13999999999999,0.0,other_tissue,0,177.82225656222965
324.51,-44.49000000000001,0.0,other_tissue,0,812.5156554771218
-14.870000000000005,140.25,0.0,other_tissue,0,143.53464104965468
-217.18,324.38,0.0,CAF,1,182.86209338248344
232.01,319.63,0.0,CD4_Tcell,1,141.94456803373458
371.53,-112.29999999999995,0.0,other_tissue,0,125.520290866882
226.71000000000004,346.16999999999996,0.0,other_tissue,0,96.06123586242046
-185.38,74.82999999999998,0.0,other_tissue,0,304.35954765862056
114.20000000000005,209.87,0.0,other_tissue,0,429.1031152415784
227.30999999999995,308.89,0.0,other_tissue,0,94.9096151147025
-499.1557,-208.73000000000002,0.0,other_tissue,0,304.9507282271196
-475.24,175.72000000000003,0.0,other_tissue,0,339.0335983437588
-444.13,201.64,0.0,other_tissue,0,121.2832360748605
37.66999999999996,354.40999999999997,0.0,other_tissue,0,102.70033693097204
225.21000000000004,17.44999999999999,0.0,other_tissue,0,1221.229406005376
-477.55,418.38,0.0,other_tissue,0,300.31856226465715
138.24,289.38,0.0,other_tissue,0,239.49675960558835
363.85,409.1,0.0,other_tissue,0,109.6828175474093
-102.23000000000002,-267.89,0.0,mesenchymal_tumor_class1,1,176.25178829778596
483.33000000000004,207.42000000000002,0.0,other_tissue,0,94.9096151147025
-94.22000000000003,40.879999999999995,0.0,other_tissue,0,633.8537968118352
409.83000000000004,326.37,0.0,mesenchymal_tumor_class1,1,114.3784460947987
-82.82,-81.04999999999995,0.0,other_tissue,0,170.0698018515498
-442.96,-82.22000000000003,0.0,other_tissue,0,385.40521011024913
-313.32,48.48000000000002,0.0,apCAF,1,371.86497826729357
447.07000000000005,-357.35,0.0,other_tissue,0,104.21369418894669
305.71000000000004,-443.12,0.0,other_tissue,0,853.7446807723601
103.79999999999995,-452.13,0.0,other_tissue,0,94.9096151147025
-194.01999999999998,19.649999999999977,0.0,other_tissue,0,94.9096151147025
218.60000000000002,-113.35000000000002,0.0,other_tissue,0,149.38595584264147
423.44000000000005,303.33000000000004,0.0,CD4_Tcell,1,403.33517954603803
384.96000000000004,-488.07000000000005,0.0,CD4_Tcell,1,141.94456803373458
-358.82,152.49,0.0,other_tissue,0,144.22512521366343
-213.87,-91.82000000000005,0.0,other_tissue,0,120.33777711109806
399.79999999999995,391.26,0.0,other_tissue,0,164.35310151579853
202.94000000000005,118.94,0.0,other_tissue,0,1021.3290716625073
492.03,-437.03999999999996,0.0,CD4_Tcell,1,454.27196524271636
-97.82,-283.67999999999995,0.0,mesenchymal_tumor_class1,1,730.9193501863484
-368.41999999999996,305.98,0.0,other_tissue,0,115.85642852247867
-447.82,-363.65999999999997,0.0,other_tissue,0,348.4782397764562
202.70000000000005,111.07,0.0,other_tissue,0,322.74821606635885
442.08000000000004,282.59000000000003,0.0,CD4_Tcell,1,356.295097739854
-395.72,235.72000000000003,0.0,mesenchymal_tumor_class1,1,360.4306465895067
-176.45,-448.92999999999995,0.0,other_tissue,0,94.9096151147025
-137.73000000000002,-243.51,0.0,CAF,1,288.1467321259175
383.64,85.13999999999999,0.0,other_tissue,0,219.1483735946252
341.94000000000005,-375.67999999999995,0.0,other_tissue,0,102.8170418481458
-1.3199999999999932,-379.53,0.0,other_tissue,0,123.1410991684703
33.52999999999997,-170.89999999999998,0.0,other_tissue,0,209.1187809500951
-199.43,-294.53,0.0,other_tissue,0,171.41678000168056
301.22,-331.95000000000005,0.0,other_tissue,0,94.9096151147025
-444.13,-116.01999999999998,0.0,other_tissue,0,226.48866343168544
-480.42,-21.220000000000027,0.0,mesenchymal_tumor_class1,1,458.1408938400172
-292.68,193.57,0.0,CAF,1,172.16400776318127
-292.72,111.68,0.0,other_tissue,0,430.24588428087804
-115.89999999999998,-95.45000000000005,0.0,other_tissue,0,179.1636982474013
105.94000000000005,443.9,0.0,epithelial_tumor_class1,1,2064.452765857774
-298.95,-10.54000000000002,0.0,other_tissue,0,458.2127470556367
-119.63999999999999,-76.98000000000002,0.0,other_tissue,0,379.0124847781815
358.23,111.17000000000002,0.0,other_tissue,0,196.0761995376298
-49.170000000000016,-270.17999999999995,0.0,other_tissue,0,568.6414914804138
-186.0,55.910000000000025,0.0,CAF,1,459.1906967840709
433.55999999999995,-54.26999999999998,0.0,other_tissue,0,156.36063964875578
-166.51999999999998,-427.73,0.0,other_tissue,0,164.28781486449583
470.78999999999996,-349.49,0.0,CD8_Tcell,1,170.8280011423147
95.67999999999995,436.86,0.0,epithelial_tumor_class1,1,690.9589067129515
-381.56,-380.03999999999996,0.0,other_tissue,0,163.18780614312308
-357.53,334.97,0.0,other_tissue,0,226.44374481227882
-224.62,-301.4,0.0,other_tissue,0,200.79795163700328
-396.51,486.2,0.0,mesenchymal_tumor_class1,1,279.10780428163406
283.71000000000004,-453.51,0.0,other_tissue,0,304.88500372684774
-411.45,15.939999999999998,0.0,mesenchymal_tumor_class1,1,1966.2473178688974
254.72000000000003,-168.30999999999995,0.0,other_tissue,0,135.13325725223967
204.26999999999998,166.67000000000002,0.0,other_tissue,0,342.71490936754316
-168.44,37.339999999999975,0.0,other_tissue,0,129.3471183582714
271.77,472.1,0.0,other_tissue,0,94.9096151147025
335.20000000000005,27.379999999999995,0.0,other_tissue,0,307.05890283036933
-150.45,58.98000000000002,0.0,mesenchymal_tumor_class1,1,151.87764842154155
-412.11,33.870000000000005,0.0,other_tissue,0,416.1131277991037
-303.57,-392.11,0.0,other_tissue,0,158.96455861553247
-247.18,-435.03,0.0,other_tissue,0,307.98427614904756
-417.59000000000003,-1.1399999999999864,0.0,mesenchymal_tumor_class1,1,379.3671755831837
-384.77,-81.89999999999998,0.0,CAF,1,163.64313303388388
393.90999999999997,-466.53999999999996,0.0,other_tissue,0,337.92967603348274
-362.57,-147.26999999999998,0.0,other_tissue,0,235.71222666056872
-281.7,210.45,0.0,other_tissue,0,226.7043554939054
-367.26,-276.91999999999996,0.0,other_tissue,0,138.5749978501826
-124.88,-90.36000000000001,0.0,other_tissue,0,867.4834429882897
-375.98,-243.54999999999995,0.0,other_tissue,0,138.0059728759156
-167.06,115.62,0.0,CAF,1,187.95659493263534
128.89999999999998,-374.44000000000005,0.0,other_tissue,0,117.16577823380743
-51.110000000000014,-235.92999999999995,0.0,other_tissue,0,227.10914712391815
376.79999999999995,-385.88,0.0,other_tissue,0,216.49603757241317
-194.43,-157.46000000000004,0.0,other_tissue,0,234.37689764028582
-249.48,-458.85,0.0,other_tissue,0,94.9096151147025
289.47,-162.78999999999996,0.0,other_tissue,0,148.7673202521733
-170.51,210.19,0.0,other_tissue,0,239.04943319259155
-357.76,-349.5,0.0,other_tissue,0,293.485334422513
319.28,220.66000000000003,0.0,CAF,1,488.2500609743645
0.20999999999997954,313.93,0.0,CAF,1,187.57601981181716
-334.45,219.43,0.0,mesenchymal_tumor_class1,1,215.55584941355335
-423.75,-419.21000000000004,0.0,other_tissue,0,151.40321017415926
347.92999999999995,53.69,0.0,epithelial_tumor_class1,1,7741.03554065621
114.86000000000001,439.7,0.0,epithelial_tumor_class1_class2,1,713.905165382793
476.52,-339.73,0.0,CD8_Tcell,1,225.23318590126846
100.76999999999998,-451.98,0.0,other_tissue,0,94.9096151147025
145.05999999999995,-106.76999999999998,0.0,other_tissue,0,94.9096151147025
45.40999999999997,-52.90999999999997,0.0,mesenchymal_tumor_class1,1,149.8084246179019
-231.72000000000003,320.75,0.0,mesenchymal_tumor_class1,1,407.6270239132883
-324.13,-230.89,0.0,other_tissue,0,116.12096707386392
254.79999999999995,51.43000000000001,0.0,epithelial_tumor_class1,1,2595.433939635544
169.87,-442.19000000000005,0.0,other_tissue,0,105.61213214181733
366.28,-199.16999999999996,0.0,other_tissue,0,831.0991759502508
453.12,-199.91999999999996,0.0,other_tissue,0,228.29931505595425
460.04999999999995,-73.86000000000001,0.0,mesenchymal_tumor_class1,1,199.29269697231567
46.92999999999995,-290.4,0.0,other_tissue,0,361.12913165209494
464.34000000000003,-209.57000000000005,0.0,CD8_Tcell,1,154.45953440461668
-431.24,310.11,0.0,other_tissue,0,152.37377004411917
460.26,157.19,0.0,mesenchymal_tumor_class1,1,263.2065272264685
433.74,330.09000000000003,0.0,other_tissue,0,94.9096151147025
173.53999999999996,-477.78999999999996,0.0,other_tissue,0,180.17226640226056
-374.96,-257.75,0.0,mesenchymal_tumor_class1,1,190.91550354203682
-174.55,499.4292,0.0,other_tissue,0,512.416725847006
121.05999999999995,356.91999999999996,0.0,other_tissue,0,106.31601819792712
337.89,-46.190000000000055,0.0,other_tissue,0,928.3923343671539
-139.20999999999998,-182.51,0.0,other_tissue,0,253.9136022582949
385.96000000000004,-282.75,0.0,other_tissue,0,125.33247092362814
-251.2,170.51,0.0,mesenchymal_tumor_class1,1,266.7276940127734
407.64,345.15,0.0,mesenchymal_tumor_class1,1,303.12492087103806
147.53999999999996,127.57999999999998,0.0,other_tissue,0,161.86998152465583
408.16999999999996,-410.35,0.0,other_tissue,0,132.71547415448728
72.69000000000005,147.45999999999998,0.0,mesenchymal_tumor_class1,1,254.7969311491633
391.77,-231.44000000000005,0.0,other_tissue,0,370.41641479125013
-360.28,148.45,0.0,other_tissue,0,94.9096151147025
-284.53,330.09000000000003,0.0,other_tissue,0,141.10253574671572
436.02,287.40999999999997,0.0,other_tissue,0,227.13615035167697
-407.52,-144.97000000000003,0.0,other_tissue,0,243.7459184879661
-89.63,-261.75,0.0,other_tissue,0,149.53577307940532
-136.66000000000003,98.69999999999999,0.0,other_tissue,0,183.43915818648156
-334.21000000000004,-303.35,0.0,other_tissue,0,332.7361762721068
-411.74,-47.25999999999999,0.0,other_tissue,0,165.66976294320756
-256.59000000000003,27.689999999999998,0.0,other_tissue,0,157.486189955226
286.67999999999995,249.24,0.0,other_tissue,0,573.9020843406236
477.13,14.019999999999982,0.0,other_tissue,0,265.1178531169396
-136.48000000000002,-96.48000000000002,0.0,CAF,1,181.05302577250873
89.52999999999997,-479.73,0.0,other_tissue,0,94.9096151147025
215.0,30.149999999999977,0.0,epithelial_tumor_class1,1,7741.03554065621
251.22000000000003,-228.54999999999995,0.0,other_tissue,0,208.14913049090455
304.27,324.36,0.0,mesenchymal_tumor_class1,1,145.72653147625923
183.14,-468.15999999999997,0.0,CD8_Tcell,1,271.8803310523849
-92.60000000000002,164.25,0.0,other_tissue,0,153.97973157840687
412.24,358.16999999999996,0.0,mesenchymal_tumor_class1,1,305.334309408699
-438.08,225.26,0.0,CAF,1,270.5227892472529
454.94000000000005,77.94999999999999,0.0,other_tissue,0,168.22833389747862
212.87,429.84000000000003,0.0,other_tissue,0,503.2897309772319
-272.25,7.430000000000007,0.0,epithelial_tumor_class1,1,1078.4956673288127
-132.74,148.8,0.0,mesenchymal_tumor_class1,1,196.90978855774517
412.79999999999995,318.38,0.0,other_tissue,0,236.09072011156462
-463.88,-175.89,0.0,other_tissue,0,122.85404780164204
-244.39,-123.15999999999997,0.0,other_tissue,0,258.135010538826
-266.66999999999996,119.92000000000002,0.0,other_tissue,0,134.21208501656218
414.40999999999997,-228.99,0.0,other_tissue,0,212.73439074086934
49.75999999999999,-240.77999999999997,0.0,other_tissue,0,224.73229686502506
121.54999999999995,-384.27,0.0,other_tissue,0,145.2649979526926
-397.90999999999997,-91.64999999999998,0.0,other_tissue,0,103.06666212086316
52.01999999999998,-268.25,0.0,other_tissue,0,279.19042740691816
482.4,461.99,0.0,other_tissue,0,223.07396004080468
-464.71,-259.49,0.0,other_tissue,0,94.9096151147025
117.04999999999995,-18.220000000000027,0.0,apCAF,1,660.2434643529398
-415.46,4.560000000000002,0.0,mesenchymal_tumor_class1,1,343.058429747481
-343.9,-390.42999999999995,0.0,mesenchymal_tumor_class1,1,350.8664935682603
-500.1153,-81.89999999999998,0.0,epithelial_tumor_class1_class2,1,1099.3792747529874
201.85000000000002,13.129999999999995,0.0,other_tissue,0,1132.8883708918863
-426.22,500.9374,0.0,apCAF,1,976.7022700756073
-218.58999999999997,-361.15,0.0,other_tissue,0,129.3718572160715
-261.24,-406.30999999999995,0.0,mesenchymal_tumor_class1,1,187.99626775209194
424.34000000000003,444.07,0.0,mesenchymal_tumor_class1,1,205.47700710747452
-222.47000000000003,181.06,0.0,other_tissue,0,389.9174638550925
-110.86000000000001,489.73,0.0,mesenchymal_tumor_class1,1,114.3784460947987
-336.57,-97.54999999999995,0.0,other_tissue,0,138.93791778262428
63.559999999999945,-197.44000000000005,0.0,CD4_Tcell,1,149.86299466549164
167.72000000000003,140.31,0.0,CAF,1,219.93153797692747
496.08000000000004,327.98,0.0,other_tissue,0,94.9096151147025
-55.910000000000025,324.52,0.0,other_tissue,0,135.38173808868737
495.51,248.05,0.0,CAF,1,626.7614030166579
239.25,49.43000000000001,0.0,other_tissue,0,665.1138974581154
-383.52,-294.5,0.0,other_tissue,0,202.97813728445433
318.83000000000004,227.79000000000002,0.0,other_tissue,0,496.07272664404707
-209.89999999999998,-148.14999999999998,0.0,other_tissue,0,433.70021530825875
-93.77999999999997,-128.97000000000003,0.0,other_tissue,0,162.51000099978518
-298.07,410.32,0.0,CAF,1,153.951947433476
49.889999999999986,-39.309999999999945,0.0,mesenchymal_tumor_class1,1,181.4402275386429
-125.16000000000003,-425.91999999999996,0.0,other_tissue,0,100.59903179642995
-79.05000000000001,12.759999999999991,0.0,other_tissue,0,202.98648869038152
479.03999999999996,480.76,0.0,apCAF,1,770.3577810454539
-461.46,209.83999999999997,0.0,epithelial_tumor_class1,1,2401.897937713447
-499.5711,443.61,0.0,apCAF,1,468.9154725163568
-263.56,-258.15,0.0,other_tissue,0,94.9096151147025
456.83000000000004,-105.45000000000005,0.0,other_tissue,0,141.10908940910167
-274.51,179.51,0.0,apCAF,1,175.78093996356932
-350.14,146.76999999999998,0.0,other_tissue,0,124.95134980711512
422.74,160.26999999999998,0.0,other_tissue,0,409.26427429358483
168.10000000000002,166.18,0.0,other_tissue,0,181.05302577250873
-294.09000000000003,500.1793,0.0,mesenchymal_tumor_class1,1,703.2009954399955
86.97000000000003,157.68,0.0,other_tissue,0,366.08093104444214
-487.33,-384.87,0.0,other_tissue,0,325.8183286701991
328.9,-448.75,0.0,other_tissue,0,130.4448337600065
-347.40999999999997,413.63,0.0,mesenchymal_tumor_class1,1,220.42527065017092
-235.33999999999997,173.45,0.0,mesenchymal_tumor_class1,1,321.1353676954375
326.65999999999997,-19.029999999999973,0.0,other_tissue,0,556.6447022211682
-7.939999999999998,311.59000000000003,0.0,other_tissue,0,353.12065354135933
284.77,-225.12,0.0,other_tissue,0,363.09461194957277
-473.2,27.319999999999993,0.0,other_tissue,0,491.3752044921636
-372.57,211.7,0.0,mesenchymal_tumor_class1_class2,1,1992.4603867673443
109.46000000000004,96.25,0.0,other_tissue,0,373.40507504943196
63.879999999999995,141.41000000000003,0.0,mesenchymal_tumor_class1,1,254.7386266979303
-391.35,-191.64,0.0,other_tissue,0,470.34717041304793
399.36,44.39999999999998,0.0,epithelial_tumor_class1,1,7741.03554065621
-240.81,148.19,0.0,other_tissue,0,128.24328003898037
423.23,-1.339999999999975,0.0,other_tissue,0,144.1785809610491
-397.1,500.0285,0.0,mesenchymal_tumor_class1,1,797.9289402704998
-499.9584,374.55,0.0,other_tissue,0,157.24656008100456
-17.889999999999986,28.75,0.0,other_tissue,0,251.09297414633534
386.77,272.87,0.0,apCAF,1,544.0439931985985
63.210000000000036,362.25,0.0,other_tissue,0,418.20556921826915
-499.7978,-427.78,0.0,other_tissue,0,142.1339477472861
-408.95,268.40999999999997,0.0,other_tissue,0,210.20254635404794
462.28,-269.46000000000004,0.0,other_tissue,0,118.92882152980316
-0.6100000000000136,-12.659999999999968,0.0,other_tissue,0,94.9096151147025
290.03999999999996,200.31,0.0,other_tissue,0,94.9096151147025
-383.05,211.24,0.0,CD4_Tcell,1,258.8709220279284
128.03999999999996,431.23,0.0,epithelial_tumor_class1,1,5327.546589494955
281.84000000000003,246.07,0.0,other_tissue,0,117.34535001167914
-132.73000000000002,184.89,0.0,other_tissue,0,360.2592267400781
317.88,-107.82000000000005,0.0,other_tissue,0,238.14716190784006
-7.850000000000023,120.69999999999999,0.0,other_tissue,0,657.8994935938085
-467.02,416.34000000000003,0.0,other_tissue,0,153.51478791092768
48.960000000000036,-276.41999999999996,0.0,other_tissue,0,223.59019738807882
-224.47000000000003,-327.46000000000004,0.0,mesenchymal_tumor_class1,1,438.97216463229944
307.23,410.6,0.0,CAF,1,272.4896547413388
-72.55000000000001,164.42000000000002,0.0,other_tissue,0,104.5943423063378
-485.65,-223.91999999999996,0.0,other_tissue,0,131.76150297386863
-3.5,17.639999999999986,0.0,other_tissue,0,481.34124674872527
119.60000000000002,62.31999999999999,0.0,mesenchymal_tumor_class1,1,114.3784460947987
-305.23,-23.980000000000018,0.0,other_tissue,0,162.2868817594699
-175.5,-213.12,0.0,other_tissue,0,188.17883462662277
-22.410000000000025,32.410000000000025,0.0,other_tissue,0,94.9096151147025
118.57000000000005,341.99,0.0,other_tissue,0,96.10181511454546
82.51999999999998,472.23,0.0,epithelial_tumor_class1,1,7308.940754560399
244.02999999999997,121.74000000000001,0.0,other_tissue,0,94.9096151147025
462.55999999999995,-248.20000000000005,0.0,other_tissue,0,219.3681754962186
-323.93,-474.04999999999995,0.0,other_tissue,0,146.8880056743756
-300.84000000000003,-65.58000000000004,0.0,CAF,1,638.8447957103526
-426.9,-49.629999999999995,0.0,other_tissue,0,369.7060011613608
-145.5,-306.02,0.0,mesenchymal_tumor_class1,1,114.3784460947987
-330.12,-178.05999999999995,0.0,other_tissue,0,300.861071218129
20.730000000000018,-2.4599999999999795,0.0,other_tissue,0,260.15966675252974
360.12,-315.53,0.0,other_tissue,0,271.25165155359684
322.30999999999995,198.48000000000002,0.0,other_tissue,0,189.05361510011568
179.02999999999997,-489.65,0.0,other_tissue,0,435.6565877734825
478.95000000000005,-387.97,0.0,other_tissue,0,381.48724961080023
10.360000000000014,235.64999999999998,0.0,mesenchymal_tumor_class1_class2,1,215.55584941355335
-148.51999999999998,99.94999999999999,0.0,other_tissue,0,197.49142436270708
-37.329999999999984,471.78,0.0,other_tissue,0,94.9096151147025
-436.86,43.29000000000002,0.0,other_tissue,0,150.84067107002886
-106.70999999999998,234.55,0.0,other_tissue,0,199.63113403562647
449.71000000000004,267.71000000000004,0.0,other_tissue,0,94.9096151147025
287.15999999999997,-490.05999999999995,0.0,CD4_Tcell,1,233.22980767428328
-165.44,-69.24000000000001,0.0,other_tissue,0,212.95850615456123
-470.13,458.27,0.0,other_tissue,0,94.9096151147025
387.30999999999995,-133.95000000000005,0.0,other_tissue,0,255.3609995725707
486.70000000000005,379.15999999999997,0.0,other_tissue,0,256.4233103675358
-179.69,-170.27999999999997,0.0,other_tissue,0,94.9096151147025
-52.39999999999998,218.20999999999998,0.0,CAF,1,206.24415194937293
454.53,422.53,0.0,other_tissue,0,272.6421277792151
-44.77999999999997,-374.9,0.0,other_tissue,0,94.9096151147025
-130.85000000000002,-92.48000000000002,0.0,other_tissue,0,318.7036197201991
167.40999999999997,-461.54999999999995,0.0,other_tissue,0,159.34092078682446
-28.370000000000005,-222.83000000000004,0.0,other_tissue,0,328.33211766305345
24.590000000000032,-25.870000000000005,0.0,other_tissue,0,758.9542460453749
-44.910000000000025,-71.10000000000002,0.0,other_tissue,0,257.5962294302018
89.15999999999997,123.64999999999998,0.0,mesenchymal_tumor_class1,1,114.3784460947987
-224.35000000000002,-250.23000000000002,0.0,other_tissue,0,208.12365393413555
163.76,360.55,0.0,other_tissue,0,230.12867136440852
-417.43,-146.80999999999995,0.0,other_tissue,0,304.91786479641706
215.33000000000004,302.39,0.0,other_tissue,0,98.14537981329025
49.97000000000003,32.170000000000016,0.0,other_tissue,0,115.59229204513997
208.5,337.7,0.0,other_tissue,0,201.17959679405482
-89.63,-442.90999999999997,0.0,other_tissue,0,250.29505051930673
-433.98,29.360000000000014,0.0,other_tissue,0,130.3640000817955
-18.94999999999999,-144.26,0.0,apCAF,1,175.78093996356932
379.53,-263.85,0.0,other_tissue,0,94.9096151147025
-321.12,-115.13999999999999,0.0,other_tissue,0,662.5562416959187
248.70000000000005,156.76999999999998,0.0,other_tissue,0,328.91937073299584
-315.56,-436.58000000000004,0.0,other_tissue,0,135.3626133729285
300.23,332.09000000000003,0.0,other_tissue,0,160.9166832780756
-467.25,497.783,0.0,CD4_Tcell,1,345.4456926661068
-447.97,-128.80999999999995,0.0,other_tissue,0,293.1757657756977
-13.230000000000018,-130.17999999999995,0.0,other_tissue,0,100.19162893416977
-386.38,219.06,0.0,mesenchymal_tumor_class1_class2,1,1621.9885070166797
-345.47,-143.0,0.0,other_tissue,0,206.2103912436044
-286.85,-353.24,0.0,other_tissue,0,261.9275283761518
381.38,-441.95000000000005,0.0,other_tissue,0,98.42346051302978
-312.16999999999996,358.45,0.0,other_tissue,0,116.12672237960427
317.22,207.01,0.0,other_tissue,0,126.63895652247857
49.98000000000002,-337.45000000000005,0.0,other_tissue,0,94.9096151147025
-147.72000000000003,61.05000000000001,0.0,mesenchymal_tumor_class1,1,136.89186699856918
99.73000000000002,357.49,0.0,other_tissue,0,287.17734607910404
-377.88,194.79000000000002,0.0,other_tissue,0,154.82875467624837
-47.74000000000001,-316.80999999999995,0.0,other_tissue,0,169.48411319626402
-76.07,-457.99,0.0,other_tissue,0,185.84616389969023
-295.16999999999996,-379.19000000000005,0.0,other_tissue,0,194.9115063818232
472.61,-442.44000000000005,0.0,other_tissue,0,193.35498886849052
-373.89,447.44,0.0,mesenchymal_tumor_class1,1,248.74253052241713
-470.53,-107.08000000000004,0.0,other_tissue,0,94.9096151147025
-459.2,51.02999999999997,0.0,other_tissue,0,336.82815263796624
-334.71000000000004,256.40999999999997,0.0,mesenchymal_tumor_class1,1,499.00291005604953
430.03999999999996,481.71,0.0,mesenchymal_tumor_class1,1,114.3784460947987
474.35,-21.220000000000027,0.0,mesenchymal_tumor_class1,1,463.82598599347216
443.76,488.41,0.0,mesenchymal_tumor_class1,1,320.783983050103
-145.20999999999998,-28.620000000000005,0.0,other_tissue,0,154.65452094463518
-5.810000000000002,209.02999999999997,0.0,CAF,1,159.46176643733187
415.52,292.36,0.0,other_tissue,0,123.59051150609059
469.14,-367.78999999999996,0.0,other_tissue,0,202.03590309413872
73.22000000000003,199.25,0.0,other_tissue,0,437.81398869182624
-389.33,-155.07000000000005,0.0,other_tissue,0,149.01864694552327
371.75,67.27999999999997,0.0,other_tissue,0,326.9531038893921
-427.65,-288.15,0.0,other_tissue,0,268.2434548222462
-17.639999999999986,33.14999999999998,0.0,other_tissue,0,122.55551068558633
-126.76999999999998,195.99,0.0,mesenchymal_tumor_class1,1,302.35089249579113
57.77999999999997,-31.41999999999996,0.0,mesenchymal_tumor_class1_class2,1,187.99626775209194
-14.149999999999977,114.70999999999998,0.0,other_tissue,0,227.18116048768812
-247.78,56.170000000000016,0.0,epithelial_tumor_class1,1,1398.1897980230133
141.13,230.94,0.0,other_tissue,0,225.3137552776738
496.24,-155.65999999999997,0.0,other_tissue,0,205.75498225024282
-141.86,226.37,0.0,apCAF,1,974.1100562952698
366.64,200.67000000000002,0.0,other_tissue,0,232.0316803733246
399.45000000000005,387.4,0.0,other_tissue,0,149.42680516039246
-156.52999999999997,-104.50999999999999,0.0,other_tissue,0,208.54003141371103
247.85000000000002,389.89,0.0,other_tissue,0,124.77617309818424
-382.84000000000003,-366.36,0.0,other_tissue,0,373.4928504875974
-169.62,-332.03,0.0,mesenchymal_tumor_class1,1,114.38585290590309
491.61,-21.529999999999973,0.0,other_tissue,0,112.57224764690712
226.39,-87.39999999999998,0.0,other_tissue,0,143.67388776594706
-233.48000000000002,397.58,0.0,other_tissue,0,109.9323276105892
378.98,-28.220000000000027,0.0,other_tissue,0,223.09174808715537
-500.054,278.31,0.0,other_tissue,0,257.13641097509
-335.9,78.57,0.0,CAF,1,153.951947433476
-184.70999999999998,103.75,0.0,other_tissue,0,137.18751579469023
-499.4766,-379.90999999999997,0.0,CAF,1,296.4532375878098
175.99,383.34000000000003,0.0,other_tissue,0,198.67459501192326
-93.91000000000003,133.55,0.0,CAF,1,193.03983724147324
68.02999999999997,-142.80999999999995,0.0,other_tissue,0,209.44266569699488
-175.52999999999997,-186.41999999999996,0.0,mesenchymal_tumor_class1,1,225.48390927630234
-486.61,-132.14999999999998,0.0,other_tissue,0,212.76024218310107
69.76999999999998,54.589999999999975,0.0,CD4_Tcell,1,186.66631580668627
-341.78999999999996,-99.88999999999999,0.0,other_tissue,0,94.9096151147025
-165.82999999999998,441.32,0.0,other_tissue,0,94.9096151147025
-169.76999999999998,495.812,0.0,other_tissue,0,94.9096151147025
-392.3,-384.44000000000005,0.0,other_tissue,0,151.21782971853486
342.4,258.68,0.0,other_tissue,0,234.68035565248752
124.79999999999995,-37.610000000000014,0.0,other_tissue,0,334.1546787754334
195.94000000000005,-459.95000000000005,0.0,CD8_Tcell,1,150.45045985175778
81.55999999999995,-177.95000000000005,0.0,other_tissue,0,214.71374489837538
360.85,253.01,0.0,other_tissue,0,172.80835777407577
-200.10000000000002,-123.13999999999999,0.0,other_tissue,0,447.71658093017265
-2.6899999999999977,6.0400000000000205,0.0,other_tissue,0,226.33596435777486
-298.12,-302.94000000000005,0.0,other_tissue,0,174.62259742676667
314.03,248.65,0.0,other_tissue,0,245.53350126424198
322.96000000000004,-483.29999999999995,0.0,other_tissue,0,94.9096151147025
73.75999999999999,-5.399999999999977,0.0,other_tissue,0,129.17403465323414
-351.69,242.5,0.0,other_tissue,0,297.80985304964514
-313.09000000000003,213.42000000000002,0.0,mesenchymal_tumor_class1,1,256.75527516481094
-172.44,-169.69000000000005,0.0,other_tissue,0,94.9096151147025
118.50999999999999,-125.75,0.0,other_tissue,0,157.24656008100456
-178.37,339.62,0.0,other_tissue,0,196.05987821583037
136.42999999999995,-366.38,0.0,other_tissue,0,401.80594826927444
364.82000000000005,-323.35,0.0,CD4_Tcell,1,187.84554073221088
182.71000000000004,-446.72,0.0,other_tissue,0,592.2454677770584
-426.58,-83.70000000000005,0.0,other_tissue,0,126.81587198952538
-21.680000000000007,-192.32000000000005,0.0,other_tissue,0,167.61747826480888
-137.41000000000003,-337.24,0.0,other_tissue,0,218.92871856641537
-380.58,-309.42999999999995,0.0,other_tissue,0,146.03476295633968
123.90999999999997,218.55,0.0,other_tissue,0,103.7271731212638
-275.68,420.96,0.0,CAF,1,185.3033524708905
-430.82,-43.120000000000005,0.0,apCAF,1,707.7807842939088
-475.47,58.35000000000002,0.0,apCAF,1,608.3851649657878
292.57000000000005,-432.74,0.0,other_tissue,0,543.9473134160445
-139.39,57.410000000000025,0.0,mesenchymal_tumor_class1_class2,1,330.9513468912731
75.99000000000001,297.02,0.0,other_tissue,0,257.10707945382177
-484.12,-215.82000000000005,0.0,other_tissue,0,155.45008887555636
250.25,-351.57000000000005,0.0,other_tissue,0,101.41714772196435
300.58000000000004,-405.80999999999995,0.0,other_tissue,0,151.56811993884585
-224.83999999999997,336.83000000000004,0.0,CAF,1,464.0143623171393
-186.95999999999998,39.25,0.0,mesenchymal_tumor_class1,1,177.66173497623035
-213.92000000000002,348.56,0.0,other_tissue,0,106.6419407739545
321.92999999999995,187.64,0.0,other_tissue,0,232.97337366219747
-53.170000000000016,109.14999999999998,0.0,other_tissue,0,229.4211325538201
-27.689999999999998,-239.98000000000002,0.0,other_tissue,0,329.26514059474766
-499.9206,402.55,0.0,other_tissue,0,550.7588457330403
358.90999999999997,5.670000000000016,0.0,other_tissue,0,314.122765552226
-199.07999999999998,163.41000000000003,0.0,CAF,1,188.0200741232052
-130.0,-65.98000000000002,0.0,other_tissue,0,94.9096151147025
-434.38,-114.01999999999998,0.0,other_tissue,0,147.6094538317421
-351.78999999999996,178.0,0.0,other_tissue,0,94.9096151147025
-98.38,-184.38,0.0,mesenchymal_tumor_class1,1,400.9901879294137
104.71000000000004,262.99,0.0,other_tissue,0,264.2307275799345
-131.79000000000002,-346.22,0.0,other_tissue,0,281.5105002617427
71.67999999999995,-431.64,0.0,CD4_Tcell,1,141.94456803373458
-60.56,-91.70000000000005,0.0,other_tissue,0,96.78321744124572
208.39,499.8351,0.0,other_tissue,0,165.90327189789465
-168.01,107.23000000000002,0.0,other_tissue,0,316.3964385438025
-499.8429,-331.19000000000005,0.0,other_tissue,0,226.7043554939054
306.0,288.35,0.0,other_tissue,0,413.31619000793296
-430.85,-441.78,0.0,other_tissue,0,171.31234097125994
-152.76,324.86,0.0,other_tissue,0,170.4188888703856
137.73000000000002,175.48000000000002,0.0,other_tissue,0,333.1543324176534
-466.18,287.62,0.0,other_tissue,0,94.9096151147025
-220.87,307.65999999999997,0.0,mesenchymal_tumor_class1,1,204.50186931892307
-448.0,462.59000000000003,0.0,other_tissue,0,185.6965884734979
-107.19,263.44,0.0,other_tissue,0,130.5381449016226
-19.399999999999977,-56.89999999999998,0.0,other_tissue,0,193.94580960938194
-75.0,-434.90999999999997,0.0,other_tissue,0,148.38747166154704
432.40999999999997,-59.24000000000001,0.0,other_tissue,0,216.69661528393283
355.20000000000005,-439.91999999999996,0.0,other_tissue,0,137.9866018040949
64.30999999999995,-478.1,0.0,CD8_Tcell,1,145.47892112324095
-220.95999999999998,244.89,0.0,other_tissue,0,94.9096151147025
120.79999999999995,199.64,0.0,CD4_Tcell,1,201.78624320260107
147.84000000000003,275.05,0.0,apCAF,1,723.8593605403387
19.99000000000001,107.82,0.0,other_tissue,0,94.9096151147025
304.28,-331.36,0.0,other_tissue,0,94.9096151147025
-193.05,-85.58000000000004,0.0,other_tissue,0,654.0841643499417
-168.26,-44.049999999999955,0.0,other_tissue,0,106.4082954086634
-500.6436,150.87,0.0,other_tissue,0,199.3339492898867
-417.89,-113.63999999999999,0.0,apCAF,1,367.8408332065012
-128.39999999999998,191.55,0.0,other_tissue,0,140.5004664987921
352.86,11.5,0.0,epithelial_tumor_class1,1,2837.0140700529055
398.52,438.36,0.0,mesenchymal_tumor_class1,1,259.17550684715445
-356.82,498.819,0.0,mesenchymal_tumor_class1,1,162.60362796096587
179.92999999999995,-405.91999999999996,0.0,other_tissue,0,203.24549590960297
453.20000000000005,-99.37,0.0,other_tissue,0,98.7795495912058
-181.5,-386.25,0.0,other_tissue,0,303.80191247154676
55.15999999999997,189.3,0.0,mesenchymal_tumor_class1_class2,1,1075.3201364310319
2.1299999999999955,-144.72000000000003,0.0,CD8_Tcell,1,542.9650523711562
201.05999999999995,-281.21000000000004,0.0,other_tissue,0,139.08066665178268
-189.64,-117.73000000000002,0.0,epithelial_tumor_class1,1,762.9648923954855
-391.26,-46.360000000000014,0.0,other_tissue,0,146.04817417526382
344.13,-81.33000000000004,0.0,other_tissue,0,410.5451700293728
-384.48,200.51999999999998,0.0,other_tissue,0,94.9096151147025
-218.0,-353.97,0.0,other_tissue,0,94.9096151147025
-259.05,-307.79999999999995,0.0,other_tissue,0,226.0666628591858
364.32000000000005,-340.01,0.0,other_tissue,0,260.22865109503454
86.60000000000002,45.81,0.0,apCAF,1,244.84202699411495
-106.88999999999999,-318.6,0.0,other_tissue,0,110.31008251232011
303.61,266.63,0.0,other_tissue,0,159.85315624373345
181.92999999999995,-324.23,0.0,other_tissue,0,94.9096151147025
317.87,-429.63,0.0,other_tissue,0,821.3269827305737
-206.51,-354.0,0.0,other_tissue,0,191.78265519462047
409.65,-406.03999999999996,0.0,other_tissue,0,196.87705436840037
434.77,-24.769999999999982,0.0,other_tissue,0,135.88600411958745
330.29999999999995,164.29000000000002,0.0,other_tissue,0,216.408868491508
74.23000000000002,-495.26,0.0,other_tissue,0,196.83614173358728
-236.12,44.389999999999986,0.0,other_tissue,0,94.9096151147025
-163.89,-362.22,0.0,other_tissue,0,183.47819277761474
332.03,-87.02999999999997,0.0,other_tissue,0,263.4449389214297
-330.28999999999996,-454.17999999999995,0.0,other_tissue,0,94.9096151147025
-35.81,-233.34000000000003,0.0,other_tissue,0,286.58835082697067
-140.76999999999998,-386.35,0.0,other_tissue,0,134.71344418891925
423.71000000000004,-75.10000000000002,0.0,CAF,1,179.29436806379155
106.50999999999999,103.01999999999998,0.0,other_tissue,0,128.95172543503054
320.09000000000003,413.99,0.0,other_tissue,0,445.2588041935202
283.85,344.43,0.0,other_tissue,0,94.9096151147025
481.20000000000005,-286.69000000000005,0.0,other_tissue,0,223.86644366506187
456.30999999999995,147.63,0.0,mesenchymal_tumor_class1,1,183.25967037444786
-417.52,-14.700000000000045,0.0,CAF,1,497.118983998992
-447.82,-304.39,0.0,other_tissue,0,161.79817441544003
-238.64999999999998,338.57,0.0,other_tissue,0,148.6655116084142
-114.18,499.0603,0.0,mesenchymal_tumor_class1,1,205.50226722305842
482.92999999999995,-441.39,0.0,other_tissue,0,1090.8502883848175
-99.69999999999999,-304.07000000000005,0.0,CD8_Tcell,1,98.2426443831453
-370.34000000000003,114.22000000000003,0.0,other_tissue,0,270.1285345498948
-232.47000000000003,-357.15999999999997,0.0,other_tissue,0,226.6234549303313
-43.99000000000001,124.37,0.0,other_tissue,0,217.22918216963518
231.58000000000004,-126.27999999999997,0.0,other_tissue,0,104.99205943581221
-49.93000000000001,-415.29999999999995,0.0,other_tissue,0,269.63373211879383
-240.11,-423.70000000000005,0.0,other_tissue,0,245.40078899566373
-113.73000000000002,440.11,0.0,CAF,1,187.1326652116278
263.74,246.03,0.0,other_tissue,0,273.22204404464003
-268.90999999999997,-216.28999999999996,0.0,other_tissue,0,192.97523311034843
38.66999999999996,44.5,0.0,other_tissue,0,193.14484970433426
-228.38,-480.92999999999995,0.0,other_tissue,0,110.81696000396984
489.85,-397.89,0.0,other_tissue,0,118.33918940760303
-238.27999999999997,-324.23,0.0,mesenchymal_tumor_class1,1,224.0001928644597
47.89999999999998,-33.25999999999999,0.0,CD8_Tcell,1,305.334309408699
53.42999999999995,396.61,0.0,other_tissue,0,110.51598867721474
-235.07999999999998,90.06,0.0,other_tissue,0,147.92709688622284
-333.48,164.64,0.0,other_tissue,0,751.4147552560975
-348.02,-256.44000000000005,0.0,other_tissue,0,195.61954481701136
-489.87,5.860000000000014,0.0,other_tissue,0,148.27906237769986
485.79999999999995,172.86,0.0,other_tissue,0,236.84892210697274
334.62,-3.259999999999991,0.0,other_tissue,0,735.4018571301452
136.84000000000003,499.8127,0.0,CAF,1,629.2261490652842
368.36,-464.26,0.0,other_tissue,0,123.94481663450469
103.63999999999999,-354.70000000000005,0.0,apCAF,1,374.34624212384864
-346.01,14.560000000000002,0.0,mesenchymal_tumor_class1,1,159.61113069539346
-324.78999999999996,266.12,0.0,mesenchymal_tumor_class1,1,210.4419894420791
-294.72,52.139999999999986,0.0,mesenchymal_tumor_class1,1,1247.967950975695
-20.269999999999982,-23.289999999999964,0.0,other_tissue,0,197.62265516257781
-98.06,481.49,0.0,CAF,1,153.951947433476
-138.36,-46.370000000000005,0.0,other_tissue,0,156.5923439477794
327.70000000000005,499.836,0.0,other_tissue,0,174.37342784811992
248.29999999999995,416.54,0.0,other_tissue,0,94.9096151147025
176.48000000000002,376.62,0.0,apCAF,1,249.53715292737056
-235.17000000000002,-172.14999999999998,0.0,other_tissue,0,199.3999648380472
429.94000000000005,-310.12,0.0,CD4_Tcell,1,249.60424654848364
-246.32,-24.159999999999968,0.0,other_tissue,0,525.7537161399908
-35.579999999999984,109.52999999999997,0.0,other_tissue,0,140.5396795788055
472.57000000000005,-280.15,0.0,other_tissue,0,112.97297407050043
-359.75,94.31,0.0,apCAF,1,454.9438734419745
413.97,393.63,0.0,other_tissue,0,120.06686998222278
-419.92,-447.28999999999996,0.0,CAF,1,171.33471719131674
-373.53,-471.51,0.0,other_tissue,0,227.12714903794296
495.47,-397.01,0.0,CD4_Tcell,1,405.5567998004454
447.97,499.702,0.0,CAF,1,367.878074949435
118.0,385.14,0.0,other_tissue,0,94.9096151147025
474.03,-257.14,0.0,other_tissue,0,156.76099986095767
316.85,401.79,0.0,other_tissue,0,185.73594264377206
241.12,41.120000000000005,0.0,other_tissue,0,587.6532075860068
-398.63,-443.09000000000003,0.0,other_tissue,0,133.45290905430366
163.94000000000005,487.14,0.0,other_tissue,0,305.53170491916
-112.06,-182.02999999999997,0.0,other_tissue,0,111.23028896594049
124.13999999999999,99.10000000000002,0.0,other_tissue,0,94.9096151147025
-16.360000000000014,-210.62,0.0,other_tissue,0,94.9096151147025
-276.08000000000004,228.07,0.0,CD4_Tcell,1,206.03320798181608
65.07000000000005,434.46,0.0,other_tissue,0,94.9096151147025
-147.68,-177.83000000000004,0.0,other_tissue,0,94.9096151147025
-73.47000000000003,-118.53999999999996,0.0,other_tissue,0,94.9096151147025
56.440000000000055,67.88,0.0,other_tissue,0,115.43744255518402
-390.94,-319.95000000000005,0.0,mesenchymal_tumor_class1_class2,1,211.34152043074954
8.800000000000011,-130.24,0.0,other_tissue,0,105.64995432080933
177.26,129.62,0.0,CAF,1,1049.2658850453272
-116.70999999999998,218.99,0.0,other_tissue,0,365.57383671458314
-396.21,-88.57000000000005,0.0,other_tissue,0,94.9096151147025
226.60000000000002,145.43,0.0,other_tissue,0,965.7938246473936
247.40999999999997,-426.12,0.0,other_tissue,0,166.13700016771776
240.27999999999997,253.25,0.0,other_tissue,0,240.0193453138854
-326.38,258.62,0.0,mesenchymal_tumor_class1,1,248.48440300509873
188.86,242.45999999999998,0.0,other_tissue,0,185.61789681064388
7.699999999999989,-158.44000000000005,0.0,CAF,1,444.9909722902004
-182.42000000000002,-422.61,0.0,other_tissue,0,329.88813684147294
338.25,480.34,0.0,other_tissue,0,255.46807189352631
67.91999999999996,148.19,0.0,mesenchymal_tumor_class1,1,163.5346451475775
63.49000000000001,25.75999999999999,0.0,other_tissue,0,110.16554480227934
39.440000000000055,-160.01999999999998,0.0,other_tissue,0,119.22729931493433
340.13,-471.24,0.0,other_tissue,0,161.80535417053832
392.26,1.240000000000009,0.0,other_tissue,0,1048.0429451641626
182.23000000000002,-400.30999999999995,0.0,other_tissue,0,157.86021597173212
-56.49000000000001,-151.26999999999998,0.0,other_tissue,0,94.9096151147025
11.95999999999998,-309.12,0.0,other_tissue,0,94.9096151147025
70.87,412.37,0.0,other_tissue,0,136.00107506164062
-383.22,-178.24,0.0,other_tissue,0,156.88053770651442
-415.76,-307.82000000000005,0.0,other_tissue,0,157.15500117253782
244.87,-452.41999999999996,0.0,other_tissue,0,94.9096151147025
-324.14,306.33000000000004,0.0,mesenchymal_tumor_class1,1,137.34193618413303
-306.93,-117.01999999999998,0.0,other_tissue,0,119.58495752181588
-382.65,392.43,0.0,other_tissue,0,98.07337041863356
-433.93,-117.64999999999998,0.0,other_tissue,0,94.9096151147025
-410.53,-142.04999999999995,0.0,other_tissue,0,147.1506905086293
-382.73,235.63,0.0,mesenchymal_tumor_class1,1,357.1464402469327
318.64,-122.88999999999999,0.0,other_tissue,0,535.1973160428594
-472.45,100.22000000000003,0.0,other_tissue,0,143.68052080734734
-168.0,53.54000000000002,0.0,mesenchymal_tumor_class1,1,338.2582529778391
65.94000000000005,58.04000000000002,0.0,CD4_Tcell,1,141.94456803373458
-217.89999999999998,-351.08000000000004,0.0,other_tissue,0,134.37695172620013
313.51,-477.19000000000005,0.0,other_tissue,0,161.7048569258412
161.59000000000003,-102.02999999999997,0.0,other_tissue,0,457.3079454157964
-210.05,259.24,0.0,other_tissue,0,294.2548606366455
372.90999999999997,403.13,0.0,other_tissue,0,182.14635068761223
-120.94,-381.07000000000005,0.0,other_tissue,0,126.34649260692723
-439.53,-118.40999999999997,0.0,other_tissue,0,106.07743082694773
-213.72000000000003,-152.46000000000004,0.0,other_tissue,0,108.47392360369645
377.99,157.92000000000002,0.0,other_tissue,0,163.0867372242684
-238.54000000000002,176.07,0.0,mesenchymal_tumor_class1,1,219.13079578807827
-134.32999999999998,-236.32000000000005,0.0,other_tissue,0,404.27308603823366
-232.2,246.15,0.0,CAF,1,272.53030865833097
301.75,-381.57000000000005,0.0,other_tissue,0,94.9096151147025
340.95000000000005,-9.240000000000009,0.0,other_tissue,0,555.8269970574083
-370.15,-335.82000000000005,0.0,mesenchymal_tumor_class1,1,167.73511832012605
308.40999999999997,342.01,0.0,other_tissue,0,266.2270477805155
153.37,-172.39999999999998,0.0,other_tissue,0,121.11742457102244
42.16999999999996,41.69999999999999,0.0,CAF,1,153.951947433476
375.35,-19.769999999999982,0.0,other_tissue,0,224.5446551016618
-175.11,-275.9,0.0,mesenchymal_tumor_class1,1,511.2563389685437
100.32000000000005,53.129999999999995,0.0,mesenchymal_tumor_class1,1,505.71086243219514
161.45000000000005,310.66999999999996,0.0,other_tissue,0,108.8979505445968
-46.81,88.0,0.0,other_tissue,0,159.8674006548973
-208.27999999999997,-316.41999999999996,0.0,mesenchymal_tumor_class1,1,474.939350185448
460.88,376.74,0.0,other_tissue,0,112.97297407050043
487.15,-118.26999999999998,0.0,other_tissue,0,175.0308412767895
-38.379999999999995,112.31,0.0,other_tissue,0,107.43233548814474
494.15999999999997,475.61,0.0,other_tissue,0,94.9096151147025
247.17999999999995,424.83,0.0,other_tissue,0,436.9919469204824
-473.3,347.74,0.0,other_tissue,0,217.56138583829934
176.32000000000005,227.82,0.0,CAF,1,381.9071188084045
339.09000000000003,7.529999999999973,0.0,other_tissue,0,420.99733156995507
-31.839999999999975,96.68,0.0,other_tissue,0,201.196201022292
427.28999999999996,-325.53999999999996,0.0,other_tissue,0,254.71919385757616
375.01,43.76999999999998,0.0,other_tissue,0,302.38357122798897
-346.65999999999997,-84.63,0.0,other_tissue,0,119.47934474978724
-170.19,96.88999999999999,0.0,other_tissue,0,644.5472880453494
-8.319999999999993,-59.85000000000002,0.0,other_tissue,0,177.2494088312855
181.76999999999998,329.76,0.0,other_tissue,0,247.36791391514225
181.98000000000002,187.02999999999997,0.0,other_tissue,0,110.56611267393629
-167.95999999999998,-368.13,0.0,other_tissue,0,229.19466458020986
-435.25,-120.39999999999998,0.0,other_tissue,0,94.9096151147025
44.120000000000005,12.610000000000014,0.0,other_tissue,0,113.48797022249401
488.41999999999996,192.25,0.0,other_tissue,0,114.97372396523339
-248.97,-263.54999999999995,0.0,other_tissue,0,265.3274639997288
-324.84000000000003,172.62,0.0,other_tissue,0,206.59886185978647
478.34000000000003,470.53,0.0,other_tissue,0,113.95337115882603
-281.45,-385.37,0.0,other_tissue,0,94.9096151147025
-312.37,-362.66999999999996,0.0,mesenchymal_tumor_class1,1,187.94072736778557
465.65999999999997,-265.78,0.0,other_tissue,0,99.49949419717652
181.01,-107.20000000000005,0.0,other_tissue,0,120.44979234511936
74.75999999999999,-108.91999999999996,0.0,other_tissue,0,211.09282283849785
372.42999999999995,-453.58000000000004,0.0,other_tissue,0,236.26625681760933
-440.13,380.8,0.0,other_tissue,0,204.2250242168811
-361.46000000000004,33.77999999999997,0.0,mesenchymal_tumor_class1,1,290.85562954885444
152.64999999999998,-27.370000000000005,0.0,other_tissue,0,179.1944383728557
-231.43,-23.33000000000004,0.0,other_tissue,0,130.2894140246276
-280.01,106.41000000000003,0.0,CD8_Tcell,1,164.3313373772587
431.49,302.83000000000004,0.0,other_tissue,0,402.5568969379955
-462.26,23.19999999999999,0.0,other_tissue,0,201.55341294495753
-319.25,79.38,0.0,other_tissue,0,182.57401537071777
-368.16999999999996,-174.10000000000002,0.0,other_tissue,0,94.9096151147025
-182.24,404.36,0.0,other_tissue,0,94.9096151147025
-216.54000000000002,411.56,0.0,other_tissue,0,102.79051024395314
-388.39,497.502,0.0,mesenchymal_tumor_class1_class2,1,1664.8533657432413
183.87,-197.61,0.0,other_tissue,0,135.83488232028543
405.23,399.42,0.0,apCAF,1,308.5249348496158
383.63,-408.29999999999995,0.0,other_tissue,0,99.57219990355215
326.12,478.02,0.0,other_tissue,0,94.9096151147025
-489.12,460.95,0.0,other_tissue,0,127.29864974966519
-137.35000000000002,-214.35000000000002,0.0,other_tissue,0,224.58038833406948
270.53,-98.58000000000004,0.0,other_tissue,0,451.16410458517436
495.15,-245.57000000000005,0.0,other_tissue,0,451.64788086403524
-221.01999999999998,-349.98,0.0,other_tissue,0,146.51808428581657
-0.9399999999999977,36.45999999999998,0.0,other_tissue,0,94.9096151147025
-363.02,-5.7900000000000205,0.0,mesenchymal_tumor_class1,1,277.0166934567867
-473.12,197.01,0.0,other_tissue,0,269.53282632717134
132.08000000000004,-162.78999999999996,0.0,other_tissue,0,109.14626934039394
443.73,358.78,0.0,other_tissue,0,172.56091743824206
-104.69999999999999,-265.94000000000005,0.0,other_tissue,0,102.01251927267835
-164.14,-367.02,0.0,CAF,1,211.46165121673545
-18.74000000000001,-423.05999999999995,0.0,other_tissue,0,131.6801262105902
312.0,-413.88,0.0,other_tissue,0,186.11402561601918
-273.65,-419.30999999999995,0.0,mesenchymal_tumor_class1,1,175.71266079041496
-240.54000000000002,217.35000000000002,0.0,other_tissue,0,151.66437257878005
-349.31,72.13,0.0,other_tissue,0,193.33073426693522
63.57000000000005,62.389999999999986,0.0,other_tissue,0,109.31755281375644
-73.52999999999997,-308.70000000000005,0.0,other_tissue,0,99.8998138985673
-190.86,334.22,0.0,other_tissue,0,94.9096151147025
261.13,-121.64999999999998,0.0,other_tissue,0,98.92946619418647
-351.5,63.94999999999999,0.0,other_tissue,0,160.31653287660896
-145.72000000000003,-95.49000000000001,0.0,other_tissue,0,94.9096151147025
403.77,391.79,0.0,other_tissue,0,118.22848676598976
-376.26,108.42000000000002,0.0,other_tissue,0,271.50503461419265
247.36,-37.870000000000005,0.0,epithelial_tumor_class1_class2,1,1007.3420249621552
-3.829999999999984,-122.69000000000005,0.0,other_tissue,0,142.93227823560917
-145.77999999999997,-405.96000000000004,0.0,other_tissue,0,230.7830739142423
-35.579999999999984,206.97000000000003,0.0,other_tissue,0,154.2090783357908
313.4,-245.91999999999996,0.0,other_tissue,0,132.62741649678344
67.69000000000005,-8.389999999999986,0.0,other_tissue,0,138.28382415743718
-245.12,272.15999999999997,0.0,other_tissue,0,94.9096151147025
121.63,-34.07000000000005,0.0,other_tissue,0,94.9096151147025
135.89,-29.769999999999982,0.0,mesenchymal_tumor_class1,1,114.3784460947987
48.97000000000003,-244.89999999999998,0.0,other_tissue,0,94.9096151147025
144.02999999999997,-160.19000000000005,0.0,other_tissue,0,109.17388359677543
36.16999999999996,-69.63999999999999,0.0,mesenchymal_tumor_class1,1,217.36901615013858
90.02999999999997,-99.60000000000002,0.0,other_tissue,0,353.48317970731813
-105.45999999999998,193.41000000000003,0.0,other_tissue,0,227.09114616112984
-362.76,-476.11,0.0,other_tissue,0,111.63343211448193
-121.91000000000003,-337.64,0.0,other_tissue,0,94.9096151147025
346.29999999999995,-371.72,0.0,other_tissue,0,188.4886746079564
173.64999999999998,499.9083,0.0,other_tissue,0,120.62679999624983
-69.44,2.8999999999999773,0.0,other_tissue,0,188.14707537919293
-158.25,-108.78999999999996,0.0,other_tissue,0,210.21964340531014
199.13,104.99000000000001,0.0,other_tissue,0,164.48372670259843
-358.64,-420.73,0.0,other_tissue,0,113.6183813935937
321.11,-408.58000000000004,0.0,other_tissue,0,137.509355657525
354.51,-51.25999999999999,0.0,epithelial_tumor_class1,1,2123.778078278754
-291.63,-419.27,0.0,other_tissue,0,135.566703219286
416.03,358.08000000000004,0.0,mesenchymal_tumor_class1,1,156.55722253223095
338.91999999999996,-410.79999999999995,0.0,other_tissue,0,124.39015575707117
-114.25,-164.75,0.0,other_tissue,0,142.19322511119935
-54.56,-238.23000000000002,0.0,other_tissue,0,170.04011434983897
371.95000000000005,-378.14,0.0,other_tissue,0,127.42106602171535
14.07000000000005,-135.53999999999996,0.0,other_tissue,0,188.39330303341325
267.33000000000004,400.03,0.0,other_tissue,0,132.91689514520172
-403.36,55.360000000000014,0.0,other_tissue,0,98.32040650020409
-174.76,-182.34000000000003,0.0,other_tissue,0,347.36584697772594
-283.55,-382.58000000000004,0.0,other_tissue,0,94.9096151147025
-418.82,-130.46000000000004,0.0,other_tissue,0,337.88275384718276
-461.96,-258.26,0.0,other_tissue,0,94.9096151147025
472.63,-305.69000000000005,0.0,CD4_Tcell,1,141.94456803373458
76.89999999999998,33.31999999999999,0.0,other_tissue,0,257.1853018010943
98.74000000000001,-433.53999999999996,0.0,other_tissue,0,209.04212034305885
-111.48000000000002,-277.99,0.0,mesenchymal_tumor_class1,1,159.76058819511127
162.76999999999998,-45.83000000000004,0.0,other_tissue,0,94.9096151147025
58.14999999999998,296.25,0.0,apCAF,1,527.1252468829173
-227.76999999999998,-426.26,0.0,other_tissue,0,132.13752251041203
-168.56,49.420000000000016,0.0,other_tissue,0,141.14841564495026
37.32000000000005,134.57999999999998,0.0,other_tissue,0,151.12176612144106
83.42999999999995,-390.24,0.0,other_tissue,0,94.9096151147025
-43.829999999999984,54.45999999999998,0.0,other_tissue,0,163.93266861052462
248.89999999999998,-270.54999999999995,0.0,other_tissue,0,289.39326520758726
440.25,499.906,0.0,apCAF,1,683.8962530646779
-445.32,70.57999999999998,0.0,other_tissue,0,148.5094952513031
-90.31,34.56999999999999,0.0,other_tissue,0,645.7930048415898
104.34000000000003,301.27,0.0,other_tissue,0,570.6021124057572
103.45000000000005,102.5,0.0,other_tissue,0,95.01521540532022
-400.17,441.05,0.0,other_tissue,0,268.33397906661367
-491.856,-33.25,0.0,other_tissue,0,291.02549704612545
159.28999999999996,234.45,0.0,other_tissue,0,169.16588652987738
-501.684,-186.91999999999996,0.0,other_tissue,0,418.43548873050685
-120.05000000000001,468.64,0.0,CAF,1,205.79712155369532
494.49,281.09000000000003,0.0,other_tissue,0,257.332011461898
-498.814,-215.19000000000005,0.0,other_tissue,0,438.38584475707194
321.15,205.69,0.0,other_tissue,0,178.65699361655967
465.97,490.351,0.0,other_tissue,0,600.6405611292759
308.15999999999997,-331.28999999999996,0.0,other_tissue,0,226.5156174544127
-354.51,154.7,0.0,other_tissue,0,116.63393432275278
73.80999999999995,0.7400000000000091,0.0,other_tissue,0,117.32796408446887
317.32000000000005,-6.279999999999973,0.0,other_tissue,0,217.98149540766025
-298.19,-382.13,0.0,other_tissue,0,94.9096151147025
115.64999999999998,216.06,0.0,other_tissue,0,357.609165009447
-96.86000000000001,-15.309999999999945,0.0,other_tissue,0,215.7210551748906
303.67999999999995,-417.24,0.0,other_tissue,0,190.09893078511365
-209.7,190.39999999999998,0.0,apCAF,1,246.64446793531584
-357.69,-253.77999999999997,0.0,mesenchymal_tumor_class1,1,114.3784460947987
425.35,238.24,0.0,mesenchymal_tumor_class1,1,1016.2368799287115
464.94000000000005,294.52,0.0,mesenchymal_tumor_class1_class2,1,178.51130141039494
376.34000000000003,299.49,0.0,apCAF,1,1281.6251411997255
-44.129999999999995,232.47000000000003,0.0,other_tissue,0,102.27669990005847
-293.45,-468.87,0.0,other_tissue,0,125.03597652270129
132.91999999999996,271.41999999999996,0.0,apCAF,1,366.27894865011046
-67.29000000000002,-287.88,0.0,other_tissue,0,101.50656845838598
-139.73000000000002,-331.80999999999995,0.0,other_tissue,0,94.9096151147025
-333.51,-181.80999999999995,0.0,other_tissue,0,184.54989630794387
163.99,-41.76999999999998,0.0,other_tissue,0,143.76676892435466
-483.14,-131.73000000000002,0.0,other_tissue,0,324.19525986157157
-495.45,47.97000000000003,0.0,other_tissue,0,167.65423487146387
-499.5739,-44.5,0.0,other_tissue,0,279.5727714674696
-377.2,-239.95000000000005,0.0,other_tissue,0,308.40350745527627
368.70000000000005,141.56,0.0,other_tissue,0,268.082573106329
-403.57,-407.69000000000005,0.0,other_tissue,0,150.9640356910835
-37.31999999999999,-210.89,0.0,other_tissue,0,204.56902093988464
-466.19,12.04000000000002,0.0,CD8_Tcell,1,98.2426443831453
361.44000000000005,348.06,0.0,other_tissue,0,124.63735632396279
313.28,369.26,0.0,other_tissue,0,237.62729822459337
397.05999999999995,416.31,0.0,other_tissue,0,102.45660300071683
34.34000000000003,-59.52999999999997,0.0,mesenchymal_tumor_class1,1,145.27167987532044
-96.61000000000001,202.64999999999998,0.0,other_tissue,0,263.2065272264685
47.110000000000014,-88.32000000000005,0.0,mesenchymal_tumor_class1,1,194.70024076699866
330.61,294.77,0.0,other_tissue,0,217.13308110376326
-82.16000000000003,138.20999999999998,0.0,CAF,1,632.944283212115
-341.82,119.06,0.0,mesenchymal_tumor_class1,1,114.3784460947987
-365.16999999999996,-237.45000000000005,0.0,other_tissue,0,152.31169584431217
111.63999999999999,499.4715,0.0,other_tissue,0,905.9327674026641
478.19000000000005,499.9007,0.0,CAF,1,980.3724964180435
-251.82,-121.04999999999995,0.0,other_tissue,0,94.9096151147025
-298.11,261.37,0.0,other_tissue,0,143.56115729406625
491.53999999999996,-87.42999999999995,0.0,other_tissue,0,94.9096151147025
72.94000000000005,30.04000000000002,0.0,CD8_Tcell,1,98.2426443831453
426.84000000000003,363.99,0.0,mesenchymal_tumor_class1,1,234.91962818208896
-98.80000000000001,295.13,0.0,other_tissue,0,215.79064074092778
-272.34000000000003,-307.70000000000005,0.0,other_tissue,0,97.36032997321016
357.88,12.75,0.0,other_tissue,0,384.8420392146588
-330.87,355.03,0.0,CD4_Tcell,1,141.94456803373458
201.35000000000002,-452.96000000000004,0.0,other_tissue,0,296.99108290102276
-367.76,-12.100000000000023,0.0,other_tissue,0,388.1006409018791
177.55999999999995,-70.57000000000005,0.0,other_tissue,0,330.87037029586725
260.04999999999995,238.74,0.0,other_tissue,0,267.078519570643
46.639999999999986,474.62,0.0,other_tissue,0,209.127299952061
49.629999999999995,44.01999999999998,0.0,apCAF,1,791.60124993977
-239.64999999999998,-391.98,0.0,other_tissue,0,116.0404127589328
-290.2,367.12,0.0,apCAF,1,511.2563389685437
330.49,25.920000000000016,0.0,other_tissue,0,137.38055937904667
309.57000000000005,-434.35,0.0,other_tissue,0,441.4488282320134
-288.78999999999996,473.95,0.0,mesenchymal_tumor_class1,1,158.65255760824988
-191.18,167.91000000000003,0.0,other_tissue,0,164.8105924342754
-174.23000000000002,465.75,0.0,other_tissue,0,169.00322703474393
-197.77999999999997,274.7,0.0,other_tissue,0,124.6011601928934
-480.08,-212.0,0.0,other_tissue,0,104.0638337279269
-286.69,-209.53999999999996,0.0,other_tissue,0,236.73786447103245
-259.56,-92.94000000000005,0.0,other_tissue,0,95.1663396924158
225.48000000000002,478.68,0.0,other_tissue,0,138.51673044493845
-279.87,270.15999999999997,0.0,other_tissue,0,184.5107098572641
-144.05,-321.91999999999996,0.0,other_tissue,0,150.84067107002886
480.03,-428.92999999999995,0.0,other_tissue,0,1078.826280986302
106.37,-453.03999999999996,0.0,other_tissue,0,143.2961417641434
301.07000000000005,-321.94000000000005,0.0,other_tissue,0,201.1878987939765
227.51999999999998,-176.57000000000005,0.0,other_tissue,0,175.44729875460607
-378.7,297.78,0.0,other_tissue,0,111.84098127942998
-391.88,490.769,0.0,mesenchymal_tumor_class1,1,344.9221639956491
-386.69,-203.92999999999995,0.0,other_tissue,0,267.4898777411562
267.61,-377.65,0.0,other_tissue,0,94.9096151147025
17.710000000000036,348.5,0.0,other_tissue,0,101.07048258878254
-179.42000000000002,-335.57000000000005,0.0,mesenchymal_tumor_class1,1,114.3784460947987
133.36,-207.02999999999997,0.0,other_tissue,0,146.1487844902668
152.19000000000005,257.48,0.0,other_tissue,0,135.07595873162458
-202.42000000000002,183.33999999999997,0.0,other_tissue,0,645.7207455866909
75.42999999999995,110.77999999999997,0.0,other_tissue,0,154.28557783208282
-35.110000000000014,-239.57000000000005,0.0,other_tissue,0,618.2118105110876
30.50999999999999,-87.64999999999998,0.0,other_tissue,0,110.2377978648119
-375.4,-42.379999999999995,0.0,other_tissue,0,94.9096151147025
350.32000000000005,464.7,0.0,other_tissue,0,110.56611267393629
200.70000000000005,-262.86,0.0,CD4_Tcell,1,141.94456803373458
-55.920000000000016,321.19,0.0,other_tissue,0,108.97516487678102
427.51,185.99,0.0,other_tissue,0,102.1762576010351
-472.72,-146.07000000000005,0.0,other_tissue,0,397.7904993959052
-366.85,257.5,0.0,mesenchymal_tumor_class1,1,263.95204170312377
45.58000000000004,54.80000000000001,0.0,other_tissue,0,130.1837991507232
-433.5,155.82,0.0,other_tissue,0,877.7728432130365
38.16999999999996,-40.98000000000002,0.0,other_tissue,0,135.5858471529965
-493.386,-57.59000000000003,0.0,other_tissue,0,159.4902095848546
402.75,-248.80999999999995,0.0,other_tissue,0,203.32909360077338
-488.48,-401.49,0.0,other_tissue,0,94.9096151147025
281.07000000000005,-134.13,0.0,other_tissue,0,95.68136077265437
364.87,245.68,0.0,other_tissue,0,140.57236271837294
-211.04000000000002,201.85000000000002,0.0,other_tissue,0,157.3874893690048
-119.06,-285.32000000000005,0.0,mesenchymal_tumor_class1,1,398.71979375141893
-364.53,425.88,0.0,mesenchymal_tumor_class1,1,196.28029249271523
-24.810000000000002,11.0,0.0,other_tissue,0,372.70336657190006
-170.17000000000002,-429.98,0.0,other_tissue,0,101.52761626764818
-409.57,-445.76,0.0,other_tissue,0,128.87150983334348
-173.91000000000003,340.72,0.0,other_tissue,0,138.1545446592831
-323.01,-265.85,0.0,other_tissue,0,130.88689966075452
-239.48000000000002,269.32,0.0,other_tissue,0,178.19718288345697
19.840000000000032,105.19,0.0,other_tissue,0,94.9096151147025
-309.9,-482.17999999999995,0.0,other_tissue,0,130.07203386399104
494.29999999999995,-168.85000000000002,0.0,other_tissue,0,138.33555853017302
-33.410000000000025,114.06,0.0,other_tissue,0,154.786926652458
-144.0,484.81,0.0,other_tissue,0,94.9096151147025
-320.34000000000003,248.07,0.0,mesenchymal_tumor_class1,1,265.21765404938174
-303.78999999999996,282.15,0.0,CAF,1,382.09807024259084
392.61,356.14,0.0,mesenchymal_tumor_class1,1,639.365071431821
467.28999999999996,304.46000000000004,0.0,mesenchymal_tumor_class1,1,114.3784460947987
98.91999999999996,82.08999999999997,0.0,other_tissue,0,134.9677723887664
373.89,-472.88,0.0,other_tissue,0,341.8157372125589
-268.03999999999996,123.11000000000001,0.0,other_tissue,0,219.06928086721948
208.19000000000005,196.76999999999998,0.0,other_tissue,0,95.49432519860757
-225.91000000000003,310.99,0.0,mesenchymal_tumor_class1,1,134.25645893435507
314.03,397.15,0.0,apCAF,1,632.944283212115
260.30999999999995,426.56,0.0,other_tissue,0,208.96547847359324
-301.64,-311.55999999999995,0.0,other_tissue,0,216.4350167584886
-17.49000000000001,207.19,0.0,other_tissue,0,109.19597835508466
-151.01,430.36,0.0,other_tissue,0,99.24530294977225
-314.08000000000004,-346.42999999999995,0.0,other_tissue,0,536.5213505322139
245.13,-317.58000000000004,0.0,other_tissue,0,145.5926531828633
-61.95999999999998,110.24000000000001,0.0,other_tissue,0,189.51595261905058
-19.060000000000002,-70.89999999999998,0.0,other_tissue,0,226.69536559176802
-464.43,499.3805,0.0,apCAF,1,797.2218944871096
-298.7,-371.57000000000005,0.0,mesenchymal_tumor_class1,1,176.4799196739603
-465.71,-379.42999999999995,0.0,other_tissue,0,233.2023236055307
309.54999999999995,302.11,0.0,other_tissue,0,188.85456381815962
225.03999999999996,-187.28999999999996,0.0,other_tissue,0,368.58614574364634
-286.62,88.30000000000001,0.0,CAF,1,153.951947433476
-464.2,344.05,0.0,other_tissue,0,156.72585323092378
434.13,379.22,0.0,other_tissue,0,94.9096151147025
-121.92000000000002,264.15,0.0,other_tissue,0,95.18650169648551
464.14,378.61,0.0,other_tissue,0,94.9096151147025
344.28,267.98,0.0,apCAF,1,341.0951720783873
259.95000000000005,42.389999999999986,0.0,other_tissue,0,1016.8235747147733
363.89,-375.65,0.0,other_tissue,0,131.37994841979162
219.21000000000004,338.41999999999996,0.0,CAF,1,153.951947433476
-275.86,-263.79999999999995,0.0,other_tissue,0,154.27862228721204
367.32000000000005,-411.98,0.0,other_tissue,0,135.27976041728095
-357.27,-8.939999999999998,0.0,mesenchymal_tumor_class1,1,157.51439769997535
-196.01,256.46000000000004,0.0,other_tissue,0,104.64802906884007
363.49,154.89,0.0,CAF,1,322.9530464534658
232.70000000000005,256.93,0.0,other_tissue,0,144.19852727150658
165.36,161.56,0.0,other_tissue,0,169.29904917497203
-64.66000000000003,144.14,0.0,other_tissue,0,98.84156566489638
9.240000000000009,0.4800000000000182,0.0,other_tissue,0,221.2733876888862
277.03999999999996,-380.82000000000005,0.0,other_tissue,0,236.4048998722175
-270.07,-197.55999999999995,0.0,other_tissue,0,94.9096151147025
-109.45999999999998,-270.57000000000005,0.0,mesenchymal_tumor_class1,1,188.04388250400152
358.79999999999995,-220.20000000000005,0.0,other_tissue,0,94.9096151147025
-435.29,340.46000000000004,0.0,other_tissue,0,242.12668320434346
-105.60000000000002,-56.5,0.0,other_tissue,0,115.98289677705066
-358.95,-24.33000000000004,0.0,mesenchymal_tumor_class1_class2,1,862.0623730668582
416.29999999999995,-162.33000000000004,0.0,other_tissue,0,215.32122845801263
-78.32999999999998,-236.10000000000002,0.0,other_tissue,0,266.26707640524165
-360.28,61.68000000000001,0.0,other_tissue,0,424.1426461983119
15.870000000000005,334.3,0.0,other_tissue,0,191.91939001325792
68.66999999999996,143.64999999999998,0.0,mesenchymal_tumor_class1,1,114.3784460947987
-444.01,326.53999999999996,0.0,mesenchymal_tumor_class1,1,151.96714614960052
44.83000000000004,-70.70000000000005,0.0,mesenchymal_tumor_class1,1,221.78684443515678
-293.37,139.55,0.0,other_tissue,0,145.90739732219862
-428.46,305.56,0.0,other_tissue,0,195.10665639041613
-426.23,-390.52,0.0,other_tissue,0,515.4730354094653
270.88,499.8263,0.0,CAF,1,271.9716716384098
-235.26,-176.77999999999997,0.0,other_tissue,0,121.93610346080574
-44.339999999999975,327.98,0.0,other_tissue,0,171.08123409898175
-276.86,430.01,0.0,other_tissue,0,172.89089042010758
220.64999999999998,-145.70000000000005,0.0,other_tissue,0,251.0063704540152
259.5,-326.65,0.0,other_tissue,0,119.63778723869373
223.14,-434.13,0.0,other_tissue,0,94.9096151147025
424.42999999999995,200.99,0.0,other_tissue,0,289.1923099109139
142.5,-122.34000000000003,0.0,other_tissue,0,111.57738185672659
249.12,366.11,0.0,other_tissue,0,152.38756660071996
491.72,-341.40999999999997,0.0,apCAF,1,175.78093996356932
491.54999999999995,50.70999999999998,0.0,mesenchymal_tumor_class1,1,167.22084918293643
-500.3371,47.54000000000002,0.0,mesenchymal_tumor_class1,1,370.15457767183585
283.67999999999995,328.24,0.0,other_tissue,0,208.59955920613788
79.08000000000004,-440.61,0.0,other_tissue,0,135.77099810377413
65.80999999999995,-28.149999999999977,0.0,other_tissue,0,192.281648801871
42.00999999999999,-249.32000000000005,0.0,other_tissue,0,277.06807276770576
-134.66000000000003,-383.85,0.0,other_tissue,0,201.96930699971176
-214.61,184.26,0.0,CAF,1,190.9716284342271
-338.03999999999996,269.66999999999996,0.0,mesenchymal_tumor_class1,1,230.05603642612698
-236.58999999999997,-313.70000000000005,0.0,other_tissue,0,448.8779722610603
-414.23,-427.51,0.0,other_tissue,0,199.53203965729546
241.90999999999997,-115.47000000000003,0.0,other_tissue,0,187.47303586574446
132.55999999999995,-290.35,0.0,other_tissue,0,233.98187531926817
-205.8,42.29000000000002,0.0,other_tissue,0,98.74855128440707
-148.7,489.69,0.0,other_tissue,0,101.65923099883491
-177.91000000000003,66.68,0.0,mesenchymal_tumor_class1_class2,1,314.22333728273475
465.64,454.05,0.0,other_tissue,0,250.3142576905154
-455.9,-362.32000000000005,0.0,other_tissue,0,255.04968657561236
-84.27999999999997,476.24,0.0,other_tissue,0,155.36621670136137
72.90999999999997,132.49,0.0,mesenchymal_tumor_class1,1,246.5874139295426
-169.91000000000003,-306.78,0.0,other_tissue,0,194.11599437327962
-400.71,188.56,0.0,other_tissue,0,162.7765721995756
-277.19,122.77999999999997,0.0,other_tissue,0,301.61080592782537
-172.66000000000003,56.89999999999998,0.0,mesenchymal_tumor_class1,1,389.0921055155688
-449.96,-491.5,0.0,other_tissue,0,378.12672514002855
-406.40999999999997,469.02,0.0,mesenchymal_tumor_class1,1,418.6925573033785
168.05999999999995,-112.01999999999998,0.0,other_tissue,0,171.69300175017634
108.46000000000004,-213.48000000000002,0.0,other_tissue,0,94.9096151147025
-173.37,280.86,0.0,other_tissue,0,237.59019408190946
402.97,221.35000000000002,0.0,other_tissue,0,439.041999419941
101.95000000000005,211.22000000000003,0.0,other_tissue,0,134.47212852292395
-158.95999999999998,-431.92999999999995,0.0,other_tissue,0,124.96343699934924
-163.61,37.80000000000001,0.0,other_tissue,0,136.36589491914404
146.76,17.829999999999984,0.0,apCAF,1,1281.6251411997255
-428.05,332.26,0.0,other_tissue,0,193.05599052687066
-151.08999999999997,-392.98,0.0,other_tissue,0,98.69173789983192
-499.4802,-11.160000000000025,0.0,mesenchymal_tumor_class1,1,474.8068911173651
175.12,372.03,0.0,other_tissue,0,202.00260321731193
-158.43,-129.01999999999998,0.0,other_tissue,0,253.64222006415602
-365.68,-41.24000000000001,0.0,other_tissue,0,118.37416248779999
-282.26,-281.23,0.0,other_tissue,0,121.71624179153994
-372.57,-135.71000000000004,0.0,other_tissue,0,100.71937389869414
239.24,373.92,0.0,other_tissue,0,342.8214945878556
270.77,344.65999999999997,0.0,other_tissue,0,105.19129551971297
-333.61,-143.65999999999997,0.0,other_tissue,0,95.31762413947567
-409.03,403.86,0.0,other_tissue,0,121.99557094852223
-288.18,-381.34000000000003,0.0,other_tissue,0,94.9096151147025
229.14,280.71000000000004,0.0,apCAF,1,422.8199853363366
353.61,-137.39,0.0,other_tissue,0,145.5926531828633
495.32000000000005,-16.42999999999995,0.0,other_tissue,0,426.9470292534419
326.39,-330.36,0.0,other_tissue,0,217.23792003596256
495.9,-164.0,0.0,other_tissue,0,247.73016679531437
439.86,-287.35,0.0,CD8_Tcell,1,98.2426443831453
-328.0,-472.52,0.0,other_tissue,0,155.24744943850604
-82.58999999999997,-315.82000000000005,0.0,other_tissue,0,455.4876024988295
-474.44,328.52,0.0,CAF,1,153.951947433476
-457.33,-124.00999999999999,0.0,other_tissue,0,387.0466488788322
-374.8,-101.69000000000005,0.0,other_tissue,0,410.99946067949486
-430.23,484.78,0.0,other_tissue,0,97.69333439194389
451.53,191.69,0.0,other_tissue,0,110.63296824187711
-475.99,339.46000000000004,0.0,other_tissue,0,248.4175102192936
-393.39,403.02,0.0,CAF,1,166.2247048320959
452.96000000000004,-424.14,0.0,other_tissue,0,123.03938406327515
-15.240000000000009,-200.26999999999998,0.0,other_tissue,0,491.2698151705363
-387.81,270.88,0.0,other_tissue,0,94.9096151147025
-179.77999999999997,104.47000000000003,0.0,other_tissue,0,202.28576882848188
304.34000000000003,-423.12,0.0,other_tissue,0,556.8410707215482
-269.35,-413.47,0.0,mesenchymal_tumor_class1,1,114.3784460947987
38.039999999999964,56.49000000000001,0.0,other_tissue,0,207.30103174991606
-365.28999999999996,408.25,0.0,CAF,1,235.91527037172236
-137.26,2.1200000000000045,0.0,other_tissue,0,94.9096151147025
-10.339999999999975,128.26,0.0,other_tissue,0,300.6656927957068
-298.02,398.4,0.0,CAF,1,265.9669595018356
-463.85,43.14999999999998,0.0,other_tissue,0,1221.229406005376
115.40999999999997,355.53999999999996,0.0,other_tissue,0,189.96306211109808
-275.27,-234.12,0.0,other_tissue,0,94.9096151147025
-410.48,299.68,0.0,other_tissue,0,164.97782423985345
-294.86,206.23000000000002,0.0,other_tissue,0,193.03176093667798
-25.529999999999973,363.86,0.0,other_tissue,0,97.10468829715695
-73.23000000000002,-467.86,0.0,other_tissue,0,112.71888237601311
-198.42000000000002,196.22000000000003,0.0,other_tissue,0,295.0793134098067
-26.029999999999973,-216.11,0.0,other_tissue,0,252.36545119527034
139.47000000000003,260.91999999999996,0.0,other_tissue,0,228.84167221457014
-78.82999999999998,-364.15,0.0,other_tissue,0,94.9096151147025
450.28999999999996,304.62,0.0,mesenchymal_tumor_class1,1,191.0037047392551
92.26999999999998,171.10000000000002,0.0,other_tissue,0,155.12874271759068
424.01,-405.80999999999995,0.0,other_tissue,0,97.36544737789619
425.03999999999996,212.94,0.0,other_tissue,0,517.6991709615942
313.22,290.72,0.0,other_tissue,0,293.88061759947806
141.88,30.410000000000025,0.0,other_tissue,0,251.0256139977794
-50.10000000000002,-332.1,0.0,other_tissue,0,126.86470523559166
243.35000000000002,-125.84000000000003,0.0,other_tissue,0,113.37465035179888
-295.6,147.26999999999998,0.0,other_tissue,0,142.68124175332036
-319.24,258.28999999999996,0.0,other_tissue,0,213.5281213102851
43.51999999999998,-86.69000000000005,0.0,mesenchymal_tumor_class1,1,114.3784460947987
-125.07999999999998,-129.39,0.0,CAF,1,518.1202082602224
405.96000000000004,-244.45000000000005,0.0,other_tissue,0,141.9035812739731
-166.82999999999998,70.25999999999999,0.0,mesenchymal_tumor_class1,1,227.44233654123943
437.16999999999996,498.08,0.0,other_tissue,0,94.9096151147025
-428.4,-100.69000000000005,0.0,other_tissue,0,135.044133219991
-372.02,-80.78999999999996,0.0,other_tissue,0,262.69046208967967
-464.73,308.4,0.0,other_tissue,0,94.9096151147025
-165.35000000000002,-199.30999999999995,0.0,mesenchymal_tumor_class1,1,306.4540089170902
-318.45,318.7,0.0,mesenchymal_tumor_class1,1,165.37818500493057
193.5,-40.24000000000001,0.0,other_tissue,0,260.1892299777231
78.25,-345.98,0.0,other_tissue,0,212.72577405882697
-343.3,-395.99,0.0,mesenchymal_tumor_class1_class2,1,254.7969311491633
-275.11,-349.01,0.0,other_tissue,0,173.9285337692472
-423.19,350.4,0.0,other_tissue,0,197.32746757644756
-187.26999999999998,334.66999999999996,0.0,other_tissue,0,94.9096151147025
-368.61,-84.41999999999996,0.0,other_tissue,0,118.03637788324775
225.47000000000003,-174.01999999999998,0.0,other_tissue,0,134.06002010080257
-372.7,-489.70000000000005,0.0,other_tissue,0,125.90256742589602
-424.56,203.82999999999998,0.0,other_tissue,0,148.67229740582394
452.74,-312.77,0.0,CD8_Tcell,1,186.61103768661866
-190.56,426.33,0.0,other_tissue,0,94.9096151147025
-345.40999999999997,138.55,0.0,CAF,1,153.951947433476
15.639999999999986,-452.64,0.0,other_tissue,0,247.49180276289673
-442.65999999999997,-354.9,0.0,other_tissue,0,434.9899295612099
23.91999999999996,-161.34000000000003,0.0,other_tissue,0,94.9096151147025
-419.57,338.36,0.0,other_tissue,0,187.07729505756993
371.11,243.02999999999997,0.0,other_tissue,0,217.8063840914156
360.14,410.48,0.0,other_tissue,0,104.11733881723109
-249.63,-409.87,0.0,other_tissue,0,123.02742126403578
-184.39,-287.79999999999995,0.0,mesenchymal_tumor_class1_class2,1,205.50226722305842
-215.68,-57.91999999999996,0.0,other_tissue,0,463.7100874467835
-441.92,264.38,0.0,other_tissue,0,94.9096151147025
-155.73000000000002,464.03,0.0,other_tissue,0,258.69417588352957
-234.01999999999998,-10.329999999999984,0.0,other_tissue,0,94.9096151147025
444.87,-402.72,0.0,other_tissue,0,280.2867236470581
-240.24,-173.90999999999997,0.0,other_tissue,0,94.9096151147025
421.77,141.13,0.0,other_tissue,0,527.4093093414482
3.3100000000000023,-78.07000000000005,0.0,other_tissue,0,202.46079736441413
-177.45,487.75,0.0,other_tissue,0,95.4539171487052
57.190000000000055,-51.98000000000002,0.0,mesenchymal_tumor_class1,1,121.0700776290282
220.64,175.12,0.0,other_tissue,0,183.76722087221202
-366.43,-44.72000000000003,0.0,apCAF,1,663.0525384855579
218.85000000000002,376.87,0.0,other_tissue,0,94.9096151147025
-362.55,191.51,0.0,apCAF,1,175.78093996356932
-32.079999999999984,-263.08000000000004,0.0,apCAF,1,509.5884614561078
64.39999999999998,298.28999999999996,0.0,other_tissue,0,125.24165760791851
-299.78,-385.6,0.0,other_tissue,0,94.9096151147025
367.39,408.05,0.0,other_tissue,0,94.9096151147025
410.03999999999996,44.31999999999999,0.0,other_tissue,0,1221.229406005376
8.5,-183.65999999999997,0.0,other_tissue,0,164.07031756496164
39.360000000000014,370.37,0.0,other_tissue,0,119.07507184733898
164.28999999999996,-399.30999999999995,0.0,other_tissue,0,104.05848422740218
-394.2,496.347,0.0,mesenchymal_tumor_class1,1,430.687011263922
-94.81,-291.82000000000005,0.0,other_tissue,0,370.17950922250634
-232.01999999999998,-235.76999999999998,0.0,other_tissue,0,97.12001416333719
-162.79000000000002,490.422,0.0,other_tissue,0,247.98777180082197
-109.87,-104.71000000000004,0.0,other_tissue,0,217.08940817233935
-264.5,-152.11,0.0,other_tissue,0,94.9096151147025
-148.58999999999997,499.3923,0.0,other_tissue,0,236.73786447103245
-231.29000000000002,362.43,0.0,apCAF,1,294.57589314999325
-446.3,-177.57000000000005,0.0,CD8_Tcell,1,98.2426443831453
454.61,-292.57000000000005,0.0,other_tissue,0,167.37501939111584
-37.97000000000003,84.94999999999999,0.0,CAF,1,318.47803675878293
-278.38,-170.63,0.0,other_tissue,0,148.5162763003684
-448.89,-257.55999999999995,0.0,other_tissue,0,320.56874501377763
186.80999999999995,96.14999999999998,0.0,other_tissue,0,156.02402339838227
-306.34000000000003,-343.65999999999997,0.0,other_tissue,0,389.5304319575225
-372.69,-326.04999999999995,0.0,other_tissue,0,116.21307478711834
18.779999999999973,92.0,0.0,other_tissue,0,236.45112627375113
255.33000000000004,424.15999999999997,0.0,other_tissue,0,121.0582428218392
494.35,-340.27,0.0,apCAF,1,531.3651792085865
-480.69,-400.32000000000005,0.0,other_tissue,0,124.28775389713333
429.53999999999996,478.14,0.0,mesenchymal_tumor_class1,1,114.3784460947987
177.89999999999998,-285.76,0.0,other_tissue,0,126.74874673988583
204.91999999999996,367.19,0.0,other_tissue,0,109.63849976584599
-288.03,-32.34000000000003,0.0,other_tissue,0,169.60262491800455
-228.51,327.05,0.0,other_tissue,0,265.44729123693867
-336.22,22.379999999999995,0.0,other_tissue,0,181.13816284898067
-69.22000000000003,-93.76999999999998,0.0,other_tissue,0,157.81078240361765
-28.100000000000023,165.02999999999997,0.0,other_tissue,0,148.97787205147395
431.65,310.75,0.0,apCAF,1,586.6189951446091
-343.68,-187.76999999999998,0.0,other_tissue,0,130.83703956808944
-203.67000000000002,302.14,0.0,apCAF,1,185.3033524708905
-179.64,76.35000000000002,0.0,mesenchymal_tumor_class1_class2,1,1013.89235755584
249.11,-63.870000000000005,0.0,other_tissue,0,1221.229406005376
-291.28999999999996,-27.090000000000032,0.0,CD4_Tcell,1,219.4649348750556
-290.03999999999996,191.68,0.0,other_tissue,0,142.4502841404507
-475.2,-234.32000000000005,0.0,other_tissue,0,276.6572161205731
-408.22,37.35000000000002,0.0,apCAF,1,1049.3158211562247
-314.56,-428.73,0.0,other_tissue,0,452.1035155140554
71.75,298.26,0.0,other_tissue,0,94.9096151147025
-4.2900000000000205,-433.91999999999996,0.0,other_tissue,0,177.0587333407852
-227.73000000000002,-421.32000000000005,0.0,other_tissue,0,161.2244818949762
165.51,267.91999999999996,0.0,other_tissue,0,135.93074621437725
-233.51999999999998,-405.59000000000003,0.0,other_tissue,0,298.0255687037097
-133.64999999999998,-309.78,0.0,mesenchymal_tumor_class1,1,119.83750658504468
128.42999999999995,-439.86,0.0,other_tissue,0,233.07409316678846
-499.2434,341.7,0.0,other_tissue,0,168.1178286164325
83.36000000000001,-242.19000000000005,0.0,other_tissue,0,149.21583048601687
-101.06,-231.58000000000004,0.0,other_tissue,0,94.9096151147025
-277.44,-259.94000000000005,0.0,other_tissue,0,150.21802302479745
-82.63,-331.6,0.0,other_tissue,0,100.32208676797133
-48.589999999999975,-232.09000000000003,0.0,other_tissue,0,158.5604536830321
-484.17,-309.46000000000004,0.0,other_tissue,0,94.9096151147025
242.38,119.99000000000001,0.0,other_tissue,0,94.9096151147025
139.98000000000002,-214.08000000000004,0.0,other_tissue,0,146.43073916518748
-73.50999999999999,481.51,0.0,other_tissue,0,232.62565681884934
-285.53,-469.38,0.0,other_tissue,0,248.34107602269034
-386.97,460.56,0.0,mesenchymal_tumor_class1,1,252.72290016580428
-142.32999999999998,-66.79999999999995,0.0,other_tissue,0,801.4495775683312
479.9,87.16000000000003,0.0,other_tissue,0,94.9096151147025
-261.47,-50.15999999999997,0.0,other_tissue,0,133.26356344519428
-45.839999999999975,236.12,0.0,other_tissue,0,145.22491071966948
-357.78,-190.25,0.0,other_tissue,0,263.633783582913
303.82000000000005,-154.61,0.0,other_tissue,0,205.6791460006374
-110.74000000000001,202.7,0.0,mesenchymal_tumor_class1,1,249.316787112784
-124.99000000000001,-188.83000000000004,0.0,other_tissue,0,156.98606272834206
288.45000000000005,-485.45000000000005,0.0,other_tissue,0,147.75132319596418
-23.95999999999998,170.47000000000003,0.0,other_tissue,0,117.60634506008469
-236.25,261.52,0.0,other_tissue,0,278.65366845669183
-395.4,-441.89,0.0,other_tissue,0,180.94470808123089
-475.03,284.53999999999996,0.0,other_tissue,0,112.5384269328034
488.47,91.32,0.0,other_tissue,0,136.2378137500917
345.55999999999995,-380.12,0.0,CD4_Tcell,1,147.36646054132527
-83.74000000000001,-458.45000000000005,0.0,CD4_Tcell,1,141.94456803373458
95.94000000000005,169.70999999999998,0.0,other_tissue,0,94.9096151147025
-314.6,-256.28999999999996,0.0,other_tissue,0,245.72317320647147
346.27,380.22,0.0,other_tissue,0,431.7773343171392
-116.06,426.54,0.0,other_tissue,0,94.9096151147025
-142.41000000000003,500.5542,0.0,other_tissue,0,401.1348389577711
426.99,-57.860000000000014,0.0,other_tissue,0,127.09072207169338
184.20000000000005,282.36,0.0,other_tissue,0,139.63311503143376
184.32000000000005,-404.12,0.0,other_tissue,0,118.94051714588966
-300.76,442.64,0.0,mesenchymal_tumor_class1,1,131.56750601657492
-249.62,266.25,0.0,other_tissue,0,668.3433167268768
-409.26,317.90999999999997,0.0,other_tissue,0,94.9096151147025
359.82000000000005,352.6,0.0,other_tissue,0,102.28198815947556
-142.48000000000002,-338.4,0.0,other_tissue,0,106.60931858367164
-260.23,29.05000000000001,0.0,other_tissue,0,118.64251837976353
-158.02999999999997,-82.48000000000002,0.0,other_tissue,0,103.94618706168089
-441.81,-42.77999999999997,0.0,apCAF,1,229.93803725145017
48.57000000000005,-263.47,0.0,other_tissue,0,129.53273668338326
-177.72000000000003,-27.230000000000018,0.0,other_tissue,0,199.10300961656395
212.57000000000005,499.0473,0.0,other_tissue,0,94.9096151147025
20.74000000000001,20.899999999999977,0.0,other_tissue,0,144.085522499446
-346.97,248.07,0.0,other_tissue,0,648.8327637141538
-86.04000000000002,-171.58000000000004,0.0,other_tissue,0,112.22309353196967
117.16999999999996,-443.28999999999996,0.0,other_tissue,0,119.45001890809644
-416.32,-336.94000000000005,0.0,other_tissue,0,132.75322507927342
-156.13,-97.50999999999999,0.0,other_tissue,0,218.5161645571346
48.610000000000014,138.35000000000002,0.0,other_tissue,0,94.9096151147025
59.84000000000003,25.29000000000002,0.0,other_tissue,0,143.7933137486828
179.41999999999996,-253.55999999999995,0.0,other_tissue,0,343.20064323074655
-224.89,-64.37,0.0,other_tissue,0,136.51969825434966
-108.77999999999997,-223.70000000000005,0.0,other_tissue,0,94.9096151147025
-446.49,-143.26999999999998,0.0,other_tissue,0,152.8640579449094
-115.80000000000001,261.95,0.0,other_tissue,0,147.23157957168885
-180.76999999999998,-395.67999999999995,0.0,other_tissue,0,124.54687913706866
201.13,334.02,0.0,other_tissue,0,311.082278264374
95.57000000000005,289.86,0.0,other_tissue,0,112.57224764690712
-207.13,-243.97000000000003,0.0,other_tissue,0,99.5462295154346
450.95000000000005,138.04000000000002,0.0,other_tissue,0,214.19395501103122
152.61,190.63,0.0,other_tissue,0,206.03320798181608
-173.61,21.220000000000027,0.0,other_tissue,0,205.99103645583313
462.57000000000005,251.38,0.0,CAF,1,153.951947433476
153.77999999999997,272.62,0.0,other_tissue,0,238.956310354099
82.51999999999998,-471.02,0.0,other_tissue,0,223.49222916914695
-67.38,-51.889999999999986,0.0,other_tissue,0,112.49334318554887
238.09000000000003,-99.09000000000003,0.0,other_tissue,0,101.92280159890069
-372.24,-254.48000000000002,0.0,mesenchymal_tumor_class1,1,114.3784460947987
-215.39,496.537,0.0,other_tissue,0,291.73753554745656
133.86,140.12,0.0,other_tissue,0,103.91946155477684
-411.36,-129.88,0.0,other_tissue,0,219.61452805469173
-110.63999999999999,-320.5,0.0,other_tissue,0,118.2517868454299
-251.6,-418.53,0.0,other_tissue,0,283.84339084998106
-121.02999999999997,464.28,0.0,other_tissue,0,118.21101371511413
-295.6,-334.14,0.0,other_tissue,0,122.19790502499971
-9.370000000000005,132.52999999999997,0.0,other_tissue,0,94.9096151147025
-190.7,-209.17999999999995,0.0,other_tissue,0,187.24343829392214
-438.7,-305.75,0.0,other_tissue,0,280.70116498712537
301.49,-410.26,0.0,other_tissue,0,324.0355315380224
-136.79000000000002,491.85,0.0,other_tissue,0,94.9096151147025
-321.51,-391.37,0.0,mesenchymal_tumor_class1_class2,1,687.1484801732668
104.63999999999999,208.95,0.0,other_tissue,0,240.0847219283747
-409.89,-242.09000000000003,0.0,other_tissue,0,176.3050013567495
-65.92000000000002,432.52,0.0,other_tissue,0,94.9096151147025
-493.699,-471.24,0.0,other_tissue,0,175.00814438795538
-400.84000000000003,336.3,0.0,other_tissue,0,122.3885413479517
484.45000000000005,499.1957,0.0,other_tissue,0,369.84302773391795
80.20000000000005,156.20999999999998,0.0,mesenchymal_tumor_class1,1,147.13721187919438
235.22000000000003,138.79000000000002,0.0,other_tissue,0,215.83413931780785
-467.46,98.16000000000003,0.0,other_tissue,0,136.94967787165928
-443.95,298.72,0.0,other_tissue,0,195.09852254056563
320.69000000000005,-4.2900000000000205,0.0,other_tissue,0,579.8336978094834
371.39,38.629999999999995,0.0,other_tissue,0,386.14841083842913
492.86,-392.0,0.0,other_tissue,0,204.31727813797008
-299.58000000000004,-354.11,0.0,other_tissue,0,351.4803102022234
163.76,274.81,0.0,CAF,1,153.951947433476
-378.49,-348.05999999999995,0.0,other_tissue,0,532.5716723436094
-484.41,-455.85,0.0,other_tissue,0,94.9096151147025
305.29999999999995,228.62,0.0,other_tissue,0,486.8271308808601
181.67999999999995,-202.38,0.0,other_tissue,0,105.87166557698148
-192.97000000000003,172.63,0.0,other_tissue,0,126.68774434409326
-29.19999999999999,-257.63,0.0,other_tissue,0,176.37343388335952
-35.39999999999998,-313.98,0.0,other_tissue,0,178.84113915623718
11.319999999999993,446.05,0.0,other_tissue,0,431.7220839092067
-230.05,97.85000000000002,0.0,other_tissue,0,125.89649349002384
-293.93,-13.600000000000023,0.0,other_tissue,0,425.87854346236094
-177.13,411.36,0.0,apCAF,1,232.24174092378212
-250.68,-387.09000000000003,0.0,other_tissue,0,443.96293300164285
221.39999999999998,-359.69000000000005,0.0,CD8_Tcell,1,164.28781486449583
-373.46,-476.37,0.0,other_tissue,0,155.82088538500153
-492.008,54.170000000000016,0.0,other_tissue,0,121.80534301914406
290.53,320.49,0.0,other_tissue,0,343.5207672569435
79.32000000000005,-471.67999999999995,0.0,other_tissue,0,94.9096151147025
-479.67,468.08,0.0,CAF,1,153.951947433476
409.33000000000004,338.96000000000004,0.0,mesenchymal_tumor_class1,1,114.3784460947987
-147.05,103.87,0.0,other_tissue,0,192.43473927940028
-252.65,115.16000000000003,0.0,apCAF,1,422.8199853363366
-123.61000000000001,-357.98,0.0,other_tissue,0,94.9096151147025
102.90999999999997,63.69,0.0,mesenchymal_tumor_class1,1,314.22333728273475
491.53999999999996,-109.78999999999996,0.0,CAF,1,209.1187809500951
53.65999999999997,-7.110000000000014,0.0,other_tissue,0,125.01783901082341
324.91999999999996,370.0,0.0,other_tissue,0,94.9096151147025
-60.410000000000025,177.99,0.0,other_tissue,0,216.24331170607488
-427.28,-348.16999999999996,0.0,other_tissue,0,303.25587293027723
-428.51,-131.39,0.0,other_tissue,0,508.8483484233132
-400.07,303.14,0.0,other_tissue,0,94.9096151147025
360.09000000000003,398.49,0.0,other_tissue,0,190.2108712672442
-499.6651,457.1,0.0,other_tissue,0,158.9290833738389
-4.339999999999975,32.170000000000016,0.0,other_tissue,0,482.73859230122196
271.52,297.9,0.0,other_tissue,0,115.35147484754988
-216.72000000000003,346.28999999999996,0.0,other_tissue,0,129.9355187406041
-265.15999999999997,435.05,0.0,other_tissue,0,298.2413885003141
63.440000000000055,-493.14,0.0,other_tissue,0,191.89525561836493
-73.76999999999998,-456.1,0.0,other_tissue,0,194.5297146451454
135.51,486.44,0.0,other_tissue,0,127.07849808791778
49.539999999999964,184.56,0.0,mesenchymal_tumor_class1,1,382.05987486495985
472.70000000000005,353.64,0.0,other_tissue,0,94.9096151147025
253.52999999999997,-139.54999999999995,0.0,other_tissue,0,159.04262272869826
-323.51,418.08,0.0,mesenchymal_tumor_class1,1,114.3784460947987
-415.74,40.20999999999998,0.0,other_tissue,0,117.65278465680146
125.73000000000002,-199.04999999999995,0.0,other_tissue,0,94.9096151147025
489.73,-331.77,0.0,other_tissue,0,180.72047316853127
357.53,19.850000000000023,0.0,other_tissue,0,166.83217398350388
282.71000000000004,284.53999999999996,0.0,other_tissue,0,180.18769365095585
-294.58000000000004,424.11,0.0,other_tissue,0,94.9096151147025
-269.57,-175.59000000000003,0.0,other_tissue,0,285.7273473451736
-207.08999999999997,-290.26,0.0,other_tissue,0,281.14714485629986
-257.71000000000004,451.7,0.0,CD4_Tcell,1,141.94456803373458
481.67999999999995,-1.3999999999999773,0.0,other_tissue,0,176.7996341924853
259.6,-373.58000000000004,0.0,other_tissue,0,186.22439638359893
100.00999999999999,314.63,0.0,other_tissue,0,142.48326281457133
-52.06,500.1244,0.0,other_tissue,0,428.0447670502869
25.039999999999964,325.35,0.0,other_tissue,0,374.81113318718076
319.85,404.3,0.0,other_tissue,0,94.9096151147025
84.07000000000005,-96.90999999999997,0.0,other_tissue,0,133.8005083304074
302.85,-459.61,0.0,other_tissue,0,202.57753912747978
-46.29000000000002,96.24000000000001,0.0,other_tissue,0,94.9096151147025
-22.149999999999977,-244.15999999999997,0.0,other_tissue,0,233.3214368324955
274.98,-99.75,0.0,other_tissue,0,94.9096151147025
-397.51,272.26,0.0,other_tissue,0,94.9096151147025
28.370000000000005,348.15999999999997,0.0,other_tissue,0,94.9096151147025
-480.02,-307.40999999999997,0.0,other_tissue,0,95.23691916486534
-95.47000000000003,-170.03999999999996,0.0,other_tissue,0,94.9096151147025
-1.2900000000000205,423.76,0.0,other_tissue,0,94.9096151147025
-121.25999999999999,-189.65999999999997,0.0,other_tissue,0,182.8387244248909
289.9,328.18,0.0,other_tissue,0,119.15116937399317
-154.25,499.443,0.0,other_tissue,0,297.77750468227606
180.39,-123.39999999999998,0.0,CD4_Tcell,1,141.94456803373458
345.70000000000005,302.15999999999997,0.0,CAF,1,240.6268706273913
345.70000000000005,2.3500000000000227,0.0,other_tissue,0,641.6468476247471
237.11,360.43,0.0,mesenchymal_tumor_class1_class2,1,329.0461248945319
-399.36,414.09000000000003,0.0,CAF,1,153.951947433476
422.45000000000005,207.86,0.0,other_tissue,0,176.89867164578004
-11.769999999999982,-366.09000000000003,0.0,other_tissue,0,94.9096151147025
73.88,432.81,0.0,other_tissue,0,94.9096151147025
390.87,-420.32000000000005,0.0,other_tissue,0,197.237330036072
-445.15,-359.22,0.0,other_tissue,0,159.20593026927466
135.64,496.193,0.0,other_tissue,0,94.9096151147025
111.71000000000004,-264.01,0.0,other_tissue,0,113.77727761521295
479.90999999999997,-312.67999999999995,0.0,other_tissue,0,117.90842097800682
494.15,449.09000000000003,0.0,other_tissue,0,605.8712992677331
237.88,-440.64,0.0,other_tissue,0,94.9096151147025
453.83000000000004,168.01,0.0,other_tissue,0,152.78111863780046
349.45000000000005,395.02,0.0,other_tissue,0,143.15713926511972
-437.28,230.44,0.0,apCAF,1,663.2548045065533
-151.45999999999998,367.97,0.0,other_tissue,0,106.18041335441544
211.17999999999995,-394.91999999999996,0.0,other_tissue,0,160.1667287960157
179.99,-205.84000000000003,0.0,other_tissue,0,94.9096151147025
211.54999999999995,225.93,0.0,other_tissue,0,94.9096151147025
-156.87,154.76999999999998,0.0,other_tissue,0,412.5385155787866
-474.9,-445.08000000000004,0.0,other_tissue,0,293.74169390283674
-79.5,93.24000000000001,0.0,other_tissue,0,135.10142274074425
211.52999999999997,-460.55999999999995,0.0,other_tissue,0,117.40331550658685
-361.12,-55.629999999999995,0.0,other_tissue,0,454.0005306671743
116.85000000000002,-202.37,0.0,other_tissue,0,94.9096151147025
-126.67000000000002,184.05,0.0,other_tissue,0,118.05383372141577
477.4,-74.02999999999997,0.0,other_tissue,0,138.47789458360464
162.65999999999997,26.25999999999999,0.0,other_tissue,0,490.1566210187321
-329.15999999999997,308.76,0.0,mesenchymal_tumor_class1,1,305.6743212409224
-14.560000000000002,-427.75,0.0,other_tissue,0,139.55503379337998
54.32000000000005,145.61,0.0,mesenchymal_tumor_class1,1,137.89622743617562
-267.61,-469.78999999999996,0.0,other_tissue,0,381.7035074111598
-275.21000000000004,490.751,0.0,other_tissue,0,134.3515788340242
-397.15,-253.10000000000002,0.0,other_tissue,0,132.86652080528546
-415.97,93.17000000000002,0.0,other_tissue,0,293.8164935286593
-259.52,153.57999999999998,0.0,other_tissue,0,222.87835393297954
460.03999999999996,201.8,0.0,other_tissue,0,271.1604722583684
-303.06,-445.87,0.0,other_tissue,0,161.29611917723298
-404.4,-210.40999999999997,0.0,other_tissue,0,94.9096151147025
-384.11,194.12,0.0,other_tissue,0,109.86020810042756
-443.44,-388.28999999999996,0.0,other_tissue,0,215.3559763700152
-76.82999999999998,145.44,0.0,other_tissue,0,269.98710071142347
347.22,82.02999999999997,0.0,other_tissue,0,1221.229406005376
-455.82,467.9,0.0,other_tissue,0,180.56593638714799
356.53999999999996,472.64,0.0,mesenchymal_tumor_class1,1,167.41908542007005
-72.86000000000001,439.71,0.0,other_tissue,0,255.04968657561236
-408.58,455.38,0.0,mesenchymal_tumor_class1,1,354.9357655853231
237.10000000000002,348.18,0.0,other_tissue,0,110.85043495306348
488.4,-293.85,0.0,other_tissue,0,347.36584697772594
-383.08,427.21,0.0,mesenchymal_tumor_class1,1,927.1272859396394
-499.7933,423.17,0.0,CAF,1,303.34319525241614
-190.77999999999997,-133.66999999999996,0.0,other_tissue,0,199.1277446166951
-374.46,-419.16999999999996,0.0,other_tissue,0,160.54498532944712
133.04999999999995,134.16000000000003,0.0,other_tissue,0,159.42621725864788
-192.91000000000003,-236.39999999999998,0.0,other_tissue,0,102.8541937633846
490.15999999999997,283.64,0.0,other_tissue,0,190.74719484608084
-136.32,92.04000000000002,0.0,mesenchymal_tumor_class1,1,359.87984765281834
-361.76,-467.44000000000005,0.0,other_tissue,0,121.01091130556756
486.69000000000005,-300.66999999999996,0.0,other_tissue,0,258.4782620940974
-497.083,-454.78999999999996,0.0,other_tissue,0,120.14927689079802
479.70000000000005,-52.14999999999998,0.0,mesenchymal_tumor_class1,1,114.3784460947987
234.53999999999996,133.51999999999998,0.0,CAF,1,371.86497826729357
77.99000000000001,68.33999999999997,0.0,other_tissue,0,178.44231696709113
-305.18,-358.11,0.0,other_tissue,0,201.59497663410158
49.82000000000005,396.28,0.0,other_tissue,0,107.79886773592983
333.14,-327.78,0.0,other_tissue,0,256.95068234480476
404.23,-165.24,0.0,other_tissue,0,108.25957728741176
327.09000000000003,-103.99000000000001,0.0,other_tissue,0,217.98149540766025
-23.430000000000007,-223.78999999999996,0.0,other_tissue,0,363.9567472989386
412.5,-223.69000000000005,0.0,other_tissue,0,171.10359019070046
-424.78,-331.22,0.0,other_tissue,0,223.93776994392027
258.20000000000005,-99.49000000000001,0.0,other_tissue,0,642.8167832424107
-331.83000000000004,-50.14999999999998,0.0,other_tissue,0,108.1607435289597
-73.41000000000003,-63.91999999999996,0.0,other_tissue,0,111.53815784150089
323.67999999999995,-424.13,0.0,CD4_Tcell,1,156.5221063685615
175.23000000000002,197.3,0.0,other_tissue,0,208.4210098057536
-240.56,14.920000000000016,0.0,other_tissue,0,94.9096151147025
-70.73000000000002,499.8667,0.0,other_tissue,0,207.14015387329056
-238.29000000000002,-171.47000000000003,0.0,other_tissue,0,94.9096151147025
-239.85000000000002,-329.62,0.0,other_tissue,0,254.31133247333682
6.560000000000002,316.49,0.0,other_tissue,0,237.15450968434175
-124.25,-320.91999999999996,0.0,other_tissue,0,138.19332004464417
-129.44,-377.95000000000005,0.0,other_tissue,0,222.44309681869635
-427.56,206.31,0.0,other_tissue,0,131.03655593935497
-380.1,-180.94000000000005,0.0,other_tissue,0,94.9096151147025
-466.62,352.41999999999996,0.0,other_tissue,0,193.7028611100056
61.26999999999998,66.18,0.0,other_tissue,0,94.9096151147025
240.14,-123.5,0.0,other_tissue,0,94.9096151147025
15.590000000000032,-144.03999999999996,0.0,apCAF,1,444.1177416055558
-244.69,258.59000000000003,0.0,CD8_Tcell,1,132.7783963391759
354.28999999999996,449.34000000000003,0.0,other_tissue,0,110.51042027953973
-285.73,472.08,0.0,mesenchymal_tumor_class1,1,114.3784460947987
207.76,324.86,0.0,other_tissue,0,104.85758297737618
447.82000000000005,381.84000000000003,0.0,other_tissue,0,94.9096151147025
165.01999999999998,245.08,0.0,other_tissue,0,294.0409685931416
307.27,-460.4,0.0,other_tissue,0,159.39778172003116
58.65999999999997,204.70999999999998,0.0,other_tissue,0,111.71193400607224
344.98,402.72,0.0,other_tissue,0,172.65836571760605
-362.94,-244.79999999999995,0.0,mesenchymal_tumor_class1,1,148.12331655678557
-213.93,-264.1,0.0,other_tissue,0,116.50699316100601
69.00999999999999,-481.03999999999996,0.0,other_tissue,0,101.41188931472094
177.32000000000005,-479.71000000000004,0.0,other_tissue,0,119.72587133898243
201.03999999999996,339.11,0.0,other_tissue,0,173.0560345383908
-197.72000000000003,-83.63,0.0,other_tissue,0,146.53152507878923
456.41999999999996,-21.100000000000023,0.0,other_tissue,0,251.0256139977794
56.309999999999945,-372.38,0.0,other_tissue,0,98.41315187282804
-249.0,40.089999999999975,0.0,other_tissue,0,142.68124175332036
285.42999999999995,-197.58000000000004,0.0,other_tissue,0,104.37441855020785
-2.7200000000000273,-141.54999999999995,0.0,other_tissue,0,156.24838049240012
436.28,-345.72,0.0,other_tissue,0,114.12964630255111
-498.609,-390.47,0.0,other_tissue,0,425.09885530636325
-391.5,-167.16999999999996,0.0,other_tissue,0,146.85435075782786
87.92999999999995,104.19,0.0,other_tissue,0,146.49120516566973
-15.439999999999998,353.89,0.0,other_tissue,0,97.68820550471159
193.52999999999997,50.01999999999998,0.0,other_tissue,0,94.9096151147025
20.17999999999995,235.39999999999998,0.0,other_tissue,0,215.31254206407334
357.59000000000003,460.45,0.0,mesenchymal_tumor_class1,1,114.3784460947987
-468.43,64.22000000000003,0.0,other_tissue,0,110.08221512255905
419.63,-382.51,0.0,other_tissue,0,185.96430648212257
-243.97000000000003,-424.34000000000003,0.0,other_tissue,0,117.8851660259555
103.61000000000001,71.69,0.0,mesenchymal_tumor_class1_class2,1,302.35089249579113
-165.14,-332.37,0.0,mesenchymal_tumor_class1,1,114.3784460947987
-43.610000000000014,88.05000000000001,0.0,other_tissue,0,110.10443226032832
-301.97,-195.90999999999997,0.0,other_tissue,0,183.29087723192802
-237.52999999999997,-428.11,0.0,other_tissue,0,147.61620745558
468.15,459.22,0.0,other_tissue,0,124.66149097197128
440.22,-420.35,0.0,apCAF,1,645.7749395225069
-249.08,-336.08000000000004,0.0,other_tissue,0,120.31420380930518
-348.07,64.94999999999999,0.0,other_tissue,0,109.60526926503177
156.11,-100.03999999999996,0.0,other_tissue,0,110.89507870401857
287.39,179.11,0.0,other_tissue,0,123.84866706224481
152.74,-73.84000000000003,0.0,other_tissue,0,94.9096151147025
496.79999999999995,159.67000000000002,0.0,other_tissue,0,292.69583173521266
93.27999999999997,272.62,0.0,other_tissue,0,273.7212253736748
466.40999999999997,308.95,0.0,mesenchymal_tumor_class1_class2,1,106.52872372464805
-230.56,-245.89999999999998,0.0,other_tissue,0,129.50797731995553
473.70000000000005,-297.99,0.0,CAF,1,153.951947433476
450.38,496.181,0.0,other_tissue,0,94.9096151147025
457.80999999999995,341.40999999999997,0.0,other_tissue,0,186.0982619243648
472.03,-118.02999999999997,0.0,other_tissue,0,132.1877124339135
77.50999999999999,404.13,0.0,other_tissue,0,130.54436722608418
-430.12,-310.21000000000004,0.0,other_tissue,0,213.77008276241602
-282.49,-100.34000000000003,0.0,other_tissue,0,94.9096151147025
138.30999999999995,495.267,0.0,other_tissue,0,94.9096151147025
489.16999999999996,329.22,0.0,other_tissue,0,176.41906540412418
-371.33000000000004,27.829999999999984,0.0,mesenchymal_tumor_class1,1,534.3211448756431
463.03,-238.07000000000005,0.0,other_tissue,0,105.92037538231112
464.46000000000004,498.475,0.0,other_tissue,0,175.75817827420312
-402.59000000000003,-371.63,0.0,CD4_Tcell,1,158.97165429729793
-395.33,-376.96000000000004,0.0,other_tissue,0,160.63785609692655
-369.93,-257.44000000000005,0.0,mesenchymal_tumor_class1,1,121.33063857026593
-265.12,159.14,0.0,other_tissue,0,213.45038677938453
-38.27999999999997,-325.4,0.0,other_tissue,0,211.93403430367587
326.80999999999995,374.65,0.0,other_tissue,0,170.2702828745415
333.88,181.55,0.0,other_tissue,0,489.07512849689044
-499.2484,499.8352,0.0,other_tissue,0,288.24168033989173
-73.44,434.64,0.0,CD8_Tcell,1,112.38631754575302
-378.15999999999997,-44.35000000000002,0.0,CD8_Tcell,1,98.2426443831453
86.90999999999997,-417.97,0.0,CD4_Tcell,1,141.94456803373458
-184.14,-74.05999999999995,0.0,other_tissue,0,135.87322246748704
75.51999999999998,-177.90999999999997,0.0,other_tissue,0,229.51176149785803
366.32000000000005,376.68,0.0,other_tissue,0,401.2663700760427
-143.56,-392.35,0.0,other_tissue,0,245.11656661140282
420.09000000000003,154.5,0.0,other_tissue,0,337.8123787120917
459.6,-272.42999999999995,0.0,other_tissue,0,116.87075246704791
-48.97000000000003,-277.99,0.0,other_tissue,0,501.47133123726724
-25.529999999999973,-204.52999999999997,0.0,other_tissue,0,168.44948971047893
-314.23,430.51,0.0,mesenchymal_tumor_class1,1,177.40204774890074
395.95000000000005,-221.64,0.0,other_tissue,0,140.14787696225724
-104.51999999999998,254.24,0.0,other_tissue,0,211.9770130713003
-176.33999999999997,439.95,0.0,other_tissue,0,128.23713105163773
-435.32,115.69999999999999,0.0,other_tissue,0,139.94573122738353
-403.61,430.21,0.0,other_tissue,0,171.21539986360818
236.70000000000005,-442.6,0.0,other_tissue,0,94.9096151147025
281.03999999999996,-418.11,0.0,other_tissue,0,99.96750610458548
-161.54000000000002,485.02,0.0,other_tissue,0,910.0138459009293
368.44000000000005,35.56,0.0,other_tissue,0,216.0952535413761
327.28,-211.83000000000004,0.0,other_tissue,0,94.9096151147025
93.50999999999999,-2.519999999999982,0.0,other_tissue,0,418.11092096340855
-93.32,-469.28999999999996,0.0,other_tissue,0,132.08107403392293
-13.149999999999977,314.8,0.0,other_tissue,0,160.83085596273978
49.76999999999998,89.82999999999998,0.0,other_tissue,0,205.76340965070256
-397.09000000000003,243.06,0.0,mesenchymal_tumor_class1,1,397.738187793987
-123.43,-28.860000000000014,0.0,mesenchymal_tumor_class1,1,211.34152043074954
-370.63,-332.21000000000004,0.0,mesenchymal_tumor_class1,1,140.05004022010993
356.21000000000004,-286.40999999999997,0.0,other_tissue,0,96.85969366705307
437.84000000000003,-355.72,0.0,other_tissue,0,96.73225566107253
-452.26,334.65,0.0,other_tissue,0,285.1508123265339
188.17999999999995,91.39999999999998,0.0,other_tissue,0,103.35395825911817
191.65999999999997,-35.5,0.0,other_tissue,0,313.7206932264483
-37.079999999999984,-309.91999999999996,0.0,other_tissue,0,147.21809600314248
95.29999999999995,81.82999999999998,0.0,other_tissue,0,131.60503894356077
81.49000000000001,-95.21000000000004,0.0,other_tissue,0,179.25592917187544
145.25,-153.41999999999996,0.0,other_tissue,0,187.86140293903668
339.78999999999996,-119.57000000000005,0.0,other_tissue,0,551.4902650873958
363.37,-319.90999999999997,0.0,other_tissue,0,209.4682497789351
-484.22,430.69,0.0,other_tissue,0,130.35778349009956
-185.83999999999997,-391.80999999999995,0.0,other_tissue,0,101.73825440858216
-145.33999999999997,495.061,0.0,CAF,1,153.951947433476
-348.1,-68.16999999999996,0.0,other_tissue,0,157.93791814844852
62.120000000000005,-343.19000000000005,0.0,other_tissue,0,215.77324294673508
-40.120000000000005,-413.53999999999996,0.0,other_tissue,0,113.2670663696652
-214.68,460.86,0.0,other_tissue,0,109.32308106853752
-353.2,257.32,0.0,mesenchymal_tumor_class1,1,196.64801661605557
-492.121,147.26999999999998,0.0,other_tissue,0,141.5617823493244
-412.04,-147.28999999999996,0.0,other_tissue,0,154.29253358600772
-298.15999999999997,-438.11,0.0,other_tissue,0,113.77160020078567
-197.24,199.62,0.0,other_tissue,0,407.2017895624106
485.53999999999996,-249.89999999999998,0.0,other_tissue,0,220.10778634613757
252.94000000000005,115.37,0.0,other_tissue,0,688.6558800536975
-329.8,328.91999999999996,0.0,CAF,1,487.38099554902624
351.28999999999996,-255.66999999999996,0.0,CD8_Tcell,1,130.19001020984192
295.63,-34.879999999999995,0.0,other_tissue,0,565.9736586341462
-241.83999999999997,381.96,0.0,other_tissue,0,139.06119514212955
-242.07999999999998,339.96000000000004,0.0,other_tissue,0,177.96757366793358
-227.39,264.53999999999996,0.0,other_tissue,0,136.1738032514988
214.57000000000005,329.21000000000004,0.0,other_tissue,0,167.40439588448453
-62.81999999999999,-113.77999999999997,0.0,other_tissue,0,158.80141620498588
208.89,3.75,0.0,epithelial_tumor_class1,1,5888.338395347113
303.62,420.58,0.0,other_tissue,0,172.53094073068496
250.57000000000005,438.3,0.0,other_tissue,0,205.35915393735752
376.72,-326.17999999999995,0.0,CAF,1,244.84202699411495
-62.589999999999975,-116.82000000000005,0.0,other_tissue,0,96.4573711531076
-215.44,501.067,0.0,other_tissue,0,129.90450590330525
-399.43,-42.15999999999997,0.0,CD8_Tcell,1,186.91125013082205
-4.199999999999989,-288.30999999999995,0.0,other_tissue,0,161.317614499155
68.98000000000002,152.63,0.0,mesenchymal_tumor_class1,1,114.3784460947987
109.88,-6.2900000000000205,0.0,other_tissue,0,138.53615109816923
430.05999999999995,-267.23,0.0,other_tissue,0,212.28663173748612
-255.03,263.96000000000004,0.0,other_tissue,0,168.7298985402405
-142.69,-310.96000000000004,0.0,mesenchymal_tumor_class1_class2,1,722.2426035989577
205.69000000000005,400.9,0.0,other_tissue,0,231.59370122657737
238.83000000000004,366.63,0.0,mesenchymal_tumor_class1_class2,1,854.00583576093
124.46000000000004,458.21,0.0,other_tissue,0,633.960855658224
299.15,243.14,0.0,CAF,1,637.1961339633455
330.28999999999996,-335.64,0.0,CD4_Tcell,1,201.11318901648073
-385.93,-482.85,0.0,other_tissue,0,94.9096151147025
-21.99000000000001,-200.45000000000005,0.0,other_tissue,0,248.87644476931771
-174.7,89.41000000000003,0.0,mesenchymal_tumor_class1,1,227.8299659173403
-480.01,-482.77,0.0,other_tissue,0,133.9460468228188
97.13,-96.22000000000003,0.0,other_tissue,0,159.04262272869826
214.14,-437.12,0.0,other_tissue,0,94.9096151147025
-499.712,196.13,0.0,other_tissue,0,417.0977285428744
-178.37,367.06,0.0,other_tissue,0,97.22222781659
17.970000000000027,231.10000000000002,0.0,mesenchymal_tumor_class1_class2,1,1070.2016644377554
341.27,-104.48000000000002,0.0,other_tissue,0,153.41775387024288
-301.01,373.15,0.0,other_tissue,0,217.49142009816995
-94.62,479.95,0.0,CAF,1,153.951947433476
-137.39,313.6,0.0,other_tissue,0,160.66643892144938
-250.08,151.68,0.0,other_tissue,0,112.97862488534858
15.289999999999964,91.66000000000003,0.0,other_tissue,0,143.17037372376578
-405.90999999999997,-483.78,0.0,other_tissue,0,326.0931841878109
-5.839999999999975,-426.13,0.0,other_tissue,0,223.34978103310485
-477.92,198.12,0.0,CD4_Tcell,1,170.5898926289726
85.94000000000005,260.38,0.0,other_tissue,0,165.34176183600286
43.14999999999998,-83.37,0.0,mesenchymal_tumor_class1,1,114.3784460947987
-222.13,-361.59000000000003,0.0,other_tissue,0,131.8178603684365
325.17999999999995,-439.39,0.0,other_tissue,0,100.09255665543458
-366.94,-249.29999999999995,0.0,mesenchymal_tumor_class1,1,114.3784460947987
40.289999999999964,-202.90999999999997,0.0,other_tissue,0,118.44996113156014
-109.32999999999998,195.62,0.0,other_tissue,0,353.55571470218666
165.72000000000003,263.18,0.0,other_tissue,0,182.57401537071777
-34.50999999999999,182.17000000000002,0.0,other_tissue,0,126.5597030297309
450.99,-476.53999999999996,0.0,other_tissue,0,246.1502921641246
-4.019999999999982,116.91000000000003,0.0,other_tissue,0,122.99751765840183
-115.20999999999998,-231.07000000000005,0.0,other_tissue,0,152.18759802499352
223.76,84.70999999999998,0.0,other_tissue,0,285.8007802277096
401.74,-220.10000000000002,0.0,other_tissue,0,208.76119174350265
-93.83999999999997,192.52999999999997,0.0,other_tissue,0,124.14328226470204
-286.98,24.689999999999998,0.0,other_tissue,0,133.07439701902103
-101.99000000000001,-203.07000000000005,0.0,mesenchymal_tumor_class1_class2,1,760.8469661050552
39.35000000000002,-166.0,0.0,other_tissue,0,195.43219579451386
304.12,332.66999999999996,0.0,mesenchymal_tumor_class1,1,205.26658663811
96.13999999999999,-236.38,0.0,other_tissue,0,99.98313172422651
256.30999999999995,326.76,0.0,other_tissue,0,124.19142702904178
-128.47000000000003,149.42000000000002,0.0,other_tissue,0,94.9096151147025
-34.18000000000001,231.7,0.0,other_tissue,0,113.20481202502512
55.42999999999995,40.69999999999999,0.0,other_tissue,0,459.42100464312466
-41.839999999999975,-229.82000000000005,0.0,other_tissue,0,173.6875521149072
-24.410000000000025,-354.22,0.0,other_tissue,0,442.09400243205096
189.84000000000003,376.96,0.0,CAF,1,153.951947433476
-390.68,420.44,0.0,other_tissue,0,116.65125162193438
-192.86,55.44,0.0,other_tissue,0,283.8538343317434
212.92999999999995,204.86,0.0,other_tissue,0,247.85417655446577
-307.78999999999996,-129.84000000000003,0.0,other_tissue,0,151.4238173499154
-76.5,477.67,0.0,other_tissue,0,126.109197503407
389.0,381.94,0.0,other_tissue,0,227.1901632283806
-116.17000000000002,-241.15999999999997,0.0,other_tissue,0,213.78737271423728
160.70000000000005,-91.72000000000003,0.0,other_tissue,0,187.4096798689732
421.83000000000004,217.36,0.0,other_tissue,0,206.95397823682146
243.89,308.53999999999996,0.0,other_tissue,0,150.8064150509917
-4.350000000000023,476.75,0.0,CAF,1,153.951947433476
-360.85,-67.33000000000004,0.0,other_tissue,0,270.9680497402918
-362.98,-23.66999999999996,0.0,mesenchymal_tumor_class1,1,168.30940187240773
225.99,-209.07000000000005,0.0,other_tissue,0,157.6554869483231
37.10000000000002,-270.78,0.0,other_tissue,0,228.38964834144025
415.14,110.49000000000001,0.0,other_tissue,0,201.30415077565692
63.639999999999986,31.660000000000025,0.0,other_tissue,0,138.71101866943076
-377.75,420.89,0.0,mesenchymal_tumor_class1,1,252.6069338127307
-168.11,-351.70000000000005,0.0,other_tissue,0,254.25310212724793
459.87,-165.51,0.0,other_tissue,0,377.35597508286094
-230.35000000000002,214.87,0.0,other_tissue,0,114.60250351929471
53.440000000000055,-384.73,0.0,other_tissue,0,227.85702625058275
-489.41,425.76,0.0,other_tissue,0,226.11153159969865
202.51999999999998,196.8,0.0,other_tissue,0,132.3697574431294
-439.37,-371.87,0.0,other_tissue,0,232.65309556107383
489.91999999999996,470.32,0.0,other_tissue,0,188.64769874958836
212.64,194.08999999999997,0.0,other_tissue,0,97.03829484146965
-113.24000000000001,-370.99,0.0,other_tissue,0,278.17941708787475
409.32000000000005,-241.84000000000003,0.0,other_tissue,0,115.88516323072317
-218.05,-103.91999999999996,0.0,other_tissue,0,94.9096151147025
183.49,500.0299,0.0,CD4_Tcell,1,546.7880164888584
-375.15,279.62,0.0,other_tissue,0,373.1919633846166
258.45000000000005,420.88,0.0,other_tissue,0,94.9096151147025
-468.79,10.740000000000009,0.0,other_tissue,0,100.01438784812605
-435.92,-374.85,0.0,other_tissue,0,192.69275951058435
-435.48,-468.47,0.0,other_tissue,0,278.99422410297154
-476.25,-42.799999999999955,0.0,other_tissue,0,121.65686511968018
-458.54,-379.38,0.0,other_tissue,0,94.9096151147025
-399.89,-87.76999999999998,0.0,other_tissue,0,112.99557846048319
-442.43,-376.26,0.0,other_tissue,0,143.47499143816086
195.14,-433.09000000000003,0.0,other_tissue,0,192.87835394229086
-499.7651,346.37,0.0,other_tissue,0,97.3808006678618
-25.670000000000016,398.11,0.0,other_tissue,0,106.98487564867423
174.41999999999996,-194.34000000000003,0.0,other_tissue,0,144.98454218627802
-62.98000000000002,-225.24,0.0,other_tissue,0,227.00115561485725
-401.90999999999997,-0.9499999999999886,0.0,mesenchymal_tumor_class1,1,372.928819766733
65.64999999999998,170.22000000000003,0.0,mesenchymal_tumor_class1,1,178.72603337345183
-211.92000000000002,334.35,0.0,other_tissue,0,128.70501450660737
-16.04000000000002,-13.759999999999991,0.0,other_tissue,0,385.07236095033284
-458.89,362.27,0.0,other_tissue,0,96.57947766374721
67.54999999999995,-17.33000000000004,0.0,apCAF,1,226.8392325478582
495.38,-21.889999999999986,0.0,other_tissue,0,111.40934365929179
-493.431,-108.44000000000005,0.0,other_tissue,0,298.3385413919859
-447.68,-369.67999999999995,0.0,other_tissue,0,139.4834849007116
366.62,-332.32000000000005,0.0,other_tissue,0,94.9096151147025
-67.36000000000001,429.69,0.0,other_tissue,0,94.9096151147025
155.16999999999996,-497.83000000000004,0.0,other_tissue,0,153.6742897859355
0.08999999999997499,-289.32000000000005,0.0,other_tissue,0,121.58563860708318
-407.85,-367.75,0.0,other_tissue,0,195.9211835475054
-357.36,-326.09000000000003,0.0,other_tissue,0,155.93293971190383
-124.93,465.14,0.0,other_tissue,0,99.48391900896625
-45.410000000000025,-352.65,0.0,other_tissue,0,182.69855248842381
484.39,159.44,0.0,other_tissue,0,211.5732419862117
-446.42,-374.44000000000005,0.0,other_tissue,0,98.33070866286909
-136.37,480.79,0.0,other_tissue,0,128.58793713189257
-181.76,340.28999999999996,0.0,other_tissue,0,174.12449540956308
-396.38,-196.58000000000004,0.0,other_tissue,0,183.62657472594006
-434.51,111.93,0.0,CAF,1,219.66734187302004
179.73000000000002,-104.25,0.0,other_tissue,0,99.57739452314436
-412.77,-440.73,0.0,other_tissue,0,162.9784954146263
-434.17,-156.41999999999996,0.0,other_tissue,0,280.2660122952859
279.01,440.02,0.0,other_tissue,0,98.79505117698957
-359.95,293.26,0.0,mesenchymal_tumor_class1,1,289.6684074939778
-298.32,29.20999999999998,0.0,other_tissue,0,100.85552831986193
-187.39999999999998,221.99,0.0,CAF,1,163.7082487903626
-416.32,-312.51,0.0,other_tissue,0,105.15358289171675
294.62,200.22000000000003,0.0,other_tissue,0,94.9096151147025
355.03,-370.67999999999995,0.0,other_tissue,0,100.71413963878743
-59.629999999999995,109.95999999999998,0.0,other_tissue,0,190.77924601575384
-248.77,273.99,0.0,other_tissue,0,124.06507356334927
391.57000000000005,218.10000000000002,0.0,other_tissue,0,426.0154290821229
371.82000000000005,300.03,0.0,other_tissue,0,97.95000770301459
-284.91999999999996,-487.94000000000005,0.0,other_tissue,0,391.7011127992386
335.19000000000005,240.32999999999998,0.0,other_tissue,0,225.68103669265423
-83.85000000000002,-306.21000000000004,0.0,other_tissue,0,94.9096151147025
316.09000000000003,-414.0,0.0,other_tissue,0,280.338506490527
-334.28999999999996,415.04,0.0,mesenchymal_tumor_class1,1,130.50081510697981
106.14999999999998,-76.94000000000005,0.0,other_tissue,0,144.32489662649402
412.25,54.079999999999984,0.0,epithelial_tumor_class1,1,3495.7684878187956
-458.4,-370.35,0.0,other_tissue,0,166.1077721366748
-134.14,158.55,0.0,other_tissue,0,148.59766499043576
321.90999999999997,182.92000000000002,0.0,other_tissue,0,305.53170491916
333.90999999999997,-166.61,0.0,other_tissue,0,131.37994841979162
84.86000000000001,-493.98,0.0,other_tissue,0,94.9096151147025
-45.95999999999998,499.6591,0.0,other_tissue,0,212.88090993850713
-32.660000000000025,201.08999999999997,0.0,other_tissue,0,286.7986137318895
-112.22000000000003,-177.64999999999998,0.0,other_tissue,0,101.64343122890065
-428.18,-357.57000000000005,0.0,other_tissue,0,94.9096151147025
334.45000000000005,-141.26,0.0,other_tissue,0,121.71624179153994
484.28999999999996,-429.29999999999995,0.0,other_tissue,0,544.9307583988981
148.26999999999998,-107.65999999999997,0.0,other_tissue,0,94.9096151147025
-408.3,-451.37,0.0,other_tissue,0,125.35063885309094
-95.66000000000003,-12.190000000000055,0.0,other_tissue,0,96.34044903226483
360.35,407.26,0.0,other_tissue,0,151.53375386788596
127.13,391.08,0.0,other_tissue,0,204.2921152229864
-356.52,343.26,0.0,other_tissue,0,155.54797788917108
-481.12,-476.46000000000004,0.0,other_tissue,0,188.40124943559852
461.30999999999995,-302.33000000000004,0.0,CAF,1,484.8396772058654
-289.43,211.98000000000002,0.0,other_tissue,0,396.52323555633893
-152.0,462.2,0.0,other_tissue,0,113.51631198370661
-23.910000000000025,-275.22,0.0,other_tissue,0,120.85716908397322
-462.81,338.59000000000003,0.0,other_tissue,0,210.42488033725473
-73.07,-286.64,0.0,other_tissue,0,172.44852268595704
-96.64999999999998,378.07,0.0,other_tissue,0,131.46120147788307
364.90999999999997,-440.91999999999996,0.0,other_tissue,0,236.5620942228446
-267.06,-153.25,0.0,other_tissue,0,94.9096151147025
-187.37,67.02999999999997,0.0,other_tissue,0,193.24181808159096
-181.45999999999998,408.85,0.0,other_tissue,0,112.47643988504504
402.85,-236.74,0.0,other_tissue,0,128.53250421813033
167.24,-402.26,0.0,other_tissue,0,138.8341617962846
274.62,-284.0,0.0,other_tissue,0,157.7825392844345
250.64,443.59000000000003,0.0,other_tissue,0,286.99845872638764
61.65999999999997,77.60000000000002,0.0,apCAF,1,541.4215949876793
326.59000000000003,288.65999999999997,0.0,other_tissue,0,195.71733964673282
112.12,228.01999999999998,0.0,other_tissue,0,123.34469752115625
-16.639999999999986,18.230000000000018,0.0,other_tissue,0,263.13701758671954
379.49,179.5,0.0,other_tissue,0,536.297866485475
-14.490000000000009,-468.55999999999995,0.0,other_tissue,0,156.10813212274203
-310.74,87.88,0.0,other_tissue,0,94.9096151147025
-281.0,247.76,0.0,other_tissue,0,112.44263836400218
-162.73000000000002,467.44,0.0,other_tissue,0,287.9041814253927
-441.39,19.74000000000001,0.0,CAF,1,586.2632357667866
-451.81,-383.26,0.0,other_tissue,0,176.44188411566842
51.09000000000003,-400.82000000000005,0.0,other_tissue,0,195.89671480973578
106.89999999999998,-445.78,0.0,other_tissue,0,187.62356358139797
-106.01999999999998,-228.02999999999997,0.0,other_tissue,0,194.2943899234005
388.61,-288.44000000000005,0.0,other_tissue,0,289.55197986852096
-200.76999999999998,339.90999999999997,0.0,other_tissue,0,94.9096151147025
432.74,-315.02,0.0,CD4_Tcell,1,142.38434205925012
-420.1,-311.74,0.0,other_tissue,0,243.64214731149136
-141.76999999999998,-397.66999999999996,0.0,other_tissue,0,101.28048819950385
-76.60000000000002,-119.75,0.0,other_tissue,0,94.9096151147025
-361.33000000000004,-448.78999999999996,0.0,other_tissue,0,108.69405968909035
-361.78999999999996,-292.40999999999997,0.0,other_tissue,0,384.68854242491807
297.73,269.87,0.0,CD8_Tcell,1,188.63179231200627
-221.95999999999998,294.25,0.0,mesenchymal_tumor_class1,1,114.3784460947987
72.13,-180.04999999999995,0.0,other_tissue,0,152.3392822958357
289.41999999999996,-133.39999999999998,0.0,other_tissue,0,179.88702111108933
-427.95,-303.71000000000004,0.0,other_tissue,0,267.67060735478105
-24.689999999999998,209.32,0.0,other_tissue,0,191.9033001918366
130.29999999999995,178.56,0.0,other_tissue,0,96.24901070024205
-293.01,94.75,0.0,apCAF,1,443.09104819497975
261.14,-353.15999999999997,0.0,other_tissue,0,148.7673202521733
-218.57,-403.49,0.0,other_tissue,0,181.26204623430513
-16.889999999999986,-384.07000000000005,0.0,other_tissue,0,125.847909035514
114.04999999999995,-43.950000000000045,0.0,other_tissue,0,126.35866960403786
-274.22,270.19,0.0,other_tissue,0,116.8996546396481
3.1899999999999977,-171.73000000000002,0.0,other_tissue,0,94.9096151147025
-348.07,92.67000000000002,0.0,other_tissue,0,164.74518467710175
-306.41999999999996,420.74,0.0,CAF,1,153.951947433476
243.65999999999997,253.66,0.0,other_tissue,0,146.97553252037522
315.30999999999995,-485.1,0.0,other_tissue,0,117.01531098015549
159.90999999999997,211.39,0.0,other_tissue,0,94.9096151147025
-2.75,-206.41999999999996,0.0,other_tissue,0,429.3094897777892
-209.39999999999998,208.97000000000003,0.0,other_tissue,0,261.7790770487079
304.59000000000003,-404.13,0.0,other_tissue,0,153.07845674021027
-30.230000000000018,-204.41999999999996,0.0,other_tissue,0,94.9096151147025
481.28999999999996,-281.66999999999996,0.0,other_tissue,0,141.16152601374955
-56.01999999999998,-21.889999999999986,0.0,other_tissue,0,94.9096151147025
85.38999999999999,151.01,0.0,mesenchymal_tumor_class1,1,342.3597848567082
332.95000000000005,-305.79999999999995,0.0,other_tissue,0,139.32096473860045
-278.0,188.42000000000002,0.0,other_tissue,0,176.85295745745097
66.23000000000002,69.50999999999999,0.0,other_tissue,0,219.40335743360336
-274.32,-79.82000000000005,0.0,other_tissue,0,110.28227698651015
83.94000000000005,-467.40999999999997,0.0,other_tissue,0,98.5111130213051
74.10000000000002,423.46,0.0,other_tissue,0,108.63349260443906
-53.420000000000016,-232.14999999999998,0.0,other_tissue,0,275.1303496529252
-19.80000000000001,-249.19000000000005,0.0,apCAF,1,791.60124993977
-294.36,-6.259999999999991,0.0,other_tissue,0,293.0904058541348
-59.60000000000002,208.41000000000003,0.0,other_tissue,0,405.318379827353
-140.20999999999998,-42.549999999999955,0.0,other_tissue,0,153.84778665707034
-297.85,-424.0,0.0,other_tissue,0,363.0084733727636
88.12,309.34000000000003,0.0,other_tissue,0,262.43268267467914
270.83000000000004,235.51999999999998,0.0,other_tissue,0,206.5397153208213
-414.06,-166.15999999999997,0.0,other_tissue,0,130.99913118064944
28.629999999999995,312.18,0.0,other_tissue,0,146.71978249830292
-282.71000000000004,-367.80999999999995,0.0,other_tissue,0,297.12026250176024
-468.86,60.339999999999975,0.0,other_tissue,0,170.21086467385638
52.24000000000001,-34.799999999999955,0.0,mesenchymal_tumor_class1_class2,1,505.71086243219514
-115.02999999999997,428.65,0.0,other_tissue,0,94.9096151147025
-458.62,-420.07000000000005,0.0,other_tissue,0,185.43699036011162
232.05999999999995,-174.83000000000004,0.0,other_tissue,0,215.02602210511785
-364.77,78.16000000000003,0.0,other_tissue,0,220.93741504753194
459.32000000000005,418.49,0.0,other_tissue,0,231.99516103856553
-443.3,-336.92999999999995,0.0,other_tissue,0,141.8115044258151
-445.01,456.74,0.0,other_tissue,0,159.7249946172879
-238.07999999999998,382.04,0.0,other_tissue,0,144.4779688099313
477.52,-288.22,0.0,other_tissue,0,123.98088554977986
-362.51,3.6499999999999773,0.0,other_tissue,0,212.0543894948408
81.21000000000004,204.7,0.0,other_tissue,0,123.87870846003322
-236.64999999999998,386.59000000000003,0.0,other_tissue,0,130.2521316667773
-73.17000000000002,227.61,0.0,CAF,1,348.1311101807356
-191.91000000000003,-240.21000000000004,0.0,other_tissue,0,94.9096151147025
405.76,-386.52,0.0,other_tissue,0,415.0493480708809
-15.850000000000023,165.42000000000002,0.0,other_tissue,0,94.9096151147025
-391.93,86.29000000000002,0.0,other_tissue,0,94.9096151147025
-339.82,262.24,0.0,mesenchymal_tumor_class1,1,213.5022077033582
340.34000000000003,261.78999999999996,0.0,CAF,1,552.3037124195306
-64.73000000000002,-149.60000000000002,0.0,other_tissue,0,148.49593377240566
227.61,-476.36,0.0,other_tissue,0,406.7237545310447
-406.61,-283.28,0.0,CD4_Tcell,1,165.62600442179004
-339.34000000000003,-441.65,0.0,other_tissue,0,164.64347367795403
-462.29,95.45999999999998,0.0,other_tissue,0,109.18493060333714
-292.61,426.4,0.0,other_tissue,0,219.4561373923989
443.17999999999995,-326.79999999999995,0.0,other_tissue,0,499.8248149434206
-402.68,444.53,0.0,mesenchymal_tumor_class1,1,416.558029155192
-339.97183377935204,502.0,0.0,duct_filler,0,1247.0
-333.04363054907657,502.0,0.0,duct_filler,0,1247.0
-326.11542731880104,502.0,0.0,duct_filler,0,1247.0
-319.18722408852557,502.0,0.0,duct_filler,0,1247.0
-312.2590208582501,502.0,0.0,duct_filler,0,1247.0
-343.4359353944898,496.0,0.0,duct_filler,0,1247.0
-336.5077321642143,496.0,0.0,duct_filler,0,1247.0
-329.57952893393883,496.0,0.0,duct_filler,0,1247.0
-322.65132570366336,496.0,0.0,duct_filler,0,1247.0
-315.72312247338783,496.0,0.0,duct_filler,0,1247.0
-353.82824023990304,490.0,0.0,duct_filler,0,1247.0
-346.90003700962757,490.0,0.0,duct_filler,0,1247.0
-339.97183377935204,490.0,0.0,duct_filler,0,1247.0
-333.04363054907657,490.0,0.0,duct_filler,0,1247.0
-326.11542731880104,490.0,0.0,duct_filler,0,1247.0
-319.18722408852557,490.0,0.0,duct_filler,0,1247.0
-312.2590208582501,490.0,0.0,duct_filler,0,1247.0
-350.36413862476536,484.0,0.0,duct_filler,0,1247.0
-343.4359353944898,484.0,0.0,duct_filler,0,1247.0
-336.5077321642143,484.0,0.0,duct_filler,0,1247.0
-329.57952893393883,484.0,0.0,duct_filler,0,1247.0
-322.65132570366336,484.0,0.0,duct_filler,0,1247.0
-315.72312247338783,484.0,0.0,duct_filler,0,1247.0
418.6664199358147,484.0,0.0,duct_filler,0,1247.0
425.59462316608995,484.0,0.0,duct_filler,0,1247.0
-353.82824023990304,478.0,0.0,duct_filler,0,1247.0
-346.90003700962757,478.0,0.0,duct_filler,0,1247.0
-339.9718337793521,478.0,0.0,duct_filler,0,1247.0
-333.0436305490766,478.0,0.0,duct_filler,0,1247.0
-326.1154273188011,478.0,0.0,duct_filler,0,1247.0
-319.18722408852557,478.0,0.0,duct_filler,0,1247.0
408.27411509040144,478.0,0.0,duct_filler,0,1247.0
415.2023183206768,478.0,0.0,duct_filler,0,1247.0
422.13052155095227,478.0,0.0,duct_filler,0,1247.0
429.05872478122774,478.0,0.0,duct_filler,0,1247.0
435.9869280115031,478.0,0.0,duct_filler,0,1247.0
-364.22054508531636,472.0,0.0,duct_filler,0,1247.0
-357.29234185504083,472.0,0.0,duct_filler,0,1247.0
-350.36413862476536,472.0,0.0,duct_filler,0,1247.0
-343.43593539448983,472.0,0.0,duct_filler,0,1247.0
-336.5077321642143,472.0,0.0,duct_filler,0,1247.0
-329.57952893393883,472.0,0.0,duct_filler,0,1247.0
-322.65132570366336,472.0,0.0,duct_filler,0,1247.0
-315.7231224733879,472.0,0.0,duct_filler,0,1247.0
390.9536070147127,472.0,0.0,duct_filler,0,1247.0
397.8818102449883,472.0,0.0,duct_filler,0,1247.0
404.81001347526364,472.0,0.0,duct_filler,0,1247.0
411.7382167055391,472.0,0.0,duct_filler,0,1247.0
418.6664199358146,472.0,0.0,duct_filler,0,1247.0
425.59462316608995,472.0,0.0,duct_filler,0,1247.0
432.52282639636564,472.0,0.0,duct_filler,0,1247.0
-360.75644347017857,466.0,0.0,duct_filler,0,1247.0
-353.82824023990304,466.0,0.0,duct_filler,0,1247.0
-346.90003700962757,466.0,0.0,duct_filler,0,1247.0
-339.9718337793521,466.0,0.0,duct_filler,0,1247.0
-333.0436305490766,466.0,0.0,duct_filler,0,1247.0
-326.1154273188011,466.0,0.0,duct_filler,0,1247.0
-319.18722408852557,466.0,0.0,duct_filler,0,1247.0
380.5613021692993,466.0,0.0,duct_filler,0,1247.0
387.4895053995748,466.0,0.0,duct_filler,0,1247.0
394.4177086298505,466.0,0.0,duct_filler,0,1247.0
401.3459118601256,466.0,0.0,duct_filler,0,1247.0
408.27411509040144,466.0,0.0,duct_filler,0,1247.0
415.2023183206768,466.0,0.0,duct_filler,0,1247.0
422.13052155095227,466.0,0.0,duct_filler,0,1247.0
-364.22054508531636,460.0,0.0,duct_filler,0,1247.0
-357.29234185504083,460.0,0.0,duct_filler,0,1247.0
-350.36413862476536,460.0,0.0,duct_filler,0,1247.0
-343.43593539448983,460.0,0.0,duct_filler,0,1247.0
-336.5077321642143,460.0,0.0,duct_filler,0,1247.0
-329.57952893393883,460.0,0.0,duct_filler,0,1247.0
-322.65132570366336,460.0,0.0,duct_filler,0,1247.0
384.025403784437,460.0,0.0,duct_filler,0,1247.0
390.9536070147127,460.0,0.0,duct_filler,0,1247.0
397.8818102449883,460.0,0.0,duct_filler,0,1247.0
404.81001347526364,460.0,0.0,duct_filler,0,1247.0
411.7382167055391,460.0,0.0,duct_filler,0,1247.0
418.6664199358146,460.0,0.0,duct_filler,0,1247.0
-360.75644347017857,454.0,0.0,duct_filler,0,1247.0
-353.82824023990304,454.0,0.0,duct_filler,0,1247.0
-346.90003700962757,454.0,0.0,duct_filler,0,1247.0
-339.9718337793521,454.0,0.0,duct_filler,0,1247.0
-333.0436305490766,454.0,0.0,duct_filler,0,1247.0
-326.1154273188011,454.0,0.0,duct_filler,0,1247.0
380.5613021692993,454.0,0.0,duct_filler,0,1247.0
387.4895053995748,454.0,0.0,duct_filler,0,1247.0
394.4177086298505,454.0,0.0,duct_filler,0,1247.0
401.3459118601256,454.0,0.0,duct_filler,0,1247.0
408.27411509040144,454.0,0.0,duct_filler,0,1247.0
415.2023183206768,454.0,0.0,duct_filler,0,1247.0
-364.22054508531636,448.0,0.0,duct_filler,0,1247.0
-357.29234185504083,448.0,0.0,duct_filler,0,1247.0
-350.36413862476536,448.0,0.0,duct_filler,0,1247.0
-343.43593539448983,448.0,0.0,duct_filler,0,1247.0
-336.5077321642143,448.0,0.0,duct_filler,0,1247.0
-329.57952893393883,448.0,0.0,duct_filler,0,1247.0
-360.75644347017857,442.0,0.0,duct_filler,0,1247.0
-353.82824023990304,442.0,0.0,duct_filler,0,1247.0
-346.90003700962757,442.0,0.0,duct_filler,0,1247.0
-357.29234185504083,436.0,0.0,duct_filler,0,1247.0
-350.36413862476536,436.0,0.0,duct_filler,0,1247.0
-353.82824023990304,430.0,0.0,duct_filler,0,1247.0
-346.90003700962757,430.0,0.0,duct_filler,0,1247.0
48.00754711607692,430.0,0.0,duct_filler,0,1247.0
54.93575034635228,430.0,0.0,duct_filler,0,1247.0
-350.36413862476536,424.0,0.0,duct_filler,0,1247.0
-343.43593539448983,424.0,0.0,duct_filler,0,1247.0
44.54344550093913,424.0,0.0,duct_filler,0,1247.0
51.4716487312146,424.0,0.0,duct_filler,0,1247.0
48.00754711607692,418.0,0.0,duct_filler,0,1247.0
293.9587617908561,364.0,0.0,duct_filler,0,1247.0
300.88696502113146,364.0,0.0,duct_filler,0,1247.0
290.4946601757183,358.0,0.0,duct_filler,0,1247.0
297.4228634059938,358.0,0.0,duct_filler,0,1247.0
304.35106663626925,358.0,0.0,duct_filler,0,1247.0
-440.43078061834694,340.0,0.0,duct_filler,0,1247.0
-433.5025773880715,340.0,0.0,duct_filler,0,1247.0
-443.89488223348474,334.0,0.0,duct_filler,0,1247.0
-436.9666790032092,334.0,0.0,duct_filler,0,1247.0
-430.0384757729337,334.0,0.0,duct_filler,0,1247.0
-440.43078061834694,328.0,0.0,duct_filler,0,1247.0
-433.5025773880715,328.0,0.0,duct_filler,0,1247.0
-336.5077321642143,304.0,0.0,duct_filler,0,1247.0
-329.57952893393883,304.0,0.0,duct_filler,0,1247.0
-346.90003700962757,298.0,0.0,duct_filler,0,1247.0
-339.9718337793521,298.0,0.0,duct_filler,0,1247.0
-333.0436305490766,298.0,0.0,duct_filler,0,1247.0
-326.1154273188011,298.0,0.0,duct_filler,0,1247.0
-343.43593539448983,292.0,0.0,duct_filler,0,1247.0
-336.5077321642143,292.0,0.0,duct_filler,0,1247.0
-329.57952893393883,292.0,0.0,duct_filler,0,1247.0
-322.65132570366336,292.0,0.0,duct_filler,0,1247.0
148.4664939550712,292.0,0.0,duct_filler,0,1247.0
155.39469718534679,292.0,0.0,duct_filler,0,1247.0
162.32290041562226,292.0,0.0,duct_filler,0,1247.0
169.25110364589762,292.0,0.0,duct_filler,0,1247.0
176.1793068761731,292.0,0.0,duct_filler,0,1247.0
-339.9718337793521,286.0,0.0,duct_filler,0,1247.0
-333.0436305490766,286.0,0.0,duct_filler,0,1247.0
-326.1154273188011,286.0,0.0,duct_filler,0,1247.0
138.07418910965782,286.0,0.0,duct_filler,0,1247.0
145.0023923399334,286.0,0.0,duct_filler,0,1247.0
151.93059557020888,286.0,0.0,duct_filler,0,1247.0
158.85879880048446,286.0,0.0,duct_filler,0,1247.0
165.78700203075994,286.0,0.0,duct_filler,0,1247.0
172.7152052610354,286.0,0.0,duct_filler,0,1247.0
179.64340849131077,286.0,0.0,duct_filler,0,1247.0
-343.43593539448983,280.0,0.0,duct_filler,0,1247.0
-336.5077321642143,280.0,0.0,duct_filler,0,1247.0
-329.57952893393883,280.0,0.0,duct_filler,0,1247.0
141.53829072479562,280.0,0.0,duct_filler,0,1247.0
148.4664939550712,280.0,0.0,duct_filler,0,1247.0
155.39469718534679,280.0,0.0,duct_filler,0,1247.0
162.32290041562226,280.0,0.0,duct_filler,0,1247.0
169.25110364589762,280.0,0.0,duct_filler,0,1247.0
176.1793068761731,280.0,0.0,duct_filler,0,1247.0
183.10751010644856,280.0,0.0,duct_filler,0,1247.0
-346.90003700962757,274.0,0.0,duct_filler,0,1247.0
-339.9718337793521,274.0,0.0,duct_filler,0,1247.0
-333.0436305490766,274.0,0.0,duct_filler,0,1247.0
-343.43593539448983,268.0,0.0,duct_filler,0,1247.0
-336.5077321642143,268.0,0.0,duct_filler,0,1247.0
-326.1154273188011,238.0,0.0,duct_filler,0,1247.0
-329.57952893393883,232.0,0.0,duct_filler,0,1247.0
-322.65132570366336,232.0,0.0,duct_filler,0,1247.0
-315.7231224733879,232.0,0.0,duct_filler,0,1247.0
-326.1154273188011,226.0,0.0,duct_filler,0,1247.0
-319.18722408852557,226.0,0.0,duct_filler,0,1247.0
-322.65132570366336,220.0,0.0,duct_filler,0,1247.0
-485.46410161513774,214.0,0.0,duct_filler,0,1247.0
-478.53589838486226,214.0,0.0,duct_filler,0,1247.0
-471.60769515458674,214.0,0.0,duct_filler,0,1247.0
-464.67949192431126,213.99999999999994,0.0,duct_filler,0,1247.0
-482.0,208.0,0.0,duct_filler,0,1247.0
-475.0717967697245,208.0,0.0,duct_filler,0,1247.0
-468.143593539449,208.00000000000006,0.0,duct_filler,0,1247.0
-461.2153903091735,208.0,0.0,duct_filler,0,1247.0
-454.287187078898,207.99999999999994,0.0,duct_filler,0,1247.0
-471.60769515458674,202.0,0.0,duct_filler,0,1247.0
-464.67949192431126,202.0,0.0,duct_filler,0,1247.0
-457.75128869403574,202.0,0.0,duct_filler,0,1247.0
-468.143593539449,196.0,0.0,duct_filler,0,1247.0
-461.2153903091735,196.0,0.0,duct_filler,0,1247.0
-464.67949192431126,189.99999999999994,0.0,duct_filler,0,1247.0
-253.3692934009083,172.0,0.0,duct_filler,0,1247.0
-246.44109017063283,172.00000000000006,0.0,duct_filler,0,1247.0
-239.5128869403573,171.99999999999994,0.0,duct_filler,0,1247.0
-249.90519178577057,165.99999999999994,0.0,duct_filler,0,1247.0
-242.9769885554951,166.0,0.0,duct_filler,0,1247.0
-253.3692934009083,159.99999999999994,0.0,duct_filler,0,1247.0
-246.44109017063283,160.0,0.0,duct_filler,0,1247.0
61.863953576627864,154.0,0.0,duct_filler,0,1247.0
68.79215680690322,154.0,0.0,duct_filler,0,1247.0
65.32805519176554,148.0,0.0,duct_filler,0,1247.0
72.25625842204101,148.0,0.0,duct_filler,0,1247.0
68.79215680690322,141.99999999999994,0.0,duct_filler,0,1247.0
-31.6667900320914,112.0,0.0,duct_filler,0,1247.0
-42.05909487750466,106.00000000000006,0.0,duct_filler,0,1247.0
-35.13089164722919,106.00000000000006,0.0,duct_filler,0,1247.0
-28.20268841695372,106.00000000000006,0.0,duct_filler,0,1247.0
-45.5231964926424,100.0,0.0,duct_filler,0,1247.0
-38.59499326236704,100.0,0.0,duct_filler,0,1247.0
-31.6667900320914,100.0,0.0,duct_filler,0,1247.0
-24.738586801815927,100.0,0.0,duct_filler,0,1247.0
-152.91034656191317,94.0,0.0,duct_filler,0,1247.0
-42.05909487750466,94.0,0.0,duct_filler,0,1247.0
-35.13089164722919,94.0,0.0,duct_filler,0,1247.0
-28.20268841695372,94.0,0.0,duct_filler,0,1247.0
-21.27448518667819,94.0,0.0,duct_filler,0,1247.0
-156.37444817705097,88.0,0.0,duct_filler,0,1247.0
-149.4462449467755,88.0,0.0,duct_filler,0,1247.0
-142.51804171649985,88.0,0.0,duct_filler,0,1247.0
-45.5231964926424,88.0,0.0,duct_filler,0,1247.0
-38.59499326236704,88.0,0.0,duct_filler,0,1247.0
-31.6667900320914,88.0,0.0,duct_filler,0,1247.0
-24.738586801815927,88.0,0.0,duct_filler,0,1247.0
-159.8385497921887,82.00000000000006,0.0,duct_filler,0,1247.0
-152.91034656191317,82.00000000000006,0.0,duct_filler,0,1247.0
-145.98214333163764,82.00000000000006,0.0,duct_filler,0,1247.0
-139.05394010136206,82.00000000000006,0.0,duct_filler,0,1247.0
-48.98729810778019,82.00000000000006,0.0,duct_filler,0,1247.0
-42.05909487750466,82.00000000000006,0.0,duct_filler,0,1247.0
-35.13089164722919,82.00000000000006,0.0,duct_filler,0,1247.0
-28.20268841695372,82.00000000000006,0.0,duct_filler,0,1247.0
-21.27448518667819,82.00000000000006,0.0,duct_filler,0,1247.0
-163.3026514073265,76.00000000000006,0.0,duct_filler,0,1247.0
-156.37444817705097,76.00000000000006,0.0,duct_filler,0,1247.0
-149.4462449467755,76.00000000000006,0.0,duct_filler,0,1247.0
-142.51804171649985,76.00000000000006,0.0,duct_filler,0,1247.0
-135.58983848622438,76.00000000000006,0.0,duct_filler,0,1247.0
-52.45139972291804,76.00000000000006,0.0,duct_filler,0,1247.0
-45.5231964926424,76.00000000000006,0.0,duct_filler,0,1247.0
-38.59499326236704,76.00000000000006,0.0,duct_filler,0,1247.0
-31.6667900320914,76.00000000000006,0.0,duct_filler,0,1247.0
-24.738586801815927,76.00000000000006,0.0,duct_filler,0,1247.0
-166.7667530224643,70.00000000000006,0.0,duct_filler,0,1247.0
-159.8385497921887,70.00000000000006,0.0,duct_filler,0,1247.0
-152.91034656191317,70.00000000000006,0.0,duct_filler,0,1247.0
-145.98214333163764,70.00000000000006,0.0,duct_filler,0,1247.0
-139.05394010136206,70.00000000000006,0.0,duct_filler,0,1247.0
-48.98729810778019,70.00000000000006,0.0,duct_filler,0,1247.0
-42.05909487750466,70.00000000000006,0.0,duct_filler,0,1247.0
-35.13089164722919,70.00000000000006,0.0,duct_filler,0,1247.0
-28.20268841695372,70.00000000000006,0.0,duct_filler,0,1247.0
-163.3026514073265,64.0,0.0,duct_filler,0,1247.0
-156.37444817705097,64.0,0.0,duct_filler,0,1247.0
-294.9385127825613,4.000000000000057,0.0,duct_filler,0,1247.0
-288.0103095522858,4.000000000000057,0.0,duct_filler,0,1247.0
-274.15390309173483,4.000000000000057,0.0,duct_filler,0,1247.0
-298.40261439769904,-2.0,0.0,duct_filler,0,1247.0
-291.47441116742357,-2.0,0.0,duct_filler,0,1247.0
-284.5462079371481,-2.0,0.0,duct_filler,0,1247.0
-277.61800470687257,-2.0,0.0,duct_filler,0,1247.0
-270.68980147659704,-2.0,0.0,duct_filler,0,1247.0
-301.86671601283683,-8.0,0.0,duct_filler,0,1247.0
-294.9385127825613,-8.0,0.0,duct_filler,0,1247.0
-288.0103095522858,-8.0,0.0,duct_filler,0,1247.0
-281.0821063220103,-8.0,0.0,duct_filler,0,1247.0
-274.15390309173483,-8.0,0.0,duct_filler,0,1247.0
-298.40261439769904,-14.0,0.0,duct_filler,0,1247.0
-291.47441116742357,-14.0,0.0,duct_filler,0,1247.0
-284.5462079371481,-14.0,0.0,duct_filler,0,1247.0
-277.61800470687257,-14.0,0.0,duct_filler,0,1247.0
-270.68980147659704,-14.0,0.0,duct_filler,0,1247.0
-301.86671601283683,-20.0,0.0,duct_filler,0,1247.0
-294.9385127825613,-20.0,0.0,duct_filler,0,1247.0
-288.0103095522858,-20.0,0.0,duct_filler,0,1247.0
-281.0821063220103,-20.0,0.0,duct_filler,0,1247.0
-274.15390309173483,-20.0,0.0,duct_filler,0,1247.0
-305.33081762797457,-26.000000000000114,0.0,duct_filler,0,1247.0
-298.40261439769904,-26.000000000000114,0.0,duct_filler,0,1247.0
-291.47441116742357,-26.000000000000114,0.0,duct_filler,0,1247.0
-284.5462079371481,-26.000000000000114,0.0,duct_filler,0,1247.0
-177.1590578678776,-104.0,0.0,duct_filler,0,1247.0
-187.5513627132908,-110.0,0.0,duct_filler,0,1247.0
-180.62315948301529,-110.0,0.0,duct_filler,0,1247.0
-173.69495625273976,-110.0,0.0,duct_filler,0,1247.0
-166.7667530224643,-110.0,0.0,duct_filler,0,1247.0
-191.01546432842866,-116.0,0.0,duct_filler,0,1247.0
-184.08726109815302,-116.0,0.0,duct_filler,0,1247.0
-177.1590578678776,-116.0,0.0,duct_filler,0,1247.0
-170.23085463760202,-116.0,0.0,duct_filler,0,1247.0
-163.3026514073265,-116.0,0.0,duct_filler,0,1247.0
-187.5513627132908,-122.0,0.0,duct_filler,0,1247.0
-180.62315948301529,-122.0,0.0,duct_filler,0,1247.0
-173.69495625273976,-122.0,0.0,duct_filler,0,1247.0
-166.7667530224643,-122.0,0.0,duct_filler,0,1247.0
-433.5025773880715,-128.0,0.0,duct_filler,0,1247.0
-426.57437415779594,-128.0,0.0,duct_filler,0,1247.0
-419.6461709275204,-128.0,0.0,duct_filler,0,1247.0
-412.71796769724494,-128.0,0.0,duct_filler,0,1247.0
-184.08726109815302,-128.0,0.0,duct_filler,0,1247.0
-177.1590578678776,-128.0,0.0,duct_filler,0,1247.0
-170.23085463760202,-128.0,0.0,duct_filler,0,1247.0
-430.0384757729337,-134.0,0.0,duct_filler,0,1247.0
-423.1102725426582,-134.0,0.0,duct_filler,0,1247.0
-416.1820693123826,-134.0,0.0,duct_filler,0,1247.0
-346.90003700962757,-134.0,0.0,duct_filler,0,1247.0
-194.47956594356634,-134.0,0.0,duct_filler,0,1247.0
-187.5513627132908,-134.0,0.0,duct_filler,0,1247.0
-180.62315948301529,-134.0,0.0,duct_filler,0,1247.0
-433.5025773880715,-140.0,0.0,duct_filler,0,1247.0
-426.57437415779594,-139.9999999999999,0.0,duct_filler,0,1247.0
-350.36413862476536,-140.0000000000001,0.0,duct_filler,0,1247.0
-343.43593539448983,-140.0000000000001,0.0,duct_filler,0,1247.0
-336.5077321642143,-140.0000000000001,0.0,duct_filler,0,1247.0
-329.57952893393883,-140.0000000000001,0.0,duct_filler,0,1247.0
-191.01546432842866,-140.0,0.0,duct_filler,0,1247.0
-184.08726109815302,-140.0,0.0,duct_filler,0,1247.0
-353.82824023990304,-145.9999999999999,0.0,duct_filler,0,1247.0
-346.90003700962757,-145.9999999999999,0.0,duct_filler,0,1247.0
-339.9718337793521,-145.9999999999999,0.0,duct_filler,0,1247.0
-333.0436305490766,-145.9999999999999,0.0,duct_filler,0,1247.0
-326.1154273188011,-145.9999999999999,0.0,duct_filler,0,1247.0
-350.36413862476536,-152.0,0.0,duct_filler,0,1247.0
-343.43593539448983,-152.0,0.0,duct_filler,0,1247.0
-336.5077321642143,-152.0,0.0,duct_filler,0,1247.0
-329.57952893393883,-152.0,0.0,duct_filler,0,1247.0
-322.65132570366336,-152.0,0.0,duct_filler,0,1247.0
-333.0436305490766,-158.0000000000001,0.0,duct_filler,0,1247.0
-177.1590578678776,-284.0000000000001,0.0,duct_filler,0,1247.0
-170.23085463760202,-284.0000000000001,0.0,duct_filler,0,1247.0
-187.5513627132908,-289.9999999999999,0.0,duct_filler,0,1247.0
-180.62315948301529,-289.9999999999999,0.0,duct_filler,0,1247.0
-173.69495625273976,-289.9999999999999,0.0,duct_filler,0,1247.0
-166.7667530224643,-289.9999999999999,0.0,duct_filler,0,1247.0
-159.8385497921887,-289.9999999999999,0.0,duct_filler,0,1247.0
-191.01546432842866,-295.9999999999999,0.0,duct_filler,0,1247.0
-184.08726109815302,-295.9999999999999,0.0,duct_filler,0,1247.0
-177.1590578678776,-295.9999999999999,0.0,duct_filler,0,1247.0
-170.23085463760202,-295.9999999999999,0.0,duct_filler,0,1247.0
-163.3026514073265,-295.9999999999999,0.0,duct_filler,0,1247.0
-156.37444817705097,-295.9999999999999,0.0,duct_filler,0,1247.0
-187.5513627132908,-301.9999999999999,0.0,duct_filler,0,1247.0
-180.62315948301529,-301.9999999999999,0.0,duct_filler,0,1247.0
-173.69495625273976,-301.9999999999999,0.0,duct_filler,0,1247.0
-166.7667530224643,-301.9999999999999,0.0,duct_filler,0,1247.0
-159.8385497921887,-301.9999999999999,0.0,duct_filler,0,1247.0
-191.01546432842866,-308.0,0.0,duct_filler,0,1247.0
-184.08726109815302,-308.0,0.0,duct_filler,0,1247.0
-177.1590578678776,-308.0,0.0,duct_filler,0,1247.0
-170.23085463760202,-308.0,0.0,duct_filler,0,1247.0
-163.3026514073265,-308.0,0.0,duct_filler,0,1247.0
-180.62315948301529,-314.0,0.0,duct_filler,0,1247.0
-173.69495625273976,-314.0,0.0,duct_filler,0,1247.0
-329.57952893393883,-368.0,0.0,duct_filler,0,1247.0
-322.65132570366336,-368.0,0.0,duct_filler,0,1247.0
-333.0436305490766,-373.9999999999999,0.0,duct_filler,0,1247.0
-326.1154273188011,-373.9999999999999,0.0,duct_filler,0,1247.0
-319.18722408852557,-373.9999999999999,0.0,duct_filler,0,1247.0
-312.2590208582501,-373.9999999999999,0.0,duct_filler,0,1247.0
-336.5077321642143,-379.9999999999999,0.0,duct_filler,0,1247.0
-329.57952893393883,-379.9999999999999,0.0,duct_filler,0,1247.0
-322.65132570366336,-379.9999999999999,0.0,duct_filler,0,1247.0
-315.7231224733879,-379.9999999999999,0.0,duct_filler,0,1247.0
