x,y,z,type,is_movable,volume
-271.85,-49.41999999999996,0.0,other_tissue,0,950.4952602771288
-442.18,-98.80999999999995,0.0,other_tissue,0,1361.7463295429152
133.73000000000002,-89.63999999999999,0.0,epithelial_tumor_class1,1,2907.169634211429
-291.89,352.63,0.0,other_tissue,0,936.3307533225686
412.55999999999995,-238.37,0.0,epithelial_tumor_class1,1,2075.527879851414
-94.5,194.89,0.0,epithelial_tumor_class1,1,2421.858327161835
-198.33999999999997,263.43,0.0,other_tissue,0,1371.6235487786068
-105.93,-98.61000000000001,0.0,epithelial_tumor_class1,1,1586.27033780305
81.51999999999998,-459.78999999999996,0.0,epithelial_tumor_class1,1,5509.473318687916
317.45000000000005,-406.13,0.0,epithelial_tumor_class1,1,2372.055942993304
312.35,-192.42999999999995,0.0,epithelial_tumor_class1,1,1823.7944996399292
412.16999999999996,-354.09000000000003,0.0,epithelial_tumor_class1,1,1685.5556517743205
243.98000000000002,-113.51999999999998,0.0,other_tissue,0,1371.6235487786068
179.48000000000002,-436.1,0.0,other_tissue,0,654.8496937289016
6.050000000000011,-261.9,0.0,mesenchymal_tumor_class1,1,1059.9129511124615
123.69000000000005,-218.38,0.0,other_tissue,0,1349.7801230132252
426.53,-275.52,0.0,other_tissue,0,1293.7536890131903
-248.24,-423.30999999999995,0.0,epithelial_tumor_class1,1,1320.3172473252782
-315.96000000000004,433.05,0.0,other_tissue,0,888.4114097920063
-357.13,0.45999999999997954,0.0,epithelial_tumor_class1,1,1351.8188720429894
-272.19,168.0,0.0,epithelial_tumor_class1,1,2018.9622347101363
199.12,257.61,0.0,other_tissue,0,1088.0341792294114
160.38,377.03,0.0,epithelial_tumor_class1,1,4058.593033706901
-48.01999999999998,259.52,0.0,other_tissue,0,1371.6235487786068
305.27,-180.39,0.0,other_tissue,0,1039.5585884336194
170.14,-202.88,0.0,epithelial_tumor_class1,1,1231.9100150910479
304.65999999999997,-113.91999999999996,0.0,other_tissue,0,1214.5531974330165
-238.29000000000002,-16.379999999999995,0.0,epithelial_tumor_class1,1,1550.8536393613263
-99.57999999999998,50.5,0.0,epithelial_tumor_class1,1,1231.9100150910479
385.54999999999995,-494.25,0.0,other_tissue,0,596.3817704365653
-141.76999999999998,-166.27999999999997,0.0,other_tissue,0,967.7323937216115
181.42999999999995,235.64999999999998,0.0,epithelial_tumor_class1,1,1402.063344842949
304.28999999999996,-466.83000000000004,0.0,epithelial_tumor_class1,1,2659.3358981873766
107.63999999999999,-9.70999999999998,0.0,epithelial_tumor_class1,1,8210.718656905345
-294.33000000000004,-246.67999999999995,0.0,other_tissue,0,825.9799209263618
152.49,-108.70000000000005,0.0,epithelial_tumor_class1,1,1396.3161163574648
301.71000000000004,360.21000000000004,0.0,other_tissue,0,667.4934303752275
87.72000000000003,338.0,0.0,other_tissue,0,1371.6235487786068
-24.55000000000001,310.39,0.0,other_tissue,0,606.2522668904278
24.409999999999968,109.23000000000002,0.0,epithelial_tumor_class1,1,1231.9100150910479
42.389999999999986,360.15,0.0,other_tissue,0,1048.0928424668184
-433.83,-316.28,0.0,epithelial_tumor_class1,1,1447.4339012233224
32.700000000000045,-327.63,0.0,other_tissue,0,1025.4543920818983
126.60000000000002,-101.46000000000004,0.0,epithelial_tumor_class1,1,1593.318807662903
-354.06,-133.90999999999997,0.0,epithelial_tumor_class1,1,2344.424528793072
446.05999999999995,-481.97,0.0,epithelial_tumor_class1,1,2436.320840227524
-265.22,-420.4,0.0,other_tissue,0,878.8151091900702
-31.30000000000001,-264.34000000000003,0.0,epithelial_tumor_class1,1,3788.5743513253974
67.04999999999995,-97.27999999999997,0.0,epithelial_tumor_class1,1,1996.642265284322
99.84000000000003,397.13,0.0,other_tissue,0,925.3122279569612
90.02999999999997,191.85000000000002,0.0,epithelial_tumor_class1,1,1860.9320884070708
63.460000000000036,330.3,0.0,epithelial_tumor_class1,1,1559.357080263629
-484.13,-312.87,0.0,epithelial_tumor_class1,1,4633.358565484155
465.34000000000003,-221.11,0.0,epithelial_tumor_class1,1,3043.206707864653
-347.58000000000004,59.19999999999999,0.0,epithelial_tumor_class1,1,3756.98922563317
-113.56,-358.87,0.0,epithelial_tumor_class1,1,2709.5891594672967
-5.170000000000016,-23.99000000000001,0.0,epithelial_tumor_class1,1,2190.6669599258125
-291.74,-274.6,0.0,other_tissue,0,1131.1549613751984
156.35000000000002,-22.190000000000055,0.0,epithelial_tumor_class1,1,5380.5315815460635
66.99000000000001,266.53,0.0,epithelial_tumor_class1,1,1601.8442177734648
-56.379999999999995,-258.41999999999996,0.0,epithelial_tumor_class1,1,1970.6842451928485
-1.9300000000000068,373.65,0.0,other_tissue,0,752.3544484527113
135.64,232.08999999999997,0.0,other_tissue,0,1157.3690166838771
13.950000000000045,170.89,0.0,epithelial_tumor_class1,1,2711.89259218259
-291.98,256.69,0.0,other_tissue,0,635.9972648213272
-354.89,139.85000000000002,0.0,other_tissue,0,1064.0910507791957
451.65999999999997,-55.83000000000004,0.0,other_tissue,0,698.2032206735024
-364.95,110.42000000000002,0.0,epithelial_tumor_class1,1,2063.394454069192
361.86,170.79000000000002,0.0,epithelial_tumor_class1,1,1415.0369848805906
-64.73000000000002,30.370000000000005,0.0,other_tissue,0,1111.5552339808503
101.02999999999997,-99.73000000000002,0.0,epithelial_tumor_class1,1,4406.070765864322
50.059999999999945,122.05000000000001,0.0,epithelial_tumor_class1_class2,1,7398.1821053072645
481.28,186.77999999999997,0.0,epithelial_tumor_class1,1,2642.708535704037
274.53999999999996,-40.47000000000003,0.0,other_tissue,0,1371.6235487786068
-338.93,-164.32000000000005,0.0,other_tissue,0,1112.4636005377533
72.90999999999997,-106.12,0.0,other_tissue,0,794.5015936044975
-311.11,-96.32000000000005,0.0,epithelial_tumor_class1,1,2272.0423488410297
171.88,230.26999999999998,0.0,epithelial_tumor_class1,1,1684.6996342264652
-268.41999999999996,236.47000000000003,0.0,other_tissue,0,854.5065316727618
452.80999999999995,307.28999999999996,0.0,epithelial_tumor_class1,1,1649.7168890426194
155.84000000000003,101.51999999999998,0.0,epithelial_tumor_class1,1,4412.572590835828
80.21000000000004,-61.26999999999998,0.0,epithelial_tumor_class1,1,4394.513325530739
157.64,-249.69000000000005,0.0,CD8_Tcell,1,567.2982444186098
-189.57999999999998,-471.33000000000004,0.0,other_tissue,0,679.8500944048981
-315.12,-418.48,0.0,epithelial_tumor_class1,1,2866.188057162241
-350.53999999999996,217.55,0.0,epithelial_tumor_class1,1,1816.5131720036886
-190.12,-294.02,0.0,other_tissue,0,711.1852968842867
-473.47,214.66000000000003,0.0,other_tissue,0,631.9644107378932
63.64999999999998,187.64,0.0,epithelial_tumor_class1,1,2330.455884406755
109.17999999999995,181.76999999999998,0.0,epithelial_tumor_class1,1,1693.8225366706974
-284.03,477.23,0.0,other_tissue,0,677.9822898888506
184.99,1.9300000000000068,0.0,epithelial_tumor_class1,1,2029.254027932697
85.85000000000002,-3.230000000000018,0.0,epithelial_tumor_class1,1,5376.523313065291
-385.34000000000003,-30.139999999999986,0.0,epithelial_tumor_class1,1,1822.8201283700078
450.15,21.889999999999986,0.0,other_tissue,0,854.3758964858388
-130.19,-239.74,0.0,other_tissue,0,923.9352868462571
113.17999999999995,-165.80999999999995,0.0,epithelial_tumor_class1,1,1492.8883014929493
420.6,-323.0,0.0,epithelial_tumor_class1,1,3179.238473111173
443.69000000000005,297.71000000000004,0.0,other_tissue,0,1103.9444690129124
-383.88,137.91000000000003,0.0,epithelial_tumor_class1,1,1418.758383119288
119.87,-426.20000000000005,0.0,CAF,1,968.3239364574862
-63.329999999999984,249.49,0.0,epithelial_tumor_class1,1,1734.5152268651102
-123.88999999999999,271.8,0.0,other_tissue,0,525.89548817438
-57.94999999999999,231.0,0.0,epithelial_tumor_class1,1,3107.3788809889265
-75.35000000000002,-147.59000000000003,0.0,other_tissue,0,505.112521247151
-313.62,-67.62,0.0,epithelial_tumor_class1,1,2112.9697636832884
-312.72,169.5,0.0,other_tissue,0,623.7910306442269
-449.71,-39.33000000000004,0.0,epithelial_tumor_class1,1,3520.4434904412983
-203.41000000000003,-254.04999999999995,0.0,epithelial_tumor_class1,1,2781.4606206664093
49.91999999999996,-175.65999999999997,0.0,other_tissue,0,1024.250028330432
128.32000000000005,327.90999999999997,0.0,other_tissue,0,838.1296368476126
464.01,356.33000000000004,0.0,other_tissue,0,1254.2004798729051
171.63,319.14,0.0,epithelial_tumor_class1,1,1633.8001937350489
196.27999999999997,-445.91999999999996,0.0,CD4_Tcell,1,443.2034852592959
316.86,-134.27999999999997,0.0,other_tissue,0,1217.5283542088735
322.45000000000005,-439.91999999999996,0.0,epithelial_tumor_class1,1,3419.1420687763666
273.62,-65.99000000000001,0.0,epithelial_tumor_class1,1,2347.5409787933545
-51.93000000000001,-368.26,0.0,CAF,1,468.4631941129237
-272.5,401.48,0.0,other_tissue,0,1155.1581118899007
-237.74,289.84000000000003,0.0,epithelial_tumor_class1,1,4644.590428688111
-239.98000000000002,-248.35000000000002,0.0,epithelial_tumor_class1,1,2645.621400668514
-337.7,-370.59000000000003,0.0,epithelial_tumor_class1,1,3299.1290858838856
-44.95999999999998,-221.87,0.0,other_tissue,0,1371.6235487786068
432.73,245.04,0.0,other_tissue,0,1371.6235487786068
-349.63,151.5,0.0,other_tissue,0,517.5277026625909
-363.89,-102.50999999999999,0.0,other_tissue,0,780.705824640954
-70.43,493.504,0.0,other_tissue,0,1100.5644966338618
442.80999999999995,200.0,0.0,epithelial_tumor_class1,1,1996.5655858786238
226.51,168.01999999999998,0.0,epithelial_tumor_class1,1,2585.0359808351973
-258.75,290.51,0.0,epithelial_tumor_class1,1,3823.2322014110164
55.72000000000003,-67.96000000000004,0.0,other_tissue,0,725.2247645256729
109.23000000000002,-132.02999999999997,0.0,epithelial_tumor_class1,1,3732.7904115838114
113.24000000000001,-345.24,0.0,other_tissue,0,1371.6235487786068
-238.92000000000002,9.470000000000027,0.0,other_tissue,0,1100.8480454074233
421.79999999999995,-365.72,0.0,epithelial_tumor_class1,1,2735.755450693618
-345.35,-475.98,0.0,other_tissue,0,826.8316660729454
439.20000000000005,-245.38,0.0,other_tissue,0,932.1020897173066
184.45000000000005,-18.42999999999995,0.0,other_tissue,0,914.2893719360383
-422.06,-292.39,0.0,other_tissue,0,1338.559581835339
-263.03,-370.28999999999996,0.0,epithelial_tumor_class1,1,4399.38056653576
-308.61,-364.27,0.0,epithelial_tumor_class1_class2,1,4339.730592168921
-198.11,88.92000000000002,0.0,epithelial_tumor_class1,1,5293.249500767979
-179.48000000000002,152.07999999999998,0.0,epithelial_tumor_class1,1,1231.9100150910479
-403.2,470.83,0.0,other_tissue,0,921.5518260400062
7.339999999999975,-54.960000000000036,0.0,other_tissue,0,950.9160747668383
154.60000000000002,-391.85,0.0,other_tissue,0,666.4782080207525
99.44000000000005,-176.64,0.0,epithelial_tumor_class1,1,1657.6630542231403
-182.26,-211.19000000000005,0.0,epithelial_tumor_class1,1,3654.27424237566
416.12,186.25,0.0,other_tissue,0,1131.8638695751158
230.61,-389.40999999999997,0.0,other_tissue,0,1293.4379129464687
-292.3,-302.64,0.0,other_tissue,0,719.5598335866372
-116.07999999999998,128.86,0.0,other_tissue,0,873.7225097105733
178.51999999999998,-471.85,0.0,other_tissue,0,1156.090077497009
421.5,209.45,0.0,other_tissue,0,1371.6235487786068
-473.98,-468.85,0.0,other_tissue,0,994.1815963346385
480.45000000000005,366.12,0.0,epithelial_tumor_class1,1,2256.6153568774616
159.87,-206.39999999999998,0.0,epithelial_tumor_class1_class2,1,1874.537251697027
-447.52,-314.77,0.0,epithelial_tumor_class1,1,2210.630587169838
-241.88,366.05,0.0,other_tissue,0,1371.6235487786068
-23.0,131.70999999999998,0.0,epithelial_tumor_class1,1,2758.5687102034326
-63.76999999999998,265.4,0.0,CD4_Tcell,1,1015.7481400342692
461.89,-234.60000000000002,0.0,other_tissue,0,762.6419072706589
-246.75,-396.23,0.0,epithelial_tumor_class1,1,1720.1734627967055
110.89999999999998,-306.63,0.0,epithelial_tumor_class1,1,1231.9100150910479
-403.38,-80.26999999999998,0.0,epithelial_tumor_class1,1,1595.2987550059966
466.23,13.670000000000016,0.0,other_tissue,0,1371.6235487786068
316.75,-146.02999999999997,0.0,epithelial_tumor_class1,1,1234.3402686880618
-254.9,20.069999999999993,0.0,epithelial_tumor_class1,1,5713.250255810855
-71.06,-163.07000000000005,0.0,epithelial_tumor_class1,1,1749.2524018845113
52.01999999999998,278.88,0.0,other_tissue,0,1235.5370629305323
-301.34000000000003,-57.25,0.0,epithelial_tumor_class1,1,2987.2406003954557
-281.8,-243.58000000000004,0.0,other_tissue,0,1343.76450826533
-115.91000000000003,96.70999999999998,0.0,epithelial_tumor_class1,1,2549.583830786642
231.37,279.3,0.0,other_tissue,0,743.9650672966349
41.24000000000001,419.3,0.0,epithelial_tumor_class1,1,2231.829906276971
-111.63,-50.48000000000002,0.0,other_tissue,0,1371.6235487786068
-354.08000000000004,33.14999999999998,0.0,other_tissue,0,824.6821360883607
-167.24,247.67,0.0,epithelial_tumor_class1,1,1787.6885077241866
-59.629999999999995,-213.46000000000004,0.0,other_tissue,0,766.9896432555906
149.14999999999998,-147.51,0.0,other_tissue,0,1371.6235487786068
-430.98,-205.09000000000003,0.0,other_tissue,0,1371.6235487786068
132.79999999999995,382.21,0.0,other_tissue,0,1371.6235487786068
-347.58000000000004,-99.99000000000001,0.0,other_tissue,0,715.4707745867553
-339.28999999999996,-65.63999999999999,0.0,epithelial_tumor_class1,1,1808.569195728843
236.13,-99.64999999999998,0.0,epithelial_tumor_class1,1,3211.130810139448
335.39,-429.98,0.0,epithelial_tumor_class1,1,3190.753965012357
35.23000000000002,244.63,0.0,epithelial_tumor_class1,1,1946.6857817848384
182.55999999999995,245.46,0.0,epithelial_tumor_class1,1,1629.4436338237242
-125.33999999999997,-114.05999999999995,0.0,epithelial_tumor_class1,1,1918.5862934597023
175.01999999999998,-119.11000000000001,0.0,epithelial_tumor_class1,1,9040.107633680624
-89.48000000000002,-399.62,0.0,other_tissue,0,1255.8885018267365
244.26999999999998,-53.700000000000045,0.0,epithelial_tumor_class1,1,2530.4530293751527
-364.1,163.73000000000002,0.0,epithelial_tumor_class1,1,3399.478654275239
-71.91000000000003,-267.28,0.0,other_tissue,0,1046.023435021498
-196.76,361.73,0.0,epithelial_tumor_class1,1,1996.9873469056263
-98.11000000000001,437.23,0.0,other_tissue,0,671.9541071446739
439.70000000000005,236.01999999999998,0.0,other_tissue,0,1287.2762386866614
-85.12,454.83,0.0,epithelial_tumor_class1,1,1430.268640713245
314.86,-486.65999999999997,0.0,epithelial_tumor_class1,1,1648.4681092794717
-479.63,51.31999999999999,0.0,epithelial_tumor_class1,1,2948.589725005162
139.10000000000002,-159.27999999999997,0.0,other_tissue,0,891.1403929986033
-17.79000000000002,-62.139999999999986,0.0,epithelial_tumor_class1,1,1588.9028416129056
230.33000000000004,370.47,0.0,epithelial_tumor_class1,1,3689.0906885514223
-271.83000000000004,188.44,0.0,epithelial_tumor_class1,1,1751.8513790476763
114.05999999999995,-402.11,0.0,other_tissue,0,791.9530573830743
93.38999999999999,-82.21000000000004,0.0,epithelial_tumor_class1,1,2566.5891413401996
-69.88999999999999,114.01999999999998,0.0,other_tissue,0,859.3712561361484
-487.04,37.629999999999995,0.0,epithelial_tumor_class1,1,1482.0810434691916
-481.03,72.80000000000001,0.0,epithelial_tumor_class1,1,1973.2318223344269
-270.91999999999996,-115.28999999999996,0.0,epithelial_tumor_class1,1,2933.8971026311756
-232.32,-259.9,0.0,other_tissue,0,960.6997454055203
-217.95,-91.15999999999997,0.0,other_tissue,0,1131.6800501282594
-131.99,57.00999999999999,0.0,epithelial_tumor_class1,1,1567.5652345817875
325.03,-214.19000000000005,0.0,epithelial_tumor_class1,1,4346.167004983582
-254.75,272.48,0.0,epithelial_tumor_class1,1,4992.941315182849
-109.16000000000003,-154.89999999999998,0.0,epithelial_tumor_class1,1,4368.809181674796
-247.4,-405.74,0.0,other_tissue,0,972.7325847014864
66.38,-328.71000000000004,0.0,other_tissue,0,1109.8695796481857
-122.73000000000002,47.910000000000025,0.0,other_tissue,0,929.8888745869123
-62.74000000000001,441.74,0.0,other_tissue,0,1371.6235487786068
-477.94,-154.74,0.0,other_tissue,0,1371.6235487786068
429.26,-240.89,0.0,epithelial_tumor_class1,1,4334.843170672248
20.539999999999964,-365.88,0.0,epithelial_tumor_class1,1,1666.2463399102667
397.99,-322.35,0.0,epithelial_tumor_class1,1,2152.0278713949792
324.55999999999995,-471.92999999999995,0.0,other_tissue,0,522.0452262642044
278.41999999999996,-144.46000000000004,0.0,epithelial_tumor_class1,1,2811.8906524261306
-181.26,-251.17999999999995,0.0,epithelial_tumor_class1,1,3038.081016139703
-151.52999999999997,125.36000000000001,0.0,other_tissue,0,680.261471235224
-243.02999999999997,-223.63,0.0,epithelial_tumor_class1,1,1987.1489827870494
-235.31,-208.5,0.0,epithelial_tumor_class1,1,1751.991937588874
394.05999999999995,459.93,0.0,other_tissue,0,769.3422461617945
-374.05,97.83999999999997,0.0,epithelial_tumor_class1,1,1581.3422333833869
-204.89,189.75,0.0,epithelial_tumor_class1,1,1446.4440477583773
-84.38999999999999,-244.98000000000002,0.0,other_tissue,0,853.7011601177948
-454.64,380.93,0.0,epithelial_tumor_class1,1,2130.617014921257
-136.8,-200.59000000000003,0.0,other_tissue,0,1055.6455242972945
-77.87,-278.24,0.0,other_tissue,0,700.3176973759188
359.69000000000005,-488.91999999999996,0.0,other_tissue,0,837.3990347030079
399.84000000000003,344.94,0.0,other_tissue,0,826.448308332993
-86.52999999999997,-306.03999999999996,0.0,other_tissue,0,920.041373276282
259.95000000000005,-188.01999999999998,0.0,other_tissue,0,994.904351285555
-142.93,356.34000000000003,0.0,epithelial_tumor_class1,1,1429.2866295367253
31.659999999999968,-86.25999999999999,0.0,other_tissue,0,1244.6635856624814
-34.95999999999998,-348.64,0.0,other_tissue,0,996.8575391574659
-14.949999999999989,379.98,0.0,other_tissue,0,637.5184747590844
-229.51999999999998,-385.71000000000004,0.0,other_tissue,0,1051.5645863100085
-352.03,173.05,0.0,epithelial_tumor_class1,1,1483.055641722901
417.26,-152.84000000000003,0.0,other_tissue,0,1371.6235487786068
27.370000000000005,-5.720000000000027,0.0,other_tissue,0,1371.6235487786068
39.289999999999964,-94.55999999999995,0.0,other_tissue,0,811.484428630169
23.220000000000027,-212.71000000000004,0.0,epithelial_tumor_class1,1,1231.9100150910479
-163.72000000000003,235.85000000000002,0.0,other_tissue,0,1224.406248976802
-481.75,-343.78,0.0,epithelial_tumor_class1,1,2433.3450033479226
-398.0,195.41000000000003,0.0,other_tissue,0,509.3262560723245
409.11,-170.58000000000004,0.0,epithelial_tumor_class1,1,3064.0221657828274
-196.89999999999998,10.769999999999982,0.0,other_tissue,0,1312.1857477245646
-447.17,-228.40999999999997,0.0,other_tissue,0,1371.6235487786068
413.59000000000003,-119.5,0.0,epithelial_tumor_class1,1,3401.28300005803
-250.02,-64.86000000000001,0.0,CAF,1,1497.2259507927456
-38.02999999999997,455.43,0.0,other_tissue,0,619.4233704634098
-403.55,-92.19000000000005,0.0,epithelial_tumor_class1,1,1242.370770180925
114.47000000000003,-296.35,0.0,other_tissue,0,656.1269029771777
-326.4,418.48,0.0,other_tissue,0,781.2184665623548
140.0,-238.64999999999998,0.0,epithelial_tumor_class1,1,2488.1698040909796
-119.80000000000001,-217.41999999999996,0.0,other_tissue,0,1146.8724271611231
-87.43,-164.02999999999997,0.0,epithelial_tumor_class1,1,2112.651257539163
470.22,-239.08000000000004,0.0,other_tissue,0,1371.6235487786068
-162.64999999999998,-179.87,0.0,other_tissue,0,889.8423117275239
173.59000000000003,344.81,0.0,other_tissue,0,735.8550547679545
-173.95999999999998,-56.129999999999995,0.0,other_tissue,0,1119.930880291387
-180.73000000000002,-159.40999999999997,0.0,epithelial_tumor_class1,1,4683.672580918905
57.700000000000045,144.13,0.0,other_tissue,0,1041.023268062956
-306.91999999999996,-407.51,0.0,epithelial_tumor_class1,1,2269.4941548870947
-349.45,239.43,0.0,other_tissue,0,547.8558246012799
67.22000000000003,-405.33000000000004,0.0,CD4_Tcell,1,1168.881557006193
-259.74,-51.08000000000004,0.0,epithelial_tumor_class1,1,1906.626909515204
248.42999999999995,183.63,0.0,other_tissue,0,771.9641470006036
-127.79000000000002,-448.13,0.0,CD8_Tcell,1,758.8335408164149
211.96000000000004,97.50999999999999,0.0,other_tissue,0,979.1083307836136
41.39999999999998,148.44,0.0,other_tissue,0,1371.6235487786068
-147.87,457.12,0.0,other_tissue,0,917.1167164292125
131.40999999999997,-127.75999999999999,0.0,other_tissue,0,752.5544841987731
-96.75,118.56,0.0,epithelial_tumor_class1,1,2974.6197434420133
-470.4,448.4,0.0,other_tissue,0,707.4543702864377
-282.9,181.5,0.0,epithelial_tumor_class1,1,1504.192336376861
438.64,-383.36,0.0,CAF,1,1489.0383215827
240.71000000000004,20.99000000000001,0.0,other_tissue,0,1371.6235487786068
-90.24000000000001,87.33999999999997,0.0,other_tissue,0,727.0610065041992
454.05999999999995,-256.22,0.0,other_tissue,0,463.0729905341474
-131.91000000000003,-348.65,0.0,other_tissue,0,816.9239642917388
-325.48,-433.13,0.0,other_tissue,0,717.0967852491988
261.12,-24.909999999999968,0.0,epithelial_tumor_class1,1,1558.0243428110361
-101.55000000000001,-76.29999999999995,0.0,epithelial_tumor_class1,1,1688.6397158357433
-128.06,-191.92999999999995,0.0,other_tissue,0,488.53497930575674
326.95000000000005,-166.97000000000003,0.0,other_tissue,0,1371.6235487786068
408.84000000000003,-420.28999999999996,0.0,epithelial_tumor_class1,1,1808.1385128065822
-425.43,256.03999999999996,0.0,CAF,1,435.9623669546653
171.51999999999998,354.45,0.0,epithelial_tumor_class1,1,2854.6892118854034
-475.89,-402.14,0.0,other_tissue,0,687.9584338910232
-418.98,246.7,0.0,epithelial_tumor_class1,1,1723.7167015155487
295.67999999999995,-488.62,0.0,epithelial_tumor_class1,1,2328.5437940160846
56.02999999999997,195.11,0.0,other_tissue,0,904.7786842338603
-469.1,-460.9,0.0,other_tissue,0,506.2943158542799
-67.92000000000002,-90.11000000000001,0.0,epithelial_tumor_class1,1,1395.3799035713685
50.639999999999986,-387.76,0.0,other_tissue,0,477.7119079083388
475.57000000000005,-300.89,0.0,other_tissue,0,1371.6235487786068
-91.54000000000002,101.29000000000002,0.0,epithelial_tumor_class1,1,3094.8324172971743
-180.32999999999998,-19.409999999999968,0.0,other_tissue,0,646.8413699047032
-485.69,405.18,0.0,epithelial_tumor_class1,1,5602.236487844024
384.46000000000004,-255.87,0.0,other_tissue,0,779.5173591843853
-328.16999999999996,46.089999999999975,0.0,epithelial_tumor_class1,1,1248.3323484584241
66.02999999999997,249.13,0.0,other_tissue,0,743.1315597763725
464.73,-359.64,0.0,epithelial_tumor_class1,1,2293.253399958034
321.74,-155.72000000000003,0.0,other_tissue,0,1069.6957705545844
-362.77,-113.87,0.0,epithelial_tumor_class1,1,3456.595088182462
65.38999999999999,133.25,0.0,other_tissue,0,1371.6235487786068
-384.06,460.85,0.0,epithelial_tumor_class1,1,2394.2734665441026
454.51,157.45999999999998,0.0,epithelial_tumor_class1,1,2822.887965217015
33.5,-360.45000000000005,0.0,epithelial_tumor_class1,1,2561.108462583091
-458.55,-380.9,0.0,epithelial_tumor_class1,1,1432.0189621174095
-396.75,-17.860000000000014,0.0,epithelial_tumor_class1,1,2458.056326806576
79.74000000000001,375.99,0.0,other_tissue,0,1371.6235487786068
-120.39999999999998,313.78,0.0,other_tissue,0,606.1310326019807
-441.87,-49.23000000000002,0.0,epithelial_tumor_class1,1,1231.9100150910479
16.629999999999995,25.439999999999998,0.0,other_tissue,0,708.9528610416279
-34.089999999999975,-311.38,0.0,mesenchymal_tumor_class1,1,1707.7067297933559
-95.94,130.51,0.0,epithelial_tumor_class1,1,1505.1448457962824
307.78,417.24,0.0,other_tissue,0,483.0362483492614
327.54999999999995,-489.87,0.0,other_tissue,0,1069.5187453673343
127.65999999999997,99.13999999999999,0.0,other_tissue,0,1192.6657792731212
121.46000000000004,-338.62,0.0,other_tissue,0,593.3887216180813
-106.32999999999998,-135.85000000000002,0.0,other_tissue,0,631.0567058501108
-263.58000000000004,-251.78999999999996,0.0,other_tissue,0,232.2965601707939
249.24,-123.28999999999996,0.0,epithelial_tumor_class1,1,1707.2922127177224
-104.54000000000002,-117.89999999999998,0.0,other_tissue,0,803.2869019939288
-394.33,321.68,0.0,other_tissue,0,933.8336054464295
144.83000000000004,-179.59000000000003,0.0,epithelial_tumor_class1,1,1231.9100150910479
-254.68,166.86,0.0,other_tissue,0,1371.6235487786068
-152.01,78.30000000000001,0.0,other_tissue,0,709.5874743591603
-154.73000000000002,489.18,0.0,other_tissue,0,1371.6235487786068
220.76,-223.29999999999995,0.0,other_tissue,0,885.0860358019395
-41.52999999999997,-275.85,0.0,other_tissue,0,569.9702348507315
22.129999999999995,345.03999999999996,0.0,epithelial_tumor_class1,1,2806.06597779667
409.73,218.31,0.0,other_tissue,0,1001.9574720916504
-58.50999999999999,-84.24000000000001,0.0,other_tissue,0,1052.3899378353387
319.12,-460.32000000000005,0.0,epithelial_tumor_class1,1,3188.291505437692
-301.71000000000004,-142.21000000000004,0.0,epithelial_tumor_class1,1,1382.1668129557072
-13.850000000000023,-417.1,0.0,other_tissue,0,680.5420505630082
-458.4,-161.01,0.0,other_tissue,0,1371.6235487786068
-244.82,432.11,0.0,epithelial_tumor_class1,1,3070.1984273497555
146.25,32.410000000000025,0.0,other_tissue,0,1355.576716866654
59.690000000000055,79.5,0.0,other_tissue,0,928.9907576237106
287.34000000000003,-71.07000000000005,0.0,other_tissue,0,1132.940926078912
-252.58,-383.89,0.0,epithelial_tumor_class1,1,1580.1610090752451
281.78,-86.83000000000004,0.0,epithelial_tumor_class1,1,2249.3431967571573
64.75,-170.10000000000002,0.0,epithelial_tumor_class1,1,1231.9100150910479
-400.88,-37.120000000000005,0.0,epithelial_tumor_class1,1,2513.429088688609
-184.06,-89.13,0.0,epithelial_tumor_class1,1,1231.9100150910479
171.64,274.93,0.0,epithelial_tumor_class1,1,4126.458605510501
220.74,123.81,0.0,other_tissue,0,888.3667188412733
-43.98000000000002,-73.27999999999997,0.0,epithelial_tumor_class1,1,1586.5663492138804
-210.45999999999998,-205.48000000000002,0.0,other_tissue,0,922.9951631590085
438.89,13.680000000000007,0.0,other_tissue,0,1371.6235487786068
-487.96,93.64999999999998,0.0,other_tissue,0,1013.0140921960559
103.85000000000002,190.38,0.0,other_tissue,0,738.953595526474
-46.55000000000001,-462.03999999999996,0.0,CD4_Tcell,1,420.3864232805241
231.70000000000005,241.39999999999998,0.0,other_tissue,0,705.3255454122294
166.49,472.29,0.0,other_tissue,0,590.0314046564434
-433.78,-180.92999999999995,0.0,epithelial_tumor_class1,1,4924.037608581417
-1.5199999999999818,151.29000000000002,0.0,epithelial_tumor_class1,1,4803.1280238935415
22.16999999999996,-454.65999999999997,0.0,other_tissue,0,1300.7425841220909
-378.24,168.42000000000002,0.0,epithelial_tumor_class1,1,2905.1507208877915
303.73,203.06,0.0,other_tissue,0,1260.820548890373
-455.34000000000003,-481.5,0.0,epithelial_tumor_class1,1,1470.888198855159
-415.68,-158.76999999999998,0.0,other_tissue,0,818.9330008239613
-183.57,-182.57000000000005,0.0,other_tissue,0,696.8529519697474
-122.01999999999998,-132.64999999999998,0.0,epithelial_tumor_class1,1,4829.954273202194
-351.83000000000004,399.95,0.0,other_tissue,0,1275.0116582810354
258.98,-134.14,0.0,other_tissue,0,1371.6235487786068
-147.52999999999997,110.77999999999997,0.0,other_tissue,0,1193.8626976507276
-365.37,63.98000000000002,0.0,epithelial_tumor_class1,1,4098.6525696974995
-281.34000000000003,-92.61000000000001,0.0,other_tissue,0,575.0216158384025
-97.0,-329.28999999999996,0.0,epithelial_tumor_class1,1,2060.691522846538
28.629999999999995,-56.309999999999945,0.0,other_tissue,0,1184.58042772646
483.04999999999995,-314.86,0.0,other_tissue,0,1371.6235487786068
32.33000000000004,211.39999999999998,0.0,other_tissue,0,1371.6235487786068
-427.62,-63.48000000000002,0.0,other_tissue,0,1371.6235487786068
-462.68,389.01,0.0,epithelial_tumor_class1,1,1231.9100150910479
59.360000000000014,-160.76999999999998,0.0,other_tissue,0,814.9393122324093
-238.38,-103.59000000000003,0.0,epithelial_tumor_class1,1,1888.725760892517
-233.35000000000002,-398.82000000000005,0.0,epithelial_tumor_class1,1,1519.1931705517677
476.40999999999997,-254.44000000000005,0.0,other_tissue,0,596.707334389682
211.62,-403.86,0.0,other_tissue,0,889.797572802208
-397.55,-5.2900000000000205,0.0,epithelial_tumor_class1,1,2236.2927107753326
-355.6,193.26999999999998,0.0,epithelial_tumor_class1,1,3741.40839201749
297.41999999999996,-171.37,0.0,other_tissue,0,941.5242066368862
437.53999999999996,363.53999999999996,0.0,other_tissue,0,454.7579602557063
-162.32,172.95,0.0,other_tissue,0,1371.6235487786068
2.2200000000000273,-162.87,0.0,mesenchymal_tumor_class1,1,1815.6089343881426
291.70000000000005,-386.26,0.0,other_tissue,0,926.8054572071248
164.84000000000003,-470.77,0.0,other_tissue,0,1045.8988589872872
-18.30000000000001,356.56,0.0,epithelial_tumor_class1,1,5656.103288756518
275.91999999999996,-409.79999999999995,0.0,other_tissue,0,1371.6235487786068
227.02999999999997,-467.75,0.0,other_tissue,0,387.38063459602074
-489.86,470.5,0.0,other_tissue,0,568.2432715481218
393.35,-415.03,0.0,epithelial_tumor_class1,1,5238.214083586466
-159.33999999999997,-314.73,0.0,other_tissue,0,1342.5870757939736
141.02999999999997,-364.29999999999995,0.0,other_tissue,0,1039.2112391281112
314.78999999999996,378.22,0.0,other_tissue,0,584.1148033774692
101.00999999999999,77.14999999999998,0.0,epithelial_tumor_class1,1,1591.2745838276603
-463.79,56.44,0.0,other_tissue,0,479.35395178154334
-343.7,345.01,0.0,epithelial_tumor_class1,1,6844.155247218845
50.799999999999955,10.379999999999995,0.0,other_tissue,0,1371.6235487786068
-169.79000000000002,-231.96000000000004,0.0,other_tissue,0,1371.6235487786068
160.58000000000004,35.81,0.0,other_tissue,0,561.6006977797965
-28.069999999999993,61.410000000000025,0.0,other_tissue,0,860.7270529756853
218.04999999999995,-22.659999999999968,0.0,epithelial_tumor_class1,1,2196.7904710522444
10.329999999999984,32.24000000000001,0.0,other_tissue,0,603.6061143899675
-73.80000000000001,336.51,0.0,other_tissue,0,578.7750963353656
201.58000000000004,165.47000000000003,0.0,other_tissue,0,856.9038705996389
-402.44,-120.98000000000002,0.0,other_tissue,0,728.4500080788051
306.12,-234.17999999999995,0.0,other_tissue,0,404.7359688681147
94.39999999999998,299.2,0.0,other_tissue,0,876.3106272682157
-355.58000000000004,-350.49,0.0,epithelial_tumor_class1,1,2058.969147669662
476.21000000000004,129.83999999999997,0.0,other_tissue,0,1371.6235487786068
-132.35000000000002,-125.48000000000002,0.0,epithelial_tumor_class1,1,1617.3864301564554
-235.04000000000002,-2.3500000000000227,0.0,CAF,1,1082.0596770417515
486.05999999999995,-360.27,0.0,epithelial_tumor_class1,1,4491.094053991289
-31.70999999999998,-380.29999999999995,0.0,epithelial_tumor_class1_class2,1,1482.0810434691916
-211.57999999999998,-138.64,0.0,epithelial_tumor_class1,1,4791.229565076524
-133.89999999999998,-302.51,0.0,other_tissue,0,379.1264684160084
128.99,394.81,0.0,other_tissue,0,981.6616328890486
283.71000000000004,350.98,0.0,epithelial_tumor_class1,1,2182.2352170774457
-127.55000000000001,357.65,0.0,epithelial_tumor_class1,1,1244.7755024217054
-374.55,271.39,0.0,epithelial_tumor_class1,1,1759.0999247233615
-473.37,-329.49,0.0,epithelial_tumor_class1,1,2763.232231678989
-134.98000000000002,-277.23,0.0,other_tissue,0,887.0490099558425
-186.66000000000003,-170.61,0.0,other_tissue,0,1246.9872333145713
-290.03,246.53,0.0,other_tissue,0,552.8247382628988
-22.339999999999975,274.59000000000003,0.0,epithelial_tumor_class1,1,2721.3078967515557
243.82000000000005,234.8,0.0,epithelial_tumor_class1,1,5485.747914174175
-287.74,-195.79999999999995,0.0,other_tissue,0,328.1710333043454
50.58000000000004,-464.03,0.0,other_tissue,0,1371.6235487786068
-177.82999999999998,-283.97,0.0,epithelial_tumor_class1,1,1695.644183689961
90.95000000000005,-244.90999999999997,0.0,epithelial_tumor_class1,1,1231.9100150910479
-71.16000000000003,308.1,0.0,other_tissue,0,854.7460640992939
483.64,-159.64999999999998,0.0,other_tissue,0,1045.6248265288627
-264.95,46.64999999999998,0.0,epithelial_tumor_class1,1,8898.04744226141
13.870000000000005,371.47,0.0,other_tissue,0,1055.2695375297385
481.91999999999996,-246.26,0.0,apCAF,1,480.45073548978075
13.919999999999959,135.95999999999998,0.0,other_tissue,0,706.9169660129436
423.52,221.98000000000002,0.0,epithelial_tumor_class1,1,2018.344291456784
-228.85000000000002,-248.09000000000003,0.0,other_tissue,0,487.53076078030216
1.4700000000000273,281.97,0.0,epithelial_tumor_class1,1,1960.0613832888544
-129.54000000000002,339.89,0.0,other_tissue,0,608.6803486526042
-331.24,219.95999999999998,0.0,other_tissue,0,952.4367167123933
-28.019999999999982,289.41999999999996,0.0,epithelial_tumor_class1,1,2658.825391832663
-375.81,-37.10000000000002,0.0,other_tissue,0,1123.193598432888
-153.61,445.19,0.0,epithelial_tumor_class1,1,2268.1581596377364
312.15,227.72000000000003,0.0,other_tissue,0,685.5680794260103
460.37,185.07,0.0,other_tissue,0,511.4109558969611
102.36000000000001,-189.28999999999996,0.0,other_tissue,0,775.2243845794876
-214.14,-292.11,0.0,other_tissue,0,1039.1120106828268
10.439999999999998,-279.47,0.0,other_tissue,0,654.5215366115988
195.77999999999997,-23.659999999999968,0.0,epithelial_tumor_class1,1,2682.843207153956
-96.54000000000002,337.99,0.0,CAF,1,408.0259498895041
-360.01,451.87,0.0,epithelial_tumor_class1,1,1509.913424953917
39.25,-42.809999999999945,0.0,other_tissue,0,765.8758630896506
-149.3,-292.29999999999995,0.0,epithelial_tumor_class1,1,1363.380841021546
-304.03,422.85,0.0,other_tissue,0,432.08129582257556
-162.54000000000002,-82.87,0.0,epithelial_tumor_class1,1,1911.4642673910841
-199.51,-480.4,0.0,other_tissue,0,588.1283348026692
18.710000000000036,365.3,0.0,other_tissue,0,949.2802713993425
355.03999999999996,188.07999999999998,0.0,other_tissue,0,1371.6235487786068
232.09000000000003,135.25,0.0,other_tissue,0,584.0979074481826
-185.89,233.95999999999998,0.0,epithelial_tumor_class1,1,2060.691522846538
490.72,-229.80999999999995,0.0,other_tissue,0,1371.6235487786068
-41.74000000000001,468.12,0.0,other_tissue,0,635.5860597059472
33.25,134.31,0.0,epithelial_tumor_class1,1,1736.8899512477356
-151.01,192.83999999999997,0.0,other_tissue,0,1371.6235487786068
-206.92000000000002,485.56,0.0,epithelial_tumor_class1,1,2315.9502220534496
-157.70999999999998,93.44999999999999,0.0,other_tissue,0,1371.6235487786068
-118.47000000000003,-448.04999999999995,0.0,other_tissue,0,1332.8409205163766
-159.31,282.3,0.0,other_tissue,0,508.1089523516242
168.88,259.13,0.0,other_tissue,0,1371.6235487786068
442.65999999999997,321.2,0.0,epithelial_tumor_class1,1,1441.162166687556
-166.19,-261.70000000000005,0.0,other_tissue,0,1371.6235487786068
445.87,-291.6,0.0,epithelial_tumor_class1,1,1542.4457267873888
127.75999999999999,-418.6,0.0,other_tissue,0,1027.0534738055865
-264.14,351.38,0.0,epithelial_tumor_class1,1,2175.0426484190793
324.42999999999995,204.89999999999998,0.0,other_tissue,0,776.6740505366434
52.59000000000003,431.6,0.0,other_tissue,0,1371.6235487786068
-324.03999999999996,379.97,0.0,other_tissue,0,337.6130355645459
-81.75,-263.07000000000005,0.0,other_tissue,0,1122.77561733298
-46.339999999999975,-239.98000000000002,0.0,other_tissue,0,494.2264166590471
66.13999999999999,-74.08000000000004,0.0,other_tissue,0,384.89321388348867
146.33000000000004,-324.15999999999997,0.0,other_tissue,0,837.8717287638887
-192.86,453.75,0.0,epithelial_tumor_class1,1,1526.7148130852543
-326.06,-241.44000000000005,0.0,epithelial_tumor_class1,1,2902.8867115053667
-485.12,218.89,0.0,other_tissue,0,965.770199553837
20.690000000000055,-407.28,0.0,other_tissue,0,704.2723064193614
-406.34000000000003,142.73000000000002,0.0,other_tissue,0,560.9096994888922
-429.76,64.75999999999999,0.0,other_tissue,0,1015.7725733065573
-303.78,-427.64,0.0,epithelial_tumor_class1,1,2160.2604496227655
488.77,464.65,0.0,other_tissue,0,964.8019024068491
-138.23000000000002,70.52999999999997,0.0,other_tissue,0,696.6629132590842
113.40999999999997,-494.63,0.0,other_tissue,0,808.7107718362728
457.87,347.76,0.0,other_tissue,0,1371.6235487786068
186.23000000000002,-443.16999999999996,0.0,epithelial_tumor_class1,1,1305.6468684577865
-315.95,144.2,0.0,other_tissue,0,371.7399536202622
260.53,-397.49,0.0,other_tissue,0,522.484301857301
-121.33999999999997,-388.54999999999995,0.0,epithelial_tumor_class1,1,1874.537251697027
8.899999999999977,358.73,0.0,other_tissue,0,1352.6467757015528
390.33000000000004,-219.26999999999998,0.0,epithelial_tumor_class1,1,1537.4155958501813
-220.12,-222.54999999999995,0.0,other_tissue,0,637.5542971120312
23.200000000000045,231.41000000000003,0.0,other_tissue,0,742.1004609185595
-183.66000000000003,-225.36,0.0,other_tissue,0,1104.6678023393476
-97.69999999999999,-445.15,0.0,other_tissue,0,1371.6235487786068
172.26,-24.950000000000045,0.0,epithelial_tumor_class1,1,4530.105883182038
-338.85,193.77999999999997,0.0,epithelial_tumor_class1,1,1894.7173278213272
437.22,-360.01,0.0,epithelial_tumor_class1,1,7005.172166592308
-399.35,-164.0,0.0,other_tissue,0,651.663924380322
-158.2,379.40999999999997,0.0,other_tissue,0,661.270699786704
272.27,-174.49,0.0,other_tissue,0,713.866537286306
162.33000000000004,-371.52,0.0,other_tissue,0,655.6340685689056
-168.70999999999998,342.08000000000004,0.0,other_tissue,0,1005.7634745265248
31.99000000000001,-423.67999999999995,0.0,CD4_Tcell,1,440.4682462560379
-150.23000000000002,54.620000000000005,0.0,epithelial_tumor_class1,1,1520.3438161381277
-122.25,174.74,0.0,other_tissue,0,390.96373034416484
-100.82999999999998,310.2,0.0,epithelial_tumor_class1,1,1231.9100150910479
10.100000000000023,-184.20000000000005,0.0,CD8_Tcell,1,1244.2886607953246
335.84000000000003,-229.69000000000005,0.0,other_tissue,0,900.2623264462695
-317.1,-486.13,0.0,other_tissue,0,573.9855812489808
6.079999999999984,40.99000000000001,0.0,other_tissue,0,499.6725422966525
0.5299999999999727,350.37,0.0,epithelial_tumor_class1,1,6594.14045892767
380.95000000000005,-440.65,0.0,epithelial_tumor_class1,1,1650.7974232368692
-388.5,-129.15999999999997,0.0,other_tissue,0,858.1697254851548
-162.27999999999997,453.76,0.0,other_tissue,0,900.7809410300231
-395.12,332.59000000000003,0.0,other_tissue,0,642.4386486712148
-482.61,329.64,0.0,other_tissue,0,610.5578636154819
-469.79,-312.19000000000005,0.0,epithelial_tumor_class1,1,1973.8024760586802
-405.98,-104.25,0.0,other_tissue,0,710.4534663177586
476.88,-475.47,0.0,other_tissue,0,544.963022550051
-316.48,309.0,0.0,epithelial_tumor_class1,1,1327.8979419489763
-488.45,310.46000000000004,0.0,epithelial_tumor_class1,1,4231.155238241939
317.42999999999995,-118.05999999999995,0.0,epithelial_tumor_class1,1,1853.3697587248926
124.96000000000004,-446.15,0.0,other_tissue,0,1371.6235487786068
-290.45,42.22000000000003,0.0,epithelial_tumor_class1,1,4171.660512220319
158.69000000000005,49.69999999999999,0.0,other_tissue,0,1371.6235487786068
-241.51,74.57999999999998,0.0,epithelial_tumor_class1,1,2264.8621665559435
-439.88,-260.24,0.0,epithelial_tumor_class1,1,3914.7628186593697
-3.1200000000000045,94.69,0.0,other_tissue,0,938.9946429888311
19.460000000000036,-74.49000000000001,0.0,other_tissue,0,803.4540705906547
-243.48000000000002,-90.41999999999996,0.0,epithelial_tumor_class1,1,2420.070892117299
-463.5,-10.230000000000018,0.0,other_tissue,0,1096.1628616471294
138.38,81.69,0.0,epithelial_tumor_class1,1,1424.689443623121
-481.15,-50.360000000000014,0.0,other_tissue,0,484.61586832307637
321.57000000000005,-419.15,0.0,epithelial_tumor_class1,1,1791.573494351049
384.41999999999996,-315.62,0.0,other_tissue,0,808.4589350854665
175.15999999999997,-57.639999999999986,0.0,CD8_Tcell,1,480.7622893830559
378.82000000000005,481.57,0.0,other_tissue,0,378.9998213399626
-333.5,-467.89,0.0,other_tissue,0,1371.6235487786068
-54.389999999999986,-302.0,0.0,other_tissue,0,985.4639851765822
465.98,-290.39,0.0,epithelial_tumor_class1,1,2194.3805303742283
-448.04,-246.09000000000003,0.0,epithelial_tumor_class1,1,1399.732308170628
-11.54000000000002,-53.139999999999986,0.0,other_tissue,0,946.5969545930716
-480.17,-83.80999999999995,0.0,other_tissue,0,959.5701657567614
115.88999999999999,-434.80999999999995,0.0,CD8_Tcell,1,488.8950345517877
276.91999999999996,-52.610000000000014,0.0,epithelial_tumor_class1,1,2294.220662520003
259.05999999999995,432.63,0.0,other_tissue,0,881.2576795408049
76.97000000000003,-113.54999999999995,0.0,other_tissue,0,572.0338751432151
213.69000000000005,300.47,0.0,other_tissue,0,1371.6235487786068
152.75,-183.61,0.0,other_tissue,0,750.3760068049489
438.11,-477.40999999999997,0.0,other_tissue,0,715.5868366072441
-148.64999999999998,365.6,0.0,other_tissue,0,1119.7744289462876
223.17999999999995,-37.23000000000002,0.0,other_tissue,0,1330.5580243565244
445.69000000000005,-466.78,0.0,other_tissue,0,656.9488423793251
-443.87,-238.91999999999996,0.0,other_tissue,0,943.3371389874571
-36.94,70.41000000000003,0.0,epithelial_tumor_class1,1,1420.7437567493769
-202.67000000000002,-2.269999999999982,0.0,epithelial_tumor_class1,1,3157.175237269765
-446.94,444.03,0.0,epithelial_tumor_class1,1,2216.83233652105
-275.40999999999997,-177.65999999999997,0.0,other_tissue,0,834.5880370905078
97.79999999999995,-115.10000000000002,0.0,epithelial_tumor_class1,1,1897.1619647604468
-491.421,-291.63,0.0,epithelial_tumor_class1,1,1231.9100150910479
-173.89999999999998,139.11,0.0,epithelial_tumor_class1,1,2112.213363855455
-24.779999999999973,-12.529999999999973,0.0,epithelial_tumor_class1,1,2655.4855089717403
442.59000000000003,-303.82000000000005,0.0,other_tissue,0,1371.6235487786068
15.649999999999977,-246.47000000000003,0.0,mesenchymal_tumor_class1,1,1105.8051072598373
233.92999999999995,-434.34000000000003,0.0,other_tissue,0,345.91017207946726
-295.6,-161.55999999999995,0.0,other_tissue,0,581.2303327032805
248.26,-4.75,0.0,other_tissue,0,1190.6274219451682
-73.88999999999999,-405.80999999999995,0.0,epithelial_tumor_class1,1,2951.0266717993445
-235.74,53.110000000000014,0.0,epithelial_tumor_class1,1,10128.694822980333
-31.5,262.28999999999996,0.0,other_tissue,0,672.2695088685426
-182.5,374.58,0.0,other_tissue,0,693.7785772451181
-300.49,61.910000000000025,0.0,other_tissue,0,1230.7822932565628
177.19000000000005,289.48,0.0,epithelial_tumor_class1,1,1620.1533011038728
70.44000000000005,401.47,0.0,other_tissue,0,1371.6235487786068
-151.95,215.57,0.0,other_tissue,0,1241.5047080901643
368.03,-455.09000000000003,0.0,epithelial_tumor_class1,1,3184.835722660124
-466.96,0.38999999999998636,0.0,epithelial_tumor_class1,1,1859.798258393369
-109.80000000000001,-257.97,0.0,epithelial_tumor_class1,1,1761.567566641191
-157.67000000000002,477.3,0.0,other_tissue,0,576.2095729434842
478.52,-173.17999999999995,0.0,other_tissue,0,1371.6235487786068
-90.10000000000002,-297.25,0.0,other_tissue,0,530.5407346553213
-23.839999999999975,421.46,0.0,epithelial_tumor_class1,1,2292.0762299221888
156.86,61.55000000000001,0.0,epithelial_tumor_class1,1,2655.160947399679
50.549999999999955,-191.37,0.0,other_tissue,0,1074.3560120385894
-98.24000000000001,471.49,0.0,epithelial_tumor_class1,1,1902.8742931275424
239.67999999999995,-319.87,0.0,other_tissue,0,325.6008442848157
-309.15999999999997,-260.6,0.0,epithelial_tumor_class1_class2,1,4192.498377813566
-103.12,286.74,0.0,epithelial_tumor_class1,1,1844.663889097335
310.37,-243.05999999999995,0.0,apCAF,1,250.1606278312453
208.01999999999998,110.05000000000001,0.0,other_tissue,0,867.2635262821955
327.07000000000005,-68.14999999999998,0.0,other_tissue,0,940.432920981997
-6.5400000000000205,-297.65,0.0,epithelial_tumor_class1,1,2027.0069781425664
-424.36,-361.87,0.0,other_tissue,0,1371.6235487786068
-484.11,371.95,0.0,other_tissue,0,1371.6235487786068
18.340000000000032,456.38,0.0,epithelial_tumor_class1,1,2364.70937288645
-134.66000000000003,-329.73,0.0,CAF,1,968.7736701224204
-324.15,-364.71000000000004,0.0,epithelial_tumor_class1_class2,1,1247.293215779503
72.54999999999995,80.48000000000002,0.0,other_tissue,0,709.7028992713977
26.200000000000045,75.35000000000002,0.0,other_tissue,0,1128.9775787412118
-204.18,-394.65999999999997,0.0,other_tissue,0,539.1118976256831
210.39999999999998,-159.30999999999995,0.0,other_tissue,0,1280.506777018762
-128.95999999999998,-363.40999999999997,0.0,other_tissue,0,1371.6235487786068
155.24,-442.11,0.0,CAF,1,849.3999324834715
455.78,-0.4300000000000068,0.0,other_tissue,0,648.651559256893
133.41999999999996,-78.92999999999995,0.0,epithelial_tumor_class1,1,4264.705311006647
472.46000000000004,348.34000000000003,0.0,other_tissue,0,969.8867674197794
369.55999999999995,-410.53,0.0,epithelial_tumor_class1,1,10128.694822980333
-492.031,263.52,0.0,other_tissue,0,694.954119390706
-249.88,-369.22,0.0,other_tissue,0,889.3949899531347
-405.81,355.4,0.0,other_tissue,0,450.85125703483095
112.46000000000004,-452.48,0.0,epithelial_tumor_class1,1,2543.8119730849785
309.66999999999996,-450.46000000000004,0.0,other_tissue,0,478.79138774970573
-19.829999999999984,261.86,0.0,other_tissue,0,1019.9809282471742
-29.060000000000002,89.06,0.0,other_tissue,0,1180.1464005626776
283.15999999999997,88.57999999999998,0.0,epithelial_tumor_class1,1,1690.5262723214014
-135.37,-103.60000000000002,0.0,epithelial_tumor_class1,1,2460.611539769862
378.36,-379.66999999999996,0.0,other_tissue,0,472.7642607764409
234.64,217.14,0.0,epithelial_tumor_class1,1,4074.8567927604754
-195.54000000000002,78.14999999999998,0.0,other_tissue,0,907.8584194912085
484.04999999999995,-208.23000000000002,0.0,other_tissue,0,1371.6235487786068
31.33000000000004,424.09000000000003,0.0,other_tissue,0,1371.6235487786068
-182.45,-9.189999999999998,0.0,other_tissue,0,996.5680168328126
116.30999999999995,-389.78,0.0,other_tissue,0,1020.0054293504219
8.54000000000002,-472.62,0.0,CD4_Tcell,1,1000.8441592218044
-59.920000000000016,-240.79999999999995,0.0,other_tissue,0,708.0304627404248
236.79999999999995,116.98000000000002,0.0,other_tissue,0,1371.6235487786068
461.62,-313.04999999999995,0.0,epithelial_tumor_class1,1,7398.1821053072645
456.39,142.11,0.0,other_tissue,0,814.0957553165184
329.96000000000004,259.19,0.0,other_tissue,0,1371.6235487786068
-482.24,425.9,0.0,epithelial_tumor_class1,1,3950.8495562281737
-450.39,493.856,0.0,epithelial_tumor_class1,1,1835.115344486471
-256.05,-97.75,0.0,other_tissue,0,583.7938364333476
-421.79,-222.83000000000004,0.0,other_tissue,0,450.6948875082083
158.76999999999998,-363.42999999999995,0.0,other_tissue,0,837.6998194385033
344.32000000000005,-337.5,0.0,other_tissue,0,775.7142105050134
-197.06,-304.83000000000004,0.0,other_tissue,0,934.2032727800753
-413.8,473.77,0.0,other_tissue,0,1236.0939748975113
246.10000000000002,-146.80999999999995,0.0,epithelial_tumor_class1,1,1231.9100150910479
-355.43,-57.50999999999999,0.0,other_tissue,0,617.1595651658814
-17.220000000000027,-408.02,0.0,other_tissue,0,1045.276127177947
301.35,-417.66999999999996,0.0,epithelial_tumor_class1,1,4052.505298902375
210.62,-388.22,0.0,epithelial_tumor_class1,1,1231.9100150910479
270.24,-261.69000000000005,0.0,other_tissue,0,584.3682814174064
143.92999999999995,-493.13,0.0,CD4_Tcell,1,549.3303840015182
-436.21,314.53999999999996,0.0,other_tissue,0,1140.6314380180831
-127.18,325.27,0.0,epithelial_tumor_class1,1,1548.9753870893703
431.67999999999995,437.93,0.0,other_tissue,0,442.164167915689
-454.24,-223.24,0.0,other_tissue,0,936.0993491387253
44.200000000000045,-154.26,0.0,epithelial_tumor_class1,1,1274.7273662945956
-334.57,22.230000000000018,0.0,other_tissue,0,935.058502114872
197.55999999999995,-394.84000000000003,0.0,CAF,1,1337.942941597765
176.47000000000003,487.96,0.0,other_tissue,0,305.43299653285055
395.76,-435.40999999999997,0.0,epithelial_tumor_class1,1,6255.410247006385
471.78999999999996,-348.51,0.0,epithelial_tumor_class1,1,2486.749303389697
1.0400000000000205,-83.75999999999999,0.0,CAF,1,508.06276389456207
379.19000000000005,-283.28999999999996,0.0,epithelial_tumor_class1,1,2125.89618128315
169.98000000000002,-239.53999999999996,0.0,epithelial_tumor_class1,1,1471.9517477647123
-135.85000000000002,490.535,0.0,other_tissue,0,957.8069707118594
219.01999999999998,-126.98000000000002,0.0,epithelial_tumor_class1,1,1690.5262723214014
141.69000000000005,105.56,0.0,other_tissue,0,1185.7177548397055
-137.08999999999997,86.58999999999997,0.0,other_tissue,0,1254.0036425622316
155.41999999999996,85.97000000000003,0.0,epithelial_tumor_class1,1,1803.656297297976
60.32000000000005,-201.75,0.0,other_tissue,0,413.28935739262613
296.79999999999995,-432.28,0.0,other_tissue,0,749.5377168743564
430.42999999999995,-335.61,0.0,epithelial_tumor_class1,1,3500.2259779557953
-48.45999999999998,442.2,0.0,other_tissue,0,1044.902606767576
383.79999999999995,464.6,0.0,other_tissue,0,423.856063338954
86.23000000000002,-122.85000000000002,0.0,epithelial_tumor_class1,1,2634.075006231616
-421.92,89.81,0.0,other_tissue,0,869.0679408355124
458.03,252.5,0.0,other_tissue,0,525.5804738137034
-128.60000000000002,-224.83000000000004,0.0,other_tissue,0,909.809501475218
130.26999999999998,-23.950000000000045,0.0,other_tissue,0,1125.3635403099083
-202.32,-358.12,0.0,other_tissue,0,929.0598230040672
475.65999999999997,-196.92999999999995,0.0,epithelial_tumor_class1,1,2525.8310755606026
481.65999999999997,-338.53,0.0,other_tissue,0,915.2007827017069
-200.5,108.17000000000002,0.0,epithelial_tumor_class1,1,7525.413165215062
143.92999999999995,-131.64999999999998,0.0,other_tissue,0,1212.984931673271
-69.19,-113.63999999999999,0.0,other_tissue,0,605.6462570723586
-236.45,92.11000000000001,0.0,other_tissue,0,1254.4535866801968
-123.29000000000002,37.39999999999998,0.0,epithelial_tumor_class1,1,1650.729876030962
300.01,-347.5,0.0,other_tissue,0,818.975331693426
-207.74,355.85,0.0,other_tissue,0,625.8763802678806
-327.28,13.060000000000002,0.0,other_tissue,0,867.7693902815682
220.39999999999998,-138.95000000000005,0.0,epithelial_tumor_class1,1,1989.634225073222
-104.51999999999998,-474.95000000000005,0.0,other_tissue,0,669.0829344805356
-222.49,-149.75,0.0,other_tissue,0,951.6644960614624
-476.52,-276.19000000000005,0.0,other_tissue,0,745.6339516203259
156.58000000000004,-326.58000000000004,0.0,other_tissue,0,531.1114130589165
201.95000000000005,-128.51,0.0,epithelial_tumor_class1,1,5280.114528453157
-104.68,-36.950000000000045,0.0,epithelial_tumor_class1,1,5296.114197434093
-340.77,34.18000000000001,0.0,epithelial_tumor_class1,1,2278.902687007374
-268.63,247.67,0.0,epithelial_tumor_class1,1,1826.7558297656244
-345.84000000000003,45.839999999999975,0.0,epithelial_tumor_class1,1,2874.0503003785952
441.83000000000004,-78.80999999999995,0.0,other_tissue,0,556.3993065234599
-424.17,478.64,0.0,other_tissue,0,1012.8921510241963
-68.44999999999999,-315.69000000000005,0.0,other_tissue,0,962.6550679760403
298.12,-30.16999999999996,0.0,other_tissue,0,1176.774247434983
9.829999999999984,-233.90999999999997,0.0,other_tissue,0,867.8793867394404
226.92999999999995,-215.21000000000004,0.0,other_tissue,0,839.9795270741615
-186.07999999999998,4.519999999999982,0.0,other_tissue,0,668.6206094760613
-211.75,-343.6,0.0,other_tissue,0,310.43885123023085
172.17999999999995,-389.55999999999995,0.0,other_tissue,0,381.1947955624391
-90.98000000000002,309.78999999999996,0.0,other_tissue,0,538.8236481716935
229.29999999999995,-147.54999999999995,0.0,epithelial_tumor_class1,1,2794.632661358934
-473.45,-15.470000000000027,0.0,other_tissue,0,1371.6235487786068
-449.79,114.64999999999998,0.0,other_tissue,0,735.6185806037665
-372.77,123.10000000000002,0.0,epithelial_tumor_class1,1,5458.566758338792
-486.36,-234.87,0.0,other_tissue,0,418.58430507527953
-291.14,-212.80999999999995,0.0,epithelial_tumor_class1,1,2203.908027383549
-249.01,-42.73000000000002,0.0,epithelial_tumor_class1,1,3145.533083038433
95.73000000000002,-150.78999999999996,0.0,other_tissue,0,1371.6235487786068
442.59000000000003,337.61,0.0,other_tissue,0,1262.6557356372389
50.24000000000001,147.75,0.0,other_tissue,0,540.0895074759204
-373.55,351.78999999999996,0.0,other_tissue,0,1006.4675469692432
0.5,-153.60000000000002,0.0,mesenchymal_tumor_class1,1,620.5485502973401
91.16999999999996,57.139999999999986,0.0,other_tissue,0,867.5274307902683
-136.32999999999998,-185.41999999999996,0.0,epithelial_tumor_class1,1,1231.9100150910479
211.02999999999997,180.88,0.0,other_tissue,0,746.3101613297105
-5.6200000000000045,-80.22000000000003,0.0,CAF,1,480.45073548978075
-166.79000000000002,-303.17999999999995,0.0,other_tissue,0,770.8658834429104
-54.54000000000002,428.22,0.0,epithelial_tumor_class1,1,4339.730592168921
477.74,445.04,0.0,other_tissue,0,803.3913796492869
-443.7,182.27999999999997,0.0,other_tissue,0,512.8039112911395
322.1,184.8,0.0,other_tissue,0,1017.8997682131543
75.65999999999997,262.51,0.0,other_tissue,0,1371.6235487786068
445.86,43.47000000000003,0.0,epithelial_tumor_class1,1,2127.455684479522
397.47,273.15,0.0,other_tissue,0,725.751878867791
433.73,-457.95000000000005,0.0,epithelial_tumor_class1,1,8806.165672754742
151.84000000000003,-62.710000000000036,0.0,other_tissue,0,1275.0969541186423
160.92999999999995,129.56,0.0,epithelial_tumor_class1,1,2127.095731456843
457.15,-297.4,0.0,epithelial_tumor_class1,1,1952.1571061863478
191.95000000000005,-215.39999999999998,0.0,other_tissue,0,1044.6287483608614
142.13,-277.96000000000004,0.0,epithelial_tumor_class1,1,1687.028680164854
3.680000000000007,-42.72000000000003,0.0,epithelial_tumor_class1,1,2005.5504055426654
-188.3,249.76,0.0,other_tissue,0,1371.6235487786068
-163.48000000000002,-203.01999999999998,0.0,other_tissue,0,1340.7340146956885
-204.57999999999998,-86.05999999999995,0.0,epithelial_tumor_class1,1,1646.2084094628285
-135.47000000000003,16.079999999999984,0.0,other_tissue,0,1151.143087524455
-10.629999999999995,165.14,0.0,epithelial_tumor_class1,1,3878.7174176469234
97.75999999999999,285.49,0.0,epithelial_tumor_class1,1,2721.260766103705
-45.99000000000001,26.110000000000014,0.0,other_tissue,0,1026.9304085409308
-359.72,-124.08000000000004,0.0,other_tissue,0,1371.6235487786068
-257.44,430.75,0.0,other_tissue,0,1371.6235487786068
-174.68,-292.9,0.0,other_tissue,0,1000.7231966694548
-277.03,76.07,0.0,other_tissue,0,1371.6235487786068
-479.42,-285.65999999999997,0.0,other_tissue,0,760.6656121611279
41.98000000000002,37.51999999999998,0.0,other_tissue,0,1371.6235487786068
-74.06,249.72,0.0,other_tissue,0,639.9754094996545
-247.3,-75.41999999999996,0.0,epithelial_tumor_class1,1,1475.3021440002444
-127.18,198.14,0.0,epithelial_tumor_class1,1,5038.9244186796295
396.4,-303.74,0.0,other_tissue,0,778.903109225111
-408.90999999999997,-21.610000000000014,0.0,epithelial_tumor_class1,1,1258.141552870584
304.86,-207.04999999999995,0.0,epithelial_tumor_class1_class2,1,3601.6375227755557
20.66999999999996,1.1399999999999864,0.0,other_tissue,0,577.2650447620931
-108.00999999999999,-86.79999999999995,0.0,other_tissue,0,924.9449099915521
39.370000000000005,319.59000000000003,0.0,other_tissue,0,861.4054858147159
56.73000000000002,494.55,0.0,other_tissue,0,379.3798472029204
-345.32,181.89,0.0,other_tissue,0,981.0646700533752
-215.8,-482.48,0.0,other_tissue,0,791.3322910297763
137.80999999999995,-172.64,0.0,epithelial_tumor_class1,1,1843.936603136635
-46.120000000000005,452.45,0.0,other_tissue,0,708.8759639365327
-101.89999999999998,424.86,0.0,epithelial_tumor_class1,1,1730.0510312614056
-253.49,492.771,0.0,other_tissue,0,1303.2220372134677
310.03999999999996,-125.40999999999997,0.0,other_tissue,0,700.7182131248074
2.089999999999975,248.1,0.0,epithelial_tumor_class1,1,1549.0077578943071
-382.09000000000003,-85.21000000000004,0.0,other_tissue,0,1371.6235487786068
145.54999999999995,-414.03,0.0,other_tissue,0,620.302300875492
-127.25,126.20999999999998,0.0,other_tissue,0,745.2363720728897
451.32000000000005,329.9,0.0,other_tissue,0,1310.7661768665732
-224.73000000000002,-396.15,0.0,other_tissue,0,542.0643462650572
-86.44999999999999,78.69999999999999,0.0,other_tissue,0,605.1271416253297
-115.39999999999998,-71.12,0.0,CD4_Tcell,1,340.3048994451651
-499.788,319.9,0.0,epithelial_tumor_class1,1,6441.18367220759
342.74,-174.94000000000005,0.0,epithelial_tumor_class1,1,6284.679892588113
479.59000000000003,-453.32000000000005,0.0,epithelial_tumor_class1,1,7507.877111975255
-349.52,77.75999999999999,0.0,other_tissue,0,717.7944004342195
138.63,-142.27999999999997,0.0,other_tissue,0,705.5363191407872
493.97,178.3,0.0,epithelial_tumor_class1,1,3407.4663535282293
-358.27,103.68,0.0,other_tissue,0,956.4918611251353
-159.02999999999997,-157.63,0.0,other_tissue,0,1371.6235487786068
-67.77999999999997,298.81,0.0,other_tissue,0,836.1322329629041
16.629999999999995,119.70999999999998,0.0,epithelial_tumor_class1,1,1902.0204258053448
14.879999999999995,-259.71000000000004,0.0,mesenchymal_tumor_class1,1,802.7228791726588
-453.54,435.90999999999997,0.0,other_tissue,0,629.989931028659
447.83000000000004,460.15,0.0,other_tissue,0,880.1246531341096
467.41999999999996,-140.88,0.0,mesenchymal_tumor_class1,1,1171.0697724696627
-434.72,-224.07000000000005,0.0,CD4_Tcell,1,493.4559583766489
-288.51,-187.20000000000005,0.0,other_tissue,0,1371.6235487786068
-280.13,241.45999999999998,0.0,other_tissue,0,771.9844950460188
-443.3,90.54000000000002,0.0,other_tissue,0,679.607086069755
-425.49,-37.700000000000045,0.0,other_tissue,0,1206.286911433951
184.66999999999996,-177.85000000000002,0.0,other_tissue,0,449.50198502382
-83.73000000000002,363.85,0.0,epithelial_tumor_class1,1,10128.694822980333
165.90999999999997,487.31,0.0,other_tissue,0,299.17060093136797
-92.80000000000001,268.22,0.0,other_tissue,0,1292.8065149690033
1.259999999999991,-107.38999999999999,0.0,other_tissue,0,1001.7395850777026
112.57000000000005,-121.19000000000005,0.0,other_tissue,0,771.9641470006036
-229.95,-184.33000000000004,0.0,other_tissue,0,1371.6235487786068
-337.8,0.9900000000000091,0.0,other_tissue,0,612.8403965523553
-334.78,-426.96000000000004,0.0,other_tissue,0,859.9615086508852
-481.28,19.25999999999999,0.0,epithelial_tumor_class1,1,3401.9939782038223
87.99000000000001,202.5,0.0,other_tissue,0,834.0523029896962
51.539999999999964,43.10000000000002,0.0,other_tissue,0,650.9372022299042
-26.410000000000025,391.38,0.0,epithelial_tumor_class1,1,6113.41519020786
-434.93,412.87,0.0,other_tissue,0,774.1026446548813
-188.06,295.77,0.0,other_tissue,0,621.0412446374214
-73.49000000000001,187.93,0.0,other_tissue,0,1014.5513896016824
-150.2,-86.45000000000005,0.0,other_tissue,0,534.8626650122909
-123.36000000000001,-483.55999999999995,0.0,other_tissue,0,424.7708504599672
-7.310000000000002,43.24000000000001,0.0,other_tissue,0,713.654107662371
262.76,-174.05999999999995,0.0,other_tissue,0,1072.404158873809
-313.6,462.11,0.0,other_tissue,0,555.2387454606047
156.91999999999996,-192.01999999999998,0.0,other_tissue,0,517.1069864584667
191.70000000000005,250.18,0.0,other_tissue,0,775.8571152560455
-381.47,92.10000000000002,0.0,other_tissue,0,421.1059994115104
142.22000000000003,-433.40999999999997,0.0,other_tissue,0,727.7650681142953
-232.76,-114.89999999999998,0.0,epithelial_tumor_class1,1,3021.070637131287
-216.32,494.483,0.0,epithelial_tumor_class1,1,2686.6265297708337
-401.19,383.64,0.0,other_tissue,0,523.0491892840213
467.09000000000003,214.13,0.0,other_tissue,0,460.61696262421935
-311.48,-199.64999999999998,0.0,epithelial_tumor_class1,1,1919.1463628885215
357.78999999999996,160.22000000000003,0.0,other_tissue,0,848.4460702649978
237.44000000000005,321.98,0.0,other_tissue,0,424.11534702885007
106.65999999999997,200.61,0.0,other_tissue,0,769.4437594637317
-270.78999999999996,-232.70000000000005,0.0,epithelial_tumor_class1,1,2272.4184732772214
-32.670000000000016,471.73,0.0,other_tissue,0,748.1220279109834
265.53999999999996,-430.94000000000005,0.0,other_tissue,0,789.8437754719455
143.86,351.99,0.0,epithelial_tumor_class1,1,2193.3190823490645
-280.4,-32.10000000000002,0.0,epithelial_tumor_class1,1,3754.8859208950453
434.21000000000004,431.02,0.0,other_tissue,0,539.1439316870932
-1.9599999999999795,36.60000000000002,0.0,other_tissue,0,529.9071271570286
-107.82999999999998,36.19,0.0,other_tissue,0,1037.7730448377165
424.77,-218.0,0.0,epithelial_tumor_class1,1,1738.9171634413688
182.14,-354.53999999999996,0.0,epithelial_tumor_class1,1,2334.283204852127
-385.23,286.43,0.0,CAF,1,1497.2259507927456
-204.47000000000003,-422.85,0.0,other_tissue,0,1371.6235487786068
-165.13,385.84000000000003,0.0,other_tissue,0,479.38357261523583
-129.16000000000003,25.370000000000005,0.0,other_tissue,0,1031.589116833969
27.889999999999986,98.30000000000001,0.0,epithelial_tumor_class1,1,1350.2231548295574
-438.97,-284.19000000000005,0.0,CD4_Tcell,1,740.3774867347737
31.370000000000005,-70.27999999999997,0.0,other_tissue,0,1185.7719314240617
426.9,-107.72000000000003,0.0,epithelial_tumor_class1,1,2236.0859682350847
-107.32,108.68,0.0,epithelial_tumor_class1,1,3556.659066673564
89.75,-325.44000000000005,0.0,other_tissue,0,542.3698312418766
127.13999999999999,-164.52999999999997,0.0,other_tissue,0,1156.9159512393321
248.22000000000003,-302.07000000000005,0.0,other_tissue,0,1371.6235487786068
53.42999999999995,-311.28,0.0,other_tissue,0,997.8230185472239
-494.383,47.06,0.0,epithelial_tumor_class1,1,1231.9100150910479
-77.44,277.97,0.0,CAF,1,760.0008942571441
104.38999999999999,-211.89,0.0,other_tissue,0,1082.365528412581
-63.160000000000025,-422.46000000000004,0.0,other_tissue,0,553.5416836895937
391.74,-189.94000000000005,0.0,epithelial_tumor_class1,1,1231.9100150910479
-264.94,341.5,0.0,epithelial_tumor_class1,1,1939.005517203692
23.840000000000032,376.3,0.0,other_tissue,0,1371.6235487786068
489.95000000000005,-486.20000000000005,0.0,other_tissue,0,883.2817688274448
-265.15,-314.28,0.0,other_tissue,0,572.6672766860937
-103.91000000000003,342.43,0.0,other_tissue,0,297.33564506858943
26.539999999999964,158.56,0.0,epithelial_tumor_class1,1,1687.5427291081
160.79999999999995,347.18,0.0,other_tissue,0,945.9443916554543
480.04999999999995,-19.50999999999999,0.0,other_tissue,0,387.8691130946357
-458.92,-325.91999999999996,0.0,other_tissue,0,1336.7982550777203
40.879999999999995,443.89,0.0,other_tissue,0,950.9628395978893
-109.5,-226.34000000000003,0.0,other_tissue,0,1164.7947611946604
-457.13,-464.86,0.0,epithelial_tumor_class1,1,1952.6481388713992
-244.89,377.89,0.0,epithelial_tumor_class1,1,1927.6728426853413
-127.07,-96.61000000000001,0.0,other_tissue,0,879.4808165443264
-172.67000000000002,-241.54999999999995,0.0,epithelial_tumor_class1,1,1325.3289288433054
-192.57999999999998,-364.30999999999995,0.0,other_tissue,0,703.4304705540857
48.049999999999955,236.77999999999997,0.0,other_tissue,0,1371.6235487786068
-277.19,-412.1,0.0,other_tissue,0,800.3235167481497
-158.39999999999998,-450.46000000000004,0.0,other_tissue,0,1371.6235487786068
185.35000000000002,26.160000000000025,0.0,mesenchymal_tumor_class1,1,912.6048575701767
-291.91999999999996,-230.30999999999995,0.0,other_tissue,0,474.63031734040266
-66.16000000000003,-335.72,0.0,other_tissue,0,442.7257590696107
-435.6,430.34000000000003,0.0,epithelial_tumor_class1,1,2245.858116369628
232.0,-177.58000000000004,0.0,other_tissue,0,645.16091911311
-56.49000000000001,0.30000000000001137,0.0,epithelial_tumor_class1,1,2381.357549672282
108.42999999999995,-432.14,0.0,CD8_Tcell,1,408.2654303604783
-21.769999999999982,94.32,0.0,other_tissue,0,394.6078775060287
79.47000000000003,121.10000000000002,0.0,epithelial_tumor_class1,1,7521.049799683915
170.71000000000004,139.3,0.0,other_tissue,0,1021.770540101181
-304.05,47.920000000000016,0.0,epithelial_tumor_class1,1,4684.214105952172
463.17999999999995,415.48,0.0,other_tissue,0,480.40623878154065
443.51,-88.98000000000002,0.0,other_tissue,0,974.0150165318076
234.22000000000003,156.49,0.0,other_tissue,0,1111.788766706873
-400.25,135.51,0.0,other_tissue,0,616.2660959671356
-29.230000000000018,-460.32000000000005,0.0,CAF,1,1068.17904551752
-169.07,-174.39999999999998,0.0,other_tissue,0,336.7813324752645
363.98,-199.73000000000002,0.0,other_tissue,0,1371.6235487786068
412.54999999999995,-337.35,0.0,epithelial_tumor_class1,1,1953.4037345441154
315.91999999999996,196.13,0.0,other_tissue,0,887.1383049478437
-239.57,-467.96000000000004,0.0,other_tissue,0,468.229873927148
10.389999999999986,-208.64999999999998,0.0,other_tissue,0,780.090950427553
-25.54000000000002,54.75,0.0,other_tissue,0,648.9777515753811
185.34000000000003,-131.44000000000005,0.0,other_tissue,0,797.5545698628204
-131.73000000000002,-426.27,0.0,other_tissue,0,668.3433167268768
-216.95,73.77999999999997,0.0,epithelial_tumor_class1,1,10128.694822980333
-136.95,-145.11,0.0,other_tissue,0,602.6395162778757
-210.68,-217.71000000000004,0.0,other_tissue,0,852.9180412265389
-30.0,432.35,0.0,other_tissue,0,496.61841669984295
-64.25,-151.89,0.0,other_tissue,0,366.0438106904808
11.980000000000018,-486.26,0.0,other_tissue,0,569.056501699741
-188.51999999999998,-454.02,0.0,other_tissue,0,651.4821931612881
-193.73000000000002,22.629999999999995,0.0,other_tissue,0,694.7454586400171
59.74000000000001,287.82,0.0,other_tissue,0,566.5860229805669
-311.7,-437.52,0.0,epithelial_tumor_class1,1,5560.998983164355
190.78999999999996,-376.15999999999997,0.0,CAF,1,974.466510469684
-473.89,-68.38,0.0,other_tissue,0,315.2414353206577
89.20000000000005,-372.33000000000004,0.0,other_tissue,0,1049.5904980867408
157.65999999999997,-261.29999999999995,0.0,other_tissue,0,887.4955448418538
-283.47,425.97,0.0,other_tissue,0,1371.6235487786068
-45.76999999999998,408.77,0.0,other_tissue,0,1157.8222003977487
287.42999999999995,467.86,0.0,other_tissue,0,959.4290305890805
457.36,-25.789999999999964,0.0,other_tissue,0,731.7829729496975
-491.752,-469.02,0.0,CD4_Tcell,1,431.680649196466
68.58000000000004,179.05,0.0,other_tissue,0,1371.6235487786068
415.88,329.53,0.0,other_tissue,0,297.02337429025596
-177.58999999999997,76.94,0.0,other_tissue,0,1005.0839920837655
227.85000000000002,233.16000000000003,0.0,other_tissue,0,1255.4382146392381
-168.61,-221.58000000000004,0.0,other_tissue,0,775.0815575363121
149.25,250.57,0.0,epithelial_tumor_class1,1,4935.664170105362
433.90999999999997,303.0,0.0,other_tissue,0,433.1047586636519
-120.0,-420.07000000000005,0.0,other_tissue,0,1371.6235487786068
-243.57,35.329999999999984,0.0,epithelial_tumor_class1,1,5356.28975764612
319.92999999999995,-289.37,0.0,other_tissue,0,742.9331974071616
122.95000000000005,-490.45000000000005,0.0,other_tissue,0,873.523635088489
114.33000000000004,80.06,0.0,other_tissue,0,818.6367255793187
289.32000000000005,-468.22,0.0,CAF,1,804.3739124528465
-451.09000000000003,-212.64999999999998,0.0,other_tissue,0,1076.3864184794377
-26.00999999999999,80.72000000000003,0.0,other_tissue,0,660.2434643529398
178.32000000000005,143.64,0.0,other_tissue,0,648.9777515753811
377.55999999999995,-222.77999999999997,0.0,epithelial_tumor_class1,1,1231.9100150910479
161.01999999999998,286.26,0.0,epithelial_tumor_class1,1,2254.827032958739
-153.95999999999998,-375.20000000000005,0.0,other_tissue,0,436.6717689187191
-22.379999999999995,-303.38,0.0,other_tissue,0,1039.9308342841427
40.72000000000003,-128.33000000000004,0.0,other_tissue,0,1276.6898414244313
-335.7,440.25,0.0,other_tissue,0,881.3243584182347
-81.93,-314.14,0.0,epithelial_tumor_class1,1,2180.2424692666477
-42.639999999999986,-5.230000000000018,0.0,epithelial_tumor_class1,1,2617.0021523136584
-31.579999999999984,-283.75,0.0,other_tissue,0,279.55209530200324
-239.45999999999998,423.58,0.0,other_tissue,0,601.86353385941
332.65,-243.01999999999998,0.0,epithelial_tumor_class1,1,3113.303911665683
128.72000000000003,-252.12,0.0,other_tissue,0,1287.1331772618912
102.75,470.72,0.0,other_tissue,0,1269.0787403653526
-443.47,301.05,0.0,other_tissue,0,1371.6235487786068
-357.34000000000003,10.850000000000023,0.0,other_tissue,0,1158.1421659995306
272.08000000000004,-361.32000000000005,0.0,other_tissue,0,361.2517658603178
51.84000000000003,84.88,0.0,other_tissue,0,281.7598391083603
436.08000000000004,422.55,0.0,other_tissue,0,666.3121787956471
-313.12,-476.63,0.0,other_tissue,0,1371.6235487786068
43.99000000000001,21.730000000000018,0.0,other_tissue,0,1371.6235487786068
200.22000000000003,-427.32000000000005,0.0,other_tissue,0,1296.856765741953
413.69000000000005,-312.27,0.0,other_tissue,0,1045.2014159758867
-339.78999999999996,210.0,0.0,epithelial_tumor_class1,1,1600.7520663423754
-281.7,-361.77,0.0,epithelial_tumor_class1,1,5575.203736374044
-335.01,-139.77999999999997,0.0,CD4_Tcell,1,859.8521822451361
-95.37,-242.45000000000005,0.0,other_tissue,0,451.16410458517436
-44.74000000000001,-258.01,0.0,other_tissue,0,816.8394454442495
-469.21,-49.01999999999998,0.0,epithelial_tumor_class1,1,3254.055514507323
127.13999999999999,110.57999999999998,0.0,epithelial_tumor_class1_class2,1,2194.3805303742283
-193.51,-1.670000000000016,0.0,other_tissue,0,1371.6235487786068
492.98,142.75,0.0,other_tissue,0,1252.4577802578476
-73.77999999999997,316.15,0.0,other_tissue,0,529.9071271570286
-463.51,253.94,0.0,other_tissue,0,402.42508394070006
111.15999999999997,-154.74,0.0,other_tissue,0,966.3136741874993
-289.23,-151.53999999999996,0.0,epithelial_tumor_class1,1,2126.0960749857727
-39.51999999999998,-320.32000000000005,0.0,mesenchymal_tumor_class1,1,1701.4615531098916
280.66999999999996,-123.92999999999995,0.0,other_tissue,0,1371.6235487786068
-121.85000000000002,-153.33000000000004,0.0,other_tissue,0,1371.6235487786068
-138.61,447.90999999999997,0.0,other_tissue,0,1371.6235487786068
148.88,405.42,0.0,other_tissue,0,1189.7855797472153
-463.54,-58.299999999999955,0.0,other_tissue,0,544.9146268008767
-155.77999999999997,-350.84000000000003,0.0,other_tissue,0,603.3471029111034
-98.85000000000002,-231.09000000000003,0.0,other_tissue,0,1371.6235487786068
-76.70999999999998,383.65999999999997,0.0,epithelial_tumor_class1,1,8411.21654365705
414.26,-443.59000000000003,0.0,epithelial_tumor_class1,1,10128.694822980333
485.59000000000003,-220.36,0.0,other_tissue,0,862.98257613401
-202.68,-458.09000000000003,0.0,CD4_Tcell,1,462.0750822501989
-285.84000000000003,413.48,0.0,other_tissue,0,952.1792634311446
-183.49,47.76999999999998,0.0,other_tissue,0,646.4616585223689
213.51999999999998,-471.66999999999996,0.0,other_tissue,0,282.3005782629565
124.25,-286.59000000000003,0.0,other_tissue,0,1371.6235487786068
107.02999999999997,-480.66999999999996,0.0,other_tissue,0,382.9900185579747
-144.54000000000002,98.98000000000002,0.0,other_tissue,0,1166.9643371928364
307.57000000000005,-354.84000000000003,0.0,other_tissue,0,931.9175211379838
243.98000000000002,331.9,0.0,other_tissue,0,388.3322608269021
277.07000000000005,-424.22,0.0,other_tissue,0,1371.6235487786068
-351.26,-154.08000000000004,0.0,other_tissue,0,352.2154227299099
-355.96000000000004,-166.10000000000002,0.0,apCAF,1,391.71405760236604
-46.81999999999999,-438.30999999999995,0.0,other_tissue,0,1368.471039637488
-413.53,-121.72000000000003,0.0,CD4_Tcell,1,435.587112451302
-17.20999999999998,152.57999999999998,0.0,epithelial_tumor_class1,1,2918.2656895665814
-396.35,345.74,0.0,other_tissue,0,602.8120473442058
141.62,-117.21000000000004,0.0,other_tissue,0,1371.6235487786068
-9.980000000000018,-230.82000000000005,0.0,other_tissue,0,516.1728780230839
-15.470000000000027,-108.5,0.0,CAF,1,564.78329573088
-3.3700000000000045,-98.54999999999995,0.0,other_tissue,0,513.0828055463835
-469.68,-405.70000000000005,0.0,other_tissue,0,376.51062130055084
258.65999999999997,-162.13,0.0,other_tissue,0,866.6699368344762
470.11,-127.19000000000005,0.0,other_tissue,0,691.8664211683497
319.89,224.37,0.0,other_tissue,0,779.6607306263609
449.07000000000005,-126.08000000000004,0.0,other_tissue,0,867.4394566732642
115.66999999999996,-207.26,0.0,other_tissue,0,383.07928965657567
-312.05,302.99,0.0,other_tissue,0,539.672676924061
-224.05,-354.27,0.0,other_tissue,0,787.5732606838469
-166.32,-374.65999999999997,0.0,other_tissue,0,1022.0403889855551
-294.93,-413.72,0.0,epithelial_tumor_class1,1,1515.6490016728749
-114.08999999999997,360.69,0.0,epithelial_tumor_class1,1,1844.8457404634664
-413.54,-97.95000000000005,0.0,other_tissue,0,537.6237147203901
-454.25,43.339999999999975,0.0,epithelial_tumor_class1,1,3335.971995364972
-126.58999999999997,-320.38,0.0,other_tissue,0,584.0472216152357
284.15,-169.78999999999996,0.0,other_tissue,0,1202.9471677309998
430.09000000000003,-286.24,0.0,other_tissue,0,1007.9982157640953
-148.39,-319.95000000000005,0.0,other_tissue,0,508.20133766365007
417.40999999999997,312.74,0.0,other_tissue,0,665.9617632084988
64.09000000000003,64.01999999999998,0.0,other_tissue,0,627.292816922421
473.83000000000004,205.92000000000002,0.0,other_tissue,0,421.09241490880464
69.94000000000005,71.45999999999998,0.0,other_tissue,0,867.9893924921855
-383.31,352.38,0.0,other_tissue,0,267.7107805432358
-403.15,-173.34000000000003,0.0,other_tissue,0,464.7248545822919
398.74,428.52,0.0,other_tissue,0,367.07173314020616
150.80999999999995,340.14,0.0,other_tissue,0,532.8100115766504
-407.57,90.38,0.0,other_tissue,0,262.3533998728665
-115.92000000000002,-110.87,0.0,epithelial_tumor_class1,1,5327.841624564083
321.36,-314.76,0.0,other_tissue,0,443.3159413430654
140.89999999999998,-17.549999999999955,0.0,epithelial_tumor_class1,1,1821.7018338439125
-233.54000000000002,340.28999999999996,0.0,other_tissue,0,959.2408718936678
-247.69,-209.64999999999998,0.0,other_tissue,0,1371.6235487786068
161.33000000000004,227.82,0.0,other_tissue,0,566.7350432282104
-346.52,442.12,0.0,other_tissue,0,1066.4365849486855
-102.44,204.36,0.0,other_tissue,0,571.8672681885976
-182.74,-266.11,0.0,epithelial_tumor_class1,1,3457.5349011037956
-1.5,103.13,0.0,other_tissue,0,666.4044138494739
269.91999999999996,-244.79999999999995,0.0,other_tissue,0,325.5665134945423
472.23,-388.39,0.0,epithelial_tumor_class1,1,10128.694822980333
350.84000000000003,-193.15999999999997,0.0,epithelial_tumor_class1,1,2708.837300757509
377.47,-448.99,0.0,other_tissue,0,1314.998940607123
345.66999999999996,-467.55999999999995,0.0,other_tissue,0,304.58936033771596
201.61,-329.78999999999996,0.0,other_tissue,0,865.0444506198331
-262.13,257.27,0.0,other_tissue,0,709.337429984179
-387.65,481.14,0.0,other_tissue,0,533.5731749527441
-393.52,-176.63,0.0,other_tissue,0,1371.6235487786068
31.980000000000018,436.1,0.0,epithelial_tumor_class1,1,3806.9969812170953
419.45000000000005,-128.84000000000003,0.0,other_tissue,0,1313.22935061213
-262.99,67.18,0.0,epithelial_tumor_class1,1,2645.436393257156
-444.87,-464.42999999999995,0.0,other_tissue,0,1371.6235487786068
118.88,-19.470000000000027,0.0,epithelial_tumor_class1_class2,1,1711.4404031254112
-207.27999999999997,-378.53999999999996,0.0,other_tissue,0,629.1373772944177
-465.86,166.25,0.0,other_tissue,0,728.4108570800541
-189.85000000000002,-198.53999999999996,0.0,epithelial_tumor_class1,1,6660.770129855406
138.67999999999995,96.10000000000002,0.0,other_tissue,0,1371.6235487786068
-465.54,228.51999999999998,0.0,other_tissue,0,203.86466170655393
-107.12,-170.90999999999997,0.0,other_tissue,0,677.0123849746612
-43.10000000000002,7.310000000000002,0.0,other_tissue,0,1325.153889620123
393.86,-229.95000000000005,0.0,other_tissue,0,1186.5847782308858
-355.15,360.93,0.0,other_tissue,0,1238.4069479191999
-413.53,-113.99000000000001,0.0,CD8_Tcell,1,303.12492087103806
135.69000000000005,367.19,0.0,epithelial_tumor_class1,1,2993.514169985414
255.5,-438.80999999999995,0.0,CAF,1,646.4797366462662
-231.38,491.587,0.0,epithelial_tumor_class1,1,2170.8644258305894
184.58000000000004,-322.38,0.0,other_tissue,0,298.66253673885194
429.97,12.350000000000023,0.0,other_tissue,0,977.6785119317504
65.74000000000001,45.910000000000025,0.0,epithelial_tumor_class1,1,2899.640405205577
-152.61,289.59000000000003,0.0,other_tissue,0,392.3875804356182
-452.79,63.329999999999984,0.0,epithelial_tumor_class1,1,2621.3668590970774
-421.76,285.15,0.0,other_tissue,0,1027.7920718695161
4.949999999999989,135.17000000000002,0.0,other_tissue,0,972.4952209249711
-84.41000000000003,186.75,0.0,other_tissue,0,757.8683596835658
125.00999999999999,195.75,0.0,other_tissue,0,347.8559644756561
-35.339999999999975,97.81,0.0,other_tissue,0,716.1479799841442
285.37,390.22,0.0,other_tissue,0,1025.2331116738942
-78.86000000000001,445.57,0.0,other_tissue,0,1371.6235487786068
-449.64,249.54,0.0,other_tissue,0,566.5363553703676
64.72000000000003,104.07999999999998,0.0,epithelial_tumor_class1,1,7904.3225065113
-262.03,-407.13,0.0,other_tissue,0,1046.322457862476
209.74,361.44,0.0,other_tissue,0,228.04650858164257
-223.38,-120.25,0.0,other_tissue,0,819.2928597123458
252.89999999999998,335.53999999999996,0.0,other_tissue,0,253.0806865028564
-278.40999999999997,11.089999999999975,0.0,epithelial_tumor_class1,1,6255.656520845709
267.51,-193.95000000000005,0.0,other_tissue,0,600.9848927184935
470.75,424.93,0.0,CAF,1,682.2084083017137
289.33000000000004,-44.289999999999964,0.0,epithelial_tumor_class1,1,1899.5716160852821
-355.23,233.51999999999998,0.0,other_tissue,0,608.2636464858376
-397.67,-129.51999999999998,0.0,other_tissue,0,534.1778625170984
-340.32,-50.450000000000045,0.0,other_tissue,0,1371.6235487786068
125.00999999999999,-135.87,0.0,epithelial_tumor_class1,1,1345.4140699374866
-422.22,346.78999999999996,0.0,other_tissue,0,487.9502666413407
262.53999999999996,-345.76,0.0,other_tissue,0,541.0682984585551
-430.23,37.01999999999998,0.0,epithelial_tumor_class1,1,10128.694822980333
-457.15999999999997,-49.34000000000003,0.0,other_tissue,0,804.6876552968243
492.78,483.46,0.0,other_tissue,0,1371.6235487786068
-464.82,347.13,0.0,other_tissue,0,758.8938918310062
-158.13,133.01,0.0,other_tissue,0,1005.8848428933513
-131.74,117.25,0.0,other_tissue,0,446.4724401171222
473.64,240.86,0.0,other_tissue,0,540.1536542971502
74.24000000000001,-80.14999999999998,0.0,other_tissue,0,1021.3290716625073
192.36,-251.37,0.0,other_tissue,0,806.5299233725195
-323.48,-448.42999999999995,0.0,epithelial_tumor_class1,1,2997.1819940092278
291.72,-97.12,0.0,epithelial_tumor_class1,1,3601.6375227755557
-366.9,362.49,0.0,other_tissue,0,808.6897834431435
-479.41,122.98000000000002,0.0,other_tissue,0,1268.3702961045321
183.38,-231.38,0.0,other_tissue,0,990.5490441733825
-122.26999999999998,17.05000000000001,0.0,other_tissue,0,789.8437754719455
37.51999999999998,372.72,0.0,other_tissue,0,925.9552683743316
105.87,-198.51,0.0,mesenchymal_tumor_class1,1,637.0350043188145
318.55999999999995,-330.14,0.0,other_tissue,0,648.1443662670861
489.05999999999995,-256.36,0.0,other_tissue,0,1269.0220551191205
44.059999999999945,-137.59000000000003,0.0,other_tissue,0,1295.419540051862
-234.48000000000002,-378.91999999999996,0.0,other_tissue,0,647.9813961158745
404.42999999999995,-191.0,0.0,other_tissue,0,522.484301857301
100.46000000000004,-429.34000000000003,0.0,CAF,1,504.0703888825916
360.0,-463.70000000000005,0.0,other_tissue,0,616.5813395022174
-83.07999999999998,67.82,0.0,other_tissue,0,333.23568121885637
-138.38,-382.15999999999997,0.0,other_tissue,0,1243.1254104133584
-27.269999999999982,412.09000000000003,0.0,epithelial_tumor_class1,1,3243.6595742862833
-487.83,-475.0,0.0,other_tissue,0,1371.6235487786068
-226.35000000000002,-96.40999999999997,0.0,other_tissue,0,973.2311743447556
384.28,-456.32000000000005,0.0,other_tissue,0,777.7982726108756
-199.36,-193.24,0.0,epithelial_tumor_class1,1,2179.266872292934
-293.59000000000003,-48.40999999999997,0.0,epithelial_tumor_class1,1,1579.4722332873894
-319.61,201.18,0.0,other_tissue,0,1080.785916516845
210.49,-147.61,0.0,other_tissue,0,561.4196672165281
-209.52999999999997,-350.78,0.0,other_tissue,0,452.68774510898385
-461.85,-297.78999999999996,0.0,epithelial_tumor_class1,1,3783.9926779809452
304.28,494.007,0.0,other_tissue,0,1003.7501855365691
-486.59,-456.44000000000005,0.0,other_tissue,0,922.0556774186438
-102.11000000000001,363.7,0.0,other_tissue,0,594.9951683974451
104.11000000000001,-361.27,0.0,other_tissue,0,1371.6235487786068
-489.87,-265.75,0.0,other_tissue,0,1276.8321279806669
63.82000000000005,23.70999999999998,0.0,other_tissue,0,898.009794565269
-152.25,466.49,0.0,other_tissue,0,926.3228537651764
268.65,-392.88,0.0,other_tissue,0,569.056501699741
240.96000000000004,203.36,0.0,other_tissue,0,1048.2674954980318
129.14999999999998,342.8,0.0,other_tissue,0,1371.6235487786068
220.30999999999995,192.23000000000002,0.0,epithelial_tumor_class1,1,2490.3904192320374
118.52999999999997,-406.72,0.0,other_tissue,0,356.51388502127304
-271.27,87.99000000000001,0.0,other_tissue,0,493.4408593611556
-411.06,62.860000000000014,0.0,other_tissue,0,1351.6710676617463
-227.23000000000002,-130.40999999999997,0.0,other_tissue,0,872.6842749436298
488.73,490.825,0.0,other_tissue,0,531.2224258055164
-430.69,141.32999999999998,0.0,other_tissue,0,494.72537558825474
334.52,209.23000000000002,0.0,epithelial_tumor_class1,1,1338.1778298288962
248.01,192.97000000000003,0.0,other_tissue,0,527.4408781348959
11.019999999999982,252.05,0.0,epithelial_tumor_class1,1,1866.9747447801656
-121.95999999999998,-207.70000000000005,0.0,other_tissue,0,519.290953957616
-492.067,103.47000000000003,0.0,other_tissue,0,522.798077966302
-471.3,156.06,0.0,other_tissue,0,347.82008659715723
-421.24,-210.23000000000002,0.0,other_tissue,0,760.2828484770313
-240.49,24.310000000000002,0.0,epithelial_tumor_class1,1,2656.5521117876087
-294.26,-124.63999999999999,0.0,other_tissue,0,307.3231057939789
-83.62,294.35,0.0,other_tissue,0,1371.6235487786068
-349.26,274.84000000000003,0.0,CAF,1,684.2529313726917
-210.26,203.06,0.0,other_tissue,0,1209.7151853998616
240.63,194.41000000000003,0.0,other_tissue,0,1371.6235487786068
308.73,428.29,0.0,other_tissue,0,301.5564355146777
296.05999999999995,219.66000000000003,0.0,epithelial_tumor_class1,1,6546.554936984698
71.65999999999997,200.44,0.0,epithelial_tumor_class1,1,2134.783539437909
418.14,302.03,0.0,other_tissue,0,439.06993540869695
189.28999999999996,17.610000000000014,0.0,other_tissue,0,531.2224258055164
-114.35000000000002,-339.82000000000005,0.0,other_tissue,0,583.06787177013
190.17999999999995,-225.33000000000004,0.0,other_tissue,0,987.8364403557955
-180.0,-331.44000000000005,0.0,other_tissue,0,707.3007984265643
-117.18,-231.39999999999998,0.0,other_tissue,0,833.2812487284335
-456.21,404.92,0.0,other_tissue,0,720.8031891868654
123.25,-245.45000000000005,0.0,other_tissue,0,862.4785743375179
-197.45,-298.36,0.0,other_tissue,0,642.5646770468526
-452.92,-281.66999999999996,0.0,other_tissue,0,1371.6235487786068
152.14,304.1,0.0,other_tissue,0,480.5990776943313
303.66999999999996,442.64,0.0,other_tissue,0,257.1755231401563
161.40999999999997,-226.47000000000003,0.0,epithelial_tumor_class1,1,1231.9100150910479
280.03999999999996,-270.37,0.0,other_tissue,0,1305.4735665604367
-275.51,-280.86,0.0,other_tissue,0,1371.6235487786068
-473.42,-419.63,0.0,other_tissue,0,410.7989970447567
-444.21,-444.55999999999995,0.0,epithelial_tumor_class1,1,2900.3288132849752
-348.24,-19.340000000000032,0.0,epithelial_tumor_class1,1,4677.989087660044
241.45000000000005,-463.42999999999995,0.0,other_tissue,0,891.2523556239655
-242.10000000000002,313.07,0.0,epithelial_tumor_class1,1,1668.830492997858
171.16999999999996,-228.80999999999995,0.0,other_tissue,0,1119.9569569322657
-286.75,-288.6,0.0,other_tissue,0,734.043380752626
-6.310000000000002,-283.92999999999995,0.0,other_tissue,0,1371.6235487786068
-78.63,480.59,0.0,other_tissue,0,1145.151244976651
67.05999999999995,-303.09000000000003,0.0,other_tissue,0,841.896812368236
-91.72000000000003,-107.04999999999995,0.0,other_tissue,0,1159.369246896786
26.600000000000023,-105.94000000000005,0.0,other_tissue,0,609.5838561353929
211.04999999999995,371.27,0.0,other_tissue,0,852.7005932260496
-135.75,160.74,0.0,other_tissue,0,331.64597402538686
100.16999999999996,-472.70000000000005,0.0,other_tissue,0,664.6902345805918
-288.43,-41.35000000000002,0.0,other_tissue,0,628.9598588014669
-119.97000000000003,-86.60000000000002,0.0,other_tissue,0,314.4357258706535
177.02999999999997,-486.01,0.0,CAF,1,403.4803939386413
78.25999999999999,-151.71000000000004,0.0,other_tissue,0,476.398026206583
-115.25999999999999,55.079999999999984,0.0,other_tissue,0,633.8716391158277
108.40999999999997,-438.25,0.0,other_tissue,0,384.0110864879406
-364.65,458.81,0.0,other_tissue,0,667.8998078122762
-15.279999999999973,-89.83000000000004,0.0,other_tissue,0,298.5005097597787
85.21000000000004,-398.4,0.0,CD4_Tcell,1,1140.2883142365201
-244.11,404.2,0.0,epithelial_tumor_class1,1,3513.9006098183677
15.850000000000023,11.660000000000025,0.0,other_tissue,0,1371.6235487786068
389.25,301.5,0.0,other_tissue,0,729.7819768946604
54.289999999999964,-376.15999999999997,0.0,other_tissue,0,171.20794437047346
-490.96,426.25,0.0,epithelial_tumor_class1,1,2939.3514861237163
391.09000000000003,-237.45000000000005,0.0,other_tissue,0,986.75758016925
-259.18,81.60000000000002,0.0,epithelial_tumor_class1,1,8733.46599656964
-161.5,-345.84000000000003,0.0,other_tissue,0,720.0453490489654
-339.19,-76.57000000000005,0.0,other_tissue,0,674.5358761792481
-227.66000000000003,-309.03999999999996,0.0,other_tissue,0,438.567268893075
-278.27,410.4,0.0,other_tissue,0,570.4856788367233
409.1,322.72,0.0,other_tissue,0,826.4270141558708
290.73,-318.03,0.0,other_tissue,0,315.33104345978046
-212.51,-392.84000000000003,0.0,other_tissue,0,238.12858230454765
-79.86000000000001,-118.71000000000004,0.0,other_tissue,0,600.7438467924331
-330.31,33.31,0.0,other_tissue,0,941.2919475357068
36.26999999999998,349.76,0.0,epithelial_tumor_class1,1,2055.4490973346465
-390.26,467.83,0.0,other_tissue,0,625.7348539896195
-403.15999999999997,111.05000000000001,0.0,other_tissue,0,828.6649005118924
158.60000000000002,-291.96000000000004,0.0,other_tissue,0,1371.6235487786068
371.07000000000005,229.11,0.0,other_tissue,0,340.2695426838453
-155.58999999999997,-406.90999999999997,0.0,other_tissue,0,771.6793119072004
495.70000000000005,475.43,0.0,other_tissue,0,244.73794492707003
27.299999999999955,357.78,0.0,other_tissue,0,913.1282010455083
-117.86000000000001,328.19,0.0,other_tissue,0,531.4920925902902
-68.24000000000001,-173.41999999999996,0.0,other_tissue,0,380.66113478531213
203.49,-468.33000000000004,0.0,other_tissue,0,331.87773220989635
325.70000000000005,-140.45000000000005,0.0,other_tissue,0,763.1264191489828
277.53,-218.08000000000004,0.0,other_tissue,0,373.32984990610987
83.63999999999999,13.610000000000014,0.0,other_tissue,0,441.2385811352617
33.16999999999996,-475.0,0.0,other_tissue,0,961.2177655346986
178.61,27.649999999999977,0.0,mesenchymal_tumor_class1,1,612.3520497399005
379.55999999999995,-303.6,0.0,other_tissue,0,1090.2866782861852
418.57000000000005,-477.16999999999996,0.0,other_tissue,0,1042.563904721103
-102.83999999999997,-249.25,0.0,other_tissue,0,1371.6235487786068
-3.6899999999999977,-35.24000000000001,0.0,other_tissue,0,394.2047475790836
-29.25999999999999,143.05,0.0,epithelial_tumor_class1,1,2538.0938237783434
25.379999999999995,-336.32000000000005,0.0,other_tissue,0,652.4821330979179
-438.14,138.39,0.0,other_tissue,0,381.8816634249024
-374.54,257.72,0.0,other_tissue,0,774.2657395299658
-378.51,-180.96000000000004,0.0,other_tissue,0,1371.6235487786068
-162.88,76.11000000000001,0.0,other_tissue,0,585.501378646686
456.03999999999996,-241.02999999999997,0.0,other_tissue,0,320.56874501377763
-43.68000000000001,-288.44000000000005,0.0,other_tissue,0,1371.6235487786068
-62.73000000000002,54.97000000000003,0.0,other_tissue,0,694.4041038749904
105.78999999999996,268.05,0.0,other_tissue,0,989.5402406656879
-334.8,-452.72,0.0,epithelial_tumor_class1,1,3157.8517785355675
350.25,448.28,0.0,other_tissue,0,492.80697880291416
-171.64,469.33,0.0,other_tissue,0,666.0170838156928
-268.97,-70.67999999999995,0.0,other_tissue,0,1298.1511774122193
-131.26,-212.0,0.0,other_tissue,0,640.0113238299863
316.24,-65.97000000000003,0.0,other_tissue,0,838.9036786381012
169.12,-166.71000000000004,0.0,epithelial_tumor_class1,1,1231.9100150910479
249.53999999999996,304.05,0.0,other_tissue,0,407.4675263566945
-132.08999999999997,-174.09000000000003,0.0,other_tissue,0,845.9131386075316
-368.25,442.0,0.0,other_tissue,0,811.6737721909958
-115.25,83.79000000000002,0.0,other_tissue,0,354.5964736265862
-481.85,-394.1,0.0,other_tissue,0,979.084489053496
-311.23,-273.74,0.0,other_tissue,0,405.5567998004454
142.0,416.98,0.0,other_tissue,0,413.061327049337
19.07000000000005,244.46,0.0,epithelial_tumor_class1,1,1915.1162949114268
445.78999999999996,435.48,0.0,other_tissue,0,535.8510845905246
-172.32,-92.73000000000002,0.0,other_tissue,0,850.0724008798554
-428.98,211.7,0.0,other_tissue,0,639.7060948471619
-258.03,193.62,0.0,epithelial_tumor_class1,1,1511.6644243095175
-75.29000000000002,-99.09000000000003,0.0,other_tissue,0,611.4283894057127
202.59000000000003,22.860000000000014,0.0,other_tissue,0,218.66532633631488
-463.81,300.87,0.0,other_tissue,0,720.4922161185847
257.99,-260.73,0.0,other_tissue,0,521.8884731871327
75.48000000000002,249.28,0.0,other_tissue,0,470.12784435761347
35.02999999999997,231.11,0.0,other_tissue,0,1043.2353019630034
-456.79,174.92000000000002,0.0,other_tissue,0,808.8157192491736
287.99,-219.13,0.0,other_tissue,0,661.6745478942316
-103.06,89.61000000000001,0.0,epithelial_tumor_class1,1,1231.9100150910479
-365.6,-471.07000000000005,0.0,other_tissue,0,1371.6235487786068
-136.41000000000003,-393.59000000000003,0.0,other_tissue,0,1371.6235487786068
124.61000000000001,132.2,0.0,other_tissue,0,967.1174448882244
201.12,-167.66999999999996,0.0,other_tissue,0,1371.6235487786068
21.940000000000055,253.61,0.0,other_tissue,0,742.1599214495642
-112.19999999999999,138.07,0.0,other_tissue,0,308.69056901971527
-404.40999999999997,324.31,0.0,other_tissue,0,626.6197433476294
-259.26,419.15,0.0,other_tissue,0,1166.5891563345285
-140.95999999999998,205.7,0.0,other_tissue,0,483.1851222458745
292.19000000000005,411.15999999999997,0.0,other_tissue,0,595.8850853771557
84.66999999999996,308.63,0.0,other_tissue,0,880.3023185078224
-220.02999999999997,-104.42999999999995,0.0,other_tissue,0,1134.8076884272064
-447.12,430.1,0.0,other_tissue,0,578.0029636159917
-452.13,395.93,0.0,other_tissue,0,242.4555957894223
279.9,363.34000000000003,0.0,other_tissue,0,915.7251180538564
41.89999999999998,-146.22000000000003,0.0,other_tissue,0,430.204544076154
-445.22,377.72,0.0,epithelial_tumor_class1,1,3572.570571028384
-19.379999999999995,-246.75,0.0,other_tissue,0,580.7589283818827
-48.35000000000002,295.13,0.0,other_tissue,0,622.9088069904155
-238.39,273.93,0.0,epithelial_tumor_class1,1,4697.833625218536
-347.62,-35.49000000000001,0.0,other_tissue,0,584.4358879440547
485.61,456.42,0.0,other_tissue,0,1345.9740492071608
-74.36000000000001,-78.57000000000005,0.0,other_tissue,0,381.61445018646276
489.42999999999995,-21.24000000000001,0.0,other_tissue,0,522.4999876801483
-401.68,122.27999999999997,0.0,other_tissue,0,852.8962947631345
-163.86,470.06,0.0,other_tissue,0,449.2040886600272
322.42999999999995,-481.22,0.0,other_tissue,0,383.93444351792954
-408.57,-165.13,0.0,other_tissue,0,696.6249096634645
245.85000000000002,-474.96000000000004,0.0,other_tissue,0,693.153426382133
88.75999999999999,83.19,0.0,epithelial_tumor_class1,1,2349.848074227532
-68.69999999999999,-257.45000000000005,0.0,other_tissue,0,989.7563551585057
-463.25,-369.13,0.0,other_tissue,0,832.8744950795052
56.389999999999986,-129.75,0.0,other_tissue,0,1371.6235487786068
-255.74,332.53,0.0,other_tissue,0,381.932575323081
-461.54,289.63,0.0,other_tissue,0,1371.6235487786068
-282.07,339.08000000000004,0.0,epithelial_tumor_class1,1,2459.0693891496567
60.049999999999955,307.93,0.0,other_tissue,0,567.8949816534764
-476.33,314.76,0.0,epithelial_tumor_class1,1,2684.5709505927193
-110.13,-484.55999999999995,0.0,other_tissue,0,1371.6235487786068
462.5,-343.53,0.0,other_tissue,0,903.1284674242796
36.85000000000002,48.129999999999995,0.0,other_tissue,0,742.9331974071616
-406.02,-138.35000000000002,0.0,other_tissue,0,1238.5463757115401
-152.64,-281.32000000000005,0.0,other_tissue,0,869.7066860334779
216.57000000000005,-8.990000000000009,0.0,other_tissue,0,1155.8503813404106
-366.31,-231.15999999999997,0.0,other_tissue,0,432.73114598268774
43.110000000000014,433.24,0.0,other_tissue,0,585.7891137136262
-210.68,426.13,0.0,other_tissue,0,577.4326984101982
-118.22000000000003,-374.59000000000003,0.0,other_tissue,0,978.0834858478744
-305.46000000000004,-319.87,0.0,other_tissue,0,839.8719008632021
136.46000000000004,-446.16999999999996,0.0,other_tissue,0,952.2260696673569
13.450000000000045,47.160000000000025,0.0,other_tissue,0,239.1518962551714
453.57000000000005,-14.470000000000027,0.0,other_tissue,0,1163.1359161898386
-127.80000000000001,-184.39,0.0,other_tissue,0,426.933319421088
-242.92000000000002,-186.82000000000005,0.0,other_tissue,0,1371.6235487786068
-234.32,-423.98,0.0,other_tissue,0,207.47894102803318
315.25,-53.41999999999996,0.0,other_tissue,0,956.092869751856
-95.77999999999997,-340.66999999999996,0.0,other_tissue,0,740.7733364265756
-71.39999999999998,-392.53,0.0,other_tissue,0,1257.7470745807555
-16.389999999999986,-449.25,0.0,other_tissue,0,746.4892264252841
-142.92000000000002,-155.32000000000005,0.0,other_tissue,0,778.3914808197492
-195.74,-323.08000000000004,0.0,other_tissue,0,1002.2964702426532
87.14999999999998,302.23,0.0,other_tissue,0,581.0619447448374
-298.57,403.82,0.0,other_tissue,0,757.9085592146414
151.94000000000005,-275.03,0.0,other_tissue,0,1371.6235487786068
250.28999999999996,160.68,0.0,other_tissue,0,1045.5500987119835
74.28999999999996,308.6,0.0,other_tissue,0,1371.6235487786068
-99.69,-223.62,0.0,other_tissue,0,364.35132042290627
168.01999999999998,-296.95000000000005,0.0,other_tissue,0,362.6763521917441
-495.42,160.73000000000002,0.0,other_tissue,0,605.4904912779689
-376.28,-131.51999999999998,0.0,other_tissue,0,493.00312188258613
95.96000000000004,-69.10000000000002,0.0,epithelial_tumor_class1,1,4830.6452076556725
-112.16000000000003,343.43,0.0,other_tissue,0,587.1783363301281
-371.74,144.68,0.0,epithelial_tumor_class1,1,3091.598456366702
-339.74,-33.870000000000005,0.0,other_tissue,0,1371.6235487786068
-127.70999999999998,367.91999999999996,0.0,other_tissue,0,784.0728487000824
-364.71000000000004,-46.860000000000014,0.0,other_tissue,0,1371.6235487786068
-136.27999999999997,-294.16999999999996,0.0,other_tissue,0,1050.9895965735159
-188.77999999999997,30.589999999999975,0.0,other_tissue,0,1070.682411342226
-252.03,442.38,0.0,other_tissue,0,992.0875865918855
279.89,-340.65999999999997,0.0,other_tissue,0,199.94514933921533
156.48000000000002,-428.65,0.0,other_tissue,0,338.9630634930251
-114.66000000000003,-178.82000000000005,0.0,other_tissue,0,678.056936304347
138.51999999999998,198.07,0.0,other_tissue,0,1131.7588274540194
-229.66000000000003,-286.78999999999996,0.0,other_tissue,0,561.7159193067869
-84.23000000000002,326.5,0.0,other_tissue,0,793.6514749671312
364.4,379.12,0.0,other_tissue,0,1245.783055167305
231.91999999999996,-113.86000000000001,0.0,other_tissue,0,864.2324702407412
-65.70999999999998,-203.30999999999995,0.0,other_tissue,0,205.21610711051304
-488.87,-385.92999999999995,0.0,other_tissue,0,948.416390838412
-266.39,227.77999999999997,0.0,other_tissue,0,309.5528223884796
-298.3,-115.80999999999995,0.0,other_tissue,0,622.4680072660138
24.659999999999968,49.910000000000025,0.0,other_tissue,0,1037.450873086171
244.75,427.42,0.0,other_tissue,0,347.49729669768107
185.83000000000004,-478.0,0.0,other_tissue,0,1049.4656389950005
-489.38,-97.49000000000001,0.0,other_tissue,0,1371.6235487786068
-461.72,70.37,0.0,other_tissue,0,639.0062303730255
-238.64999999999998,-457.30999999999995,0.0,apCAF,1,615.8809442573835
-236.51999999999998,-413.61,0.0,other_tissue,0,1235.871190033128
308.64,-277.1,0.0,other_tissue,0,1371.6235487786068
380.76,-240.91999999999996,0.0,other_tissue,0,1371.6235487786068
221.22000000000003,158.58999999999997,0.0,other_tissue,0,1322.7340946880229
66.08000000000004,-127.44000000000005,0.0,other_tissue,0,255.93564682943665
-477.72,29.350000000000023,0.0,epithelial_tumor_class1,1,2374.895525985363
-303.23,-285.41999999999996,0.0,other_tissue,0,546.497037092656
-261.65,-189.11,0.0,other_tissue,0,1000.6748143776387
469.80999999999995,452.09000000000003,0.0,other_tissue,0,273.7212253736748
50.49000000000001,-162.39999999999998,0.0,other_tissue,0,762.3593700710745
-56.76999999999998,-245.74,0.0,other_tissue,0,430.2321039183868
-119.86000000000001,350.90999999999997,0.0,other_tissue,0,679.4388834568847
-169.43,400.63,0.0,other_tissue,0,1371.6235487786068
-425.4,80.24000000000001,0.0,other_tissue,0,679.9435745717493
66.75,-318.72,0.0,other_tissue,0,267.05846411374876
65.72000000000003,3.0400000000000205,0.0,other_tissue,0,1371.6235487786068
134.53999999999996,-402.37,0.0,other_tissue,0,783.1890969485876
-493.767,284.73,0.0,epithelial_tumor_class1,1,2190.6669599258125
285.42999999999995,-279.6,0.0,other_tissue,0,1280.5638037517926
-351.86,-374.96000000000004,0.0,other_tissue,0,992.8574548649929
-393.06,-63.039999999999964,0.0,other_tissue,0,1147.057888042087
127.20000000000005,-402.27,0.0,other_tissue,0,444.70916002590405
-86.33999999999997,-252.86,0.0,other_tissue,0,890.6702523663453
151.88,362.6,0.0,epithelial_tumor_class1,1,3825.183523931589
-417.38,-478.08000000000004,0.0,apCAF,1,469.58713162724985
-478.51,-479.75,0.0,other_tissue,0,678.7850260141076
215.80999999999995,-0.8799999999999955,0.0,other_tissue,0,425.1398677808515
157.89,-174.08000000000004,0.0,other_tissue,0,430.0116581345251
242.13,-37.389999999999986,0.0,other_tissue,0,957.478080376996
-263.39,147.5,0.0,other_tissue,0,1296.0805319139913
141.79999999999995,-254.84000000000003,0.0,other_tissue,0,543.8667556804891
-302.53,-124.16999999999996,0.0,other_tissue,0,439.81067097613294
-194.35000000000002,-181.61,0.0,other_tissue,0,1130.551310135501
131.88,-9.170000000000016,0.0,other_tissue,0,943.7791029207164
46.5,-473.99,0.0,other_tissue,0,821.5178541946991
417.15,-492.4,0.0,other_tissue,0,505.38862003695806
-131.45,-287.24,0.0,other_tissue,0,1016.7013280180954
-218.26999999999998,-177.49,0.0,other_tissue,0,473.52772296053513
-71.02999999999997,-325.32000000000005,0.0,other_tissue,0,771.1911861983486
199.94000000000005,104.37,0.0,other_tissue,0,602.5360134414451
261.98,-248.83000000000004,0.0,other_tissue,0,1357.6212971595817
-193.39999999999998,-399.28,0.0,other_tissue,0,1371.6235487786068
236.88,-395.28,0.0,other_tissue,0,586.8054027199099
-439.64,-107.28999999999996,0.0,other_tissue,0,359.1463223544705
234.48000000000002,-263.73,0.0,other_tissue,0,632.9621084442156
296.17999999999995,-476.58000000000004,0.0,other_tissue,0,304.2173406121763
249.87,-21.99000000000001,0.0,other_tissue,0,1371.6235487786068
493.6,-266.04999999999995,0.0,other_tissue,0,662.133665744548
-470.98,207.27999999999997,0.0,other_tissue,0,259.2049954700466
-263.26,-62.210000000000036,0.0,epithelial_tumor_class1,1,1816.2971918394649
-489.99,253.54,0.0,other_tissue,0,726.9632560978773
-188.35000000000002,-277.96000000000004,0.0,other_tissue,0,950.8225497042287
386.38,418.43,0.0,other_tissue,0,290.81317300509875
390.36,-307.90999999999997,0.0,other_tissue,0,437.20084295684086
-216.01999999999998,191.38,0.0,other_tissue,0,952.2260696673569
-405.65999999999997,-467.09000000000003,0.0,other_tissue,0,763.9141885507497
-475.61,-291.08000000000004,0.0,other_tissue,0,1104.4352678945245
-42.920000000000016,481.63,0.0,other_tissue,0,795.1655224784735
-319.90999999999997,-405.72,0.0,epithelial_tumor_class1,1,1623.658078174458
243.34000000000003,-335.54999999999995,0.0,other_tissue,0,456.59069725812697
-375.65999999999997,-102.75,0.0,other_tissue,0,1371.6235487786068
439.65999999999997,-134.85000000000002,0.0,other_tissue,0,1371.6235487786068
-268.97,0.8299999999999841,0.0,epithelial_tumor_class1,1,2245.5678556047237
104.55999999999995,-391.9,0.0,other_tissue,0,178.14358974610678
405.79999999999995,-307.33000000000004,0.0,other_tissue,0,554.797829240524
-64.19999999999999,17.230000000000018,0.0,other_tissue,0,1371.6235487786068
173.69000000000005,-85.07000000000005,0.0,epithelial_tumor_class1,1,1231.9100150910479
-112.85000000000002,433.46,0.0,epithelial_tumor_class1,1,3628.120604305938
50.66999999999996,323.53,0.0,other_tissue,0,363.56245914567387
-467.07,237.85000000000002,0.0,other_tissue,0,1128.1126493135232
-12.410000000000025,49.44999999999999,0.0,other_tissue,0,643.9520771664448
-342.38,263.15999999999997,0.0,other_tissue,0,637.8409242456603
-51.64999999999998,-266.33000000000004,0.0,other_tissue,0,546.2061609467434
199.74,-176.21000000000004,0.0,other_tissue,0,952.2260696673569
151.49,68.44,0.0,other_tissue,0,1371.6235487786068
-271.94,-201.45000000000005,0.0,other_tissue,0,1279.3950940929692
243.12,150.51999999999998,0.0,other_tissue,0,1371.6235487786068
-445.44,123.23000000000002,0.0,other_tissue,0,295.5833068952971
98.25,-255.71000000000004,0.0,other_tissue,0,1243.9922259771572
-259.33000000000004,-275.77,0.0,other_tissue,0,835.9176475070124
139.61,-467.77,0.0,other_tissue,0,427.9898355235903
-214.88,-400.01,0.0,other_tissue,0,706.3414778006978
24.480000000000018,27.560000000000002,0.0,other_tissue,0,323.92147200527586
-446.5,-119.98000000000002,0.0,epithelial_tumor_class1,1,2062.6891138513347
-468.15,420.55,0.0,other_tissue,0,619.9857902112085
-67.44,-435.08000000000004,0.0,other_tissue,0,550.304066904163
-341.51,-177.59000000000003,0.0,other_tissue,0,1371.6235487786068
-128.31,-202.62,0.0,other_tissue,0,369.8554863737006
470.44000000000005,407.58,0.0,other_tissue,0,936.4233256729844
-98.94,146.33999999999997,0.0,epithelial_tumor_class1,1,5399.1887589736225
-395.73,-200.11,0.0,other_tissue,0,447.24975763804696
113.59000000000003,279.78,0.0,other_tissue,0,1356.1395122886718
-53.51999999999998,470.73,0.0,other_tissue,0,1371.6235487786068
368.23,415.52,0.0,other_tissue,0,783.2096417689465
152.21000000000004,-300.37,0.0,other_tissue,0,1371.6235487786068
-443.97,-59.389999999999986,0.0,other_tissue,0,1064.0910507791957
-194.18,441.68,0.0,other_tissue,0,757.3860761791215
295.4,-266.19000000000005,0.0,other_tissue,0,654.1023843028929
-292.21000000000004,93.51999999999998,0.0,other_tissue,0,311.6376698009919
237.39,4.259999999999991,0.0,other_tissue,0,510.9471986099041
462.4,336.8,0.0,other_tissue,0,699.0599272192742
-258.16999999999996,-324.85,0.0,other_tissue,0,832.5534672943094
255.66999999999996,266.90999999999997,0.0,other_tissue,0,961.1706651027389
-11.220000000000027,345.32,0.0,other_tissue,0,437.35407568676817
195.76999999999998,490.156,0.0,other_tissue,0,185.54709332449806
-395.88,152.39999999999998,0.0,other_tissue,0,410.6653908412812
-13.019999999999982,13.699999999999989,0.0,other_tissue,0,1246.2310308503486
-177.73000000000002,-29.730000000000018,0.0,other_tissue,0,1371.6235487786068
-210.32,380.6,0.0,other_tissue,0,679.4949479104288
268.12,426.4,0.0,other_tissue,0,461.72832006292475
-377.95,364.63,0.0,other_tissue,0,317.02558369184123
66.16999999999996,-178.08000000000004,0.0,other_tissue,0,752.0144690420206
432.12,0.5799999999999841,0.0,other_tissue,0,785.7805747313406
-325.28999999999996,-204.17999999999995,0.0,other_tissue,0,1021.2555059545672
299.82000000000005,-368.37,0.0,other_tissue,0,192.17694948127266
-197.26,-27.279999999999973,0.0,other_tissue,0,639.6881432239037
-364.34000000000003,-154.74,0.0,other_tissue,0,793.6722023496051
288.55999999999995,459.85,0.0,other_tissue,0,827.1512214004817
-122.70999999999998,443.61,0.0,epithelial_tumor_class1,1,3285.5368781128745
311.01,-326.17999999999995,0.0,other_tissue,0,306.4540089170902
-15.180000000000007,-21.190000000000055,0.0,other_tissue,0,862.588123248137
-452.21,185.45,0.0,other_tissue,0,481.5491909174563
-336.16999999999996,-121.01999999999998,0.0,other_tissue,0,352.7583753271714
-332.90999999999997,-173.84000000000003,0.0,other_tissue,0,245.83702324437164
81.07000000000005,-434.86,0.0,other_tissue,0,626.371890291467
452.27,-106.72000000000003,0.0,other_tissue,0,929.2900656607603
10.550000000000011,331.55,0.0,other_tissue,0,1289.595310865677
279.96000000000004,-192.54999999999995,0.0,other_tissue,0,639.1318094667708
-338.65999999999997,480.09,0.0,other_tissue,0,523.5516531221976
34.27999999999997,-160.69000000000005,0.0,other_tissue,0,840.1517481357646
113.55999999999995,231.79000000000002,0.0,other_tissue,0,456.8918500686278
-60.43000000000001,-312.89,0.0,other_tissue,0,352.81873781426265
-168.57,-165.74,0.0,other_tissue,0,1119.305162335681
-479.28,357.82,0.0,other_tissue,0,643.5554735579042
206.22000000000003,428.23,0.0,other_tissue,0,528.1673081131629
-303.41999999999996,-270.54999999999995,0.0,apCAF,1,539.9451956971151
200.85000000000002,-296.35,0.0,other_tissue,0,488.3250287393999
45.52999999999997,405.40999999999997,0.0,other_tissue,0,1333.2509473117805
180.35000000000002,-363.76,0.0,other_tissue,0,721.6588264771948
157.09000000000003,27.339999999999975,0.0,other_tissue,0,1371.6235487786068
-122.30000000000001,-250.80999999999995,0.0,other_tissue,0,687.4497839933663
-113.13999999999999,202.22000000000003,0.0,other_tissue,0,590.7290893091645
-312.23,409.44,0.0,other_tissue,0,465.0586009133484
-488.06,109.48000000000002,0.0,other_tissue,0,643.9520771664448
326.05999999999995,-398.49,0.0,other_tissue,0,636.3549786208839
255.63,-376.15999999999997,0.0,other_tissue,0,541.8393254868841
-454.14,204.04000000000002,0.0,other_tissue,0,372.56563436096116
293.99,81.33999999999997,0.0,epithelial_tumor_class1,1,5074.185435847083
80.77999999999997,-327.78999999999996,0.0,other_tissue,0,544.4469489346483
66.63,-81.94000000000005,0.0,other_tissue,0,404.4053022432384
118.88999999999999,229.56,0.0,other_tissue,0,654.0112879215696
-38.0,418.8,0.0,other_tissue,0,590.6269547810833
-294.87,-431.22,0.0,other_tissue,0,523.6301921531574
210.53999999999996,-196.62,0.0,other_tissue,0,700.2986290051437
459.44000000000005,-155.66999999999996,0.0,epithelial_tumor_class1,1,2549.2228341562104
-129.81,-140.61,0.0,other_tissue,0,761.1291295304335
228.85000000000002,-485.36,0.0,other_tissue,0,693.0019312343842
-424.40999999999997,56.01999999999998,0.0,other_tissue,0,522.4529311534121
-279.91999999999996,-207.42999999999995,0.0,other_tissue,0,506.72451594186253
-18.94999999999999,-238.19000000000005,0.0,other_tissue,0,842.4574683161238
393.94000000000005,-179.82000000000005,0.0,epithelial_tumor_class1,1,1561.731883929472
-311.19,-337.95000000000005,0.0,other_tissue,0,1033.7136082299412
271.25,-276.84000000000003,0.0,other_tissue,0,1083.7170613821993
-171.3,-214.75,0.0,other_tissue,0,986.374174819244
337.49,116.45999999999998,0.0,other_tissue,0,832.0186043206196
-25.439999999999998,-242.19000000000005,0.0,other_tissue,0,429.17189940329035
-3.0600000000000023,-52.14999999999998,0.0,other_tissue,0,475.7640935109312
-472.74,58.19,0.0,other_tissue,0,1153.2425007231775
-159.0,-382.11,0.0,other_tissue,0,476.29478951041517
-322.35,168.0,0.0,other_tissue,0,468.36110699670263
226.08000000000004,117.93,0.0,CAF,1,911.5815031031104
-214.14999999999998,-243.39,0.0,other_tissue,0,657.058486135824
305.49,-51.10000000000002,0.0,other_tissue,0,983.0714251980118
229.17999999999995,-270.03,0.0,other_tissue,0,472.558853567415
486.91999999999996,-343.37,0.0,other_tissue,0,513.6408973798535
218.54999999999995,16.910000000000025,0.0,other_tissue,0,987.0212289719557
-73.81,-48.710000000000036,0.0,epithelial_tumor_class1,1,10128.694822980333
-494.447,73.47000000000003,0.0,other_tissue,0,762.3391915131693
148.45000000000005,42.5,0.0,other_tissue,0,309.1325499370325
-285.45,-307.51,0.0,other_tissue,0,890.2897834639535
273.75,489.89,0.0,other_tissue,0,387.0209656241041
-224.5,-346.28,0.0,other_tissue,0,1235.6762752369334
71.61000000000001,-454.61,0.0,other_tissue,0,390.40807217567783
181.63,390.22,0.0,other_tissue,0,216.78386161177897
14.200000000000045,-227.39,0.0,other_tissue,0,1151.6743434598604
-11.420000000000016,-493.28,0.0,other_tissue,0,412.44472434379196
-421.76,487.19,0.0,other_tissue,0,510.14401694543335
-455.83,26.74000000000001,0.0,other_tissue,0,347.2702680054167
-410.06,275.34000000000003,0.0,other_tissue,0,1095.905819956632
97.61000000000001,206.26,0.0,other_tissue,0,179.9640847222161
209.74,344.39,0.0,other_tissue,0,297.475699538765
370.42999999999995,174.98000000000002,0.0,other_tissue,0,555.336758556695
124.42999999999995,445.84000000000003,0.0,other_tissue,0,461.09304004441316
332.38,195.07,0.0,other_tissue,0,756.5224966745142
-136.04000000000002,4.949999999999989,0.0,other_tissue,0,704.5211591251531
-134.83999999999997,347.83000000000004,0.0,other_tissue,0,637.3751987656677
-14.339999999999975,-179.24,0.0,other_tissue,0,298.17663162487065
-4.220000000000027,258.31,0.0,other_tissue,0,821.242160459521
264.24,-41.049999999999955,0.0,other_tissue,0,1371.6235487786068
431.28999999999996,-228.16999999999996,0.0,other_tissue,0,828.2809762886482
153.01,-354.16999999999996,0.0,other_tissue,0,1371.6235487786068
76.61000000000001,-426.52,0.0,CD4_Tcell,1,1085.0441867221605
142.17999999999995,182.74,0.0,other_tissue,0,419.74899478735233
-358.4,-450.61,0.0,epithelial_tumor_class1,1,9412.361396580298
433.75,187.49,0.0,other_tissue,0,1052.164799150893
243.25,-363.28999999999996,0.0,other_tissue,0,176.0010709516134
-360.78999999999996,352.85,0.0,other_tissue,0,1371.6235487786068
-347.12,482.11,0.0,other_tissue,0,475.0718338863851
-488.83,232.20999999999998,0.0,other_tissue,0,898.2348784796444
240.07000000000005,-413.53,0.0,CAF,1,697.7656188638704
-7.930000000000007,455.98,0.0,other_tissue,0,257.87042421518646
206.94000000000005,3.579999999999984,0.0,other_tissue,0,682.8832125583368
-7.560000000000002,490.172,0.0,other_tissue,0,208.9910236816042
135.90999999999997,-425.1,0.0,other_tissue,0,396.5884925481807
-94.57,-318.19000000000005,0.0,other_tissue,0,1137.0715819782888
-399.3,-50.48000000000002,0.0,other_tissue,0,805.922502014946
-155.95,149.60000000000002,0.0,other_tissue,0,401.60848553831426
166.62,-43.52999999999997,0.0,CD4_Tcell,1,743.5482356739502
-173.88,-299.21000000000004,0.0,other_tissue,0,561.5184063366376
179.26999999999998,431.96,0.0,other_tissue,0,282.77950075879954
286.51,-345.14,0.0,other_tissue,0,283.34240491070057
-329.31,195.89999999999998,0.0,other_tissue,0,879.1257308016944
-96.48000000000002,-22.909999999999968,0.0,epithelial_tumor_class1,1,6580.6303178737635
-468.27,42.26999999999998,0.0,epithelial_tumor_class1,1,3203.8209159727817
-329.72,-488.49,0.0,other_tissue,0,1371.6235487786068
-306.55,-30.83000000000004,0.0,other_tissue,0,808.2700918364045
-428.68,104.07,0.0,other_tissue,0,466.1480141639699
184.41999999999996,452.33,0.0,other_tissue,0,210.50187861219158
473.92999999999995,457.5,0.0,other_tissue,0,214.45374496644672
-44.85000000000002,240.74,0.0,epithelial_tumor_class1,1,2786.915996052635
-431.65999999999997,-492.96000000000004,0.0,other_tissue,0,333.34029199142697
43.710000000000036,315.11,0.0,other_tissue,0,373.8942848074461
-95.73000000000002,60.94999999999999,0.0,other_tissue,0,315.9251263170614
218.41999999999996,-436.0,0.0,CD4_Tcell,1,358.71889325320376
15.720000000000027,-201.84000000000003,0.0,other_tissue,0,889.8870521524602
-308.76,-351.01,0.0,other_tissue,0,1371.6235487786068
-465.82,150.83999999999997,0.0,other_tissue,0,536.5213505322139
-343.9,-193.0,0.0,other_tissue,0,446.09117769597833
-191.41000000000003,403.48,0.0,other_tissue,0,483.05113436264594
10.420000000000016,-464.95000000000005,0.0,CD4_Tcell,1,531.9047006418461
297.54999999999995,-379.69000000000005,0.0,other_tissue,0,812.1998810591086
-240.01999999999998,-126.29999999999995,0.0,epithelial_tumor_class1,1,2876.543819885086
-172.57,413.01,0.0,other_tissue,0,1371.6235487786068
-274.31,-420.76,0.0,other_tissue,0,312.1269608326925
144.12,-295.67999999999995,0.0,other_tissue,0,1110.1806490135548
-214.16000000000003,386.31,0.0,other_tissue,0,1006.5404007977953
-239.07,387.98,0.0,epithelial_tumor_class1,1,2765.423042908776
-180.14999999999998,168.43,0.0,other_tissue,0,429.4608731515371
-474.5,299.6,0.0,epithelial_tumor_class1,1,5454.369974780916
-396.99,-472.78999999999996,0.0,other_tissue,0,763.8333667502613
89.63999999999999,-32.52999999999997,0.0,epithelial_tumor_class1,1,3822.9957225730086
34.10000000000002,-396.4,0.0,other_tissue,0,269.5429157732726
-74.67000000000002,123.88999999999999,0.0,epithelial_tumor_class1,1,1683.0226806443989
-333.45,-195.25,0.0,other_tissue,0,650.8282405290543
109.79999999999995,-319.66999999999996,0.0,other_tissue,0,846.6919644963476
235.14999999999998,-34.889999999999986,0.0,other_tissue,0,1371.6235487786068
187.80999999999995,-155.24,0.0,other_tissue,0,892.2604412902468
-327.08000000000004,-383.40999999999997,0.0,epithelial_tumor_class1_class2,1,1919.1463628885215
-50.579999999999984,87.74000000000001,0.0,other_tissue,0,550.0767714011655
-308.12,-115.39999999999998,0.0,other_tissue,0,481.84635789240457
176.71000000000004,-403.92999999999995,0.0,other_tissue,0,464.2172861599666
379.04999999999995,-156.76999999999998,0.0,epithelial_tumor_class1,1,4198.662551456665
-327.15,-478.82000000000005,0.0,other_tissue,0,570.1863509637682
310.24,183.74,0.0,other_tissue,0,752.7545553986508
-395.57,357.05,0.0,other_tissue,0,1051.5645863100085
372.85,-432.12,0.0,other_tissue,0,288.5055348129213
-237.43,352.15999999999997,0.0,other_tissue,0,1371.6235487786068
394.12,419.29,0.0,CAF,1,576.6617603299371
-88.82,174.04000000000002,0.0,other_tissue,0,439.05596726619444
225.61,467.49,0.0,other_tissue,0,430.7421733282272
-382.06,-173.35000000000002,0.0,other_tissue,0,345.79103512741915
-388.15,-194.23000000000002,0.0,other_tissue,0,700.9280680184858
-494.245,124.16000000000003,0.0,other_tissue,0,469.92320156443066
210.87,-227.47000000000003,0.0,other_tissue,0,336.14968487316355
330.11,-336.51,0.0,other_tissue,0,541.9839745511514
229.37,292.46000000000004,0.0,other_tissue,0,548.9574436246638
334.34000000000003,184.19,0.0,other_tissue,0,661.1422371306508
440.01,436.36,0.0,other_tissue,0,422.28896986311327
471.76,164.70999999999998,0.0,other_tissue,0,1136.7555092679434
410.27,-468.6,0.0,other_tissue,0,395.4670693898429
23.730000000000018,-279.34000000000003,0.0,other_tissue,0,816.5225516856489
7.860000000000014,-78.50999999999999,0.0,CAF,1,370.0299367097301
441.76,-106.09000000000003,0.0,other_tissue,0,1371.6235487786068
-2.430000000000007,138.33999999999997,0.0,other_tissue,0,378.84788208222267
-294.0,-313.08000000000004,0.0,other_tissue,0,895.4240316092485
178.72000000000003,-318.62,0.0,other_tissue,0,899.0229683636201
-200.81,60.370000000000005,0.0,epithelial_tumor_class1,1,10128.694822980333
474.88,144.82999999999998,0.0,other_tissue,0,908.4253066164168
-291.49,337.3,0.0,epithelial_tumor_class1,1,3111.8090639572156
-107.73000000000002,54.579999999999984,0.0,other_tissue,0,909.5597887226367
403.38,-346.59000000000003,0.0,other_tissue,0,960.9822787612891
-429.4,-457.19000000000005,0.0,other_tissue,0,590.6950431583073
-404.27,-300.15,0.0,epithelial_tumor_class1,1,9635.39722808795
-194.26999999999998,-336.01,0.0,other_tissue,0,724.5613540525568
-249.61,94.67000000000002,0.0,epithelial_tumor_class1,1,10128.694822980333
156.12,-381.72,0.0,other_tissue,0,372.86618476186436
-0.7400000000000091,29.24000000000001,0.0,other_tissue,0,415.3319478312842
-421.28,323.39,0.0,other_tissue,0,494.72537558825474
-158.47000000000003,-470.13,0.0,other_tissue,0,940.5953994170064
414.23,-183.75,0.0,other_tissue,0,1186.6389812219122
-19.20999999999998,-311.99,0.0,other_tissue,0,557.5287241503097
-240.60000000000002,-380.32000000000005,0.0,other_tissue,0,501.7766379216068
125.75,258.61,0.0,other_tissue,0,917.4134687038611
-440.82,-388.75,0.0,other_tissue,0,827.492171156406
223.79999999999995,-404.51,0.0,CAF,1,1497.2259507927456
432.89,-492.39,0.0,other_tissue,0,233.46809339820373
94.88,325.87,0.0,other_tissue,0,1371.6235487786068
-58.410000000000025,100.43,0.0,other_tissue,0,819.5469412121307
471.73,-116.09000000000003,0.0,other_tissue,0,592.2284154184237
478.28999999999996,165.2,0.0,other_tissue,0,709.6451852507752
-51.379999999999995,41.139999999999986,0.0,other_tissue,0,567.1159914573985
-259.25,241.74,0.0,other_tissue,0,936.8168262331479
24.860000000000014,-81.09000000000003,0.0,other_tissue,0,985.7992530298582
-47.48000000000002,107.81,0.0,other_tissue,0,300.0042060979559
18.059999999999945,-424.16999999999996,0.0,other_tissue,0,278.74651976901777
-83.17000000000002,-286.52,0.0,other_tissue,0,404.2863063617386
-445.32,-15.299999999999955,0.0,other_tissue,0,343.698699923665
-386.84000000000003,125.12,0.0,epithelial_tumor_class1,1,2325.401742178009
-340.21000000000004,-145.63,0.0,other_tissue,0,293.11174428099537
-129.88,218.92000000000002,0.0,other_tissue,0,570.5854780689019
89.23000000000002,-231.55999999999995,0.0,other_tissue,0,472.6762218284679
-422.62,-447.05999999999995,0.0,epithelial_tumor_class1,1,3187.5582518170786
-273.41999999999996,492.691,0.0,other_tissue,0,499.6116418984996
-373.44,-227.16999999999996,0.0,CD4_Tcell,1,340.6114273112333
241.38,-268.73,0.0,other_tissue,0,829.3904143662037
-351.98,-367.74,0.0,other_tissue,0,1118.106521117097
-177.31,422.78,0.0,other_tissue,0,1014.8199659921512
-81.51999999999998,-142.75,0.0,other_tissue,0,765.8961040078558
-457.87,189.95999999999998,0.0,other_tissue,0,537.7995933654837
478.02,92.12,0.0,other_tissue,0,298.30615475084784
8.089999999999975,-144.29999999999995,0.0,other_tissue,0,471.1812315284864
262.08000000000004,404.62,0.0,other_tissue,0,259.62791156115543
-380.43,-66.67999999999995,0.0,other_tissue,0,336.74622020069626
472.52,-324.75,0.0,mesenchymal_tumor_class1,1,1630.1133691044258
245.96000000000004,-216.27999999999997,0.0,other_tissue,0,317.83570936762106
369.62,-392.02,0.0,other_tissue,0,722.0090549860341
105.63999999999999,-416.87,0.0,other_tissue,0,492.79189302892894
234.14,260.37,0.0,other_tissue,0,891.1851769234645
-246.86,-480.4,0.0,other_tissue,0,1371.6235487786068
60.32000000000005,445.33,0.0,other_tissue,0,603.2953095084284
247.78999999999996,-157.94000000000005,0.0,other_tissue,0,752.0944549811186
-363.53999999999996,468.23,0.0,other_tissue,0,354.1484552789253
142.70000000000005,-228.04999999999995,0.0,other_tissue,0,1093.0040408302636
195.34000000000003,-359.01,0.0,other_tissue,0,443.09104819497975
123.85000000000002,-116.05999999999995,0.0,other_tissue,0,1210.099556072834
-379.4,-57.120000000000005,0.0,other_tissue,0,387.20077226882836
229.71000000000004,-46.870000000000005,0.0,other_tissue,0,962.9379845452225
264.46000000000004,-364.76,0.0,other_tissue,0,396.6929186266285
200.44000000000005,-384.36,0.0,other_tissue,0,818.0655394203579
-410.24,-45.559999999999945,0.0,epithelial_tumor_class1,1,2144.7812242704904
-296.19,266.31,0.0,other_tissue,0,316.00364582876983
452.95000000000005,-401.92999999999995,0.0,epithelial_tumor_class1_class2,1,2543.8119730849785
-334.94,184.89,0.0,other_tissue,0,954.6855518119685
-93.32999999999998,487.18,0.0,epithelial_tumor_class1,1,3496.9382124435874
-451.54,-361.15,0.0,other_tissue,0,1187.5335689023655
163.14,235.52999999999997,0.0,other_tissue,0,1106.089555407073
476.15999999999997,-264.11,0.0,other_tissue,0,342.52547908372264
-19.430000000000007,51.420000000000016,0.0,other_tissue,0,580.2709569678243
130.86,191.64999999999998,0.0,other_tissue,0,476.2063127852761
340.17999999999995,-252.58000000000004,0.0,CD4_Tcell,1,401.1348389577711
363.33000000000004,-259.54999999999995,0.0,other_tissue,0,1371.6235487786068
133.24,-360.42999999999995,0.0,other_tissue,0,571.1678722380665
437.35,-124.36000000000001,0.0,other_tissue,0,964.070205134614
-480.19,-448.61,0.0,other_tissue,0,580.3382471126499
135.59000000000003,-410.21000000000004,0.0,other_tissue,0,490.096496315726
-323.03,4.029999999999973,0.0,other_tissue,0,551.5553114617602
-90.04000000000002,332.27,0.0,other_tissue,0,265.42731752587184
-476.79,-457.28999999999996,0.0,other_tissue,0,920.7735077244555
-243.43,484.25,0.0,other_tissue,0,1371.6235487786068
-125.42000000000002,-167.11,0.0,other_tissue,0,709.9145441187803
-407.04,-205.14,0.0,other_tissue,0,1028.1122409684876
-248.36,-293.36,0.0,other_tissue,0,219.376970627943
156.59000000000003,-241.14999999999998,0.0,epithelial_tumor_class1,1,1331.6698786265515
-451.93,-454.94000000000005,0.0,other_tissue,0,649.0140019152615
-247.6,-54.700000000000045,0.0,epithelial_tumor_class1,1,1231.9100150910479
170.52999999999997,4.199999999999989,0.0,other_tissue,0,289.57314620678676
-393.68,-54.32000000000005,0.0,other_tissue,0,620.0209527446739
-251.49,467.05,0.0,other_tissue,0,1162.9219864651238
254.97000000000003,-252.85000000000002,0.0,other_tissue,0,364.06769218241953
-351.81,-172.22000000000003,0.0,other_tissue,0,517.3562722293675
-298.3,-38.460000000000036,0.0,other_tissue,0,721.9117579254809
207.34000000000003,-189.27999999999997,0.0,other_tissue,0,263.5542590455862
310.44000000000005,96.99000000000001,0.0,other_tissue,0,1371.6235487786068
206.19000000000005,486.22,0.0,other_tissue,0,513.6564057049713
-346.41999999999996,356.59000000000003,0.0,other_tissue,0,1344.1178721955694
24.610000000000014,21.25999999999999,0.0,other_tissue,0,351.1191549721951
369.42999999999995,-293.64,0.0,other_tissue,0,362.52880782543804
274.90999999999997,-448.15999999999997,0.0,other_tissue,0,477.65280526290655
-372.46,-142.75,0.0,other_tissue,0,763.7121447384833
6.509999999999991,-24.17999999999995,0.0,other_tissue,0,424.702537360957
174.26999999999998,-159.59000000000003,0.0,other_tissue,0,859.2182718074365
141.49,-305.35,0.0,other_tissue,0,491.2848698652196
355.34000000000003,-176.29999999999995,0.0,epithelial_tumor_class1,1,1641.9644199657607
-465.89,-88.97000000000003,0.0,other_tissue,0,1371.6235487786068
-263.64,301.82,0.0,epithelial_tumor_class1,1,2550.215656893439
-96.38999999999999,-66.02999999999997,0.0,other_tissue,0,421.54085777336917
-12.259999999999991,297.98,0.0,other_tissue,0,1083.8191095061836
-218.05,180.69,0.0,other_tissue,0,371.1776894868474
-386.74,-42.629999999999995,0.0,other_tissue,0,275.1814954607605
-130.48000000000002,93.97000000000003,0.0,other_tissue,0,557.9546979438038
115.5,-256.89,0.0,epithelial_tumor_class1,1,1511.9510802961706
139.15999999999997,320.90999999999997,0.0,other_tissue,0,1241.9516576024032
424.66999999999996,-429.20000000000005,0.0,other_tissue,0,647.9632900077916
16.200000000000045,-473.78999999999996,0.0,CD4_Tcell,1,965.6993265848257
-81.49000000000001,315.14,0.0,other_tissue,0,444.51196225098755
-220.94,-317.69000000000005,0.0,other_tissue,0,392.45238290288734
-383.82,-230.77999999999997,0.0,other_tissue,0,706.9169660129436
43.47000000000003,64.23000000000002,0.0,other_tissue,0,582.6629440125499
131.76999999999998,-438.16999999999996,0.0,CAF,1,1147.6939057088052
93.67999999999995,-361.48,0.0,other_tissue,0,790.3397397339439
-405.13,-69.33000000000004,0.0,other_tissue,0,524.730563449839
-442.15999999999997,107.10000000000002,0.0,other_tissue,0,1371.6235487786068
-420.9,-314.01,0.0,epithelial_tumor_class1,1,1475.5528449793376
-252.9,122.44,0.0,other_tissue,0,485.7356018108126
-53.76999999999998,-17.08000000000004,0.0,other_tissue,0,337.0974527866532
-411.93,-485.70000000000005,0.0,other_tissue,0,709.5874743591603
33.16999999999996,-211.30999999999995,0.0,other_tissue,0,1229.4220675554504
-32.27999999999997,-452.30999999999995,0.0,other_tissue,0,1082.365528412581
90.62,-472.37,0.0,other_tissue,0,1054.492781138162
-8.170000000000016,423.02,0.0,other_tissue,0,1109.1180685874554
-359.62,223.06,0.0,CD4_Tcell,1,378.60739464838616
224.51,104.47000000000003,0.0,other_tissue,0,1118.70573470236
44.15999999999997,261.51,0.0,other_tissue,0,667.6227144016696
68.25999999999999,-431.53999999999996,0.0,other_tissue,0,319.0421938529477
-402.7,-287.20000000000005,0.0,epithelial_tumor_class1,1,2706.3947205230897
127.75999999999999,81.01999999999998,0.0,epithelial_tumor_class1,1,1328.131653076875
391.11,-447.82000000000005,0.0,other_tissue,0,1371.6235487786068
-14.149999999999977,-345.73,0.0,other_tissue,0,226.14743086637762
-18.25999999999999,87.75,0.0,other_tissue,0,697.3852442106197
-228.82999999999998,370.83000000000004,0.0,other_tissue,0,329.9689531040325
68.62,-118.61000000000001,0.0,other_tissue,0,490.60771303997393
-8.5,177.74,0.0,epithelial_tumor_class1,1,2761.6136803058407
-318.85,-251.37,0.0,other_tissue,0,468.1278207116019
191.45000000000005,349.99,0.0,other_tissue,0,821.7299682794239
-356.12,-464.21000000000004,0.0,epithelial_tumor_class1,1,4172.788501777324
72.59000000000003,-312.37,0.0,other_tissue,0,1035.8162604219083
36.35000000000002,-166.98000000000002,0.0,other_tissue,0,451.61941386732974
-436.33,130.79000000000002,0.0,other_tissue,0,769.301643341127
-415.9,140.32,0.0,other_tissue,0,316.84574291119515
-75.10000000000002,420.71,0.0,epithelial_tumor_class1,1,3299.9329454729805
-250.71,-318.78,0.0,other_tissue,0,410.4650358577395
210.54999999999995,-432.85,0.0,other_tissue,0,246.66348789273505
152.51,116.02999999999997,0.0,epithelial_tumor_class1,1,2329.181041224063
-94.19,-219.63,0.0,other_tissue,0,305.99262525553706
-107.99000000000001,-398.52,0.0,other_tissue,0,225.4659942963635
297.59000000000003,-184.54999999999995,0.0,epithelial_tumor_class1,1,1756.3881814950018
-491.673,169.41000000000003,0.0,other_tissue,0,287.16682123653516
3.509999999999991,-219.01,0.0,other_tissue,0,689.3349286046786
-191.83999999999997,97.04000000000002,0.0,other_tissue,0,724.2103005915925
-79.93,261.36,0.0,other_tissue,0,1248.724855838073
219.54999999999995,-428.25,0.0,other_tissue,0,870.5882273454705
-81.72000000000003,146.94,0.0,epithelial_tumor_class1,1,3690.2454057987557
63.73000000000002,-309.28999999999996,0.0,other_tissue,0,530.3189146126457
44.82000000000005,136.72000000000003,0.0,other_tissue,0,706.8594031306521
-31.439999999999998,-145.64,0.0,other_tissue,0,692.0366685439501
18.139999999999986,-465.36,0.0,other_tissue,0,315.30863983325514
-298.51,202.91000000000003,0.0,epithelial_tumor_class1,1,2638.6895239889095
-129.93,272.35,0.0,other_tissue,0,238.6119661368482
92.20000000000005,421.37,0.0,other_tissue,0,493.4559583766489
-7.730000000000018,-106.65999999999997,0.0,other_tissue,0,448.665372711361
-325.69,190.02999999999997,0.0,other_tissue,0,377.62119693078614
98.92999999999995,422.13,0.0,other_tissue,0,731.4295905520105
252.89999999999998,-266.49,0.0,other_tissue,0,362.9346511509101
17.0,-268.02,0.0,mesenchymal_tumor_class1,1,337.425490136616
223.51,-341.67999999999995,0.0,other_tissue,0,773.6950076729173
440.77,-96.84000000000003,0.0,other_tissue,0,946.7601422069969
-498.37,390.03,0.0,epithelial_tumor_class1,1,2800.969984771137
315.12,34.120000000000005,0.0,other_tissue,0,913.9705211785606
427.37,430.22,0.0,other_tissue,0,569.7541733538467
-447.4,174.19,0.0,other_tissue,0,245.62832503011225
-362.1,181.27999999999997,0.0,other_tissue,0,533.2074016323622
-270.49,-345.07000000000005,0.0,other_tissue,0,989.7083269966424
152.95000000000005,-169.51999999999998,0.0,other_tissue,0,589.0963492510568
-175.22000000000003,-375.88,0.0,other_tissue,0,910.6497797818764
247.28999999999996,268.35,0.0,other_tissue,0,490.9988832552072
56.22000000000003,-303.61,0.0,other_tissue,0,674.349917015754
292.62,-449.27,0.0,other_tissue,0,932.4712999812656
473.67999999999995,-160.62,0.0,other_tissue,0,1283.4744127154302
92.64999999999998,-347.15999999999997,0.0,other_tissue,0,1371.6235487786068
180.45000000000005,335.94,0.0,other_tissue,0,1169.2976215121196
326.62,-410.89,0.0,other_tissue,0,982.1393774763957
78.64999999999998,58.85000000000002,0.0,epithelial_tumor_class1,1,1730.3298188175236
79.79999999999995,425.75,0.0,other_tissue,0,188.40919606123276
218.34000000000003,-444.09000000000003,0.0,other_tissue,0,417.1112269968548
-239.01999999999998,416.05,0.0,other_tissue,0,776.6944812626857
-91.08999999999997,-64.48000000000002,0.0,other_tissue,0,467.5886429025687
-268.06,-486.20000000000005,0.0,other_tissue,0,222.10594089194524
-115.41000000000003,-320.16999999999996,0.0,other_tissue,0,256.2867021910583
-143.88,-284.48,0.0,other_tissue,0,690.2787919085654
-240.64,-25.409999999999968,0.0,CAF,1,1126.0438555469043
388.15999999999997,345.49,0.0,other_tissue,0,245.19233777740234
194.91999999999996,-141.08000000000004,0.0,other_tissue,0,692.0366685439501
432.87,-34.24000000000001,0.0,other_tissue,0,323.5110793111937
3.660000000000025,-407.45000000000005,0.0,other_tissue,0,179.3866438236121
60.639999999999986,-190.49,0.0,other_tissue,0,570.5023112338936
454.84000000000003,-135.01,0.0,other_tissue,0,1124.7358002727651
-146.33999999999997,-244.45000000000005,0.0,other_tissue,0,1302.3279180176355
140.39999999999998,53.370000000000005,0.0,other_tissue,0,194.73273322777226
19.610000000000014,291.62,0.0,other_tissue,0,370.81564207661324
-449.87,234.66000000000003,0.0,other_tissue,0,597.2559204070213
-146.69,-370.0,0.0,epithelial_tumor_class1_class2,1,7398.1821053072645
170.21000000000004,296.49,0.0,other_tissue,0,990.2367222385752
-478.63,-230.77999999999997,0.0,other_tissue,0,537.8155842350014
11.430000000000007,-414.07000000000005,0.0,other_tissue,0,378.62004934376637
147.72000000000003,-401.37,0.0,other_tissue,0,929.4052012526054
146.57000000000005,-369.67999999999995,0.0,other_tissue,0,1196.449683680767
-457.54,463.45,0.0,other_tissue,0,470.81529396210817
-190.95,155.16000000000003,0.0,other_tissue,0,1005.9576685999115
210.10000000000002,90.69999999999999,0.0,other_tissue,0,338.16435212739526
221.51,-476.72,0.0,other_tissue,0,394.1917479611457
-50.39999999999998,-78.71000000000004,0.0,other_tissue,0,827.9184900897269
49.85000000000002,59.04000000000002,0.0,other_tissue,0,788.4603068106456
223.76999999999998,5.199999999999989,0.0,other_tissue,0,325.62373281907924
214.63,435.84000000000003,0.0,other_tissue,0,488.0401920519278
341.66999999999996,-236.76,0.0,other_tissue,0,892.5069777952
-432.2,237.81,0.0,other_tissue,0,1371.6235487786068
-162.39999999999998,-272.85,0.0,other_tissue,0,743.5482356739502
-0.22000000000002728,485.26,0.0,other_tissue,0,423.89699584142096
-105.68,-294.95000000000005,0.0,CAF,1,583.3210468624078
-478.83,-492.36,0.0,other_tissue,0,288.8540692045627
-245.23,491.895,0.0,other_tissue,0,700.6609872424359
126.83000000000004,272.53,0.0,other_tissue,0,1001.9090500250749
-425.31,337.18,0.0,other_tissue,0,551.4252238272926
-211.04000000000002,398.64,0.0,other_tissue,0,272.1137976537362
255.65999999999997,-474.38,0.0,other_tissue,0,352.2877841971334
-256.68,378.74,0.0,other_tissue,0,480.2875943246244
82.11000000000001,-253.98000000000002,0.0,epithelial_tumor_class1,1,1231.9100150910479
54.960000000000036,-152.26999999999998,0.0,other_tissue,0,353.64035140339996
-450.95,101.04000000000002,0.0,other_tissue,0,577.9190775491278
-108.20999999999998,-325.4,0.0,other_tissue,0,410.4650358577395
381.5,203.58999999999997,0.0,other_tissue,0,863.8815010195775
41.559999999999945,-201.33000000000004,0.0,other_tissue,0,398.1829826212389
224.03999999999996,-56.57000000000005,0.0,other_tissue,0,268.9883700482862
-472.68,-88.34000000000003,0.0,CAF,1,415.66854333798887
88.01999999999998,-132.20000000000005,0.0,other_tissue,0,203.84791098459465
-409.38,333.63,0.0,other_tissue,0,340.3991961158755
-379.93,-116.80999999999995,0.0,epithelial_tumor_class1,1,1834.8254120397357
24.710000000000036,-479.66999999999996,0.0,other_tissue,0,407.3745053319907
243.63,-440.79999999999995,0.0,other_tissue,0,759.2359413564329
-494.966,-423.94000000000005,0.0,other_tissue,0,1013.4775579056414
6.75,-119.58000000000004,0.0,other_tissue,0,475.26324272445686
-43.68000000000001,-361.07000000000005,0.0,other_tissue,0,973.5161591915839
-497.721,-245.47000000000003,0.0,other_tissue,0,732.9027680841616
-305.21000000000004,-108.62,0.0,other_tissue,0,353.5919859203821
-371.15999999999997,420.67,0.0,other_tissue,0,282.82117177269646
-18.44999999999999,-396.46000000000004,0.0,CAF,1,792.9883892543505
306.55999999999995,-362.87,0.0,other_tissue,0,638.5220079573367
39.23000000000002,267.88,0.0,other_tissue,0,541.0682984585551
162.15999999999997,-385.65999999999997,0.0,other_tissue,0,518.9005096476884
-463.35,402.95,0.0,other_tissue,0,634.9070657345299
309.73,445.35,0.0,other_tissue,0,174.61504334823334
-255.01,175.39999999999998,0.0,other_tissue,0,488.0551806944213
-231.72000000000003,-452.14,0.0,other_tissue,0,388.1006409018791
-388.45,-52.389999999999986,0.0,other_tissue,0,770.5203495130617
-233.08999999999997,-160.33000000000004,0.0,other_tissue,0,299.88502496099017
-458.42,-391.70000000000005,0.0,other_tissue,0,460.9198830467376
-357.69,-37.89999999999998,0.0,other_tissue,0,159.91726275781673
332.1,-260.59000000000003,0.0,other_tissue,0,1126.5150035975098
188.62,-194.27999999999997,0.0,other_tissue,0,1072.8602243329353
-418.23,-268.11,0.0,CD4_Tcell,1,341.55574438443847
-354.39,-484.08000000000004,0.0,other_tissue,0,161.88434549549928
171.13,-461.35,0.0,other_tissue,0,298.1874237864254
-149.72000000000003,145.20999999999998,0.0,other_tissue,0,312.27162204007516
144.05999999999995,262.8,0.0,other_tissue,0,418.0838812280755
150.65999999999997,329.98,0.0,other_tissue,0,1121.522296242721
-19.420000000000016,-156.77999999999997,0.0,other_tissue,0,351.8417129994918
-11.810000000000002,107.80000000000001,0.0,other_tissue,0,306.179319957685
410.80999999999995,-483.53,0.0,other_tissue,0,375.76725148372947
244.24,419.61,0.0,other_tissue,0,473.4542774447482
170.91999999999996,-247.48000000000002,0.0,other_tissue,0,360.6756264034492
-13.220000000000027,412.40999999999997,0.0,epithelial_tumor_class1,1,2468.5527853350104
-241.49,-314.86,0.0,other_tissue,0,355.7363813946727
3.920000000000016,-89.82000000000005,0.0,other_tissue,0,622.3622462848372
-382.09000000000003,345.51,0.0,other_tissue,0,485.52645410163996
444.0,368.47,0.0,other_tissue,0,208.18310246725224
84.32000000000005,101.33999999999997,0.0,other_tissue,0,267.27912936664677
449.96000000000004,422.48,0.0,other_tissue,0,172.68835718271296
69.11000000000001,-346.14,0.0,other_tissue,0,439.1816912140594
184.80999999999995,-492.57000000000005,0.0,other_tissue,0,309.6192159967159
58.10000000000002,424.39,0.0,other_tissue,0,371.76495630747627
-457.97,333.85,0.0,other_tissue,0,374.0825561212466
-153.7,-301.28999999999996,0.0,other_tissue,0,691.7340258484134
-127.63,483.2,0.0,other_tissue,0,802.5349302527376
23.74000000000001,-288.77,0.0,other_tissue,0,496.2848919180416
-357.47,-154.99,0.0,other_tissue,0,319.087355179776
-378.71,-276.28,0.0,CD8_Tcell,1,1007.1233579960425
-106.31,-377.11,0.0,epithelial_tumor_class1,1,3730.696149019791
142.17999999999995,-473.65999999999997,0.0,other_tissue,0,566.3708176331695
427.11,-386.76,0.0,other_tissue,0,410.23804566706696
-83.18,270.64,0.0,other_tissue,0,915.7023167013499
287.19000000000005,-108.51999999999998,0.0,other_tissue,0,1109.5067388360478
-479.33,102.38,0.0,CAF,1,627.0802153293405
13.840000000000032,-396.62,0.0,other_tissue,0,253.43881036555777
51.57000000000005,-101.53999999999996,0.0,other_tissue,0,449.9703739272814
206.62,-234.02999999999997,0.0,other_tissue,0,1046.5966121899962
-137.11,124.91000000000003,0.0,other_tissue,0,291.80135678955673
-332.23,-282.76,0.0,other_tissue,0,1104.7711614574862
43.539999999999964,200.32,0.0,other_tissue,0,1368.5008440813428
60.15999999999997,35.48000000000002,0.0,other_tissue,0,838.9036786381012
-495.846,-396.75,0.0,CD4_Tcell,1,303.3977802152621
-336.41999999999996,297.84000000000003,0.0,other_tissue,0,276.2057431540239
-36.360000000000014,-425.82000000000005,0.0,other_tissue,0,381.5254068151117
-434.36,279.55,0.0,other_tissue,0,322.4525028797756
-338.71000000000004,277.65999999999997,0.0,other_tissue,0,755.3386538878149
24.029999999999973,-488.29999999999995,0.0,other_tissue,0,1192.5842003464786
-275.07,351.14,0.0,other_tissue,0,889.327904619649
211.67999999999995,-346.55999999999995,0.0,other_tissue,0,672.6035711931496
212.64999999999998,288.91999999999996,0.0,other_tissue,0,408.1190700524608
-157.64999999999998,334.86,0.0,other_tissue,0,353.4106546339131
-175.10000000000002,256.28999999999996,0.0,other_tissue,0,518.3542164804211
221.83000000000004,180.43,0.0,other_tissue,0,777.2871281864759
-454.33,390.38,0.0,other_tissue,0,405.2918944887245
296.09000000000003,-273.52,0.0,other_tissue,0,1059.033424861322
-207.60000000000002,-195.05999999999995,0.0,other_tissue,0,402.8601760575359
358.61,-447.6,0.0,other_tissue,0,211.22143515069553
177.72000000000003,-379.1,0.0,other_tissue,0,643.0149129352892
348.83000000000004,336.90999999999997,0.0,other_tissue,0,463.4638671429204
370.22,167.27999999999997,0.0,other_tissue,0,735.2836622696334
-462.92,-319.11,0.0,other_tissue,0,1371.6235487786068
-124.36000000000001,-455.65,0.0,other_tissue,0,512.5870634227026
-109.20999999999998,-59.91999999999996,0.0,other_tissue,0,1371.6235487786068
-86.37,-269.23,0.0,CAF,1,649.0140019152615
156.27999999999997,-337.25,0.0,other_tissue,0,234.47802122681253
98.58000000000004,-321.22,0.0,other_tissue,0,482.60468698343084
-463.53,-253.76999999999998,0.0,epithelial_tumor_class1,1,1682.8174158973802
-150.83999999999997,229.45,0.0,epithelial_tumor_class1,1,2615.303525718964
-56.26999999999998,22.519999999999982,0.0,other_tissue,0,307.36715435009756
184.01999999999998,-200.77999999999997,0.0,other_tissue,0,219.2450683336226
-166.49,-70.45000000000005,0.0,other_tissue,0,653.0097858914216
-349.32,-5.6299999999999955,0.0,epithelial_tumor_class1,1,3132.884057300068
-316.61,46.56999999999999,0.0,epithelial_tumor_class1,1,1509.2452184295782
-84.06,-17.620000000000005,0.0,other_tissue,0,404.76242998208534
34.23000000000002,-104.15999999999997,0.0,other_tissue,0,676.1365364157169
-383.90999999999997,-94.78999999999996,0.0,other_tissue,0,422.53399864734024
209.55999999999995,-378.15,0.0,other_tissue,0,652.0093067983995
-484.12,206.38,0.0,other_tissue,0,578.0029636159917
-166.39999999999998,126.26999999999998,0.0,other_tissue,0,1056.0717505850814
-168.2,-355.94000000000005,0.0,other_tissue,0,790.3604094159166
-44.05000000000001,100.69,0.0,other_tissue,0,453.18687572914956
-223.49,-492.36,0.0,other_tissue,0,540.2017677461388
-139.97000000000003,226.27999999999997,0.0,other_tissue,0,402.0429889711627
436.90999999999997,-150.58000000000004,0.0,other_tissue,0,506.7706232569303
-190.17000000000002,165.04000000000002,0.0,other_tissue,0,272.97776865093425
177.97000000000003,223.98000000000002,0.0,other_tissue,0,925.5648154609243
-305.46000000000004,-296.35,0.0,epithelial_tumor_class1,1,2585.0359808351973
-450.23,365.28999999999996,0.0,other_tissue,0,449.2466372228659
213.44000000000005,-454.80999999999995,0.0,other_tissue,0,229.2671181090456
-166.98000000000002,107.47000000000003,0.0,other_tissue,0,1371.6235487786068
-87.16000000000003,301.46000000000004,0.0,other_tissue,0,981.589984566183
54.84000000000003,299.38,0.0,other_tissue,0,510.59184128621575
-261.02,-354.77,0.0,epithelial_tumor_class1,1,3355.8777521244924
218.09000000000003,-493.49,0.0,other_tissue,0,734.9488456071366
271.25,-30.16999999999996,0.0,epithelial_tumor_class1,1,1986.537548415645
141.83000000000004,225.98000000000002,0.0,other_tissue,0,367.55539667525136
51.40999999999997,417.5,0.0,other_tissue,0,464.2027896381448
-293.74,68.69999999999999,0.0,other_tissue,0,457.7386546435357
-375.81,2.0400000000000205,0.0,other_tissue,0,1371.6235487786068
-425.89,-376.53,0.0,epithelial_tumor_class1,1,9121.462012271342
-16.75,438.28,0.0,other_tissue,0,1040.5762709119283
408.33000000000004,-280.82000000000005,0.0,other_tissue,0,1371.6235487786068
35.110000000000014,-339.11,0.0,other_tissue,0,680.6543038929702
-194.95,-271.27,0.0,other_tissue,0,561.9134785880331
195.45000000000005,-147.5,0.0,other_tissue,0,1117.7418871953269
-60.670000000000016,64.75999999999999,0.0,other_tissue,0,444.52604587267433
74.38,322.06,0.0,other_tissue,0,762.9245142688292
-2.6200000000000045,124.41000000000003,0.0,epithelial_tumor_class1,1,1971.824680103046
-215.29000000000002,-378.99,0.0,other_tissue,0,227.99236005792682
97.67999999999995,314.59000000000003,0.0,other_tissue,0,1371.6235487786068
-231.16000000000003,-321.16999999999996,0.0,epithelial_tumor_class1,1,2900.771418867073
34.75999999999999,57.920000000000016,0.0,other_tissue,0,372.7409357925514
-16.610000000000014,287.03,0.0,epithelial_tumor_class1,1,1656.545673177155
-25.069999999999993,343.83000000000004,0.0,epithelial_tumor_class1,1,1588.343191046049
229.13,-157.78999999999996,0.0,other_tissue,0,472.5148454790129
-467.63,21.579999999999984,0.0,epithelial_tumor_class1,1,4814.494603167327
171.12,16.019999999999982,0.0,other_tissue,0,569.056501699741
-186.32999999999998,257.99,0.0,other_tissue,0,673.2720278083776
209.49,-260.29999999999995,0.0,other_tissue,0,266.28709222214485
322.90999999999997,-367.97,0.0,other_tissue,0,280.4420913103922
377.05999999999995,468.61,0.0,other_tissue,0,742.6753791033223
245.14999999999998,-420.16999999999996,0.0,CAF,1,1474.8634856190035
431.92999999999995,298.19,0.0,other_tissue,0,425.35864552918207
-467.75,-344.91999999999996,0.0,other_tissue,0,1168.1708204676154
0.22000000000002728,-227.78999999999996,0.0,mesenchymal_tumor_class1,1,449.55874211646733
-361.9,-92.90999999999997,0.0,other_tissue,0,509.41878887597085
474.76,-182.39999999999998,0.0,other_tissue,0,628.5339506670972
424.27,-197.54999999999995,0.0,other_tissue,0,835.6387413063424
197.65999999999997,95.36000000000001,0.0,other_tissue,0,159.96713522753953
-116.26999999999998,-273.59000000000003,0.0,other_tissue,0,385.3539900677738
303.04999999999995,-85.79999999999995,0.0,other_tissue,0,1371.6235487786068
-44.829999999999984,14.910000000000025,0.0,other_tissue,0,808.41696737733
56.039999999999964,-382.28999999999996,0.0,other_tissue,0,185.81466766397835
445.21000000000004,-343.67999999999995,0.0,other_tissue,0,1371.6235487786068
-417.54,-87.94000000000005,0.0,other_tissue,0,493.1087589407696
-248.7,258.26,0.0,epithelial_tumor_class1,1,1671.6557109348798
-355.3,95.94,0.0,other_tissue,0,296.6037687644057
-348.15999999999997,14.600000000000023,0.0,other_tissue,0,348.68183678167264
11.879999999999995,-386.30999999999995,0.0,other_tissue,0,1371.6235487786068
-436.01,232.64,0.0,other_tissue,0,1371.6235487786068
275.59000000000003,-158.51999999999998,0.0,other_tissue,0,1371.6235487786068
-28.670000000000016,-111.75,0.0,other_tissue,0,1371.6235487786068
363.53999999999996,-427.99,0.0,other_tissue,0,1194.9242718067392
313.07000000000005,-429.75,0.0,other_tissue,0,795.788291625598
155.52999999999997,-125.47000000000003,0.0,other_tissue,0,1027.3981088516466
347.40999999999997,-424.01,0.0,epithelial_tumor_class1,1,2243.4124156881876
31.67999999999995,406.77,0.0,other_tissue,0,460.25651615834084
-118.06,334.12,0.0,other_tissue,0,372.69084405936064
-346.84000000000003,254.74,0.0,other_tissue,0,455.5448623249669
-447.63,-267.01,0.0,epithelial_tumor_class1,1,1611.3635802491194
-25.220000000000027,158.58999999999997,0.0,CAF,1,1497.2259507927456
-199.85000000000002,175.43,0.0,epithelial_tumor_class1,1,1833.7384373437465
30.220000000000027,-222.76,0.0,other_tissue,0,534.7670760614835
-37.68000000000001,349.51,0.0,epithelial_tumor_class1,1,3527.218597199704
232.86,-356.77,0.0,other_tissue,0,338.76326787801503
253.82000000000005,-179.65999999999997,0.0,other_tissue,0,523.9601418549579
-383.18,-73.96000000000004,0.0,other_tissue,0,277.6851201149773
-392.5,129.43,0.0,other_tissue,0,761.3912008821162
-257.13,-235.90999999999997,0.0,epithelial_tumor_class1,1,2321.838515475558
-442.64,-191.98000000000002,0.0,epithelial_tumor_class1,1,2877.522064228284
100.77999999999997,339.7,0.0,other_tissue,0,422.28896986311327
385.6,-227.39999999999998,0.0,other_tissue,0,675.391728665543
147.35000000000002,78.77999999999997,0.0,other_tissue,0,1097.6802257754177
27.539999999999964,86.56,0.0,other_tissue,0,839.570596382238
-253.49,482.37,0.0,other_tissue,0,826.8955705530212
-339.03999999999996,-6.050000000000011,0.0,other_tissue,0,592.7401285782561
264.94000000000005,-443.30999999999995,0.0,CD4_Tcell,1,493.4710577001534
287.20000000000005,-189.11,0.0,other_tissue,0,1061.346364509028
-298.99,-352.02,0.0,CD8_Tcell,1,333.64262386574944
490.34000000000003,-213.40999999999997,0.0,other_tissue,0,309.89595821845563
204.40999999999997,-345.16999999999996,0.0,other_tissue,0,481.7571949668533
-42.389999999999986,-245.28999999999996,0.0,other_tissue,0,384.70133226485666
301.78,-397.55999999999995,0.0,other_tissue,0,833.5167982015859
-173.43,125.35000000000002,0.0,epithelial_tumor_class1,1,1711.4404031254112
-392.74,-273.4,0.0,other_tissue,0,1013.2823972232947
96.28999999999996,-450.02,0.0,other_tissue,0,433.50628582212994
448.47,-250.60000000000002,0.0,other_tissue,0,447.575085040486
-202.32999999999998,288.95,0.0,CAF,1,1497.2259507927456
-491.978,337.14,0.0,other_tissue,0,481.1927518564889
-315.75,-292.70000000000005,0.0,other_tissue,0,469.98166487283686
15.370000000000005,-307.65,0.0,other_tissue,0,1153.7478033721638
-54.31999999999999,93.19999999999999,0.0,other_tissue,0,404.44497272529867
266.19000000000005,-374.9,0.0,other_tissue,0,361.96359179542196
224.36,452.75,0.0,other_tissue,0,729.2529127415564
-278.66999999999996,360.16999999999996,0.0,other_tissue,0,541.9357553363617
487.09000000000003,-269.37,0.0,other_tissue,0,477.60848147806087
81.57000000000005,75.14999999999998,0.0,epithelial_tumor_class1,1,1231.9100150910479
126.46000000000004,-14.67999999999995,0.0,other_tissue,0,1019.1971000904161
258.53,362.14,0.0,other_tissue,0,407.720083373088
11.680000000000007,59.54000000000002,0.0,other_tissue,0,159.60401599758336
453.4,40.55000000000001,0.0,other_tissue,0,761.3508782976744
-147.01,185.29000000000002,0.0,other_tissue,0,815.5934694975246
-249.56,-191.33000000000004,0.0,other_tissue,0,1119.644063956204
172.09000000000003,498.397,0.0,other_tissue,0,798.4074729196236
-20.860000000000014,296.84000000000003,0.0,other_tissue,0,1371.6235487786068
27.220000000000027,13.560000000000002,0.0,other_tissue,0,1061.899957259226
-273.8,157.10000000000002,0.0,other_tissue,0,1111.5811804464226
-279.86,-396.04999999999995,0.0,other_tissue,0,1037.450873086171
196.65999999999997,342.45,0.0,other_tissue,0,529.5430313772296
35.110000000000014,11.139999999999986,0.0,other_tissue,0,783.415109733909
206.05999999999995,-287.59000000000003,0.0,other_tissue,0,218.73554359627275
24.200000000000045,-426.54999999999995,0.0,CD4_Tcell,1,482.5154305298609
151.75,427.63,0.0,other_tissue,0,144.01243323418078
200.76,216.44,0.0,other_tissue,0,642.1866413588342
-347.53999999999996,-450.32000000000005,0.0,epithelial_tumor_class1,1,6373.701316978098
-87.39999999999998,-469.29999999999995,0.0,other_tissue,0,1032.0829245931552
220.14,-416.88,0.0,apCAF,1,508.06276389456207
232.5,-228.62,0.0,other_tissue,0,336.85156434649235
10.189999999999998,99.92000000000002,0.0,other_tissue,0,223.37648544667613
161.20000000000005,-305.94000000000005,0.0,other_tissue,0,518.7912203233
441.5,-157.94000000000005,0.0,CAF,1,295.2293791706601
-253.54,-281.97,0.0,CD4_Tcell,1,654.6309101332773
-286.02,496.204,0.0,other_tissue,0,995.8926827580976
-452.79,72.43,0.0,other_tissue,0,392.6986973468624
326.97,-453.59000000000003,0.0,other_tissue,0,642.4566517158731
213.61,448.93,0.0,other_tissue,0,494.99767649523005
-78.14999999999998,136.17000000000002,0.0,other_tissue,0,888.7913433904781
-485.33,-303.78999999999996,0.0,other_tissue,0,582.2076244269156
-29.980000000000018,106.25,0.0,other_tissue,0,207.08090406459536
-118.95999999999998,-185.84000000000003,0.0,other_tissue,0,718.880478671468
-21.00999999999999,-258.37,0.0,other_tissue,0,300.12341880760437
-195.57999999999998,194.43,0.0,other_tissue,0,272.703132916661
-52.129999999999995,115.66000000000003,0.0,other_tissue,0,694.8592684164156
253.23000000000002,25.079999999999984,0.0,other_tissue,0,1101.8795424001275
-280.15,-313.5,0.0,other_tissue,0,301.33901920328674
-261.36,-433.64,0.0,other_tissue,0,272.6726292105465
110.5,-220.03999999999996,0.0,other_tissue,0,596.6387847663378
-244.84,-197.46000000000004,0.0,other_tissue,0,397.1108062505916
-194.39,277.64,0.0,other_tissue,0,1314.2444948764655
299.91999999999996,408.14,0.0,other_tissue,0,304.75358305820447
-346.95,395.5,0.0,other_tissue,0,681.1595966349072
297.28,382.40999999999997,0.0,other_tissue,0,815.0658960073714
-118.19,29.870000000000005,0.0,other_tissue,0,628.5162086686603
-43.31999999999999,289.13,0.0,other_tissue,0,360.44289294478943
-495.726,16.680000000000007,0.0,other_tissue,0,693.8733298504565
-33.110000000000014,227.55,0.0,epithelial_tumor_class1,1,3969.4304137673303
197.39999999999998,-192.24,0.0,CD4_Tcell,1,1168.881557006193
52.58000000000004,-328.29999999999995,0.0,other_tissue,0,530.461506112271
88.40999999999997,246.38,0.0,other_tissue,0,618.334650319414
147.30999999999995,-266.07000000000005,0.0,mesenchymal_tumor_class1,1,349.31708936184884
-2.75,21.829999999999984,0.0,other_tissue,0,571.6007643542753
422.04999999999995,358.58000000000004,0.0,other_tissue,0,575.0550570489692
-190.63,-483.86,0.0,other_tissue,0,913.811123602725
-305.69,319.2,0.0,other_tissue,0,448.94885369919683
312.33000000000004,-60.039999999999964,0.0,other_tissue,0,311.326569173148
-474.52,239.38,0.0,other_tissue,0,406.94944664716184
181.25,-212.44000000000005,0.0,other_tissue,0,754.1961149188066
108.66999999999996,451.1,0.0,other_tissue,0,226.69536559176802
448.62,247.79,0.0,other_tissue,0,771.6589692248608
43.75999999999999,339.19,0.0,other_tissue,0,489.2552666639561
45.48000000000002,-110.75999999999999,0.0,other_tissue,0,704.5403040686962
424.55999999999995,-139.13,0.0,other_tissue,0,697.3852442106197
-82.89999999999998,438.51,0.0,other_tissue,0,939.9920024080886
-179.86,-96.74000000000001,0.0,other_tissue,0,447.87226084923174
-306.53,435.11,0.0,other_tissue,0,496.5122789748976
-342.73,-153.01999999999998,0.0,other_tissue,0,513.7804835438686
-442.11,-87.15999999999997,0.0,other_tissue,0,667.9921893175554
216.83000000000004,362.49,0.0,other_tissue,0,291.21667702153127
-144.17000000000002,346.65,0.0,other_tissue,0,359.3173890190819
316.25,-390.21000000000004,0.0,CAF,1,1285.6459667282058
229.98000000000002,-20.139999999999986,0.0,epithelial_tumor_class1,1,2149.167525465496
-247.49,-32.23000000000002,0.0,other_tissue,0,438.38584475707194
-407.6,259.68,0.0,other_tissue,0,750.9152373932991
-55.44999999999999,217.36,0.0,other_tissue,0,376.85113421859114
-442.75,-294.45000000000005,0.0,epithelial_tumor_class1,1,10128.694822980333
-120.72000000000003,228.91000000000003,0.0,other_tissue,0,670.1563491518519
63.84000000000003,-210.52999999999997,0.0,other_tissue,0,426.7688243247098
-13.060000000000002,273.0,0.0,epithelial_tumor_class1,1,1925.8756999389364
-344.83000000000004,488.86,0.0,other_tissue,0,376.48540628439923
-177.01,463.03,0.0,other_tissue,0,783.3329182362638
-341.51,253.2,0.0,other_tissue,0,174.15465641219407
377.71000000000004,350.15,0.0,other_tissue,0,338.29347027775987
-427.32,221.87,0.0,other_tissue,0,208.8037404943385
-164.37,-193.05999999999995,0.0,other_tissue,0,402.5568969379955
-351.24,-279.48,0.0,epithelial_tumor_class1,1,1593.1868694530408
-152.56,433.65,0.0,other_tissue,0,740.6941552033127
-123.98000000000002,345.14,0.0,other_tissue,0,1037.0544455501133
-225.58999999999997,-267.58000000000004,0.0,other_tissue,0,197.61445153494478
29.16999999999996,306.44,0.0,other_tissue,0,1231.5322339269119
-392.49,-477.89,0.0,other_tissue,0,513.8425299556138
-289.45,-136.20000000000005,0.0,other_tissue,0,951.5007453598895
8.300000000000011,-168.26,0.0,other_tissue,0,513.3928066289019
252.79999999999995,-446.65999999999997,0.0,other_tissue,0,355.0812426543303
298.04999999999995,473.06,0.0,other_tissue,0,945.7347029928567
33.940000000000055,83.33999999999997,0.0,other_tissue,0,326.2650473571374
-291.02,-169.15999999999997,0.0,other_tissue,0,450.28281389297337
-157.88,-276.19000000000005,0.0,other_tissue,0,610.3838576705027
-419.46,360.86,0.0,other_tissue,0,893.0450332470662
-298.83000000000004,-189.61,0.0,other_tissue,0,1021.5497899832569
-450.97,-397.07000000000005,0.0,other_tissue,0,1116.6224358414806
219.41999999999996,205.04000000000002,0.0,other_tissue,0,437.98130969038704
-180.17000000000002,84.13999999999999,0.0,other_tissue,0,507.70874537937914
-149.45999999999998,425.56,0.0,other_tissue,0,906.498852714102
-29.79000000000002,-253.84000000000003,0.0,other_tissue,0,627.168793487716
471.79999999999995,417.75,0.0,other_tissue,0,463.4204255507027
268.46000000000004,333.55,0.0,other_tissue,0,349.56900648200144
-488.61,-75.38999999999999,0.0,other_tissue,0,1076.7674042536983
403.97,-385.5,0.0,other_tissue,0,269.98710071142347
140.82000000000005,-396.28999999999996,0.0,other_tissue,0,348.15504274862616
-89.56,-213.30999999999995,0.0,other_tissue,0,498.0451603988823
-63.579999999999984,187.8,0.0,other_tissue,0,1371.6235487786068
58.10000000000002,6.069999999999993,0.0,other_tissue,0,567.2982444186098
102.36000000000001,-234.97000000000003,0.0,other_tissue,0,372.56563436096116
224.5,222.48000000000002,0.0,other_tissue,0,920.9337138921732
-312.36,496.484,0.0,other_tissue,0,876.7757015129222
449.55999999999995,-390.16999999999996,0.0,other_tissue,0,439.5729858671535
-268.15,-304.46000000000004,0.0,other_tissue,0,200.01956958399782
93.62,42.920000000000016,0.0,other_tissue,0,487.7854320796441
118.35000000000002,272.99,0.0,other_tissue,0,460.09797930288903
-464.23,440.21,0.0,other_tissue,0,1345.6793039110387
253.10000000000002,-493.73,0.0,other_tissue,0,716.5351462877132
-13.550000000000011,-12.610000000000014,0.0,other_tissue,0,398.03904214385636
-172.18,-345.21000000000004,0.0,CAF,1,1321.0449033025432
-264.71000000000004,-280.05999999999995,0.0,CAF,1,398.2745991721564
-8.470000000000027,132.2,0.0,other_tissue,0,417.0437376391778
417.98,-382.4,0.0,other_tissue,0,895.0871245774777
36.76999999999998,-350.29999999999995,0.0,other_tissue,0,266.8078556092957
217.75,-410.33000000000004,0.0,other_tissue,0,332.3299711697424
-402.68,224.64,0.0,other_tissue,0,329.83041901938105
-182.51,126.37,0.0,epithelial_tumor_class1,1,2137.430495331291
295.94000000000005,93.57999999999998,0.0,other_tissue,0,767.5976145844744
344.27,-483.51,0.0,other_tissue,0,263.83266490998176
154.95000000000005,207.13,0.0,other_tissue,0,516.8577807785748
-199.01,469.21,0.0,other_tissue,0,1371.6235487786068
120.63,-37.97000000000003,0.0,other_tissue,0,1371.6235487786068
-302.35,376.64,0.0,other_tissue,0,589.5552529070028
-441.31,-322.48,0.0,other_tissue,0,473.2486704036287
463.23,-260.76,0.0,other_tissue,0,498.91164294881224
-396.64,465.58,0.0,other_tissue,0,395.61038917682407
44.700000000000045,395.54,0.0,other_tissue,0,212.69130965741553
-6.920000000000016,277.1,0.0,epithelial_tumor_class1,1,2060.4957500389205
481.99,-488.72,0.0,other_tissue,0,764.7833830017146
428.49,339.24,0.0,other_tissue,0,237.76647316437803
371.28999999999996,475.69,0.0,other_tissue,0,596.3132457497821
-115.02999999999997,-247.74,0.0,other_tissue,0,797.762538962729
-318.61,407.13,0.0,other_tissue,0,526.3840091480151
-233.83999999999997,-297.98,0.0,other_tissue,0,181.277535627828
434.58000000000004,-431.41999999999996,0.0,other_tissue,0,829.4544506176813
190.16999999999996,448.11,0.0,other_tissue,0,155.7298807819731
-387.7,259.65999999999997,0.0,other_tissue,0,271.38339106152074
263.64,343.02,0.0,other_tissue,0,860.7708120829135
237.87,-218.83000000000004,0.0,other_tissue,0,453.85771380368743
-411.34000000000003,282.32,0.0,other_tissue,0,280.1210614002619
-200.39,142.68,0.0,other_tissue,0,829.9027966714452
480.89,-10.329999999999984,0.0,other_tissue,0,209.0336036545146
91.11000000000001,-296.53,0.0,other_tissue,0,830.8854525218578
169.48000000000002,-127.45000000000005,0.0,other_tissue,0,943.9186991524538
-244.95,-375.44000000000005,0.0,CAF,1,340.8709407685061
276.49,345.27,0.0,other_tissue,0,459.6945952296197
-192.24,374.65,0.0,other_tissue,0,328.36664259653327
226.46000000000004,26.120000000000005,0.0,other_tissue,0,569.9037485733671
-58.68000000000001,44.089999999999975,0.0,other_tissue,0,792.1600516207077
-284.87,71.98000000000002,0.0,other_tissue,0,514.8670170716148
-57.889999999999986,-139.71000000000004,0.0,other_tissue,0,231.87649966457872
347.59000000000003,-259.64,0.0,other_tissue,0,506.89358977064626
203.45000000000005,-41.889999999999986,0.0,other_tissue,0,675.4661848145956
-69.16000000000003,329.77,0.0,other_tissue,0,324.9261149537077
408.86,-254.25,0.0,other_tissue,0,171.90970719187285
-258.53999999999996,133.97000000000003,0.0,other_tissue,0,1371.6235487786068
-406.89,-392.27,0.0,other_tissue,0,528.8785912397316
-7.170000000000016,-482.61,0.0,other_tissue,0,292.5679378441178
292.63,434.45,0.0,other_tissue,0,300.47039897710357
-130.01,-41.99000000000001,0.0,other_tissue,0,1371.6235487786068
-212.14,-322.80999999999995,0.0,epithelial_tumor_class1,1,1310.216006609313
-429.3,289.89,0.0,CD8_Tcell,1,243.1237331984471
-416.90999999999997,107.52999999999997,0.0,other_tissue,0,1159.5293647979674
-54.29000000000002,484.09,0.0,other_tissue,0,943.8023680034914
-82.44999999999999,-273.12,0.0,CAF,1,491.64627481247766
-353.89,258.88,0.0,other_tissue,0,248.44617708585207
243.87,-343.4,0.0,other_tissue,0,307.7196943319834
9.569999999999993,467.25,0.0,other_tissue,0,214.9392480859449
201.74,-319.03,0.0,other_tissue,0,190.73117060749217
-378.97,52.610000000000014,0.0,other_tissue,0,279.0664988325312
-230.08999999999997,386.84000000000003,0.0,other_tissue,0,252.51032228886206
207.15999999999997,377.64,0.0,other_tissue,0,512.1999871519769
335.49,-330.09000000000003,0.0,other_tissue,0,1371.6235487786068
-472.63,-358.21000000000004,0.0,other_tissue,0,178.12062454849973
-168.77999999999997,-430.32000000000005,0.0,other_tissue,0,1358.1846582998628
103.46000000000004,-488.24,0.0,CAF,1,759.4774499510219
-278.63,-337.65,0.0,other_tissue,0,430.7283823706079
1.6899999999999977,294.07,0.0,other_tissue,0,561.485492010366
452.40999999999997,-79.05999999999995,0.0,other_tissue,0,329.59961505377333
234.34000000000003,497.054,0.0,other_tissue,0,352.1792457124361
-12.519999999999982,-467.45000000000005,0.0,other_tissue,0,582.0390477584056
-72.20999999999998,-185.47000000000003,0.0,other_tissue,0,284.8157309239798
-236.52999999999997,172.79000000000002,0.0,epithelial_tumor_class1,1,4316.419817682227
13.809999999999945,-143.26,0.0,other_tissue,0,528.0251280590996
94.25,428.4,0.0,other_tissue,0,203.4628975817973
-499.434,62.35000000000002,0.0,epithelial_tumor_class1,1,2122.140511251926
-358.94,83.82,0.0,other_tissue,0,708.1072986892166
482.78999999999996,147.01,0.0,other_tissue,0,636.9275996480678
-296.03999999999996,-219.82000000000005,0.0,other_tissue,0,575.0550570489692
-61.50999999999999,-125.10000000000002,0.0,other_tissue,0,366.0438106904808
-467.40999999999997,-103.50999999999999,0.0,epithelial_tumor_class1,1,5172.199467444182
-260.32,-38.64999999999998,0.0,other_tissue,0,1371.6235487786068
239.39999999999998,-155.69000000000005,0.0,other_tissue,0,467.21000898225526
3.980000000000018,178.88,0.0,epithelial_tumor_class1,1,3195.735147724839
117.5,116.5,0.0,other_tissue,0,204.9722393932313
-487.46,-68.36000000000001,0.0,other_tissue,0,812.3472322708425
-141.57,-94.91999999999996,0.0,other_tissue,0,590.0654253024848
394.21000000000004,-130.09000000000003,0.0,epithelial_tumor_class1,1,3454.5502017312633
68.08000000000004,14.649999999999977,0.0,CAF,1,627.4700216192747
354.74,-277.24,0.0,other_tissue,0,1371.6235487786068
-392.76,302.13,0.0,other_tissue,0,287.0195004404252
363.33000000000004,469.67,0.0,other_tissue,0,241.43224763419065
-23.160000000000025,-163.33000000000004,0.0,other_tissue,0,187.38592505069798
-276.69,-291.87,0.0,CAF,1,1176.0736475839037
-346.65999999999997,461.34000000000003,0.0,other_tissue,0,382.2254065531516
-311.6,-236.02999999999997,0.0,epithelial_tumor_class1,1,1231.9100150910479
-296.69,-20.110000000000014,0.0,other_tissue,0,1371.6235487786068
81.38,-299.76,0.0,other_tissue,0,394.88112161365655
-268.35,114.98000000000002,0.0,other_tissue,0,1261.4414898045534
-301.4,394.40999999999997,0.0,other_tissue,0,989.8043848741378
-110.35000000000002,-438.76,0.0,other_tissue,0,928.5304092251735
182.84000000000003,-77.75,0.0,other_tissue,0,937.9748197069052
66.41999999999996,292.59000000000003,0.0,other_tissue,0,439.29346598117047
-303.95,-226.94000000000005,0.0,CD4_Tcell,1,349.48502065586933
223.10000000000002,355.74,0.0,other_tissue,0,266.0769761674871
222.80999999999995,-462.96000000000004,0.0,other_tissue,0,264.76874702080767
-304.12,-310.69000000000005,0.0,other_tissue,0,393.9837929399673
255.66999999999996,-409.6,0.0,other_tissue,0,491.2095994673283
45.450000000000045,287.40999999999997,0.0,other_tissue,0,606.3215508841769
-42.5,-191.44000000000005,0.0,other_tissue,0,1371.6235487786068
-404.79,376.34000000000003,0.0,other_tissue,0,315.4878985606003
52.059999999999945,201.62,0.0,other_tissue,0,352.9636358772195
-9.079999999999984,-269.20000000000005,0.0,other_tissue,0,1053.641293159576
-7.139999999999986,-462.09000000000003,0.0,other_tissue,0,593.9694426093322
78.67999999999995,-294.38,0.0,other_tissue,0,317.65556231215214
247.0,-12.919999999999959,0.0,other_tissue,0,340.7765569927411
280.69000000000005,399.96,0.0,other_tissue,0,335.42543439112484
129.17999999999995,-333.20000000000005,0.0,other_tissue,0,391.0671667429524
289.57000000000005,-355.25,0.0,other_tissue,0,673.3463280927897
-41.81999999999999,-23.17999999999995,0.0,other_tissue,0,439.2096331281104
148.79999999999995,319.85,0.0,other_tissue,0,852.7875679906933
-497.043,-383.0,0.0,other_tissue,0,295.476026215859
-155.55,-222.26999999999998,0.0,other_tissue,0,364.67212098913626
-305.87,-233.21000000000004,0.0,CAF,1,396.2231455944843
277.35,-105.66999999999996,0.0,other_tissue,0,946.2939416332337
360.41999999999996,-292.83000000000004,0.0,other_tissue,0,575.6070242275351
98.46000000000004,-1.089999999999975,0.0,other_tissue,0,413.00768504338043
-173.57999999999998,228.05,0.0,epithelial_tumor_class1,1,2447.414009054229
325.88,-358.35,0.0,other_tissue,0,1371.6235487786068
138.24,-63.60000000000002,0.0,other_tissue,0,583.8445076056282
232.05999999999995,-122.11000000000001,0.0,other_tissue,0,607.5175308054278
464.85,-328.45000000000005,0.0,other_tissue,0,595.7652372107053
-22.04000000000002,377.1,0.0,other_tissue,0,967.3066321583634
417.44000000000005,406.23,0.0,other_tissue,0,104.62118339179153
130.59000000000003,241.82999999999998,0.0,other_tissue,0,904.7786842338603
-272.02,-432.89,0.0,mesenchymal_tumor_class1,1,347.30610806515614
-254.34,-227.77999999999997,0.0,other_tissue,0,1091.0040339327418
80.05999999999995,459.93,0.0,other_tissue,0,595.4742442828627
-429.18,-329.61,0.0,epithelial_tumor_class1,1,2313.0732480659112
-251.92,-271.40999999999997,0.0,other_tissue,0,684.6097336734932
-32.19999999999999,446.18,0.0,other_tissue,0,1045.1516104856723
242.63,467.15999999999997,0.0,other_tissue,0,594.2428541267125
78.03999999999996,-382.66999999999996,0.0,other_tissue,0,1371.6235487786068
-178.92000000000002,366.90999999999997,0.0,other_tissue,0,508.06276389456207
-287.41999999999996,-318.85,0.0,CAF,1,808.3540185383836
-242.57,187.24,0.0,other_tissue,0,748.4010366294593
457.70000000000005,-285.57000000000005,0.0,other_tissue,0,267.23899937381555
169.76,32.00999999999999,0.0,other_tissue,0,456.69106681992474
-496.919,-20.50999999999999,0.0,other_tissue,0,494.770752136067
-2.7099999999999795,-494.08000000000004,0.0,other_tissue,0,308.06147440363145
-391.32,341.24,0.0,other_tissue,0,411.3337116423057
-405.01,-61.59000000000003,0.0,other_tissue,0,271.9818218550553
-154.95,-422.83000000000004,0.0,other_tissue,0,1131.2862183328652
-214.95,-363.20000000000005,0.0,other_tissue,0,1001.4007125124098
-383.1,265.05,0.0,other_tissue,0,323.95568705422426
-462.73,-457.88,0.0,other_tissue,0,385.54608862914904
-210.85000000000002,-489.07000000000005,0.0,other_tissue,0,743.2307542002385
61.72000000000003,274.34000000000003,0.0,other_tissue,0,593.4399464731649
-191.74,-63.710000000000036,0.0,other_tissue,0,340.7175759812308
372.90999999999997,196.24,0.0,other_tissue,0,218.60389856219956
448.09000000000003,33.389999999999986,0.0,other_tissue,0,384.5095144295876
44.57000000000005,461.40999999999997,0.0,other_tissue,0,225.1705341113908
395.25,-389.24,0.0,other_tissue,0,364.7955559445902
194.44000000000005,-477.09000000000003,0.0,other_tissue,0,429.9152367880031
-142.32,193.54000000000002,0.0,other_tissue,0,584.4696931626682
149.73000000000002,-471.6,0.0,other_tissue,0,227.8299659173403
-483.81,252.32,0.0,other_tissue,0,290.9087060392312
317.03,441.88,0.0,other_tissue,0,223.02949406173775
400.0,-160.76,0.0,other_tissue,0,854.114666055823
-213.51,-252.36,0.0,other_tissue,0,410.06452140979553
-60.160000000000025,-343.12,0.0,other_tissue,0,264.5693954898072
-366.58000000000004,253.66,0.0,other_tissue,0,290.1026399615332
-297.72,-326.02,0.0,CAF,1,877.0415320883919
-64.88,107.20999999999998,0.0,other_tissue,0,313.92168647466633
-242.83999999999997,-268.19000000000005,0.0,other_tissue,0,551.7830140497485
271.97,-186.89,0.0,other_tissue,0,487.3061244364086
-391.07,69.25999999999999,0.0,other_tissue,0,1084.0997748788582
-347.2,-290.65999999999997,0.0,epithelial_tumor_class1,1,1621.8216128776605
-39.52999999999997,445.65,0.0,other_tissue,0,667.9182834318955
70.74000000000001,-226.10000000000002,0.0,other_tissue,0,525.5962215432547
183.40999999999997,314.96000000000004,0.0,other_tissue,0,470.010898345312
-102.47000000000003,-357.80999999999995,0.0,other_tissue,0,662.133665744548
-71.41000000000003,-487.46000000000004,0.0,other_tissue,0,641.1433131260474
-380.51,-189.39,0.0,other_tissue,0,353.66453579871865
-495.206,-238.27999999999997,0.0,other_tissue,0,340.69398548231374
-371.02,-240.78999999999996,0.0,CAF,1,357.9869468846091
-318.15999999999997,-169.34000000000003,0.0,other_tissue,0,291.9183865732195
-495.635,-32.700000000000045,0.0,other_tissue,0,556.072224463454
491.79999999999995,134.92000000000002,0.0,other_tissue,0,634.4070639431974
-247.47,-278.47,0.0,other_tissue,0,297.0771984736367
196.66999999999996,445.25,0.0,other_tissue,0,263.3853225064214
-82.06,-67.50999999999999,0.0,other_tissue,0,446.52894190756393
19.940000000000055,-431.82000000000005,0.0,other_tissue,0,320.4328548204675
-233.23000000000002,-237.97000000000003,0.0,other_tissue,0,777.7982726108756
-464.61,-263.15999999999997,0.0,other_tissue,0,670.6379074784468
-53.420000000000016,-10.819999999999993,0.0,other_tissue,0,412.4313267565153
417.17999999999995,-205.85000000000002,0.0,other_tissue,0,184.36185193456419
-361.15,-242.55999999999995,0.0,other_tissue,0,305.7291854874126
-175.94,50.44999999999999,0.0,other_tissue,0,348.825600049489
-342.26,66.82,0.0,epithelial_tumor_class1,1,2141.445202200712
-300.02,-173.19000000000005,0.0,other_tissue,0,422.32980141367347
-172.86,115.94999999999999,0.0,other_tissue,0,557.8072209318948
-426.15999999999997,172.31,0.0,other_tissue,0,238.57475956198292
275.26,-255.34000000000003,0.0,other_tissue,0,514.5408963309176
-83.99000000000001,-206.15999999999997,0.0,other_tissue,0,704.4445828192368
-225.19,433.08,0.0,other_tissue,0,303.0921887476803
-142.48000000000002,387.51,0.0,other_tissue,0,267.92175573022934
-27.339999999999975,-88.24000000000001,0.0,other_tissue,0,120.9399371658484
358.15999999999997,362.99,0.0,other_tissue,0,469.98166487283686
148.32000000000005,-285.52,0.0,epithelial_tumor_class1,1,1635.8470996118901
282.98,-263.14,0.0,other_tissue,0,608.5414267914346
202.54999999999995,-455.07000000000005,0.0,other_tissue,0,575.8412987880283
188.71000000000004,333.76,0.0,other_tissue,0,672.6963859193589
-183.76999999999998,364.75,0.0,other_tissue,0,366.898213882402
-201.07,-131.22000000000003,0.0,other_tissue,0,873.0376241750694
223.67999999999995,-205.22000000000003,0.0,other_tissue,0,311.8711312305675
-479.43,-439.84000000000003,0.0,other_tissue,0,372.86618476186436
207.26,-33.25999999999999,0.0,other_tissue,0,784.0728487000824
-1.4700000000000273,494.612,0.0,other_tissue,0,331.2985390907519
-36.14999999999998,-68.40999999999997,0.0,other_tissue,0,345.6838352619655
-311.09000000000003,95.44,0.0,other_tissue,0,325.2119032900198
467.79999999999995,-191.75,0.0,other_tissue,0,920.5675556681858
-48.589999999999975,-392.28999999999996,0.0,other_tissue,0,168.7298985402405
412.4,338.55,0.0,other_tissue,0,371.44000880808994
160.85000000000002,-254.63,0.0,CD8_Tcell,1,301.5890569783996
20.460000000000036,-136.67999999999995,0.0,other_tissue,0,372.7910320139469
-495.564,-368.51,0.0,other_tissue,0,653.0097858914216
-53.110000000000014,345.36,0.0,other_tissue,0,443.61122906575093
-151.29000000000002,137.70999999999998,0.0,other_tissue,0,347.90380548476594
-276.23,-188.39999999999998,0.0,other_tissue,0,518.8692825603977
-130.42000000000002,45.73000000000002,0.0,other_tissue,0,755.2584380939895
8.259999999999991,-317.4,0.0,other_tissue,0,461.9161280379547
-339.34000000000003,358.95,0.0,other_tissue,0,556.2030419008906
-245.29,-147.78999999999996,0.0,epithelial_tumor_class1,1,2629.926542825762
-31.95999999999998,15.930000000000007,0.0,other_tissue,0,771.0285233833221
397.69000000000005,-466.09000000000003,0.0,other_tissue,0,206.33701288987405
161.44000000000005,-356.1,0.0,other_tissue,0,420.5899936653286
-152.02999999999997,473.58,0.0,other_tissue,0,362.9346511509101
-225.02999999999997,398.48,0.0,other_tissue,0,193.01560900287862
-195.31,-460.62,0.0,other_tissue,0,589.0963492510568
-388.12,241.66000000000003,0.0,CAF,1,374.2960066683734
-253.41,112.26999999999998,0.0,other_tissue,0,246.89180365651893
-207.64999999999998,-465.69000000000005,0.0,other_tissue,0,301.61080592782537
467.53,-108.84000000000003,0.0,other_tissue,0,303.48512977537376
-324.1,21.160000000000025,0.0,apCAF,1,1461.8476071587604
97.75,184.89999999999998,0.0,other_tissue,0,310.3058392630763
151.24,-158.94000000000005,0.0,other_tissue,0,581.8873565817495
-202.04000000000002,-59.960000000000036,0.0,other_tissue,0,96.59576924314901
-225.73000000000002,-57.799999999999955,0.0,CAF,1,486.52791936055473
482.42999999999995,354.06,0.0,other_tissue,0,1371.6235487786068
-338.63,-237.88,0.0,other_tissue,0,414.13514278729974
183.17999999999995,465.65,0.0,other_tissue,0,701.3097297073507
-228.98000000000002,-223.89,0.0,other_tissue,0,292.71715100671156
231.64,0.7900000000000205,0.0,other_tissue,0,305.44396308130456
-235.27999999999997,-78.38999999999999,0.0,other_tissue,0,646.0278846496835
415.21000000000004,430.75,0.0,other_tissue,0,220.02846293217382
-408.46,349.31,0.0,other_tissue,0,347.8081278525616
230.82000000000005,-339.83000000000004,0.0,CAF,1,295.3258768787229
-377.76,214.04000000000002,0.0,other_tissue,0,459.50738993976336
-297.06,-135.64999999999998,0.0,other_tissue,0,327.1252690392073
-325.75,-14.909999999999968,0.0,mesenchymal_tumor_class1,1,1815.6089343881426
-100.31,-480.94000000000005,0.0,other_tissue,0,454.7722594715105
-379.90999999999997,-480.74,0.0,other_tissue,0,496.754901713288
182.39,383.88,0.0,other_tissue,0,270.6947638416902
-44.56999999999999,79.43,0.0,other_tissue,0,845.3293327198901
-299.89,305.24,0.0,other_tissue,0,581.0451077379496
77.99000000000001,38.110000000000014,0.0,other_tissue,0,309.4311254261037
-486.25,132.76999999999998,0.0,mesenchymal_tumor_class1,1,237.4054766720869
69.79999999999995,389.96,0.0,other_tissue,0,493.4559583766489
-284.56,-410.53999999999996,0.0,other_tissue,0,404.6301359447669
-249.5,-357.03999999999996,0.0,other_tissue,0,707.4735683317812
175.01,-304.61,0.0,other_tissue,0,394.9722310055415
-436.47,-149.63,0.0,other_tissue,0,540.3140435711803
25.92999999999995,-132.80999999999995,0.0,other_tissue,0,153.16842554018857
286.65999999999997,-203.69000000000005,0.0,other_tissue,0,806.5089727294337
-283.16999999999996,88.57,0.0,other_tissue,0,735.480660740254
-309.5,-122.82000000000005,0.0,other_tissue,0,155.4640705052119
-187.95999999999998,-105.96000000000004,0.0,other_tissue,0,599.6771324307772
-349.84000000000003,-334.57000000000005,0.0,epithelial_tumor_class1,1,1920.5283334755054
-42.360000000000014,303.1,0.0,other_tissue,0,589.3172731253329
189.25,-206.82000000000005,0.0,other_tissue,0,404.5772264022622
259.86,310.03,0.0,other_tissue,0,169.03279372939954
-304.64,310.91999999999996,0.0,other_tissue,0,794.750523605906
58.870000000000005,-99.25999999999999,0.0,other_tissue,0,383.4747998437097
484.76,-55.22000000000003,0.0,other_tissue,0,520.4791072922387
-128.39,-12.600000000000023,0.0,other_tissue,0,1084.4825784681477
407.02,-103.20000000000005,0.0,other_tissue,0,627.6649853275554
-156.5,258.38,0.0,other_tissue,0,242.96364501600402
-288.77,26.029999999999973,0.0,other_tissue,0,815.6779023767317
257.6,192.04000000000002,0.0,other_tissue,0,275.56017145489096
-111.98000000000002,369.53999999999996,0.0,other_tissue,0,1077.3263459915775
-219.67000000000002,-52.50999999999999,0.0,CAF,1,469.58713162724985
-120.57,-344.76,0.0,other_tissue,0,266.647548474062
-290.48,10.350000000000023,0.0,other_tissue,0,1124.1605770152732
-41.56999999999999,374.68,0.0,epithelial_tumor_class1,1,10128.694822980333
84.22000000000003,272.89,0.0,other_tissue,0,456.61937277502886
313.37,-365.39,0.0,other_tissue,0,521.6534024111993
191.77999999999997,408.53,0.0,other_tissue,0,153.4246835167475
435.19000000000005,-213.59000000000003,0.0,other_tissue,0,815.0658960073714
174.07000000000005,-413.78999999999996,0.0,other_tissue,0,890.7597902113502
189.48000000000002,-415.34000000000003,0.0,other_tissue,0,1371.6235487786068
261.79999999999995,484.22,0.0,other_tissue,0,447.84395272555594
-315.32,-280.83000000000004,0.0,other_tissue,0,251.16997192743216
356.57000000000005,-366.04999999999995,0.0,other_tissue,0,648.6696781842355
391.44000000000005,-95.95000000000005,0.0,other_tissue,0,477.80057101754784
421.54999999999995,254.33,0.0,other_tissue,0,444.9909722902004
108.87,-249.84000000000003,0.0,other_tissue,0,398.4185964292363
-332.33000000000004,84.88999999999999,0.0,other_tissue,0,240.43048125426202
114.14999999999998,122.86000000000001,0.0,other_tissue,0,194.1078880802766
-15.589999999999975,43.69,0.0,other_tissue,0,241.1510983949605
-260.71000000000004,-7.579999999999984,0.0,other_tissue,0,455.94581547982744
-442.54,420.15999999999997,0.0,other_tissue,0,724.3078040651037
-163.25,-393.16999999999996,0.0,other_tissue,0,271.23138772187406
468.28,-3.1000000000000227,0.0,other_tissue,0,582.5786076671485
288.94000000000005,-429.23,0.0,other_tissue,0,663.1628603075474
-233.95999999999998,-471.20000000000005,0.0,other_tissue,0,304.67693844486035
15.980000000000018,323.6,0.0,other_tissue,0,668.2509028503756
-153.79000000000002,372.94,0.0,other_tissue,0,655.9625974095828
186.46000000000004,432.0,0.0,other_tissue,0,243.1237331984471
-114.80000000000001,-290.75,0.0,other_tissue,0,983.0475191755299
372.90999999999997,-236.70000000000005,0.0,other_tissue,0,621.6046431353926
-85.89999999999998,-57.66999999999996,0.0,other_tissue,0,528.8311525094567
146.04999999999995,-444.49,0.0,other_tissue,0,380.8897855164491
254.73000000000002,-319.4,0.0,other_tissue,0,208.4210098057536
29.799999999999955,-345.66999999999996,0.0,other_tissue,0,384.7780772577122
-196.02999999999997,-285.16999999999996,0.0,other_tissue,0,734.1614426647036
489.12,-198.41999999999996,0.0,other_tissue,0,326.71217417834555
-395.40999999999997,175.24,0.0,other_tissue,0,595.7138786305007
-282.43,171.45,0.0,other_tissue,0,449.8000130614404
-462.37,194.24,0.0,other_tissue,0,254.40840280632935
-499.4002,52.610000000000014,0.0,other_tissue,0,666.5889094918361
-231.27999999999997,329.81,0.0,other_tissue,0,560.0385346787779
202.23000000000002,-406.24,0.0,other_tissue,0,397.7120337129305
-365.51,7.2099999999999795,0.0,other_tissue,0,493.7580033730392
265.92999999999995,-222.39,0.0,other_tissue,0,122.34682272269511
337.21000000000004,226.58999999999997,0.0,other_tissue,0,395.3758839137078
282.86,-315.75,0.0,other_tissue,0,316.20561288236905
392.52,-154.51,0.0,other_tissue,0,1019.9319272177452
-252.55,-288.80999999999995,0.0,CAF,1,615.8809442573835
138.37,-287.65,0.0,other_tissue,0,522.484301857301
-256.24,402.17,0.0,other_tissue,0,1371.6235487786068
-89.95999999999998,417.88,0.0,epithelial_tumor_class1,1,5138.141092166343
298.74,-314.39,0.0,other_tissue,0,258.1938320672319
-450.93,193.69,0.0,other_tissue,0,662.4276125966687
-161.31,158.89,0.0,other_tissue,0,301.241215966621
377.38,171.06,0.0,other_tissue,0,1335.273022258516
-397.11,-224.48000000000002,0.0,CAF,1,518.0734150691342
-478.71,114.49000000000001,0.0,other_tissue,0,555.1407438976152
-208.29000000000002,-150.87,0.0,other_tissue,0,309.76310138112945
268.39,-355.11,0.0,other_tissue,0,639.8497199240499
-229.0,104.06,0.0,other_tissue,0,251.5648326239525
-308.53,-6.600000000000023,0.0,other_tissue,0,585.5183016300552
-141.51,-52.309999999999945,0.0,other_tissue,0,280.9915168735299
256.1,173.38,0.0,other_tissue,0,674.3313229793853
-170.3,-462.32000000000005,0.0,other_tissue,0,255.4875428033075
-105.36000000000001,-453.75,0.0,other_tissue,0,891.0060502260159
-49.75,-282.37,0.0,other_tissue,0,435.7260704827254
375.09000000000003,417.94,0.0,other_tissue,0,215.477623501223
-61.06,-326.5,0.0,other_tissue,0,288.69560970408276
-405.04,-215.21000000000004,0.0,other_tissue,0,486.1092292367622
-57.5,-350.17999999999995,0.0,other_tissue,0,181.81246022699733
460.25,-209.47000000000003,0.0,epithelial_tumor_class1,1,2001.7842590242751
-284.15,-294.17999999999995,0.0,other_tissue,0,349.1252337646796
445.70000000000005,-148.80999999999995,0.0,other_tissue,0,249.81519050721417
32.82000000000005,-275.92999999999995,0.0,other_tissue,0,248.58954450003964
-213.64999999999998,347.23,0.0,CAF,1,440.5942396513493
349.71000000000004,-442.02,0.0,other_tissue,0,648.7059170511542
268.36,442.64,0.0,other_tissue,0,794.1490317560289
-487.8,-113.62,0.0,other_tissue,0,398.798391923257
376.15,-209.5,0.0,other_tissue,0,750.3560402607981
-256.56,226.06,0.0,other_tissue,0,1371.6235487786068
-473.97,100.50999999999999,0.0,other_tissue,0,523.8658563724401
-294.90999999999997,152.32999999999998,0.0,other_tissue,0,255.7212708942567
465.32000000000005,-175.64999999999998,0.0,other_tissue,0,695.466463810522
398.71000000000004,-382.37,0.0,other_tissue,0,154.02836187541945
-391.46,295.25,0.0,other_tissue,0,151.84323557705795
-174.54000000000002,262.72,0.0,other_tissue,0,355.38444754276856
-269.25,-217.96000000000004,0.0,other_tissue,0,136.72494920324297
-495.51,-59.24000000000001,0.0,other_tissue,0,966.2427746320942
293.86,-458.76,0.0,other_tissue,0,218.5688021427179
-373.97,244.53,0.0,other_tissue,0,127.82559649882614
178.39,151.62,0.0,other_tissue,0,177.12736075604528
-452.28,-113.49000000000001,0.0,other_tissue,0,1371.6235487786068
124.29999999999995,210.66000000000003,0.0,other_tissue,0,580.6411171410829
-189.35000000000002,-8.899999999999977,0.0,other_tissue,0,745.8924541391875
-414.11,-11.850000000000023,0.0,other_tissue,0,704.2531663311341
26.269999999999982,-449.1,0.0,other_tissue,0,275.45779235648337
166.96000000000004,-398.86,0.0,other_tissue,0,211.34152043074954
-193.73000000000002,128.51999999999998,0.0,epithelial_tumor_class1,1,3601.296650500546
97.84000000000003,261.40999999999997,0.0,other_tissue,0,848.2510500989273
371.28,-217.60000000000002,0.0,other_tissue,0,334.1430353495738
244.47000000000003,132.26,0.0,other_tissue,0,1242.929733610891
-326.66999999999996,470.23,0.0,other_tissue,0,640.0831565215022
350.37,-268.84000000000003,0.0,other_tissue,0,461.77165584565813
-75.56,-193.11,0.0,other_tissue,0,286.70398270244635
-170.29000000000002,71.57,0.0,other_tissue,0,186.89544145447317
317.99,467.42,0.0,other_tissue,0,984.5304255749684
374.61,222.17000000000002,0.0,other_tissue,0,303.8346956713104
477.49,153.2,0.0,other_tissue,0,382.30182191714994
192.55999999999995,-428.44000000000005,0.0,other_tissue,0,672.0468621148847
-287.49,-469.39,0.0,other_tissue,0,1161.23820647289
101.5,332.68,0.0,other_tissue,0,356.89089526144784
57.23000000000002,-224.80999999999995,0.0,other_tissue,0,1127.3529245972852
415.15999999999997,-301.59000000000003,0.0,other_tissue,0,1036.4599936182153
163.51999999999998,-155.39999999999998,0.0,other_tissue,0,609.7403231382956
14.200000000000045,-377.28,0.0,other_tissue,0,530.9369957065137
-484.58,-242.20000000000005,0.0,other_tissue,0,288.3366494093822
-418.71,-428.61,0.0,epithelial_tumor_class1,1,2193.1149969787043
45.98000000000002,273.09000000000003,0.0,other_tissue,0,624.0735180398925
-393.92,369.82,0.0,other_tissue,0,472.00161964668183
-413.99,377.77,0.0,other_tissue,0,173.8532030739485
-192.2,-113.71000000000004,0.0,other_tissue,0,413.51747164318346
-488.69,-35.950000000000045,0.0,other_tissue,0,738.321341434959
219.97000000000003,-360.76,0.0,other_tissue,0,591.495473605619
-384.56,58.420000000000016,0.0,other_tissue,0,223.62582929197802
261.4,-458.28,0.0,other_tissue,0,423.3787121600053
-427.87,181.45999999999998,0.0,other_tissue,0,275.3861420776604
471.40999999999997,468.13,0.0,other_tissue,0,842.9104874814169
-441.18,173.23000000000002,0.0,other_tissue,0,290.71766088831833
324.85,-348.41999999999996,0.0,other_tissue,0,1211.0883116475206
-135.99,-91.21000000000004,0.0,other_tissue,0,663.6594599438032
-323.4,-274.63,0.0,other_tissue,0,992.1837983540829
-8.269999999999982,-450.64,0.0,other_tissue,0,224.04478776635236
-403.74,68.47000000000003,0.0,other_tissue,0,534.7830067623233
291.03999999999996,-300.32000000000005,0.0,other_tissue,0,592.518350034069
134.55999999999995,354.81,0.0,other_tissue,0,1256.5641344681305
2.569999999999993,-384.53,0.0,CAF,1,495.0884656631928
-394.62,-459.07000000000005,0.0,other_tissue,0,174.12449540956308
339.25,-267.48,0.0,other_tissue,0,680.0370633072946
197.36,-452.54999999999995,0.0,other_tissue,0,249.4988191140198
-367.98,-6.9599999999999795,0.0,other_tissue,0,1319.9098767174064
266.41999999999996,448.39,0.0,other_tissue,0,1371.6235487786068
229.0,433.65999999999997,0.0,other_tissue,0,414.55174616206455
-333.95,378.14,0.0,other_tissue,0,978.3932472301967
-406.6,-420.37,0.0,other_tissue,0,884.7294428373555
10.639999999999986,-85.26999999999998,0.0,other_tissue,0,378.0508671640998
461.74,-94.82000000000005,0.0,other_tissue,0,1121.6006014719849
-88.87,-42.51999999999998,0.0,other_tissue,0,230.01972468908596
353.42999999999995,208.51999999999998,0.0,CAF,1,375.125466559932
-439.46,253.08,0.0,other_tissue,0,231.52075832908935
-386.57,147.07999999999998,0.0,other_tissue,0,235.07616350628572
-248.17,325.86,0.0,other_tissue,0,922.193123297141
-145.16000000000003,134.39999999999998,0.0,other_tissue,0,329.34585508132614
-146.85000000000002,-57.789999999999964,0.0,CAF,1,713.4610263962388
-213.42000000000002,441.93,0.0,other_tissue,0,475.05711225866145
-238.16000000000003,326.49,0.0,other_tissue,0,803.3286919690528
-100.42000000000002,483.11,0.0,other_tissue,0,714.1176448220142
-245.05,178.72000000000003,0.0,other_tissue,0,446.486565117863
65.0,-384.26,0.0,other_tissue,0,713.8085977542337
8.800000000000011,320.18,0.0,other_tissue,0,298.2198018335229
42.110000000000014,-469.67999999999995,0.0,other_tissue,0,406.8432281950657
61.200000000000045,-462.65,0.0,other_tissue,0,398.3793210084683
388.94000000000005,-280.08000000000004,0.0,other_tissue,0,1371.6235487786068
-222.14999999999998,369.71000000000004,0.0,other_tissue,0,1371.6235487786068
14.350000000000023,-288.87,0.0,other_tissue,0,418.3272808186061
-228.5,-104.98000000000002,0.0,other_tissue,0,535.8670368123863
33.799999999999955,-151.63,0.0,other_tissue,0,324.4692019500611
-226.97000000000003,320.99,0.0,other_tissue,0,1241.6443682917807
94.71000000000004,101.31,0.0,other_tissue,0,146.5584091306585
-5.639999999999986,-339.53,0.0,other_tissue,0,437.38194002925104
-141.16000000000003,-361.35,0.0,other_tissue,0,1026.585878100321
-82.52999999999997,-101.95000000000005,0.0,other_tissue,0,219.2362767277077
334.57000000000005,327.59000000000003,0.0,other_tissue,0,297.2602493344201
-434.83,-32.58000000000004,0.0,other_tissue,0,284.5332102582452
-145.36,-404.53999999999996,0.0,other_tissue,0,143.17037372376578
-321.40999999999997,97.07,0.0,CAF,1,285.54906271442525
211.14999999999998,325.45,0.0,other_tissue,0,127.9974738286087
-302.2,237.82,0.0,other_tissue,0,355.50577781104784
-193.19,464.14,0.0,other_tissue,0,381.39822602807425
-464.73,-357.23,0.0,other_tissue,0,475.0718338863851
39.889999999999986,11.759999999999991,0.0,other_tissue,0,241.516634997158
-355.74,490.575,0.0,other_tissue,0,842.4143321011325
-291.37,-353.41999999999996,0.0,CD8_Tcell,1,394.55584530494536
-136.95,434.34000000000003,0.0,epithelial_tumor_class1,1,3503.9062585891597
-221.86,311.57,0.0,other_tissue,0,1371.6235487786068
272.97,-374.16999999999996,0.0,other_tissue,0,639.1318094667708
-197.56,479.45,0.0,other_tissue,0,624.3560907067267
-418.1,-81.71000000000004,0.0,other_tissue,0,208.87183052032285
-458.21,240.26999999999998,0.0,other_tissue,0,896.2329533866803
-346.99,-89.61000000000001,0.0,other_tissue,0,291.9928763612856
-300.64,-335.30999999999995,0.0,other_tissue,0,724.6979054744943
-50.860000000000014,-273.85,0.0,other_tissue,0,272.82517049064825
274.24,-433.4,0.0,other_tissue,0,569.3554340557066
366.24,398.48,0.0,other_tissue,0,259.62791156115543
10.550000000000011,-295.35,0.0,other_tissue,0,753.7153907742992
-214.36,303.2,0.0,other_tissue,0,1371.6235487786068
-328.77,-186.52999999999997,0.0,other_tissue,0,259.1361921624593
-66.32,-484.1,0.0,other_tissue,0,429.52969553871924
66.66999999999996,-440.69000000000005,0.0,other_tissue,0,237.386190335745
382.73,-141.32000000000005,0.0,other_tissue,0,906.5441497235734
-218.95,27.220000000000027,0.0,other_tissue,0,398.8507964424964
-178.18,176.45999999999998,0.0,other_tissue,0,876.8643057355014
421.66999999999996,-162.90999999999997,0.0,mesenchymal_tumor_class1,1,410.7856351205759
-376.05,341.34000000000003,0.0,other_tissue,0,320.0706687308443
-145.94,82.83999999999997,0.0,other_tissue,0,1010.0415205127529
278.79999999999995,64.13999999999999,0.0,epithelial_tumor_class1,1,7436.807628666446
263.21000000000004,-382.48,0.0,other_tissue,0,884.439781588223
-230.93,-338.38,0.0,other_tissue,0,427.1527119605278
125.91999999999996,1.0600000000000023,0.0,other_tissue,0,871.713056191791
43.60000000000002,452.24,0.0,other_tissue,0,198.01669634190702
1.490000000000009,67.22000000000003,0.0,other_tissue,0,909.7413934651547
-226.07,168.86,0.0,other_tissue,0,309.53069329513363
-245.28,226.60000000000002,0.0,other_tissue,0,164.45469290420948
489.11,128.81,0.0,other_tissue,0,360.50412888216323
79.73000000000002,-224.69000000000005,0.0,other_tissue,0,585.3321667469635
-335.6,418.34000000000003,0.0,other_tissue,0,312.89528899622707
-76.63,-329.08000000000004,0.0,other_tissue,0,424.1835971489337
-44.77999999999997,32.110000000000014,0.0,other_tissue,0,276.7906999478508
314.88,86.88999999999999,0.0,other_tissue,0,1371.6235487786068
61.50999999999999,-55.610000000000014,0.0,other_tissue,0,514.3080372774299
476.89,411.61,0.0,other_tissue,0,358.7677251199015
-294.8,-361.08000000000004,0.0,other_tissue,0,881.9913321905085
-46.24000000000001,154.0,0.0,other_tissue,0,1010.4310342227075
-371.85,82.07,0.0,other_tissue,0,269.0085220088747
-446.19,-276.65,0.0,other_tissue,0,478.6434177734935
495.5,-477.16999999999996,0.0,other_tissue,0,1030.2319577145383
-306.47,457.01,0.0,other_tissue,0,543.7539882134131
120.52999999999997,376.8,0.0,other_tissue,0,229.98341677317663
-181.16000000000003,383.12,0.0,other_tissue,0,783.3740132664599
132.5,-377.23,0.0,other_tissue,0,1371.6235487786068
274.92999999999995,442.37,0.0,other_tissue,0,287.9990763523415
-216.83999999999997,-332.09000000000003,0.0,other_tissue,0,537.431890845078
319.89,-59.49000000000001,0.0,other_tissue,0,330.56971572971554
449.36,-333.16999999999996,0.0,other_tissue,0,475.26324272445686
65.96000000000004,-292.04999999999995,0.0,other_tissue,0,606.7200362889172
-281.64,-462.46000000000004,0.0,other_tissue,0,562.259318782619
270.67999999999995,40.43000000000001,0.0,epithelial_tumor_class1,1,3616.2584192771324
-301.63,-82.69000000000005,0.0,other_tissue,0,714.2722018011491
412.79999999999995,-397.88,0.0,other_tissue,0,703.9278378867668
252.10000000000002,465.34000000000003,0.0,other_tissue,0,199.51552711643674
386.95000000000005,378.62,0.0,other_tissue,0,225.74378313773525
-389.57,307.90999999999997,0.0,other_tissue,0,397.7643430216367
-268.72,-336.65,0.0,other_tissue,0,549.1682152642994
-287.02,-333.92999999999995,0.0,other_tissue,0,1328.9790857892635
448.46000000000004,-242.57000000000005,0.0,other_tissue,0,214.36712498810664
-394.87,474.37,0.0,other_tissue,0,349.8210446898163
447.02,11.670000000000016,0.0,other_tissue,0,370.51619473543633
-19.870000000000005,-5.5400000000000205,0.0,other_tissue,0,954.9200088338866
-70.41000000000003,48.610000000000014,0.0,other_tissue,0,1371.6235487786068
114.26999999999998,-483.52,0.0,other_tissue,0,264.44983261596036
-76.19999999999999,86.04000000000002,0.0,other_tissue,0,525.6749649094482
-52.920000000000016,-362.45000000000005,0.0,other_tissue,0,282.0509204589318
-479.76,-132.59000000000003,0.0,other_tissue,0,608.767185551427
-354.0,209.05,0.0,other_tissue,0,179.4174094444041
-423.32,422.93,0.0,other_tissue,0,211.33294140172254
448.01,-357.44000000000005,0.0,other_tissue,0,284.3658787985246
53.91999999999996,-240.09000000000003,0.0,other_tissue,0,995.4828073884285
-439.26,-395.77,0.0,other_tissue,0,306.421037570927
-487.33,201.11,0.0,other_tissue,0,236.76562562463795
-431.12,88.68,0.0,CAF,1,939.5744172212361
309.08000000000004,253.14,0.0,other_tissue,0,631.0567058501108
-57.910000000000025,291.22,0.0,other_tissue,0,698.621967482446
177.84000000000003,-345.11,0.0,other_tissue,0,315.1966376178227
-86.17000000000002,-391.28,0.0,other_tissue,0,686.0946101299983
-439.84000000000003,-272.08000000000004,0.0,other_tissue,0,455.6164438556854
-99.82999999999998,-289.13,0.0,other_tissue,0,179.39433489906222
414.65999999999997,-259.13,0.0,other_tissue,0,285.09843854274845
226.49,478.76,0.0,other_tissue,0,335.78742945586066
212.26,-438.20000000000005,0.0,other_tissue,0,195.91302707520316
263.40999999999997,326.28,0.0,other_tissue,0,202.17746839857236
-28.850000000000023,-341.58000000000004,0.0,other_tissue,0,415.89753212822643
-102.57,246.72,0.0,CAF,1,1166.1068991163083
-189.01,-31.039999999999964,0.0,other_tissue,0,178.24312841253666
-211.42000000000002,-368.59000000000003,0.0,other_tissue,0,902.473459141215
-170.64,-193.52999999999997,0.0,other_tissue,0,1343.4406457398086
491.03999999999996,66.88,0.0,other_tissue,0,347.4136430397115
166.01,-188.14999999999998,0.0,apCAF,1,576.6617603299371
453.4,-168.16999999999996,0.0,other_tissue,0,1049.041192151701
20.629999999999995,-415.64,0.0,other_tissue,0,489.7959465512172
407.78,496.437,0.0,other_tissue,0,383.11755294500995
-289.41999999999996,390.71,0.0,other_tissue,0,421.4321151303419
-444.0,0.17000000000001592,0.0,other_tissue,0,247.9209681785245
374.64,-170.84000000000003,0.0,epithelial_tumor_class1,1,10128.694822980333
375.99,-290.45000000000005,0.0,CD4_Tcell,1,606.3908401563547
-478.4,93.74000000000001,0.0,other_tissue,0,399.8604784218468
-129.99,-3.069999999999993,0.0,other_tissue,0,744.3224755111767
-285.72,-142.26,0.0,other_tissue,0,437.85581494566696
-183.14,264.98,0.0,other_tissue,0,489.91615170772064
-222.5,-256.55999999999995,0.0,other_tissue,0,420.83436486276935
387.59000000000003,-384.24,0.0,other_tissue,0,216.35657827584248
24.590000000000032,214.55,0.0,other_tissue,0,759.4371949625167
305.85,-335.17999999999995,0.0,other_tissue,0,272.40835903661673
133.65999999999997,-71.66999999999996,0.0,epithelial_tumor_class1,1,3156.1345932472236
-188.32999999999998,-68.15999999999997,0.0,other_tissue,0,243.51011750742148
81.61000000000001,134.54000000000002,0.0,CAF,1,580.035482423188
-362.1,495.855,0.0,other_tissue,0,431.8187752164079
66.20000000000005,285.33000000000004,0.0,other_tissue,0,473.4542774447482
-151.68,-41.549999999999955,0.0,other_tissue,0,1371.6235487786068
-474.47,-442.12,0.0,other_tissue,0,233.2114847218602
361.28,-266.54999999999995,0.0,CAF,1,724.6979054744943
-80.31,-336.62,0.0,other_tissue,0,493.87885587447585
110.61000000000001,-43.02999999999997,0.0,CAF,1,492.988032105967
-185.20999999999998,-477.78999999999996,0.0,other_tissue,0,265.1677504529956
193.27999999999997,111.41000000000003,0.0,other_tissue,0,497.4528823315066
-165.76999999999998,196.67000000000002,0.0,other_tissue,0,1070.581189505735
-284.24,161.29000000000002,0.0,other_tissue,0,364.0800207832532
-78.56,12.029999999999973,0.0,other_tissue,0,325.38345670181354
171.22000000000003,-405.55999999999995,0.0,other_tissue,0,272.0833379117322
-414.63,-411.66999999999996,0.0,epithelial_tumor_class1,1,2061.161428178306
132.62,-493.74,0.0,other_tissue,0,342.76227784874703
-388.62,86.05000000000001,0.0,CAF,1,783.8878224203004
-65.82,-245.83000000000004,0.0,other_tissue,0,236.41414467049086
-291.74,446.19,0.0,other_tissue,0,396.17097149630655
402.4,-312.44000000000005,0.0,other_tissue,0,345.2790579414419
43.01999999999998,-85.50999999999999,0.0,other_tissue,0,594.0890498265746
-410.6,6.069999999999993,0.0,other_tissue,0,1371.6235487786068
-432.17,-24.299999999999955,0.0,other_tissue,0,1071.2645607210104
88.28999999999996,132.95,0.0,other_tissue,0,320.63670451524433
-365.62,32.10000000000002,0.0,other_tissue,0,104.62118339179153
292.15999999999997,-165.69000000000005,0.0,other_tissue,0,574.9714564534777
-238.8,-175.65999999999997,0.0,other_tissue,0,1161.264920436905
-10.120000000000005,-172.41999999999996,0.0,other_tissue,0,471.22515677429675
-88.0,209.76,0.0,other_tissue,0,223.46551553149826
-114.99000000000001,209.81,0.0,other_tissue,0,503.0143972163403
245.85000000000002,-408.67999999999995,0.0,other_tissue,0,436.5882699510852
46.22000000000003,-370.65999999999997,0.0,other_tissue,0,170.76101074307158
-464.61,-286.77,0.0,other_tissue,0,739.5664357847642
-387.44,-357.20000000000005,0.0,epithelial_tumor_class1_class2,1,2269.4941548870947
20.450000000000045,131.42000000000002,0.0,other_tissue,0,436.51869560964275
-359.38,-337.13,0.0,other_tissue,0,1010.1145467069604
149.23000000000002,141.62,0.0,other_tissue,0,520.8233843442069
-185.95999999999998,288.56,0.0,other_tissue,0,414.09484115043176
442.79999999999995,-5.2900000000000205,0.0,other_tissue,0,367.15851328119817
-87.31,133.51,0.0,epithelial_tumor_class1,1,2902.6898967311054
-264.78999999999996,206.97000000000003,0.0,other_tissue,0,463.6376606602417
-474.94,385.55,0.0,other_tissue,0,357.02473695041846
370.65,-482.67999999999995,0.0,other_tissue,0,681.6089556235297
239.01,-311.6,0.0,other_tissue,0,207.42809942323726
400.15999999999997,315.15,0.0,other_tissue,0,174.87200425840263
189.13,-339.12,0.0,other_tissue,0,171.83496059211464
-165.7,186.56,0.0,other_tissue,0,436.35174734851563
181.70000000000005,-164.42999999999995,0.0,other_tissue,0,817.7906186468082
-422.52,-75.92999999999995,0.0,other_tissue,0,697.9558580464092
-108.07,-420.58000000000004,0.0,other_tissue,0,780.090950427553
280.65999999999997,-482.34000000000003,0.0,other_tissue,0,856.925685130813
303.35,454.38,0.0,other_tissue,0,178.13593446092423
-436.12,-163.89,0.0,other_tissue,0,409.5709125153003
-123.23000000000002,380.01,0.0,other_tissue,0,1371.6235487786068
21.120000000000005,224.67000000000002,0.0,other_tissue,0,433.3401065679377
488.98,-166.77999999999997,0.0,other_tissue,0,217.83264480806102
77.58000000000004,-172.85000000000002,0.0,other_tissue,0,866.3622563728967
330.95000000000005,-384.34000000000003,0.0,other_tissue,0,237.23789734521122
335.86,-353.46000000000004,0.0,other_tissue,0,1371.6235487786068
247.05999999999995,142.89,0.0,other_tissue,0,693.6459380899435
115.62,-99.38,0.0,other_tissue,0,1371.6235487786068
-457.27,-202.65999999999997,0.0,epithelial_tumor_class1,1,7871.075684676355
-444.61,-74.82000000000005,0.0,other_tissue,0,222.89613157945217
150.97000000000003,-478.69000000000005,0.0,other_tissue,0,198.20569321748349
47.440000000000055,-357.63,0.0,other_tissue,0,1303.62596708553
-354.98,-67.98000000000002,0.0,other_tissue,0,624.0382024524309
-287.41999999999996,153.10000000000002,0.0,other_tissue,0,358.21862207040783
-381.15999999999997,499.7828,0.0,other_tissue,0,961.1942151263842
243.96000000000004,-29.340000000000032,0.0,other_tissue,0,504.43803646679646
7.970000000000027,83.04000000000002,0.0,other_tissue,0,1137.1242664588192
113.63999999999999,10.560000000000002,0.0,other_tissue,0,413.7456698164439
-15.819999999999993,-73.50999999999999,0.0,other_tissue,0,408.99775680111725
-319.19,443.75,0.0,other_tissue,0,328.11351594726494
256.24,-461.91999999999996,0.0,other_tissue,0,412.5519154872603
-253.34,393.76,0.0,other_tissue,0,1371.6235487786068
117.58000000000004,-276.77,0.0,other_tissue,0,1371.6235487786068
75.41999999999996,-260.41999999999996,0.0,other_tissue,0,572.2171801648319
-499.6136,245.71,0.0,other_tissue,0,1158.3555091465862
-307.87,335.75,0.0,epithelial_tumor_class1,1,8610.177122191524
-253.84,-3.670000000000016,0.0,other_tissue,0,492.50532181549056
-57.20999999999998,364.93,0.0,other_tissue,0,211.2814721030198
-116.30000000000001,484.09,0.0,other_tissue,0,1306.369124785529
-323.73,409.09000000000003,0.0,other_tissue,0,857.5802932343755
76.02999999999997,-306.27,0.0,other_tissue,0,628.8888607552747
-325.44,-458.48,0.0,other_tissue,0,766.4022428729905
454.15,437.79,0.0,other_tissue,0,152.18759802499352
-414.33,327.37,0.0,other_tissue,0,419.38310403196033
70.63,-272.03,0.0,other_tissue,0,443.14726434980656
-498.985,-137.03999999999996,0.0,epithelial_tumor_class1,1,6700.223469031354
288.20000000000005,-291.35,0.0,other_tissue,0,804.164795869492
147.37,202.3,0.0,other_tissue,0,307.5764424712327
-257.45,-292.80999999999995,0.0,CAF,1,277.31478189543503
-469.93,201.24,0.0,other_tissue,0,189.77135774869961
-180.89,-321.29999999999995,0.0,other_tissue,0,242.48380214861558
40.85000000000002,-325.02,0.0,other_tissue,0,690.5432279418488
-435.4,75.66000000000003,0.0,other_tissue,0,434.83724956860726
-328.9,-53.789999999999964,0.0,other_tissue,0,1371.6235487786068
-323.55,-232.47000000000003,0.0,other_tissue,0,394.6208862710274
310.78999999999996,-440.25,0.0,other_tissue,0,197.12264923515818
-93.75,430.26,0.0,other_tissue,0,1296.6554901831719
-449.5,329.13,0.0,other_tissue,0,530.6041231694907
-70.48000000000002,-462.89,0.0,other_tissue,0,667.6596557608755
170.40999999999997,-178.78999999999996,0.0,other_tissue,0,169.98074971136077
33.73000000000002,452.24,0.0,other_tissue,0,169.8768948440249
-5.6200000000000045,-160.01,0.0,mesenchymal_tumor_class1,1,638.4861493646107
-82.44999999999999,163.04000000000002,0.0,other_tissue,0,903.8516029074689
296.05999999999995,-305.58000000000004,0.0,other_tissue,0,309.8516683859917
-464.68,217.97000000000003,0.0,other_tissue,0,215.11281947574906
-63.410000000000025,92.0,0.0,other_tissue,0,620.7420776990535
-65.86000000000001,470.71,0.0,other_tissue,0,321.30548460514683
166.25,-415.92999999999995,0.0,other_tissue,0,249.12527015456385
-277.85,-430.53999999999996,0.0,mesenchymal_tumor_class1,1,334.1197493092775
36.139999999999986,-408.86,0.0,other_tissue,0,369.183120118367
-321.47,466.7,0.0,other_tissue,0,388.216439348523
-216.93,-78.57000000000005,0.0,other_tissue,0,290.9724063505351
262.69000000000005,12.279999999999973,0.0,other_tissue,0,391.50697497344447
447.44000000000005,-176.58000000000004,0.0,epithelial_tumor_class1,1,3596.6969796346752
460.53999999999996,-189.26999999999998,0.0,epithelial_tumor_class1,1,10128.694822980333
25.309999999999945,121.01999999999998,0.0,epithelial_tumor_class1,1,2434.219997797146
492.4,-424.03,0.0,epithelial_tumor_class1,1,8440.652621033421
-95.0,-253.28999999999996,0.0,other_tissue,0,1238.741592201641
-156.64999999999998,312.84000000000003,0.0,epithelial_tumor_class1,1,1231.9100150910479
-176.47000000000003,38.879999999999995,0.0,other_tissue,0,1176.0736475839037
-435.6,-456.89,0.0,other_tissue,0,226.8392325478582
-37.25,53.360000000000014,0.0,other_tissue,0,274.98717510667177
-88.0,-119.0,0.0,other_tissue,0,539.752819983429
305.17999999999995,388.26,0.0,other_tissue,0,177.95227340369198
482.6,-152.53999999999996,0.0,other_tissue,0,514.8980833745903
-365.93,-395.61,0.0,epithelial_tumor_class1,1,10128.694822980333
-37.879999999999995,152.89999999999998,0.0,other_tissue,0,935.4516202612576
37.48000000000002,-120.07000000000005,0.0,other_tissue,0,280.07965604044506
401.36,-489.58000000000004,0.0,other_tissue,0,96.59576924314901
230.70000000000005,209.23000000000002,0.0,other_tissue,0,1371.6235487786068
-164.75,-92.73000000000002,0.0,other_tissue,0,519.19722946725
-234.92000000000002,-151.66999999999996,0.0,other_tissue,0,418.3272808186061
281.57000000000005,-255.79999999999995,0.0,other_tissue,0,271.0693133982733
208.13,477.94,0.0,other_tissue,0,222.68286220556664
-394.35,-140.63,0.0,other_tissue,0,186.24016719726896
77.60000000000002,354.0,0.0,other_tissue,0,385.59732569192533
58.620000000000005,-353.30999999999995,0.0,other_tissue,0,676.9750994240723
-181.05,468.6,0.0,other_tissue,0,681.0660050444043
-255.5,47.339999999999975,0.0,other_tissue,0,1371.6235487786068
103.50999999999999,-297.67999999999995,0.0,other_tissue,0,231.78524922303603
-48.35000000000002,-339.20000000000005,0.0,other_tissue,0,214.72241518002528
-487.58,497.092,0.0,other_tissue,0,1371.6235487786068
209.89999999999998,33.02999999999997,0.0,other_tissue,0,109.94897505551475
399.58000000000004,209.92000000000002,0.0,other_tissue,0,108.90897892968218
-450.18,354.55,0.0,other_tissue,0,360.56537175476
-212.57999999999998,91.67000000000002,0.0,other_tissue,0,658.5215688288463
485.57000000000005,-281.39,0.0,other_tissue,0,785.9864920716797
135.72000000000003,-181.20000000000005,0.0,other_tissue,0,605.9578687997895
217.39999999999998,-341.41999999999996,0.0,CAF,1,354.82668386333273
140.64,432.02,0.0,other_tissue,0,125.83576487523457
-325.45,-294.72,0.0,epithelial_tumor_class1,1,2081.592679070311
-159.43,-289.15,0.0,other_tissue,0,270.2801256080488
300.44000000000005,-440.57000000000005,0.0,other_tissue,0,853.5923649521119
-165.63,421.68,0.0,CD8_Tcell,1,555.8596898784485
-299.77,-292.73,0.0,CAF,1,321.50970418671034
-158.88,204.69,0.0,other_tissue,0,528.2305074399947
489.09000000000003,-50.870000000000005,0.0,other_tissue,0,347.91576642238186
-403.19,-146.39,0.0,other_tissue,0,617.5803199042331
273.74,199.69,0.0,other_tissue,0,827.2577581367498
127.14999999999998,251.57,0.0,other_tissue,0,372.765983342211
-402.58,329.36,0.0,other_tissue,0,260.8401876820633
-353.22,-323.13,0.0,epithelial_tumor_class1,1,2663.6546093094144
132.26999999999998,43.420000000000016,0.0,other_tissue,0,625.7348539896195
58.15999999999997,-427.67999999999995,0.0,other_tissue,0,160.92383693232574
-266.96000000000004,-275.03,0.0,other_tissue,0,278.1279004731147
-262.08000000000004,181.47000000000003,0.0,other_tissue,0,720.161905248337
-55.77999999999997,180.22000000000003,0.0,other_tissue,0,1035.024339386808
-329.76,178.83999999999997,0.0,other_tissue,0,186.5241941201079
104.87,-263.96000000000004,0.0,other_tissue,0,595.542704680502
108.63999999999999,147.18,0.0,other_tissue,0,142.85297177312182
391.5,374.21,0.0,other_tissue,0,255.1955830203451
324.63,-326.75,0.0,other_tissue,0,481.1333624520398
-407.73,-489.46000000000004,0.0,other_tissue,0,426.64548073462754
-474.44,251.82,0.0,other_tissue,0,396.54933749398504
-406.46,451.38,0.0,other_tissue,0,1371.6235487786068
-324.2,-396.64,0.0,other_tissue,0,503.5498606557867
-98.50999999999999,384.89,0.0,other_tissue,0,141.45015955727163
103.15999999999997,-454.01,0.0,other_tissue,0,341.42579742412323
-491.233,-219.10000000000002,0.0,epithelial_tumor_class1,1,3927.5095175481333
225.5,-425.65,0.0,other_tissue,0,407.8929456584096
-113.27999999999997,-281.35,0.0,other_tissue,0,369.3573589828499
101.88999999999999,50.70999999999998,0.0,other_tissue,0,593.8669349156497
100.87,406.7,0.0,other_tissue,0,245.69471619027544
74.29999999999995,-123.71000000000004,0.0,other_tissue,0,300.87192805596595
276.16999999999996,449.09000000000003,0.0,other_tissue,0,707.1280566513693
-289.03,396.76,0.0,other_tissue,0,241.87315398596758
-371.53,-263.39,0.0,other_tissue,0,330.38478809330326
-45.660000000000025,230.97000000000003,0.0,epithelial_tumor_class1,1,2830.2354138714345
-193.60000000000002,221.64999999999998,0.0,epithelial_tumor_class1,1,2866.188057162241
-165.85000000000002,9.70999999999998,0.0,other_tissue,0,308.3814331708092
-57.339999999999975,-379.17999999999995,0.0,other_tissue,0,1274.4715396414033
-457.2,-405.94000000000005,0.0,other_tissue,0,248.06413349083653
-329.55,336.07,0.0,epithelial_tumor_class1,1,10128.694822980333
88.80999999999995,364.47,0.0,other_tissue,0,1122.227174525581
257.03,-204.88,0.0,other_tissue,0,567.4971103589893
-125.32,-353.76,0.0,other_tissue,0,232.70797951828123
441.44000000000005,-443.86,0.0,other_tissue,0,171.52126147035585
-410.61,254.54,0.0,other_tissue,0,327.66511119505105
-210.05,130.44,0.0,other_tissue,0,603.934301996845
-45.910000000000025,53.74000000000001,0.0,other_tissue,0,101.46448156715574
-332.02,-253.66999999999996,0.0,other_tissue,0,470.80066040172466
-390.65999999999997,102.12,0.0,CAF,1,398.4840612001257
-286.2,436.79,0.0,other_tissue,0,565.9405704342929
-190.08999999999997,270.27,0.0,other_tissue,0,355.6028619062226
-442.94,-66.48000000000002,0.0,other_tissue,0,313.8435122358436
357.53999999999996,415.77,0.0,other_tissue,0,121.43733934069816
-469.24,398.4,0.0,other_tissue,0,173.5445746302026
153.09000000000003,-255.15999999999997,0.0,other_tissue,0,211.33294140172254
42.49000000000001,-226.14999999999998,0.0,other_tissue,0,353.24146804229326
-51.75,-477.01,0.0,other_tissue,0,676.6395910704382
109.48000000000002,33.98000000000002,0.0,other_tissue,0,526.8570593441315
-386.0,-441.11,0.0,other_tissue,0,319.5731086316399
-295.12,-474.35,0.0,other_tissue,0,302.48162155236207
138.49,-299.64,0.0,other_tissue,0,271.7281421927699
-325.81,-255.5,0.0,other_tissue,0,833.2384263198534
-458.95,270.8,0.0,other_tissue,0,536.0904011622491
163.86,-89.01999999999998,0.0,other_tissue,0,914.539949548041
-412.09000000000003,-247.70000000000005,0.0,other_tissue,0,294.16929137647617
125.28999999999996,-328.46000000000004,0.0,other_tissue,0,224.25000054970624
7.7900000000000205,-380.24,0.0,other_tissue,0,201.02190218618398
-85.82,204.42000000000002,0.0,other_tissue,0,193.9701156260981
-275.03,366.16999999999996,0.0,other_tissue,0,1371.6235487786068
263.72,-145.17999999999995,0.0,other_tissue,0,993.4832660231622
242.91999999999996,437.12,0.0,other_tissue,0,210.02308327989292
208.92999999999995,-314.87,0.0,other_tissue,0,184.43235359802034
322.13,231.70999999999998,0.0,other_tissue,0,381.14394925123986
-369.52,466.4,0.0,other_tissue,0,314.63702437310394
-127.62,-463.70000000000005,0.0,other_tissue,0,382.8370146572607
-20.50999999999999,-78.13999999999999,0.0,other_tissue,0,236.1646197025806
417.04999999999995,-215.44000000000005,0.0,other_tissue,0,410.57188373742395
-299.63,449.54,0.0,CAF,1,235.7952759097247
250.76,-219.59000000000003,0.0,other_tissue,0,250.82360583648907
-203.92000000000002,-23.960000000000036,0.0,other_tissue,0,187.6631895257318
-443.21,436.64,0.0,other_tissue,0,486.06438383294324
-414.03,212.33999999999997,0.0,other_tissue,0,342.54915405087723
482.28,414.38,0.0,other_tissue,0,352.83081113793867
24.629999999999995,-495.41999999999996,0.0,CAF,1,946.2240247499373
-241.01,-303.24,0.0,other_tissue,0,263.3853225064214
-407.90999999999997,-183.86,0.0,other_tissue,0,126.55360797717245
-330.40999999999997,-232.51,0.0,other_tissue,0,273.7416130262298
-306.71000000000004,195.89999999999998,0.0,other_tissue,0,773.6134974530439
-370.93,-477.48,0.0,other_tissue,0,399.7948629841009
-310.81,-46.789999999999964,0.0,CAF,1,1011.1372830420892
315.87,367.34000000000003,0.0,other_tissue,0,492.3394629561734
-489.62,-393.46000000000004,0.0,other_tissue,0,257.664759895258
-124.63999999999999,-177.12,0.0,other_tissue,0,316.5761092843639
291.15,374.08,0.0,other_tissue,0,530.5565813105435
-319.66999999999996,-303.87,0.0,other_tissue,0,974.0150165318076
-366.4,-358.03999999999996,0.0,other_tissue,0,610.4012567770826
-211.52999999999997,212.5,0.0,other_tissue,0,1231.5600153560756
-329.0,-219.24,0.0,other_tissue,0,877.0858424075388
-294.98,391.4,0.0,other_tissue,0,323.93287675389894
-162.2,322.97,0.0,epithelial_tumor_class1,1,4179.811672508831
125.58000000000004,288.87,0.0,other_tissue,0,369.4942994008164
67.84000000000003,-133.34000000000003,0.0,other_tissue,0,348.645902137642
-418.93,77.74000000000001,0.0,other_tissue,0,291.4504551154096
456.62,290.72,0.0,other_tissue,0,180.75139110177128
10.25,-371.89,0.0,other_tissue,0,733.6499324597224
-275.37,100.35000000000002,0.0,other_tissue,0,160.81655437790397
119.63999999999999,387.27,0.0,other_tissue,0,348.3106311759758
-252.92,203.37,0.0,other_tissue,0,488.0401920519278
361.46000000000004,-210.42999999999995,0.0,epithelial_tumor_class1,1,2792.762101398499
-440.58,-129.91999999999996,0.0,other_tissue,0,564.5520302719154
-50.129999999999995,-350.07000000000005,0.0,other_tissue,0,314.3351088241349
73.53999999999996,-352.47,0.0,other_tissue,0,128.56329831410815
93.09000000000003,-266.17999999999995,0.0,other_tissue,0,237.2842322685862
71.15999999999997,35.610000000000014,0.0,other_tissue,0,378.17730276108745
145.74,-35.940000000000055,0.0,CAF,1,157.47913854527116
-227.13,352.78999999999996,0.0,other_tissue,0,205.54437201603707
-435.65999999999997,179.36,0.0,other_tissue,0,305.8169819361512
328.15999999999997,151.58999999999997,0.0,other_tissue,0,422.19370648000364
199.22000000000003,-231.75,0.0,other_tissue,0,227.32523288101675
8.439999999999998,258.36,0.0,mesenchymal_tumor_class1,1,1232.3936525223016
34.299999999999955,19.430000000000007,0.0,other_tissue,0,428.4431611914466
118.91999999999996,365.03,0.0,other_tissue,0,312.4163279378886
-143.22000000000003,-472.08000000000004,0.0,other_tissue,0,116.55314292091906
72.27999999999997,-417.38,0.0,other_tissue,0,351.1191549721951
157.21000000000004,-78.16999999999996,0.0,epithelial_tumor_class1,1,3616.2014520841853
-175.77999999999997,490.926,0.0,other_tissue,0,347.7005114859252
-324.43,-6.310000000000002,0.0,other_tissue,0,297.7882872111108
142.02999999999997,-96.08000000000004,0.0,other_tissue,0,848.5544277165191
-98.10000000000002,39.639999999999986,0.0,other_tissue,0,391.51991549904216
-503.01,290.14,0.0,epithelial_tumor_class1,1,2085.1030413479366
36.360000000000014,-139.94000000000005,0.0,other_tissue,0,188.25030600026196
298.52,435.72,0.0,other_tissue,0,225.00053782129464
-107.75999999999999,448.90999999999997,0.0,other_tissue,0,584.452790390418
483.05999999999995,312.02,0.0,other_tissue,0,214.0641387480087
-117.04000000000002,73.60000000000002,0.0,other_tissue,0,104.28332113871845
174.09000000000003,-68.78999999999996,0.0,other_tissue,0,435.26762110350853
-137.77999999999997,104.70999999999998,0.0,other_tissue,0,212.4157284450536
345.55999999999995,-375.40999999999997,0.0,other_tissue,0,321.99791231075034
413.29999999999995,-190.66999999999996,0.0,other_tissue,0,558.200550724158
123.32000000000005,434.45,0.0,other_tissue,0,170.4932242818468
-246.36,-436.74,0.0,other_tissue,0,200.47476124700674
225.24,-95.88999999999999,0.0,other_tissue,0,236.09995671724607
-227.64999999999998,340.47,0.0,other_tissue,0,425.1398677808515
-7.399999999999977,382.22,0.0,other_tissue,0,151.76066595995584
-343.48,-264.46000000000004,0.0,CD4_Tcell,1,631.0567058501108
239.74,-15.539999999999964,0.0,other_tissue,0,364.21565376244047
131.32000000000005,90.12,0.0,other_tissue,0,357.8406771936794
-267.09000000000003,-91.17999999999995,0.0,other_tissue,0,196.14965669501132
438.73,-185.17999999999995,0.0,other_tissue,0,1371.6235487786068
480.55999999999995,-423.98,0.0,epithelial_tumor_class1,1,3367.326743666832
-289.16999999999996,362.74,0.0,other_tissue,0,620.3198879590893
211.28999999999996,380.35,0.0,other_tissue,0,1023.9797906288696
469.19000000000005,303.31,0.0,other_tissue,0,387.9076946662192
-417.05,15.189999999999998,0.0,other_tissue,0,588.0434718811318
-186.83999999999997,487.21,0.0,other_tissue,0,515.1000448049717
44.14999999999998,-247.88,0.0,other_tissue,0,287.37736695155155
-80.44,-93.80999999999995,0.0,other_tissue,0,171.20048909377238
493.32000000000005,-337.25,0.0,other_tissue,0,376.48540628439923
-224.75,138.5,0.0,other_tissue,0,996.7368980418812
-149.05,-175.80999999999995,0.0,other_tissue,0,226.97416308766145
-226.51,249.93,0.0,other_tissue,0,243.17083133727837
-46.76999999999998,417.54,0.0,other_tissue,0,648.7421572677391
-416.9,269.6,0.0,other_tissue,0,204.73696430232377
-459.05,-124.33000000000004,0.0,epithelial_tumor_class1,1,1530.7257825718682
-295.72,-267.28999999999996,0.0,other_tissue,0,187.0456598739399
252.01,-152.37,0.0,other_tissue,0,380.85167070455304
218.47000000000003,-296.05999999999995,0.0,other_tissue,0,123.88471732249141
-46.379999999999995,169.67000000000002,0.0,other_tissue,0,1106.2188661432376
-136.51999999999998,-72.71000000000004,0.0,other_tissue,0,450.3822569311544
51.639999999999986,-492.59000000000003,0.0,other_tissue,0,140.97805471293375
-345.51,-187.45000000000005,0.0,other_tissue,0,174.9930142188549
124.00999999999999,-438.20000000000005,0.0,other_tissue,0,619.4233704634098
423.16999999999996,-415.70000000000005,0.0,other_tissue,0,431.37687564063356
162.89,303.6,0.0,other_tissue,0,130.9866578447788
306.02,-446.02,0.0,other_tissue,0,222.14141493511758
187.59000000000003,415.36,0.0,other_tissue,0,123.89673563033351
-382.38,425.02,0.0,other_tissue,0,1220.0389676607117
188.38,-395.67999999999995,0.0,other_tissue,0,204.99745812395545
-201.07999999999998,155.69,0.0,other_tissue,0,345.2671575120661
25.309999999999945,-242.20000000000005,0.0,other_tissue,0,203.38762562187566
-113.92000000000002,-423.91999999999996,0.0,other_tissue,0,183.62657472594006
265.42999999999995,-465.15999999999997,0.0,other_tissue,0,440.49624271228447
-15.120000000000005,-362.72,0.0,other_tissue,0,137.73494280001594
35.710000000000036,312.12,0.0,other_tissue,0,542.4663240211152
-321.41999999999996,256.09000000000003,0.0,other_tissue,0,157.8814049464208
214.90999999999997,116.38,0.0,other_tissue,0,529.1474642997701
-428.08,6.259999999999991,0.0,epithelial_tumor_class1,1,10128.694822980333
-37.64999999999998,307.33000000000004,0.0,other_tissue,0,224.8038069292528
184.49,-380.03,0.0,apCAF,1,480.45073548978075
-221.48000000000002,393.63,0.0,other_tissue,0,129.6008412037855
67.87,-218.41999999999996,0.0,other_tissue,0,296.1953026507825
-331.69,210.52999999999997,0.0,other_tissue,0,595.1320209920648
98.25,120.14999999999998,0.0,other_tissue,0,321.55509806430524
160.32000000000005,-216.77999999999997,0.0,other_tissue,0,332.89875094819286
85.61000000000001,316.46000000000004,0.0,other_tissue,0,748.6402421652688
-39.379999999999995,105.74000000000001,0.0,other_tissue,0,189.59574208946623
143.11,64.75999999999999,0.0,other_tissue,0,253.80696475110415
-362.69,-203.01999999999998,0.0,other_tissue,0,543.1742874564741
249.79999999999995,218.26,0.0,other_tissue,0,1371.6235487786068
-56.45999999999998,298.44,0.0,other_tissue,0,364.6597790252493
-326.84000000000003,96.89999999999998,0.0,other_tissue,0,156.1782458122954
306.19000000000005,404.17,0.0,other_tissue,0,198.07420440587146
-195.68,-120.78999999999996,0.0,other_tissue,0,299.8200303740986
-307.78,-467.67999999999995,0.0,other_tissue,0,276.12370996681005
310.65999999999997,123.97000000000003,0.0,other_tissue,0,397.3459969563674
-106.85000000000002,196.56,0.0,other_tissue,0,409.2776032066042
110.42999999999995,194.45,0.0,other_tissue,0,381.49996839620997
8.660000000000025,189.75,0.0,other_tissue,0,1371.6235487786068
148.23000000000002,295.28,0.0,other_tissue,0,524.6676436013771
-335.63,-16.379999999999995,0.0,other_tissue,0,1371.6235487786068
158.37,336.77,0.0,other_tissue,0,224.36604579415666
-227.25,187.14,0.0,other_tissue,0,761.1694442850749
461.41999999999996,8.810000000000002,0.0,other_tissue,0,421.21468595102107
-292.0,373.55,0.0,other_tissue,0,374.1578823396575
-434.42,371.19,0.0,other_tissue,0,247.32027536928166
-74.81,-345.96000000000004,0.0,CAF,1,281.45857319066124
-17.870000000000005,77.36000000000001,0.0,other_tissue,0,300.6439893048974
150.02999999999997,-457.64,0.0,other_tissue,0,105.60132746318615
261.84000000000003,-289.38,0.0,other_tissue,0,295.0793134098067
-317.21000000000004,401.39,0.0,other_tissue,0,458.773459993998
53.870000000000005,-446.73,0.0,other_tissue,0,393.8018923030234
112.34000000000003,171.62,0.0,other_tissue,0,264.63915713914645
243.14999999999998,160.32999999999998,0.0,other_tissue,0,374.14532726777117
-491.328,-274.21000000000004,0.0,other_tissue,0,441.2525955310875
278.61,-165.24,0.0,other_tissue,0,424.72986172158437
31.360000000000014,-246.94000000000005,0.0,other_tissue,0,336.73451665152965
-341.27,-398.41999999999996,0.0,epithelial_tumor_class1,1,10128.694822980333
-381.53,157.37,0.0,other_tissue,0,313.65371454706263
187.79999999999995,-260.61,0.0,other_tissue,0,542.7880492733563
259.53,-300.53999999999996,0.0,other_tissue,0,280.981143717183
87.58000000000004,-153.5,0.0,other_tissue,0,231.78524922303603
-321.94,-343.41999999999996,0.0,other_tissue,0,678.9157639281608
-126.51999999999998,-262.40999999999997,0.0,other_tissue,0,711.2430943763973
-111.64999999999998,-300.53999999999996,0.0,other_tissue,0,238.99355658682776
299.19000000000005,60.60000000000002,0.0,epithelial_tumor_class1,1,10128.694822980333
131.08000000000004,169.12,0.0,other_tissue,0,154.90545895649404
-381.2,-474.15,0.0,other_tissue,0,165.49477509082328
-342.68,-460.85,0.0,other_tissue,0,804.4784843379201
69.98000000000002,-285.15999999999997,0.0,other_tissue,0,597.3588177025898
187.34000000000003,51.370000000000005,0.0,other_tissue,0,150.9297609964247
-433.08,-54.379999999999995,0.0,other_tissue,0,297.04490318339367
-41.589999999999975,-13.710000000000036,0.0,other_tissue,0,293.453299978975
-172.88,-86.10000000000002,0.0,other_tissue,0,679.0838801974921
308.63,-289.25,0.0,other_tissue,0,178.92558146633027
-224.64,-88.39999999999998,0.0,other_tissue,0,448.52367697822666
-58.110000000000014,-481.32000000000005,0.0,other_tissue,0,328.4932547258361
63.440000000000055,415.7,0.0,other_tissue,0,260.1990848837889
-172.07,-124.44000000000005,0.0,other_tissue,0,350.169296573912
37.17999999999995,-447.71000000000004,0.0,other_tissue,0,595.662523001995
-339.75,-255.86,0.0,CD8_Tcell,1,488.41500018649276
61.25999999999999,-264.30999999999995,0.0,other_tissue,0,242.34279222623894
40.35000000000002,142.27999999999997,0.0,other_tissue,0,296.7113222258991
330.61,19.839999999999975,0.0,other_tissue,0,280.5975163783994
60.49000000000001,243.69,0.0,other_tissue,0,331.9009139649143
-113.69999999999999,300.62,0.0,other_tissue,0,219.34179151148854
-247.19,-120.61000000000001,0.0,other_tissue,0,251.79616250230092
198.12,421.33,0.0,other_tissue,0,263.1072314877605
404.75,365.68,0.0,other_tissue,0,103.07729321254841
-172.95,-277.02,0.0,other_tissue,0,557.7580677034666
-292.7,380.63,0.0,other_tissue,0,194.39985683282842
487.98,72.39999999999998,0.0,other_tissue,0,203.79766432411944
-163.45999999999998,219.07,0.0,other_tissue,0,289.7213394576464
397.77,-483.76,0.0,other_tissue,0,96.59576924314901
-98.91000000000003,276.14,0.0,other_tissue,0,384.1260700667269
-42.72000000000003,-209.41999999999996,0.0,other_tissue,0,291.24854848855705
147.29999999999995,50.75,0.0,other_tissue,0,176.06182906653467
261.34000000000003,43.68000000000001,0.0,epithelial_tumor_class1,1,2898.4113760188948
-228.91000000000003,-122.55999999999995,0.0,other_tissue,0,351.44418354009423
262.17999999999995,-436.55999999999995,0.0,apCAF,1,492.988032105967
181.11,-410.29999999999995,0.0,other_tissue,0,190.5069254896467
383.47,-128.44000000000005,0.0,epithelial_tumor_class1,1,4192.498377813566
-296.22,-346.90999999999997,0.0,CAF,1,272.1645689420697
145.64,-78.66999999999996,0.0,other_tissue,0,950.51863560221
-332.59000000000003,322.73,0.0,other_tissue,0,1371.6235487786068
-93.08999999999997,319.65999999999997,0.0,other_tissue,0,184.47936469094117
454.1,-45.049999999999955,0.0,other_tissue,0,180.97565158342226
-453.90999999999997,77.14999999999998,0.0,other_tissue,0,298.9110919671497
-412.37,-397.53,0.0,other_tissue,0,744.6998639021042
184.79999999999995,500.0649,0.0,other_tissue,0,514.2304332079584
-422.6,-93.16999999999996,0.0,other_tissue,0,280.2660122952859
325.78,167.67000000000002,0.0,other_tissue,0,111.8858905721847
301.19000000000005,38.22000000000003,0.0,epithelial_tumor_class1,1,7006.411591781726
-387.88,-253.47000000000003,0.0,other_tissue,0,387.94627879620555
-499.7175,-111.01999999999998,0.0,other_tissue,0,678.2249107717018
485.15999999999997,374.89,0.0,other_tissue,0,384.63738589991686
-382.40999999999997,-223.29999999999995,0.0,other_tissue,0,347.98753780516205
-361.87,-227.49,0.0,other_tissue,0,218.09536807896725
-426.14,-214.83000000000004,0.0,other_tissue,0,460.35742220729287
-265.93,213.88,0.0,other_tissue,0,183.66563589890558
352.28,-147.76,0.0,other_tissue,0,438.2881755650029
335.96000000000004,490.917,0.0,other_tissue,0,179.9178439149937
122.25,-356.9,0.0,other_tissue,0,651.4821931612881
-178.14,198.54000000000002,0.0,other_tissue,0,546.7880164888584
-460.23,-42.440000000000055,0.0,other_tissue,0,323.07826323152665
1.3600000000000136,-290.41999999999996,0.0,other_tissue,0,215.6167048772413
248.07000000000005,12.850000000000023,0.0,other_tissue,0,598.3197624256475
-112.05000000000001,-270.23,0.0,other_tissue,0,233.34893025899706
396.85,262.83000000000004,0.0,other_tissue,0,266.8078556092957
219.70000000000005,-187.44000000000005,0.0,other_tissue,0,332.05162168589123
317.02,55.44999999999999,0.0,epithelial_tumor_class1,1,10128.694822980333
95.44000000000005,439.14,0.0,other_tissue,0,251.43958811904207
-253.2,-253.63,0.0,other_tissue,0,193.88100349184458
-63.23000000000002,-28.870000000000005,0.0,other_tissue,0,1371.6235487786068
-481.1,-99.64999999999998,0.0,CAF,1,607.0840232359379
287.25,139.04000000000002,0.0,other_tissue,0,1371.6235487786068
155.62,436.64,0.0,other_tissue,0,529.9071271570286
-216.95,132.69,0.0,other_tissue,0,218.26186869431908
-447.81,-407.16999999999996,0.0,other_tissue,0,165.13789091594228
-264.75,-156.76,0.0,other_tissue,0,468.0840881590149
-239.35000000000002,221.14,0.0,other_tissue,0,121.07599532185812
-214.18,222.97000000000003,0.0,other_tissue,0,1371.6235487786068
435.20000000000005,-197.14999999999998,0.0,other_tissue,0,409.9444179004644
105.62,-24.889999999999986,0.0,other_tissue,0,1059.5359516866781
-436.39,-122.42999999999995,0.0,other_tissue,0,317.3067211264246
123.17999999999995,42.110000000000014,0.0,CAF,1,258.2330513834282
-234.88,-312.46000000000004,0.0,other_tissue,0,224.65186617139994
-100.80000000000001,457.42,0.0,other_tissue,0,146.39043774334095
149.88,-232.65999999999997,0.0,other_tissue,0,352.8911818877801
37.59000000000003,-258.14,0.0,other_tissue,0,370.528668488218
258.48,-386.78,0.0,other_tissue,0,352.31190688845595
331.97,144.0,0.0,other_tissue,0,385.23876156494504
-87.70999999999998,404.11,0.0,other_tissue,0,514.3235590281816
-76.58999999999997,-465.83000000000004,0.0,other_tissue,0,324.4806195514424
64.36000000000001,-237.22000000000003,0.0,other_tissue,0,379.4685564419695
-371.6,-186.94000000000005,0.0,other_tissue,0,186.9903068845672
-113.10000000000002,-385.74,0.0,other_tissue,0,454.5720977253888
-451.01,-432.0,0.0,CAF,1,291.33355043570265
-491.368,330.0,0.0,other_tissue,0,384.5734466216249
-340.34000000000003,-209.84000000000003,0.0,other_tissue,0,386.26382065062165
-8.680000000000007,251.98,0.0,other_tissue,0,252.3075182763715
-160.25,274.2,0.0,other_tissue,0,132.507971989888
449.73,-491.91999999999996,0.0,other_tissue,0,609.9837694685946
311.07000000000005,464.45,0.0,other_tissue,0,602.225576039614
280.64,417.09000000000003,0.0,other_tissue,0,730.8016361179912
382.64,-291.17999999999995,0.0,other_tissue,0,345.88634250024705
-464.1,425.45,0.0,other_tissue,0,341.4966734976329
-20.24000000000001,-83.02999999999997,0.0,other_tissue,0,96.59576924314901
-182.70999999999998,499.9201,0.0,other_tissue,0,1128.322288594619
-9.240000000000009,-255.53999999999996,0.0,other_tissue,0,688.9764862712935
330.47,-311.65,0.0,other_tissue,0,136.6864489909375
38.59000000000003,285.4,0.0,other_tissue,0,223.19849622361875
-129.45,74.83999999999997,0.0,other_tissue,0,210.27949038538216
93.77999999999997,254.77,0.0,other_tissue,0,1273.3917600138113
-420.3,-325.88,0.0,epithelial_tumor_class1,1,2061.2789156720455
-410.77,-211.69000000000005,0.0,other_tissue,0,222.84280147588706
-100.55000000000001,162.2,0.0,other_tissue,0,1371.6235487786068
-137.51,-242.32000000000005,0.0,other_tissue,0,448.22621305216194
-181.83999999999997,-292.98,0.0,other_tissue,0,409.7442975029919
219.78999999999996,467.85,0.0,other_tissue,0,170.47835547059793
-125.33999999999997,427.07,0.0,other_tissue,0,658.1555947525459
154.87,-229.21000000000004,0.0,CAF,1,384.39445434002965
-339.82,158.64,0.0,other_tissue,0,330.23458518205723
-426.89,-409.11,0.0,other_tissue,0,923.9352868462571
120.29999999999995,-169.86,0.0,other_tissue,0,215.38203975716277
5.939999999999998,-415.24,0.0,other_tissue,0,140.34368711973383
-465.33,-31.559999999999945,0.0,other_tissue,0,362.77473733947795
336.14,-182.76999999999998,0.0,other_tissue,0,555.7943055182764
452.27,372.5,0.0,other_tissue,0,154.9403329115224
352.09000000000003,-392.57000000000005,0.0,other_tissue,0,334.10810669483476
-499.1593,299.91999999999996,0.0,epithelial_tumor_class1,1,1834.1007145296803
-278.47,-158.20000000000005,0.0,other_tissue,0,327.0908311753511
29.789999999999964,-316.30999999999995,0.0,other_tissue,0,415.4665642201603
-418.42,-108.07000000000005,0.0,other_tissue,0,96.59576924314901
382.65999999999997,337.39,0.0,other_tissue,0,302.4925173410438
407.20000000000005,-394.26,0.0,other_tissue,0,664.7086509636059
-284.93,501.574,0.0,other_tissue,0,389.7497185721284
-371.98,217.39,0.0,other_tissue,0,274.5681639731947
318.12,-358.19000000000005,0.0,other_tissue,0,329.74962537924785
231.26999999999998,455.26,0.0,other_tissue,0,245.61884155510498
201.77999999999997,-271.44000000000005,0.0,other_tissue,0,206.6157629446816
-42.49000000000001,-387.09000000000003,0.0,other_tissue,0,134.80877978839223
-254.84,-142.08000000000004,0.0,other_tissue,0,575.1052212958073
-169.39,25.879999999999995,0.0,other_tissue,0,249.46048922675507
-381.73,443.64,0.0,other_tissue,0,258.8807436179476
30.690000000000055,-267.74,0.0,other_tissue,0,132.60855206775645
236.91999999999996,-252.76999999999998,0.0,other_tissue,0,205.01427176023142
115.55999999999995,136.31,0.0,other_tissue,0,134.51021182162805
-283.16999999999996,261.2,0.0,other_tissue,0,292.3229120313543
-469.73,-133.0,0.0,other_tissue,0,1371.6235487786068
236.75,-289.03999999999996,0.0,other_tissue,0,220.35469221703872
462.09000000000003,-110.51999999999998,0.0,other_tissue,0,271.80930251496744
129.80999999999995,58.329999999999984,0.0,other_tissue,0,467.9529068434231
-189.56,-302.37,0.0,other_tissue,0,223.70601491640048
155.5,401.92,0.0,other_tissue,0,213.1827789165424
-142.95,431.82,0.0,other_tissue,0,821.0937355380283
-488.29,-356.22,0.0,other_tissue,0,400.89815538319783
260.98,165.20999999999998,0.0,other_tissue,0,1146.7399673432192
-258.66999999999996,-302.82000000000005,0.0,other_tissue,0,184.4558581460292
-138.67000000000002,337.75,0.0,other_tissue,0,420.6171413476859
482.92999999999995,-495.63,0.0,other_tissue,0,177.89108111604156
-250.26,356.06,0.0,other_tissue,0,148.93710459606254
-482.24,-106.86000000000001,0.0,other_tissue,0,336.67600297322656
-218.08999999999997,40.089999999999975,0.0,other_tissue,0,96.59576924314901
205.01999999999998,495.171,0.0,other_tissue,0,197.81140126660281
-389.69,178.89999999999998,0.0,other_tissue,0,392.71166411910326
-500.0921,124.25999999999999,0.0,other_tissue,0,261.37359630030187
192.36,-74.15999999999997,0.0,other_tissue,0,702.3026984364154
-179.0,-186.67999999999995,0.0,other_tissue,0,454.3862858441202
112.66999999999996,334.68,0.0,other_tissue,0,819.1870079218161
-172.41000000000003,161.32999999999998,0.0,other_tissue,0,514.7893567811751
-193.39999999999998,-20.460000000000036,0.0,other_tissue,0,114.48844281254561
52.33000000000004,-407.42999999999995,0.0,other_tissue,0,708.4915618170754
98.75999999999999,411.76,0.0,other_tissue,0,96.59576924314901
-72.58999999999997,264.68,0.0,other_tissue,0,408.4916923842417
-367.8,-267.33000000000004,0.0,other_tissue,0,174.10941621419502
260.76,-331.04999999999995,0.0,other_tissue,0,153.1061356944404
123.75999999999999,283.68,0.0,other_tissue,0,220.08134309020411
216.78999999999996,-315.67999999999995,0.0,other_tissue,0,121.80534301914406
-341.93,-353.07000000000005,0.0,epithelial_tumor_class1_class2,1,3179.238473111173
-52.579999999999984,159.54000000000002,0.0,other_tissue,0,196.99982628702037
-208.88,37.31,0.0,other_tissue,0,290.696438813876
-281.31,327.7,0.0,other_tissue,0,304.29390813165674
330.6,-297.99,0.0,other_tissue,0,297.66969370903524
-196.98000000000002,-82.21000000000004,0.0,other_tissue,0,409.46423837668516
204.87,-417.52,0.0,other_tissue,0,489.64571775769787
-100.41000000000003,171.02999999999997,0.0,other_tissue,0,1371.6235487786068
-88.02999999999997,-381.52,0.0,other_tissue,0,234.65275774313315
-469.5,-217.12,0.0,other_tissue,0,1371.6235487786068
248.47000000000003,-357.28,0.0,other_tissue,0,181.4944797990524
293.76,-325.04999999999995,0.0,other_tissue,0,179.99491632823478
-476.84,144.10000000000002,0.0,other_tissue,0,195.51363718635199
-125.57,3.069999999999993,0.0,other_tissue,0,1371.6235487786068
154.76999999999998,-40.58000000000004,0.0,other_tissue,0,324.42353422290074
298.03999999999996,195.94,0.0,other_tissue,0,758.2101010100071
289.58000000000004,358.73,0.0,other_tissue,0,382.36550916662213
235.23000000000002,-61.610000000000014,0.0,other_tissue,0,266.3471456913166
288.37,-264.74,0.0,other_tissue,0,197.62265516257781
-20.660000000000025,196.01,0.0,other_tissue,0,685.6620830018326
-336.63,-261.03,0.0,other_tissue,0,564.5189975037301
43.289999999999964,-10.819999999999993,0.0,other_tissue,0,219.06049396128412
-222.60000000000002,-296.86,0.0,other_tissue,0,333.7473197826593
-427.87,-467.21000000000004,0.0,other_tissue,0,140.97150510838597
401.69000000000005,-181.76,0.0,other_tissue,0,649.3040532320758
-50.79000000000002,35.339999999999975,0.0,other_tissue,0,401.7401201689221
-445.9,-168.99,0.0,other_tissue,0,203.73068162181963
82.15999999999997,-375.51,0.0,other_tissue,0,422.64293074661316
-107.5,499.639,0.0,other_tissue,0,606.5467603190507
-192.23000000000002,-36.549999999999955,0.0,other_tissue,0,137.38055937904667
-224.08999999999997,-331.16999999999996,0.0,other_tissue,0,446.246480618594
-499.536,-165.70000000000005,0.0,epithelial_tumor_class1,1,1284.302743258012
376.85,-480.12,0.0,other_tissue,0,237.72007548150086
-399.61,229.19,0.0,other_tissue,0,134.5800498760578
251.15999999999997,383.83,0.0,other_tissue,0,96.59576924314901
-325.14,-262.17999999999995,0.0,CAF,1,493.09366700866605
-185.51999999999998,160.17000000000002,0.0,other_tissue,0,253.78757932175628
465.78,-123.32000000000005,0.0,other_tissue,0,148.0894732072591
9.420000000000016,268.35,0.0,other_tissue,0,516.07952909881
127.09000000000003,-45.690000000000055,0.0,other_tissue,0,174.13957547555435
-255.57,215.57,0.0,other_tissue,0,420.5899936653286
-107.50999999999999,144.89,0.0,other_tissue,0,174.2376171276762
187.29999999999995,-25.899999999999977,0.0,other_tissue,0,435.1009920008003
-206.14,-339.58000000000004,0.0,other_tissue,0,281.8741686001305
390.39,-146.60000000000002,0.0,other_tissue,0,220.64592538539213
130.04999999999995,220.8,0.0,other_tissue,0,405.27865225208933
287.40999999999997,26.149999999999977,0.0,other_tissue,0,1152.524692892316
361.84000000000003,-152.14999999999998,0.0,other_tissue,0,921.9182451976673
-38.22000000000003,-334.08000000000004,0.0,other_tissue,0,111.71193400607224
-404.82,-1.7200000000000273,0.0,other_tissue,0,457.92537926370306
-271.55,284.28999999999996,0.0,other_tissue,0,471.72316703204655
430.35,208.10000000000002,0.0,other_tissue,0,305.4220302468926
-72.13,-439.58000000000004,0.0,other_tissue,0,195.56251288010606
-348.63,-181.69000000000005,0.0,other_tissue,0,186.0194568176733
-402.61,343.05,0.0,other_tissue,0,302.91765721820536
87.16999999999996,254.81,0.0,other_tissue,0,501.8987952840045
-389.03,204.5,0.0,other_tissue,0,165.10150303870824
-500.7191,75.92000000000002,0.0,other_tissue,0,328.7005084060089
-414.34000000000003,261.83000000000004,0.0,other_tissue,0,172.3137134179903
-422.22,368.2,0.0,other_tissue,0,384.4583737777974
8.759999999999991,127.58999999999997,0.0,other_tissue,0,617.8433887028382
114.41999999999996,-214.60000000000002,0.0,other_tissue,0,335.40208880891436
-193.62,-87.27999999999997,0.0,other_tissue,0,302.3400001082824
-93.26999999999998,-128.20000000000005,0.0,other_tissue,0,102.61551611945922
348.71000000000004,-361.79999999999995,0.0,other_tissue,0,533.350510408466
443.26,424.27,0.0,other_tissue,0,201.40383096734809
-407.87,131.66000000000003,0.0,other_tissue,0,219.3857659947465
370.44000000000005,-270.08000000000004,0.0,other_tissue,0,222.57627855221318
442.44000000000005,345.13,0.0,other_tissue,0,464.2027896381448
334.30999999999995,-415.04999999999995,0.0,other_tissue,0,344.8627055920388
-360.28999999999996,-26.879999999999995,0.0,other_tissue,0,463.13088430685906
-50.389999999999986,-326.03999999999996,0.0,other_tissue,0,1299.705607998278
286.01,-320.86,0.0,other_tissue,0,140.12830596983162
351.70000000000005,74.00999999999999,0.0,other_tissue,0,538.3274594407097
-252.65,-174.02999999999997,0.0,other_tissue,0,1352.4397681061553
33.52999999999997,92.33999999999997,0.0,other_tissue,0,259.1558490077943
-501.07,12.519999999999982,0.0,other_tissue,0,553.4927813676046
248.36,206.57,0.0,other_tissue,0,282.0197235868819
265.42999999999995,27.720000000000027,0.0,other_tissue,0,788.1301653696037
-34.360000000000014,-295.52,0.0,other_tissue,0,96.59576924314901
273.55999999999995,-387.97,0.0,other_tissue,0,244.93667265858946
-224.67000000000002,157.43,0.0,other_tissue,0,365.72220606320195
238.76999999999998,-446.73,0.0,other_tissue,0,339.5746906419861
272.57000000000005,-294.65999999999997,0.0,other_tissue,0,673.7922445958735
-261.53999999999996,9.470000000000027,0.0,other_tissue,0,411.90904712738217
10.680000000000007,477.36,0.0,other_tissue,0,110.98440216223578
-344.25,363.76,0.0,other_tissue,0,153.75755199639883
279.53,40.18000000000001,0.0,epithelial_tumor_class1,1,1277.0598084594426
326.03999999999996,379.14,0.0,other_tissue,0,119.41483423273726
-7.480000000000018,292.03999999999996,0.0,other_tissue,0,504.6219272765347
-40.410000000000025,-469.95000000000005,0.0,other_tissue,0,178.87951873015587
60.120000000000005,155.89999999999998,0.0,other_tissue,0,616.4762463816829
-309.88,403.68,0.0,other_tissue,0,254.26280656758814
-424.48,-263.55999999999995,0.0,other_tissue,0,125.15693810138471
36.690000000000055,-172.16999999999996,0.0,other_tissue,0,182.82314622597352
-88.25,49.110000000000014,0.0,other_tissue,0,233.83500364986716
-75.85000000000002,-27.970000000000027,0.0,epithelial_tumor_class1,1,10128.694822980333
198.83000000000004,-80.94000000000005,0.0,epithelial_tumor_class1,1,1231.9100150910479
445.02,-235.01,0.0,other_tissue,0,109.53329288279357
-219.55,122.32,0.0,other_tissue,0,263.73321174840646
-124.70999999999998,278.9,0.0,other_tissue,0,246.98697679113266
-24.629999999999995,-338.28,0.0,other_tissue,0,161.2817900234922
-144.87,2.9399999999999977,0.0,other_tissue,0,915.4059335613247
-227.95,-233.48000000000002,0.0,other_tissue,0,177.8757852363323
-247.7,453.27,0.0,other_tissue,0,1166.3212192461015
-42.45999999999998,-203.22000000000003,0.0,other_tissue,0,157.07051680851632
411.73,-379.42999999999995,0.0,other_tissue,0,664.9480948992687
-498.512,236.81,0.0,other_tissue,0,1004.5988348956403
-22.79000000000002,172.8,0.0,other_tissue,0,1100.5644966338618
-34.55000000000001,77.48000000000002,0.0,other_tissue,0,817.4311998124815
184.15999999999997,-68.76999999999998,0.0,other_tissue,0,409.4242403505189
-399.78,-277.66999999999996,0.0,other_tissue,0,408.7180379893298
-269.8,308.52,0.0,epithelial_tumor_class1,1,2480.6738967317297
-22.120000000000005,-420.73,0.0,other_tissue,0,109.3009691676316
122.67999999999995,-261.13,0.0,other_tissue,0,674.9637119874775
457.76,463.81,0.0,other_tissue,0,106.57126777093258
-437.65999999999997,-433.54999999999995,0.0,other_tissue,0,815.4879365923937
-476.58,-220.80999999999995,0.0,other_tissue,0,1216.6738774531434
-311.51,289.94,0.0,other_tissue,0,180.55821186151465
-458.93,-420.65999999999997,0.0,other_tissue,0,193.52482788251436
442.78,-66.67999999999995,0.0,other_tissue,0,864.2105318800014
244.32000000000005,318.1,0.0,other_tissue,0,254.54434276576987
461.90999999999997,-133.15999999999997,0.0,other_tissue,0,305.55364300380154
292.39,-438.46000000000004,0.0,other_tissue,0,211.1442614965687
442.53999999999996,-129.03999999999996,0.0,other_tissue,0,207.83506489558576
31.57000000000005,-452.22,0.0,other_tissue,0,202.1857978281793
-19.910000000000025,-382.41999999999996,0.0,other_tissue,0,96.59576924314901
-240.89,259.21000000000004,0.0,other_tissue,0,935.2897347420738
-342.18,327.53,0.0,other_tissue,0,1078.3430991944601
-237.62,303.24,0.0,other_tissue,0,529.8279617081546
-194.82,474.34,0.0,other_tissue,0,390.44682192916287
258.47,212.54000000000002,0.0,other_tissue,0,457.1070402733013
-253.79,-374.69000000000005,0.0,other_tissue,0,269.69428768050483
345.40999999999997,330.32,0.0,other_tissue,0,150.5667681252855
114.84000000000003,-289.5,0.0,CAF,1,391.71405760236604
-187.64999999999998,431.82,0.0,other_tissue,0,274.261840278166
169.87,454.88,0.0,other_tissue,0,127.78878567212678
-269.44,359.61,0.0,other_tissue,0,872.066143228421
-384.18,-289.29999999999995,0.0,epithelial_tumor_class1,1,1686.4119592420907
-422.38,-340.53,0.0,other_tissue,0,1371.6235487786068
-82.54000000000002,23.50999999999999,0.0,other_tissue,0,1371.6235487786068
429.65,-128.23000000000002,0.0,other_tissue,0,226.14743086637762
56.039999999999964,-318.66999999999996,0.0,CAF,1,303.8565524479999
333.55999999999995,385.07,0.0,other_tissue,0,157.7472401244224
-429.62,-423.4,0.0,other_tissue,0,1371.6235487786068
-139.01999999999998,113.94,0.0,other_tissue,0,803.7466714389602
277.11,269.28999999999996,0.0,other_tissue,0,111.5157482463413
-184.39,117.29000000000002,0.0,other_tissue,0,400.1755324606839
399.32000000000005,-195.98000000000002,0.0,other_tissue,0,432.9248442440284
-372.8,-306.70000000000005,0.0,epithelial_tumor_class1_class2,1,1350.2231548295574
285.03,43.160000000000025,0.0,epithelial_tumor_class1,1,2823.757393258302
-385.83,-187.35000000000002,0.0,other_tissue,0,284.9099460212896
104.03999999999996,-42.47000000000003,0.0,CAF,1,243.31216224855424
-225.55,100.10000000000002,0.0,other_tissue,0,228.55230829774806
-164.06,-1.6399999999999864,0.0,CD8_Tcell,1,130.85130676674098
-467.42,-38.77999999999997,0.0,other_tissue,0,626.9385076242544
20.41999999999996,219.56,0.0,other_tissue,0,372.765983342211
-292.94,402.9,0.0,other_tissue,0,486.1989283193082
87.17999999999995,-181.76999999999998,0.0,other_tissue,0,510.3138505133628
358.71000000000004,-160.84000000000003,0.0,other_tissue,0,1254.144238539605
-142.37,415.04,0.0,other_tissue,0,445.7101323877892
196.70000000000005,13.939999999999998,0.0,other_tissue,0,283.25896460941505
126.39999999999998,317.57,0.0,other_tissue,0,687.6193060918425
216.77999999999997,67.97000000000003,0.0,other_tissue,0,127.28641243655177
-155.98000000000002,83.99000000000001,0.0,other_tissue,0,199.6393933811331
132.45000000000005,-259.27,0.0,other_tissue,0,387.62482254760806
-288.28999999999996,-347.15999999999997,0.0,other_tissue,0,690.6754712801436
-309.3,-192.5,0.0,other_tissue,0,168.8111275557663
126.97000000000003,-306.35,0.0,other_tissue,0,229.31240931766519
-402.82,432.96,0.0,other_tissue,0,790.3604094159166
-324.1,319.68,0.0,other_tissue,0,234.45043918278074
113.78999999999996,-27.129999999999995,0.0,other_tissue,0,641.4849685093943
-230.26999999999998,87.48000000000002,0.0,other_tissue,0,264.4797199566853
-488.08,476.68,0.0,other_tissue,0,180.16455310813507
-56.339999999999975,-108.05999999999995,0.0,other_tissue,0,240.6268706273913
266.33000000000004,158.88,0.0,other_tissue,0,642.5646770468526
103.60000000000002,119.37,0.0,other_tissue,0,130.58170532526637
213.86,-417.16999999999996,0.0,apCAF,1,535.2770154286058
-381.85,104.94999999999999,0.0,other_tissue,0,612.8055060299196
250.09000000000003,6.480000000000018,0.0,other_tissue,0,152.50487095758896
-304.81,-152.20000000000005,0.0,other_tissue,0,190.74719484608084
-183.08999999999997,474.74,0.0,other_tissue,0,356.270793568755
-411.05,-345.89,0.0,epithelial_tumor_class1,1,9285.952576267931
166.04999999999995,-351.46000000000004,0.0,other_tissue,0,296.1523280458316
32.50999999999999,124.23000000000002,0.0,CAF,1,1033.466424623221
345.41999999999996,-349.28,0.0,other_tissue,0,371.57746347774355
184.64999999999998,482.23,0.0,other_tissue,0,188.74315615385024
247.65999999999997,-100.63,0.0,other_tissue,0,160.73791081600595
-416.34000000000003,53.54000000000002,0.0,other_tissue,0,169.12890930228656
409.26,-129.98000000000002,0.0,other_tissue,0,324.2180824775339
-327.09000000000003,-351.74,0.0,apCAF,1,246.0411128954801
174.05999999999995,455.67,0.0,other_tissue,0,100.32208676797133
269.40999999999997,214.61,0.0,epithelial_tumor_class1,1,6731.036037043316
49.809999999999945,-255.33000000000004,0.0,other_tissue,0,1371.6235487786068
-477.24,-103.95000000000005,0.0,other_tissue,0,448.92050022859144
-317.27,284.57,0.0,other_tissue,0,152.49796903547931
252.30999999999995,273.78,0.0,other_tissue,0,402.42508394070006
-432.9,-252.05999999999995,0.0,other_tissue,0,175.95551153977777
-58.839999999999975,134.13,0.0,other_tissue,0,163.46957543675634
-498.011,-97.12,0.0,other_tissue,0,182.51176804028492
-328.9,61.379999999999995,0.0,other_tissue,0,210.3479008411126
-251.66,-86.19000000000005,0.0,other_tissue,0,1074.964865629571
178.70000000000005,-427.58000000000004,0.0,other_tissue,0,185.94855124577265
305.53999999999996,436.7,0.0,other_tissue,0,135.80932622948288
-499.5797,154.82,0.0,other_tissue,0,439.4192352613881
-15.850000000000023,-319.35,0.0,other_tissue,0,318.7374663492046
-442.03,338.25,0.0,other_tissue,0,207.37726612476197
-18.5,7.329999999999984,0.0,other_tissue,0,108.62798762179095
331.83000000000004,-375.28999999999996,0.0,other_tissue,0,148.8216371957299
-488.96,272.07,0.0,other_tissue,0,359.0852402779163
-266.94,287.14,0.0,other_tissue,0,671.1753023184741
-375.07,-473.62,0.0,other_tissue,0,259.96263581062203
237.79999999999995,-341.88,0.0,other_tissue,0,141.27299692750984
190.28999999999996,-362.78,0.0,other_tissue,0,238.49105891034452
-500.2142,118.75999999999999,0.0,other_tissue,0,487.590675462291
-74.97000000000003,159.05,0.0,other_tissue,0,722.8851219624821
166.80999999999995,222.92000000000002,0.0,other_tissue,0,361.06782495702237
488.03999999999996,-291.92999999999995,0.0,other_tissue,0,184.25221839576423
6.089999999999975,-225.51999999999998,0.0,other_tissue,0,459.17630509904944
-275.22,178.0,0.0,other_tissue,0,479.27990503560835
-68.75999999999999,-382.77,0.0,other_tissue,0,156.33256982047686
122.72000000000003,55.620000000000005,0.0,other_tissue,0,425.2629210312707
-81.12,62.22000000000003,0.0,other_tissue,0,291.3229242879675
-472.63,-191.28999999999996,0.0,epithelial_tumor_class1,1,10128.694822980333
258.62,338.23,0.0,other_tissue,0,210.52754887729853
-499.0255,-297.14,0.0,other_tissue,0,909.695990013513
-403.12,-436.57000000000005,0.0,epithelial_tumor_class1,1,2487.148764551886
-151.31,-345.70000000000005,0.0,other_tissue,0,189.73941956620538
-365.82,500.2724,0.0,other_tissue,0,371.7774580714833
407.52,-330.01,0.0,other_tissue,0,535.2929562551757
-143.5,406.28,0.0,other_tissue,0,532.3969354199256
-422.24,372.74,0.0,other_tissue,0,140.15440103132107
-87.36000000000001,-131.76,0.0,other_tissue,0,152.51177308794536
-170.07999999999998,-106.32000000000005,0.0,other_tissue,0,168.34625955988483
332.26,-112.0,0.0,other_tissue,0,241.92947851026042
-82.41000000000003,-294.45000000000005,0.0,other_tissue,0,273.01847110146116
261.58000000000004,185.27999999999997,0.0,other_tissue,0,156.57127046820287
444.71000000000004,429.79,0.0,other_tissue,0,166.95677770504506
-197.66000000000003,236.42000000000002,0.0,other_tissue,0,611.6025937988165
166.07000000000005,-66.07000000000005,0.0,other_tissue,0,96.59576924314901
-361.53,-262.4,0.0,other_tissue,0,300.21013879323937
-366.2,264.57,0.0,other_tissue,0,392.1802604784223
-383.01,-265.65,0.0,other_tissue,0,241.74176409441338
103.53999999999996,-256.75,0.0,other_tissue,0,192.84606809310193
-62.55000000000001,240.10000000000002,0.0,other_tissue,0,549.3628215795437
335.89,-402.95000000000005,0.0,other_tissue,0,270.37110745958887
-243.52999999999997,-363.05999999999995,0.0,other_tissue,0,481.5343357768107
39.460000000000036,-109.21000000000004,0.0,other_tissue,0,253.13873770950448
-362.62,173.37,0.0,other_tissue,0,549.4439211111834
218.67999999999995,-149.94000000000005,0.0,other_tissue,0,586.1616166555996
-233.32,-407.12,0.0,other_tissue,0,644.7818657234682
-483.13,379.99,0.0,CAF,1,426.1797305399351
326.53,366.78,0.0,other_tissue,0,149.32469582597258
-71.02999999999997,-142.35000000000002,0.0,other_tissue,0,207.16555010774755
343.03999999999996,-363.30999999999995,0.0,other_tissue,0,688.1657335382503
-343.9,-308.54999999999995,0.0,other_tissue,0,246.0553341016873
-97.16000000000003,452.07,0.0,other_tissue,0,143.21008199360162
213.33000000000004,-363.38,0.0,other_tissue,0,371.76495630747627
40.40999999999997,-479.32000000000005,0.0,other_tissue,0,225.2868966843578
117.00999999999999,98.52999999999997,0.0,other_tissue,0,191.17216426950844
-492.074,246.79,0.0,other_tissue,0,317.26172797229293
75.60000000000002,-239.26999999999998,0.0,other_tissue,0,563.1987431240386
164.10000000000002,433.75,0.0,other_tissue,0,180.48870104412606
340.97,-396.85,0.0,other_tissue,0,620.1264483220015
318.83000000000004,-473.35,0.0,other_tissue,0,174.2149888657398
47.190000000000055,438.57,0.0,other_tissue,0,305.8608864629576
232.07000000000005,-210.42999999999995,0.0,other_tissue,0,306.04752758168024
-294.15999999999997,216.63,0.0,other_tissue,0,180.41148772869522
-104.37,178.43,0.0,other_tissue,0,784.977840750141
333.62,-320.76,0.0,other_tissue,0,461.8583355455657
297.89,393.73,0.0,other_tissue,0,175.07624094142844
-121.19999999999999,469.85,0.0,other_tissue,0,1108.5222838516702
216.94000000000005,-92.02999999999997,0.0,other_tissue,0,952.8815180427747
-349.81,437.09000000000003,0.0,other_tissue,0,119.77286719910065
-167.38,19.910000000000025,0.0,other_tissue,0,132.05599098332593
281.73,218.14999999999998,0.0,CAF,1,1497.2259507927456
-93.74000000000001,-374.25,0.0,other_tissue,0,283.6032614630204
-336.78999999999996,150.66000000000003,0.0,other_tissue,0,129.3718572160715
-308.51,383.25,0.0,other_tissue,0,243.42526639736866
400.67999999999995,-396.25,0.0,other_tissue,0,1061.2205748134556
-188.52999999999997,-285.69000000000005,0.0,other_tissue,0,485.19791472803314
-179.04000000000002,247.24,0.0,other_tissue,0,698.3935393827733
-345.96000000000004,-77.88999999999999,0.0,apCAF,1,884.863153972813
-499.8999,-319.46000000000004,0.0,epithelial_tumor_class1,1,3199.4088083081983
-175.52999999999997,478.57,0.0,other_tissue,0,467.82175003930365
-67.49000000000001,-13.470000000000027,0.0,epithelial_tumor_class1,1,4262.6707952813285
-238.81,147.54000000000002,0.0,other_tissue,0,848.836200266164
-134.24,-335.55999999999995,0.0,CAF,1,209.3659259505222
279.1,-289.88,0.0,other_tissue,0,413.4772100894532
-108.29000000000002,185.43,0.0,other_tissue,0,269.50255949953356
-446.59000000000003,57.139999999999986,0.0,other_tissue,0,680.167961933211
416.78999999999996,215.44,0.0,other_tissue,0,525.4230138182014
321.67999999999995,-376.71000000000004,0.0,other_tissue,0,128.91469871470682
-80.76999999999998,36.410000000000025,0.0,other_tissue,0,956.8440045061542
-400.2,445.43,0.0,other_tissue,0,1371.6235487786068
273.51,-313.57000000000005,0.0,other_tissue,0,114.5682773566341
353.76,-434.03,0.0,other_tissue,0,356.817904804524
42.389999999999986,334.03999999999996,0.0,other_tissue,0,235.92450240077247
-407.58,-404.34000000000003,0.0,other_tissue,0,340.3402586556358
431.26,288.53999999999996,0.0,other_tissue,0,125.35063885309094
331.65999999999997,-154.53999999999996,0.0,other_tissue,0,338.76326787801503
53.99000000000001,37.35000000000002,0.0,other_tissue,0,172.50846047842106
-71.69,502.168,0.0,other_tissue,0,520.6042813878316
-202.66000000000003,476.92,0.0,other_tissue,0,181.01433592184623
291.22,440.49,0.0,other_tissue,0,142.5162465782291
-161.29000000000002,416.82,0.0,other_tissue,0,200.9057589049917
-329.94,166.41000000000003,0.0,other_tissue,0,192.5395322010122
269.24,225.45,0.0,epithelial_tumor_class1,1,10128.694822980333
242.33000000000004,166.42000000000002,0.0,other_tissue,0,294.5651883061412
-25.54000000000002,-289.15,0.0,other_tissue,0,233.49559834412116
-439.47,95.41000000000003,0.0,other_tissue,0,592.9790288930218
-365.09000000000003,-274.07000000000005,0.0,other_tissue,0,122.01936335624623
418.70000000000005,-343.67999999999995,0.0,other_tissue,0,958.8646283076502
-102.01999999999998,-387.67999999999995,0.0,other_tissue,0,180.47325661893316
48.97000000000003,-290.25,0.0,other_tissue,0,252.85823909554293
-179.3,259.91999999999996,0.0,other_tissue,0,233.79829533837625
271.42999999999995,-18.980000000000018,0.0,epithelial_tumor_class1,1,2117.830949649683
-137.56,-10.220000000000027,0.0,other_tissue,0,96.59576924314901
-75.02999999999997,150.94,0.0,other_tissue,0,578.9598385903824
-408.28,439.37,0.0,other_tissue,0,651.4095101349706
-64.17000000000002,-474.82000000000005,0.0,other_tissue,0,104.37977887299466
167.30999999999995,-377.66999999999996,0.0,other_tissue,0,138.7434176926577
328.51,316.15,0.0,other_tissue,0,141.25332132715513
407.96000000000004,-114.05999999999995,0.0,other_tissue,0,789.926421769112
-398.28,-444.55999999999995,0.0,other_tissue,0,401.5690007569892
33.60000000000002,284.40999999999997,0.0,other_tissue,0,213.65772079771253
-141.95999999999998,-327.73,0.0,other_tissue,0,130.19622146651025
209.83000000000004,-410.55999999999995,0.0,other_tissue,0,448.65120179532306
-499.9588,-353.11,0.0,epithelial_tumor_class1,1,2313.834567996386
59.289999999999964,-216.26,0.0,other_tissue,0,544.0923373854818
267.02,232.83999999999997,0.0,epithelial_tumor_class1,1,10128.694822980333
35.65999999999997,-310.55999999999995,0.0,other_tissue,0,357.195129308622
97.66999999999996,-491.40999999999997,0.0,other_tissue,0,356.06425273735925
-63.05000000000001,157.19,0.0,other_tissue,0,981.5661025666408
367.94000000000005,442.52,0.0,other_tissue,0,218.34953462438554
94.32000000000005,-169.66999999999996,0.0,other_tissue,0,497.75655598230725
108.08000000000004,47.31,0.0,other_tissue,0,282.9045260815539
-478.29,-6.610000000000014,0.0,other_tissue,0,237.92427044381856
-316.96000000000004,-314.05999999999995,0.0,other_tissue,0,587.8568021898469
-83.36000000000001,279.53,0.0,other_tissue,0,189.31657688746392
-314.45,279.53,0.0,other_tissue,0,122.46008105336584
-223.14,-274.70000000000005,0.0,other_tissue,0,105.20746083445765
-499.9987,473.02,0.0,other_tissue,0,287.83038867310415
-114.80000000000001,460.54,0.0,other_tissue,0,1371.6235487786068
138.23000000000002,36.93000000000001,0.0,other_tissue,0,284.67967912203176
-331.8,-153.19000000000005,0.0,CD4_Tcell,1,446.4724401171222
74.70000000000005,339.37,0.0,other_tissue,0,261.9473261258601
-286.6,-268.71000000000004,0.0,other_tissue,0,371.5649661976438
-357.93,473.26,0.0,other_tissue,0,123.91476454945791
-88.56,-336.15,0.0,other_tissue,0,324.37787078097347
-224.56,-213.74,0.0,other_tissue,0,235.92450240077247
278.19000000000005,-460.67999999999995,0.0,other_tissue,0,210.64737104225424
-78.30000000000001,-433.97,0.0,other_tissue,0,177.2341497568421
47.92999999999995,-262.27,0.0,other_tissue,0,242.0703280750352
217.87,-258.23,0.0,other_tissue,0,107.17025668819242
-151.01999999999998,417.81,0.0,other_tissue,0,203.05330818466845
21.210000000000036,204.5,0.0,other_tissue,0,1044.653642602131
-210.0,158.7,0.0,other_tissue,0,771.923451982451
-23.170000000000016,-292.45000000000005,0.0,other_tissue,0,180.11056621311218
-341.65999999999997,245.94,0.0,other_tissue,0,296.56075465835056
-272.14,61.06999999999999,0.0,CD4_Tcell,1,468.1132428914286
-176.22000000000003,208.98000000000002,0.0,other_tissue,0,644.5112042223743
-328.5,463.14,0.0,other_tissue,0,200.1519178330194
-86.25999999999999,-359.16999999999996,0.0,other_tissue,0,153.58412298413663
-371.94,240.39999999999998,0.0,other_tissue,0,132.72805700077382
-384.45,272.08000000000004,0.0,other_tissue,0,361.79168620825226
-407.8,-495.42999999999995,0.0,other_tissue,0,348.5261378220602
30.74000000000001,150.5,0.0,other_tissue,0,365.6480163718948
266.25,-47.90999999999997,0.0,other_tissue,0,783.826153462874
-140.72000000000003,-21.899999999999977,0.0,other_tissue,0,213.25181758464282
-290.95,323.83000000000004,0.0,other_tissue,0,1258.4797427611297
123.65999999999997,265.53999999999996,0.0,other_tissue,0,118.35084633551315
181.74,-219.64999999999998,0.0,other_tissue,0,210.38211163228598
-325.27,444.52,0.0,other_tissue,0,192.09643740986354
35.879999999999995,-295.32000000000005,0.0,other_tissue,0,164.2297968021015
269.28999999999996,153.16000000000003,0.0,other_tissue,0,348.0593190577203
-15.449999999999989,-305.86,0.0,other_tissue,0,265.91696195337227
308.44000000000005,-99.12,0.0,other_tissue,0,185.43699036011162
321.55999999999995,422.8,0.0,other_tissue,0,111.44853747088446
-25.600000000000023,203.73000000000002,0.0,other_tissue,0,181.18461250159208
308.03999999999996,157.83999999999997,0.0,other_tissue,0,706.4565504472788
20.019999999999982,198.3,0.0,other_tissue,0,787.5113985845019
-405.31,459.13,0.0,other_tissue,0,161.87716340386348
170.01,477.3,0.0,other_tissue,0,155.30333237264483
-455.57,-133.72000000000003,0.0,other_tissue,0,260.9981589485593
-80.85000000000002,432.08,0.0,other_tissue,0,404.82858781277145
-185.81,-17.480000000000018,0.0,other_tissue,0,317.52049670111046
-110.26999999999998,-368.65999999999997,0.0,other_tissue,0,570.9847913883463
224.08000000000004,499.8547,0.0,other_tissue,0,330.4194567703206
301.28999999999996,166.18,0.0,other_tissue,0,407.66690480482686
-470.35,-122.84000000000003,0.0,other_tissue,0,602.915581788477
479.12,47.48000000000002,0.0,other_tissue,0,137.77363963706264
-442.68,-164.39999999999998,0.0,other_tissue,0,188.9421291599622
-390.61,351.76,0.0,CAF,1,298.80300753892436
349.40999999999997,-410.25,0.0,other_tissue,0,291.9503092166484
-173.05,242.58999999999997,0.0,other_tissue,0,438.35793779317936
-260.55,116.86000000000001,0.0,other_tissue,0,516.375172640958
447.09000000000003,131.58999999999997,0.0,other_tissue,0,306.38806858977057
484.14,448.79,0.0,other_tissue,0,185.28763458870554
7.939999999999998,-453.30999999999995,0.0,other_tissue,0,267.9519040879557
-378.03,66.12,0.0,other_tissue,0,253.6906669812176
75.40999999999997,-478.27,0.0,other_tissue,0,112.34690416509876
-297.16999999999996,311.21000000000004,0.0,other_tissue,0,188.76702553534383
376.95000000000005,198.41000000000003,0.0,other_tissue,0,118.80606384708409
-397.14,97.67000000000002,0.0,CAF,1,457.8391923610909
-103.23000000000002,24.04000000000002,0.0,other_tissue,0,404.64336405112147
-263.19,389.6,0.0,other_tissue,0,667.2349123957706
196.01999999999998,-200.26999999999998,0.0,CD4_Tcell,1,340.2224041450631
-444.49,-418.82000000000005,0.0,other_tissue,0,315.39826070668556
-338.76,-244.39,0.0,other_tissue,0,260.86980243779556
438.15,-72.14999999999998,0.0,other_tissue,0,296.206046951568
290.64,234.3,0.0,other_tissue,0,830.7358679250736
-22.370000000000005,-232.03999999999996,0.0,other_tissue,0,129.62561240124717
93.26999999999998,-235.29999999999995,0.0,other_tissue,0,154.30644572103262
225.89,-124.70000000000005,0.0,other_tissue,0,247.1869199799432
273.13,-459.48,0.0,other_tissue,0,228.47096866911167
293.70000000000005,467.57,0.0,other_tissue,0,124.00493538041013
304.87,-369.53,0.0,other_tissue,0,168.6413147916675
-302.18,278.32,0.0,other_tissue,0,343.91230021443573
172.02999999999997,491.734,0.0,other_tissue,0,156.89460497633763
-319.28,-323.46000000000004,0.0,other_tissue,0,377.5959323547285
-42.20999999999998,-354.07000000000005,0.0,other_tissue,0,149.31789019144097
-237.72000000000003,-357.46000000000004,0.0,other_tissue,0,872.3530966409502
-109.17000000000002,478.52,0.0,other_tissue,0,1225.984341630492
-194.89999999999998,369.28,0.0,other_tissue,0,429.41958324815386
-418.79,419.37,0.0,other_tissue,0,96.59576924314901
-205.60000000000002,-485.73,0.0,other_tissue,0,332.91036545099854
-8.610000000000014,-59.23000000000002,0.0,other_tissue,0,186.8559236634562
353.88,-291.47,0.0,other_tissue,0,142.87279563780652
-204.66000000000003,-33.34000000000003,0.0,other_tissue,0,134.7960657771975
-318.74,-164.41999999999996,0.0,CAF,1,167.24286769972062
-189.57,201.01,0.0,other_tissue,0,314.4916335064301
-79.60000000000002,174.74,0.0,other_tissue,0,184.51854670358725
-32.98000000000002,-229.87,0.0,other_tissue,0,242.43679276521183
256.75,-354.84000000000003,0.0,other_tissue,0,141.22053271973564
-228.23000000000002,407.88,0.0,other_tissue,0,96.59576924314901
-56.29000000000002,241.44,0.0,other_tissue,0,280.13141337779444
61.49000000000001,-254.53999999999996,0.0,other_tissue,0,229.43925643362007
15.460000000000036,67.89999999999998,0.0,other_tissue,0,349.56900648200144
326.5,198.06,0.0,other_tissue,0,202.86958985155673
-169.06,-154.88,0.0,other_tissue,0,413.8530862354916
-278.65,250.17,0.0,other_tissue,0,195.45662583687835
145.32000000000005,137.3,0.0,other_tissue,0,130.80588344125738
140.58000000000004,405.01,0.0,other_tissue,0,173.6875521149072
-170.37,462.92,0.0,other_tissue,0,237.8592866409428
152.85000000000002,350.06,0.0,other_tissue,0,441.8975785684039
495.46000000000004,492.781,0.0,other_tissue,0,428.18211643007146
-276.24,-13.210000000000036,0.0,epithelial_tumor_class1,1,5533.040102431177
449.03999999999996,-140.11,0.0,other_tissue,0,228.13677517237323
249.91999999999996,-412.76,0.0,other_tissue,0,207.25868739353294
247.66999999999996,18.879999999999995,0.0,other_tissue,0,319.7200613157114
142.41999999999996,-386.48,0.0,other_tissue,0,143.31600660616988
-133.02999999999997,-77.23000000000002,0.0,other_tissue,0,202.1025138262763
-283.91999999999996,-4.360000000000014,0.0,epithelial_tumor_class1,1,6426.545954715166
-224.76999999999998,146.8,0.0,other_tissue,0,271.28204919354306
403.37,-123.99000000000001,0.0,other_tissue,0,284.4390782374315
448.09000000000003,-190.86,0.0,epithelial_tumor_class1,1,3582.4685539872307
-469.33,-113.17999999999995,0.0,other_tissue,0,783.1069212599707
72.63,-320.11,0.0,other_tissue,0,226.78527530856874
9.490000000000009,293.24,0.0,other_tissue,0,190.5229371660116
-33.95999999999998,168.83999999999997,0.0,other_tissue,0,878.7041906347774
-217.02999999999997,169.89,0.0,other_tissue,0,246.55889022639798
119.71000000000004,125.23000000000002,0.0,other_tissue,0,343.3428960112643
-132.14,260.06,0.0,other_tissue,0,112.40884361568011
-34.370000000000005,-484.02,0.0,other_tissue,0,143.5810466203464
-355.64,-290.07000000000005,0.0,other_tissue,0,1069.0889083694228
-456.98,-490.26,0.0,other_tissue,0,407.3346435127818
-438.52,68.50999999999999,0.0,other_tissue,0,171.26759437596013
204.5,28.389999999999986,0.0,other_tissue,0,96.59576924314901
-504.169,-221.97000000000003,0.0,epithelial_tumor_class1,1,2013.0583135697439
238.53999999999996,-425.17999999999995,0.0,CAF,1,208.96547847359324
297.66999999999996,424.14,0.0,other_tissue,0,164.57084860055286
-117.18,493.82,0.0,other_tissue,0,279.9968575616629
51.690000000000055,450.31,0.0,other_tissue,0,196.20680272190745
-174.14999999999998,486.54,0.0,other_tissue,0,133.4655384679374
149.87,-89.48000000000002,0.0,epithelial_tumor_class1,1,2049.0451038470537
-155.39999999999998,-329.21000000000004,0.0,other_tissue,0,106.57126777093258
44.559999999999945,-492.1,0.0,other_tissue,0,147.00920594798797
271.6,149.13,0.0,other_tissue,0,172.7108530606178
483.51,-198.96000000000004,0.0,other_tissue,0,150.69683064322837
139.90999999999997,-406.12,0.0,other_tissue,0,267.9318049315234
-479.17,-354.15999999999997,0.0,other_tissue,0,162.75494746678135
-266.75,395.93,0.0,other_tissue,0,107.41047928704438
481.89,-256.34000000000003,0.0,apCAF,1,457.8391923610909
-51.02999999999997,-374.5,0.0,other_tissue,0,357.99913782439637
-377.3,-92.0,0.0,other_tissue,0,244.8798823335991
-437.21,-406.45000000000005,0.0,other_tissue,0,767.4151894640434
-34.589999999999975,103.76999999999998,0.0,other_tissue,0,160.273722183547
145.14,-246.26999999999998,0.0,other_tissue,0,122.63905227145459
98.07000000000005,-331.78999999999996,0.0,other_tissue,0,177.6082492560748
-329.02,-407.58000000000004,0.0,other_tissue,0,1371.6235487786068
206.87,-204.69000000000005,0.0,other_tissue,0,134.95504838283026
-248.03,-302.14,0.0,other_tissue,0,156.7188245353812
307.88,-386.15,0.0,other_tissue,0,517.1537214394401
112.67999999999995,207.22000000000003,0.0,other_tissue,0,276.9447730931447
-270.44,-158.11,0.0,other_tissue,0,96.59576924314901
444.63,-12.139999999999986,0.0,CD8_Tcell,1,191.99985261074033
-335.76,41.70999999999998,0.0,other_tissue,0,384.3305419874171
77.78999999999996,242.45,0.0,other_tissue,0,176.37343388335952
232.34000000000003,-405.17999999999995,0.0,other_tissue,0,662.023458097787
280.96000000000004,-115.25,0.0,other_tissue,0,775.7142105050134
170.89,-282.76,0.0,other_tissue,0,163.16614500344824
459.65,-101.66999999999996,0.0,other_tissue,0,226.19231029289213
-423.51,-165.67999999999995,0.0,other_tissue,0,150.2795271050358
306.99,115.67000000000002,0.0,other_tissue,0,163.26002378751437
-397.75,-328.78999999999996,0.0,epithelial_tumor_class1,1,10128.694822980333
-190.39,263.22,0.0,other_tissue,0,264.22077113672395
405.69000000000005,414.48,0.0,other_tissue,0,235.07616350628572
-488.42,-246.23000000000002,0.0,other_tissue,0,134.5292561670368
113.32000000000005,-488.4,0.0,other_tissue,0,196.60713571908806
478.89,-54.539999999999964,0.0,other_tissue,0,146.9418642352355
-316.2,-35.91999999999996,0.0,other_tissue,0,213.14826517088287
212.89,104.80000000000001,0.0,other_tissue,0,262.8392577409249
51.360000000000014,-247.38,0.0,other_tissue,0,276.544301792216
-315.76,-30.159999999999968,0.0,other_tissue,0,114.22069810530265
-93.94,45.420000000000016,0.0,other_tissue,0,191.2604444928616
-354.26,339.15999999999997,0.0,other_tissue,0,814.0957553165184
-279.46000000000004,-377.02,0.0,other_tissue,0,137.0010789762919
223.57000000000005,145.7,0.0,other_tissue,0,153.3623242097543
-3.7799999999999727,289.95,0.0,other_tissue,0,267.1888425316821
-265.4,29.350000000000023,0.0,other_tissue,0,909.9911394539138
-61.99000000000001,112.18,0.0,other_tissue,0,186.01157753082413
-296.03,-372.95000000000005,0.0,other_tissue,0,131.08646670445182
-501.05,-238.07000000000005,0.0,other_tissue,0,436.8387987915433
-131.57,419.7,0.0,other_tissue,0,1111.4255077093828
43.42999999999995,210.27999999999997,0.0,other_tissue,0,96.59576924314901
-499.6306,39.85000000000002,0.0,other_tissue,0,700.3749045650825
-76.36000000000001,-318.42999999999995,0.0,other_tissue,0,815.2346947634185
439.84000000000003,430.58,0.0,other_tissue,0,131.31122198820913
-337.65,-341.05999999999995,0.0,epithelial_tumor_class1,1,4340.502625954672
-122.38999999999999,-123.15999999999997,0.0,other_tissue,0,653.8109056554811
157.53999999999996,-471.66999999999996,0.0,other_tissue,0,303.92212906720954
-168.74,-330.21000000000004,0.0,other_tissue,0,178.29674151065865
298.09000000000003,-231.36,0.0,other_tissue,0,96.59576924314901
41.370000000000005,89.08999999999997,0.0,other_tissue,0,114.43144085052934
126.29999999999995,307.89,0.0,other_tissue,0,336.4303195456802
262.01,245.18,0.0,other_tissue,0,1371.6235487786068
59.32000000000005,-445.4,0.0,other_tissue,0,96.59576924314901
-106.62,355.21000000000004,0.0,other_tissue,0,367.44374432730655
-373.0,-44.33000000000004,0.0,other_tissue,0,111.78486156484674
217.16999999999996,353.47,0.0,other_tissue,0,310.1728652952696
-499.9516,-174.25,0.0,other_tissue,0,1196.5041866729086
-370.7,-291.13,0.0,epithelial_tumor_class1,1,6949.373085157841
-453.79,-146.20000000000005,0.0,other_tissue,0,392.9321429214216
205.15999999999997,-392.59000000000003,0.0,other_tissue,0,169.6396711575895
-78.26999999999998,320.63,0.0,other_tissue,0,146.77359993288752
-305.31,281.73,0.0,other_tissue,0,124.25764640221469
-184.02999999999997,211.23000000000002,0.0,other_tissue,0,512.8813717772917
-160.43,-266.99,0.0,other_tissue,0,169.72860414196953
76.95000000000005,68.32999999999998,0.0,other_tissue,0,385.76387749600775
29.149999999999977,-30.139999999999986,0.0,other_tissue,0,154.65452094463518
93.01999999999998,-425.27,0.0,other_tissue,0,291.2804222808923
-317.33000000000004,397.35,0.0,other_tissue,0,207.5213153776255
-468.57,-353.82000000000005,0.0,other_tissue,0,266.3171178282455
-203.92000000000002,-493.59000000000003,0.0,other_tissue,0,231.93126142346082
-243.81,-168.01999999999998,0.0,other_tissue,0,493.30498208169996
189.94000000000005,-173.92999999999995,0.0,other_tissue,0,328.5393035681777
-415.97,282.58000000000004,0.0,other_tissue,0,170.9173489254985
353.54999999999995,-139.51999999999998,0.0,other_tissue,0,271.6875680908484
-297.48,-89.52999999999997,0.0,other_tissue,0,164.13554658624471
-41.44999999999999,83.70999999999998,0.0,other_tissue,0,588.2641324588575
59.360000000000014,500.251,0.0,other_tissue,0,304.7973857506683
270.76,-463.91999999999996,0.0,other_tissue,0,195.29379733838357
-71.22000000000003,-370.39,0.0,other_tissue,0,1261.9779209953792
-9.800000000000011,-97.64999999999998,0.0,other_tissue,0,132.39488020848407
311.13,-228.64999999999998,0.0,other_tissue,0,188.0200741232052
28.58000000000004,-156.27999999999997,0.0,other_tissue,0,107.50885554039426
-451.08,180.06,0.0,other_tissue,0,224.09830946090372
-341.77,-319.28,0.0,other_tissue,0,260.1301057667768
283.82000000000005,-298.15999999999997,0.0,other_tissue,0,215.22569097316594
-500.1657,-232.78999999999996,0.0,other_tissue,0,340.74116756909956
-231.62,-352.19000000000005,0.0,other_tissue,0,217.68386198652618
247.11,-432.26,0.0,other_tissue,0,127.13962584582355
213.74,475.3,0.0,other_tissue,0,107.16480125041454
309.35,325.99,0.0,other_tissue,0,155.68789061107006
375.46000000000004,-325.57000000000005,0.0,other_tissue,0,98.56269762151503
114.45000000000005,449.65999999999997,0.0,other_tissue,0,96.59576924314901
-181.5,-347.82000000000005,0.0,other_tissue,0,280.13141337779444
294.25,-86.40999999999997,0.0,other_tissue,0,400.4776144965977
138.53999999999996,-414.20000000000005,0.0,other_tissue,0,193.1286914625938
170.44000000000005,146.73000000000002,0.0,other_tissue,0,241.65732429556277
-191.82,-330.44000000000005,0.0,other_tissue,0,190.05896268755197
-498.785,455.27,0.0,other_tissue,0,547.8558246012799
43.889999999999986,-79.74000000000001,0.0,other_tissue,0,498.21229814389744
-504.267,-196.0,0.0,epithelial_tumor_class1,1,10128.694822980333
11.560000000000002,181.79000000000002,0.0,other_tissue,0,364.7214916294549
-18.620000000000005,246.77,0.0,other_tissue,0,107.32308412570586
420.5,-462.65999999999997,0.0,other_tissue,0,145.88059294438
-398.38,-140.70000000000005,0.0,other_tissue,0,264.3900646894749
-38.05000000000001,16.370000000000005,0.0,other_tissue,0,199.59809893160022
-334.66999999999996,-201.48000000000002,0.0,other_tissue,0,286.1891344813245
-333.98,166.76999999999998,0.0,other_tissue,0,104.23511456382862
45.50999999999999,353.71000000000004,0.0,other_tissue,0,144.24507581655118
106.79999999999995,299.01,0.0,other_tissue,0,425.1261966629408
272.6,-4.25,0.0,other_tissue,0,426.659184404204
-28.910000000000025,215.82,0.0,other_tissue,0,1167.6345030694342
-50.54000000000002,-466.21000000000004,0.0,other_tissue,0,125.56879097068466
324.89,-248.40999999999997,0.0,other_tissue,0,175.16706382096447
218.21000000000004,-202.80999999999995,0.0,other_tissue,0,132.91059765652736
-473.28,-303.25,0.0,other_tissue,0,783.6206136308375
7.600000000000023,116.44,0.0,other_tissue,0,747.2057732328008
436.51,-346.9,0.0,other_tissue,0,237.6829616814354
231.75,-4.3799999999999955,0.0,other_tissue,0,203.5549218618127
-253.96,499.8099,0.0,other_tissue,0,949.7240895263784
230.09000000000003,-250.71000000000004,0.0,other_tissue,0,148.72659121891448
39.77999999999997,-300.27,0.0,other_tissue,0,238.34230609386643
477.58000000000004,438.63,0.0,other_tissue,0,271.2111248993816
-247.38,-159.67999999999995,0.0,other_tissue,0,1359.0448257425
-121.94,132.82,0.0,other_tissue,0,295.14362107891935
43.049999999999955,-445.44000000000005,0.0,other_tissue,0,154.02836187541945
444.94000000000005,-330.77,0.0,other_tissue,0,337.85929438292953
-136.0,403.72,0.0,other_tissue,0,1371.6235487786068
-498.925,260.8,0.0,other_tissue,0,166.45141806806032
-92.5,-357.5,0.0,other_tissue,0,96.59576924314901
-416.22,348.3,0.0,other_tissue,0,108.40794078527443
235.64999999999998,187.14,0.0,other_tissue,0,244.65280881526593
280.62,197.27999999999997,0.0,other_tissue,0,264.8884059930081
-93.44999999999999,-71.25,0.0,other_tissue,0,293.34653533621105
-284.35,-250.70000000000005,0.0,other_tissue,0,256.0331300299545
98.19000000000005,94.99000000000001,0.0,other_tissue,0,149.53577307940532
47.34000000000003,412.12,0.0,other_tissue,0,120.8808132527576
328.91999999999996,-292.95000000000005,0.0,other_tissue,0,137.06534844153515
32.50999999999999,-298.15999999999997,0.0,CAF,1,150.8504856052713
32.41999999999996,-120.41999999999996,0.0,other_tissue,0,130.89313306286135
281.74,-471.49,0.0,other_tissue,0,173.07105285258348
-66.48000000000002,60.70999999999998,0.0,other_tissue,0,356.295097739854
6.670000000000016,141.79000000000002,0.0,other_tissue,0,203.05330818466845
330.54999999999995,-202.73000000000002,0.0,other_tissue,0,383.98553769805574
-420.28,156.94,0.0,other_tissue,0,103.95687854729617
217.98000000000002,281.58000000000004,0.0,other_tissue,0,178.81043944998606
-493.635,454.6,0.0,other_tissue,0,247.3298025891131
25.50999999999999,-307.33000000000004,0.0,other_tissue,0,145.17147254874345
-94.02999999999997,32.72000000000003,0.0,other_tissue,0,1137.8620200689072
494.79999999999995,-331.36,0.0,other_tissue,0,841.896812368236
282.08000000000004,-180.73000000000002,0.0,other_tissue,0,427.12528378369996
-296.43,-84.03999999999996,0.0,other_tissue,0,150.0336114744141
-237.89999999999998,17.470000000000027,0.0,other_tissue,0,362.13555182801343
303.79999999999995,-390.52,0.0,other_tissue,0,153.82001838700296
-342.76,231.48000000000002,0.0,other_tissue,0,149.54939779297405
161.46000000000004,-121.74000000000001,0.0,other_tissue,0,860.9896298661806
216.35000000000002,3.910000000000025,0.0,other_tissue,0,147.83919262555523
238.12,174.7,0.0,other_tissue,0,288.3788645796734
235.21000000000004,128.51999999999998,0.0,other_tissue,0,244.82310078745016
345.52,-474.27,0.0,other_tissue,0,114.35736658989653
-30.20999999999998,185.44,0.0,other_tissue,0,236.86743508907318
344.17999999999995,-430.33000000000004,0.0,other_tissue,0,1325.5331607510277
145.14999999999998,-139.60000000000002,0.0,other_tissue,0,191.22031375025733
-164.13,479.41,0.0,other_tissue,0,148.84200945766065
348.87,-400.54999999999995,0.0,other_tissue,0,388.1263718997426
-312.72,27.480000000000018,0.0,other_tissue,0,187.60771476567368
365.39,-140.49,0.0,other_tissue,0,1371.6235487786068
-42.80000000000001,-407.92999999999995,0.0,other_tissue,0,112.49897799536475
239.49,-496.07000000000005,0.0,other_tissue,0,270.31045062367184
-320.22,-209.13,0.0,other_tissue,0,124.0951499446883
174.82000000000005,-422.33000000000004,0.0,other_tissue,0,156.02402339838227
287.91999999999996,-488.15999999999997,0.0,other_tissue,0,1158.675572989992
-243.14,-138.26999999999998,0.0,other_tissue,0,329.88813684147294
-142.67000000000002,-353.35,0.0,other_tissue,0,250.57365068304352
-138.39,374.78,0.0,other_tissue,0,200.27604732648632
461.42999999999995,0.01999999999998181,0.0,other_tissue,0,333.41004466797165
119.22000000000003,345.46000000000004,0.0,other_tissue,0,146.20246221301102
279.44000000000005,166.31,0.0,other_tissue,0,226.19231029289213
437.59000000000003,-203.48000000000002,0.0,other_tissue,0,554.4713751676733
202.01,380.39,0.0,other_tissue,0,280.13141337779444
467.42999999999995,-281.48,0.0,other_tissue,0,108.0509988115959
-453.65999999999997,211.72000000000003,0.0,other_tissue,0,96.59576924314901
-495.887,437.55,0.0,other_tissue,0,553.2646086135878
219.99,113.37,0.0,other_tissue,0,181.18461250159208
-180.14999999999998,225.86,0.0,other_tissue,0,1371.6235487786068
-116.19999999999999,384.08,0.0,other_tissue,0,106.11536400747168
244.26999999999998,-96.73000000000002,0.0,other_tissue,0,123.96285021757471
271.30999999999995,-269.34000000000003,0.0,other_tissue,0,253.19679779259704
297.28,-402.38,0.0,other_tissue,0,230.51025562912363
222.15999999999997,-296.24,0.0,other_tissue,0,96.59576924314901
-461.29,226.14999999999998,0.0,other_tissue,0,96.59576924314901
-273.41999999999996,146.66000000000003,0.0,other_tissue,0,122.01341496433206
-221.81,501.587,0.0,epithelial_tumor_class1,1,2830.3321757105637
-337.53,-215.89999999999998,0.0,other_tissue,0,417.62438407734845
269.86,-335.88,0.0,other_tissue,0,96.59576924314901
-488.74,60.660000000000025,0.0,other_tissue,0,258.79235825045623
-499.1166,448.28,0.0,other_tissue,0,650.9008803117762
196.13,266.55,0.0,other_tissue,0,120.70355713540464
214.0,-44.10000000000002,0.0,other_tissue,0,240.1034031413293
431.75,215.23000000000002,0.0,other_tissue,0,278.72588436182053
65.44000000000005,31.980000000000018,0.0,other_tissue,0,248.97212722345643
-270.94,497.117,0.0,other_tissue,0,350.3134683815747
-110.70999999999998,-68.37,0.0,other_tissue,0,391.45521572245747
-427.89,-481.83000000000004,0.0,other_tissue,0,297.3895069690203
-349.23,259.65,0.0,other_tissue,0,115.3973189782374
-265.61,222.36,0.0,other_tissue,0,141.73261312215794
53.76999999999998,1.8899999999999864,0.0,other_tissue,0,241.90131515522617
154.40999999999997,75.54000000000002,0.0,other_tissue,0,1167.3664059383343
-6.7099999999999795,106.02999999999997,0.0,other_tissue,0,114.93370791899969
-318.91999999999996,-7.610000000000014,0.0,other_tissue,0,435.1287605642034
152.70000000000005,239.38,0.0,other_tissue,0,701.4242552243369
-175.76,-319.78999999999996,0.0,other_tissue,0,107.9797045686516
9.410000000000025,205.2,0.0,other_tissue,0,218.814555979812
60.57000000000005,280.5,0.0,other_tissue,0,331.8661417371831
-466.13,-335.24,0.0,other_tissue,0,775.612146427063
288.84000000000003,172.01,0.0,other_tissue,0,542.5789133941939
494.57000000000005,-9.579999999999984,0.0,other_tissue,0,422.09845742483077
-24.129999999999995,-412.11,0.0,other_tissue,0,112.13310659167675
328.63,-159.55999999999995,0.0,other_tissue,0,405.15948510217686
-218.57,-488.49,0.0,other_tissue,0,144.9178202516366
340.25,386.96,0.0,other_tissue,0,144.23842541117565
8.310000000000002,-173.49,0.0,other_tissue,0,96.59576924314901
-72.13999999999999,6.139999999999986,0.0,other_tissue,0,209.63886357087358
205.58000000000004,-87.38999999999999,0.0,other_tissue,0,334.67891293211665
-290.24,-13.149999999999977,0.0,epithelial_tumor_class1,1,10128.694822980333
-380.6,-421.92999999999995,0.0,epithelial_tumor_class1,1,10128.694822980333
451.01,187.41000000000003,0.0,other_tissue,0,129.31619922125105
226.89999999999998,13.800000000000011,0.0,other_tissue,0,299.7767058671032
386.84000000000003,207.92000000000002,0.0,other_tissue,0,165.11605754809185
124.92999999999995,279.53999999999996,0.0,other_tissue,0,122.94968196903672
301.63,180.56,0.0,other_tissue,0,98.30495460544999
229.16999999999996,193.76999999999998,0.0,other_tissue,0,209.2465902737553
-422.85,-275.27,0.0,other_tissue,0,96.59576924314901
292.71000000000004,179.5,0.0,other_tissue,0,507.4625686479238
-479.56,-114.75,0.0,other_tissue,0,247.33933005361166
171.27999999999997,-64.17999999999995,0.0,other_tissue,0,109.19045438606112
-64.82999999999998,-387.75,0.0,other_tissue,0,159.4902095848546
49.17999999999995,-295.09000000000003,0.0,other_tissue,0,129.22965185152717
-265.49,-332.05999999999995,0.0,other_tissue,0,187.92486069600267
60.0,-233.33000000000004,0.0,other_tissue,0,252.2206355229074
208.85000000000002,452.12,0.0,other_tissue,0,106.02867287956015
-164.56,-365.48,0.0,other_tissue,0,394.12675415830216
106.52999999999997,-395.65,0.0,other_tissue,0,130.88689966075452
-330.38,6.410000000000025,0.0,other_tissue,0,149.39276354520504
-282.69,-57.24000000000001,0.0,other_tissue,0,260.139959179873
-239.32999999999998,-161.62,0.0,other_tissue,0,251.90223607418278
287.90999999999997,208.36,0.0,other_tissue,0,1301.6359776414674
-264.71000000000004,-75.59000000000003,0.0,other_tissue,0,374.72315132041297
-135.64,-318.19000000000005,0.0,other_tissue,0,138.5037843511625
-492.429,130.2,0.0,other_tissue,0,96.59576924314901
428.97,-352.37,0.0,other_tissue,0,445.06144395391374
-408.13,115.49000000000001,0.0,other_tissue,0,125.98154637084669
-363.6,-342.83000000000004,0.0,other_tissue,0,1230.0881752614284
-432.98,-480.61,0.0,other_tissue,0,131.2112990612778
200.46000000000004,56.879999999999995,0.0,other_tissue,0,110.76118339941786
115.5,40.55000000000001,0.0,other_tissue,0,144.4313701719091
358.15,-375.15,0.0,other_tissue,0,157.78959974828973
-35.98000000000002,-188.55999999999995,0.0,other_tissue,0,132.35719725234088
-159.8,493.187,0.0,other_tissue,0,374.66031556020255
-398.4,115.89999999999998,0.0,other_tissue,0,210.80149490526134
-187.25,85.82999999999998,0.0,other_tissue,0,1227.95193167091
285.96000000000004,194.17000000000002,0.0,other_tissue,0,1190.926235570193
-221.39999999999998,-164.69000000000005,0.0,other_tissue,0,123.30875210553255
-500.194,-373.4,0.0,other_tissue,0,320.19513939889936
147.23000000000002,227.93,0.0,other_tissue,0,96.59576924314901
-114.88999999999999,39.48000000000002,0.0,other_tissue,0,636.2476504011839
264.83000000000004,-280.97,0.0,other_tissue,0,327.8490226646711
312.13,499.7087,0.0,other_tissue,0,377.8486288300335
-441.44,75.76999999999998,0.0,other_tissue,0,96.59576924314901
108.60000000000002,-171.83000000000004,0.0,other_tissue,0,153.12689709956265
-385.52,-450.69000000000005,0.0,other_tissue,0,133.55396667436165
-319.58000000000004,323.94,0.0,other_tissue,0,236.2385347130361
-230.07,147.8,0.0,other_tissue,0,330.6275197646497
71.33000000000004,51.54000000000002,0.0,other_tissue,0,1289.1942846429454
-411.37,-471.77,0.0,other_tissue,0,136.8212313616765
327.35,-222.63,0.0,other_tissue,0,684.0276464379771
483.46000000000004,323.90999999999997,0.0,other_tissue,0,213.32087115645882
447.28,-199.29999999999995,0.0,epithelial_tumor_class1,1,3049.507516210023
-288.13,-262.86,0.0,other_tissue,0,840.453191634588
-57.64999999999998,113.33999999999997,0.0,other_tissue,0,172.47848984644654
-83.57,-372.99,0.0,other_tissue,0,457.59505486586414
-137.22000000000003,-160.49,0.0,other_tissue,0,148.36714089728116
128.32000000000005,128.95,0.0,other_tissue,0,410.57188373742395
254.76,36.75999999999999,0.0,other_tissue,0,572.1005269846233
-240.68,84.26999999999998,0.0,other_tissue,0,604.0034092794257
-258.13,34.74000000000001,0.0,other_tissue,0,1371.6235487786068
4.170000000000016,-199.23000000000002,0.0,other_tissue,0,113.21047056806239
-95.44,-478.44000000000005,0.0,other_tissue,0,181.56424859471485
74.16999999999996,-364.65999999999997,0.0,other_tissue,0,99.0174188217579
-277.64,295.9,0.0,other_tissue,0,205.42649308636837
10.600000000000023,18.370000000000005,0.0,other_tissue,0,409.7176197051292
-444.40999999999997,35.610000000000014,0.0,other_tissue,0,437.31228139202926
-218.33999999999997,238.48000000000002,0.0,other_tissue,0,223.3675837389908
366.33000000000004,-146.26,0.0,other_tissue,0,251.77687959815069
-186.06,480.46,0.0,other_tissue,0,307.3341175384465
-235.8,484.13,0.0,other_tissue,0,189.93909200865178
-389.72,-94.12,0.0,other_tissue,0,186.61103768661866
-146.94,437.1,0.0,other_tissue,0,684.8539330164512
19.50999999999999,-339.45000000000005,0.0,other_tissue,0,108.32000532428627
-458.39,499.9225,0.0,other_tissue,0,164.31682901905253
292.61,-192.37,0.0,other_tissue,0,255.29287822041877
-17.660000000000025,189.77999999999997,0.0,other_tissue,0,295.1543399320535
379.59000000000003,417.83,0.0,other_tissue,0,117.4844992643116
-153.68,-323.01,0.0,other_tissue,0,102.74806917156516
225.11,463.01,0.0,other_tissue,0,225.58245862933666
264.52,363.8,0.0,other_tissue,0,182.06089797191765
-409.29,499.8912,0.0,other_tissue,0,636.7128265249784
-36.160000000000025,-467.47,0.0,other_tissue,0,96.59576924314901
-276.61,-165.45000000000005,0.0,other_tissue,0,172.56091743824206
-494.708,-40.309999999999945,0.0,other_tissue,0,235.82296332711903
168.80999999999995,-74.48000000000002,0.0,other_tissue,0,476.13259055145795
-456.67,-289.41999999999996,0.0,other_tissue,0,355.26314488343377
415.1,-265.58000000000004,0.0,other_tissue,0,161.71203392006703
283.53999999999996,396.1,0.0,other_tissue,0,201.60329005756105
454.95000000000005,-7.3799999999999955,0.0,other_tissue,0,212.2005963312661
-417.61,492.394,0.0,other_tissue,0,96.59576924314901
421.46000000000004,-113.65999999999997,0.0,other_tissue,0,914.8361457475419
-179.95,159.89,0.0,other_tissue,0,245.90345200370314
-54.620000000000005,10.930000000000007,0.0,other_tissue,0,259.3131395574877
-345.75,-82.10000000000002,0.0,other_tissue,0,134.30718395844687
-338.91999999999996,489.85,0.0,other_tissue,0,254.61233090117338
-108.98000000000002,206.36,0.0,other_tissue,0,173.55209780406278
-172.60000000000002,378.84000000000003,0.0,other_tissue,0,448.36784613262375
4.5,-369.76,0.0,other_tissue,0,375.85539669896787
-178.87,-70.40999999999997,0.0,other_tissue,0,131.93062336367146
91.78999999999996,310.58000000000004,0.0,other_tissue,0,396.71902801014767
-248.84,112.17000000000002,0.0,other_tissue,0,202.96978610759635
-322.82,186.98000000000002,0.0,other_tissue,0,141.22709003525034
-297.33000000000004,-65.60000000000002,0.0,other_tissue,0,213.0792488553398
39.450000000000045,428.09000000000003,0.0,other_tissue,0,199.22670510310556
-380.03,113.13,0.0,mesenchymal_tumor_class1,1,1054.9186971034446
-233.82999999999998,-61.90999999999997,0.0,other_tissue,0,96.59576924314901
-329.33000000000004,-62.309999999999945,0.0,other_tissue,0,549.411480340813
-500.0047,-454.39,0.0,other_tissue,0,344.0903680447725
-373.36,366.34000000000003,0.0,other_tissue,0,96.59576924314901
-313.84000000000003,-227.88,0.0,other_tissue,0,137.23897638994134
93.75,-218.84000000000003,0.0,other_tissue,0,311.6710142980536
0.30000000000001137,480.3,0.0,other_tissue,0,96.59576924314901
137.26999999999998,293.87,0.0,other_tissue,0,204.40116944389786
-53.47000000000003,-411.66999999999996,0.0,other_tissue,0,151.38260486809997
265.08000000000004,435.92,0.0,other_tissue,0,345.64810689756933
-96.30000000000001,16.120000000000005,0.0,other_tissue,0,813.2317138155769
-378.76,-205.90999999999997,0.0,other_tissue,0,106.84325801241174
-280.15999999999997,316.34000000000003,0.0,other_tissue,0,236.67309688512947
200.14,500.124,0.0,other_tissue,0,298.1982162083836
202.82000000000005,-485.84000000000003,0.0,other_tissue,0,135.13962475458302
302.76,477.87,0.0,other_tissue,0,245.26812455686607
374.37,-136.47000000000003,0.0,other_tissue,0,431.6392171349533
196.89999999999998,-406.42999999999995,0.0,other_tissue,0,175.83405821427112
269.05999999999995,-73.57000000000005,0.0,other_tissue,0,137.66401741930125
244.84000000000003,337.38,0.0,other_tissue,0,113.91927436764205
-323.85,-331.55999999999995,0.0,other_tissue,0,987.7165281878811
191.87,-202.08000000000004,0.0,CAF,1,253.1677666414528
-194.36,200.79000000000002,0.0,other_tissue,0,108.46842401316802
-356.12,-23.629999999999995,0.0,other_tissue,0,370.62846858917686
-123.50999999999999,334.13,0.0,other_tissue,0,218.91993541955907
-410.96,-219.61,0.0,other_tissue,0,354.1605589183578
-119.77999999999997,-192.42999999999995,0.0,other_tissue,0,120.25528402396165
-122.05000000000001,55.370000000000005,0.0,other_tissue,0,122.7644358208158
48.049999999999955,367.71000000000004,0.0,other_tissue,0,128.18179901023728
253.5,-189.07000000000005,0.0,other_tissue,0,110.63296824187711
-164.37,-381.42999999999995,0.0,other_tissue,0,128.15106586588507
300.16999999999996,127.75,0.0,other_tissue,0,100.80838406646345
-87.94,-343.82000000000005,0.0,other_tissue,0,106.44630742142944
-185.8,203.95999999999998,0.0,other_tissue,0,212.09738453184673
-78.32999999999998,-0.339999999999975,0.0,other_tissue,0,266.5774342988483
-431.03,135.81,0.0,other_tissue,0,184.59692737201632
-330.45,-320.52,0.0,other_tissue,0,244.8704181329509
-418.27,380.11,0.0,other_tissue,0,96.59576924314901
-176.56,-221.89999999999998,0.0,other_tissue,0,323.5224744249982
206.40999999999997,102.66000000000003,0.0,other_tissue,0,231.32024433806043
37.40999999999997,402.84000000000003,0.0,other_tissue,0,345.1957606780296
-486.45,-286.49,0.0,other_tissue,0,244.8325637688621
-342.82,-95.5,0.0,other_tissue,0,260.61321567918577
-446.95,387.33,0.0,other_tissue,0,479.29471377471685
-233.81,-126.39999999999998,0.0,other_tissue,0,407.66690480482686
-292.16999999999996,-58.14999999999998,0.0,other_tissue,0,806.990929319281
0.2699999999999818,-270.15,0.0,other_tissue,0,96.59576924314901
20.24000000000001,18.160000000000025,0.0,other_tissue,0,214.09009780328836
-362.02,-271.53,0.0,other_tissue,0,96.59576924314901
-125.91000000000003,311.45,0.0,other_tissue,0,284.06275776525865
346.72,-65.35000000000002,0.0,other_tissue,0,151.80194702583333
-450.12,288.15,0.0,other_tissue,0,296.7651087054399
-36.50999999999999,175.39,0.0,epithelial_tumor_class1,1,5239.599886660038
-192.52999999999997,44.870000000000005,0.0,CAF,1,884.863153972813
13.610000000000014,-137.48000000000002,0.0,other_tissue,0,295.25082128892774
-34.170000000000016,-175.84000000000003,0.0,other_tissue,0,178.41166292009416
-482.74,-291.99,0.0,other_tissue,0,202.51082405509564
332.07000000000005,227.91000000000003,0.0,other_tissue,0,96.59576924314901
260.63,23.04000000000002,0.0,other_tissue,0,424.03345654875994
-421.01,137.87,0.0,other_tissue,0,113.94200480591844
115.04999999999995,-265.47,0.0,other_tissue,0,315.4094645097717
-151.32,-239.10000000000002,0.0,other_tissue,0,109.14626934039394
-233.07,184.82999999999998,0.0,other_tissue,0,462.00282581571736
277.51,-23.860000000000014,0.0,other_tissue,0,887.2499321146807
451.99,-321.53,0.0,other_tissue,0,402.6359985506343
133.33000000000004,389.31,0.0,other_tissue,0,169.4618983964151
294.21000000000004,200.79000000000002,0.0,other_tissue,0,1371.6235487786068
118.49000000000001,-214.41999999999996,0.0,other_tissue,0,251.62265180482882
-73.61000000000001,131.99,0.0,other_tissue,0,366.69997312815093
-191.25,116.32999999999998,0.0,other_tissue,0,912.8778813845481
-500.7195,444.18,0.0,other_tissue,0,1246.539076420417
404.53,-267.66999999999996,0.0,other_tissue,0,222.73616678962287
-452.01,-272.0,0.0,other_tissue,0,320.0480411665212
199.10000000000002,-413.32000000000005,0.0,CAF,1,526.3051949885445
-426.36,242.45,0.0,other_tissue,0,295.5833068952971
200.39,-473.40999999999997,0.0,other_tissue,0,219.5001271568191
129.99,-159.73000000000002,0.0,other_tissue,0,96.59576924314901
64.48000000000002,84.43,0.0,other_tissue,0,177.69994563558703
312.07000000000005,-413.52,0.0,other_tissue,0,825.1287609202594
-415.40999999999997,494.141,0.0,other_tissue,0,102.8170418481458
119.88999999999999,284.21000000000004,0.0,other_tissue,0,126.99906129865771
283.51,-64.35000000000002,0.0,other_tissue,0,129.6008412037855
-432.15999999999997,226.92000000000002,0.0,other_tissue,0,131.14263146242033
336.76,-364.1,0.0,apCAF,1,1417.293448900931
-36.839999999999975,-248.33000000000004,0.0,other_tissue,0,149.3655339758424
9.019999999999982,66.19999999999999,0.0,other_tissue,0,419.3695566074745
-36.22000000000003,238.14,0.0,other_tissue,0,1371.6235487786068
260.54999999999995,-309.51,0.0,other_tissue,0,165.2034025674669
-163.33999999999997,-225.76999999999998,0.0,other_tissue,0,135.57308433028615
187.26,114.07999999999998,0.0,other_tissue,0,106.39743649596747
433.79999999999995,-130.52999999999997,0.0,other_tissue,0,187.75038624161328
222.20000000000005,-3.759999999999991,0.0,other_tissue,0,143.67388776594706
-279.44,493.282,0.0,other_tissue,0,176.65495364795277
438.67999999999995,6.230000000000018,0.0,other_tissue,0,256.79434867243515
-434.18,-447.34000000000003,0.0,other_tissue,0,397.63357834906975
41.440000000000055,-366.13,0.0,other_tissue,0,456.24668469225634
-464.84000000000003,157.27999999999997,0.0,other_tissue,0,142.16029120807272
233.46000000000004,146.76999999999998,0.0,other_tissue,0,96.59576924314901
-453.2,-375.58000000000004,0.0,other_tissue,0,239.8512885192055
451.55999999999995,-85.03999999999996,0.0,other_tissue,0,254.0978646620372
138.74,-187.63,0.0,other_tissue,0,281.38588601952887
216.35000000000002,442.87,0.0,other_tissue,0,171.81254083793402
-387.72,345.69,0.0,other_tissue,0,118.05965271655403
99.12,306.26,0.0,other_tissue,0,228.2902830376885
213.15999999999997,499.9874,0.0,other_tissue,0,486.18397770600114
248.95000000000005,499.5815,0.0,other_tissue,0,413.1820385446102
13.639999999999986,-105.27999999999997,0.0,other_tissue,0,121.5737702251689
247.34000000000003,124.06,0.0,other_tissue,0,348.8735299186663
263.65,-1.3700000000000045,0.0,other_tissue,0,1371.6235487786068
147.13,-171.73000000000002,0.0,other_tissue,0,275.93919468596806
486.30999999999995,124.57999999999998,0.0,other_tissue,0,153.93111151827392
105.09000000000003,292.49,0.0,other_tissue,0,513.4393175582767
234.70000000000005,-271.21000000000004,0.0,other_tissue,0,153.45933487930196
-493.818,-68.34000000000003,0.0,other_tissue,0,730.4877937254713
-48.14999999999998,-364.11,0.0,other_tissue,0,96.59576924314901
82.97000000000003,-110.0,0.0,other_tissue,0,221.64512194609577
-443.48,113.82,0.0,other_tissue,0,380.0391603309189
464.74,439.83,0.0,other_tissue,0,150.0609221752814
-357.36,-44.039999999999964,0.0,other_tissue,0,163.62143161939963
-457.57,198.86,0.0,other_tissue,0,96.59576924314901
337.88,81.47000000000003,0.0,other_tissue,0,186.27959812684614
-255.33,-56.58000000000004,0.0,other_tissue,0,442.99268136433375
219.22000000000003,438.07,0.0,other_tissue,0,205.50226722305842
-318.85,-150.21000000000004,0.0,other_tissue,0,196.4273270813204
156.27999999999997,368.65999999999997,0.0,other_tissue,0,304.107980723723
-151.32,-77.91999999999996,0.0,other_tissue,0,135.85405149220358
106.45000000000005,462.9,0.0,other_tissue,0,396.49713476411745
-178.55,-230.72000000000003,0.0,other_tissue,0,249.64259115960772
26.92999999999995,-206.28999999999996,0.0,other_tissue,0,304.0533106090292
-269.53,-407.77,0.0,other_tissue,0,528.7837166160022
-251.44,426.15,0.0,other_tissue,0,1099.6368592619224
-488.27,341.74,0.0,other_tissue,0,116.48392285005617
238.24,-385.6,0.0,other_tissue,0,225.03631940109796
333.61,-475.59000000000003,0.0,other_tissue,0,96.59576924314901
82.37,-238.0,0.0,other_tissue,0,197.2701041468159
300.03999999999996,388.99,0.0,other_tissue,0,154.00057188071108
87.75999999999999,46.06999999999999,0.0,other_tissue,0,96.59576924314901
-447.93,69.54000000000002,0.0,other_tissue,0,396.81041987433366
260.82000000000005,-354.11,0.0,other_tissue,0,142.30523842806898
49.860000000000014,140.76,0.0,other_tissue,0,254.67061608053567
-11.480000000000018,259.48,0.0,other_tissue,0,145.65958207540282
-473.6,-40.059999999999945,0.0,other_tissue,0,133.64875451544705
83.63,-77.42999999999995,0.0,other_tissue,0,212.42433675263402
-343.66999999999996,-158.11,0.0,other_tissue,0,561.139969236656
-176.55,-46.15999999999997,0.0,other_tissue,0,231.6119393445288
-91.87,5.579999999999984,0.0,other_tissue,0,424.22455073534525
416.41999999999996,-414.73,0.0,other_tissue,0,458.2989808307987
493.97,-317.02,0.0,other_tissue,0,520.8546897839964
-197.63,401.3,0.0,other_tissue,0,138.16100671974507
491.30999999999995,-326.55999999999995,0.0,other_tissue,0,200.48304384493912
-3.8100000000000023,-358.92999999999995,0.0,other_tissue,0,202.05255440482495
81.88,434.75,0.0,other_tissue,0,210.17690251531155
-467.42,62.35000000000002,0.0,other_tissue,0,254.40840280632935
-280.41999999999996,255.74,0.0,CAF,1,250.1606278312453
159.10000000000002,-186.05999999999995,0.0,other_tissue,0,129.0813747878083
-317.45,-297.80999999999995,0.0,other_tissue,0,235.8414228094391
435.9,295.56,0.0,other_tissue,0,272.2153465453186
-166.7,-295.99,0.0,other_tissue,0,153.0853761659987
345.78999999999996,-111.02999999999997,0.0,other_tissue,0,329.1268035862938
-129.18,276.90999999999997,0.0,other_tissue,0,316.81203033838403
495.78,-297.37,0.0,other_tissue,0,489.1501806919927
-452.96,334.78,0.0,other_tissue,0,143.46173821360065
-489.96,-239.62,0.0,other_tissue,0,157.30292169641152
69.03999999999996,-231.79999999999995,0.0,other_tissue,0,134.89780025233713
-172.24,456.2,0.0,other_tissue,0,120.63860666823662
-446.40999999999997,187.25,0.0,other_tissue,0,100.78219916389641
279.65,148.39999999999998,0.0,other_tissue,0,309.5638873306574
-131.77999999999997,-467.66999999999996,0.0,other_tissue,0,117.29319738202778
314.03999999999996,-467.85,0.0,other_tissue,0,1271.688086830639
-324.96000000000004,28.639999999999986,0.0,other_tissue,0,253.03231727744398
229.94000000000005,-430.26,0.0,other_tissue,0,96.59576924314901
-255.27,-76.60000000000002,0.0,other_tissue,0,266.4372428232006
-281.0,405.11,0.0,other_tissue,0,360.5286251989531
487.78999999999996,-393.66999999999996,0.0,epithelial_tumor_class1,1,10128.694822980333
465.32000000000005,-19.340000000000032,0.0,other_tissue,0,154.96125979670768
-12.689999999999998,-32.10000000000002,0.0,other_tissue,0,177.9828748091571
-330.02,414.27,0.0,other_tissue,0,150.98460299837006
-281.43,354.37,0.0,other_tissue,0,437.6188347262299
-333.78999999999996,-211.70000000000005,0.0,other_tissue,0,894.0320298035911
56.90999999999997,269.32,0.0,other_tissue,0,252.5972715516177
-309.65999999999997,-229.85000000000002,0.0,other_tissue,0,116.43779136516459
168.20000000000005,-408.44000000000005,0.0,other_tissue,0,189.81128551659964
48.57000000000005,424.33,0.0,other_tissue,0,204.65298113622683
282.5,-492.66999999999996,0.0,other_tissue,0,602.1393623553179
-354.28,227.58999999999997,0.0,other_tissue,0,359.3173890190819
64.04999999999995,126.62,0.0,other_tissue,0,369.05869734119074
302.14,-494.83000000000004,0.0,other_tissue,0,586.212424743232
-373.38,-112.07000000000005,0.0,other_tissue,0,553.9656244765993
-220.14999999999998,-323.80999999999995,0.0,other_tissue,0,372.82860712549916
-61.98000000000002,218.05,0.0,other_tissue,0,96.59576924314901
60.42999999999995,-180.23000000000002,0.0,other_tissue,0,145.89399472290307
-432.48,-256.96000000000004,0.0,other_tissue,0,137.38699728210625
-481.28,-175.04999999999995,0.0,other_tissue,0,784.6692425425573
28.74000000000001,18.75,0.0,other_tissue,0,123.60251077903219
-284.95,358.62,0.0,other_tissue,0,167.91904107856143
-498.407,112.61000000000001,0.0,other_tissue,0,509.3416774280512
-426.79,-434.37,0.0,other_tissue,0,631.8397722906342
47.389999999999986,180.92000000000002,0.0,other_tissue,0,145.56588736747253
123.28999999999996,-191.72000000000003,0.0,other_tissue,0,148.43491733409033
-393.13,259.7,0.0,other_tissue,0,96.59576924314901
151.34000000000003,-362.5,0.0,other_tissue,0,275.90845013306443
34.60000000000002,447.77,0.0,other_tissue,0,123.02144015520506
-154.38,208.41000000000003,0.0,other_tissue,0,170.3074262710995
91.84000000000003,144.26999999999998,0.0,other_tissue,0,96.59576924314901
45.67999999999995,448.1,0.0,other_tissue,0,165.91787348844232
269.83000000000004,-134.48000000000002,0.0,other_tissue,0,207.70783105852826
-499.8331,-281.07000000000005,0.0,other_tissue,0,123.77058215878749
140.74,393.98,0.0,other_tissue,0,151.11490599315113
-90.47000000000003,-122.98000000000002,0.0,other_tissue,0,166.34169239168804
-82.10000000000002,419.09000000000003,0.0,other_tissue,0,1232.5604250854553
82.62,-352.29999999999995,0.0,other_tissue,0,174.7661663164831
-475.23,-137.33000000000004,0.0,other_tissue,0,222.61180265693463
-499.7753,-440.55999999999995,0.0,other_tissue,0,210.6644922048881
139.71000000000004,-346.58000000000004,0.0,other_tissue,0,109.44474983215648
112.10000000000002,156.10000000000002,0.0,other_tissue,0,96.59576924314901
117.49000000000001,-352.96000000000004,0.0,other_tissue,0,240.842086424375
316.72,-319.4,0.0,other_tissue,0,127.91765449161679
-235.35000000000002,105.86000000000001,0.0,other_tissue,0,125.10249574144649
-470.36,-235.90999999999997,0.0,other_tissue,0,131.11142683894818
-300.78,383.74,0.0,other_tissue,0,153.14073907895315
-284.43,394.47,0.0,other_tissue,0,157.63431819227134
481.89,-166.15999999999997,0.0,other_tissue,0,165.37089994326013
-280.78999999999996,-183.15999999999997,0.0,other_tissue,0,284.54367065345997
373.39,-299.71000000000004,0.0,apCAF,1,724.6979054744943
160.09000000000003,311.90999999999997,0.0,other_tissue,0,96.59576924314901
-161.61,84.10000000000002,0.0,other_tissue,0,140.8209201864896
-192.57,138.91000000000003,0.0,other_tissue,0,387.7790993764766
-246.42,415.24,0.0,other_tissue,0,241.70423286695484
149.79999999999995,-37.58000000000004,0.0,other_tissue,0,123.24287031595243
365.78,187.31,0.0,other_tissue,0,192.5314698566913
-241.63,96.11000000000001,0.0,other_tissue,0,402.43826394541327
-328.62,202.33999999999997,0.0,other_tissue,0,538.8716826104218
-105.52999999999997,-238.01,0.0,other_tissue,0,270.8465666442572
24.17999999999995,-384.0,0.0,other_tissue,0,253.87482152770355
137.99,-494.44000000000005,0.0,other_tissue,0,313.1628288341032
-430.0,-295.57000000000005,0.0,other_tissue,0,1014.1364102116277
123.11000000000001,-79.77999999999997,0.0,other_tissue,0,1371.6235487786068
404.19000000000005,212.29000000000002,0.0,other_tissue,0,138.79526662277794
81.62,-178.40999999999997,0.0,other_tissue,0,122.35278194577769
-120.63999999999999,-168.94000000000005,0.0,other_tissue,0,455.7596294121036
-25.170000000000016,402.44,0.0,other_tissue,0,831.8261097427411
116.35000000000002,-220.48000000000002,0.0,other_tissue,0,135.23516129413915
-310.11,-39.98000000000002,0.0,other_tissue,0,268.72648613758275
146.92999999999995,-70.50999999999999,0.0,other_tissue,0,315.2414353206577
-435.3,-10.79000000000002,0.0,epithelial_tumor_class1,1,4502.226760770531
207.76,27.769999999999982,0.0,other_tissue,0,141.68660670972525
477.25,-165.25,0.0,other_tissue,0,115.74153718959617
120.63999999999999,76.06,0.0,other_tissue,0,219.66734187302004
121.84000000000003,-401.78999999999996,0.0,other_tissue,0,96.59576924314901
72.05999999999995,-71.52999999999997,0.0,other_tissue,0,207.75023656615377
-435.95,-482.15999999999997,0.0,other_tissue,0,139.6266071494889
-45.60000000000002,-318.95000000000005,0.0,mesenchymal_tumor_class1,1,473.1312073962254
325.94000000000005,67.37,0.0,other_tissue,0,368.03948488247886
-498.788,-51.27999999999997,0.0,other_tissue,0,384.5990214825691
395.33000000000004,-475.64,0.0,other_tissue,0,96.59576924314901
395.78,-169.79999999999995,0.0,other_tissue,0,668.3802846629669
-7.9599999999999795,286.16999999999996,0.0,other_tissue,0,112.7470959527685
-73.95999999999998,-432.38,0.0,other_tissue,0,96.59576924314901
-289.40999999999997,-161.58000000000004,0.0,other_tissue,0,429.5985252781707
10.730000000000018,438.74,0.0,other_tissue,0,134.11703097644033
-89.93,462.0,0.0,other_tissue,0,211.7707679682559
291.19000000000005,-270.26,0.0,other_tissue,0,203.90654252604605
-92.26999999999998,498.613,0.0,other_tissue,0,336.9452220290191
166.17999999999995,-249.99,0.0,other_tissue,0,96.59576924314901
-122.45999999999998,-182.39,0.0,other_tissue,0,274.4251845468157
-134.44,334.65999999999997,0.0,other_tissue,0,163.82405278191496
-374.53,465.33,0.0,other_tissue,0,202.16081022565814
-1.9599999999999795,-387.11,0.0,other_tissue,0,161.36061087202953
213.63,-339.4,0.0,other_tissue,0,216.76641047311682
312.58000000000004,-383.66999999999996,0.0,other_tissue,0,153.951947433476
-304.3,-116.13,0.0,other_tissue,0,147.83919262555523
-134.26999999999998,410.93,0.0,other_tissue,0,1298.5540588589124
287.57000000000005,-361.13,0.0,other_tissue,0,231.82174652631477
-163.98000000000002,-290.67999999999995,0.0,other_tissue,0,219.41215350566299
-79.04000000000002,-378.83000000000004,0.0,other_tissue,0,842.9967952550774
2.1499999999999773,-147.35000000000002,0.0,other_tissue,0,114.14671482836614
-499.8485,273.53,0.0,other_tissue,0,150.84752289628318
-190.14999999999998,-311.82000000000005,0.0,other_tissue,0,202.28576882848188
-293.77,-72.17999999999995,0.0,other_tissue,0,96.59576924314901
116.16999999999996,310.63,0.0,other_tissue,0,212.3899049176946
414.47,-110.22000000000003,0.0,other_tissue,0,449.516173849104
38.039999999999964,452.12,0.0,other_tissue,0,96.59576924314901
261.46000000000004,-155.98000000000002,0.0,other_tissue,0,310.2282664975609
322.07000000000005,378.48,0.0,other_tissue,0,116.2533872228834
279.01,442.46,0.0,other_tissue,0,99.61895798403445
-151.62,87.10000000000002,0.0,other_tissue,0,221.68054690658272
99.0,-35.98000000000002,0.0,other_tissue,0,241.69485066709296
-299.65,412.19,0.0,other_tissue,0,318.06098894911
-145.68,118.20999999999998,0.0,other_tissue,0,199.144235754835
264.95000000000005,17.19999999999999,0.0,other_tissue,0,220.5488191688733
278.6,393.73,0.0,other_tissue,0,148.86917536550706
321.38,369.76,0.0,other_tissue,0,143.5677868653952
-381.98,-39.24000000000001,0.0,other_tissue,0,145.88059294438
-410.68,445.06,0.0,other_tissue,0,152.38066821832447
148.92999999999995,312.77,0.0,other_tissue,0,181.10720082474444
-265.13,16.95999999999998,0.0,CAF,1,1417.293448900931
260.78,442.02,0.0,other_tissue,0,130.65017699698583
78.14999999999998,314.08000000000004,0.0,other_tissue,0,273.37479014302676
369.95000000000005,-210.78999999999996,0.0,CAF,1,223.2162908896571
451.76,-22.220000000000027,0.0,other_tissue,0,293.50669201333693
-4.5,265.83000000000004,0.0,other_tissue,0,154.49434140250372
-425.42,-24.32000000000005,0.0,CAF,1,1312.6784912740886
-104.35000000000002,147.10000000000002,0.0,other_tissue,0,523.5673603000773
-44.860000000000014,89.69,0.0,other_tissue,0,640.4603663342666
-230.39999999999998,-359.03,0.0,other_tissue,0,448.2828627046022
361.13,186.62,0.0,other_tissue,0,227.631588934719
30.049999999999955,-93.85000000000002,0.0,other_tissue,0,199.15248166533004
-115.73000000000002,190.02999999999997,0.0,other_tissue,0,292.5999078234563
-475.95,-92.59000000000003,0.0,other_tissue,0,525.5647263987069
74.09000000000003,386.17,0.0,other_tissue,0,192.45891888557512
-241.77999999999997,-474.0,0.0,other_tissue,0,132.71547415448728
352.44000000000005,-405.92999999999995,0.0,other_tissue,0,107.08844455983
371.57000000000005,399.62,0.0,other_tissue,0,96.59576924314901
58.15999999999997,249.47,0.0,other_tissue,0,203.12014234119556
484.41999999999996,-480.78999999999996,0.0,other_tissue,0,230.65573194220278
233.46000000000004,-295.58000000000004,0.0,other_tissue,0,96.59576924314901
93.42999999999995,122.11000000000001,0.0,other_tissue,0,404.43174894303223
-264.76,-103.71000000000004,0.0,other_tissue,0,178.60330832156288
-100.19,498.22,0.0,other_tissue,0,375.5658284579752
13.700000000000045,-77.53999999999996,0.0,other_tissue,0,204.15794790116468
350.45000000000005,-290.20000000000005,0.0,other_tissue,0,96.59576924314901
-100.52999999999997,98.82999999999998,0.0,other_tissue,0,561.1564194868915
-392.95,116.07,0.0,other_tissue,0,499.35287041158654
-227.87,-314.02,0.0,other_tissue,0,167.19149416690885
471.87,138.14,0.0,other_tissue,0,216.5570698545677
-341.13,216.91000000000003,0.0,other_tissue,0,407.69349351091694
264.05999999999995,331.24,0.0,other_tissue,0,187.0614770199189
213.61,-481.79999999999995,0.0,other_tissue,0,113.39164352122681
-57.81999999999999,-322.90999999999997,0.0,other_tissue,0,377.0782568505449
-213.47000000000003,162.86,0.0,other_tissue,0,418.7060901440414
299.40999999999997,498.495,0.0,other_tissue,0,402.1615442739336
-264.58000000000004,493.975,0.0,other_tissue,0,151.33453309119534
-319.11,-1.910000000000025,0.0,other_tissue,0,308.33728776190225
60.0,-73.63,0.0,other_tissue,0,117.94330914008732
-415.01,-205.90999999999997,0.0,other_tissue,0,165.93977748063085
-50.589999999999975,-243.0,0.0,other_tissue,0,274.0169454281864
453.20000000000005,-286.48,0.0,other_tissue,0,118.23431149888572
-272.99,298.63,0.0,other_tissue,0,501.2119179477591
-272.47,331.28999999999996,0.0,other_tissue,0,131.9995657307809
19.159999999999968,-284.35,0.0,other_tissue,0,199.50727118764777
-411.92,-151.89,0.0,other_tissue,0,102.2079691141082
357.4,-111.85000000000002,0.0,other_tissue,0,168.92193640264304
22.159999999999968,-65.25999999999999,0.0,other_tissue,0,170.23314487893117
-40.50999999999999,-251.75,0.0,other_tissue,0,174.28287952961324
-107.04000000000002,27.75,0.0,other_tissue,0,232.2051995508951
13.289999999999964,219.72000000000003,0.0,other_tissue,0,257.2341988239685
-9.509999999999991,-405.58000000000004,0.0,other_tissue,0,106.60931858367164
177.47000000000003,456.07,0.0,other_tissue,0,96.59576924314901
-391.22,-444.05999999999995,0.0,other_tissue,0,203.0198966048455
238.0,180.20999999999998,0.0,other_tissue,0,187.21969752581373
465.62,299.53,0.0,other_tissue,0,180.72047316853127
41.35000000000002,-253.75,0.0,other_tissue,0,139.01576868730427
-492.986,-81.42999999999995,0.0,other_tissue,0,146.13536711276856
335.03999999999996,-387.03,0.0,other_tissue,0,176.86057594185382
89.55999999999995,63.120000000000005,0.0,other_tissue,0,234.65275774313315
-63.81999999999999,123.35000000000002,0.0,other_tissue,0,232.10473053976494
121.0,-496.05999999999995,0.0,other_tissue,0,123.4345916205999
465.27,466.45,0.0,other_tissue,0,228.25415734680115
66.88,-88.36000000000001,0.0,other_tissue,0,158.97165429729793
89.65999999999997,72.62,0.0,other_tissue,0,432.34392280532325
435.72,194.73000000000002,0.0,other_tissue,0,320.8633055536478
-443.69,-406.15999999999997,0.0,other_tissue,0,96.59576924314901
-234.79000000000002,259.94,0.0,CAF,1,517.5744629886773
393.58000000000004,-401.44000000000005,0.0,other_tissue,0,581.1292960249745
290.95000000000005,381.03,0.0,other_tissue,0,182.85430350871948
-277.81,225.66000000000003,0.0,other_tissue,0,140.60505092462245
-221.64,151.83999999999997,0.0,other_tissue,0,238.65847979501112
127.00999999999999,-311.28,0.0,other_tissue,0,189.15717701914173
-103.66000000000003,333.31,0.0,other_tissue,0,96.59576924314901
440.17999999999995,-343.08000000000004,0.0,other_tissue,0,211.067106642612
161.27999999999997,-393.38,0.0,other_tissue,0,136.8726003235437
-260.73,332.3,0.0,other_tissue,0,122.44219351416696
195.82000000000005,-347.70000000000005,0.0,other_tissue,0,137.47714904447022
483.70000000000005,129.86,0.0,other_tissue,0,119.24487236678503
-252.84,-135.57000000000005,0.0,other_tissue,0,96.59576924314901
-174.66000000000003,336.5,0.0,other_tissue,0,142.0615200112543
-500.2767,-396.05999999999995,0.0,other_tissue,0,118.013106109149
263.61,-260.20000000000005,0.0,other_tissue,0,96.59576924314901
-418.09000000000003,481.04,0.0,other_tissue,0,176.50274363250463
234.77999999999997,-448.26,0.0,other_tissue,0,145.15143661482088
8.930000000000007,339.94,0.0,other_tissue,0,867.8353870409289
329.86,325.51,0.0,other_tissue,0,96.59576924314901
108.50999999999999,-295.62,0.0,other_tissue,0,135.2670168102602
276.69000000000005,-283.55999999999995,0.0,other_tissue,0,600.2791545379077
154.04999999999995,344.62,0.0,other_tissue,0,122.14432424989414
32.73000000000002,377.59000000000003,0.0,other_tissue,0,160.1667287960157
-90.70999999999998,324.45,0.0,other_tissue,0,249.316787112784
94.96000000000004,-239.13,0.0,other_tissue,0,124.1011658041959
-113.14999999999998,-265.73,0.0,other_tissue,0,137.42562892419383
-396.99,-184.69000000000005,0.0,other_tissue,0,227.06414650046108
-234.39999999999998,-222.61,0.0,other_tissue,0,132.77210322593277
-413.78,350.19,0.0,other_tissue,0,98.9087790302356
-163.89999999999998,-170.41999999999996,0.0,other_tissue,0,361.22723679796934
25.850000000000023,132.31,0.0,other_tissue,0,136.93040577254214
261.86,180.91000000000003,0.0,other_tissue,0,117.20051975418424
-372.85,461.42,0.0,other_tissue,0,286.8932655819865
-313.15999999999997,384.02,0.0,other_tissue,0,136.35948895496048
83.04999999999995,243.57999999999998,0.0,other_tissue,0,139.62009946975576
111.70000000000005,40.44999999999999,0.0,other_tissue,0,208.54853469060455
-348.64,-74.84000000000003,0.0,other_tissue,0,108.38595246004652
-408.51,108.33999999999997,0.0,other_tissue,0,188.08356760485492
-480.65,237.95,0.0,other_tissue,0,114.72234876757099
-22.819999999999993,-20.17999999999995,0.0,other_tissue,0,144.5046011026141
275.82000000000005,-384.83000000000004,0.0,CAF,1,150.8504856052713
-186.0,-95.88,0.0,other_tissue,0,151.15606987718274
300.58000000000004,157.42000000000002,0.0,other_tissue,0,147.75132319596418
319.54999999999995,214.01999999999998,0.0,other_tissue,0,131.27374494784758
213.99,357.62,0.0,other_tissue,0,129.19257194590904
-460.9,-105.57000000000005,0.0,other_tissue,0,1371.6235487786068
-411.65999999999997,355.46000000000004,0.0,other_tissue,0,113.45396633651121
343.66999999999996,-476.98,0.0,other_tissue,0,96.59576924314901
-354.68,-245.91999999999996,0.0,other_tissue,0,96.59576924314901
-284.59000000000003,-160.19000000000005,0.0,other_tissue,0,187.74245815154853
129.20000000000005,262.11,0.0,other_tissue,0,96.59576924314901
-443.01,333.28,0.0,other_tissue,0,96.59576924314901
288.21000000000004,182.94,0.0,other_tissue,0,787.5526396241148
286.64,-62.57000000000005,0.0,other_tissue,0,108.00163791751604
-398.42,-431.16999999999996,0.0,epithelial_tumor_class1,1,2401.681110345915
186.45000000000005,-212.27999999999997,0.0,other_tissue,0,161.76227882579056
-112.29000000000002,334.2,0.0,other_tissue,0,113.52765000926594
-93.81,-472.21000000000004,0.0,other_tissue,0,278.10729560822983
-337.06,-269.16999999999996,0.0,other_tissue,0,589.7252776847298
77.12,-91.27999999999997,0.0,other_tissue,0,132.28813040507325
-471.88,489.95,0.0,other_tissue,0,162.97128099737182
-129.98000000000002,390.45,0.0,other_tissue,0,270.1790586029602
-455.61,266.39,0.0,other_tissue,0,203.580024207556
491.80999999999995,-437.70000000000005,0.0,other_tissue,0,328.29759514965843
213.12,-31.100000000000023,0.0,other_tissue,0,516.1262021539877
475.39,-312.24,0.0,other_tissue,0,157.72606315571332
-326.63,54.620000000000005,0.0,CAF,1,282.44627999384954
177.49,466.15999999999997,0.0,other_tissue,0,277.5719262560311
484.22,-13.470000000000027,0.0,other_tissue,0,172.68085899086043
237.90999999999997,-115.75999999999999,0.0,other_tissue,0,162.33005018011096
174.28999999999996,56.14999999999998,0.0,other_tissue,0,96.59576924314901
-258.19,-297.73,0.0,CAF,1,150.8504856052713
-66.18,119.49000000000001,0.0,CAF,1,296.24902675299563
454.36,461.74,0.0,other_tissue,0,143.77340482414237
-101.54000000000002,490.349,0.0,other_tissue,0,198.5182123371218
-354.57,-159.98000000000002,0.0,other_tissue,0,156.59936886114912
-360.38,256.31,0.0,other_tissue,0,96.59576924314901
-68.57999999999998,9.45999999999998,0.0,other_tissue,0,159.34092078682446
-402.93,-181.5,0.0,other_tissue,0,281.59359685932077
474.90999999999997,-361.59000000000003,0.0,other_tissue,0,1371.6235487786068
445.77,27.50999999999999,0.0,other_tissue,0,321.1126899786664
101.60000000000002,-302.57000000000005,0.0,other_tissue,0,111.14642316173142
-440.73,-113.24000000000001,0.0,other_tissue,0,175.20491595592415
94.82000000000005,245.79,0.0,other_tissue,0,178.40399995692195
239.38,-357.65,0.0,other_tissue,0,96.76792702828105
-408.3,-111.05999999999995,0.0,other_tissue,0,123.08125996751104
347.14,148.2,0.0,other_tissue,0,108.69405968909035
-213.75,-59.700000000000045,0.0,other_tissue,0,212.6310059124792
-299.65999999999997,-476.33000000000004,0.0,other_tissue,0,158.02271323490214
387.53999999999996,449.71,0.0,other_tissue,0,96.59576924314901
-459.32,295.03,0.0,other_tissue,0,268.867479419128
32.360000000000014,-241.16999999999996,0.0,other_tissue,0,129.9107080759422
-344.27,155.52999999999997,0.0,other_tissue,0,206.27791633980237
-229.33999999999997,-269.59000000000003,0.0,other_tissue,0,96.59576924314901
179.30999999999995,348.69,0.0,other_tissue,0,229.35770649067697
-264.5,217.49,0.0,other_tissue,0,205.03949393839795
-363.53999999999996,81.86000000000001,0.0,other_tissue,0,108.13330038639643
-134.42000000000002,-193.92999999999995,0.0,other_tissue,0,149.22943575890437
258.29999999999995,30.589999999999975,0.0,other_tissue,0,382.2508772096291
329.25,-329.36,0.0,other_tissue,0,331.5996353396883
179.78999999999996,321.98,0.0,other_tissue,0,300.1992978815994
461.62,464.22,0.0,other_tissue,0,96.59576924314901
174.26,-77.85000000000002,0.0,other_tissue,0,183.18946789656255
209.07000000000005,491.633,0.0,other_tissue,0,159.77482710670677
-202.56,-490.17999999999995,0.0,other_tissue,0,96.59576924314901
-222.73000000000002,22.879999999999995,0.0,other_tissue,0,159.36224205184348
-184.05,164.16000000000003,0.0,other_tissue,0,157.78959974828973
-42.89999999999998,-387.22,0.0,other_tissue,0,311.90449237846894
-438.97,-250.28999999999996,0.0,CAF,1,171.52872605654463
228.10000000000002,-494.61,0.0,other_tissue,0,719.8899603470487
149.54999999999995,-226.14,0.0,other_tissue,0,126.63285892562591
-446.7,-284.90999999999997,0.0,other_tissue,0,294.14790165378196
-489.87,134.01,0.0,other_tissue,0,96.59576924314901
-476.33,-38.52999999999997,0.0,other_tissue,0,102.32430079732293
300.65999999999997,421.17,0.0,other_tissue,0,184.60476665944807
-232.7,-457.61,0.0,other_tissue,0,197.07351393168236
481.51,320.2,0.0,other_tissue,0,105.17513186093949
407.94000000000005,-186.51999999999998,0.0,other_tissue,0,111.224696600276
-436.03,87.17000000000002,0.0,other_tissue,0,372.2277082605685
224.96000000000004,-85.82000000000005,0.0,other_tissue,0,292.6318801316949
272.03,14.060000000000002,0.0,other_tissue,0,96.59576924314901
-190.94,-25.870000000000005,0.0,other_tissue,0,158.02978086176768
281.78999999999996,-214.91999999999996,0.0,other_tissue,0,157.87434174419627
53.66999999999996,412.25,0.0,other_tissue,0,96.59576924314901
-92.50999999999999,41.160000000000025,0.0,other_tissue,0,96.59576924314901
-428.89,-262.44000000000005,0.0,other_tissue,0,325.52074286147365
-105.32999999999998,-333.58000000000004,0.0,other_tissue,0,675.4289560560944
-242.39,-81.75,0.0,other_tissue,0,169.77308228748285
-186.24,-99.70000000000005,0.0,other_tissue,0,134.94868667976021
55.379999999999995,-198.80999999999995,0.0,other_tissue,0,302.7758996953489
-44.29000000000002,217.76,0.0,other_tissue,0,96.59576924314901
337.11,-60.5,0.0,other_tissue,0,96.59576924314901
-191.49,5.5,0.0,other_tissue,0,101.76460464269334
-369.89,340.75,0.0,other_tissue,0,97.69846345869307
-420.6,-3.6399999999999864,0.0,epithelial_tumor_class1,1,3227.948775800996
-385.5,-121.88,0.0,other_tissue,0,264.1809478649976
259.13,449.43,0.0,other_tissue,0,212.76024218310107
-297.68,377.82,0.0,other_tissue,0,102.06003817225397
395.78,211.2,0.0,other_tissue,0,125.4172696155599
32.629999999999995,-96.97000000000003,0.0,other_tissue,0,156.5782947513094
264.07000000000005,-297.67999999999995,0.0,other_tissue,0,96.59576924314901
373.71000000000004,472.1,0.0,other_tissue,0,155.652904568367
-248.26,460.43,0.0,other_tissue,0,950.6822736086685
-81.88,499.7081,0.0,other_tissue,0,491.6613371970732
367.74,470.98,0.0,other_tissue,0,238.98424466582304
-418.56,352.93,0.0,other_tissue,0,146.5920188193618
-77.58999999999997,288.15,0.0,other_tissue,0,185.0127155098011
106.13999999999999,-151.51,0.0,other_tissue,0,776.9396779226504
326.76,-253.28999999999996,0.0,other_tissue,0,232.67138925452824
-136.23000000000002,274.2,0.0,other_tissue,0,104.25653787371202
-225.10000000000002,-324.39,0.0,other_tissue,0,164.5055042937835
-414.92,365.24,0.0,other_tissue,0,198.61697079097593
439.21000000000004,-334.27,0.0,other_tissue,0,554.8957904430044
-184.82,92.51999999999998,0.0,other_tissue,0,153.7783722471487
-19.25999999999999,-96.62,0.0,other_tissue,0,96.59576924314901
-267.90999999999997,-323.32000000000005,0.0,other_tissue,0,96.59576924314901
118.83000000000004,447.47,0.0,other_tissue,0,138.74989810264395
-59.76999999999998,-331.45000000000005,0.0,other_tissue,0,215.19095707741042
-105.82,483.85,0.0,other_tissue,0,222.4519739476289
-244.24,-415.29999999999995,0.0,other_tissue,0,184.25221839576423
-232.97000000000003,161.67000000000002,0.0,other_tissue,0,349.1492118716364
402.36,319.14,0.0,other_tissue,0,117.90842097800682
-388.48,-9.420000000000016,0.0,other_tissue,0,131.4924615722682
-499.8247,34.5,0.0,other_tissue,0,650.4288183249282
55.940000000000055,-189.92999999999995,0.0,other_tissue,0,185.523496164229
-155.07,365.47,0.0,other_tissue,0,784.4841224459058
414.22,225.07,0.0,other_tissue,0,136.6864489909375
448.61,-11.550000000000011,0.0,other_tissue,0,156.62044486183493
320.20000000000005,-395.39,0.0,other_tissue,0,205.80555010474765
-208.11,-495.64,0.0,other_tissue,0,327.30897847091785
-494.806,96.14999999999998,0.0,other_tissue,0,135.044133219991
-173.01,-260.79999999999995,0.0,other_tissue,0,671.1196964406685
178.38,499.1765,0.0,other_tissue,0,185.09908932517158
171.26999999999998,-424.30999999999995,0.0,other_tissue,0,100.61995396800468
-275.55,314.4,0.0,other_tissue,0,476.2652960511423
-379.74,57.629999999999995,0.0,other_tissue,0,114.31749369350513
50.60000000000002,65.69,0.0,other_tissue,0,198.27968123990354
-29.089999999999975,98.81,0.0,other_tissue,0,254.58319164664792
-310.46000000000004,-286.83000000000004,0.0,other_tissue,0,497.87806003839864
-496.188,305.86,0.0,other_tissue,0,255.78946842880526
45.72000000000003,-229.04999999999995,0.0,other_tissue,0,96.59576924314901
73.62,-0.39999999999997726,0.0,other_tissue,0,417.9351835220999
-246.0,500.6015,0.0,other_tissue,0,1371.6235487786068
-408.09000000000003,-123.48000000000002,0.0,other_tissue,0,119.38551894836863
291.42999999999995,-176.51999999999998,0.0,other_tissue,0,409.75763683617777
94.69000000000005,-334.01,0.0,other_tissue,0,114.6595622703106
292.28999999999996,-378.89,0.0,other_tissue,0,98.31525568872343
318.0,-323.33000000000004,0.0,other_tissue,0,181.63403526809722
299.32000000000005,171.52999999999997,0.0,other_tissue,0,140.60505092462245
465.36,-205.20000000000005,0.0,other_tissue,0,888.0092451897733
245.29999999999995,-486.52,0.0,other_tissue,0,114.03295679521966
449.90999999999997,-300.36,0.0,other_tissue,0,249.61383233313438
-338.33000000000004,-330.36,0.0,other_tissue,0,710.8578369060325
-391.73,-436.14,0.0,other_tissue,0,653.1918010680829
-9.910000000000025,-159.55999999999995,0.0,mesenchymal_tumor_class1,1,275.8777078639071
2.430000000000007,113.72000000000003,0.0,other_tissue,0,199.8707475561591
-182.52999999999997,428.93,0.0,other_tissue,0,219.50892581505977
202.25,-289.78999999999996,0.0,other_tissue,0,96.59576924314901
-395.14,83.45999999999998,0.0,other_tissue,0,182.02206466521756
128.33000000000004,-495.84000000000003,0.0,other_tissue,0,96.59576924314901
-474.98,-297.65999999999997,0.0,other_tissue,0,208.58255010966826
217.12,379.65999999999997,0.0,other_tissue,0,409.7309584593101
147.54999999999995,-12.759999999999991,0.0,other_tissue,0,201.81119993124605
184.09000000000003,320.2,0.0,other_tissue,0,125.49604549889423
225.01,-130.44000000000005,0.0,other_tissue,0,190.96360991912928
-399.1,-72.19000000000005,0.0,other_tissue,0,271.6064320043543
-164.69,333.18,0.0,other_tissue,0,473.71871684806405
150.04999999999995,-190.44000000000005,0.0,other_tissue,0,101.9016992055657
34.33000000000004,443.52,0.0,other_tissue,0,96.59576924314901
113.15999999999997,189.32,0.0,other_tissue,0,496.67907361900467
119.74000000000001,-194.34000000000003,0.0,other_tissue,0,96.59576924314901
208.52999999999997,-471.85,0.0,other_tissue,0,96.59576924314901
71.70000000000005,-171.67999999999995,0.0,other_tissue,0,228.72408868525886
-95.5,-78.33000000000004,0.0,other_tissue,0,491.39026133982435
-47.170000000000016,344.53,0.0,other_tissue,0,96.59576924314901
-52.10000000000002,-312.0,0.0,other_tissue,0,96.59576924314901
-80.5,127.20999999999998,0.0,other_tissue,0,560.2685659554281
-434.37,366.45,0.0,other_tissue,0,170.33714487729196
-310.93,-374.08000000000004,0.0,other_tissue,0,685.4740844424441
-434.31,405.6,0.0,other_tissue,0,153.49399145886375
-457.40999999999997,395.89,0.0,other_tissue,0,172.29873894874757
-298.65999999999997,-229.25,0.0,other_tissue,0,170.7982254689409
90.70000000000005,263.19,0.0,other_tissue,0,494.42293616867704
-486.55,258.88,0.0,other_tissue,0,286.7355240656627
-135.29000000000002,360.32,0.0,other_tissue,0,432.8418236272299
-99.94,239.32,0.0,other_tissue,0,230.5557104041207
233.21000000000004,437.08,0.0,other_tissue,0,188.23442190914264
-57.99000000000001,-317.79999999999995,0.0,other_tissue,0,131.08646670445182
62.710000000000036,-429.70000000000005,0.0,other_tissue,0,97.48831889233425
145.89999999999998,-351.09000000000003,0.0,other_tissue,0,586.0092100073861
151.27999999999997,38.43000000000001,0.0,other_tissue,0,96.59576924314901
330.09000000000003,228.25,0.0,other_tissue,0,96.59576924314901
-401.86,462.02,0.0,other_tissue,0,322.93028324315145
-376.03,421.96,0.0,other_tissue,0,96.59576924314901
165.30999999999995,-410.34000000000003,0.0,other_tissue,0,96.59576924314901
50.049999999999955,294.34000000000003,0.0,other_tissue,0,219.8610649816766
45.66999999999996,320.23,0.0,other_tissue,0,96.59576924314901
-368.18,259.96000000000004,0.0,other_tissue,0,133.47185347354176
396.30999999999995,300.84000000000003,0.0,other_tissue,0,96.59576924314901
-219.94,440.59000000000003,0.0,other_tissue,0,487.57569633162274
-85.20999999999998,-0.22000000000002728,0.0,other_tissue,0,358.7555167377906
149.92999999999995,309.06,0.0,other_tissue,0,96.59576924314901
170.65999999999997,-379.85,0.0,other_tissue,0,96.59576924314901
-330.46000000000004,485.1,0.0,other_tissue,0,263.70338067431277
-402.15999999999997,349.61,0.0,other_tissue,0,135.40724051169406
61.789999999999964,-318.02,0.0,other_tissue,0,167.39705143892172
-259.76,-318.45000000000005,0.0,other_tissue,0,177.14261370058787
237.85000000000002,-390.35,0.0,other_tissue,0,96.59576924314901
-423.79,381.83,0.0,other_tissue,0,96.59576924314901
251.15999999999997,-185.85000000000002,0.0,other_tissue,0,208.0047908221696
-437.95,-230.01,0.0,CD4_Tcell,1,230.5284368221293
-315.8,95.63999999999999,0.0,other_tissue,0,96.59576924314901
135.62,-166.37,0.0,other_tissue,0,233.01915165736298
311.44000000000005,-285.27,0.0,other_tissue,0,140.35674761112844
-125.33999999999997,-312.21000000000004,0.0,other_tissue,0,114.62532474758818
253.12,-356.57000000000005,0.0,other_tissue,0,96.59576924314901
-394.24,-124.11000000000001,0.0,other_tissue,0,160.730762672923
-197.20999999999998,271.93,0.0,other_tissue,0,135.63052334027006
225.26999999999998,-28.83000000000004,0.0,other_tissue,0,261.5218943075785
-176.7,-325.32000000000005,0.0,other_tissue,0,194.31061311829794
269.32000000000005,-381.14,0.0,other_tissue,0,104.54067390864371
-106.57,139.57,0.0,other_tissue,0,260.88954685354304
139.69000000000005,-439.90999999999997,0.0,other_tissue,0,111.01232557632576
-224.20999999999998,-111.94000000000005,0.0,other_tissue,0,334.8304603662396
279.17999999999995,-186.09000000000003,0.0,other_tissue,0,122.80624932039554
234.91999999999996,360.84000000000003,0.0,other_tissue,0,303.92212906720954
-237.20999999999998,398.29,0.0,other_tissue,0,557.381322212723
33.610000000000014,-263.07000000000005,0.0,other_tissue,0,96.59576924314901
-324.24,-484.02,0.0,other_tissue,0,116.23035040397532
189.48000000000002,-181.47000000000003,0.0,other_tissue,0,96.59576924314901
-459.84000000000003,-493.65999999999997,0.0,other_tissue,0,1371.6235487786068
203.70000000000005,-388.16999999999996,0.0,other_tissue,0,96.59576924314901
86.55999999999995,422.27,0.0,other_tissue,0,96.59576924314901
-461.93,247.18,0.0,other_tissue,0,273.7823913683677
-273.85,-159.72000000000003,0.0,other_tissue,0,110.30452103330228
46.52999999999997,-98.02999999999997,0.0,other_tissue,0,136.2250100459743
-159.92000000000002,185.72000000000003,0.0,other_tissue,0,302.92856347536497
200.15999999999997,-324.20000000000005,0.0,other_tissue,0,159.01423282214208
165.76999999999998,-358.33000000000004,0.0,other_tissue,0,378.2405311295088
32.85000000000002,415.15,0.0,other_tissue,0,233.66067338593646
-279.13,417.24,0.0,other_tissue,0,302.7977056657903
-267.3,-321.07000000000005,0.0,other_tissue,0,96.59576924314901
-62.23000000000002,-484.65999999999997,0.0,other_tissue,0,96.59576924314901
-180.18,253.76,0.0,other_tissue,0,124.37208075505204
447.62,-81.99000000000001,0.0,other_tissue,0,160.90952983583267
217.85000000000002,-474.14,0.0,other_tissue,0,119.14531456738158
-377.21,62.06999999999999,0.0,other_tissue,0,151.86388265988748
351.46000000000004,443.95,0.0,other_tissue,0,96.59576924314901
-452.11,173.06,0.0,other_tissue,0,139.69820497321996
124.66999999999996,389.15999999999997,0.0,other_tissue,0,264.00179265956024
276.03999999999996,397.78,0.0,other_tissue,0,107.21936396002711
-340.02,-17.92999999999995,0.0,other_tissue,0,230.95597011668193
171.46000000000004,-351.57000000000005,0.0,other_tissue,0,226.05768982342997
-69.33999999999997,-153.72000000000003,0.0,other_tissue,0,143.5677868653952
-102.07,495.26,0.0,other_tissue,0,184.13480213040543
216.64,-479.66999999999996,0.0,other_tissue,0,96.59576924314901
-120.62,-3.589999999999975,0.0,other_tissue,0,292.45073451020914
-156.91000000000003,221.76999999999998,0.0,other_tissue,0,313.75418614155785
-177.41000000000003,-200.46000000000004,0.0,other_tissue,0,742.7348703400274
-311.81,-57.639999999999986,0.0,other_tissue,0,666.238396880557
-61.77999999999997,-250.44000000000005,0.0,other_tissue,0,198.2550165202851
205.11,91.58999999999997,0.0,other_tissue,0,96.59576924314901
-169.60000000000002,-249.14999999999998,0.0,other_tissue,0,425.23557381279545
98.21000000000004,-142.24,0.0,other_tissue,0,98.56269762151503
-367.18,218.41000000000003,0.0,other_tissue,0,96.59576924314901
-483.24,239.56,0.0,other_tissue,0,119.18630224158356
167.78999999999996,51.89999999999998,0.0,other_tissue,0,96.59576924314901
-235.8,332.53999999999996,0.0,other_tissue,0,113.45396633651121
41.190000000000055,-406.9,0.0,other_tissue,0,152.53938369190126
-87.79000000000002,-291.70000000000005,0.0,other_tissue,0,178.53430017514984
304.89,-191.75,0.0,other_tissue,0,184.28353782768696
-342.26,-91.51999999999998,0.0,other_tissue,0,101.12820516406323
-405.8,-54.42999999999995,0.0,other_tissue,0,426.1112664663176
116.88,-115.40999999999997,0.0,other_tissue,0,182.74526850417593
109.95000000000005,-210.61,0.0,other_tissue,0,158.3763527861517
74.48000000000002,328.83000000000004,0.0,other_tissue,0,262.1849769408911
71.19000000000005,-235.79999999999995,0.0,other_tissue,0,262.4525058705623
144.15999999999997,-464.94000000000005,0.0,other_tissue,0,131.78654872123843
-483.57,-255.72000000000003,0.0,other_tissue,0,135.7837733443112
-485.86,102.32999999999998,0.0,CAF,1,150.8504856052713
470.26,-262.30999999999995,0.0,other_tissue,0,206.22727113591858
409.54999999999995,-324.47,0.0,other_tissue,0,420.35928552659544
71.87,-340.08000000000004,0.0,other_tissue,0,100.06649586249068
432.59000000000003,236.72000000000003,0.0,other_tissue,0,170.4337542237714
243.86,-101.90999999999997,0.0,other_tissue,0,121.61531294113888
-106.11000000000001,45.19999999999999,0.0,CAF,1,539.9451956971151
-170.74,-207.37,0.0,other_tissue,0,370.07978973642355
468.83000000000004,237.88,0.0,other_tissue,0,294.5437793964682
-371.41999999999996,359.53,0.0,other_tissue,0,147.32598760457034
129.25,350.63,0.0,other_tissue,0,590.6269547810833
-451.82,-472.42999999999995,0.0,other_tissue,0,411.8555049302012
-338.23,-171.87,0.0,other_tissue,0,109.33413813722778
-210.22000000000003,-308.03,0.0,other_tissue,0,98.38223027108324
26.450000000000045,138.45999999999998,0.0,other_tissue,0,206.8524749250539
457.11,-20.17999999999995,0.0,other_tissue,0,104.4494797709063
-109.37,60.93000000000001,0.0,other_tissue,0,187.8376099636431
-440.18,58.829999999999984,0.0,other_tissue,0,564.9815735283205
-317.87,413.77,0.0,other_tissue,0,199.82115662283857
-88.12,-69.33000000000004,0.0,other_tissue,0,132.3697574431294
-122.26999999999998,-359.78999999999996,0.0,mesenchymal_tumor_class1,1,349.5210129339724
-159.85000000000002,-299.77,0.0,other_tissue,0,386.7000207988302
-402.05,-156.64999999999998,0.0,other_tissue,0,117.24685246336315
279.73,-60.379999999999995,0.0,other_tissue,0,100.70890556022917
-108.19,98.13999999999999,0.0,other_tissue,0,385.93047725254974
151.19000000000005,-248.17999999999995,0.0,other_tissue,0,170.17373531894526
-499.9744,-269.63,0.0,other_tissue,0,257.34179408920966
-296.8,-286.65999999999997,0.0,other_tissue,0,185.14621364402896
-332.3,-167.90999999999997,0.0,other_tissue,0,181.46347718335304
204.58000000000004,-493.23,0.0,other_tissue,0,574.5869980731679
7.939999999999998,200.27999999999997,0.0,other_tissue,0,397.398274165386
190.40999999999997,340.48,0.0,other_tissue,0,96.59576924314901
351.6,455.40999999999997,0.0,other_tissue,0,190.45089168697095
-416.61,255.61,0.0,other_tissue,0,223.75057076691417
135.64,-388.17999999999995,0.0,other_tissue,0,96.59576924314901
167.90999999999997,27.060000000000002,0.0,other_tissue,0,114.86513058617568
-309.49,25.060000000000002,0.0,other_tissue,0,181.91336078463075
422.88,432.85,0.0,other_tissue,0,205.49384695451982
-10.20999999999998,188.16000000000003,0.0,other_tissue,0,160.14533583413774
47.49000000000001,499.8252,0.0,other_tissue,0,323.1579634852331
453.74,147.23000000000002,0.0,other_tissue,0,391.9082638742907
-80.25,-160.27999999999997,0.0,other_tissue,0,131.46120147788307
-166.2,167.51,0.0,other_tissue,0,227.1451519032295
497.72,-472.16999999999996,0.0,other_tissue,0,135.76461078400672
234.46000000000004,-53.48000000000002,0.0,other_tissue,0,167.08144345388365
350.14,441.62,0.0,other_tissue,0,96.59576924314901
163.80999999999995,-245.12,0.0,CD8_Tcell,1,134.12970225451375
-134.33999999999997,-469.99,0.0,other_tissue,0,96.59576924314901
3.339999999999975,-464.53999999999996,0.0,other_tissue,0,236.8581784774408
-229.11,-468.26,0.0,other_tissue,0,176.26699093617827
-133.07,-321.74,0.0,other_tissue,0,142.2722872306633
-10.300000000000011,-487.51,0.0,other_tissue,0,96.59576924314901
407.23,443.19,0.0,other_tissue,0,386.75136004278716
-500.6759,435.35,0.0,other_tissue,0,268.19317237374065
-139.82,78.00999999999999,0.0,other_tissue,0,231.3749184856109
362.20000000000005,414.29,0.0,other_tissue,0,96.59576924314901
-499.6203,403.93,0.0,other_tissue,0,186.97449375080092
311.78999999999996,364.33000000000004,0.0,other_tissue,0,480.24310768993547
304.15,449.96,0.0,other_tissue,0,123.68052498486126
-127.75,-269.36,0.0,other_tissue,0,232.2965601707939
-336.87,-149.96000000000004,0.0,other_tissue,0,102.37191646167825
339.80999999999995,-329.79999999999995,0.0,other_tissue,0,408.15898303047686
-304.62,-415.97,0.0,other_tissue,0,239.5154103065499
-336.3,50.31,0.0,other_tissue,0,562.6382589241613
-312.25,-469.86,0.0,other_tissue,0,139.50299580918812
281.90999999999997,-429.20000000000005,0.0,other_tissue,0,125.2719238372724
308.41999999999996,195.56,0.0,other_tissue,0,252.31717314709198
173.97000000000003,464.47,0.0,other_tissue,0,293.399914420064
-461.42,32.85000000000002,0.0,other_tissue,0,1087.266991516228
-283.48,38.05000000000001,0.0,other_tissue,0,328.82720633693185
91.12,-253.12,0.0,other_tissue,0,193.99442367347686
26.399999999999977,431.73,0.0,other_tissue,0,183.84538864320075
442.09000000000003,4.0400000000000205,0.0,other_tissue,0,105.40157380802178
2.660000000000025,204.41000000000003,0.0,other_tissue,0,178.65699361655967
427.27,-124.72000000000003,0.0,other_tissue,0,271.01867841626233
-67.14999999999998,315.05,0.0,other_tissue,0,229.56615031903019
383.53,-212.62,0.0,other_tissue,0,115.33428642933235
-38.19,485.26,0.0,other_tissue,0,136.8148111452934
212.02999999999997,85.69999999999999,0.0,other_tissue,0,183.40793450004878
480.78999999999996,462.35,0.0,other_tissue,0,196.04355779977723
-321.57,472.2,0.0,other_tissue,0,104.93825506414471
-68.19999999999999,-146.15999999999997,0.0,other_tissue,0,272.4896547413388
-276.99,-152.58000000000004,0.0,other_tissue,0,177.86049023345413
297.08000000000004,500.462,0.0,other_tissue,0,709.510531370872
175.75,-232.88,0.0,other_tissue,0,128.92086934248627
-177.08999999999997,498.886,0.0,other_tissue,0,170.64195994755596
475.59000000000003,-486.19000000000005,0.0,other_tissue,0,172.45601415063865
-124.64999999999998,57.55000000000001,0.0,other_tissue,0,140.4089976795028
169.70000000000005,10.399999999999977,0.0,other_tissue,0,153.72979458546638
-6.8700000000000045,-167.51999999999998,0.0,mesenchymal_tumor_class1,1,245.31549922345783
219.53999999999996,-85.55999999999995,0.0,other_tissue,0,452.6307249562066
267.62,-367.65999999999997,0.0,other_tissue,0,111.4933416529861
-50.20999999999998,99.31,0.0,other_tissue,0,499.4289703947548
-440.99,-416.80999999999995,0.0,other_tissue,0,470.5665646718307
387.30999999999995,-291.35,0.0,other_tissue,0,140.3045105068252
-493.707,-387.83000000000004,0.0,other_tissue,0,120.79216351791648
-240.44,-401.72,0.0,other_tissue,0,211.21285937176233
-190.10000000000002,-186.05999999999995,0.0,other_tissue,0,201.395523028167
-500.0812,-409.98,0.0,other_tissue,0,429.4058205351615
56.289999999999964,252.38,0.0,other_tissue,0,351.03492103161085
149.51,438.22,0.0,other_tissue,0,174.34324159140053
-94.63,-375.58000000000004,0.0,CAF,1,1483.7475512331432
-360.44,260.39,0.0,other_tissue,0,133.35821384658053
-353.97,350.5,0.0,other_tissue,0,641.6108721347659
40.34000000000003,69.92000000000002,0.0,other_tissue,0,200.49132667099826
-196.85000000000002,-62.00999999999999,0.0,other_tissue,0,96.59576924314901
-393.83,-46.33000000000004,0.0,other_tissue,0,182.41064630720257
138.19000000000005,332.49,0.0,other_tissue,0,215.2170071488547
-249.92,-138.26999999999998,0.0,other_tissue,0,162.33724566105766
172.90999999999997,-466.23,0.0,other_tissue,0,162.17899419202982
-195.95999999999998,-10.04000000000002,0.0,other_tissue,0,202.27743665341828
-137.93,385.54,0.0,other_tissue,0,148.8555919984393
474.24,-5.399999999999977,0.0,other_tissue,0,169.23985715318716
256.57000000000005,3.8000000000000114,0.0,other_tissue,0,143.99250408882634
-108.38,-268.65999999999997,0.0,other_tissue,0,186.73740371428087
450.83000000000004,339.57,0.0,other_tissue,0,582.5448754077769
80.13,438.09000000000003,0.0,other_tissue,0,177.43258604424307
348.65999999999997,85.32999999999998,0.0,other_tissue,0,124.19142702904178
-46.02999999999997,-15.450000000000045,0.0,other_tissue,0,200.25121732326443
184.20000000000005,-339.66999999999996,0.0,other_tissue,0,96.59576924314901
-430.33,84.01999999999998,0.0,other_tissue,0,111.18555528903197
249.42999999999995,243.99,0.0,other_tissue,0,1371.6235487786068
-305.64,402.9,0.0,other_tissue,0,247.3964999787911
-266.40999999999997,-80.98000000000002,0.0,other_tissue,0,201.58666343918992
-352.99,166.61,0.0,other_tissue,0,266.4372428232006
-457.75,-56.60000000000002,0.0,other_tissue,0,247.79693613978864
374.04999999999995,295.5,0.0,other_tissue,0,113.65809157063755
354.5,-203.61,0.0,other_tissue,0,407.48081623035154
-75.24000000000001,-5.810000000000002,0.0,other_tissue,0,172.84586935633914
-100.69999999999999,-106.53999999999996,0.0,other_tissue,0,247.78739692756815
281.65999999999997,-220.67999999999995,0.0,other_tissue,0,96.59576924314901
-37.160000000000025,-456.52,0.0,other_tissue,0,245.42922331215013
-224.20999999999998,437.51,0.0,other_tissue,0,96.59576924314901
142.36,-36.51999999999998,0.0,other_tissue,0,193.6542957695999
-452.99,-151.30999999999995,0.0,other_tissue,0,287.57748067966037
-197.88,-347.57000000000005,0.0,other_tissue,0,133.6803604261413
183.44000000000005,-334.14,0.0,other_tissue,0,124.29979825670476
487.99,-478.69000000000005,0.0,other_tissue,0,98.98119672346436
-292.82,-259.40999999999997,0.0,other_tissue,0,316.85698096691203
-107.10000000000002,458.08,0.0,other_tissue,0,156.9438470430013
229.84000000000003,-243.79999999999995,0.0,other_tissue,0,109.42815332420682
198.40999999999997,-344.34000000000003,0.0,other_tissue,0,134.31352548467268
395.57000000000005,-137.12,0.0,other_tissue,0,226.97416308766145
-236.68,360.90999999999997,0.0,other_tissue,0,401.16114288162873
193.47000000000003,-157.0,0.0,other_tissue,0,331.69231702788534
420.63,-419.76,0.0,other_tissue,0,157.0494004495741
-176.55,-432.42999999999995,0.0,other_tissue,0,215.92115400746675
155.61,230.43,0.0,other_tissue,0,253.6034669716883
463.16999999999996,436.39,0.0,other_tissue,0,103.58311256398655
87.90999999999997,-237.42999999999995,0.0,other_tissue,0,141.10908940910167
318.04999999999995,362.66999999999996,0.0,other_tissue,0,124.81240311337562
-31.720000000000027,159.23000000000002,0.0,other_tissue,0,558.5448659315286
219.24,446.25,0.0,other_tissue,0,165.75730310675726
-490.904,118.04000000000002,0.0,other_tissue,0,204.70336827931337
-264.3,-320.26,0.0,other_tissue,0,156.8031827525197
489.05999999999995,450.15999999999997,0.0,other_tissue,0,142.0154424470102
-67.75999999999999,159.51,0.0,other_tissue,0,797.762538962729
-313.90999999999997,55.23000000000002,0.0,other_tissue,0,585.3321667469635
441.19000000000005,-215.37,0.0,other_tissue,0,183.99396847058904
84.63999999999999,250.04,0.0,other_tissue,0,119.3679320808867
-84.06,-98.13,0.0,other_tissue,0,130.65017699698583
-256.5,409.83,0.0,other_tissue,0,135.13325725223967
166.97000000000003,-159.94000000000005,0.0,other_tissue,0,188.82272858474553
48.67999999999995,-448.78999999999996,0.0,other_tissue,0,125.0420227498048
109.86000000000001,-393.48,0.0,other_tissue,0,105.34223620090481
-242.32999999999998,322.51,0.0,other_tissue,0,132.9231928327954
101.32000000000005,301.87,0.0,other_tissue,0,180.64319376090253
30.870000000000005,-493.36,0.0,other_tissue,0,653.8291205335664
-282.71000000000004,-342.17999999999995,0.0,other_tissue,0,723.138339846028
405.07000000000005,-316.08000000000004,0.0,other_tissue,0,141.8180800222418
45.15999999999997,456.3,0.0,other_tissue,0,96.59576924314901
-101.39999999999998,-168.17999999999995,0.0,other_tissue,0,238.1843240136624
4.089999999999975,-294.19000000000005,0.0,other_tissue,0,184.0722005238256
-329.91999999999996,-165.02999999999997,0.0,other_tissue,0,134.96141028583125
-349.52,-84.85000000000002,0.0,other_tissue,0,135.3562388679438
-422.17,50.30000000000001,0.0,other_tissue,0,630.1854163418798
346.66999999999996,-271.62,0.0,other_tissue,0,170.73868450251803
42.360000000000014,410.04,0.0,other_tissue,0,146.97553252037522
164.82000000000005,-258.69000000000005,0.0,other_tissue,0,142.6284294496911
-385.36,-476.04999999999995,0.0,other_tissue,0,143.79995046526577
115.42999999999995,43.860000000000014,0.0,other_tissue,0,143.6274621920846
338.22,-385.47,0.0,CAF,1,394.25674890883516
496.33000000000004,-20.049999999999955,0.0,other_tissue,0,463.2466863277364
466.44000000000005,448.72,0.0,other_tissue,0,106.78338050014423
-11.259999999999991,-445.16999999999996,0.0,other_tissue,0,152.60151973446222
-102.41000000000003,125.44,0.0,other_tissue,0,249.93989505557755
-308.16999999999996,35.64999999999998,0.0,other_tissue,0,249.5275691059513
355.14,-266.38,0.0,other_tissue,0,167.11812165735006
319.77,375.63,0.0,other_tissue,0,96.59576924314901
183.23000000000002,-428.14,0.0,other_tissue,0,137.78654019321738
-338.28,258.96000000000004,0.0,other_tissue,0,186.59524594272537
120.09000000000003,113.52999999999997,0.0,other_tissue,0,261.215473563801
192.85000000000002,-69.01999999999998,0.0,other_tissue,0,267.21893588379356
95.73000000000002,335.28999999999996,0.0,other_tissue,0,153.61879834817623
-415.88,278.08000000000004,0.0,other_tissue,0,138.65919072408127
411.5,210.72000000000003,0.0,other_tissue,0,192.4911615110736
-446.42,-431.5,0.0,other_tissue,0,156.2133105283325
-141.24,185.91000000000003,0.0,other_tissue,0,154.26471182462032
239.36,136.93,0.0,other_tissue,0,177.5929695936721
57.48000000000002,48.26999999999998,0.0,other_tissue,0,399.8473547599956
-119.25,372.1,0.0,other_tissue,0,111.95327705023337
215.76999999999998,-228.61,0.0,other_tissue,0,138.23856716332406
11.990000000000009,42.420000000000016,0.0,other_tissue,0,123.35068910282853
32.039999999999964,-349.37,0.0,other_tissue,0,96.59576924314901
292.11,34.110000000000014,0.0,other_tissue,0,1371.6235487786068
211.95000000000005,350.02,0.0,other_tissue,0,157.54260881276335
-199.01,184.73000000000002,0.0,other_tissue,0,436.7691978358947
-153.51,-369.1,0.0,apCAF,1,804.3739124528465
227.80999999999995,130.70999999999998,0.0,other_tissue,0,178.02878349497013
40.200000000000045,398.55,0.0,other_tissue,0,121.18254676939759
-183.45,-235.26,0.0,other_tissue,0,390.0078081707842
341.94000000000005,-479.05999999999995,0.0,other_tissue,0,96.59576924314901
-122.36000000000001,-244.35000000000002,0.0,other_tissue,0,156.38871283682982
-124.86000000000001,-103.91999999999996,0.0,other_tissue,0,294.2441635717696
234.20000000000005,25.730000000000018,0.0,other_tissue,0,269.69428768050483
186.39,448.38,0.0,other_tissue,0,96.59576924314901
-128.85000000000002,-394.22,0.0,other_tissue,0,137.53512456927007
-169.82999999999998,-179.55999999999995,0.0,other_tissue,0,140.83401026845428
199.47000000000003,385.55,0.0,other_tissue,0,148.70622949024747
1.8199999999999932,-170.86,0.0,other_tissue,0,98.73821995679496
199.79999999999995,-378.77,0.0,other_tissue,0,529.2423824263991
-482.92,363.46000000000004,0.0,other_tissue,0,369.8554863737006
493.53999999999996,-469.27,0.0,other_tissue,0,113.62972621449333
146.63,109.63,0.0,other_tissue,0,279.55209530200324
313.90999999999997,-397.53,0.0,other_tissue,0,372.84113272374856
70.84000000000003,-87.21000000000004,0.0,other_tissue,0,111.47093806123416
-471.4,148.11,0.0,other_tissue,0,124.18540825289527
14.200000000000045,-418.02,0.0,other_tissue,0,110.38239875170598
-499.8084,-181.01,0.0,epithelial_tumor_class1,1,4109.37531473798
73.47000000000003,-293.39,0.0,other_tissue,0,120.2670664418008
-428.3,228.35000000000002,0.0,other_tissue,0,230.8740611553516
-437.8,242.66000000000003,0.0,CAF,1,548.8763919716031
339.4,231.26999999999998,0.0,other_tissue,0,121.50850793002347
-258.59000000000003,-417.0,0.0,other_tissue,0,227.7578155031239
451.28,-327.70000000000005,0.0,other_tissue,0,219.34179151148854
267.6,-179.40999999999997,0.0,other_tissue,0,165.45833480461386
184.55999999999995,493.809,0.0,other_tissue,0,332.53883533471105
-263.48,280.8,0.0,other_tissue,0,239.50608483503925
333.79999999999995,487.0,0.0,other_tissue,0,140.4939316946894
465.70000000000005,349.33000000000004,0.0,other_tissue,0,122.44219351416696
212.70000000000005,-135.14,0.0,other_tissue,0,262.9087149360727
-469.76,253.48,0.0,other_tissue,0,96.59576924314901
267.32000000000005,5.180000000000007,0.0,other_tissue,0,202.33576668395162
-173.70999999999998,-318.53,0.0,other_tissue,0,113.90791028222299
99.38,202.22000000000003,0.0,other_tissue,0,116.74941536289278
-397.65999999999997,352.07,0.0,other_tissue,0,160.46643033601725
27.610000000000014,242.70999999999998,0.0,other_tissue,0,131.86796931933512
-490.453,-61.960000000000036,0.0,other_tissue,0,202.65261109625212
42.83000000000004,-373.6,0.0,other_tissue,0,103.56178161006588
327.91999999999996,190.08999999999997,0.0,other_tissue,0,150.06775036831127
-347.89,-175.79999999999995,0.0,other_tissue,0,144.13204672333583
-366.7,80.44,0.0,other_tissue,0,96.59576924314901
-126.99000000000001,-326.02,0.0,other_tissue,0,220.83138912266165
89.80999999999995,-365.62,0.0,other_tissue,0,159.31249539183236
-242.92000000000002,-203.32000000000005,0.0,other_tissue,0,239.78595429045595
-499.6256,460.51,0.0,other_tissue,0,479.0282031382392
377.55999999999995,474.41,0.0,other_tissue,0,107.87556171355652
-77.0,-153.52999999999997,0.0,other_tissue,0,169.23985715318716
-477.24,-357.89,0.0,other_tissue,0,96.59576924314901
-170.70999999999998,-129.25,0.0,other_tissue,0,132.7783963391759
-159.56,227.19,0.0,other_tissue,0,258.8611006863242
138.66999999999996,43.670000000000016,0.0,other_tissue,0,212.48460141780402
-173.76999999999998,-330.45000000000005,0.0,other_tissue,0,147.65673352466206
-51.079999999999984,-106.16999999999996,0.0,other_tissue,0,96.59576924314901
-110.07999999999998,-292.03999999999996,0.0,other_tissue,0,172.80835777407577
284.07000000000005,206.10000000000002,0.0,other_tissue,0,1032.7251102374378
349.48,-367.32000000000005,0.0,other_tissue,0,347.1985952830971
-484.08,-322.53,0.0,other_tissue,0,366.21706047967996
304.14,92.39999999999998,0.0,other_tissue,0,248.7616581873298
-287.81,421.26,0.0,other_tissue,0,189.35644084170033
-329.64,-314.03,0.0,other_tissue,0,168.42736541234314
233.83000000000004,-428.33000000000004,0.0,other_tissue,0,120.66812671867709
-367.43,-331.20000000000005,0.0,epithelial_tumor_class1,1,2528.971595908295
55.85000000000002,-167.14,0.0,other_tissue,0,210.9814010739011
-74.69999999999999,194.61,0.0,other_tissue,0,617.8258484591998
-321.13,-481.61,0.0,other_tissue,0,96.59576924314901
183.59000000000003,160.2,0.0,other_tissue,0,96.59576924314901
-401.86,-23.600000000000023,0.0,other_tissue,0,196.22313219655445
-499.0448,497.546,0.0,other_tissue,0,192.24942957711608
330.59000000000003,382.42,0.0,other_tissue,0,110.09887769566696
229.67999999999995,462.18,0.0,other_tissue,0,131.94942344613906
-65.74000000000001,98.25,0.0,other_tissue,0,407.87964682522255
-498.971,-228.34000000000003,0.0,other_tissue,0,875.4916109474984
-178.64,238.22000000000003,0.0,other_tissue,0,659.5836608064843
223.84000000000003,-482.71000000000004,0.0,other_tissue,0,235.22355437727992
-56.370000000000005,-52.129999999999995,0.0,other_tissue,0,104.32618390311735
-467.68,394.38,0.0,other_tissue,0,96.59576924314901
-119.61000000000001,368.19,0.0,other_tissue,0,343.8766940220317
23.870000000000005,-420.04999999999995,0.0,other_tissue,0,132.45141805236713
162.07000000000005,-170.23000000000002,0.0,other_tissue,0,129.16785594974885
-396.06,-118.69000000000005,0.0,other_tissue,0,210.262390089348
-499.8067,-5.75,0.0,other_tissue,0,162.92799896475518
275.71000000000004,-181.82000000000005,0.0,other_tissue,0,216.034308063299
-185.68,136.82,0.0,other_tissue,0,421.3913414611039
-220.87,-309.88,0.0,other_tissue,0,219.61452805469173
135.83000000000004,-418.22,0.0,other_tissue,0,222.59404013212858
-126.14999999999998,-215.86,0.0,other_tissue,0,143.15052234165117
65.39999999999998,-198.23000000000002,0.0,other_tissue,0,119.37965646728595
337.20000000000005,499.7498,0.0,other_tissue,0,186.35058782458825
-134.7,78.88999999999999,0.0,other_tissue,0,150.78586392924387
489.65999999999997,-10.879999999999995,0.0,other_tissue,0,142.3184203314859
-312.55,424.14,0.0,other_tissue,0,225.50182520520332
241.55999999999995,-469.58000000000004,0.0,other_tissue,0,173.25885509852012
-123.62,-229.16999999999996,0.0,other_tissue,0,221.19378446165288
-463.06,9.269999999999982,0.0,other_tissue,0,985.4400403819781
-118.31,112.25,0.0,other_tissue,0,257.97819680749933
-245.05,150.14,0.0,other_tissue,0,146.63235722799544
-104.68,492.194,0.0,other_tissue,0,186.99821378578326
9.920000000000016,-104.11000000000001,0.0,other_tissue,0,180.6045623199873
-26.100000000000023,-2.839999999999975,0.0,other_tissue,0,529.5430313772296
419.44000000000005,-333.88,0.0,other_tissue,0,336.8398583566287
36.25,-202.87,0.0,other_tissue,0,109.69943979396574
-42.44,52.45999999999998,0.0,other_tissue,0,96.59576924314901
-155.85000000000002,456.97,0.0,other_tissue,0,291.0361159601362
425.36,-347.85,0.0,other_tissue,0,658.7046067318945
-465.69,-465.33000000000004,0.0,other_tissue,0,117.60634506008469
-58.120000000000005,499.4337,0.0,other_tissue,0,142.50305246199642
-491.241,-283.57000000000005,0.0,other_tissue,0,154.65452094463518
-365.99,-239.07000000000005,0.0,other_tissue,0,189.50797490344894
-164.79000000000002,-237.69000000000005,0.0,other_tissue,0,121.60937768811287
444.91999999999996,-235.38,0.0,other_tissue,0,349.04131903562296
486.34000000000003,-16.57000000000005,0.0,other_tissue,0,163.2744698726689
226.47000000000003,153.33999999999997,0.0,other_tissue,0,195.59510120079892
170.01,465.54,0.0,other_tissue,0,220.51351488253968
-166.07999999999998,-454.65,0.0,other_tissue,0,405.46406981522233
240.24,186.06,0.0,other_tissue,0,161.43228846998358
-440.0,70.23000000000002,0.0,other_tissue,0,581.8536510109645
-478.01,-212.73000000000002,0.0,other_tissue,0,1235.9547312200298
234.23000000000002,-417.16999999999996,0.0,other_tissue,0,283.3632675460431
180.33000000000004,-65.08000000000004,0.0,other_tissue,0,225.5466191793295
-454.15999999999997,-366.99,0.0,other_tissue,0,876.7092522631388
300.37,-233.64999999999998,0.0,other_tissue,0,96.59576924314901
35.950000000000045,411.96,0.0,other_tissue,0,96.59576924314901
-47.30000000000001,-251.75,0.0,other_tissue,0,328.7926491275459
-133.47000000000003,-135.51999999999998,0.0,other_tissue,0,278.82907158272474
109.96000000000004,-263.89,0.0,other_tissue,0,212.22640451187272
45.99000000000001,88.18,0.0,other_tissue,0,120.28474151154794
182.03999999999996,485.88,0.0,other_tissue,0,140.7489392342561
-63.829999999999984,-383.69000000000005,0.0,other_tissue,0,96.59576924314901
486.41999999999996,133.57,0.0,other_tissue,0,96.59576924314901
429.38,238.04000000000002,0.0,other_tissue,0,125.36880853819197
380.86,-231.98000000000002,0.0,other_tissue,0,372.5906740567899
-415.89,-220.23000000000002,0.0,other_tissue,0,174.8795657460461
-143.20999999999998,120.97000000000003,0.0,other_tissue,0,304.8192886707689
325.92999999999995,-447.88,0.0,other_tissue,0,241.35725314902552
-372.1,-118.15999999999997,0.0,other_tissue,0,158.5250385903186
-189.69,284.73,0.0,other_tissue,0,466.99165934300663
-389.17,-234.89999999999998,0.0,other_tissue,0,97.25801953097488
148.51999999999998,-357.90999999999997,0.0,other_tissue,0,233.63315547779192
309.21000000000004,438.62,0.0,other_tissue,0,158.07926015049165
-494.68,-455.78,0.0,other_tissue,0,201.62823169925704
20.450000000000045,-385.04999999999995,0.0,other_tissue,0,338.45784999805267
449.12,-101.12,0.0,other_tissue,0,202.3107667265362
-219.88,-126.24000000000001,0.0,other_tissue,0,397.9474617219107
457.65,340.33000000000004,0.0,other_tissue,0,359.62300029979167
-434.6,-234.01999999999998,0.0,CD4_Tcell,1,221.27619042750794
-445.39,97.94999999999999,0.0,other_tissue,0,308.1386855572994
-350.32,335.43,0.0,other_tissue,0,201.0550942003477
107.26999999999998,-175.53999999999996,0.0,other_tissue,0,102.21854107635752
-332.08000000000004,-204.54999999999995,0.0,other_tissue,0,96.59576924314901
-495.309,-275.54999999999995,0.0,other_tissue,0,185.50776583558175
113.41999999999996,326.99,0.0,other_tissue,0,814.0114316558794
231.99,-8.079999999999984,0.0,other_tissue,0,227.69469638759455
271.99,344.41999999999996,0.0,other_tissue,0,96.59576924314901
-170.92000000000002,-369.4,0.0,other_tissue,0,243.92522900507396
-301.38,-216.59000000000003,0.0,other_tissue,0,96.59576924314901
-294.09000000000003,-142.26999999999998,0.0,other_tissue,0,135.27976041728095
256.27,-450.15999999999997,0.0,other_tissue,0,149.8561726849455
257.98,-404.48,0.0,other_tissue,0,120.79216351791648
266.02,-370.21000000000004,0.0,other_tissue,0,96.59576924314901
-458.25,57.97000000000003,0.0,other_tissue,0,708.8759639365327
-184.56,-136.72000000000003,0.0,other_tissue,0,131.38619746604346
261.96000000000004,-425.52,0.0,other_tissue,0,263.67355184978163
-495.031,-26.279999999999973,0.0,other_tissue,0,239.83262038587296
97.60000000000002,249.05,0.0,other_tissue,0,104.07453327899071
138.40999999999997,338.33000000000004,0.0,other_tissue,0,417.62438407734845
145.57000000000005,412.06,0.0,other_tissue,0,140.65082292614537
132.91999999999996,-286.17999999999995,0.0,other_tissue,0,202.1524814823447
381.96000000000004,-216.33000000000004,0.0,other_tissue,0,107.86460320465453
-300.72,417.88,0.0,other_tissue,0,191.38087040828654
-272.41999999999996,334.59000000000003,0.0,other_tissue,0,191.19623799941473
-356.74,-50.60000000000002,0.0,other_tissue,0,207.66543132177287
-411.86,-328.46000000000004,0.0,other_tissue,0,1206.5061267187598
-343.34000000000003,236.08999999999997,0.0,other_tissue,0,223.7327477168376
-378.28,-264.74,0.0,other_tissue,0,133.61715358684748
-34.49000000000001,-126.46000000000004,0.0,other_tissue,0,96.59576924314901
223.16999999999996,-180.20000000000005,0.0,other_tissue,0,96.59576924314901
197.41999999999996,349.23,0.0,other_tissue,0,165.8886711640467
-219.72000000000003,390.08,0.0,other_tissue,0,116.11521195828418
-248.09,392.94,0.0,other_tissue,0,635.3715882855507
-42.56999999999999,-101.82000000000005,0.0,other_tissue,0,104.46020573924574
-8.029999999999973,-14.100000000000023,0.0,other_tissue,0,261.9770246208953
42.289999999999964,-285.19000000000005,0.0,other_tissue,0,264.7388379094393
289.53,-64.17999999999995,0.0,other_tissue,0,151.5406266664578
207.53999999999996,482.27,0.0,other_tissue,0,119.79049381676171
247.64999999999998,436.15,0.0,other_tissue,0,96.59576924314901
145.70000000000005,-468.64,0.0,other_tissue,0,96.59576924314901
479.52,97.41000000000003,0.0,other_tissue,0,107.36677577816464
-346.02,-169.95000000000005,0.0,other_tissue,0,215.56454235007922
-456.44,-102.14999999999998,0.0,other_tissue,0,200.11055273577503
294.27,136.81,0.0,other_tissue,0,637.4289247473095
408.16999999999996,350.72,0.0,other_tissue,0,96.59576924314901
18.039999999999964,-479.66999999999996,0.0,CD4_Tcell,1,379.68405073435605
-321.3,40.30000000000001,0.0,other_tissue,0,840.0871624793056
-415.84000000000003,-106.70000000000005,0.0,other_tissue,0,112.83176492972242
311.80999999999995,-331.65,0.0,other_tissue,0,96.59576924314901
-165.06,205.89,0.0,other_tissue,0,166.47336899208045
-199.7,-77.15999999999997,0.0,other_tissue,0,191.09193309771592
-498.096,-417.92999999999995,0.0,other_tissue,0,250.87169318410295
-397.95,146.76,0.0,other_tissue,0,141.50268061788262
-112.23000000000002,295.19,0.0,CAF,1,150.8504856052713
-496.021,-390.35,0.0,other_tissue,0,186.48472868011973
64.73000000000002,119.02999999999997,0.0,other_tissue,0,630.2920617371706
-170.68,476.34,0.0,other_tissue,0,113.36898633929277
-496.333,-269.35,0.0,other_tissue,0,96.59576924314901
191.34000000000003,451.18,0.0,other_tissue,0,168.00737173821855
-192.64,469.85,0.0,other_tissue,0,175.93273478251953
215.66999999999996,-261.25,0.0,other_tissue,0,96.59576924314901
267.53999999999996,327.59000000000003,0.0,other_tissue,0,135.5858471529965
452.02,-148.44000000000005,0.0,other_tissue,0,237.14524559505585
257.84000000000003,-348.96000000000004,0.0,other_tissue,0,96.59576924314901
182.89999999999998,-223.72000000000003,0.0,other_tissue,0,193.8972036675983
215.29999999999995,-449.53999999999996,0.0,other_tissue,0,96.59576924314901
-209.99,394.59000000000003,0.0,other_tissue,0,96.59576924314901
228.65999999999997,-91.07000000000005,0.0,other_tissue,0,390.1885386657715
-192.27999999999997,-341.51,0.0,other_tissue,0,124.64338969390678
-233.45999999999998,-94.04999999999995,0.0,other_tissue,0,567.1988288727614
470.08000000000004,-134.96000000000004,0.0,mesenchymal_tumor_class1,1,237.4054766720869
413.03,-269.35,0.0,other_tissue,0,162.74773964814375
462.04999999999995,-241.45000000000005,0.0,other_tissue,0,142.60202818559148
252.96000000000004,-416.03999999999996,0.0,other_tissue,0,142.9719424714498
-248.58,-253.57000000000005,0.0,other_tissue,0,107.03937727389757
225.16999999999996,18.910000000000025,0.0,other_tissue,0,196.91797267198183
-49.05000000000001,-18.139999999999986,0.0,other_tissue,0,130.07203386399104
-399.68,-60.39999999999998,0.0,other_tissue,0,181.14590390638148
-63.160000000000025,-139.73000000000002,0.0,other_tissue,0,96.59576924314901
-272.63,-162.69000000000005,0.0,other_tissue,0,96.63547757033366
45.00999999999999,243.8,0.0,other_tissue,0,151.83635363200926
-474.51,426.06,0.0,other_tissue,0,359.62300029979167
374.48,485.06,0.0,other_tissue,0,135.06322792702122
-348.41999999999996,-164.89999999999998,0.0,other_tissue,0,260.4751232938556
-160.01999999999998,-388.57000000000005,0.0,other_tissue,0,190.49091471039492
-425.49,-417.66999999999996,0.0,other_tissue,0,1371.6235487786068
-169.45,-76.87,0.0,other_tissue,0,336.3835362577869
-346.55,-432.38,0.0,epithelial_tumor_class1,1,2287.875339811775
-109.05000000000001,331.99,0.0,other_tissue,0,96.59576924314901
-308.41999999999996,428.38,0.0,other_tissue,0,312.460861821566
133.85000000000002,105.26999999999998,0.0,other_tissue,0,158.95036788543766
-412.74,360.12,0.0,other_tissue,0,170.0698018515498
-241.76999999999998,-113.74000000000001,0.0,other_tissue,0,764.4194539752938
-327.1,-473.23,0.0,other_tissue,0,650.192872945689
6.060000000000002,-195.08000000000004,0.0,CD8_Tcell,1,216.38272233065422
14.230000000000018,56.45999999999998,0.0,other_tissue,0,104.99205943581221
-52.43000000000001,-354.46000000000004,0.0,other_tissue,0,96.59576924314901
282.35,-56.870000000000005,0.0,other_tissue,0,322.46387312247697
-61.360000000000014,-109.47000000000003,0.0,other_tissue,0,140.8732853814798
-370.51,-100.75,0.0,other_tissue,0,132.2379150649311
-328.51,-45.39999999999998,0.0,other_tissue,0,225.6362249226623
-302.65999999999997,-279.28,0.0,other_tissue,0,231.35669281263895
-327.66999999999996,3.009999999999991,0.0,other_tissue,0,96.59576924314901
93.98000000000002,-468.27,0.0,other_tissue,0,124.50467143878367
-117.63,341.99,0.0,other_tissue,0,636.0509133430845
174.39,-439.86,0.0,other_tissue,0,348.9813881766114
-365.99,340.40999999999997,0.0,other_tissue,0,96.59576924314901
-310.83000000000004,-316.0,0.0,other_tissue,0,134.33889358574388
-473.86,-4.680000000000007,0.0,other_tissue,0,224.29462859951687
-408.19,-116.49000000000001,0.0,other_tissue,0,142.60202818559148
-232.39999999999998,353.68,0.0,other_tissue,0,150.42994108197402
-188.7,368.28,0.0,other_tissue,0,167.16214258652698
149.65999999999997,431.44,0.0,other_tissue,0,101.52235404258738
-73.72000000000003,68.13,0.0,other_tissue,0,156.98606272834206
-287.32,240.32999999999998,0.0,other_tissue,0,139.0352359563822
307.63,410.23,0.0,other_tissue,0,158.14996276300388
265.36,-350.28,0.0,other_tissue,0,294.6187151189118
-20.079999999999984,-85.54999999999995,0.0,other_tissue,0,96.59576924314901
118.35000000000002,-441.11,0.0,other_tissue,0,153.12689709956265
86.40999999999997,68.32999999999998,0.0,other_tissue,0,208.7782105501419
306.55999999999995,-328.51,0.0,other_tissue,0,104.10663633252292
-78.00999999999999,308.95,0.0,other_tissue,0,207.055514748538
471.36,-308.15,0.0,other_tissue,0,384.13884743658474
397.83000000000004,-454.48,0.0,other_tissue,0,196.1659829988645
343.04999999999995,334.81,0.0,other_tissue,0,148.73337887482447
-64.87,-263.23,0.0,other_tissue,0,187.40176137316269
166.28999999999996,-391.75,0.0,other_tissue,0,343.33104011181865
43.370000000000005,44.23000000000002,0.0,other_tissue,0,148.8963445786105
-165.2,475.8,0.0,other_tissue,0,153.12689709956265
101.97000000000003,205.57,0.0,other_tissue,0,96.59576924314901
261.59000000000003,-406.32000000000005,0.0,other_tissue,0,124.93926339433523
277.14,96.02999999999997,0.0,other_tissue,0,300.13425789239534
-82.57,-358.23,0.0,other_tissue,0,101.66449795263668
146.51999999999998,-437.54999999999995,0.0,other_tissue,0,151.96026046105834
319.63,373.25,0.0,other_tissue,0,96.59576924314901
-380.33,-129.01,0.0,other_tissue,0,215.83413931780785
97.65999999999997,-264.66999999999996,0.0,other_tissue,0,197.94277375986718
45.620000000000005,207.81,0.0,other_tissue,0,96.59576924314901
-162.17000000000002,-220.60000000000002,0.0,other_tissue,0,109.16283733537433
66.13,78.19999999999999,0.0,apCAF,1,296.24902675299563
330.16999999999996,-353.48,0.0,other_tissue,0,669.1199296848963
48.75999999999999,266.82,0.0,other_tissue,0,161.51832960261802
9.95999999999998,-364.9,0.0,other_tissue,0,561.5842388480116
214.10000000000002,322.6,0.0,other_tissue,0,96.59576924314901
-178.0,473.9,0.0,other_tissue,0,203.98194245472635
-403.28,-130.23000000000002,0.0,other_tissue,0,115.4202455978349
104.00999999999999,30.410000000000025,0.0,other_tissue,0,256.1794012387307
-117.07999999999998,-261.65,0.0,other_tissue,0,143.13728910640722
-48.49000000000001,-410.13,0.0,other_tissue,0,120.42620441646693
3.3000000000000114,495.566,0.0,other_tissue,0,150.7310700659855
242.20000000000005,-383.75,0.0,other_tissue,0,173.16869307451867
152.21000000000004,-266.15,0.0,other_tissue,0,141.67346384931813
-499.9284,-446.79999999999995,0.0,other_tissue,0,308.249009583495
229.27999999999997,-462.14,0.0,other_tissue,0,138.0059728759156
182.96000000000004,-346.16999999999996,0.0,other_tissue,0,128.52018795671495
261.42999999999995,-390.27,0.0,other_tissue,0,132.9294907193116
136.54999999999995,183.91000000000003,0.0,other_tissue,0,96.59576924314901
276.40999999999997,155.44,0.0,other_tissue,0,167.7718921222256
-72.26999999999998,-339.79999999999995,0.0,other_tissue,0,221.05231475702467
349.85,-463.5,0.0,other_tissue,0,96.59576924314901
-194.74,-344.45000000000005,0.0,other_tissue,0,161.06695454368707
58.74000000000001,-376.22,0.0,other_tissue,0,130.35778349009956
385.53,-147.64999999999998,0.0,other_tissue,0,187.99626775209194
-254.0,-412.14,0.0,other_tissue,0,132.02464163605785
339.78,328.93,0.0,other_tissue,0,150.10189444049556
249.89999999999998,-440.29999999999995,0.0,other_tissue,0,139.81541783661635
-485.17,238.51,0.0,other_tissue,0,331.87773220989635
79.42999999999995,253.65,0.0,other_tissue,0,138.0705562085074
273.91999999999996,0.9300000000000068,0.0,other_tissue,0,450.6664605702806
-484.24,243.88,0.0,other_tissue,0,96.59576924314901
69.07000000000005,-353.90999999999997,0.0,other_tissue,0,100.23858071730686
-434.82,402.68,0.0,other_tissue,0,122.10861243599707
-107.05000000000001,-71.87,0.0,other_tissue,0,186.98240020624073
407.70000000000005,-183.65999999999997,0.0,other_tissue,0,96.59576924314901
-54.50999999999999,350.63,0.0,other_tissue,0,108.7821974475339
-283.63,-60.65999999999997,0.0,other_tissue,0,399.5455897856009
195.60000000000002,18.910000000000025,0.0,other_tissue,0,213.99492485966402
-314.44,323.6,0.0,other_tissue,0,233.95433219805187
456.03999999999996,-95.71000000000004,0.0,other_tissue,0,96.59576924314901
24.0,-357.04999999999995,0.0,other_tissue,0,400.07049606699167
-194.3,285.09000000000003,0.0,other_tissue,0,241.92947851026042
280.57000000000005,-345.27,0.0,other_tissue,0,96.59576924314901
-280.27,499.5527,0.0,other_tissue,0,152.746569449311
161.40999999999997,340.86,0.0,other_tissue,0,127.80719020196008
-76.14999999999998,-437.77,0.0,other_tissue,0,96.59576924314901
439.27,1.6499999999999773,0.0,other_tissue,0,126.60847049552171
189.91999999999996,-322.09000000000003,0.0,other_tissue,0,126.73654469448
331.62,-478.01,0.0,other_tissue,0,96.59576924314901
-127.69,223.74,0.0,other_tissue,0,254.0590651713939
-430.22,178.35000000000002,0.0,other_tissue,0,129.94792525744742
184.49,350.5,0.0,other_tissue,0,187.78210083381677
338.98,-260.1,0.0,other_tissue,0,306.27818906543047
-222.93,-485.79999999999995,0.0,other_tissue,0,244.70956402896218
120.40999999999997,-27.24000000000001,0.0,other_tissue,0,170.88011689737044
401.48,263.55,0.0,other_tissue,0,181.13816284898067
444.19000000000005,-378.09000000000003,0.0,CAF,1,1497.2259507927456
479.62,135.83999999999997,0.0,other_tissue,0,244.1140718985951
-447.37,-132.94000000000005,0.0,other_tissue,0,320.1611896533415
8.20999999999998,-214.82000000000005,0.0,other_tissue,0,273.2831356544706
157.98000000000002,304.57,0.0,other_tissue,0,100.68797105941752
115.38999999999999,30.44999999999999,0.0,other_tissue,0,147.1506905086293
-320.85,54.35000000000002,0.0,other_tissue,0,406.4318062698273
35.639999999999986,-427.63,0.0,other_tissue,0,96.59576924314901
-46.48000000000002,-352.67999999999995,0.0,other_tissue,0,151.99469098381783
185.39999999999998,458.59000000000003,0.0,other_tissue,0,174.4942077185273
439.0,247.32,0.0,other_tissue,0,263.85255854210317
-328.49,-192.64,0.0,other_tissue,0,413.6651197008682
-25.639999999999986,-235.0,0.0,other_tissue,0,226.55155947782208
220.51999999999998,373.83,0.0,other_tissue,0,425.86485651333965
3.75,101.67000000000002,0.0,other_tissue,0,134.0916908144637
232.83000000000004,12.100000000000023,0.0,other_tissue,0,219.28023710763364
294.35,-314.41999999999996,0.0,other_tissue,0,96.59576924314901
-183.92000000000002,-31.840000000000032,0.0,other_tissue,0,96.59576924314901
-199.43,-32.82000000000005,0.0,other_tissue,0,158.08632946329917
289.02,-121.80999999999995,0.0,other_tissue,0,166.60511506454708
336.58000000000004,261.99,0.0,other_tissue,0,1371.6235487786068
142.10000000000002,72.02999999999997,0.0,other_tissue,0,1285.8746937437888
286.78999999999996,399.85,0.0,other_tissue,0,119.24487236678503
249.40999999999997,421.03,0.0,other_tissue,0,202.74439090911963
-224.88,-252.47000000000003,0.0,other_tissue,0,96.59576924314901
381.64,-92.25999999999999,0.0,other_tissue,0,96.59576924314901
117.14999999999998,110.10000000000002,0.0,other_tissue,0,213.99492485966402
73.35000000000002,-324.1,0.0,other_tissue,0,188.14707537919293
108.77999999999997,317.82,0.0,other_tissue,0,496.20911166287874
432.97,443.59000000000003,0.0,other_tissue,0,149.6720574587987
145.47000000000003,431.53,0.0,other_tissue,0,105.42315664306044
-195.29000000000002,-473.98,0.0,other_tissue,0,133.06809455642016
171.76,-340.29999999999995,0.0,other_tissue,0,96.59576924314901
79.15999999999997,17.670000000000016,0.0,other_tissue,0,162.32285491179047
-415.94,483.77,0.0,other_tissue,0,190.89946987854773
461.75,-5.079999999999984,0.0,other_tissue,0,137.21324448399628
-388.2,-115.5,0.0,other_tissue,0,542.3215891435378
1.759999999999991,-37.08000000000004,0.0,other_tissue,0,333.5379498464064
1.759999999999991,477.93,0.0,other_tissue,0,96.59576924314901
120.25,279.65999999999997,0.0,other_tissue,0,96.59576924314901
13.029999999999973,-164.33000000000004,0.0,other_tissue,0,147.90004571116856
-237.02999999999997,-136.63,0.0,other_tissue,0,562.4899577291327
344.96000000000004,-412.4,0.0,other_tissue,0,253.80696475110415
393.16999999999996,-385.1,0.0,other_tissue,0,99.08988952709132
240.64,-94.84000000000003,0.0,other_tissue,0,329.88813684147294
-161.95999999999998,-353.09000000000003,0.0,other_tissue,0,132.9231928327954
-487.97,-102.97000000000003,0.0,other_tissue,0,213.35540353176287
280.26,204.35000000000002,0.0,other_tissue,0,350.01315509276924
88.13999999999999,418.0,0.0,other_tissue,0,96.59576924314901
77.76999999999998,-363.70000000000005,0.0,other_tissue,0,96.59576924314901
156.72000000000003,-116.22000000000003,0.0,other_tissue,0,1338.6183193565653
-388.36,474.03,0.0,other_tissue,0,101.08097596828881
65.21000000000004,-351.75,0.0,other_tissue,0,109.91013363142831
431.15999999999997,-137.84000000000003,0.0,other_tissue,0,337.3200263620282
-400.29,338.66999999999996,0.0,other_tissue,0,518.7443867394039
386.53,458.71,0.0,other_tissue,0,108.50142434476923
465.65999999999997,443.73,0.0,other_tissue,0,96.59576924314901
-237.79000000000002,-84.09000000000003,0.0,other_tissue,0,203.56328908110356
265.45000000000005,-182.12,0.0,other_tissue,0,150.7653146746482
444.03999999999996,307.19,0.0,other_tissue,0,134.59275030070623
-357.03,-244.69000000000005,0.0,other_tissue,0,250.39109620149776
238.82000000000005,420.85,0.0,other_tissue,0,153.16842554018857
-450.69,-372.0,0.0,other_tissue,0,405.6760448403515
-394.54,139.39999999999998,0.0,other_tissue,0,197.5570324982749
-246.96,171.48000000000002,0.0,other_tissue,0,353.2656342487801
180.30999999999995,491.476,0.0,other_tissue,0,177.77638338985653
237.74,-257.91999999999996,0.0,other_tissue,0,102.41954689541458
48.52999999999997,-106.26999999999998,0.0,other_tissue,0,116.6108472566589
-112.73000000000002,46.120000000000005,0.0,other_tissue,0,586.2293614248659
-264.1,-302.57000000000005,0.0,other_tissue,0,96.59576924314901
191.28999999999996,416.17,0.0,other_tissue,0,96.59576924314901
311.52,-235.97000000000003,0.0,other_tissue,0,200.81453485965977
-102.82999999999998,135.63,0.0,other_tissue,0,833.8594948517166
-226.05,391.79,0.0,other_tissue,0,96.59576924314901
16.25,-81.84000000000003,0.0,other_tissue,0,242.85068391411343
-421.59000000000003,379.46,0.0,other_tissue,0,114.94514012746784
59.139999999999986,-331.36,0.0,CAF,1,208.34451983418097
257.75,-379.88,0.0,other_tissue,0,151.33453309119534
-290.34000000000003,-222.85000000000002,0.0,other_tissue,0,188.035946153766
288.32000000000005,-34.870000000000005,0.0,other_tissue,0,244.36916437511846
260.46000000000004,-441.53999999999996,0.0,other_tissue,0,126.11527827863634
-341.71000000000004,435.77,0.0,other_tissue,0,177.48603649369704
112.86000000000001,45.920000000000016,0.0,other_tissue,0,180.49642358713487
186.39999999999998,-365.48,0.0,other_tissue,0,276.31856531312286
163.88,-293.57000000000005,0.0,other_tissue,0,96.59576924314901
-172.31,200.01999999999998,0.0,other_tissue,0,143.64735764178437
-131.01999999999998,-387.39,0.0,other_tissue,0,407.66690480482686
-169.92000000000002,189.94,0.0,other_tissue,0,392.322785102278
74.14999999999998,-339.54999999999995,0.0,other_tissue,0,100.35863524396008
-441.63,-11.069999999999993,0.0,other_tissue,0,161.82689471022655
438.95000000000005,-450.39,0.0,other_tissue,0,280.0900069978585
-373.58,-3.1000000000000227,0.0,other_tissue,0,401.7401201689221
-383.9,439.15999999999997,0.0,other_tissue,0,168.08836871662515
435.53999999999996,-281.75,0.0,CAF,1,268.04236273094887
193.01,-321.95000000000005,0.0,other_tissue,0,117.20051975418424
-234.39,-463.76,0.0,other_tissue,0,185.09123604952208
-219.74,166.45999999999998,0.0,other_tissue,0,214.40177017995686
179.27999999999997,451.98,0.0,other_tissue,0,103.4818166146721
354.0,442.17,0.0,other_tissue,0,96.59576924314901
-456.77,-372.42999999999995,0.0,other_tissue,0,158.35511954954842
364.34000000000003,421.03,0.0,other_tissue,0,163.02178638934978
209.60000000000002,-42.059999999999945,0.0,CAF,1,352.7463036559889
260.96000000000004,177.13,0.0,other_tissue,0,98.50079826156043
225.5,-296.17999999999995,0.0,other_tissue,0,96.59576924314901
298.32000000000005,-331.54999999999995,0.0,other_tissue,0,96.59576924314901
-159.07,-90.99000000000001,0.0,CAF,1,224.133995325634
-466.78,-128.12,0.0,other_tissue,0,309.23205374934344
-412.83,-285.9,0.0,other_tissue,0,333.1078533330479
-159.7,-374.24,0.0,other_tissue,0,153.56332027058005
-110.14999999999998,466.93,0.0,other_tissue,0,1343.02853233567
-212.74,-373.76,0.0,other_tissue,0,115.77599661028052
-456.28,355.53999999999996,0.0,other_tissue,0,164.60715846905677
-239.68,-406.5,0.0,other_tissue,0,96.59576924314901
153.12,291.82,0.0,other_tissue,0,366.21706047967996
-469.61,384.48,0.0,other_tissue,0,139.45747318605854
244.19000000000005,-134.12,0.0,other_tissue,0,283.17554069105773
-183.07,-472.73,0.0,other_tissue,0,195.44848226322355
-119.93,168.27999999999997,0.0,other_tissue,0,96.59576924314901
-50.45999999999998,220.72000000000003,0.0,other_tissue,0,310.8048301183612
201.95000000000005,492.072,0.0,other_tissue,0,156.45891050743805
-499.7504,-25.860000000000014,0.0,other_tissue,0,125.92686512298421
20.279999999999973,356.38,0.0,other_tissue,0,96.59576924314901
155.59000000000003,-233.89,0.0,other_tissue,0,111.72876062662029
188.09000000000003,319.37,0.0,other_tissue,0,144.09881411308717
-168.11,-276.80999999999995,0.0,other_tissue,0,142.85297177312182
251.49,1.920000000000016,0.0,other_tissue,0,300.47039897710357
-151.64,351.56,0.0,other_tissue,0,96.59576924314901
-337.4,85.44,0.0,other_tissue,0,96.59576924314901
180.21000000000004,457.5,0.0,other_tissue,0,104.77157833413095
-160.68,-305.98,0.0,other_tissue,0,235.85065291182585
211.34000000000003,-140.23000000000002,0.0,other_tissue,0,362.9838648533135
76.63,-228.95000000000005,0.0,other_tissue,0,126.41956632563847
86.49000000000001,-368.65,0.0,other_tissue,0,123.68652743693421
348.37,79.49000000000001,0.0,other_tissue,0,268.9279202050636
116.13,-334.16999999999996,0.0,other_tissue,0,304.83024052429744
-297.88,-224.34000000000003,0.0,other_tissue,0,151.53375386788596
-489.59,77.29000000000002,0.0,other_tissue,0,100.91316903190454
360.72,-371.67999999999995,0.0,other_tissue,0,209.98036903741726
-486.43,123.74000000000001,0.0,other_tissue,0,134.20574668372765
244.20000000000005,-356.30999999999995,0.0,other_tissue,0,96.59576924314901
166.32000000000005,-302.88,0.0,other_tissue,0,154.9194079104822
-170.48000000000002,-285.72,0.0,other_tissue,0,151.2796063802881
-328.53,376.36,0.0,other_tissue,0,227.0821460364416
-307.96000000000004,-267.79999999999995,0.0,other_tissue,0,96.59576924314901
-445.15,74.12,0.0,other_tissue,0,286.1681333707355
-3.9700000000000273,-151.39,0.0,other_tissue,0,209.35740046930417
-285.73,-397.88,0.0,other_tissue,0,273.3136848740632
73.95000000000005,-298.33000000000004,0.0,other_tissue,0,103.05603176017631
58.09000000000003,416.15,0.0,other_tissue,0,110.5494029914339
33.83000000000004,360.5,0.0,other_tissue,0,162.58201854822363
161.64,296.37,0.0,other_tissue,0,258.6156478719588
-98.14999999999998,-472.45000000000005,0.0,CAF,1,150.8504856052713
-496.291,-309.29999999999995,0.0,other_tissue,0,401.8454485809274
453.92999999999995,-305.79999999999995,0.0,other_tissue,0,132.78468965126928
206.79999999999995,454.1,0.0,other_tissue,0,137.7027009714354
-32.31999999999999,355.66999999999996,0.0,other_tissue,0,953.9121159279058
-155.20999999999998,184.57999999999998,0.0,other_tissue,0,200.342270702763
-364.33000000000004,299.68,0.0,CAF,1,154.7381368135769
-321.96000000000004,474.8,0.0,other_tissue,0,194.26194624263871
-31.420000000000016,-3.9499999999999886,0.0,other_tissue,0,235.00249116516406
-161.19,259.43,0.0,other_tissue,0,96.59576924314901
-139.67000000000002,-306.20000000000005,0.0,other_tissue,0,96.59576924314901
-382.71,258.33000000000004,0.0,other_tissue,0,124.98156924923221
-124.77999999999997,74.57999999999998,0.0,other_tissue,0,96.59576924314901
452.51,-97.70000000000005,0.0,other_tissue,0,110.09887769566696
448.35,-15.919999999999959,0.0,other_tissue,0,136.78913228818132
-358.08000000000004,254.83,0.0,other_tissue,0,96.59576924314901
387.73,211.47000000000003,0.0,other_tissue,0,121.33063857026593
-416.4,488.05,0.0,other_tissue,0,96.59576924314901
224.05999999999995,366.35,0.0,other_tissue,0,237.53454511019706
-241.0,-436.13,0.0,other_tissue,0,131.42369590487326
-243.0,-429.01,0.0,other_tissue,0,197.91813698816495
189.77999999999997,-162.51,0.0,other_tissue,0,283.6032614630204
-358.46000000000004,468.32,0.0,other_tissue,0,97.99111710694235
48.059999999999945,296.3,0.0,other_tissue,0,110.63854075538723
217.44000000000005,476.18,0.0,other_tissue,0,96.59576924314901
201.19000000000005,13.829999999999984,0.0,other_tissue,0,96.59576924314901
187.15999999999997,339.12,0.0,other_tissue,0,96.59576924314901
156.76,-154.14,0.0,other_tissue,0,165.02146852522435
192.59000000000003,-169.24,0.0,other_tissue,0,273.3136848740632
-178.47000000000003,-494.11,0.0,other_tissue,0,187.87726603880358
-261.25,265.36,0.0,other_tissue,0,327.1941520183535
240.39,-119.90999999999997,0.0,other_tissue,0,122.60921163401882
40.85000000000002,275.27,0.0,other_tissue,0,247.73016679531437
-36.44,12.680000000000007,0.0,other_tissue,0,96.59576924314901
53.23000000000002,-291.85,0.0,other_tissue,0,96.59576924314901
-273.99,328.02,0.0,other_tissue,0,127.77651696721426
473.28999999999996,211.27999999999997,0.0,other_tissue,0,96.59576924314901
-28.100000000000023,-293.87,0.0,other_tissue,0,104.4977524110392
-440.04,-170.25,0.0,other_tissue,0,258.7432639623139
-420.81,-16.120000000000005,0.0,other_tissue,0,700.0507716821526
424.33000000000004,-479.77,0.0,other_tissue,0,103.90342844968644
208.86,-168.52999999999997,0.0,CAF,1,460.2132752229917
-174.62,169.07,0.0,other_tissue,0,330.8009722995504
78.0,-450.64,0.0,other_tissue,0,176.7006337104426
275.88,206.01,0.0,other_tissue,0,422.9153429012683
-442.08,330.4,0.0,other_tissue,0,96.59576924314901
-357.19,-422.26,0.0,epithelial_tumor_class1,1,10128.694822980333
-62.64999999999998,-165.35000000000002,0.0,other_tissue,0,98.6091391557028
-162.75,225.26999999999998,0.0,other_tissue,0,97.22222781659
295.35,-325.88,0.0,other_tissue,0,504.3461078173541
-162.98000000000002,308.26,0.0,CAF,1,413.22228093519396
41.27999999999997,-36.77999999999997,0.0,other_tissue,0,565.3617356743682
-149.58999999999997,349.06,0.0,other_tissue,0,96.59576924314901
240.23000000000002,-142.42999999999995,0.0,other_tissue,0,217.1592876738905
-45.75999999999999,-467.65999999999997,0.0,other_tissue,0,96.59576924314901
-450.24,-49.789999999999964,0.0,other_tissue,0,311.2488263801209
215.45000000000005,-377.67999999999995,0.0,other_tissue,0,184.04090504201667
386.34000000000003,-118.00999999999999,0.0,other_tissue,0,306.7618555426079
-466.05,-400.58000000000004,0.0,other_tissue,0,117.13104357968292
-313.73,-465.66999999999996,0.0,other_tissue,0,217.71886361237654
287.27,-178.72000000000003,0.0,other_tissue,0,335.8692063057325
140.36,-379.49,0.0,other_tissue,0,219.324203363673
-56.19999999999999,28.0,0.0,other_tissue,0,248.31241724155456
151.29999999999995,50.35000000000002,0.0,other_tissue,0,96.59576924314901
229.84000000000003,499.805,0.0,other_tissue,0,189.27671852848252
217.89999999999998,102.19999999999999,0.0,other_tissue,0,201.9027255413869
291.91999999999996,473.02,0.0,other_tissue,0,96.59576924314901
451.4,52.75,0.0,other_tissue,0,213.7355056554571
-280.22,-285.67999999999995,0.0,other_tissue,0,183.81411887538425
-90.87,-386.09000000000003,0.0,other_tissue,0,213.57995481444294
-427.8,-484.90999999999997,0.0,other_tissue,0,140.83401026845428
-379.51,282.22,0.0,other_tissue,0,348.46626595078635
-359.28999999999996,91.73000000000002,0.0,other_tissue,0,174.4942077185273
-432.25,-435.35,0.0,other_tissue,0,208.79523028170377
177.28999999999996,-497.22,0.0,other_tissue,0,162.4956000426541
179.66999999999996,461.27,0.0,other_tissue,0,96.59576924314901
150.16999999999996,-483.23,0.0,other_tissue,0,113.42563495395831
-454.17,442.25,0.0,other_tissue,0,180.8905654400337
312.73,440.65,0.0,other_tissue,0,96.59576924314901
235.96000000000004,149.54000000000002,0.0,other_tissue,0,122.09671004506049
-258.03,-252.51,0.0,other_tissue,0,101.3330350162622
299.47,450.54,0.0,other_tissue,0,196.5907849468524
445.92999999999995,224.98000000000002,0.0,other_tissue,0,196.2476281072784
-191.57999999999998,-477.96000000000004,0.0,other_tissue,0,133.2067947069935
-492.56,135.25,0.0,other_tissue,0,99.63454726314544
253.30999999999995,500.0602,0.0,other_tissue,0,96.59576924314901
-273.44,-304.05999999999995,0.0,other_tissue,0,96.59576924314901
-214.39,40.01999999999998,0.0,other_tissue,0,96.59576924314901
292.23,-402.08000000000004,0.0,other_tissue,0,159.33381412111487
181.82000000000005,477.81,0.0,other_tissue,0,228.11871994898937
-194.51999999999998,-210.60000000000002,0.0,CAF,1,535.2770154286058
305.36,365.63,0.0,other_tissue,0,161.41078296228926
238.53999999999996,359.73,0.0,other_tissue,0,240.50528364869217
-174.49,-183.02999999999997,0.0,other_tissue,0,460.0259291324378
-80.57,-238.33000000000004,0.0,other_tissue,0,136.10981280600603
277.15,-202.59000000000003,0.0,other_tissue,0,152.42206163566055
64.57000000000005,200.54000000000002,0.0,mesenchymal_tumor_class1,1,264.00179265956024
159.79999999999995,-377.95000000000005,0.0,other_tissue,0,194.53783267797226
344.29999999999995,-263.55999999999995,0.0,other_tissue,0,199.0288169063449
11.589999999999975,-173.01999999999998,0.0,other_tissue,0,195.06598940179063
-35.75999999999999,-12.870000000000005,0.0,other_tissue,0,259.9823344266484
-99.5,31.629999999999995,0.0,other_tissue,0,1060.0889147778653
200.91999999999996,425.15,0.0,other_tissue,0,162.60362796096587
-333.12,-159.36,0.0,other_tissue,0,569.5547804420117
474.76,355.08000000000004,0.0,other_tissue,0,262.37321907611204
96.47000000000003,-484.98,0.0,other_tissue,0,236.80264387198787
135.65999999999997,186.22000000000003,0.0,other_tissue,0,96.59576924314901
2.5299999999999727,-416.97,0.0,other_tissue,0,96.59576924314901
-373.68,368.94,0.0,other_tissue,0,190.7071359323483
-386.39,-63.32000000000005,0.0,other_tissue,0,150.25218988611059
-120.51999999999998,-268.97,0.0,other_tissue,0,306.421037570927
180.59000000000003,-493.87,0.0,other_tissue,0,190.2108712672442
-376.42,443.82,0.0,other_tissue,0,125.52635269676824
-72.99000000000001,256.03999999999996,0.0,other_tissue,0,134.25011920451078
-442.69,135.3,0.0,other_tissue,0,96.59576924314901
-289.46000000000004,-251.40999999999997,0.0,other_tissue,0,163.84577210832165
-301.22,268.89,0.0,other_tissue,0,110.1822157829018
-83.22000000000003,-107.44000000000005,0.0,other_tissue,0,160.08829724895585
-369.56,-76.63999999999999,0.0,other_tissue,0,96.59576924314901
195.66999999999996,-389.82000000000005,0.0,other_tissue,0,452.0750293748468
-326.28999999999996,476.03,0.0,other_tissue,0,117.90842097800682
444.01,242.88,0.0,other_tissue,0,224.6697380001532
65.58000000000004,-253.23000000000002,0.0,other_tissue,0,208.92290775286165
257.90999999999997,-445.84000000000003,0.0,other_tissue,0,96.59576924314901
-456.33,245.64,0.0,other_tissue,0,143.4948728054045
-30.49000000000001,-482.59000000000003,0.0,other_tissue,0,133.7056487420688
-28.25,-330.47,0.0,other_tissue,0,96.59576924314901
27.110000000000014,-153.51,0.0,other_tissue,0,170.2702828745415
136.16999999999996,430.21,0.0,other_tissue,0,112.42574014329347
-138.74,-247.07000000000005,0.0,other_tissue,0,166.59047318076142
53.15999999999997,-473.37,0.0,other_tissue,0,192.46697920437936
141.09000000000003,191.01,0.0,other_tissue,0,354.4147990546437
-77.27999999999997,67.35000000000002,0.0,other_tissue,0,195.85593810755267
-154.07,-80.61000000000001,0.0,other_tissue,0,135.29250482466634
-482.58,384.55,0.0,other_tissue,0,129.83009522836215
26.220000000000027,-64.95000000000005,0.0,CAF,1,350.01315509276924
-378.15999999999997,467.15999999999997,0.0,other_tissue,0,135.71990515469764
-272.77,-416.11,0.0,other_tissue,0,130.63772582221128
131.23000000000002,197.62,0.0,other_tissue,0,120.56187706976584
296.5,-83.63,0.0,other_tissue,0,174.77372475287666
397.29999999999995,304.19,0.0,other_tissue,0,157.54966211723993
-199.31,-47.97000000000003,0.0,other_tissue,0,155.95395587698337
-400.51,375.8,0.0,other_tissue,0,197.7703592862784
158.32000000000005,432.88,0.0,other_tissue,0,128.4032227116466
-174.93,-381.29999999999995,0.0,other_tissue,0,139.74377996593876
-357.63,217.32,0.0,CD4_Tcell,1,221.27619042750794
35.879999999999995,-146.01,0.0,other_tissue,0,189.2448358696172
-25.0,-450.15,0.0,other_tissue,0,98.73305456322244
171.37,-153.49,0.0,other_tissue,0,254.6414723791077
32.89999999999998,78.73000000000002,0.0,other_tissue,0,136.40433491748558
201.59000000000003,94.61000000000001,0.0,other_tissue,0,96.59576924314901
395.63,143.98000000000002,0.0,other_tissue,0,96.59576924314901
473.97,171.0,0.0,other_tissue,0,182.23960232300396
484.53,-475.80999999999995,0.0,other_tissue,0,151.7813055572686
-216.27999999999997,-3.9499999999999886,0.0,other_tissue,0,96.59576924314901
-371.02,344.41999999999996,0.0,other_tissue,0,98.32040650020409
-188.73000000000002,-35.84000000000003,0.0,other_tissue,0,96.59576924314901
416.01,-466.28,0.0,other_tissue,0,232.66224228793507
-148.16000000000003,-312.09000000000003,0.0,other_tissue,0,110.65525941864745
-252.16,375.09000000000003,0.0,other_tissue,0,123.84265936556567
491.84000000000003,-15.909999999999968,0.0,other_tissue,0,96.59576924314901
153.64,-164.11,0.0,other_tissue,0,117.47289929401344
-360.6,-358.92999999999995,0.0,other_tissue,0,286.1366336312688
154.29999999999995,35.29000000000002,0.0,other_tissue,0,96.59576924314901
-294.16999999999996,-130.39999999999998,0.0,other_tissue,0,216.81876669891864
-120.37,24.600000000000023,0.0,other_tissue,0,121.21215548378224
-343.07,12.879999999999995,0.0,other_tissue,0,96.59576924314901
390.04999999999995,-198.64,0.0,other_tissue,0,190.41087426995463
-35.81999999999999,84.88999999999999,0.0,other_tissue,0,489.4504662544967
192.62,418.61,0.0,other_tissue,0,123.09322625651014
-274.76,320.99,0.0,other_tissue,0,410.65203181445
-479.63,-38.309999999999945,0.0,other_tissue,0,96.59576924314901
-164.76999999999998,-106.21000000000004,0.0,other_tissue,0,138.70453947010427
-257.53999999999996,-361.27,0.0,other_tissue,0,345.7552993768057
146.26,62.76999999999998,0.0,other_tissue,0,157.52145016241087
-7.399999999999977,495.583,0.0,other_tissue,0,96.59576924314901
254.86,-147.69000000000005,0.0,other_tissue,0,720.7254375327735
100.63999999999999,196.24,0.0,other_tissue,0,227.0191518218397
40.65999999999997,460.38,0.0,other_tissue,0,111.97012789633435
186.25,445.15999999999997,0.0,other_tissue,0,96.59576924314901
-157.83999999999997,122.33999999999997,0.0,other_tissue,0,159.95288489257595
-0.5799999999999841,-349.75,0.0,other_tissue,0,253.75850302856455
240.76999999999998,-262.98,0.0,other_tissue,0,156.3746758228059
258.07000000000005,-452.78,0.0,other_tissue,0,131.6801262105902
153.05999999999995,298.28999999999996,0.0,other_tissue,0,151.48565009621322
-232.92000000000002,13.860000000000014,0.0,other_tissue,0,437.49340923431635
434.97,319.90999999999997,0.0,other_tissue,0,126.03624344591792
184.25,338.90999999999997,0.0,other_tissue,0,154.46649538591615
427.4,239.62,0.0,other_tissue,0,171.26013736770116
287.03,-54.190000000000055,0.0,other_tissue,0,354.00323311481907
48.17999999999995,452.97,0.0,other_tissue,0,96.59576924314901
-436.65,307.11,0.0,other_tissue,0,255.46807189352631
-493.902,-362.44000000000005,0.0,other_tissue,0,298.9975782737843
138.72000000000003,-388.04999999999995,0.0,other_tissue,0,114.66526918683758
-424.05,140.23000000000002,0.0,other_tissue,0,96.59576924314901
-328.44,354.25,0.0,other_tissue,0,110.1822157829018
4.0,34.47000000000003,0.0,other_tissue,0,127.02960999108893
-130.98000000000002,-166.24,0.0,CAF,1,154.29948954898998
302.46000000000004,-76.30999999999995,0.0,other_tissue,0,305.2246819828436
-290.05,89.11000000000001,0.0,other_tissue,0,96.59576924314901
-216.51999999999998,-83.73000000000002,0.0,other_tissue,0,225.05421161348767
-410.15,137.56,0.0,other_tissue,0,139.00928000144873
-50.77999999999997,-246.70000000000005,0.0,other_tissue,0,97.37056496189807
407.78,-180.94000000000005,0.0,other_tissue,0,96.59576924314901
397.64,-264.41999999999996,0.0,other_tissue,0,145.73322754442322
1.660000000000025,490.085,0.0,other_tissue,0,96.59576924314901
83.75999999999999,422.7,0.0,other_tissue,0,96.59576924314901
-167.64,-271.4,0.0,other_tissue,0,144.62448692144463
-347.25,262.72,0.0,other_tissue,0,201.42875615575684
214.14999999999998,-256.48,0.0,other_tissue,0,110.41578613473521
72.97000000000003,-132.02999999999997,0.0,other_tissue,0,230.51025562912363
-66.16000000000003,422.42,0.0,other_tissue,0,684.7224338480023
-333.68,-58.40999999999997,0.0,other_tissue,0,140.57236271837294
-131.58999999999997,36.44999999999999,0.0,other_tissue,0,420.86152305956
270.38,-368.23,0.0,other_tissue,0,96.59576924314901
61.379999999999995,72.94999999999999,0.0,other_tissue,0,253.64222006415602
-134.61,64.05000000000001,0.0,other_tissue,0,96.59576924314901
391.94000000000005,-139.79999999999995,0.0,other_tissue,0,242.06093640372396
196.27999999999997,-342.09000000000003,0.0,other_tissue,0,96.59576924314901
272.4,-163.96000000000004,0.0,other_tissue,0,132.80986488820815
481.41999999999996,-260.97,0.0,CAF,1,150.8504856052713
153.74,432.32,0.0,other_tissue,0,178.77206975794712
51.72000000000003,291.55,0.0,other_tissue,0,187.5680966311664
429.40999999999997,-193.52999999999997,0.0,other_tissue,0,204.20825376079085
-253.85,412.14,0.0,other_tissue,0,195.5299281793322
211.74,494.54,0.0,other_tissue,0,127.20077320318346
135.63,188.95999999999998,0.0,other_tissue,0,199.10300961656395
-70.77999999999997,-149.73000000000002,0.0,other_tissue,0,96.59576924314901
-340.24,87.81,0.0,other_tissue,0,96.59576924314901
-123.77999999999997,-381.0,0.0,other_tissue,0,407.69349351091694
325.13,-60.549999999999955,0.0,other_tissue,0,98.64010828177732
33.34000000000003,320.4,0.0,other_tissue,0,400.59586188044983
299.49,-387.51,0.0,other_tissue,0,181.15364518432511
6.149999999999977,477.97,0.0,other_tissue,0,96.59576924314901
172.23000000000002,-343.25,0.0,other_tissue,0,96.59576924314901
-413.3974596215561,502.0,0.0,duct_filler,0,1247.0
-406.4692563912806,502.0,0.0,duct_filler,0,1247.0
-399.5410531610051,502.0,0.0,duct_filler,0,1247.0
-392.61284993072957,502.0,0.0,duct_filler,0,1247.0
-385.6846467004541,502.0,0.0,duct_filler,0,1247.0
-378.75644347017857,502.0,0.0,duct_filler,0,1247.0
-371.82824023990304,502.0,0.0,duct_filler,0,1247.0
-416.8615612366939,496.0,0.0,duct_filler,0,1247.0
-409.93335800641836,496.0,0.0,duct_filler,0,1247.0
-403.00515477614283,496.0,0.0,duct_filler,0,1247.0
-396.07695154586736,496.0,0.0,duct_filler,0,1247.0
-389.14874831559183,496.0,0.0,duct_filler,0,1247.0
-382.2205450853163,496.0,0.0,duct_filler,0,1247.0
-375.2923418550408,496.0,0.0,duct_filler,0,1247.0
-368.36413862476525,496.0,0.0,duct_filler,0,1247.0
-420.3256628518316,490.0,0.0,duct_filler,0,1247.0
-413.3974596215561,490.0,0.0,duct_filler,0,1247.0
-406.4692563912806,490.0,0.0,duct_filler,0,1247.0
-399.5410531610051,490.0,0.0,duct_filler,0,1247.0
-392.61284993072957,490.0,0.0,duct_filler,0,1247.0
-385.6846467004541,490.0,0.0,duct_filler,0,1247.0
-378.75644347017857,490.0,0.0,duct_filler,0,1247.0
-371.82824023990304,490.0,0.0,duct_filler,0,1247.0
-364.90003700962757,490.0,0.0,duct_filler,0,1247.0
-357.97183377935204,490.0,0.0,duct_filler,0,1247.0
-226.33597240411746,490.0,0.0,duct_filler,0,1247.0
-219.40776917384193,490.0,0.0,duct_filler,0,1247.0
-212.4795659435664,490.0,0.0,duct_filler,0,1247.0
-150.1257368710867,490.0,0.0,duct_filler,0,1247.0
-143.19753364081112,490.0,0.0,duct_filler,0,1247.0
-136.26933041053564,490.0,0.0,duct_filler,0,1247.0
-416.8615612366939,484.0,0.0,duct_filler,0,1247.0
-409.93335800641836,484.0,0.0,duct_filler,0,1247.0
-403.00515477614283,484.0,0.0,duct_filler,0,1247.0
-396.07695154586736,484.0,0.0,duct_filler,0,1247.0
-389.14874831559183,484.0,0.0,duct_filler,0,1247.0
-382.2205450853163,484.0,0.0,duct_filler,0,1247.0
-375.2923418550408,484.0,0.0,duct_filler,0,1247.0
-368.36413862476525,484.0,0.0,duct_filler,0,1247.0
-361.4359353944898,484.0,0.0,duct_filler,0,1247.0
-354.5077321642143,484.0,0.0,duct_filler,0,1247.0
-243.6564804798063,484.0,0.0,duct_filler,0,1247.0
-236.72827724953078,484.0,0.0,duct_filler,0,1247.0
-229.80007401925525,484.0,0.0,duct_filler,0,1247.0
-222.87187078897972,484.0,0.0,duct_filler,0,1247.0
-215.9436675587042,484.0,0.0,duct_filler,0,1247.0
-209.01546432842866,484.0,0.0,duct_filler,0,1247.0
-153.58983848622438,484.0,0.0,duct_filler,0,1247.0
-146.6616352559489,484.0,0.0,duct_filler,0,1247.0
-139.73343202567332,484.0,0.0,duct_filler,0,1247.0
-132.8052287953978,484.0,0.0,duct_filler,0,1247.0
-406.4692563912806,478.0,0.0,duct_filler,0,1247.0
-399.54105316100515,478.0,0.0,duct_filler,0,1247.0
-392.6128499307296,478.0,0.0,duct_filler,0,1247.0
-385.6846467004541,478.0,0.0,duct_filler,0,1247.0
-378.75644347017857,478.0,0.0,duct_filler,0,1247.0
-371.8282402399031,478.0,0.0,duct_filler,0,1247.0
-364.90003700962757,478.0,0.0,duct_filler,0,1247.0
-357.9718337793521,478.0,0.0,duct_filler,0,1247.0
-351.0436305490765,478.0,0.0,duct_filler,0,1247.0
-344.11542731880104,478.0,0.0,duct_filler,0,1247.0
-254.04878532521957,478.0,0.0,duct_filler,0,1247.0
-247.12058209494404,478.0,0.0,duct_filler,0,1247.0
-240.19237886466857,478.0,0.0,duct_filler,0,1247.0
-233.26417563439304,478.0,0.0,duct_filler,0,1247.0
-226.3359724041175,478.0,0.0,duct_filler,0,1247.0
-219.40776917384198,478.0,0.0,duct_filler,0,1247.0
-212.4795659435664,478.0,0.0,duct_filler,0,1247.0
-205.55136271329087,478.0,0.0,duct_filler,0,1247.0
-150.1257368710867,478.0,0.0,duct_filler,0,1247.0
-143.19753364081112,478.0,0.0,duct_filler,0,1247.0
-136.26933041053564,478.0,0.0,duct_filler,0,1247.0
-129.34112718026006,478.0,0.0,duct_filler,0,1247.0
-122.41292394998464,478.0,0.0,duct_filler,0,1247.0
-389.14874831559183,472.0,0.0,duct_filler,0,1247.0
-382.2205450853163,472.0,0.0,duct_filler,0,1247.0
-375.29234185504083,472.0,0.0,duct_filler,0,1247.0
-368.36413862476525,472.0,0.0,duct_filler,0,1247.0
-361.4359353944898,472.0,0.0,duct_filler,0,1247.0
-354.5077321642143,472.0,0.0,duct_filler,0,1247.0
-347.57952893393883,472.0,0.0,duct_filler,0,1247.0
-340.6513257036633,472.0,0.0,duct_filler,0,1247.0
-333.72312247338783,472.0,0.0,duct_filler,0,1247.0
-250.58468371008178,472.0,0.0,duct_filler,0,1247.0
-243.6564804798063,472.0,0.0,duct_filler,0,1247.0
-236.72827724953078,472.0,0.0,duct_filler,0,1247.0
-229.80007401925525,472.0,0.0,duct_filler,0,1247.0
-222.87187078897972,472.0,0.0,duct_filler,0,1247.0
-215.9436675587042,472.0,0.0,duct_filler,0,1247.0
-209.01546432842866,472.0,0.0,duct_filler,0,1247.0
-202.0872610981532,472.0,0.0,duct_filler,0,1247.0
-146.6616352559489,472.0,0.0,duct_filler,0,1247.0
-139.73343202567332,472.0,0.0,duct_filler,0,1247.0
-132.8052287953978,472.0,0.0,duct_filler,0,1247.0
-125.87702556512232,472.0,0.0,duct_filler,0,1247.0
-118.9488223348468,472.0,0.0,duct_filler,0,1247.0
-385.6846467004541,466.0,0.0,duct_filler,0,1247.0
-378.75644347017857,466.0,0.0,duct_filler,0,1247.0
-371.8282402399031,466.0,0.0,duct_filler,0,1247.0
-357.9718337793521,466.0,0.0,duct_filler,0,1247.0
-351.0436305490765,466.0,0.0,duct_filler,0,1247.0
-344.11542731880104,466.0,0.0,duct_filler,0,1247.0
-337.18722408852557,466.0,0.0,duct_filler,0,1247.0
-330.2590208582501,466.0,0.0,duct_filler,0,1247.0
-323.33081762797457,466.0,0.0,duct_filler,0,1247.0
-316.40261439769904,466.0,0.0,duct_filler,0,1247.0
-302.54620793714804,466.0,0.0,duct_filler,0,1247.0
-254.04878532521957,466.0,0.0,duct_filler,0,1247.0
-247.12058209494404,466.0,0.0,duct_filler,0,1247.0
-240.19237886466857,466.0,0.0,duct_filler,0,1247.0
-233.26417563439304,466.0,0.0,duct_filler,0,1247.0
-226.3359724041175,466.0,0.0,duct_filler,0,1247.0
-219.40776917384198,466.0,0.0,duct_filler,0,1247.0
-212.4795659435664,466.0,0.0,duct_filler,0,1247.0
-205.55136271329087,466.0,0.0,duct_filler,0,1247.0
-198.6231594830154,466.0,0.0,duct_filler,0,1247.0
-191.69495625273993,466.0,0.0,duct_filler,0,1247.0
-184.76675302246434,466.0,0.0,duct_filler,0,1247.0
-177.83854979218881,466.0,0.0,duct_filler,0,1247.0
-143.19753364081112,466.0,0.0,duct_filler,0,1247.0
-136.26933041053564,466.0,0.0,duct_filler,0,1247.0
-129.34112718026006,466.0,0.0,duct_filler,0,1247.0
-122.41292394998464,466.0,0.0,duct_filler,0,1247.0
-354.5077321642143,460.0,0.0,duct_filler,0,1247.0
-347.57952893393883,460.0,0.0,duct_filler,0,1247.0
-340.6513257036633,460.0,0.0,duct_filler,0,1247.0
-333.72312247338783,460.0,0.0,duct_filler,0,1247.0
-326.7949192431123,460.0,0.0,duct_filler,0,1247.0
-319.86671601283683,460.0,0.0,duct_filler,0,1247.0
-312.9385127825613,460.0,0.0,duct_filler,0,1247.0
-306.01030955228583,460.0,0.0,duct_filler,0,1247.0
-299.0821063220103,460.0,0.0,duct_filler,0,1247.0
-250.58468371008178,460.0,0.0,duct_filler,0,1247.0
-243.6564804798063,460.0,0.0,duct_filler,0,1247.0
-236.72827724953078,460.0,0.0,duct_filler,0,1247.0
-229.80007401925525,460.0,0.0,duct_filler,0,1247.0
-222.87187078897972,460.0,0.0,duct_filler,0,1247.0
-215.9436675587042,460.0,0.0,duct_filler,0,1247.0
-209.01546432842866,460.0,0.0,duct_filler,0,1247.0
-202.0872610981532,460.0,0.0,duct_filler,0,1247.0
-195.15905786787755,460.0,0.0,duct_filler,0,1247.0
-188.23085463760208,460.0,0.0,duct_filler,0,1247.0
-181.30265140732655,460.0,0.0,duct_filler,0,1247.0
-174.37444817705102,460.0,0.0,duct_filler,0,1247.0
-167.4462449467755,460.0,0.0,duct_filler,0,1247.0
-146.6616352559489,460.0,0.0,duct_filler,0,1247.0
-139.73343202567332,460.0,0.0,duct_filler,0,1247.0
-132.8052287953978,460.0,0.0,duct_filler,0,1247.0
-125.87702556512232,460.0,0.0,duct_filler,0,1247.0
-118.9488223348468,460.0,0.0,duct_filler,0,1247.0
-351.0436305490765,454.0,0.0,duct_filler,0,1247.0
-344.11542731880104,454.0,0.0,duct_filler,0,1247.0
-337.18722408852557,454.0,0.0,duct_filler,0,1247.0
-330.2590208582501,454.0,0.0,duct_filler,0,1247.0
-323.33081762797457,454.0,0.0,duct_filler,0,1247.0
-316.40261439769904,454.0,0.0,duct_filler,0,1247.0
-309.47441116742357,454.0,0.0,duct_filler,0,1247.0
-302.54620793714804,454.0,0.0,duct_filler,0,1247.0
-295.61800470687257,454.0,0.0,duct_filler,0,1247.0
-254.04878532521957,454.0,0.0,duct_filler,0,1247.0
-247.12058209494404,454.0,0.0,duct_filler,0,1247.0
-240.19237886466857,454.0,0.0,duct_filler,0,1247.0
-233.26417563439304,454.0,0.0,duct_filler,0,1247.0
-226.3359724041175,454.0,0.0,duct_filler,0,1247.0
-219.40776917384198,454.0,0.0,duct_filler,0,1247.0
-212.4795659435664,454.0,0.0,duct_filler,0,1247.0
-205.55136271329087,454.0,0.0,duct_filler,0,1247.0
-198.6231594830154,454.0,0.0,duct_filler,0,1247.0
-191.69495625273993,454.0,0.0,duct_filler,0,1247.0
-184.76675302246434,454.0,0.0,duct_filler,0,1247.0
-177.83854979218881,454.0,0.0,duct_filler,0,1247.0
-170.9103465619133,454.0,0.0,duct_filler,0,1247.0
-163.98214333163776,454.0,0.0,duct_filler,0,1247.0
-136.26933041053564,454.0,0.0,duct_filler,0,1247.0
-129.34112718026006,454.0,0.0,duct_filler,0,1247.0
-122.41292394998464,454.0,0.0,duct_filler,0,1247.0
-115.484720719709,454.0,0.0,duct_filler,0,1247.0
-347.57952893393883,448.0,0.0,duct_filler,0,1247.0
-340.6513257036633,448.0,0.0,duct_filler,0,1247.0
-333.72312247338783,448.0,0.0,duct_filler,0,1247.0
-326.7949192431123,448.0,0.0,duct_filler,0,1247.0
-319.86671601283683,448.0,0.0,duct_filler,0,1247.0
-312.9385127825613,448.0,0.0,duct_filler,0,1247.0
-306.01030955228583,448.0,0.0,duct_filler,0,1247.0
-299.0821063220103,448.0,0.0,duct_filler,0,1247.0
-292.15390309173483,448.0,0.0,duct_filler,0,1247.0
-257.51288694035725,448.0,0.0,duct_filler,0,1247.0
-250.58468371008178,448.0,0.0,duct_filler,0,1247.0
-243.6564804798063,448.0,0.0,duct_filler,0,1247.0
-236.72827724953078,448.0,0.0,duct_filler,0,1247.0
-229.80007401925525,448.0,0.0,duct_filler,0,1247.0
-222.87187078897972,448.0,0.0,duct_filler,0,1247.0
-215.9436675587042,448.0,0.0,duct_filler,0,1247.0
-209.01546432842866,448.0,0.0,duct_filler,0,1247.0
-202.0872610981532,448.0,0.0,duct_filler,0,1247.0
-195.15905786787755,448.0,0.0,duct_filler,0,1247.0
-188.23085463760208,448.0,0.0,duct_filler,0,1247.0
-181.30265140732655,448.0,0.0,duct_filler,0,1247.0
-167.4462449467755,448.0,0.0,duct_filler,0,1247.0
-132.8052287953978,448.0,0.0,duct_filler,0,1247.0
-125.87702556512232,448.0,0.0,duct_filler,0,1247.0
-323.33081762797457,442.0,0.0,duct_filler,0,1247.0
-316.40261439769904,442.0,0.0,duct_filler,0,1247.0
-309.47441116742357,442.0,0.0,duct_filler,0,1247.0
-302.54620793714804,442.0,0.0,duct_filler,0,1247.0
-295.61800470687257,442.0,0.0,duct_filler,0,1247.0
-288.68980147659704,442.0,0.0,duct_filler,0,1247.0
-247.12058209494404,442.0,0.0,duct_filler,0,1247.0
-240.19237886466857,442.0,0.0,duct_filler,0,1247.0
-233.26417563439304,442.0,0.0,duct_filler,0,1247.0
-226.3359724041175,442.0,0.0,duct_filler,0,1247.0
-219.40776917384198,442.0,0.0,duct_filler,0,1247.0
-212.4795659435664,442.0,0.0,duct_filler,0,1247.0
-205.55136271329087,442.0,0.0,duct_filler,0,1247.0
-198.6231594830154,442.0,0.0,duct_filler,0,1247.0
-191.69495625273993,442.0,0.0,duct_filler,0,1247.0
-184.76675302246434,442.0,0.0,duct_filler,0,1247.0
-177.83854979218881,442.0,0.0,duct_filler,0,1247.0
-129.34112718026006,442.0,0.0,duct_filler,0,1247.0
-326.7949192431123,436.0,0.0,duct_filler,0,1247.0
-319.86671601283683,436.0,0.0,duct_filler,0,1247.0
-312.9385127825613,436.0,0.0,duct_filler,0,1247.0
-306.01030955228583,436.0,0.0,duct_filler,0,1247.0
-299.0821063220103,436.0,0.0,duct_filler,0,1247.0
-292.15390309173483,436.0,0.0,duct_filler,0,1247.0
-285.22569986145925,436.0,0.0,duct_filler,0,1247.0
-243.6564804798063,436.0,0.0,duct_filler,0,1247.0
-236.72827724953078,436.0,0.0,duct_filler,0,1247.0
-229.80007401925525,436.0,0.0,duct_filler,0,1247.0
-222.87187078897972,436.0,0.0,duct_filler,0,1247.0
-215.9436675587042,436.0,0.0,duct_filler,0,1247.0
-209.01546432842866,436.0,0.0,duct_filler,0,1247.0
-202.0872610981532,436.0,0.0,duct_filler,0,1247.0
-195.15905786787755,436.0,0.0,duct_filler,0,1247.0
-188.23085463760208,436.0,0.0,duct_filler,0,1247.0
-181.30265140732655,436.0,0.0,duct_filler,0,1247.0
-323.33081762797457,430.0,0.0,duct_filler,0,1247.0
-316.40261439769904,430.0,0.0,duct_filler,0,1247.0
-309.47441116742357,430.0,0.0,duct_filler,0,1247.0
-302.54620793714804,430.0,0.0,duct_filler,0,1247.0
-295.61800470687257,430.0,0.0,duct_filler,0,1247.0
-288.68980147659704,430.0,0.0,duct_filler,0,1247.0
-281.76159824632157,430.0,0.0,duct_filler,0,1247.0
-247.12058209494404,430.0,0.0,duct_filler,0,1247.0
-240.19237886466857,430.0,0.0,duct_filler,0,1247.0
-233.26417563439304,430.0,0.0,duct_filler,0,1247.0
-226.3359724041175,430.0,0.0,duct_filler,0,1247.0
-219.40776917384198,430.0,0.0,duct_filler,0,1247.0
-212.4795659435664,430.0,0.0,duct_filler,0,1247.0
-205.55136271329087,430.0,0.0,duct_filler,0,1247.0
-198.6231594830154,430.0,0.0,duct_filler,0,1247.0
-191.69495625273993,430.0,0.0,duct_filler,0,1247.0
-184.76675302246434,430.0,0.0,duct_filler,0,1247.0
-177.83854979218881,430.0,0.0,duct_filler,0,1247.0
-319.86671601283683,424.0,0.0,duct_filler,0,1247.0
-312.9385127825613,424.0,0.0,duct_filler,0,1247.0
-306.01030955228583,424.0,0.0,duct_filler,0,1247.0
-299.0821063220103,424.0,0.0,duct_filler,0,1247.0
-292.15390309173483,424.0,0.0,duct_filler,0,1247.0
-285.22569986145925,424.0,0.0,duct_filler,0,1247.0
-243.6564804798063,424.0,0.0,duct_filler,0,1247.0
-236.72827724953078,424.0,0.0,duct_filler,0,1247.0
-229.80007401925525,424.0,0.0,duct_filler,0,1247.0
-222.87187078897972,424.0,0.0,duct_filler,0,1247.0
-215.9436675587042,424.0,0.0,duct_filler,0,1247.0
-209.01546432842866,424.0,0.0,duct_filler,0,1247.0
-202.0872610981532,424.0,0.0,duct_filler,0,1247.0
-195.15905786787755,424.0,0.0,duct_filler,0,1247.0
-188.23085463760208,424.0,0.0,duct_filler,0,1247.0
-181.30265140732655,424.0,0.0,duct_filler,0,1247.0
-118.9488223348468,424.0,0.0,duct_filler,0,1247.0
-112.02061910457127,424.0,0.0,duct_filler,0,1247.0
-316.40261439769904,418.0,0.0,duct_filler,0,1247.0
-309.47441116742357,418.0,0.0,duct_filler,0,1247.0
-302.54620793714804,418.0,0.0,duct_filler,0,1247.0
-295.61800470687257,418.0,0.0,duct_filler,0,1247.0
-288.68980147659704,418.0,0.0,duct_filler,0,1247.0
-240.19237886466857,418.0,0.0,duct_filler,0,1247.0
-233.26417563439304,418.0,0.0,duct_filler,0,1247.0
-226.3359724041175,418.0,0.0,duct_filler,0,1247.0
-219.40776917384198,418.0,0.0,duct_filler,0,1247.0
-212.4795659435664,418.0,0.0,duct_filler,0,1247.0
-205.55136271329087,418.0,0.0,duct_filler,0,1247.0
-198.6231594830154,418.0,0.0,duct_filler,0,1247.0
-191.69495625273993,418.0,0.0,duct_filler,0,1247.0
-184.76675302246434,418.0,0.0,duct_filler,0,1247.0
-177.83854979218881,418.0,0.0,duct_filler,0,1247.0
-122.41292394998464,418.0,0.0,duct_filler,0,1247.0
-115.484720719709,418.0,0.0,duct_filler,0,1247.0
-108.55651748943353,418.0,0.0,duct_filler,0,1247.0
-101.62831425915806,418.0,0.0,duct_filler,0,1247.0
-312.9385127825613,412.0,0.0,duct_filler,0,1247.0
-306.01030955228583,412.0,0.0,duct_filler,0,1247.0
-299.0821063220103,412.0,0.0,duct_filler,0,1247.0
-292.15390309173483,412.0,0.0,duct_filler,0,1247.0
-236.72827724953078,412.0,0.0,duct_filler,0,1247.0
-229.80007401925525,412.0,0.0,duct_filler,0,1247.0
-222.87187078897972,412.0,0.0,duct_filler,0,1247.0
-215.9436675587042,412.0,0.0,duct_filler,0,1247.0
-209.01546432842866,412.0,0.0,duct_filler,0,1247.0
-202.0872610981532,412.0,0.0,duct_filler,0,1247.0
-195.15905786787755,412.0,0.0,duct_filler,0,1247.0
-188.23085463760208,412.0,0.0,duct_filler,0,1247.0
-181.30265140732655,412.0,0.0,duct_filler,0,1247.0
-174.37444817705102,412.0,0.0,duct_filler,0,1247.0
-125.87702556512232,412.0,0.0,duct_filler,0,1247.0
-118.9488223348468,412.0,0.0,duct_filler,0,1247.0
-112.02061910457127,412.0,0.0,duct_filler,0,1247.0
-105.09241587429574,412.0,0.0,duct_filler,0,1247.0
-98.1642126440201,412.0,0.0,duct_filler,0,1247.0
-91.23600941374474,412.0,0.0,duct_filler,0,1247.0
-309.47441116742357,406.0,0.0,duct_filler,0,1247.0
-302.54620793714804,406.0,0.0,duct_filler,0,1247.0
-295.61800470687257,406.0,0.0,duct_filler,0,1247.0
-233.26417563439304,406.0,0.0,duct_filler,0,1247.0
-226.3359724041175,406.0,0.0,duct_filler,0,1247.0
-219.40776917384198,406.0,0.0,duct_filler,0,1247.0
-212.4795659435664,406.0,0.0,duct_filler,0,1247.0
-205.55136271329087,406.0,0.0,duct_filler,0,1247.0
-198.6231594830154,406.0,0.0,duct_filler,0,1247.0
-191.69495625273993,406.0,0.0,duct_filler,0,1247.0
-184.76675302246434,406.0,0.0,duct_filler,0,1247.0
-177.83854979218881,406.0,0.0,duct_filler,0,1247.0
-170.9103465619133,406.0,0.0,duct_filler,0,1247.0
-129.34112718026006,406.0,0.0,duct_filler,0,1247.0
-122.41292394998464,406.0,0.0,duct_filler,0,1247.0
-115.484720719709,406.0,0.0,duct_filler,0,1247.0
-108.55651748943353,406.0,0.0,duct_filler,0,1247.0
-101.62831425915806,406.0,0.0,duct_filler,0,1247.0
-94.70011102888253,406.0,0.0,duct_filler,0,1247.0
-87.77190779860695,406.0,0.0,duct_filler,0,1247.0
-229.80007401925525,400.0,0.0,duct_filler,0,1247.0
-222.87187078897972,400.0,0.0,duct_filler,0,1247.0
-215.9436675587042,400.0,0.0,duct_filler,0,1247.0
-209.01546432842866,400.0,0.0,duct_filler,0,1247.0
-202.0872610981532,400.0,0.0,duct_filler,0,1247.0
-195.15905786787755,400.0,0.0,duct_filler,0,1247.0
-188.23085463760208,400.0,0.0,duct_filler,0,1247.0
-181.30265140732655,400.0,0.0,duct_filler,0,1247.0
-174.37444817705102,400.0,0.0,duct_filler,0,1247.0
-167.4462449467755,400.0,0.0,duct_filler,0,1247.0
-132.8052287953978,400.0,0.0,duct_filler,0,1247.0
-125.87702556512232,400.0,0.0,duct_filler,0,1247.0
-118.9488223348468,400.0,0.0,duct_filler,0,1247.0
-112.02061910457127,400.0,0.0,duct_filler,0,1247.0
-105.09241587429574,400.0,0.0,duct_filler,0,1247.0
-98.1642126440201,400.0,0.0,duct_filler,0,1247.0
-91.23600941374474,400.0,0.0,duct_filler,0,1247.0
-84.30780618346921,400.0,0.0,duct_filler,0,1247.0
-212.4795659435664,394.0,0.0,duct_filler,0,1247.0
-205.55136271329087,394.0,0.0,duct_filler,0,1247.0
-198.6231594830154,394.0,0.0,duct_filler,0,1247.0
-191.69495625273993,394.0,0.0,duct_filler,0,1247.0
-184.76675302246434,394.0,0.0,duct_filler,0,1247.0
-177.83854979218881,394.0,0.0,duct_filler,0,1247.0
-170.9103465619133,394.0,0.0,duct_filler,0,1247.0
-163.98214333163776,394.0,0.0,duct_filler,0,1247.0
-129.34112718026006,394.0,0.0,duct_filler,0,1247.0
-122.41292394998464,394.0,0.0,duct_filler,0,1247.0
-115.484720719709,394.0,0.0,duct_filler,0,1247.0
-108.55651748943353,394.0,0.0,duct_filler,0,1247.0
-101.62831425915806,394.0,0.0,duct_filler,0,1247.0
-94.70011102888253,394.0,0.0,duct_filler,0,1247.0
-87.77190779860695,394.0,0.0,duct_filler,0,1247.0
-80.84370456833142,394.0,0.0,duct_filler,0,1247.0
-202.0872610981532,388.0,0.0,duct_filler,0,1247.0
-195.15905786787755,388.0,0.0,duct_filler,0,1247.0
-188.23085463760208,388.0,0.0,duct_filler,0,1247.0
-181.30265140732655,388.0,0.0,duct_filler,0,1247.0
-174.37444817705102,388.0,0.0,duct_filler,0,1247.0
-167.4462449467755,388.0,0.0,duct_filler,0,1247.0
-125.87702556512232,388.0,0.0,duct_filler,0,1247.0
-118.9488223348468,388.0,0.0,duct_filler,0,1247.0
-112.02061910457127,388.0,0.0,duct_filler,0,1247.0
-105.09241587429574,388.0,0.0,duct_filler,0,1247.0
-98.1642126440201,388.0,0.0,duct_filler,0,1247.0
-91.23600941374474,388.0,0.0,duct_filler,0,1247.0
-84.30780618346921,388.0,0.0,duct_filler,0,1247.0
-212.4795659435664,382.0,0.0,duct_filler,0,1247.0
-205.55136271329087,382.0,0.0,duct_filler,0,1247.0
-198.6231594830154,382.0,0.0,duct_filler,0,1247.0
-191.69495625273993,382.0,0.0,duct_filler,0,1247.0
-184.76675302246434,382.0,0.0,duct_filler,0,1247.0
-177.83854979218881,382.0,0.0,duct_filler,0,1247.0
-170.9103465619133,382.0,0.0,duct_filler,0,1247.0
-122.41292394998464,382.0,0.0,duct_filler,0,1247.0
-115.484720719709,382.0,0.0,duct_filler,0,1247.0
-108.55651748943353,382.0,0.0,duct_filler,0,1247.0
-101.62831425915806,382.0,0.0,duct_filler,0,1247.0
-94.70011102888253,382.0,0.0,duct_filler,0,1247.0
-87.77190779860695,382.0,0.0,duct_filler,0,1247.0
-80.84370456833142,382.0,0.0,duct_filler,0,1247.0
-222.87187078897972,376.0,0.0,duct_filler,0,1247.0
-215.9436675587042,376.0,0.0,duct_filler,0,1247.0
-209.01546432842866,376.0,0.0,duct_filler,0,1247.0
-202.0872610981532,376.0,0.0,duct_filler,0,1247.0
-195.15905786787755,376.0,0.0,duct_filler,0,1247.0
-188.23085463760208,376.0,0.0,duct_filler,0,1247.0
-181.30265140732655,376.0,0.0,duct_filler,0,1247.0
-174.37444817705102,376.0,0.0,duct_filler,0,1247.0
-118.9488223348468,376.0,0.0,duct_filler,0,1247.0
-112.02061910457127,376.0,0.0,duct_filler,0,1247.0
-105.09241587429574,376.0,0.0,duct_filler,0,1247.0
-98.1642126440201,376.0,0.0,duct_filler,0,1247.0
-91.23600941374474,376.0,0.0,duct_filler,0,1247.0
-84.30780618346921,376.0,0.0,duct_filler,0,1247.0
-226.3359724041175,370.0,0.0,duct_filler,0,1247.0
-219.40776917384198,370.0,0.0,duct_filler,0,1247.0
-212.4795659435664,370.0,0.0,duct_filler,0,1247.0
-205.55136271329087,370.0,0.0,duct_filler,0,1247.0
-198.6231594830154,370.0,0.0,duct_filler,0,1247.0
-191.69495625273993,370.0,0.0,duct_filler,0,1247.0
-184.76675302246434,370.0,0.0,duct_filler,0,1247.0
-177.83854979218881,370.0,0.0,duct_filler,0,1247.0
-170.9103465619133,370.0,0.0,duct_filler,0,1247.0
-108.55651748943353,370.0,0.0,duct_filler,0,1247.0
-101.62831425915806,370.0,0.0,duct_filler,0,1247.0
-94.70011102888253,370.0,0.0,duct_filler,0,1247.0
-87.77190779860695,370.0,0.0,duct_filler,0,1247.0
-229.80007401925525,364.0,0.0,duct_filler,0,1247.0
-222.87187078897972,364.0,0.0,duct_filler,0,1247.0
-215.9436675587042,364.0,0.0,duct_filler,0,1247.0
-209.01546432842866,364.0,0.0,duct_filler,0,1247.0
-202.0872610981532,364.0,0.0,duct_filler,0,1247.0
-195.15905786787755,364.0,0.0,duct_filler,0,1247.0
-188.23085463760208,364.0,0.0,duct_filler,0,1247.0
-181.30265140732655,364.0,0.0,duct_filler,0,1247.0
-174.37444817705102,364.0,0.0,duct_filler,0,1247.0
-167.4462449467755,364.0,0.0,duct_filler,0,1247.0
-233.26417563439304,358.0,0.0,duct_filler,0,1247.0
-226.3359724041175,358.0,0.0,duct_filler,0,1247.0
-219.40776917384198,358.0,0.0,duct_filler,0,1247.0
-212.4795659435664,358.0,0.0,duct_filler,0,1247.0
-205.55136271329087,358.0,0.0,duct_filler,0,1247.0
-198.6231594830154,358.0,0.0,duct_filler,0,1247.0
-191.69495625273993,358.0,0.0,duct_filler,0,1247.0
-184.76675302246434,358.0,0.0,duct_filler,0,1247.0
-177.83854979218881,358.0,0.0,duct_filler,0,1247.0
-170.9103465619133,358.0,0.0,duct_filler,0,1247.0
-163.98214333163776,358.0,0.0,duct_filler,0,1247.0
-229.80007401925525,352.0,0.0,duct_filler,0,1247.0
-222.87187078897972,352.0,0.0,duct_filler,0,1247.0
-215.9436675587042,352.0,0.0,duct_filler,0,1247.0
-209.01546432842866,352.0,0.0,duct_filler,0,1247.0
-202.0872610981532,352.0,0.0,duct_filler,0,1247.0
-195.15905786787755,352.0,0.0,duct_filler,0,1247.0
-188.23085463760208,352.0,0.0,duct_filler,0,1247.0
-181.30265140732655,352.0,0.0,duct_filler,0,1247.0
-174.37444817705102,352.0,0.0,duct_filler,0,1247.0
-167.4462449467755,352.0,0.0,duct_filler,0,1247.0
-160.51804171649997,352.0,0.0,duct_filler,0,1247.0
-226.3359724041175,346.0,0.0,duct_filler,0,1247.0
-219.40776917384198,346.0,0.0,duct_filler,0,1247.0
-212.4795659435664,346.0,0.0,duct_filler,0,1247.0
-205.55136271329087,346.0,0.0,duct_filler,0,1247.0
-198.6231594830154,346.0,0.0,duct_filler,0,1247.0
-191.69495625273993,346.0,0.0,duct_filler,0,1247.0
-184.76675302246434,346.0,0.0,duct_filler,0,1247.0
-177.83854979218881,346.0,0.0,duct_filler,0,1247.0
-170.9103465619133,346.0,0.0,duct_filler,0,1247.0
-163.98214333163776,346.0,0.0,duct_filler,0,1247.0
-157.05394010136217,346.0,0.0,duct_filler,0,1247.0
-368.36413862476525,340.0,0.0,duct_filler,0,1247.0
-361.4359353944898,340.0,0.0,duct_filler,0,1247.0
-222.87187078897972,340.0,0.0,duct_filler,0,1247.0
-215.9436675587042,340.0,0.0,duct_filler,0,1247.0
-209.01546432842866,340.0,0.0,duct_filler,0,1247.0
-202.0872610981532,340.0,0.0,duct_filler,0,1247.0
-195.15905786787755,340.0,0.0,duct_filler,0,1247.0
-188.23085463760208,340.0,0.0,duct_filler,0,1247.0
-181.30265140732655,340.0,0.0,duct_filler,0,1247.0
-174.37444817705102,340.0,0.0,duct_filler,0,1247.0
-167.4462449467755,340.0,0.0,duct_filler,0,1247.0
-160.51804171649997,340.0,0.0,duct_filler,0,1247.0
-153.58983848622438,340.0,0.0,duct_filler,0,1247.0
-378.75644347017857,334.0,0.0,duct_filler,0,1247.0
-371.8282402399031,334.0,0.0,duct_filler,0,1247.0
-364.90003700962757,334.0,0.0,duct_filler,0,1247.0
-357.9718337793521,334.0,0.0,duct_filler,0,1247.0
-351.0436305490765,334.0,0.0,duct_filler,0,1247.0
-219.40776917384198,334.0,0.0,duct_filler,0,1247.0
-212.4795659435664,334.0,0.0,duct_filler,0,1247.0
-205.55136271329087,334.0,0.0,duct_filler,0,1247.0
-198.6231594830154,334.0,0.0,duct_filler,0,1247.0
-191.69495625273993,334.0,0.0,duct_filler,0,1247.0
-184.76675302246434,334.0,0.0,duct_filler,0,1247.0
-177.83854979218881,334.0,0.0,duct_filler,0,1247.0
-170.9103465619133,334.0,0.0,duct_filler,0,1247.0
-163.98214333163776,334.0,0.0,duct_filler,0,1247.0
-157.05394010136217,334.0,0.0,duct_filler,0,1247.0
-150.1257368710867,334.0,0.0,duct_filler,0,1247.0
-143.19753364081112,334.0,0.0,duct_filler,0,1247.0
-389.14874831559183,328.0,0.0,duct_filler,0,1247.0
-382.2205450853163,328.0,0.0,duct_filler,0,1247.0
-375.29234185504083,328.0,0.0,duct_filler,0,1247.0
-368.36413862476525,328.0,0.0,duct_filler,0,1247.0
-361.4359353944898,328.0,0.0,duct_filler,0,1247.0
-354.5077321642143,328.0,0.0,duct_filler,0,1247.0
-347.57952893393883,328.0,0.0,duct_filler,0,1247.0
-312.9385127825613,328.0,0.0,duct_filler,0,1247.0
-306.01030955228583,328.0,0.0,duct_filler,0,1247.0
-285.22569986145925,328.0,0.0,duct_filler,0,1247.0
-278.29749663118383,328.0,0.0,duct_filler,0,1247.0
-215.9436675587042,328.0,0.0,duct_filler,0,1247.0
-209.01546432842866,328.0,0.0,duct_filler,0,1247.0
-202.0872610981532,328.0,0.0,duct_filler,0,1247.0
-195.15905786787755,328.0,0.0,duct_filler,0,1247.0
-188.23085463760208,328.0,0.0,duct_filler,0,1247.0
-181.30265140732655,328.0,0.0,duct_filler,0,1247.0
-174.37444817705102,328.0,0.0,duct_filler,0,1247.0
-167.4462449467755,328.0,0.0,duct_filler,0,1247.0
-160.51804171649997,328.0,0.0,duct_filler,0,1247.0
-153.58983848622438,328.0,0.0,duct_filler,0,1247.0
-146.6616352559489,328.0,0.0,duct_filler,0,1247.0
-139.73343202567332,328.0,0.0,duct_filler,0,1247.0
68.11266488259196,328.0,0.0,duct_filler,0,1247.0
-385.6846467004541,322.0,0.0,duct_filler,0,1247.0
-378.75644347017857,322.0,0.0,duct_filler,0,1247.0
-371.8282402399031,322.0,0.0,duct_filler,0,1247.0
-364.90003700962757,322.0,0.0,duct_filler,0,1247.0
-357.9718337793521,322.0,0.0,duct_filler,0,1247.0
-351.0436305490765,322.0,0.0,duct_filler,0,1247.0
-344.11542731880104,322.0,0.0,duct_filler,0,1247.0
-316.40261439769904,322.0,0.0,duct_filler,0,1247.0
-309.47441116742357,322.0,0.0,duct_filler,0,1247.0
-302.54620793714804,322.0,0.0,duct_filler,0,1247.0
-295.61800470687257,322.0,0.0,duct_filler,0,1247.0
-288.68980147659704,322.0,0.0,duct_filler,0,1247.0
-281.76159824632157,322.0,0.0,duct_filler,0,1247.0
-219.40776917384198,322.0,0.0,duct_filler,0,1247.0
-212.4795659435664,322.0,0.0,duct_filler,0,1247.0
-205.55136271329087,322.0,0.0,duct_filler,0,1247.0
-198.6231594830154,322.0,0.0,duct_filler,0,1247.0
-191.69495625273993,322.0,0.0,duct_filler,0,1247.0
-184.76675302246434,322.0,0.0,duct_filler,0,1247.0
-177.83854979218881,322.0,0.0,duct_filler,0,1247.0
-170.9103465619133,322.0,0.0,duct_filler,0,1247.0
-163.98214333163776,322.0,0.0,duct_filler,0,1247.0
-157.05394010136217,322.0,0.0,duct_filler,0,1247.0
-150.1257368710867,322.0,0.0,duct_filler,0,1247.0
-143.19753364081112,322.0,0.0,duct_filler,0,1247.0
-136.26933041053564,322.0,0.0,duct_filler,0,1247.0
50.792156806903336,322.0,0.0,duct_filler,0,1247.0
57.72036003717881,322.0,0.0,duct_filler,0,1247.0
64.64856326745439,322.0,0.0,duct_filler,0,1247.0
71.57676649772975,322.0,0.0,duct_filler,0,1247.0
-389.14874831559183,316.0,0.0,duct_filler,0,1247.0
-382.2205450853163,316.0,0.0,duct_filler,0,1247.0
-375.29234185504083,316.0,0.0,duct_filler,0,1247.0
-368.36413862476525,316.0,0.0,duct_filler,0,1247.0
-361.4359353944898,316.0,0.0,duct_filler,0,1247.0
-354.5077321642143,316.0,0.0,duct_filler,0,1247.0
-347.57952893393883,316.0,0.0,duct_filler,0,1247.0
-340.6513257036633,316.0,0.0,duct_filler,0,1247.0
-333.72312247338783,316.0,0.0,duct_filler,0,1247.0
-326.7949192431123,316.0,0.0,duct_filler,0,1247.0
-319.86671601283683,316.0,0.0,duct_filler,0,1247.0
-312.9385127825613,316.0,0.0,duct_filler,0,1247.0
-306.01030955228583,316.0,0.0,duct_filler,0,1247.0
-299.0821063220103,316.0,0.0,duct_filler,0,1247.0
-292.15390309173483,316.0,0.0,duct_filler,0,1247.0
-285.22569986145925,316.0,0.0,duct_filler,0,1247.0
-278.29749663118383,316.0,0.0,duct_filler,0,1247.0
-215.9436675587042,316.0,0.0,duct_filler,0,1247.0
-209.01546432842866,316.0,0.0,duct_filler,0,1247.0
-202.0872610981532,316.0,0.0,duct_filler,0,1247.0
-195.15905786787755,316.0,0.0,duct_filler,0,1247.0
-188.23085463760208,316.0,0.0,duct_filler,0,1247.0
-181.30265140732655,316.0,0.0,duct_filler,0,1247.0
-174.37444817705102,316.0,0.0,duct_filler,0,1247.0
-167.4462449467755,316.0,0.0,duct_filler,0,1247.0
-160.51804171649997,316.0,0.0,duct_filler,0,1247.0
-153.58983848622438,316.0,0.0,duct_filler,0,1247.0
-146.6616352559489,316.0,0.0,duct_filler,0,1247.0
-139.73343202567332,316.0,0.0,duct_filler,0,1247.0
-132.8052287953978,316.0,0.0,duct_filler,0,1247.0
47.32805519176554,316.0,0.0,duct_filler,0,1247.0
54.2562584220409,316.0,0.0,duct_filler,0,1247.0
61.18446165231637,316.0,0.0,duct_filler,0,1247.0
68.11266488259196,316.0,0.0,duct_filler,0,1247.0
-385.6846467004541,310.0,0.0,duct_filler,0,1247.0
-378.75644347017857,310.0,0.0,duct_filler,0,1247.0
-371.8282402399031,310.0,0.0,duct_filler,0,1247.0
-364.90003700962757,310.0,0.0,duct_filler,0,1247.0
-357.9718337793521,310.0,0.0,duct_filler,0,1247.0
-351.0436305490765,310.0,0.0,duct_filler,0,1247.0
-344.11542731880104,310.0,0.0,duct_filler,0,1247.0
-337.18722408852557,310.0,0.0,duct_filler,0,1247.0
-330.2590208582501,310.0,0.0,duct_filler,0,1247.0
-323.33081762797457,310.0,0.0,duct_filler,0,1247.0
-316.40261439769904,310.0,0.0,duct_filler,0,1247.0
-309.47441116742357,310.0,0.0,duct_filler,0,1247.0
-302.54620793714804,310.0,0.0,duct_filler,0,1247.0
-295.61800470687257,310.0,0.0,duct_filler,0,1247.0
-288.68980147659704,310.0,0.0,duct_filler,0,1247.0
-281.76159824632157,310.0,0.0,duct_filler,0,1247.0
-212.4795659435664,310.0,0.0,duct_filler,0,1247.0
-205.55136271329087,310.0,0.0,duct_filler,0,1247.0
-198.6231594830154,310.0,0.0,duct_filler,0,1247.0
-191.69495625273993,310.0,0.0,duct_filler,0,1247.0
-184.76675302246434,310.0,0.0,duct_filler,0,1247.0
-177.83854979218881,310.0,0.0,duct_filler,0,1247.0
-170.9103465619133,310.0,0.0,duct_filler,0,1247.0
-163.98214333163776,310.0,0.0,duct_filler,0,1247.0
-157.05394010136217,310.0,0.0,duct_filler,0,1247.0
-150.1257368710867,310.0,0.0,duct_filler,0,1247.0
-143.19753364081112,310.0,0.0,duct_filler,0,1247.0
-136.26933041053564,310.0,0.0,duct_filler,0,1247.0
-129.34112718026006,310.0,0.0,duct_filler,0,1247.0
36.93575034635239,310.0,0.0,duct_filler,0,1247.0
43.863953576627864,310.0,0.0,duct_filler,0,1247.0
50.792156806903336,310.0,0.0,duct_filler,0,1247.0
57.72036003717881,310.0,0.0,duct_filler,0,1247.0
-382.2205450853163,304.0,0.0,duct_filler,0,1247.0
-375.29234185504083,304.0,0.0,duct_filler,0,1247.0
-368.36413862476525,304.0,0.0,duct_filler,0,1247.0
-361.4359353944898,304.0,0.0,duct_filler,0,1247.0
-354.5077321642143,304.0,0.0,duct_filler,0,1247.0
-347.57952893393883,304.0,0.0,duct_filler,0,1247.0
-340.6513257036633,304.0,0.0,duct_filler,0,1247.0
-333.72312247338783,304.0,0.0,duct_filler,0,1247.0
-326.7949192431123,304.0,0.0,duct_filler,0,1247.0
-319.86671601283683,304.0,0.0,duct_filler,0,1247.0
-312.9385127825613,304.0,0.0,duct_filler,0,1247.0
-306.01030955228583,304.0,0.0,duct_filler,0,1247.0
-299.0821063220103,304.0,0.0,duct_filler,0,1247.0
-292.15390309173483,304.0,0.0,duct_filler,0,1247.0
-285.22569986145925,304.0,0.0,duct_filler,0,1247.0
-278.29749663118383,304.0,0.0,duct_filler,0,1247.0
-202.0872610981532,304.0,0.0,duct_filler,0,1247.0
-195.15905786787755,304.0,0.0,duct_filler,0,1247.0
-188.23085463760208,304.0,0.0,duct_filler,0,1247.0
-181.30265140732655,304.0,0.0,duct_filler,0,1247.0
-174.37444817705102,304.0,0.0,duct_filler,0,1247.0
-167.4462449467755,304.0,0.0,duct_filler,0,1247.0
-160.51804171649997,304.0,0.0,duct_filler,0,1247.0
-153.58983848622438,304.0,0.0,duct_filler,0,1247.0
-146.6616352559489,304.0,0.0,duct_filler,0,1247.0
-139.73343202567332,304.0,0.0,duct_filler,0,1247.0
-132.8052287953978,304.0,0.0,duct_filler,0,1247.0
-125.87702556512232,304.0,0.0,duct_filler,0,1247.0
-118.9488223348468,304.0,0.0,duct_filler,0,1247.0
33.4716487312146,304.0,0.0,duct_filler,0,1247.0
40.39985196149007,304.0,0.0,duct_filler,0,1247.0
47.32805519176554,304.0,0.0,duct_filler,0,1247.0
54.2562584220409,304.0,0.0,duct_filler,0,1247.0
75.04086811286754,304.0,0.0,duct_filler,0,1247.0
-385.6846467004541,298.0,0.0,duct_filler,0,1247.0
-378.75644347017857,298.0,0.0,duct_filler,0,1247.0
-371.8282402399031,298.0,0.0,duct_filler,0,1247.0
-364.90003700962757,298.0,0.0,duct_filler,0,1247.0
-357.9718337793521,298.0,0.0,duct_filler,0,1247.0
-351.0436305490765,298.0,0.0,duct_filler,0,1247.0
-344.11542731880104,298.0,0.0,duct_filler,0,1247.0
-337.18722408852557,298.0,0.0,duct_filler,0,1247.0
-330.2590208582501,298.0,0.0,duct_filler,0,1247.0
-323.33081762797457,298.0,0.0,duct_filler,0,1247.0
-316.40261439769904,298.0,0.0,duct_filler,0,1247.0
-309.47441116742357,298.0,0.0,duct_filler,0,1247.0
-302.54620793714804,298.0,0.0,duct_filler,0,1247.0
-295.61800470687257,298.0,0.0,duct_filler,0,1247.0
-288.68980147659704,298.0,0.0,duct_filler,0,1247.0
-281.76159824632157,298.0,0.0,duct_filler,0,1247.0
-198.6231594830154,298.0,0.0,duct_filler,0,1247.0
-191.69495625273993,298.0,0.0,duct_filler,0,1247.0
-184.76675302246434,298.0,0.0,duct_filler,0,1247.0
-177.83854979218881,298.0,0.0,duct_filler,0,1247.0
-170.9103465619133,298.0,0.0,duct_filler,0,1247.0
-163.98214333163776,298.0,0.0,duct_filler,0,1247.0
-157.05394010136217,298.0,0.0,duct_filler,0,1247.0
-150.1257368710867,298.0,0.0,duct_filler,0,1247.0
-143.19753364081112,298.0,0.0,duct_filler,0,1247.0
-136.26933041053564,298.0,0.0,duct_filler,0,1247.0
-129.34112718026006,298.0,0.0,duct_filler,0,1247.0
-122.41292394998464,298.0,0.0,duct_filler,0,1247.0
-115.484720719709,298.0,0.0,duct_filler,0,1247.0
-108.55651748943353,298.0,0.0,duct_filler,0,1247.0
23.079343885801563,298.0,0.0,duct_filler,0,1247.0
30.00754711607692,298.0,0.0,duct_filler,0,1247.0
36.93575034635239,298.0,0.0,duct_filler,0,1247.0
43.863953576627864,298.0,0.0,duct_filler,0,1247.0
50.792156806903336,298.0,0.0,duct_filler,0,1247.0
71.57676649772975,298.0,0.0,duct_filler,0,1247.0
78.50496972800522,298.0,0.0,duct_filler,0,1247.0
85.4331729582807,298.0,0.0,duct_filler,0,1247.0
-382.2205450853163,292.0,0.0,duct_filler,0,1247.0
-375.29234185504083,292.0,0.0,duct_filler,0,1247.0
-368.36413862476525,292.0,0.0,duct_filler,0,1247.0
-361.4359353944898,292.0,0.0,duct_filler,0,1247.0
-354.5077321642143,292.0,0.0,duct_filler,0,1247.0
-347.57952893393883,292.0,0.0,duct_filler,0,1247.0
-340.6513257036633,292.0,0.0,duct_filler,0,1247.0
-333.72312247338783,292.0,0.0,duct_filler,0,1247.0
-326.7949192431123,292.0,0.0,duct_filler,0,1247.0
-312.9385127825613,292.0,0.0,duct_filler,0,1247.0
-306.01030955228583,292.0,0.0,duct_filler,0,1247.0
-299.0821063220103,292.0,0.0,duct_filler,0,1247.0
-292.15390309173483,292.0,0.0,duct_filler,0,1247.0
-285.22569986145925,292.0,0.0,duct_filler,0,1247.0
-278.29749663118383,292.0,0.0,duct_filler,0,1247.0
-195.15905786787755,291.99999999999994,0.0,duct_filler,0,1247.0
-188.23085463760208,291.99999999999994,0.0,duct_filler,0,1247.0
-181.30265140732655,291.99999999999994,0.0,duct_filler,0,1247.0
-174.37444817705102,291.99999999999994,0.0,duct_filler,0,1247.0
-167.4462449467755,291.99999999999994,0.0,duct_filler,0,1247.0
-160.51804171649997,291.99999999999994,0.0,duct_filler,0,1247.0
-153.58983848622438,291.99999999999994,0.0,duct_filler,0,1247.0
-146.6616352559489,291.99999999999994,0.0,duct_filler,0,1247.0
-139.73343202567332,291.99999999999994,0.0,duct_filler,0,1247.0
-132.8052287953978,291.99999999999994,0.0,duct_filler,0,1247.0
-125.87702556512232,291.99999999999994,0.0,duct_filler,0,1247.0
-118.9488223348468,291.99999999999994,0.0,duct_filler,0,1247.0
-112.02061910457127,291.99999999999994,0.0,duct_filler,0,1247.0
-105.09241587429574,291.99999999999994,0.0,duct_filler,0,1247.0
26.54344550093913,292.0,0.0,duct_filler,0,1247.0
33.4716487312146,292.0,0.0,duct_filler,0,1247.0
40.39985196149007,292.0,0.0,duct_filler,0,1247.0
47.32805519176554,292.0,0.0,duct_filler,0,1247.0
68.11266488259196,292.0,0.0,duct_filler,0,1247.0
75.04086811286754,292.0,0.0,duct_filler,0,1247.0
81.9690713431429,292.0,0.0,duct_filler,0,1247.0
88.89727457341837,292.0,0.0,duct_filler,0,1247.0
-378.75644347017857,286.0,0.0,duct_filler,0,1247.0
-371.8282402399031,286.0,0.0,duct_filler,0,1247.0
-364.90003700962757,286.0,0.0,duct_filler,0,1247.0
-357.9718337793521,286.0,0.0,duct_filler,0,1247.0
-351.0436305490765,286.0,0.0,duct_filler,0,1247.0
-344.11542731880104,286.0,0.0,duct_filler,0,1247.0
-337.18722408852557,286.0,0.0,duct_filler,0,1247.0
-302.54620793714804,286.0,0.0,duct_filler,0,1247.0
-295.61800470687257,286.0,0.0,duct_filler,0,1247.0
-288.68980147659704,286.0,0.0,duct_filler,0,1247.0
-281.76159824632157,286.0,0.0,duct_filler,0,1247.0
-274.8333950160461,286.0,0.0,duct_filler,0,1247.0
-191.69495625273993,286.0,0.0,duct_filler,0,1247.0
-184.76675302246434,286.0,0.0,duct_filler,0,1247.0
-177.83854979218881,286.0,0.0,duct_filler,0,1247.0
-170.9103465619133,286.0,0.0,duct_filler,0,1247.0
-163.98214333163776,286.0,0.0,duct_filler,0,1247.0
-157.05394010136217,286.0,0.0,duct_filler,0,1247.0
-150.1257368710867,286.0,0.0,duct_filler,0,1247.0
-143.19753364081112,286.0,0.0,duct_filler,0,1247.0
-136.26933041053564,286.0,0.0,duct_filler,0,1247.0
-129.34112718026006,286.0,0.0,duct_filler,0,1247.0
-122.41292394998464,286.0,0.0,duct_filler,0,1247.0
-115.484720719709,286.0,0.0,duct_filler,0,1247.0
-108.55651748943353,286.0,0.0,duct_filler,0,1247.0
-101.62831425915806,286.0,0.0,duct_filler,0,1247.0
30.00754711607692,286.0,0.0,duct_filler,0,1247.0
36.93575034635239,286.0,0.0,duct_filler,0,1247.0
71.57676649772975,286.0,0.0,duct_filler,0,1247.0
78.50496972800522,286.0,0.0,duct_filler,0,1247.0
85.4331729582807,286.0,0.0,duct_filler,0,1247.0
-375.29234185504083,280.0,0.0,duct_filler,0,1247.0
-368.36413862476525,280.0,0.0,duct_filler,0,1247.0
-361.4359353944898,280.0,0.0,duct_filler,0,1247.0
-354.5077321642143,280.0,0.0,duct_filler,0,1247.0
-347.57952893393883,280.0,0.0,duct_filler,0,1247.0
-340.6513257036633,280.0,0.0,duct_filler,0,1247.0
-299.0821063220103,280.0,0.0,duct_filler,0,1247.0
-292.15390309173483,280.0,0.0,duct_filler,0,1247.0
-285.22569986145925,280.0,0.0,duct_filler,0,1247.0
-278.29749663118383,280.0,0.0,duct_filler,0,1247.0
-271.3692934009083,280.0,0.0,duct_filler,0,1247.0
-188.23085463760208,280.0,0.0,duct_filler,0,1247.0
-181.30265140732655,280.0,0.0,duct_filler,0,1247.0
-174.37444817705102,280.0,0.0,duct_filler,0,1247.0
-167.4462449467755,280.0,0.0,duct_filler,0,1247.0
-160.51804171649997,280.0,0.0,duct_filler,0,1247.0
-153.58983848622438,280.0,0.0,duct_filler,0,1247.0
-146.6616352559489,280.0,0.0,duct_filler,0,1247.0
-139.73343202567332,280.0,0.0,duct_filler,0,1247.0
-132.8052287953978,280.0,0.0,duct_filler,0,1247.0
-125.87702556512232,280.0,0.0,duct_filler,0,1247.0
-118.9488223348468,280.0,0.0,duct_filler,0,1247.0
-112.02061910457127,280.0,0.0,duct_filler,0,1247.0
-105.09241587429574,280.0,0.0,duct_filler,0,1247.0
-98.1642126440201,280.0,0.0,duct_filler,0,1247.0
68.11266488259196,280.0,0.0,duct_filler,0,1247.0
75.04086811286754,280.0,0.0,duct_filler,0,1247.0
81.9690713431429,280.0,0.0,duct_filler,0,1247.0
-371.8282402399031,274.0,0.0,duct_filler,0,1247.0
-364.90003700962757,274.0,0.0,duct_filler,0,1247.0
-357.9718337793521,274.0,0.0,duct_filler,0,1247.0
-295.61800470687257,274.0,0.0,duct_filler,0,1247.0
-288.68980147659704,274.0,0.0,duct_filler,0,1247.0
-281.76159824632157,274.0,0.0,duct_filler,0,1247.0
-274.8333950160461,274.0,0.0,duct_filler,0,1247.0
-184.76675302246434,274.0,0.0,duct_filler,0,1247.0
-177.83854979218881,274.0,0.0,duct_filler,0,1247.0
-170.9103465619133,274.0,0.0,duct_filler,0,1247.0
-163.98214333163776,274.0,0.0,duct_filler,0,1247.0
-157.05394010136217,274.0,0.0,duct_filler,0,1247.0
-150.1257368710867,274.0,0.0,duct_filler,0,1247.0
-143.19753364081112,274.0,0.0,duct_filler,0,1247.0
-136.26933041053564,274.0,0.0,duct_filler,0,1247.0
-129.34112718026006,274.0,0.0,duct_filler,0,1247.0
-122.41292394998464,274.0,0.0,duct_filler,0,1247.0
-115.484720719709,274.0,0.0,duct_filler,0,1247.0
-108.55651748943353,274.0,0.0,duct_filler,0,1247.0
-101.62831425915806,274.0,0.0,duct_filler,0,1247.0
64.64856326745439,274.0,0.0,duct_filler,0,1247.0
71.57676649772975,274.0,0.0,duct_filler,0,1247.0
78.50496972800522,274.0,0.0,duct_filler,0,1247.0
85.4331729582807,274.0,0.0,duct_filler,0,1247.0
-361.4359353944898,268.0,0.0,duct_filler,0,1247.0
-354.5077321642143,268.0,0.0,duct_filler,0,1247.0
-347.57952893393883,268.0,0.0,duct_filler,0,1247.0
-285.22569986145925,268.0,0.0,duct_filler,0,1247.0
-278.29749663118383,268.0,0.0,duct_filler,0,1247.0
-271.3692934009083,268.0,0.0,duct_filler,0,1247.0
-174.37444817705102,268.0,0.0,duct_filler,0,1247.0
-167.4462449467755,268.0,0.0,duct_filler,0,1247.0
-160.51804171649997,268.0,0.0,duct_filler,0,1247.0
-153.58983848622438,268.0,0.0,duct_filler,0,1247.0
-146.6616352559489,268.0,0.0,duct_filler,0,1247.0
-139.73343202567332,268.0,0.0,duct_filler,0,1247.0
-132.8052287953978,268.0,0.0,duct_filler,0,1247.0
-125.87702556512232,268.0,0.0,duct_filler,0,1247.0
-118.9488223348468,268.0,0.0,duct_filler,0,1247.0
-112.02061910457127,268.0,0.0,duct_filler,0,1247.0
-105.09241587429574,268.0,0.0,duct_filler,0,1247.0
-98.1642126440201,268.0,0.0,duct_filler,0,1247.0
75.04086811286754,268.00000000000006,0.0,duct_filler,0,1247.0
-357.9718337793521,262.0,0.0,duct_filler,0,1247.0
-351.0436305490765,262.0,0.0,duct_filler,0,1247.0
-281.76159824632157,262.0,0.0,duct_filler,0,1247.0
-274.8333950160461,262.0,0.0,duct_filler,0,1247.0
-267.9051917857706,262.0,0.0,duct_filler,0,1247.0
-163.98214333163776,262.0,0.0,duct_filler,0,1247.0
-157.05394010136217,262.0,0.0,duct_filler,0,1247.0
-150.1257368710867,262.0,0.0,duct_filler,0,1247.0
-143.19753364081112,262.0,0.0,duct_filler,0,1247.0
-136.26933041053564,262.0,0.0,duct_filler,0,1247.0
-129.34112718026006,262.0,0.0,duct_filler,0,1247.0
-122.41292394998464,262.0,0.0,duct_filler,0,1247.0
-115.484720719709,262.0,0.0,duct_filler,0,1247.0
-108.55651748943353,262.0,0.0,duct_filler,0,1247.0
-101.62831425915806,262.0,0.0,duct_filler,0,1247.0
-94.70011102888253,262.0,0.0,duct_filler,0,1247.0
-285.22569986145925,256.0,0.0,duct_filler,0,1247.0
-278.29749663118383,256.0,0.0,duct_filler,0,1247.0
-271.3692934009083,256.0,0.0,duct_filler,0,1247.0
-236.72827724953078,256.0,0.0,duct_filler,0,1247.0
-229.80007401925525,256.0,0.0,duct_filler,0,1247.0
-153.58983848622438,256.0,0.0,duct_filler,0,1247.0
-146.6616352559489,256.0,0.0,duct_filler,0,1247.0
-139.73343202567332,256.0,0.0,duct_filler,0,1247.0
-132.8052287953978,256.0,0.0,duct_filler,0,1247.0
-125.87702556512232,256.0,0.0,duct_filler,0,1247.0
-118.9488223348468,256.0,0.0,duct_filler,0,1247.0
-112.02061910457127,256.0,0.0,duct_filler,0,1247.0
-105.09241587429574,256.0,0.0,duct_filler,0,1247.0
-98.1642126440201,256.0,0.0,duct_filler,0,1247.0
-91.23600941374474,256.0,0.0,duct_filler,0,1247.0
-84.30780618346921,256.0,0.0,duct_filler,0,1247.0
-281.76159824632157,249.99999999999997,0.0,duct_filler,0,1247.0
-274.8333950160461,249.99999999999997,0.0,duct_filler,0,1247.0
-247.12058209494404,249.99999999999997,0.0,duct_filler,0,1247.0
-240.19237886466857,250.00000000000003,0.0,duct_filler,0,1247.0
-233.26417563439304,250.00000000000003,0.0,duct_filler,0,1247.0
-226.3359724041175,250.00000000000003,0.0,duct_filler,0,1247.0
-150.1257368710867,250.00000000000003,0.0,duct_filler,0,1247.0
-143.19753364081112,250.00000000000003,0.0,duct_filler,0,1247.0
-136.26933041053564,250.00000000000003,0.0,duct_filler,0,1247.0
-129.34112718026006,250.00000000000003,0.0,duct_filler,0,1247.0
-122.41292394998464,250.00000000000003,0.0,duct_filler,0,1247.0
-115.484720719709,250.00000000000003,0.0,duct_filler,0,1247.0
-108.55651748943353,250.00000000000003,0.0,duct_filler,0,1247.0
-101.62831425915806,250.00000000000003,0.0,duct_filler,0,1247.0
-94.70011102888253,250.00000000000003,0.0,duct_filler,0,1247.0
-87.77190779860695,250.00000000000003,0.0,duct_filler,0,1247.0
-80.84370456833142,250.00000000000003,0.0,duct_filler,0,1247.0
-39.27448518667825,250.00000000000003,0.0,duct_filler,0,1247.0
-11.561672265576135,250.00000000000003,0.0,duct_filler,0,1247.0
-250.58468371008178,244.0,0.0,duct_filler,0,1247.0
-243.6564804798063,244.00000000000006,0.0,duct_filler,0,1247.0
-236.72827724953078,244.0,0.0,duct_filler,0,1247.0
-229.80007401925525,244.0,0.0,duct_filler,0,1247.0
-222.87187078897972,244.0,0.0,duct_filler,0,1247.0
-146.6616352559489,244.0,0.0,duct_filler,0,1247.0
-139.73343202567332,244.0,0.0,duct_filler,0,1247.0
-132.8052287953978,244.0,0.0,duct_filler,0,1247.0
-125.87702556512232,244.0,0.0,duct_filler,0,1247.0
-118.9488223348468,244.0,0.0,duct_filler,0,1247.0
-112.02061910457127,244.0,0.0,duct_filler,0,1247.0
-105.09241587429574,244.0,0.0,duct_filler,0,1247.0
-98.1642126440201,244.0,0.0,duct_filler,0,1247.0
-91.23600941374474,244.0,0.0,duct_filler,0,1247.0
-84.30780618346921,244.0,0.0,duct_filler,0,1247.0
-77.37960295319363,244.0,0.0,duct_filler,0,1247.0
-42.738586801815984,244.0,0.0,duct_filler,0,1247.0
-35.810383571540456,244.0,0.0,duct_filler,0,1247.0
-15.025773880713814,244.0,0.0,duct_filler,0,1247.0
-8.097570650438342,244.0,0.0,duct_filler,0,1247.0
-1.1693674201628141,244.0,0.0,duct_filler,0,1247.0
-288.68980147659704,238.0,0.0,duct_filler,0,1247.0
-281.76159824632157,238.0,0.0,duct_filler,0,1247.0
-254.04878532521957,238.0,0.0,duct_filler,0,1247.0
-247.12058209494404,238.0,0.0,duct_filler,0,1247.0
-240.19237886466857,238.0,0.0,duct_filler,0,1247.0
-233.26417563439304,238.0,0.0,duct_filler,0,1247.0
-226.3359724041175,238.0,0.0,duct_filler,0,1247.0
-219.40776917384198,238.0,0.0,duct_filler,0,1247.0
-143.19753364081112,238.0,0.0,duct_filler,0,1247.0
-136.26933041053564,238.0,0.0,duct_filler,0,1247.0
-129.34112718026006,238.0,0.0,duct_filler,0,1247.0
-122.41292394998464,238.0,0.0,duct_filler,0,1247.0
-115.484720719709,238.0,0.0,duct_filler,0,1247.0
-108.55651748943353,238.0,0.0,duct_filler,0,1247.0
-101.62831425915806,238.0,0.0,duct_filler,0,1247.0
-94.70011102888253,238.0,0.0,duct_filler,0,1247.0
-87.77190779860695,238.0,0.0,duct_filler,0,1247.0
-80.84370456833142,238.0,0.0,duct_filler,0,1247.0
-73.91550133805589,238.0,0.0,duct_filler,0,1247.0
-66.9872981077803,238.0,0.0,duct_filler,0,1247.0
-46.20268841695378,238.0,0.0,duct_filler,0,1247.0
-39.27448518667825,238.0,0.0,duct_filler,0,1247.0
-32.34628195640266,238.0,0.0,duct_filler,0,1247.0
-18.489875495851663,238.0,0.0,duct_filler,0,1247.0
-11.561672265576135,238.0,0.0,duct_filler,0,1247.0
-4.633469035300607,238.0,0.0,duct_filler,0,1247.0
2.2947341949749784,238.0,0.0,duct_filler,0,1247.0
9.222937425250507,238.0,0.0,duct_filler,0,1247.0
-292.15390309173483,232.0,0.0,duct_filler,0,1247.0
-285.22569986145925,232.0,0.0,duct_filler,0,1247.0
-278.29749663118383,232.0,0.0,duct_filler,0,1247.0
-271.3692934009083,232.0,0.0,duct_filler,0,1247.0
-250.58468371008178,232.0,0.0,duct_filler,0,1247.0
-243.6564804798063,231.99999999999994,0.0,duct_filler,0,1247.0
-236.72827724953078,232.0,0.0,duct_filler,0,1247.0
-229.80007401925525,232.0,0.0,duct_filler,0,1247.0
-222.87187078897972,232.0,0.0,duct_filler,0,1247.0
-215.9436675587042,232.0,0.0,duct_filler,0,1247.0
-139.73343202567332,232.0,0.0,duct_filler,0,1247.0
-132.8052287953978,232.0,0.0,duct_filler,0,1247.0
-125.87702556512232,232.0,0.0,duct_filler,0,1247.0
-118.9488223348468,232.0,0.0,duct_filler,0,1247.0
-112.02061910457127,232.0,0.0,duct_filler,0,1247.0
-105.09241587429574,232.0,0.0,duct_filler,0,1247.0
-98.1642126440201,232.0,0.0,duct_filler,0,1247.0
-91.23600941374474,232.0,0.0,duct_filler,0,1247.0
-84.30780618346921,232.0,0.0,duct_filler,0,1247.0
-77.37960295319363,232.0,0.0,duct_filler,0,1247.0
-70.4513997229181,232.0,0.0,duct_filler,0,1247.0
-42.738586801815984,232.0,0.0,duct_filler,0,1247.0
-35.810383571540456,232.0,0.0,duct_filler,0,1247.0
-21.953977110989342,232.0,0.0,duct_filler,0,1247.0
-15.025773880713814,232.0,0.0,duct_filler,0,1247.0
-8.097570650438342,232.0,0.0,duct_filler,0,1247.0
-1.1693674201628141,232.0,0.0,duct_filler,0,1247.0
5.758835810112714,232.0,0.0,duct_filler,0,1247.0
-288.68980147659704,226.0,0.0,duct_filler,0,1247.0
-281.76159824632157,226.0,0.0,duct_filler,0,1247.0
-274.8333950160461,226.0,0.0,duct_filler,0,1247.0
-267.9051917857706,226.0,0.0,duct_filler,0,1247.0
-254.04878532521957,226.0,0.0,duct_filler,0,1247.0
-247.12058209494404,226.0,0.0,duct_filler,0,1247.0
-240.19237886466857,226.00000000000006,0.0,duct_filler,0,1247.0
-233.26417563439304,226.00000000000006,0.0,duct_filler,0,1247.0
-226.3359724041175,226.00000000000006,0.0,duct_filler,0,1247.0
-219.40776917384198,226.00000000000006,0.0,duct_filler,0,1247.0
-129.34112718026006,226.00000000000006,0.0,duct_filler,0,1247.0
-122.41292394998464,226.00000000000006,0.0,duct_filler,0,1247.0
-115.484720719709,226.00000000000006,0.0,duct_filler,0,1247.0
-108.55651748943353,226.00000000000006,0.0,duct_filler,0,1247.0
-101.62831425915806,226.00000000000006,0.0,duct_filler,0,1247.0
-94.70011102888253,226.00000000000006,0.0,duct_filler,0,1247.0
-87.77190779860695,226.00000000000006,0.0,duct_filler,0,1247.0
-80.84370456833142,226.00000000000006,0.0,duct_filler,0,1247.0
-73.91550133805589,226.00000000000006,0.0,duct_filler,0,1247.0
-66.9872981077803,226.00000000000006,0.0,duct_filler,0,1247.0
-46.20268841695378,226.00000000000006,0.0,duct_filler,0,1247.0
-39.27448518667825,226.00000000000006,0.0,duct_filler,0,1247.0
-32.34628195640266,226.00000000000006,0.0,duct_filler,0,1247.0
-25.41807872612725,226.00000000000006,0.0,duct_filler,0,1247.0
-18.489875495851663,226.00000000000006,0.0,duct_filler,0,1247.0
-11.561672265576135,226.00000000000006,0.0,duct_filler,0,1247.0
-4.633469035300607,226.00000000000006,0.0,duct_filler,0,1247.0
2.2947341949749784,226.00000000000006,0.0,duct_filler,0,1247.0
9.222937425250507,226.00000000000006,0.0,duct_filler,0,1247.0
-292.15390309173483,220.0,0.0,duct_filler,0,1247.0
-285.22569986145925,220.0,0.0,duct_filler,0,1247.0
-278.29749663118383,220.0,0.0,duct_filler,0,1247.0
-271.3692934009083,220.0,0.0,duct_filler,0,1247.0
-250.58468371008178,220.0,0.0,duct_filler,0,1247.0
-243.6564804798063,220.0,0.0,duct_filler,0,1247.0
-236.72827724953078,220.00000000000006,0.0,duct_filler,0,1247.0
-229.80007401925525,220.00000000000006,0.0,duct_filler,0,1247.0
-222.87187078897972,220.00000000000006,0.0,duct_filler,0,1247.0
-215.9436675587042,220.00000000000006,0.0,duct_filler,0,1247.0
-118.9488223348468,220.00000000000006,0.0,duct_filler,0,1247.0
-112.02061910457127,220.00000000000006,0.0,duct_filler,0,1247.0
-105.09241587429574,220.00000000000006,0.0,duct_filler,0,1247.0
-98.1642126440201,220.00000000000006,0.0,duct_filler,0,1247.0
-91.23600941374474,220.00000000000006,0.0,duct_filler,0,1247.0
-84.30780618346921,220.00000000000006,0.0,duct_filler,0,1247.0
-77.37960295319363,220.00000000000006,0.0,duct_filler,0,1247.0
-70.4513997229181,220.00000000000006,0.0,duct_filler,0,1247.0
-63.523196492642626,220.00000000000006,0.0,duct_filler,0,1247.0
-56.5949932623671,220.00000000000006,0.0,duct_filler,0,1247.0
-49.66679003209157,220.00000000000006,0.0,duct_filler,0,1247.0
-42.738586801815984,220.00000000000006,0.0,duct_filler,0,1247.0
-35.810383571540456,220.00000000000006,0.0,duct_filler,0,1247.0
-28.882180341264927,220.00000000000006,0.0,duct_filler,0,1247.0
-21.953977110989342,220.00000000000006,0.0,duct_filler,0,1247.0
-15.025773880713814,220.00000000000006,0.0,duct_filler,0,1247.0
-8.097570650438342,220.00000000000006,0.0,duct_filler,0,1247.0
-1.1693674201628141,220.00000000000006,0.0,duct_filler,0,1247.0
5.758835810112714,220.00000000000006,0.0,duct_filler,0,1247.0
-288.68980147659704,214.0,0.0,duct_filler,0,1247.0
-281.76159824632157,214.0,0.0,duct_filler,0,1247.0
-274.8333950160461,214.0,0.0,duct_filler,0,1247.0
-267.9051917857706,214.0,0.0,duct_filler,0,1247.0
-247.12058209494404,214.0,0.0,duct_filler,0,1247.0
-240.19237886466857,214.0,0.0,duct_filler,0,1247.0
-233.26417563439304,214.0,0.0,duct_filler,0,1247.0
-226.3359724041175,214.0,0.0,duct_filler,0,1247.0
-219.40776917384198,214.0,0.0,duct_filler,0,1247.0
-115.484720719709,214.0,0.0,duct_filler,0,1247.0
-108.55651748943353,214.0,0.0,duct_filler,0,1247.0
-101.62831425915806,214.0,0.0,duct_filler,0,1247.0
-94.70011102888253,214.0,0.0,duct_filler,0,1247.0
-87.77190779860695,214.0,0.0,duct_filler,0,1247.0
-80.84370456833142,214.0,0.0,duct_filler,0,1247.0
-73.91550133805589,214.0,0.0,duct_filler,0,1247.0
-66.9872981077803,214.0,0.0,duct_filler,0,1247.0
-60.059094877504776,214.0,0.0,duct_filler,0,1247.0
-53.130891647229305,214.0,0.0,duct_filler,0,1247.0
-46.20268841695378,214.0,0.0,duct_filler,0,1247.0
-39.27448518667825,214.0,0.0,duct_filler,0,1247.0
-32.34628195640266,214.0,0.0,duct_filler,0,1247.0
-25.41807872612725,214.0,0.0,duct_filler,0,1247.0
-18.489875495851663,214.0,0.0,duct_filler,0,1247.0
-11.561672265576135,214.0,0.0,duct_filler,0,1247.0
-4.633469035300607,214.0,0.0,duct_filler,0,1247.0
2.2947341949749784,214.0,0.0,duct_filler,0,1247.0
-479.2153903091735,208.0,0.0,duct_filler,0,1247.0
-292.15390309173483,208.0,0.0,duct_filler,0,1247.0
-285.22569986145925,208.0,0.0,duct_filler,0,1247.0
-278.29749663118383,208.0,0.0,duct_filler,0,1247.0
-271.3692934009083,208.0,0.0,duct_filler,0,1247.0
-250.58468371008178,208.0,0.0,duct_filler,0,1247.0
-243.6564804798063,208.0,0.0,duct_filler,0,1247.0
-236.72827724953078,208.0,0.0,duct_filler,0,1247.0
-229.80007401925525,208.0,0.0,duct_filler,0,1247.0
-222.87187078897972,208.0,0.0,duct_filler,0,1247.0
-215.9436675587042,208.0,0.0,duct_filler,0,1247.0
-105.09241587429574,208.0,0.0,duct_filler,0,1247.0
-98.1642126440201,208.0,0.0,duct_filler,0,1247.0
-91.23600941374474,208.0,0.0,duct_filler,0,1247.0
-84.30780618346921,208.0,0.0,duct_filler,0,1247.0
-77.37960295319363,208.0,0.0,duct_filler,0,1247.0
-70.4513997229181,208.0,0.0,duct_filler,0,1247.0
-63.523196492642626,208.0,0.0,duct_filler,0,1247.0
-56.5949932623671,208.0,0.0,duct_filler,0,1247.0
-49.66679003209157,208.0,0.0,duct_filler,0,1247.0
-42.738586801815984,208.0,0.0,duct_filler,0,1247.0
-35.810383571540456,208.0,0.0,duct_filler,0,1247.0
-28.882180341264927,208.0,0.0,duct_filler,0,1247.0
-21.953977110989342,208.0,0.0,duct_filler,0,1247.0
-15.025773880713814,208.0,0.0,duct_filler,0,1247.0
-8.097570650438342,208.0,0.0,duct_filler,0,1247.0
-1.1693674201628141,208.0,0.0,duct_filler,0,1247.0
338.31259086333534,208.0,0.0,duct_filler,0,1247.0
345.2407940936107,208.0,0.0,duct_filler,0,1247.0
352.1689973238865,208.0,0.0,duct_filler,0,1247.0
-496.53589838486226,202.0,0.0,duct_filler,0,1247.0
-482.6794919243112,202.00000000000006,0.0,duct_filler,0,1247.0
-475.75128869403574,202.0,0.0,duct_filler,0,1247.0
-288.68980147659704,201.99999999999994,0.0,duct_filler,0,1247.0
-281.76159824632157,201.99999999999994,0.0,duct_filler,0,1247.0
-274.8333950160461,201.99999999999994,0.0,duct_filler,0,1247.0
-267.9051917857706,201.99999999999994,0.0,duct_filler,0,1247.0
-247.12058209494404,201.99999999999994,0.0,duct_filler,0,1247.0
-240.19237886466857,201.99999999999994,0.0,duct_filler,0,1247.0
-233.26417563439304,201.99999999999994,0.0,duct_filler,0,1247.0
-226.3359724041175,201.99999999999994,0.0,duct_filler,0,1247.0
-219.40776917384198,201.99999999999994,0.0,duct_filler,0,1247.0
-87.77190779860695,201.99999999999994,0.0,duct_filler,0,1247.0
-80.84370456833142,201.99999999999994,0.0,duct_filler,0,1247.0
-73.91550133805589,201.99999999999994,0.0,duct_filler,0,1247.0
-66.9872981077803,201.99999999999994,0.0,duct_filler,0,1247.0
-60.059094877504776,201.99999999999994,0.0,duct_filler,0,1247.0
-53.130891647229305,201.99999999999994,0.0,duct_filler,0,1247.0
-46.20268841695378,201.99999999999994,0.0,duct_filler,0,1247.0
-39.27448518667825,201.99999999999994,0.0,duct_filler,0,1247.0
-32.34628195640266,201.99999999999994,0.0,duct_filler,0,1247.0
-25.41807872612725,201.99999999999994,0.0,duct_filler,0,1247.0
341.77669247847336,202.0,0.0,duct_filler,0,1247.0
348.70489570874884,202.0,0.0,duct_filler,0,1247.0
355.6330989390242,202.0,0.0,duct_filler,0,1247.0
362.56130216929967,202.0,0.0,duct_filler,0,1247.0
376.4177086298505,202.0,0.0,duct_filler,0,1247.0
383.34591186012597,202.0,0.0,duct_filler,0,1247.0
390.27411509040144,202.0,0.0,duct_filler,0,1247.0
397.2023183206768,202.0,0.0,duct_filler,0,1247.0
404.1305215509524,202.0,0.0,duct_filler,0,1247.0
-500.0,195.99999999999994,0.0,duct_filler,0,1247.0
-493.0717967697245,196.0,0.0,duct_filler,0,1247.0
-486.143593539449,196.0,0.0,duct_filler,0,1247.0
-479.2153903091735,196.0,0.0,duct_filler,0,1247.0
-472.28718707889794,196.0,0.0,duct_filler,0,1247.0
-292.15390309173483,196.0,0.0,duct_filler,0,1247.0
-285.22569986145925,196.0,0.0,duct_filler,0,1247.0
-278.29749663118383,196.0,0.0,duct_filler,0,1247.0
-271.3692934009083,196.0,0.0,duct_filler,0,1247.0
-243.6564804798063,196.0,0.0,duct_filler,0,1247.0
-236.72827724953078,195.99999999999994,0.0,duct_filler,0,1247.0
-229.80007401925525,195.99999999999994,0.0,duct_filler,0,1247.0
-222.87187078897972,195.99999999999994,0.0,duct_filler,0,1247.0
-132.8052287953978,195.99999999999994,0.0,duct_filler,0,1247.0
-77.37960295319363,195.99999999999994,0.0,duct_filler,0,1247.0
-70.4513997229181,195.99999999999994,0.0,duct_filler,0,1247.0
-63.523196492642626,195.99999999999994,0.0,duct_filler,0,1247.0
-56.5949932623671,195.99999999999994,0.0,duct_filler,0,1247.0
-49.66679003209157,195.99999999999994,0.0,duct_filler,0,1247.0
-42.738586801815984,195.99999999999994,0.0,duct_filler,0,1247.0
-35.810383571540456,195.99999999999994,0.0,duct_filler,0,1247.0
-28.882180341264927,195.99999999999994,0.0,duct_filler,0,1247.0
19.615242270663657,196.0,0.0,duct_filler,0,1247.0
26.54344550093913,196.0,0.0,duct_filler,0,1247.0
33.4716487312146,196.0,0.0,duct_filler,0,1247.0
345.2407940936107,196.0,0.0,duct_filler,0,1247.0
352.1689973238865,196.0,0.0,duct_filler,0,1247.0
359.097200554162,196.0,0.0,duct_filler,0,1247.0
366.02540378443734,196.0,0.0,duct_filler,0,1247.0
372.9536070147128,196.0,0.0,duct_filler,0,1247.0
379.8818102449883,196.0,0.0,duct_filler,0,1247.0
386.81001347526364,196.0,0.0,duct_filler,0,1247.0
393.7382167055391,196.0,0.0,duct_filler,0,1247.0
400.6664199358146,196.0,0.0,duct_filler,0,1247.0
407.5946231660902,196.0,0.0,duct_filler,0,1247.0
414.52282639636553,196.0,0.0,duct_filler,0,1247.0
421.451029626641,196.0,0.0,duct_filler,0,1247.0
-496.53589838486226,190.0,0.0,duct_filler,0,1247.0
-489.60769515458674,190.0,0.0,duct_filler,0,1247.0
-482.6794919243112,190.0,0.0,duct_filler,0,1247.0
-475.75128869403574,190.0,0.0,duct_filler,0,1247.0
-468.8230854637602,189.99999999999994,0.0,duct_filler,0,1247.0
-461.89488223348474,190.00000000000006,0.0,duct_filler,0,1247.0
-295.61800470687257,190.0,0.0,duct_filler,0,1247.0
-288.68980147659704,190.0,0.0,duct_filler,0,1247.0
-281.76159824632157,190.0,0.0,duct_filler,0,1247.0
-240.19237886466857,189.99999999999994,0.0,duct_filler,0,1247.0
-233.26417563439304,189.99999999999994,0.0,duct_filler,0,1247.0
-226.3359724041175,189.99999999999994,0.0,duct_filler,0,1247.0
-136.26933041053564,189.99999999999994,0.0,duct_filler,0,1247.0
-129.34112718026006,189.99999999999994,0.0,duct_filler,0,1247.0
-122.41292394998464,189.99999999999994,0.0,duct_filler,0,1247.0
-60.059094877504776,189.99999999999994,0.0,duct_filler,0,1247.0
-53.130891647229305,189.99999999999994,0.0,duct_filler,0,1247.0
-46.20268841695378,189.99999999999994,0.0,duct_filler,0,1247.0
-39.27448518667825,189.99999999999994,0.0,duct_filler,0,1247.0
-32.34628195640266,189.99999999999994,0.0,duct_filler,0,1247.0
-25.41807872612725,189.99999999999994,0.0,duct_filler,0,1247.0
23.079343885801563,190.0,0.0,duct_filler,0,1247.0
30.00754711607692,190.0,0.0,duct_filler,0,1247.0
36.93575034635239,190.0,0.0,duct_filler,0,1247.0
43.863953576627864,190.0,0.0,duct_filler,0,1247.0
334.84848924819755,190.0,0.0,duct_filler,0,1247.0
341.77669247847336,190.0,0.0,duct_filler,0,1247.0
348.70489570874884,190.0,0.0,duct_filler,0,1247.0
369.48950539957514,190.0,0.0,duct_filler,0,1247.0
376.4177086298505,190.0,0.0,duct_filler,0,1247.0
383.34591186012597,190.0,0.0,duct_filler,0,1247.0
390.27411509040144,190.0,0.0,duct_filler,0,1247.0
397.2023183206768,190.0,0.0,duct_filler,0,1247.0
404.1305215509524,190.0,0.0,duct_filler,0,1247.0
411.05872478122785,190.0,0.0,duct_filler,0,1247.0
417.9869280115033,190.0,0.0,duct_filler,0,1247.0
424.9151312417787,190.0,0.0,duct_filler,0,1247.0
431.8433344720544,190.0,0.0,duct_filler,0,1247.0
-500.0,184.0,0.0,duct_filler,0,1247.0
-493.0717967697245,184.00000000000006,0.0,duct_filler,0,1247.0
-486.143593539449,184.00000000000006,0.0,duct_filler,0,1247.0
-479.2153903091735,184.0,0.0,duct_filler,0,1247.0
-472.28718707889794,184.0,0.0,duct_filler,0,1247.0
-465.3589838486225,184.0,0.0,duct_filler,0,1247.0
-306.01030955228583,184.00000000000006,0.0,duct_filler,0,1247.0
-160.51804171649997,183.99999999999994,0.0,duct_filler,0,1247.0
-153.58983848622438,183.99999999999994,0.0,duct_filler,0,1247.0
-146.6616352559489,183.99999999999994,0.0,duct_filler,0,1247.0
-139.73343202567332,183.99999999999994,0.0,duct_filler,0,1247.0
-132.8052287953978,183.99999999999994,0.0,duct_filler,0,1247.0
-125.87702556512232,183.99999999999994,0.0,duct_filler,0,1247.0
-118.9488223348468,183.99999999999994,0.0,duct_filler,0,1247.0
-56.5949932623671,183.99999999999994,0.0,duct_filler,0,1247.0
-49.66679003209157,183.99999999999994,0.0,duct_filler,0,1247.0
-42.738586801815984,183.99999999999994,0.0,duct_filler,0,1247.0
-35.810383571540456,183.99999999999994,0.0,duct_filler,0,1247.0
-28.882180341264927,183.99999999999994,0.0,duct_filler,0,1247.0
-21.953977110989342,183.99999999999994,0.0,duct_filler,0,1247.0
26.54344550093913,183.9999999999999,0.0,duct_filler,0,1247.0
33.4716487312146,183.9999999999999,0.0,duct_filler,0,1247.0
40.39985196149007,183.9999999999999,0.0,duct_filler,0,1247.0
47.32805519176554,183.9999999999999,0.0,duct_filler,0,1247.0
324.4561844027844,183.9999999999999,0.0,duct_filler,0,1247.0
331.3843876330599,183.9999999999999,0.0,duct_filler,0,1247.0
338.31259086333534,183.9999999999999,0.0,duct_filler,0,1247.0
345.2407940936107,183.9999999999999,0.0,duct_filler,0,1247.0
352.1689973238865,183.9999999999999,0.0,duct_filler,0,1247.0
372.9536070147128,183.9999999999999,0.0,duct_filler,0,1247.0
379.8818102449883,183.9999999999999,0.0,duct_filler,0,1247.0
386.81001347526364,183.9999999999999,0.0,duct_filler,0,1247.0
393.7382167055391,183.9999999999999,0.0,duct_filler,0,1247.0
400.6664199358146,183.9999999999999,0.0,duct_filler,0,1247.0
407.5946231660902,183.9999999999999,0.0,duct_filler,0,1247.0
414.52282639636553,183.9999999999999,0.0,duct_filler,0,1247.0
421.451029626641,183.9999999999999,0.0,duct_filler,0,1247.0
428.3792328569165,183.9999999999999,0.0,duct_filler,0,1247.0
435.30743608719183,183.9999999999999,0.0,duct_filler,0,1247.0
442.2356393174673,183.9999999999999,0.0,duct_filler,0,1247.0
-496.53589838486226,178.0,0.0,duct_filler,0,1247.0
-489.60769515458674,178.0,0.0,duct_filler,0,1247.0
-482.6794919243112,177.99999999999994,0.0,duct_filler,0,1247.0
-475.75128869403574,178.0,0.0,duct_filler,0,1247.0
-468.8230854637602,178.0,0.0,duct_filler,0,1247.0
-461.89488223348474,178.0,0.0,duct_filler,0,1247.0
-309.47441116742357,178.0,0.0,duct_filler,0,1247.0
-302.54620793714804,178.0,0.0,duct_filler,0,1247.0
-295.61800470687257,178.0,0.0,duct_filler,0,1247.0
-157.05394010136217,178.0,0.0,duct_filler,0,1247.0
-150.1257368710867,178.0,0.0,duct_filler,0,1247.0
-143.19753364081112,178.0,0.0,duct_filler,0,1247.0
-136.26933041053564,178.0,0.0,duct_filler,0,1247.0
-129.34112718026006,178.0,0.0,duct_filler,0,1247.0
-122.41292394998464,178.0,0.0,duct_filler,0,1247.0
-115.484720719709,178.0,0.0,duct_filler,0,1247.0
-46.20268841695378,178.0,0.0,duct_filler,0,1247.0
-39.27448518667825,178.0,0.0,duct_filler,0,1247.0
-25.41807872612725,178.0,0.0,duct_filler,0,1247.0
23.079343885801563,178.0,0.0,duct_filler,0,1247.0
30.00754711607692,178.0,0.0,duct_filler,0,1247.0
36.93575034635239,178.0,0.0,duct_filler,0,1247.0
43.863953576627864,178.0,0.0,duct_filler,0,1247.0
50.792156806903336,178.0,0.0,duct_filler,0,1247.0
78.50496972800522,178.0,0.0,duct_filler,0,1247.0
85.4331729582807,178.0,0.0,duct_filler,0,1247.0
92.36137618855616,178.0,0.0,duct_filler,0,1247.0
182.4280181821373,178.0,0.0,duct_filler,0,1247.0
189.35622141241265,178.0,0.0,duct_filler,0,1247.0
265.56645694544295,178.0,0.0,duct_filler,0,1247.0
300.2074730968204,178.0,0.0,duct_filler,0,1247.0
307.13567632709567,178.0,0.0,duct_filler,0,1247.0
314.06387955737125,178.0,0.0,duct_filler,0,1247.0
320.9920827876467,178.0,0.0,duct_filler,0,1247.0
327.92028601792254,178.0,0.0,duct_filler,0,1247.0
334.84848924819755,178.0,0.0,duct_filler,0,1247.0
341.77669247847336,178.0,0.0,duct_filler,0,1247.0
348.70489570874884,178.0,0.0,duct_filler,0,1247.0
355.6330989390242,178.0,0.0,duct_filler,0,1247.0
376.4177086298505,178.0,0.0,duct_filler,0,1247.0
383.34591186012597,178.0,0.0,duct_filler,0,1247.0
390.27411509040144,178.0,0.0,duct_filler,0,1247.0
397.2023183206768,178.0,0.0,duct_filler,0,1247.0
404.1305215509524,178.0,0.0,duct_filler,0,1247.0
411.05872478122785,178.0,0.0,duct_filler,0,1247.0
417.9869280115033,178.0,0.0,duct_filler,0,1247.0
424.9151312417787,178.0,0.0,duct_filler,0,1247.0
431.8433344720544,178.0,0.0,duct_filler,0,1247.0
438.77153770232974,178.0,0.0,duct_filler,0,1247.0
445.6997409326052,178.0,0.0,duct_filler,0,1247.0
-500.0,171.99999999999994,0.0,duct_filler,0,1247.0
-493.0717967697245,171.99999999999994,0.0,duct_filler,0,1247.0
-486.143593539449,172.0,0.0,duct_filler,0,1247.0
-479.2153903091735,171.99999999999994,0.0,duct_filler,0,1247.0
-472.28718707889794,171.99999999999994,0.0,duct_filler,0,1247.0
-465.3589838486225,171.99999999999994,0.0,duct_filler,0,1247.0
-340.6513257036633,172.0,0.0,duct_filler,0,1247.0
-333.72312247338783,172.0,0.0,duct_filler,0,1247.0
-306.01030955228583,172.0,0.0,duct_filler,0,1247.0
-299.0821063220103,172.0,0.0,duct_filler,0,1247.0
-153.58983848622438,171.99999999999994,0.0,duct_filler,0,1247.0
-146.6616352559489,171.99999999999994,0.0,duct_filler,0,1247.0
-139.73343202567332,171.99999999999994,0.0,duct_filler,0,1247.0
-132.8052287953978,171.99999999999994,0.0,duct_filler,0,1247.0
-125.87702556512232,171.99999999999994,0.0,duct_filler,0,1247.0
-118.9488223348468,171.99999999999994,0.0,duct_filler,0,1247.0
-112.02061910457127,171.99999999999994,0.0,duct_filler,0,1247.0
26.54344550093913,172.00000000000006,0.0,duct_filler,0,1247.0
33.4716487312146,172.00000000000006,0.0,duct_filler,0,1247.0
40.39985196149007,172.00000000000006,0.0,duct_filler,0,1247.0
47.32805519176554,172.00000000000006,0.0,duct_filler,0,1247.0
54.2562584220409,172.00000000000006,0.0,duct_filler,0,1247.0
61.18446165231637,172.00000000000006,0.0,duct_filler,0,1247.0
68.11266488259196,172.00000000000006,0.0,duct_filler,0,1247.0
75.04086811286754,172.00000000000006,0.0,duct_filler,0,1247.0
81.9690713431429,172.00000000000006,0.0,duct_filler,0,1247.0
88.89727457341837,172.00000000000006,0.0,duct_filler,0,1247.0
95.82547780369384,172.00000000000006,0.0,duct_filler,0,1247.0
102.75368103396931,172.00000000000006,0.0,duct_filler,0,1247.0
172.03571333672403,172.00000000000006,0.0,duct_filler,0,1247.0
178.9639165669995,172.00000000000006,0.0,duct_filler,0,1247.0
185.89211979727497,172.00000000000006,0.0,duct_filler,0,1247.0
192.82032302755056,172.00000000000006,0.0,duct_filler,0,1247.0
199.7485262578258,172.00000000000006,0.0,duct_filler,0,1247.0
206.6767294881015,172.00000000000006,0.0,duct_filler,0,1247.0
262.10235533030504,172.00000000000006,0.0,duct_filler,0,1247.0
269.03055856058074,172.00000000000006,0.0,duct_filler,0,1247.0
275.9587617908561,172.00000000000006,0.0,duct_filler,0,1247.0
282.8869650211316,172.00000000000006,0.0,duct_filler,0,1247.0
289.81516825140704,172.00000000000006,0.0,duct_filler,0,1247.0
296.7433714816825,172.00000000000006,0.0,duct_filler,0,1247.0
303.671574711958,172.00000000000006,0.0,duct_filler,0,1247.0
310.5997779422336,172.00000000000006,0.0,duct_filler,0,1247.0
317.5279811725088,172.00000000000006,0.0,duct_filler,0,1247.0
324.4561844027844,172.00000000000006,0.0,duct_filler,0,1247.0
331.3843876330599,172.00000000000006,0.0,duct_filler,0,1247.0
338.31259086333534,172.00000000000006,0.0,duct_filler,0,1247.0
345.2407940936107,172.00000000000006,0.0,duct_filler,0,1247.0
352.1689973238865,172.00000000000006,0.0,duct_filler,0,1247.0
372.9536070147128,172.00000000000006,0.0,duct_filler,0,1247.0
379.8818102449883,172.00000000000006,0.0,duct_filler,0,1247.0
386.81001347526364,172.00000000000006,0.0,duct_filler,0,1247.0
393.7382167055391,172.00000000000006,0.0,duct_filler,0,1247.0
400.6664199358146,172.00000000000006,0.0,duct_filler,0,1247.0
407.5946231660902,172.00000000000006,0.0,duct_filler,0,1247.0
414.52282639636553,172.00000000000006,0.0,duct_filler,0,1247.0
421.451029626641,172.00000000000006,0.0,duct_filler,0,1247.0
428.3792328569165,172.00000000000006,0.0,duct_filler,0,1247.0
435.30743608719183,172.00000000000006,0.0,duct_filler,0,1247.0
442.2356393174673,172.00000000000006,0.0,duct_filler,0,1247.0
449.1638425477428,172.00000000000006,0.0,duct_filler,0,1247.0
-496.53589838486226,166.0,0.0,duct_filler,0,1247.0
-489.60769515458674,166.0,0.0,duct_filler,0,1247.0
-482.6794919243112,166.0,0.0,duct_filler,0,1247.0
-475.75128869403574,165.99999999999994,0.0,duct_filler,0,1247.0
-468.8230854637602,165.99999999999994,0.0,duct_filler,0,1247.0
-337.18722408852557,165.99999999999994,0.0,duct_filler,0,1247.0
-330.2590208582501,165.99999999999994,0.0,duct_filler,0,1247.0
-302.54620793714804,165.99999999999994,0.0,duct_filler,0,1247.0
-295.61800470687257,165.99999999999994,0.0,duct_filler,0,1247.0
-157.05394010136217,165.99999999999994,0.0,duct_filler,0,1247.0
-150.1257368710867,165.99999999999994,0.0,duct_filler,0,1247.0
-143.19753364081112,165.99999999999994,0.0,duct_filler,0,1247.0
-136.26933041053564,165.99999999999994,0.0,duct_filler,0,1247.0
-129.34112718026006,165.99999999999994,0.0,duct_filler,0,1247.0
-122.41292394998464,165.99999999999994,0.0,duct_filler,0,1247.0
-115.484720719709,165.99999999999994,0.0,duct_filler,0,1247.0
-108.55651748943353,165.99999999999994,0.0,duct_filler,0,1247.0
36.93575034635239,166.0,0.0,duct_filler,0,1247.0
43.863953576627864,166.0,0.0,duct_filler,0,1247.0
50.792156806903336,166.0,0.0,duct_filler,0,1247.0
57.72036003717881,166.0,0.0,duct_filler,0,1247.0
64.64856326745439,166.0,0.0,duct_filler,0,1247.0
71.57676649772975,166.0,0.0,duct_filler,0,1247.0
78.50496972800522,166.0,0.0,duct_filler,0,1247.0
85.4331729582807,166.0,0.0,duct_filler,0,1247.0
92.36137618855616,166.0,0.0,duct_filler,0,1247.0
99.28957941883164,166.0,0.0,duct_filler,0,1247.0
106.21778264910711,166.0,0.0,duct_filler,0,1247.0
168.57161172158635,166.0,0.0,duct_filler,0,1247.0
175.49981495186182,166.0,0.0,duct_filler,0,1247.0
182.4280181821373,166.0,0.0,duct_filler,0,1247.0
189.35622141241265,166.0,0.0,duct_filler,0,1247.0
196.28442464268812,166.0,0.0,duct_filler,0,1247.0
203.2126278729637,166.0,0.0,duct_filler,0,1247.0
210.14083110323918,166.0,0.0,duct_filler,0,1247.0
265.56645694544295,166.0,0.0,duct_filler,0,1247.0
272.49466017571854,166.0,0.0,duct_filler,0,1247.0
279.4228634059939,166.0,0.0,duct_filler,0,1247.0
286.35106663626937,166.0,0.0,duct_filler,0,1247.0
293.27926986654484,166.0,0.0,duct_filler,0,1247.0
300.2074730968204,166.0,0.0,duct_filler,0,1247.0
307.13567632709567,166.0,0.0,duct_filler,0,1247.0
314.06387955737125,166.0,0.0,duct_filler,0,1247.0
320.9920827876467,166.0,0.0,duct_filler,0,1247.0
327.92028601792254,166.0,0.0,duct_filler,0,1247.0
334.84848924819755,166.0,0.0,duct_filler,0,1247.0
341.77669247847336,166.0,0.0,duct_filler,0,1247.0
348.70489570874884,166.0,0.0,duct_filler,0,1247.0
355.6330989390242,166.0,0.0,duct_filler,0,1247.0
362.56130216929967,166.0,0.0,duct_filler,0,1247.0
369.48950539957514,166.0,0.0,duct_filler,0,1247.0
376.4177086298505,166.0,0.0,duct_filler,0,1247.0
383.34591186012597,166.0,0.0,duct_filler,0,1247.0
390.27411509040144,166.0,0.0,duct_filler,0,1247.0
397.2023183206768,166.0,0.0,duct_filler,0,1247.0
404.1305215509524,166.0,0.0,duct_filler,0,1247.0
411.05872478122785,166.0,0.0,duct_filler,0,1247.0
417.9869280115033,166.0,0.0,duct_filler,0,1247.0
424.9151312417787,166.0,0.0,duct_filler,0,1247.0
431.8433344720544,166.0,0.0,duct_filler,0,1247.0
438.77153770232974,166.0,0.0,duct_filler,0,1247.0
445.6997409326052,166.0,0.0,duct_filler,0,1247.0
452.6279441628807,166.0,0.0,duct_filler,0,1247.0
-500.0,160.0,0.0,duct_filler,0,1247.0
-493.0717967697245,160.00000000000006,0.0,duct_filler,0,1247.0
-486.143593539449,160.0,0.0,duct_filler,0,1247.0
-479.2153903091735,159.99999999999994,0.0,duct_filler,0,1247.0
-472.28718707889794,159.99999999999994,0.0,duct_filler,0,1247.0
-333.72312247338783,159.99999999999994,0.0,duct_filler,0,1247.0
-326.7949192431123,159.99999999999994,0.0,duct_filler,0,1247.0
-319.86671601283683,159.99999999999994,0.0,duct_filler,0,1247.0
-312.9385127825613,159.99999999999994,0.0,duct_filler,0,1247.0
-306.01030955228583,159.99999999999994,0.0,duct_filler,0,1247.0
-299.0821063220103,159.99999999999994,0.0,duct_filler,0,1247.0
-292.15390309173483,159.99999999999994,0.0,duct_filler,0,1247.0
-160.51804171649997,160.0,0.0,duct_filler,0,1247.0
-153.58983848622438,160.0,0.0,duct_filler,0,1247.0
-146.6616352559489,160.0,0.0,duct_filler,0,1247.0
-139.73343202567332,160.0,0.0,duct_filler,0,1247.0
-132.8052287953978,160.0,0.0,duct_filler,0,1247.0
-125.87702556512232,160.0,0.0,duct_filler,0,1247.0
-118.9488223348468,160.0,0.0,duct_filler,0,1247.0
-112.02061910457127,160.0,0.0,duct_filler,0,1247.0
-105.09241587429574,160.0,0.0,duct_filler,0,1247.0
40.39985196149007,159.99999999999994,0.0,duct_filler,0,1247.0
47.32805519176554,159.99999999999994,0.0,duct_filler,0,1247.0
54.2562584220409,159.99999999999994,0.0,duct_filler,0,1247.0
61.18446165231637,159.99999999999994,0.0,duct_filler,0,1247.0
68.11266488259196,159.99999999999994,0.0,duct_filler,0,1247.0
75.04086811286754,159.99999999999994,0.0,duct_filler,0,1247.0
81.9690713431429,159.99999999999994,0.0,duct_filler,0,1247.0
88.89727457341837,159.99999999999994,0.0,duct_filler,0,1247.0
95.82547780369384,159.99999999999994,0.0,duct_filler,0,1247.0
102.75368103396931,159.99999999999994,0.0,duct_filler,0,1247.0
109.6818842642449,159.99999999999994,0.0,duct_filler,0,1247.0
172.03571333672403,159.99999999999994,0.0,duct_filler,0,1247.0
178.9639165669995,159.99999999999994,0.0,duct_filler,0,1247.0
185.89211979727497,159.99999999999994,0.0,duct_filler,0,1247.0
192.82032302755056,159.99999999999994,0.0,duct_filler,0,1247.0
199.7485262578258,159.99999999999994,0.0,duct_filler,0,1247.0
206.6767294881015,159.99999999999994,0.0,duct_filler,0,1247.0
213.60493271837686,159.99999999999994,0.0,duct_filler,0,1247.0
269.03055856058074,159.99999999999994,0.0,duct_filler,0,1247.0
275.9587617908561,159.99999999999994,0.0,duct_filler,0,1247.0
282.8869650211316,159.99999999999994,0.0,duct_filler,0,1247.0
289.81516825140704,159.99999999999994,0.0,duct_filler,0,1247.0
296.7433714816825,159.99999999999994,0.0,duct_filler,0,1247.0
303.671574711958,159.99999999999994,0.0,duct_filler,0,1247.0
310.5997779422336,159.99999999999994,0.0,duct_filler,0,1247.0
317.5279811725088,159.99999999999994,0.0,duct_filler,0,1247.0
324.4561844027844,159.99999999999994,0.0,duct_filler,0,1247.0
331.3843876330599,159.99999999999994,0.0,duct_filler,0,1247.0
338.31259086333534,159.99999999999994,0.0,duct_filler,0,1247.0
345.2407940936107,159.99999999999994,0.0,duct_filler,0,1247.0
352.1689973238865,159.99999999999994,0.0,duct_filler,0,1247.0
359.097200554162,159.99999999999994,0.0,duct_filler,0,1247.0
366.02540378443734,159.99999999999994,0.0,duct_filler,0,1247.0
372.9536070147128,159.99999999999994,0.0,duct_filler,0,1247.0
379.8818102449883,159.99999999999994,0.0,duct_filler,0,1247.0
386.81001347526364,159.99999999999994,0.0,duct_filler,0,1247.0
393.7382167055391,159.99999999999994,0.0,duct_filler,0,1247.0
400.6664199358146,159.99999999999994,0.0,duct_filler,0,1247.0
407.5946231660902,159.99999999999994,0.0,duct_filler,0,1247.0
414.52282639636553,159.99999999999994,0.0,duct_filler,0,1247.0
421.451029626641,159.99999999999994,0.0,duct_filler,0,1247.0
428.3792328569165,159.99999999999994,0.0,duct_filler,0,1247.0
435.30743608719183,159.99999999999994,0.0,duct_filler,0,1247.0
442.2356393174673,159.99999999999994,0.0,duct_filler,0,1247.0
449.1638425477428,159.99999999999994,0.0,duct_filler,0,1247.0
-496.53589838486226,154.0,0.0,duct_filler,0,1247.0
-489.60769515458674,154.0,0.0,duct_filler,0,1247.0
-482.6794919243112,154.0,0.0,duct_filler,0,1247.0
-475.75128869403574,154.0,0.0,duct_filler,0,1247.0
-337.18722408852557,154.0,0.0,duct_filler,0,1247.0
-330.2590208582501,154.0,0.0,duct_filler,0,1247.0
-323.33081762797457,154.0,0.0,duct_filler,0,1247.0
-316.40261439769904,154.0,0.0,duct_filler,0,1247.0
-309.47441116742357,154.0,0.0,duct_filler,0,1247.0
-302.54620793714804,154.0,0.0,duct_filler,0,1247.0
-295.61800470687257,154.0,0.0,duct_filler,0,1247.0
-163.98214333163776,154.0,0.0,duct_filler,0,1247.0
-157.05394010136217,154.0,0.0,duct_filler,0,1247.0
-150.1257368710867,154.0,0.0,duct_filler,0,1247.0
-143.19753364081112,154.0,0.0,duct_filler,0,1247.0
-136.26933041053564,154.0,0.0,duct_filler,0,1247.0
-129.34112718026006,154.0,0.0,duct_filler,0,1247.0
-122.41292394998464,154.0,0.0,duct_filler,0,1247.0
-115.484720719709,154.0,0.0,duct_filler,0,1247.0
-108.55651748943353,154.0,0.0,duct_filler,0,1247.0
-60.059094877504776,154.0,0.0,duct_filler,0,1247.0
64.64856326745439,154.0,0.0,duct_filler,0,1247.0
71.57676649772975,154.0,0.0,duct_filler,0,1247.0
78.50496972800522,154.0,0.0,duct_filler,0,1247.0
85.4331729582807,154.0,0.0,duct_filler,0,1247.0
92.36137618855616,154.0,0.0,duct_filler,0,1247.0
99.28957941883164,154.0,0.0,duct_filler,0,1247.0
106.21778264910711,154.0,0.0,duct_filler,0,1247.0
113.14598587938258,154.0,0.0,duct_filler,0,1247.0
175.49981495186182,154.0,0.0,duct_filler,0,1247.0
182.4280181821373,154.0,0.0,duct_filler,0,1247.0
189.35622141241265,154.0,0.0,duct_filler,0,1247.0
196.28442464268812,154.0,0.0,duct_filler,0,1247.0
203.2126278729637,154.0,0.0,duct_filler,0,1247.0
210.14083110323918,154.0,0.0,duct_filler,0,1247.0
217.06903433351465,154.0,0.0,duct_filler,0,1247.0
258.6382537151676,154.0,0.0,duct_filler,0,1247.0
265.56645694544295,154.0,0.0,duct_filler,0,1247.0
279.4228634059939,154.0,0.0,duct_filler,0,1247.0
286.35106663626937,154.0,0.0,duct_filler,0,1247.0
293.27926986654484,154.0,0.0,duct_filler,0,1247.0
300.2074730968204,154.0,0.0,duct_filler,0,1247.0
307.13567632709567,154.0,0.0,duct_filler,0,1247.0
314.06387955737125,154.0,0.0,duct_filler,0,1247.0
320.9920827876467,154.0,0.0,duct_filler,0,1247.0
327.92028601792254,154.0,0.0,duct_filler,0,1247.0
334.84848924819755,154.0,0.0,duct_filler,0,1247.0
341.77669247847336,154.0,0.0,duct_filler,0,1247.0
348.70489570874884,154.0,0.0,duct_filler,0,1247.0
355.6330989390242,154.0,0.0,duct_filler,0,1247.0
362.56130216929967,154.0,0.0,duct_filler,0,1247.0
369.48950539957514,154.0,0.0,duct_filler,0,1247.0
376.4177086298505,154.0,0.0,duct_filler,0,1247.0
383.34591186012597,154.0,0.0,duct_filler,0,1247.0
390.27411509040144,154.0,0.0,duct_filler,0,1247.0
397.2023183206768,154.0,0.0,duct_filler,0,1247.0
404.1305215509524,154.0,0.0,duct_filler,0,1247.0
411.05872478122785,154.0,0.0,duct_filler,0,1247.0
417.9869280115033,154.0,0.0,duct_filler,0,1247.0
424.9151312417787,154.0,0.0,duct_filler,0,1247.0
431.8433344720544,154.0,0.0,duct_filler,0,1247.0
438.77153770232974,154.0,0.0,duct_filler,0,1247.0
445.6997409326052,154.0,0.0,duct_filler,0,1247.0
452.6279441628807,154.0,0.0,duct_filler,0,1247.0
-500.0,147.99999999999994,0.0,duct_filler,0,1247.0
-493.0717967697245,148.0,0.0,duct_filler,0,1247.0
-486.143593539449,148.0,0.0,duct_filler,0,1247.0
-340.6513257036633,148.00000000000006,0.0,duct_filler,0,1247.0
-333.72312247338783,148.00000000000006,0.0,duct_filler,0,1247.0
-326.7949192431123,148.00000000000006,0.0,duct_filler,0,1247.0
-319.86671601283683,148.00000000000006,0.0,duct_filler,0,1247.0
-312.9385127825613,148.00000000000006,0.0,duct_filler,0,1247.0
-306.01030955228583,148.00000000000006,0.0,duct_filler,0,1247.0
-299.0821063220103,148.00000000000006,0.0,duct_filler,0,1247.0
-292.15390309173483,148.00000000000006,0.0,duct_filler,0,1247.0
-285.22569986145925,148.00000000000006,0.0,duct_filler,0,1247.0
-257.51288694035725,148.00000000000006,0.0,duct_filler,0,1247.0
-250.58468371008178,148.00000000000006,0.0,duct_filler,0,1247.0
-243.6564804798063,148.0,0.0,duct_filler,0,1247.0
-160.51804171649997,148.0,0.0,duct_filler,0,1247.0
-153.58983848622438,148.0,0.0,duct_filler,0,1247.0
-146.6616352559489,148.0,0.0,duct_filler,0,1247.0
-139.73343202567332,148.0,0.0,duct_filler,0,1247.0
-132.8052287953978,148.0,0.0,duct_filler,0,1247.0
-125.87702556512232,148.0,0.0,duct_filler,0,1247.0
-118.9488223348468,148.0,0.0,duct_filler,0,1247.0
-112.02061910457127,148.0,0.0,duct_filler,0,1247.0
-105.09241587429574,148.0,0.0,duct_filler,0,1247.0
-70.4513997229181,148.0,0.0,duct_filler,0,1247.0
-63.523196492642626,148.0,0.0,duct_filler,0,1247.0
-56.5949932623671,148.0,0.0,duct_filler,0,1247.0
-49.66679003209157,148.0,0.0,duct_filler,0,1247.0
68.11266488259196,148.0,0.0,duct_filler,0,1247.0
75.04086811286754,148.0,0.0,duct_filler,0,1247.0
81.9690713431429,148.0,0.0,duct_filler,0,1247.0
88.89727457341837,148.0,0.0,duct_filler,0,1247.0
95.82547780369384,148.0,0.0,duct_filler,0,1247.0
102.75368103396931,148.0,0.0,duct_filler,0,1247.0
109.6818842642449,148.0,0.0,duct_filler,0,1247.0
178.9639165669995,148.0,0.0,duct_filler,0,1247.0
185.89211979727497,148.0,0.0,duct_filler,0,1247.0
192.82032302755056,148.0,0.0,duct_filler,0,1247.0
199.7485262578258,148.0,0.0,duct_filler,0,1247.0
206.6767294881015,148.0,0.0,duct_filler,0,1247.0
213.60493271837686,148.0,0.0,duct_filler,0,1247.0
220.53313594865233,148.0,0.0,duct_filler,0,1247.0
255.1741521000298,148.0,0.0,duct_filler,0,1247.0
262.10235533030504,148.0,0.0,duct_filler,0,1247.0
269.03055856058074,148.0,0.0,duct_filler,0,1247.0
275.9587617908561,148.0,0.0,duct_filler,0,1247.0
282.8869650211316,148.0,0.0,duct_filler,0,1247.0
289.81516825140704,148.0,0.0,duct_filler,0,1247.0
296.7433714816825,148.0,0.0,duct_filler,0,1247.0
303.671574711958,148.0,0.0,duct_filler,0,1247.0
310.5997779422336,148.0,0.0,duct_filler,0,1247.0
317.5279811725088,148.0,0.0,duct_filler,0,1247.0
324.4561844027844,148.0,0.0,duct_filler,0,1247.0
331.3843876330599,148.0,0.0,duct_filler,0,1247.0
338.31259086333534,148.0,0.0,duct_filler,0,1247.0
345.2407940936107,148.0,0.0,duct_filler,0,1247.0
352.1689973238865,148.0,0.0,duct_filler,0,1247.0
359.097200554162,148.0,0.0,duct_filler,0,1247.0
366.02540378443734,148.0,0.0,duct_filler,0,1247.0
372.9536070147128,148.0,0.0,duct_filler,0,1247.0
379.8818102449883,148.0,0.0,duct_filler,0,1247.0
386.81001347526364,148.0,0.0,duct_filler,0,1247.0
393.7382167055391,148.0,0.0,duct_filler,0,1247.0
400.6664199358146,148.0,0.0,duct_filler,0,1247.0
407.5946231660902,148.0,0.0,duct_filler,0,1247.0
414.52282639636553,148.0,0.0,duct_filler,0,1247.0
421.451029626641,148.0,0.0,duct_filler,0,1247.0
428.3792328569165,148.0,0.0,duct_filler,0,1247.0
435.30743608719183,148.0,0.0,duct_filler,0,1247.0
442.2356393174673,148.0,0.0,duct_filler,0,1247.0
449.1638425477428,148.0,0.0,duct_filler,0,1247.0
456.09204577801836,148.0,0.0,duct_filler,0,1247.0
-496.53589838486226,142.0,0.0,duct_filler,0,1247.0
-489.60769515458674,142.0,0.0,duct_filler,0,1247.0
-482.6794919243112,142.0,0.0,duct_filler,0,1247.0
-351.0436305490765,142.0,0.0,duct_filler,0,1247.0
-344.11542731880104,142.0,0.0,duct_filler,0,1247.0
-337.18722408852557,142.0,0.0,duct_filler,0,1247.0
-330.2590208582501,142.0,0.0,duct_filler,0,1247.0
-323.33081762797457,142.0,0.0,duct_filler,0,1247.0
-316.40261439769904,142.0,0.0,duct_filler,0,1247.0
-309.47441116742357,142.0,0.0,duct_filler,0,1247.0
-302.54620793714804,142.0,0.0,duct_filler,0,1247.0
-295.61800470687257,142.0,0.0,duct_filler,0,1247.0
-288.68980147659704,142.0,0.0,duct_filler,0,1247.0
-281.76159824632157,142.0,0.0,duct_filler,0,1247.0
-274.8333950160461,142.0,0.0,duct_filler,0,1247.0
-254.04878532521957,142.0,0.0,duct_filler,0,1247.0
-247.12058209494404,142.0,0.0,duct_filler,0,1247.0
-240.19237886466857,142.0,0.0,duct_filler,0,1247.0
-233.26417563439304,142.0,0.0,duct_filler,0,1247.0
-157.05394010136217,142.0,0.0,duct_filler,0,1247.0
-143.19753364081112,142.0,0.0,duct_filler,0,1247.0
-136.26933041053564,142.0,0.0,duct_filler,0,1247.0
-129.34112718026006,142.0,0.0,duct_filler,0,1247.0
-122.41292394998464,142.0,0.0,duct_filler,0,1247.0
-115.484720719709,142.0,0.0,duct_filler,0,1247.0
-108.55651748943353,142.0,0.0,duct_filler,0,1247.0
-66.9872981077803,142.0,0.0,duct_filler,0,1247.0
-60.059094877504776,142.0,0.0,duct_filler,0,1247.0
-53.130891647229305,142.0,0.0,duct_filler,0,1247.0
-46.20268841695378,142.0,0.0,duct_filler,0,1247.0
71.57676649772975,141.99999999999994,0.0,duct_filler,0,1247.0
78.50496972800522,141.99999999999994,0.0,duct_filler,0,1247.0
85.4331729582807,141.99999999999994,0.0,duct_filler,0,1247.0
92.36137618855616,141.99999999999994,0.0,duct_filler,0,1247.0
99.28957941883164,141.99999999999994,0.0,duct_filler,0,1247.0
106.21778264910711,141.99999999999994,0.0,duct_filler,0,1247.0
113.14598587938258,141.99999999999994,0.0,duct_filler,0,1247.0
175.49981495186182,141.99999999999994,0.0,duct_filler,0,1247.0
182.4280181821373,141.99999999999994,0.0,duct_filler,0,1247.0
189.35622141241265,141.99999999999994,0.0,duct_filler,0,1247.0
196.28442464268812,141.99999999999994,0.0,duct_filler,0,1247.0
203.2126278729637,141.99999999999994,0.0,duct_filler,0,1247.0
210.14083110323918,141.99999999999994,0.0,duct_filler,0,1247.0
217.06903433351465,141.99999999999994,0.0,duct_filler,0,1247.0
251.7100504848919,141.99999999999994,0.0,duct_filler,0,1247.0
258.6382537151676,141.99999999999994,0.0,duct_filler,0,1247.0
265.56645694544295,141.99999999999994,0.0,duct_filler,0,1247.0
272.49466017571854,141.99999999999994,0.0,duct_filler,0,1247.0
279.4228634059939,141.99999999999994,0.0,duct_filler,0,1247.0
286.35106663626937,141.99999999999994,0.0,duct_filler,0,1247.0
293.27926986654484,141.99999999999994,0.0,duct_filler,0,1247.0
300.2074730968204,141.99999999999994,0.0,duct_filler,0,1247.0
307.13567632709567,141.99999999999994,0.0,duct_filler,0,1247.0
314.06387955737125,141.99999999999994,0.0,duct_filler,0,1247.0
320.9920827876467,141.99999999999994,0.0,duct_filler,0,1247.0
327.92028601792254,141.99999999999994,0.0,duct_filler,0,1247.0
334.84848924819755,141.99999999999994,0.0,duct_filler,0,1247.0
341.77669247847336,141.99999999999994,0.0,duct_filler,0,1247.0
348.70489570874884,141.99999999999994,0.0,duct_filler,0,1247.0
355.6330989390242,141.99999999999994,0.0,duct_filler,0,1247.0
362.56130216929967,141.99999999999994,0.0,duct_filler,0,1247.0
369.48950539957514,141.99999999999994,0.0,duct_filler,0,1247.0
376.4177086298505,141.99999999999994,0.0,duct_filler,0,1247.0
383.34591186012597,141.99999999999994,0.0,duct_filler,0,1247.0
390.27411509040144,141.99999999999994,0.0,duct_filler,0,1247.0
397.2023183206768,141.99999999999994,0.0,duct_filler,0,1247.0
404.1305215509524,141.99999999999994,0.0,duct_filler,0,1247.0
411.05872478122785,141.99999999999994,0.0,duct_filler,0,1247.0
417.9869280115033,141.99999999999994,0.0,duct_filler,0,1247.0
424.9151312417787,141.99999999999994,0.0,duct_filler,0,1247.0
431.8433344720544,141.99999999999994,0.0,duct_filler,0,1247.0
438.77153770232974,141.99999999999994,0.0,duct_filler,0,1247.0
445.6997409326052,141.99999999999994,0.0,duct_filler,0,1247.0
452.6279441628807,141.99999999999994,0.0,duct_filler,0,1247.0
459.55614739315604,141.99999999999994,0.0,duct_filler,0,1247.0
-500.0,136.0,0.0,duct_filler,0,1247.0
-493.0717967697245,136.00000000000006,0.0,duct_filler,0,1247.0
-423.7897644669694,136.0,0.0,duct_filler,0,1247.0
-416.8615612366939,136.0,0.0,duct_filler,0,1247.0
-361.4359353944898,136.00000000000006,0.0,duct_filler,0,1247.0
-354.5077321642143,136.00000000000006,0.0,duct_filler,0,1247.0
-347.57952893393883,136.00000000000006,0.0,duct_filler,0,1247.0
-340.6513257036633,136.00000000000006,0.0,duct_filler,0,1247.0
-333.72312247338783,136.00000000000006,0.0,duct_filler,0,1247.0
-326.7949192431123,136.00000000000006,0.0,duct_filler,0,1247.0
-319.86671601283683,136.00000000000006,0.0,duct_filler,0,1247.0
-312.9385127825613,136.00000000000006,0.0,duct_filler,0,1247.0
-306.01030955228583,136.00000000000006,0.0,duct_filler,0,1247.0
-299.0821063220103,136.00000000000006,0.0,duct_filler,0,1247.0
-292.15390309173483,136.00000000000006,0.0,duct_filler,0,1247.0
-285.22569986145925,136.00000000000006,0.0,duct_filler,0,1247.0
-278.29749663118383,136.00000000000006,0.0,duct_filler,0,1247.0
-271.3692934009083,136.00000000000006,0.0,duct_filler,0,1247.0
-250.58468371008178,136.00000000000006,0.0,duct_filler,0,1247.0
-243.6564804798063,136.0,0.0,duct_filler,0,1247.0
-236.72827724953078,136.0,0.0,duct_filler,0,1247.0
-229.80007401925525,136.0,0.0,duct_filler,0,1247.0
-139.73343202567332,136.0,0.0,duct_filler,0,1247.0
-132.8052287953978,136.0,0.0,duct_filler,0,1247.0
-125.87702556512232,136.0,0.0,duct_filler,0,1247.0
-118.9488223348468,136.0,0.0,duct_filler,0,1247.0
-70.4513997229181,136.0,0.0,duct_filler,0,1247.0
-63.523196492642626,136.0,0.0,duct_filler,0,1247.0
-56.5949932623671,136.0,0.0,duct_filler,0,1247.0
-49.66679003209157,136.0,0.0,duct_filler,0,1247.0
-42.738586801815984,136.0,0.0,duct_filler,0,1247.0
-35.810383571540456,136.0,0.0,duct_filler,0,1247.0
95.82547780369384,136.0,0.0,duct_filler,0,1247.0
102.75368103396931,136.0,0.0,duct_filler,0,1247.0
109.6818842642449,136.0,0.0,duct_filler,0,1247.0
172.03571333672403,136.0,0.0,duct_filler,0,1247.0
178.9639165669995,136.0,0.0,duct_filler,0,1247.0
185.89211979727497,136.0,0.0,duct_filler,0,1247.0
192.82032302755056,136.0,0.0,duct_filler,0,1247.0
199.7485262578258,136.0,0.0,duct_filler,0,1247.0
206.6767294881015,136.0,0.0,duct_filler,0,1247.0
213.60493271837686,136.0,0.0,duct_filler,0,1247.0
220.53313594865233,136.0,0.0,duct_filler,0,1247.0
255.1741521000298,136.0,0.0,duct_filler,0,1247.0
262.10235533030504,136.0,0.0,duct_filler,0,1247.0
269.03055856058074,136.0,0.0,duct_filler,0,1247.0
275.9587617908561,136.0,0.0,duct_filler,0,1247.0
282.8869650211316,136.0,0.0,duct_filler,0,1247.0
289.81516825140704,136.0,0.0,duct_filler,0,1247.0
296.7433714816825,136.0,0.0,duct_filler,0,1247.0
303.671574711958,136.0,0.0,duct_filler,0,1247.0
310.5997779422336,136.0,0.0,duct_filler,0,1247.0
317.5279811725088,136.0,0.0,duct_filler,0,1247.0
324.4561844027844,136.0,0.0,duct_filler,0,1247.0
331.3843876330599,136.0,0.0,duct_filler,0,1247.0
338.31259086333534,136.0,0.0,duct_filler,0,1247.0
345.2407940936107,136.0,0.0,duct_filler,0,1247.0
352.1689973238865,136.0,0.0,duct_filler,0,1247.0
359.097200554162,136.0,0.0,duct_filler,0,1247.0
366.02540378443734,136.0,0.0,duct_filler,0,1247.0
372.9536070147128,136.0,0.0,duct_filler,0,1247.0
379.8818102449883,136.0,0.0,duct_filler,0,1247.0
386.81001347526364,136.0,0.0,duct_filler,0,1247.0
393.7382167055391,136.0,0.0,duct_filler,0,1247.0
400.6664199358146,136.0,0.0,duct_filler,0,1247.0
407.5946231660902,136.0,0.0,duct_filler,0,1247.0
414.52282639636553,136.0,0.0,duct_filler,0,1247.0
421.451029626641,136.0,0.0,duct_filler,0,1247.0
428.3792328569165,136.0,0.0,duct_filler,0,1247.0
435.30743608719183,136.0,0.0,duct_filler,0,1247.0
442.2356393174673,136.0,0.0,duct_filler,0,1247.0
449.1638425477428,136.0,0.0,duct_filler,0,1247.0
456.09204577801836,136.0,0.0,duct_filler,0,1247.0
463.02024900829383,136.0,0.0,duct_filler,0,1247.0
-496.53589838486226,130.0,0.0,duct_filler,0,1247.0
-434.1820693123827,130.0,0.0,duct_filler,0,1247.0
-427.25386608210715,130.0,0.0,duct_filler,0,1247.0
-420.3256628518316,130.0,0.0,duct_filler,0,1247.0
-413.39745962155615,130.0,0.0,duct_filler,0,1247.0
-406.4692563912806,130.0,0.0,duct_filler,0,1247.0
-364.90003700962757,129.99999999999994,0.0,duct_filler,0,1247.0
-357.9718337793521,129.99999999999994,0.0,duct_filler,0,1247.0
-351.0436305490765,129.99999999999994,0.0,duct_filler,0,1247.0
-344.11542731880104,129.99999999999994,0.0,duct_filler,0,1247.0
-337.18722408852557,129.99999999999994,0.0,duct_filler,0,1247.0
-330.2590208582501,129.99999999999994,0.0,duct_filler,0,1247.0
-323.33081762797457,129.99999999999994,0.0,duct_filler,0,1247.0
-316.40261439769904,129.99999999999994,0.0,duct_filler,0,1247.0
-309.47441116742357,129.99999999999994,0.0,duct_filler,0,1247.0
-302.54620793714804,129.99999999999994,0.0,duct_filler,0,1247.0
-295.61800470687257,129.99999999999994,0.0,duct_filler,0,1247.0
-288.68980147659704,129.99999999999994,0.0,duct_filler,0,1247.0
-281.76159824632157,129.99999999999994,0.0,duct_filler,0,1247.0
-274.8333950160461,129.99999999999994,0.0,duct_filler,0,1247.0
-267.9051917857706,129.99999999999994,0.0,duct_filler,0,1247.0
-254.04878532521957,129.99999999999994,0.0,duct_filler,0,1247.0
-247.12058209494404,129.99999999999994,0.0,duct_filler,0,1247.0
-240.19237886466857,130.0,0.0,duct_filler,0,1247.0
-233.26417563439304,130.0,0.0,duct_filler,0,1247.0
-226.3359724041175,130.0,0.0,duct_filler,0,1247.0
-219.40776917384198,130.0,0.0,duct_filler,0,1247.0
-143.19753364081112,130.0,0.0,duct_filler,0,1247.0
-136.26933041053564,130.0,0.0,duct_filler,0,1247.0
-129.34112718026006,130.0,0.0,duct_filler,0,1247.0
-66.9872981077803,130.0,0.0,duct_filler,0,1247.0
-60.059094877504776,130.0,0.0,duct_filler,0,1247.0
-53.130891647229305,130.0,0.0,duct_filler,0,1247.0
-46.20268841695378,130.0,0.0,duct_filler,0,1247.0
-39.27448518667825,130.0,0.0,duct_filler,0,1247.0
-32.34628195640266,130.0,0.0,duct_filler,0,1247.0
99.28957941883164,130.0,0.0,duct_filler,0,1247.0
106.21778264910711,130.0,0.0,duct_filler,0,1247.0
161.64340849131088,130.0,0.0,duct_filler,0,1247.0
168.57161172158635,130.0,0.0,duct_filler,0,1247.0
175.49981495186182,130.0,0.0,duct_filler,0,1247.0
182.4280181821373,130.0,0.0,duct_filler,0,1247.0
189.35622141241265,130.0,0.0,duct_filler,0,1247.0
196.28442464268812,130.0,0.0,duct_filler,0,1247.0
203.2126278729637,130.0,0.0,duct_filler,0,1247.0
210.14083110323918,130.0,0.0,duct_filler,0,1247.0
217.06903433351465,130.0,0.0,duct_filler,0,1247.0
251.7100504848919,130.0,0.0,duct_filler,0,1247.0
258.6382537151676,130.0,0.0,duct_filler,0,1247.0
265.56645694544295,130.0,0.0,duct_filler,0,1247.0
272.49466017571854,130.0,0.0,duct_filler,0,1247.0
279.4228634059939,130.0,0.0,duct_filler,0,1247.0
286.35106663626937,130.0,0.0,duct_filler,0,1247.0
293.27926986654484,130.0,0.0,duct_filler,0,1247.0
300.2074730968204,130.0,0.0,duct_filler,0,1247.0
307.13567632709567,130.0,0.0,duct_filler,0,1247.0
314.06387955737125,130.0,0.0,duct_filler,0,1247.0
320.9920827876467,130.0,0.0,duct_filler,0,1247.0
327.92028601792254,130.0,0.0,duct_filler,0,1247.0
334.84848924819755,130.0,0.0,duct_filler,0,1247.0
341.77669247847336,130.0,0.0,duct_filler,0,1247.0
348.70489570874884,130.0,0.0,duct_filler,0,1247.0
355.6330989390242,130.0,0.0,duct_filler,0,1247.0
362.56130216929967,130.0,0.0,duct_filler,0,1247.0
369.48950539957514,130.0,0.0,duct_filler,0,1247.0
376.4177086298505,130.0,0.0,duct_filler,0,1247.0
383.34591186012597,130.0,0.0,duct_filler,0,1247.0
390.27411509040144,130.0,0.0,duct_filler,0,1247.0
397.2023183206768,130.0,0.0,duct_filler,0,1247.0
404.1305215509524,130.0,0.0,duct_filler,0,1247.0
411.05872478122785,130.0,0.0,duct_filler,0,1247.0
417.9869280115033,130.0,0.0,duct_filler,0,1247.0
424.9151312417787,130.0,0.0,duct_filler,0,1247.0
431.8433344720544,130.0,0.0,duct_filler,0,1247.0
438.77153770232974,130.0,0.0,duct_filler,0,1247.0
445.6997409326052,130.0,0.0,duct_filler,0,1247.0
452.6279441628807,130.0,0.0,duct_filler,0,1247.0
459.55614739315604,130.0,0.0,duct_filler,0,1247.0
-437.6461709275204,124.00000000000006,0.0,duct_filler,0,1247.0
-430.71796769724494,124.0,0.0,duct_filler,0,1247.0
-423.7897644669694,124.0,0.0,duct_filler,0,1247.0
-416.8615612366939,124.0,0.0,duct_filler,0,1247.0
-409.93335800641836,124.0,0.0,duct_filler,0,1247.0
-361.4359353944898,124.0,0.0,duct_filler,0,1247.0
-354.5077321642143,124.0,0.0,duct_filler,0,1247.0
-347.57952893393883,124.0,0.0,duct_filler,0,1247.0
-340.6513257036633,124.0,0.0,duct_filler,0,1247.0
-333.72312247338783,124.0,0.0,duct_filler,0,1247.0
-326.7949192431123,124.0,0.0,duct_filler,0,1247.0
-319.86671601283683,124.0,0.0,duct_filler,0,1247.0
-312.9385127825613,124.0,0.0,duct_filler,0,1247.0
-306.01030955228583,124.0,0.0,duct_filler,0,1247.0
-299.0821063220103,124.0,0.0,duct_filler,0,1247.0
-292.15390309173483,124.0,0.0,duct_filler,0,1247.0
-285.22569986145925,124.0,0.0,duct_filler,0,1247.0
-278.29749663118383,124.0,0.0,duct_filler,0,1247.0
-271.3692934009083,124.0,0.0,duct_filler,0,1247.0
-264.44109017063283,124.0,0.0,duct_filler,0,1247.0
-250.58468371008178,124.0,0.0,duct_filler,0,1247.0
-243.6564804798063,124.0,0.0,duct_filler,0,1247.0
-236.72827724953078,124.00000000000006,0.0,duct_filler,0,1247.0
-229.80007401925525,124.00000000000006,0.0,duct_filler,0,1247.0
-222.87187078897972,124.00000000000006,0.0,duct_filler,0,1247.0
-70.4513997229181,124.00000000000006,0.0,duct_filler,0,1247.0
-63.523196492642626,124.00000000000006,0.0,duct_filler,0,1247.0
-56.5949932623671,124.00000000000006,0.0,duct_filler,0,1247.0
-49.66679003209157,124.00000000000006,0.0,duct_filler,0,1247.0
-42.738586801815984,124.00000000000006,0.0,duct_filler,0,1247.0
-35.810383571540456,124.00000000000006,0.0,duct_filler,0,1247.0
-21.953977110989342,124.00000000000006,0.0,duct_filler,0,1247.0
102.75368103396931,123.99999999999994,0.0,duct_filler,0,1247.0
158.1793068761731,123.99999999999994,0.0,duct_filler,0,1247.0
165.10751010644856,123.99999999999994,0.0,duct_filler,0,1247.0
172.03571333672403,123.99999999999994,0.0,duct_filler,0,1247.0
178.9639165669995,123.99999999999994,0.0,duct_filler,0,1247.0
185.89211979727497,123.99999999999994,0.0,duct_filler,0,1247.0
192.82032302755056,123.99999999999994,0.0,duct_filler,0,1247.0
199.7485262578258,123.99999999999994,0.0,duct_filler,0,1247.0
206.6767294881015,123.99999999999994,0.0,duct_filler,0,1247.0
213.60493271837686,123.99999999999994,0.0,duct_filler,0,1247.0
248.24594886975422,123.99999999999994,0.0,duct_filler,0,1247.0
255.1741521000298,123.99999999999994,0.0,duct_filler,0,1247.0
262.10235533030504,123.99999999999994,0.0,duct_filler,0,1247.0
269.03055856058074,123.99999999999994,0.0,duct_filler,0,1247.0
275.9587617908561,123.99999999999994,0.0,duct_filler,0,1247.0
282.8869650211316,123.99999999999994,0.0,duct_filler,0,1247.0
289.81516825140704,123.99999999999994,0.0,duct_filler,0,1247.0
296.7433714816825,123.99999999999994,0.0,duct_filler,0,1247.0
303.671574711958,123.99999999999994,0.0,duct_filler,0,1247.0
310.5997779422336,123.99999999999994,0.0,duct_filler,0,1247.0
317.5279811725088,123.99999999999994,0.0,duct_filler,0,1247.0
324.4561844027844,123.99999999999994,0.0,duct_filler,0,1247.0
331.3843876330599,123.99999999999994,0.0,duct_filler,0,1247.0
338.31259086333534,123.99999999999994,0.0,duct_filler,0,1247.0
345.2407940936107,123.99999999999994,0.0,duct_filler,0,1247.0
352.1689973238865,123.99999999999994,0.0,duct_filler,0,1247.0
359.097200554162,123.99999999999994,0.0,duct_filler,0,1247.0
366.02540378443734,123.99999999999994,0.0,duct_filler,0,1247.0
372.9536070147128,123.99999999999994,0.0,duct_filler,0,1247.0
379.8818102449883,123.99999999999994,0.0,duct_filler,0,1247.0
386.81001347526364,123.99999999999994,0.0,duct_filler,0,1247.0
393.7382167055391,123.99999999999994,0.0,duct_filler,0,1247.0
400.6664199358146,123.99999999999994,0.0,duct_filler,0,1247.0
407.5946231660902,123.99999999999994,0.0,duct_filler,0,1247.0
414.52282639636553,123.99999999999994,0.0,duct_filler,0,1247.0
421.451029626641,123.99999999999994,0.0,duct_filler,0,1247.0
428.3792328569165,123.99999999999994,0.0,duct_filler,0,1247.0
435.30743608719183,123.99999999999994,0.0,duct_filler,0,1247.0
442.2356393174673,123.99999999999994,0.0,duct_filler,0,1247.0
449.1638425477428,123.99999999999994,0.0,duct_filler,0,1247.0
456.09204577801836,123.99999999999994,0.0,duct_filler,0,1247.0
463.02024900829383,123.99999999999994,0.0,duct_filler,0,1247.0
-434.1820693123827,117.99999999999994,0.0,duct_filler,0,1247.0
-427.25386608210715,118.00000000000006,0.0,duct_filler,0,1247.0
-420.3256628518316,118.00000000000006,0.0,duct_filler,0,1247.0
-413.39745962155615,118.00000000000006,0.0,duct_filler,0,1247.0
-357.9718337793521,118.00000000000006,0.0,duct_filler,0,1247.0
-351.0436305490765,118.00000000000006,0.0,duct_filler,0,1247.0
-344.11542731880104,118.00000000000006,0.0,duct_filler,0,1247.0
-337.18722408852557,118.00000000000006,0.0,duct_filler,0,1247.0
-330.2590208582501,118.00000000000006,0.0,duct_filler,0,1247.0
-323.33081762797457,118.00000000000006,0.0,duct_filler,0,1247.0
-316.40261439769904,118.00000000000006,0.0,duct_filler,0,1247.0
-309.47441116742357,118.00000000000006,0.0,duct_filler,0,1247.0
-302.54620793714804,118.00000000000006,0.0,duct_filler,0,1247.0
-295.61800470687257,118.00000000000006,0.0,duct_filler,0,1247.0
-288.68980147659704,118.00000000000006,0.0,duct_filler,0,1247.0
-281.76159824632157,118.00000000000006,0.0,duct_filler,0,1247.0
-274.8333950160461,118.00000000000006,0.0,duct_filler,0,1247.0
-267.9051917857706,118.00000000000006,0.0,duct_filler,0,1247.0
-260.97698855549504,118.00000000000006,0.0,duct_filler,0,1247.0
-247.12058209494404,118.00000000000006,0.0,duct_filler,0,1247.0
-240.19237886466857,118.0,0.0,duct_filler,0,1247.0
-233.26417563439304,118.0,0.0,duct_filler,0,1247.0
-226.3359724041175,118.0,0.0,duct_filler,0,1247.0
-219.40776917384198,118.0,0.0,duct_filler,0,1247.0
-66.9872981077803,118.0,0.0,duct_filler,0,1247.0
-60.059094877504776,118.0,0.0,duct_filler,0,1247.0
-53.130891647229305,118.0,0.0,duct_filler,0,1247.0
-46.20268841695378,118.0,0.0,duct_filler,0,1247.0
-39.27448518667825,118.0,0.0,duct_filler,0,1247.0
-32.34628195640266,118.0,0.0,duct_filler,0,1247.0
-25.41807872612725,118.0,0.0,duct_filler,0,1247.0
-18.489875495851663,118.0,0.0,duct_filler,0,1247.0
-11.561672265576135,118.0,0.0,duct_filler,0,1247.0
-4.633469035300607,118.0,0.0,duct_filler,0,1247.0
2.2947341949749784,118.0,0.0,duct_filler,0,1247.0
9.222937425250507,118.0,0.0,duct_filler,0,1247.0
161.64340849131088,118.0,0.0,duct_filler,0,1247.0
168.57161172158635,118.0,0.0,duct_filler,0,1247.0
175.49981495186182,118.0,0.0,duct_filler,0,1247.0
182.4280181821373,118.0,0.0,duct_filler,0,1247.0
189.35622141241265,118.0,0.0,duct_filler,0,1247.0
196.28442464268812,118.0,0.0,duct_filler,0,1247.0
203.2126278729637,118.0,0.0,duct_filler,0,1247.0
210.14083110323918,118.0,0.0,duct_filler,0,1247.0
244.78184725461665,118.0,0.0,duct_filler,0,1247.0
251.7100504848919,118.0,0.0,duct_filler,0,1247.0
258.6382537151676,118.0,0.0,duct_filler,0,1247.0
265.56645694544295,118.0,0.0,duct_filler,0,1247.0
272.49466017571854,118.0,0.0,duct_filler,0,1247.0
279.4228634059939,118.0,0.0,duct_filler,0,1247.0
286.35106663626937,118.0,0.0,duct_filler,0,1247.0
293.27926986654484,118.0,0.0,duct_filler,0,1247.0
300.2074730968204,118.0,0.0,duct_filler,0,1247.0
307.13567632709567,118.0,0.0,duct_filler,0,1247.0
314.06387955737125,118.0,0.0,duct_filler,0,1247.0
320.9920827876467,118.0,0.0,duct_filler,0,1247.0
327.92028601792254,118.0,0.0,duct_filler,0,1247.0
334.84848924819755,118.0,0.0,duct_filler,0,1247.0
341.77669247847336,118.0,0.0,duct_filler,0,1247.0
348.70489570874884,118.0,0.0,duct_filler,0,1247.0
355.6330989390242,118.0,0.0,duct_filler,0,1247.0
362.56130216929967,118.0,0.0,duct_filler,0,1247.0
369.48950539957514,118.0,0.0,duct_filler,0,1247.0
376.4177086298505,118.0,0.0,duct_filler,0,1247.0
383.34591186012597,118.0,0.0,duct_filler,0,1247.0
390.27411509040144,118.0,0.0,duct_filler,0,1247.0
397.2023183206768,118.0,0.0,duct_filler,0,1247.0
404.1305215509524,118.0,0.0,duct_filler,0,1247.0
411.05872478122785,118.0,0.0,duct_filler,0,1247.0
417.9869280115033,118.0,0.0,duct_filler,0,1247.0
424.9151312417787,118.0,0.0,duct_filler,0,1247.0
431.8433344720544,118.0,0.0,duct_filler,0,1247.0
438.77153770232974,118.0,0.0,duct_filler,0,1247.0
445.6997409326052,118.0,0.0,duct_filler,0,1247.0
452.6279441628807,118.0,0.0,duct_filler,0,1247.0
459.55614739315604,118.0,0.0,duct_filler,0,1247.0
-437.6461709275204,111.99999999999994,0.0,duct_filler,0,1247.0
-430.71796769724494,111.99999999999994,0.0,duct_filler,0,1247.0
-423.7897644669694,111.99999999999994,0.0,duct_filler,0,1247.0
-416.8615612366939,111.99999999999994,0.0,duct_filler,0,1247.0
-354.5077321642143,112.00000000000006,0.0,duct_filler,0,1247.0
-347.57952893393883,112.00000000000006,0.0,duct_filler,0,1247.0
-340.6513257036633,112.00000000000006,0.0,duct_filler,0,1247.0
-333.72312247338783,112.00000000000006,0.0,duct_filler,0,1247.0
-326.7949192431123,112.00000000000006,0.0,duct_filler,0,1247.0
-319.86671601283683,112.00000000000006,0.0,duct_filler,0,1247.0
-312.9385127825613,112.00000000000006,0.0,duct_filler,0,1247.0
-306.01030955228583,112.00000000000006,0.0,duct_filler,0,1247.0
-299.0821063220103,112.00000000000006,0.0,duct_filler,0,1247.0
-292.15390309173483,112.00000000000006,0.0,duct_filler,0,1247.0
-285.22569986145925,112.00000000000006,0.0,duct_filler,0,1247.0
-278.29749663118383,112.00000000000006,0.0,duct_filler,0,1247.0
-271.3692934009083,112.00000000000006,0.0,duct_filler,0,1247.0
-264.44109017063283,112.00000000000006,0.0,duct_filler,0,1247.0
-236.72827724953078,112.0,0.0,duct_filler,0,1247.0
-229.80007401925525,112.0,0.0,duct_filler,0,1247.0
-222.87187078897972,112.0,0.0,duct_filler,0,1247.0
-63.523196492642626,112.0,0.0,duct_filler,0,1247.0
-56.5949932623671,112.0,0.0,duct_filler,0,1247.0
-49.66679003209157,112.0,0.0,duct_filler,0,1247.0
-42.738586801815984,112.0,0.0,duct_filler,0,1247.0
-35.810383571540456,112.0,0.0,duct_filler,0,1247.0
-28.882180341264927,112.0,0.0,duct_filler,0,1247.0
-21.953977110989342,112.0,0.0,duct_filler,0,1247.0
-15.025773880713814,112.0,0.0,duct_filler,0,1247.0
-8.097570650438342,112.0,0.0,duct_filler,0,1247.0
-1.1693674201628141,112.0,0.0,duct_filler,0,1247.0
5.758835810112714,112.0,0.0,duct_filler,0,1247.0
12.6870390403883,112.00000000000006,0.0,duct_filler,0,1247.0
165.10751010644856,112.0,0.0,duct_filler,0,1247.0
172.03571333672403,112.0,0.0,duct_filler,0,1247.0
178.9639165669995,112.0,0.0,duct_filler,0,1247.0
185.89211979727497,112.0,0.0,duct_filler,0,1247.0
192.82032302755056,112.0,0.0,duct_filler,0,1247.0
199.7485262578258,112.0,0.0,duct_filler,0,1247.0
234.38954240920327,112.0,0.0,duct_filler,0,1247.0
241.31774563947874,112.0,0.0,duct_filler,0,1247.0
248.24594886975422,112.0,0.0,duct_filler,0,1247.0
255.1741521000298,112.0,0.0,duct_filler,0,1247.0
262.10235533030504,112.0,0.0,duct_filler,0,1247.0
269.03055856058074,112.0,0.0,duct_filler,0,1247.0
275.9587617908561,112.0,0.0,duct_filler,0,1247.0
282.8869650211316,112.0,0.0,duct_filler,0,1247.0
289.81516825140704,112.0,0.0,duct_filler,0,1247.0
296.7433714816825,112.0,0.0,duct_filler,0,1247.0
303.671574711958,112.0,0.0,duct_filler,0,1247.0
310.5997779422336,112.0,0.0,duct_filler,0,1247.0
317.5279811725088,112.0,0.0,duct_filler,0,1247.0
324.4561844027844,112.0,0.0,duct_filler,0,1247.0
331.3843876330599,112.0,0.0,duct_filler,0,1247.0
338.31259086333534,112.0,0.0,duct_filler,0,1247.0
345.2407940936107,112.0,0.0,duct_filler,0,1247.0
352.1689973238865,112.0,0.0,duct_filler,0,1247.0
359.097200554162,112.0,0.0,duct_filler,0,1247.0
366.02540378443734,112.0,0.0,duct_filler,0,1247.0
372.9536070147128,112.0,0.0,duct_filler,0,1247.0
379.8818102449883,112.0,0.0,duct_filler,0,1247.0
386.81001347526364,112.0,0.0,duct_filler,0,1247.0
393.7382167055391,112.0,0.0,duct_filler,0,1247.0
400.6664199358146,112.0,0.0,duct_filler,0,1247.0
407.5946231660902,112.0,0.0,duct_filler,0,1247.0
414.52282639636553,112.0,0.0,duct_filler,0,1247.0
421.451029626641,112.0,0.0,duct_filler,0,1247.0
428.3792328569165,112.0,0.0,duct_filler,0,1247.0
435.30743608719183,112.0,0.0,duct_filler,0,1247.0
442.2356393174673,112.0,0.0,duct_filler,0,1247.0
449.1638425477428,112.0,0.0,duct_filler,0,1247.0
456.09204577801836,112.0,0.0,duct_filler,0,1247.0
-351.0436305490765,106.0,0.0,duct_filler,0,1247.0
-344.11542731880104,106.0,0.0,duct_filler,0,1247.0
-337.18722408852557,106.0,0.0,duct_filler,0,1247.0
-330.2590208582501,106.0,0.0,duct_filler,0,1247.0
-323.33081762797457,106.0,0.0,duct_filler,0,1247.0
-316.40261439769904,106.0,0.0,duct_filler,0,1247.0
-309.47441116742357,106.0,0.0,duct_filler,0,1247.0
-302.54620793714804,106.0,0.0,duct_filler,0,1247.0
-295.61800470687257,106.0,0.0,duct_filler,0,1247.0
-288.68980147659704,106.0,0.0,duct_filler,0,1247.0
-281.76159824632157,106.0,0.0,duct_filler,0,1247.0
-274.8333950160461,106.0,0.0,duct_filler,0,1247.0
-267.9051917857706,106.0,0.0,duct_filler,0,1247.0
-260.97698855549504,106.0,0.0,duct_filler,0,1247.0
-226.3359724041175,106.00000000000006,0.0,duct_filler,0,1247.0
-46.20268841695378,106.00000000000006,0.0,duct_filler,0,1247.0
-39.27448518667825,106.00000000000006,0.0,duct_filler,0,1247.0
-32.34628195640266,106.00000000000006,0.0,duct_filler,0,1247.0
-25.41807872612725,106.00000000000006,0.0,duct_filler,0,1247.0
-18.489875495851663,106.00000000000006,0.0,duct_filler,0,1247.0
-11.561672265576135,106.00000000000006,0.0,duct_filler,0,1247.0
-4.633469035300607,106.00000000000006,0.0,duct_filler,0,1247.0
2.2947341949749784,106.00000000000006,0.0,duct_filler,0,1247.0
9.222937425250507,106.00000000000006,0.0,duct_filler,0,1247.0
16.151140655525978,106.00000000000006,0.0,duct_filler,0,1247.0
168.57161172158635,106.00000000000006,0.0,duct_filler,0,1247.0
175.49981495186182,106.00000000000006,0.0,duct_filler,0,1247.0
182.4280181821373,106.00000000000006,0.0,duct_filler,0,1247.0
189.35622141241265,106.00000000000006,0.0,duct_filler,0,1247.0
196.28442464268812,106.00000000000006,0.0,duct_filler,0,1247.0
230.9254407940656,106.00000000000006,0.0,duct_filler,0,1247.0
237.85364402434107,106.00000000000006,0.0,duct_filler,0,1247.0
244.78184725461665,106.00000000000006,0.0,duct_filler,0,1247.0
251.7100504848919,106.00000000000006,0.0,duct_filler,0,1247.0
258.6382537151676,106.00000000000006,0.0,duct_filler,0,1247.0
265.56645694544295,106.00000000000006,0.0,duct_filler,0,1247.0
272.49466017571854,106.00000000000006,0.0,duct_filler,0,1247.0
279.4228634059939,106.00000000000006,0.0,duct_filler,0,1247.0
286.35106663626937,106.00000000000006,0.0,duct_filler,0,1247.0
293.27926986654484,106.00000000000006,0.0,duct_filler,0,1247.0
300.2074730968204,106.00000000000006,0.0,duct_filler,0,1247.0
307.13567632709567,106.00000000000006,0.0,duct_filler,0,1247.0
314.06387955737125,106.00000000000006,0.0,duct_filler,0,1247.0
320.9920827876467,106.00000000000006,0.0,duct_filler,0,1247.0
327.92028601792254,106.00000000000006,0.0,duct_filler,0,1247.0
334.84848924819755,106.00000000000006,0.0,duct_filler,0,1247.0
341.77669247847336,106.00000000000006,0.0,duct_filler,0,1247.0
348.70489570874884,106.00000000000006,0.0,duct_filler,0,1247.0
355.6330989390242,106.00000000000006,0.0,duct_filler,0,1247.0
362.56130216929967,106.00000000000006,0.0,duct_filler,0,1247.0
369.48950539957514,106.00000000000006,0.0,duct_filler,0,1247.0
376.4177086298505,106.00000000000006,0.0,duct_filler,0,1247.0
383.34591186012597,106.00000000000006,0.0,duct_filler,0,1247.0
390.27411509040144,106.00000000000006,0.0,duct_filler,0,1247.0
397.2023183206768,106.00000000000006,0.0,duct_filler,0,1247.0
404.1305215509524,106.00000000000006,0.0,duct_filler,0,1247.0
411.05872478122785,106.00000000000006,0.0,duct_filler,0,1247.0
417.9869280115033,106.00000000000006,0.0,duct_filler,0,1247.0
424.9151312417787,106.00000000000006,0.0,duct_filler,0,1247.0
431.8433344720544,106.00000000000006,0.0,duct_filler,0,1247.0
438.77153770232974,106.00000000000006,0.0,duct_filler,0,1247.0
445.6997409326052,106.00000000000006,0.0,duct_filler,0,1247.0
452.6279441628807,106.00000000000006,0.0,duct_filler,0,1247.0
-500.0,100.0,0.0,duct_filler,0,1247.0
-347.57952893393883,100.00000000000006,0.0,duct_filler,0,1247.0
-340.6513257036633,100.00000000000006,0.0,duct_filler,0,1247.0
-333.72312247338783,100.00000000000006,0.0,duct_filler,0,1247.0
-326.7949192431123,100.00000000000006,0.0,duct_filler,0,1247.0
-319.86671601283683,100.00000000000006,0.0,duct_filler,0,1247.0
-312.9385127825613,100.00000000000006,0.0,duct_filler,0,1247.0
-306.01030955228583,100.00000000000006,0.0,duct_filler,0,1247.0
-299.0821063220103,100.00000000000006,0.0,duct_filler,0,1247.0
-292.15390309173483,100.00000000000006,0.0,duct_filler,0,1247.0
-285.22569986145925,100.00000000000006,0.0,duct_filler,0,1247.0
-278.29749663118383,100.00000000000006,0.0,duct_filler,0,1247.0
-271.3692934009083,100.00000000000006,0.0,duct_filler,0,1247.0
-264.44109017063283,100.00000000000006,0.0,duct_filler,0,1247.0
-21.953977110989342,100.0,0.0,duct_filler,0,1247.0
-15.025773880713814,100.0,0.0,duct_filler,0,1247.0
-8.097570650438342,100.0,0.0,duct_filler,0,1247.0
-1.1693674201628141,100.0,0.0,duct_filler,0,1247.0
5.758835810112714,100.0,0.0,duct_filler,0,1247.0
12.6870390403883,100.00000000000006,0.0,duct_filler,0,1247.0
19.615242270663657,100.0,0.0,duct_filler,0,1247.0
165.10751010644856,100.0,0.0,duct_filler,0,1247.0
172.03571333672403,100.0,0.0,duct_filler,0,1247.0
178.9639165669995,100.0,0.0,duct_filler,0,1247.0
185.89211979727497,100.0,0.0,duct_filler,0,1247.0
192.82032302755056,100.0,0.0,duct_filler,0,1247.0
220.53313594865233,100.0,0.0,duct_filler,0,1247.0
227.4613391789278,100.0,0.0,duct_filler,0,1247.0
234.38954240920327,100.0,0.0,duct_filler,0,1247.0
241.31774563947874,100.0,0.0,duct_filler,0,1247.0
248.24594886975422,100.0,0.0,duct_filler,0,1247.0
255.1741521000298,100.0,0.0,duct_filler,0,1247.0
262.10235533030504,100.0,0.0,duct_filler,0,1247.0
269.03055856058074,100.0,0.0,duct_filler,0,1247.0
275.9587617908561,100.0,0.0,duct_filler,0,1247.0
282.8869650211316,100.0,0.0,duct_filler,0,1247.0
289.81516825140704,100.0,0.0,duct_filler,0,1247.0
296.7433714816825,100.0,0.0,duct_filler,0,1247.0
303.671574711958,100.0,0.0,duct_filler,0,1247.0
310.5997779422336,100.0,0.0,duct_filler,0,1247.0
317.5279811725088,100.0,0.0,duct_filler,0,1247.0
324.4561844027844,100.0,0.0,duct_filler,0,1247.0
331.3843876330599,100.0,0.0,duct_filler,0,1247.0
338.31259086333534,100.0,0.0,duct_filler,0,1247.0
345.2407940936107,100.0,0.0,duct_filler,0,1247.0
352.1689973238865,100.0,0.0,duct_filler,0,1247.0
359.097200554162,100.0,0.0,duct_filler,0,1247.0
366.02540378443734,100.0,0.0,duct_filler,0,1247.0
372.9536070147128,100.0,0.0,duct_filler,0,1247.0
379.8818102449883,100.0,0.0,duct_filler,0,1247.0
386.81001347526364,100.0,0.0,duct_filler,0,1247.0
393.7382167055391,100.0,0.0,duct_filler,0,1247.0
400.6664199358146,100.0,0.0,duct_filler,0,1247.0
407.5946231660902,100.0,0.0,duct_filler,0,1247.0
414.52282639636553,100.0,0.0,duct_filler,0,1247.0
421.451029626641,100.0,0.0,duct_filler,0,1247.0
428.3792328569165,100.0,0.0,duct_filler,0,1247.0
435.30743608719183,100.0,0.0,duct_filler,0,1247.0
442.2356393174673,100.0,0.0,duct_filler,0,1247.0
449.1638425477428,100.0,0.0,duct_filler,0,1247.0
456.09204577801836,100.0,0.0,duct_filler,0,1247.0
-496.53589838486226,94.00000000000006,0.0,duct_filler,0,1247.0
-344.11542731880104,94.0,0.0,duct_filler,0,1247.0
-337.18722408852557,94.0,0.0,duct_filler,0,1247.0
-330.2590208582501,94.0,0.0,duct_filler,0,1247.0
-323.33081762797457,94.0,0.0,duct_filler,0,1247.0
-316.40261439769904,94.0,0.0,duct_filler,0,1247.0
-309.47441116742357,94.0,0.0,duct_filler,0,1247.0
-302.54620793714804,94.0,0.0,duct_filler,0,1247.0
-295.61800470687257,94.0,0.0,duct_filler,0,1247.0
-288.68980147659704,94.0,0.0,duct_filler,0,1247.0
-281.76159824632157,94.0,0.0,duct_filler,0,1247.0
-274.8333950160461,94.0,0.0,duct_filler,0,1247.0
-267.9051917857706,94.0,0.0,duct_filler,0,1247.0
-18.489875495851663,94.0,0.0,duct_filler,0,1247.0
-11.561672265576135,94.0,0.0,duct_filler,0,1247.0
-4.633469035300607,94.0,0.0,duct_filler,0,1247.0
2.2947341949749784,94.0,0.0,duct_filler,0,1247.0
9.222937425250507,94.0,0.0,duct_filler,0,1247.0
16.151140655525978,94.0,0.0,duct_filler,0,1247.0
23.079343885801563,94.0,0.0,duct_filler,0,1247.0
168.57161172158635,94.0,0.0,duct_filler,0,1247.0
175.49981495186182,94.0,0.0,duct_filler,0,1247.0
182.4280181821373,94.0,0.0,duct_filler,0,1247.0
189.35622141241265,94.0,0.0,duct_filler,0,1247.0
196.28442464268812,94.0,0.0,duct_filler,0,1247.0
217.06903433351465,94.0,0.0,duct_filler,0,1247.0
223.99723756379012,94.0,0.0,duct_filler,0,1247.0
230.9254407940656,94.0,0.0,duct_filler,0,1247.0
237.85364402434107,94.0,0.0,duct_filler,0,1247.0
244.78184725461665,94.0,0.0,duct_filler,0,1247.0
251.7100504848919,94.0,0.0,duct_filler,0,1247.0
258.6382537151676,94.0,0.0,duct_filler,0,1247.0
265.56645694544295,94.0,0.0,duct_filler,0,1247.0
272.49466017571854,94.0,0.0,duct_filler,0,1247.0
279.4228634059939,94.0,0.0,duct_filler,0,1247.0
286.35106663626937,94.0,0.0,duct_filler,0,1247.0
293.27926986654484,94.0,0.0,duct_filler,0,1247.0
300.2074730968204,94.0,0.0,duct_filler,0,1247.0
307.13567632709567,94.0,0.0,duct_filler,0,1247.0
314.06387955737125,94.0,0.0,duct_filler,0,1247.0
320.9920827876467,94.0,0.0,duct_filler,0,1247.0
327.92028601792254,94.0,0.0,duct_filler,0,1247.0
334.84848924819755,94.0,0.0,duct_filler,0,1247.0
341.77669247847336,94.0,0.0,duct_filler,0,1247.0
348.70489570874884,94.0,0.0,duct_filler,0,1247.0
355.6330989390242,94.0,0.0,duct_filler,0,1247.0
362.56130216929967,94.0,0.0,duct_filler,0,1247.0
369.48950539957514,94.0,0.0,duct_filler,0,1247.0
376.4177086298505,94.0,0.0,duct_filler,0,1247.0
383.34591186012597,94.0,0.0,duct_filler,0,1247.0
390.27411509040144,94.0,0.0,duct_filler,0,1247.0
397.2023183206768,94.0,0.0,duct_filler,0,1247.0
404.1305215509524,94.0,0.0,duct_filler,0,1247.0
411.05872478122785,94.0,0.0,duct_filler,0,1247.0
417.9869280115033,94.0,0.0,duct_filler,0,1247.0
424.9151312417787,94.0,0.0,duct_filler,0,1247.0
431.8433344720544,94.0,0.0,duct_filler,0,1247.0
438.77153770232974,94.0,0.0,duct_filler,0,1247.0
445.6997409326052,94.0,0.0,duct_filler,0,1247.0
452.6279441628807,94.0,0.0,duct_filler,0,1247.0
-347.57952893393883,88.0,0.0,duct_filler,0,1247.0
-340.6513257036633,88.0,0.0,duct_filler,0,1247.0
-333.72312247338783,88.0,0.0,duct_filler,0,1247.0
-326.7949192431123,88.0,0.0,duct_filler,0,1247.0
-319.86671601283683,88.0,0.0,duct_filler,0,1247.0
-312.9385127825613,88.0,0.0,duct_filler,0,1247.0
-306.01030955228583,88.0,0.0,duct_filler,0,1247.0
-299.0821063220103,88.0,0.0,duct_filler,0,1247.0
-35.810383571540456,88.0,0.0,duct_filler,0,1247.0
-21.953977110989342,88.0,0.0,duct_filler,0,1247.0
-15.025773880713814,88.0,0.0,duct_filler,0,1247.0
-8.097570650438342,88.0,0.0,duct_filler,0,1247.0
-1.1693674201628141,88.0,0.0,duct_filler,0,1247.0
5.758835810112714,88.0,0.0,duct_filler,0,1247.0
12.6870390403883,88.00000000000006,0.0,duct_filler,0,1247.0
19.615242270663657,88.00000000000006,0.0,duct_filler,0,1247.0
165.10751010644856,88.00000000000006,0.0,duct_filler,0,1247.0
172.03571333672403,88.00000000000006,0.0,duct_filler,0,1247.0
178.9639165669995,88.00000000000006,0.0,duct_filler,0,1247.0
185.89211979727497,88.00000000000006,0.0,duct_filler,0,1247.0
192.82032302755056,88.00000000000006,0.0,duct_filler,0,1247.0
199.7485262578258,88.00000000000006,0.0,duct_filler,0,1247.0
206.6767294881015,88.00000000000006,0.0,duct_filler,0,1247.0
213.60493271837686,88.00000000000006,0.0,duct_filler,0,1247.0
220.53313594865233,88.00000000000006,0.0,duct_filler,0,1247.0
227.4613391789278,88.00000000000006,0.0,duct_filler,0,1247.0
234.38954240920327,88.00000000000006,0.0,duct_filler,0,1247.0
241.31774563947874,88.00000000000006,0.0,duct_filler,0,1247.0
248.24594886975422,88.00000000000006,0.0,duct_filler,0,1247.0
255.1741521000298,88.00000000000006,0.0,duct_filler,0,1247.0
262.10235533030504,88.00000000000006,0.0,duct_filler,0,1247.0
269.03055856058074,88.00000000000006,0.0,duct_filler,0,1247.0
275.9587617908561,88.00000000000006,0.0,duct_filler,0,1247.0
282.8869650211316,88.00000000000006,0.0,duct_filler,0,1247.0
289.81516825140704,88.00000000000006,0.0,duct_filler,0,1247.0
296.7433714816825,88.00000000000006,0.0,duct_filler,0,1247.0
303.671574711958,88.00000000000006,0.0,duct_filler,0,1247.0
310.5997779422336,88.00000000000006,0.0,duct_filler,0,1247.0
317.5279811725088,88.00000000000006,0.0,duct_filler,0,1247.0
324.4561844027844,88.00000000000006,0.0,duct_filler,0,1247.0
331.3843876330599,88.00000000000006,0.0,duct_filler,0,1247.0
338.31259086333534,88.00000000000006,0.0,duct_filler,0,1247.0
345.2407940936107,88.00000000000006,0.0,duct_filler,0,1247.0
352.1689973238865,88.00000000000006,0.0,duct_filler,0,1247.0
359.097200554162,88.00000000000006,0.0,duct_filler,0,1247.0
366.02540378443734,88.00000000000006,0.0,duct_filler,0,1247.0
372.9536070147128,88.00000000000006,0.0,duct_filler,0,1247.0
379.8818102449883,88.00000000000006,0.0,duct_filler,0,1247.0
386.81001347526364,88.00000000000006,0.0,duct_filler,0,1247.0
393.7382167055391,88.00000000000006,0.0,duct_filler,0,1247.0
400.6664199358146,88.00000000000006,0.0,duct_filler,0,1247.0
407.5946231660902,88.00000000000006,0.0,duct_filler,0,1247.0
414.52282639636553,88.00000000000006,0.0,duct_filler,0,1247.0
421.451029626641,88.00000000000006,0.0,duct_filler,0,1247.0
428.3792328569165,88.00000000000006,0.0,duct_filler,0,1247.0
435.30743608719183,88.00000000000006,0.0,duct_filler,0,1247.0
442.2356393174673,88.00000000000006,0.0,duct_filler,0,1247.0
449.1638425477428,88.00000000000006,0.0,duct_filler,0,1247.0
456.09204577801836,88.00000000000006,0.0,duct_filler,0,1247.0
-344.11542731880104,81.99999999999994,0.0,duct_filler,0,1247.0
-337.18722408852557,81.99999999999994,0.0,duct_filler,0,1247.0
-330.2590208582501,81.99999999999994,0.0,duct_filler,0,1247.0
-323.33081762797457,81.99999999999994,0.0,duct_filler,0,1247.0
-316.40261439769904,81.99999999999994,0.0,duct_filler,0,1247.0
-309.47441116742357,81.99999999999994,0.0,duct_filler,0,1247.0
-302.54620793714804,81.99999999999994,0.0,duct_filler,0,1247.0
-295.61800470687257,81.99999999999994,0.0,duct_filler,0,1247.0
-39.27448518667825,82.00000000000006,0.0,duct_filler,0,1247.0
-32.34628195640266,82.00000000000006,0.0,duct_filler,0,1247.0
-25.41807872612725,82.00000000000006,0.0,duct_filler,0,1247.0
-18.489875495851663,82.00000000000006,0.0,duct_filler,0,1247.0
-11.561672265576135,82.00000000000006,0.0,duct_filler,0,1247.0
-4.633469035300607,82.00000000000006,0.0,duct_filler,0,1247.0
2.2947341949749784,82.00000000000006,0.0,duct_filler,0,1247.0
9.222937425250507,82.00000000000006,0.0,duct_filler,0,1247.0
16.151140655525978,82.00000000000006,0.0,duct_filler,0,1247.0
23.079343885801563,82.00000000000006,0.0,duct_filler,0,1247.0
161.64340849131088,82.00000000000006,0.0,duct_filler,0,1247.0
168.57161172158635,82.00000000000006,0.0,duct_filler,0,1247.0
175.49981495186182,82.00000000000006,0.0,duct_filler,0,1247.0
182.4280181821373,82.00000000000006,0.0,duct_filler,0,1247.0
189.35622141241265,82.00000000000006,0.0,duct_filler,0,1247.0
196.28442464268812,82.00000000000006,0.0,duct_filler,0,1247.0
203.2126278729637,82.00000000000006,0.0,duct_filler,0,1247.0
210.14083110323918,82.00000000000006,0.0,duct_filler,0,1247.0
217.06903433351465,82.00000000000006,0.0,duct_filler,0,1247.0
223.99723756379012,82.00000000000006,0.0,duct_filler,0,1247.0
230.9254407940656,82.00000000000006,0.0,duct_filler,0,1247.0
237.85364402434107,82.00000000000006,0.0,duct_filler,0,1247.0
244.78184725461665,82.00000000000006,0.0,duct_filler,0,1247.0
251.7100504848919,82.00000000000006,0.0,duct_filler,0,1247.0
258.6382537151676,82.00000000000006,0.0,duct_filler,0,1247.0
265.56645694544295,82.00000000000006,0.0,duct_filler,0,1247.0
272.49466017571854,82.00000000000006,0.0,duct_filler,0,1247.0
279.4228634059939,82.00000000000006,0.0,duct_filler,0,1247.0
286.35106663626937,82.00000000000006,0.0,duct_filler,0,1247.0
293.27926986654484,82.00000000000006,0.0,duct_filler,0,1247.0
300.2074730968204,82.00000000000006,0.0,duct_filler,0,1247.0
307.13567632709567,82.00000000000006,0.0,duct_filler,0,1247.0
314.06387955737125,82.00000000000006,0.0,duct_filler,0,1247.0
320.9920827876467,82.00000000000006,0.0,duct_filler,0,1247.0
327.92028601792254,82.00000000000006,0.0,duct_filler,0,1247.0
334.84848924819755,82.00000000000006,0.0,duct_filler,0,1247.0
341.77669247847336,82.00000000000006,0.0,duct_filler,0,1247.0
348.70489570874884,82.00000000000006,0.0,duct_filler,0,1247.0
355.6330989390242,82.00000000000006,0.0,duct_filler,0,1247.0
362.56130216929967,82.00000000000006,0.0,duct_filler,0,1247.0
369.48950539957514,82.00000000000006,0.0,duct_filler,0,1247.0
376.4177086298505,82.00000000000006,0.0,duct_filler,0,1247.0
383.34591186012597,82.00000000000006,0.0,duct_filler,0,1247.0
390.27411509040144,82.00000000000006,0.0,duct_filler,0,1247.0
397.2023183206768,82.00000000000006,0.0,duct_filler,0,1247.0
404.1305215509524,82.00000000000006,0.0,duct_filler,0,1247.0
411.05872478122785,82.00000000000006,0.0,duct_filler,0,1247.0
417.9869280115033,82.00000000000006,0.0,duct_filler,0,1247.0
424.9151312417787,82.00000000000006,0.0,duct_filler,0,1247.0
431.8433344720544,82.00000000000006,0.0,duct_filler,0,1247.0
438.77153770232974,82.00000000000006,0.0,duct_filler,0,1247.0
445.6997409326052,82.00000000000006,0.0,duct_filler,0,1247.0
452.6279441628807,82.00000000000006,0.0,duct_filler,0,1247.0
-340.6513257036633,76.0,0.0,duct_filler,0,1247.0
-333.72312247338783,76.0,0.0,duct_filler,0,1247.0
-326.7949192431123,76.0,0.0,duct_filler,0,1247.0
-319.86671601283683,76.0,0.0,duct_filler,0,1247.0
-312.9385127825613,76.0,0.0,duct_filler,0,1247.0
-306.01030955228583,76.0,0.0,duct_filler,0,1247.0
-299.0821063220103,76.0,0.0,duct_filler,0,1247.0
-28.882180341264927,76.00000000000006,0.0,duct_filler,0,1247.0
-21.953977110989342,76.00000000000006,0.0,duct_filler,0,1247.0
-15.025773880713814,76.00000000000006,0.0,duct_filler,0,1247.0
-8.097570650438342,76.00000000000006,0.0,duct_filler,0,1247.0
-1.1693674201628141,76.00000000000006,0.0,duct_filler,0,1247.0
5.758835810112714,76.00000000000006,0.0,duct_filler,0,1247.0
12.6870390403883,76.0,0.0,duct_filler,0,1247.0
19.615242270663657,76.0,0.0,duct_filler,0,1247.0
130.4664939550712,76.0,0.0,duct_filler,0,1247.0
137.39469718534656,76.0,0.0,duct_filler,0,1247.0
165.10751010644856,76.0,0.0,duct_filler,0,1247.0
172.03571333672403,76.0,0.0,duct_filler,0,1247.0
178.9639165669995,76.0,0.0,duct_filler,0,1247.0
185.89211979727497,76.0,0.0,duct_filler,0,1247.0
192.82032302755056,76.0,0.0,duct_filler,0,1247.0
199.7485262578258,76.0,0.0,duct_filler,0,1247.0
206.6767294881015,76.0,0.0,duct_filler,0,1247.0
213.60493271837686,76.0,0.0,duct_filler,0,1247.0
220.53313594865233,76.0,0.0,duct_filler,0,1247.0
227.4613391789278,76.0,0.0,duct_filler,0,1247.0
234.38954240920327,76.0,0.0,duct_filler,0,1247.0
241.31774563947874,76.0,0.0,duct_filler,0,1247.0
248.24594886975422,76.0,0.0,duct_filler,0,1247.0
255.1741521000298,76.0,0.0,duct_filler,0,1247.0
262.10235533030504,76.0,0.0,duct_filler,0,1247.0
269.03055856058074,76.0,0.0,duct_filler,0,1247.0
275.9587617908561,76.0,0.0,duct_filler,0,1247.0
282.8869650211316,76.0,0.0,duct_filler,0,1247.0
289.81516825140704,76.0,0.0,duct_filler,0,1247.0
296.7433714816825,76.0,0.0,duct_filler,0,1247.0
303.671574711958,76.0,0.0,duct_filler,0,1247.0
310.5997779422336,76.0,0.0,duct_filler,0,1247.0
317.5279811725088,76.0,0.0,duct_filler,0,1247.0
324.4561844027844,76.0,0.0,duct_filler,0,1247.0
331.3843876330599,76.0,0.0,duct_filler,0,1247.0
338.31259086333534,76.0,0.0,duct_filler,0,1247.0
345.2407940936107,76.0,0.0,duct_filler,0,1247.0
352.1689973238865,76.0,0.0,duct_filler,0,1247.0
359.097200554162,76.0,0.0,duct_filler,0,1247.0
366.02540378443734,76.0,0.0,duct_filler,0,1247.0
372.9536070147128,76.0,0.0,duct_filler,0,1247.0
379.8818102449883,76.0,0.0,duct_filler,0,1247.0
386.81001347526364,76.0,0.0,duct_filler,0,1247.0
393.7382167055391,76.0,0.0,duct_filler,0,1247.0
400.6664199358146,76.0,0.0,duct_filler,0,1247.0
407.5946231660902,76.0,0.0,duct_filler,0,1247.0
414.52282639636553,76.0,0.0,duct_filler,0,1247.0
421.451029626641,76.0,0.0,duct_filler,0,1247.0
428.3792328569165,76.0,0.0,duct_filler,0,1247.0
435.30743608719183,76.0,0.0,duct_filler,0,1247.0
442.2356393174673,76.0,0.0,duct_filler,0,1247.0
449.1638425477428,76.0,0.0,duct_filler,0,1247.0
456.09204577801836,76.0,0.0,duct_filler,0,1247.0
-337.18722408852557,70.0,0.0,duct_filler,0,1247.0
-330.2590208582501,70.0,0.0,duct_filler,0,1247.0
-323.33081762797457,70.0,0.0,duct_filler,0,1247.0
-316.40261439769904,70.0,0.0,duct_filler,0,1247.0
-309.47441116742357,70.0,0.0,duct_filler,0,1247.0
-302.54620793714804,70.0,0.0,duct_filler,0,1247.0
-32.34628195640266,70.00000000000006,0.0,duct_filler,0,1247.0
-25.41807872612725,70.00000000000006,0.0,duct_filler,0,1247.0
-18.489875495851663,70.00000000000006,0.0,duct_filler,0,1247.0
-11.561672265576135,70.00000000000006,0.0,duct_filler,0,1247.0
-4.633469035300607,70.00000000000006,0.0,duct_filler,0,1247.0
2.2947341949749784,70.00000000000006,0.0,duct_filler,0,1247.0
9.222937425250507,70.00000000000006,0.0,duct_filler,0,1247.0
16.151140655525978,70.0,0.0,duct_filler,0,1247.0
23.079343885801563,70.0,0.0,duct_filler,0,1247.0
92.36137618855616,70.0,0.0,duct_filler,0,1247.0
99.28957941883164,70.0,0.0,duct_filler,0,1247.0
106.21778264910711,70.0,0.0,duct_filler,0,1247.0
113.14598587938258,70.0,0.0,duct_filler,0,1247.0
120.07418910965805,70.0,0.0,duct_filler,0,1247.0
127.00239233993341,70.0,0.0,duct_filler,0,1247.0
133.9305955702091,70.0,0.0,duct_filler,0,1247.0
140.85879880048446,70.0,0.0,duct_filler,0,1247.0
147.78700203076005,70.0,0.0,duct_filler,0,1247.0
161.64340849131088,70.0,0.0,duct_filler,0,1247.0
168.57161172158635,70.0,0.0,duct_filler,0,1247.0
175.49981495186182,70.0,0.0,duct_filler,0,1247.0
182.4280181821373,70.0,0.0,duct_filler,0,1247.0
189.35622141241265,70.0,0.0,duct_filler,0,1247.0
196.28442464268812,70.0,0.0,duct_filler,0,1247.0
203.2126278729637,70.0,0.0,duct_filler,0,1247.0
210.14083110323918,70.0,0.0,duct_filler,0,1247.0
217.06903433351465,70.0,0.0,duct_filler,0,1247.0
223.99723756379012,70.0,0.0,duct_filler,0,1247.0
230.9254407940656,70.0,0.0,duct_filler,0,1247.0
237.85364402434107,70.0,0.0,duct_filler,0,1247.0
244.78184725461665,70.0,0.0,duct_filler,0,1247.0
251.7100504848919,70.0,0.0,duct_filler,0,1247.0
258.6382537151676,70.0,0.0,duct_filler,0,1247.0
265.56645694544295,70.0,0.0,duct_filler,0,1247.0
272.49466017571854,70.0,0.0,duct_filler,0,1247.0
279.4228634059939,70.0,0.0,duct_filler,0,1247.0
286.35106663626937,70.0,0.0,duct_filler,0,1247.0
293.27926986654484,70.0,0.0,duct_filler,0,1247.0
300.2074730968204,70.0,0.0,duct_filler,0,1247.0
307.13567632709567,70.0,0.0,duct_filler,0,1247.0
314.06387955737125,70.0,0.0,duct_filler,0,1247.0
320.9920827876467,70.0,0.0,duct_filler,0,1247.0
327.92028601792254,70.0,0.0,duct_filler,0,1247.0
334.84848924819755,70.0,0.0,duct_filler,0,1247.0
341.77669247847336,70.0,0.0,duct_filler,0,1247.0
348.70489570874884,70.0,0.0,duct_filler,0,1247.0
355.6330989390242,70.0,0.0,duct_filler,0,1247.0
362.56130216929967,70.0,0.0,duct_filler,0,1247.0
369.48950539957514,70.0,0.0,duct_filler,0,1247.0
376.4177086298505,70.0,0.0,duct_filler,0,1247.0
383.34591186012597,70.0,0.0,duct_filler,0,1247.0
390.27411509040144,70.0,0.0,duct_filler,0,1247.0
397.2023183206768,70.0,0.0,duct_filler,0,1247.0
404.1305215509524,70.0,0.0,duct_filler,0,1247.0
411.05872478122785,70.0,0.0,duct_filler,0,1247.0
417.9869280115033,70.0,0.0,duct_filler,0,1247.0
424.9151312417787,70.0,0.0,duct_filler,0,1247.0
431.8433344720544,70.0,0.0,duct_filler,0,1247.0
438.77153770232974,70.0,0.0,duct_filler,0,1247.0
445.6997409326052,70.0,0.0,duct_filler,0,1247.0
452.6279441628807,70.0,0.0,duct_filler,0,1247.0
-326.7949192431123,64.00000000000006,0.0,duct_filler,0,1247.0
-319.86671601283683,64.00000000000006,0.0,duct_filler,0,1247.0
-312.9385127825613,64.00000000000006,0.0,duct_filler,0,1247.0
-28.882180341264927,64.0,0.0,duct_filler,0,1247.0
-21.953977110989342,64.0,0.0,duct_filler,0,1247.0
-15.025773880713814,64.0,0.0,duct_filler,0,1247.0
-8.097570650438342,64.0,0.0,duct_filler,0,1247.0
-1.1693674201628141,64.0,0.0,duct_filler,0,1247.0
5.758835810112714,64.0,0.0,duct_filler,0,1247.0
12.6870390403883,63.99999999999994,0.0,duct_filler,0,1247.0
19.615242270663657,64.00000000000006,0.0,duct_filler,0,1247.0
88.89727457341837,64.00000000000006,0.0,duct_filler,0,1247.0
95.82547780369384,64.00000000000006,0.0,duct_filler,0,1247.0
102.75368103396931,64.00000000000006,0.0,duct_filler,0,1247.0
109.6818842642449,64.00000000000006,0.0,duct_filler,0,1247.0
116.61008749452026,64.00000000000006,0.0,duct_filler,0,1247.0
123.53829072479573,64.00000000000006,0.0,duct_filler,0,1247.0
130.4664939550712,64.00000000000006,0.0,duct_filler,0,1247.0
137.39469718534656,64.00000000000006,0.0,duct_filler,0,1247.0
144.32290041562203,64.00000000000006,0.0,duct_filler,0,1247.0
151.25110364589762,64.00000000000006,0.0,duct_filler,0,1247.0
165.10751010644856,64.00000000000006,0.0,duct_filler,0,1247.0
172.03571333672403,64.00000000000006,0.0,duct_filler,0,1247.0
178.9639165669995,64.00000000000006,0.0,duct_filler,0,1247.0
185.89211979727497,64.00000000000006,0.0,duct_filler,0,1247.0
192.82032302755056,64.00000000000006,0.0,duct_filler,0,1247.0
199.7485262578258,64.00000000000006,0.0,duct_filler,0,1247.0
206.6767294881015,64.00000000000006,0.0,duct_filler,0,1247.0
213.60493271837686,64.00000000000006,0.0,duct_filler,0,1247.0
220.53313594865233,64.00000000000006,0.0,duct_filler,0,1247.0
227.4613391789278,64.00000000000006,0.0,duct_filler,0,1247.0
234.38954240920327,64.00000000000006,0.0,duct_filler,0,1247.0
241.31774563947874,64.00000000000006,0.0,duct_filler,0,1247.0
248.24594886975422,64.00000000000006,0.0,duct_filler,0,1247.0
255.1741521000298,64.00000000000006,0.0,duct_filler,0,1247.0
262.10235533030504,64.00000000000006,0.0,duct_filler,0,1247.0
269.03055856058074,64.00000000000006,0.0,duct_filler,0,1247.0
275.9587617908561,64.00000000000006,0.0,duct_filler,0,1247.0
282.8869650211316,64.00000000000006,0.0,duct_filler,0,1247.0
289.81516825140704,64.00000000000006,0.0,duct_filler,0,1247.0
296.7433714816825,64.00000000000006,0.0,duct_filler,0,1247.0
303.671574711958,64.00000000000006,0.0,duct_filler,0,1247.0
310.5997779422336,64.00000000000006,0.0,duct_filler,0,1247.0
317.5279811725088,64.00000000000006,0.0,duct_filler,0,1247.0
324.4561844027844,64.00000000000006,0.0,duct_filler,0,1247.0
331.3843876330599,64.00000000000006,0.0,duct_filler,0,1247.0
338.31259086333534,64.00000000000006,0.0,duct_filler,0,1247.0
345.2407940936107,64.00000000000006,0.0,duct_filler,0,1247.0
352.1689973238865,64.00000000000006,0.0,duct_filler,0,1247.0
359.097200554162,64.00000000000006,0.0,duct_filler,0,1247.0
366.02540378443734,64.00000000000006,0.0,duct_filler,0,1247.0
372.9536070147128,64.00000000000006,0.0,duct_filler,0,1247.0
379.8818102449883,64.00000000000006,0.0,duct_filler,0,1247.0
386.81001347526364,64.00000000000006,0.0,duct_filler,0,1247.0
393.7382167055391,64.00000000000006,0.0,duct_filler,0,1247.0
400.6664199358146,64.00000000000006,0.0,duct_filler,0,1247.0
407.5946231660902,64.00000000000006,0.0,duct_filler,0,1247.0
414.52282639636553,64.00000000000006,0.0,duct_filler,0,1247.0
421.451029626641,64.00000000000006,0.0,duct_filler,0,1247.0
428.3792328569165,64.00000000000006,0.0,duct_filler,0,1247.0
435.30743608719183,64.00000000000006,0.0,duct_filler,0,1247.0
442.2356393174673,64.00000000000006,0.0,duct_filler,0,1247.0
449.1638425477428,64.00000000000006,0.0,duct_filler,0,1247.0
-406.4692563912806,58.00000000000006,0.0,duct_filler,0,1247.0
-399.54105316100515,58.00000000000006,0.0,duct_filler,0,1247.0
-392.6128499307296,58.00000000000006,0.0,duct_filler,0,1247.0
-385.6846467004541,58.00000000000006,0.0,duct_filler,0,1247.0
-219.40776917384198,58.0,0.0,duct_filler,0,1247.0
-212.4795659435664,58.0,0.0,duct_filler,0,1247.0
-205.55136271329087,58.0,0.0,duct_filler,0,1247.0
-18.489875495851663,58.0,0.0,duct_filler,0,1247.0
-11.561672265576135,58.0,0.0,duct_filler,0,1247.0
-4.633469035300607,58.0,0.0,duct_filler,0,1247.0
2.2947341949749784,58.0,0.0,duct_filler,0,1247.0
9.222937425250507,58.0,0.0,duct_filler,0,1247.0
16.151140655525978,58.0,0.0,duct_filler,0,1247.0
92.36137618855616,58.0,0.0,duct_filler,0,1247.0
99.28957941883164,58.0,0.0,duct_filler,0,1247.0
106.21778264910711,58.0,0.0,duct_filler,0,1247.0
113.14598587938258,58.0,0.0,duct_filler,0,1247.0
120.07418910965805,58.0,0.0,duct_filler,0,1247.0
127.00239233993341,58.0,0.0,duct_filler,0,1247.0
133.9305955702091,58.0,0.0,duct_filler,0,1247.0
140.85879880048446,58.0,0.0,duct_filler,0,1247.0
147.78700203076005,58.0,0.0,duct_filler,0,1247.0
154.7152052610354,58.0,0.0,duct_filler,0,1247.0
161.64340849131088,58.0,0.0,duct_filler,0,1247.0
168.57161172158635,58.0,0.0,duct_filler,0,1247.0
175.49981495186182,58.0,0.0,duct_filler,0,1247.0
182.4280181821373,58.0,0.0,duct_filler,0,1247.0
189.35622141241265,58.0,0.0,duct_filler,0,1247.0
196.28442464268812,58.0,0.0,duct_filler,0,1247.0
203.2126278729637,58.0,0.0,duct_filler,0,1247.0
210.14083110323918,58.0,0.0,duct_filler,0,1247.0
217.06903433351465,58.0,0.0,duct_filler,0,1247.0
223.99723756379012,58.0,0.0,duct_filler,0,1247.0
230.9254407940656,58.0,0.0,duct_filler,0,1247.0
237.85364402434107,58.0,0.0,duct_filler,0,1247.0
244.78184725461665,58.0,0.0,duct_filler,0,1247.0
251.7100504848919,58.0,0.0,duct_filler,0,1247.0
258.6382537151676,58.0,0.0,duct_filler,0,1247.0
265.56645694544295,58.0,0.0,duct_filler,0,1247.0
272.49466017571854,58.0,0.0,duct_filler,0,1247.0
279.4228634059939,58.0,0.0,duct_filler,0,1247.0
286.35106663626937,58.0,0.0,duct_filler,0,1247.0
293.27926986654484,58.0,0.0,duct_filler,0,1247.0
300.2074730968204,58.0,0.0,duct_filler,0,1247.0
307.13567632709567,58.0,0.0,duct_filler,0,1247.0
314.06387955737125,58.0,0.0,duct_filler,0,1247.0
320.9920827876467,58.0,0.0,duct_filler,0,1247.0
327.92028601792254,58.0,0.0,duct_filler,0,1247.0
334.84848924819755,58.0,0.0,duct_filler,0,1247.0
341.77669247847336,58.0,0.0,duct_filler,0,1247.0
348.70489570874884,58.0,0.0,duct_filler,0,1247.0
355.6330989390242,58.0,0.0,duct_filler,0,1247.0
362.56130216929967,58.0,0.0,duct_filler,0,1247.0
369.48950539957514,58.0,0.0,duct_filler,0,1247.0
376.4177086298505,58.0,0.0,duct_filler,0,1247.0
383.34591186012597,58.0,0.0,duct_filler,0,1247.0
390.27411509040144,58.0,0.0,duct_filler,0,1247.0
397.2023183206768,58.0,0.0,duct_filler,0,1247.0
404.1305215509524,58.0,0.0,duct_filler,0,1247.0
411.05872478122785,58.0,0.0,duct_filler,0,1247.0
417.9869280115033,58.0,0.0,duct_filler,0,1247.0
424.9151312417787,58.0,0.0,duct_filler,0,1247.0
431.8433344720544,58.0,0.0,duct_filler,0,1247.0
438.77153770232974,58.0,0.0,duct_filler,0,1247.0
445.6997409326052,58.0,0.0,duct_filler,0,1247.0
-409.93335800641836,52.0,0.0,duct_filler,0,1247.0
-403.00515477614283,52.0,0.0,duct_filler,0,1247.0
-396.07695154586736,52.0,0.0,duct_filler,0,1247.0
-389.14874831559183,52.0,0.0,duct_filler,0,1247.0
-382.2205450853163,52.0,0.0,duct_filler,0,1247.0
-375.29234185504083,51.99999999999994,0.0,duct_filler,0,1247.0
-368.36413862476525,52.0,0.0,duct_filler,0,1247.0
-222.87187078897972,52.0,0.0,duct_filler,0,1247.0
-215.9436675587042,52.0,0.0,duct_filler,0,1247.0
-209.01546432842866,52.0,0.0,duct_filler,0,1247.0
-202.0872610981532,52.0,0.0,duct_filler,0,1247.0
-8.097570650438342,52.0,0.0,duct_filler,0,1247.0
-1.1693674201628141,52.0,0.0,duct_filler,0,1247.0
5.758835810112714,52.0,0.0,duct_filler,0,1247.0
12.6870390403883,52.000000000000114,0.0,duct_filler,0,1247.0
81.9690713431429,52.0,0.0,duct_filler,0,1247.0
88.89727457341837,52.0,0.0,duct_filler,0,1247.0
95.82547780369384,52.0,0.0,duct_filler,0,1247.0
102.75368103396931,52.0,0.0,duct_filler,0,1247.0
109.6818842642449,52.0,0.0,duct_filler,0,1247.0
116.61008749452026,52.0,0.0,duct_filler,0,1247.0
123.53829072479573,52.0,0.0,duct_filler,0,1247.0
130.4664939550712,52.0,0.0,duct_filler,0,1247.0
137.39469718534656,52.0,0.0,duct_filler,0,1247.0
144.32290041562203,52.0,0.0,duct_filler,0,1247.0
151.25110364589762,52.0,0.0,duct_filler,0,1247.0
165.10751010644856,52.0,0.0,duct_filler,0,1247.0
172.03571333672403,52.0,0.0,duct_filler,0,1247.0
178.9639165669995,52.0,0.0,duct_filler,0,1247.0
185.89211979727497,52.0,0.0,duct_filler,0,1247.0
192.82032302755056,52.0,0.0,duct_filler,0,1247.0
199.7485262578258,52.0,0.0,duct_filler,0,1247.0
206.6767294881015,52.0,0.0,duct_filler,0,1247.0
213.60493271837686,52.0,0.0,duct_filler,0,1247.0
220.53313594865233,52.0,0.0,duct_filler,0,1247.0
227.4613391789278,52.0,0.0,duct_filler,0,1247.0
234.38954240920327,52.0,0.0,duct_filler,0,1247.0
241.31774563947874,52.0,0.0,duct_filler,0,1247.0
248.24594886975422,52.0,0.0,duct_filler,0,1247.0
255.1741521000298,52.0,0.0,duct_filler,0,1247.0
262.10235533030504,52.0,0.0,duct_filler,0,1247.0
269.03055856058074,52.0,0.0,duct_filler,0,1247.0
275.9587617908561,52.0,0.0,duct_filler,0,1247.0
282.8869650211316,52.0,0.0,duct_filler,0,1247.0
289.81516825140704,52.0,0.0,duct_filler,0,1247.0
296.7433714816825,52.0,0.0,duct_filler,0,1247.0
303.671574711958,52.0,0.0,duct_filler,0,1247.0
310.5997779422336,52.0,0.0,duct_filler,0,1247.0
317.5279811725088,52.0,0.0,duct_filler,0,1247.0
324.4561844027844,52.0,0.0,duct_filler,0,1247.0
331.3843876330599,52.0,0.0,duct_filler,0,1247.0
338.31259086333534,52.0,0.0,duct_filler,0,1247.0
345.2407940936107,52.0,0.0,duct_filler,0,1247.0
352.1689973238865,52.0,0.0,duct_filler,0,1247.0
359.097200554162,52.0,0.0,duct_filler,0,1247.0
366.02540378443734,52.0,0.0,duct_filler,0,1247.0
372.9536070147128,52.0,0.0,duct_filler,0,1247.0
379.8818102449883,52.0,0.0,duct_filler,0,1247.0
386.81001347526364,52.0,0.0,duct_filler,0,1247.0
393.7382167055391,52.0,0.0,duct_filler,0,1247.0
400.6664199358146,52.0,0.0,duct_filler,0,1247.0
407.5946231660902,52.0,0.0,duct_filler,0,1247.0
414.52282639636553,52.0,0.0,duct_filler,0,1247.0
421.451029626641,52.0,0.0,duct_filler,0,1247.0
428.3792328569165,52.0,0.0,duct_filler,0,1247.0
435.30743608719183,52.0,0.0,duct_filler,0,1247.0
442.2356393174673,52.0,0.0,duct_filler,0,1247.0
449.1638425477428,52.0,0.0,duct_filler,0,1247.0
-413.39745962155615,46.00000000000006,0.0,duct_filler,0,1247.0
-406.4692563912806,46.00000000000006,0.0,duct_filler,0,1247.0
-399.54105316100515,46.00000000000006,0.0,duct_filler,0,1247.0
-392.6128499307296,46.00000000000006,0.0,duct_filler,0,1247.0
-385.6846467004541,46.00000000000006,0.0,duct_filler,0,1247.0
-378.75644347017857,46.00000000000006,0.0,duct_filler,0,1247.0
-371.8282402399031,46.0,0.0,duct_filler,0,1247.0
-364.90003700962757,46.0,0.0,duct_filler,0,1247.0
-226.3359724041175,46.0,0.0,duct_filler,0,1247.0
-219.40776917384198,46.0,0.0,duct_filler,0,1247.0
-212.4795659435664,46.0,0.0,duct_filler,0,1247.0
-205.55136271329087,46.0,0.0,duct_filler,0,1247.0
-198.6231594830154,46.0,0.0,duct_filler,0,1247.0
78.50496972800522,46.0,0.0,duct_filler,0,1247.0
85.4331729582807,46.0,0.0,duct_filler,0,1247.0
92.36137618855616,46.0,0.0,duct_filler,0,1247.0
99.28957941883164,46.0,0.0,duct_filler,0,1247.0
106.21778264910711,46.0,0.0,duct_filler,0,1247.0
113.14598587938258,46.0,0.0,duct_filler,0,1247.0
120.07418910965805,46.0,0.0,duct_filler,0,1247.0
127.00239233993341,46.0,0.0,duct_filler,0,1247.0
133.9305955702091,46.0,0.0,duct_filler,0,1247.0
140.85879880048446,46.0,0.0,duct_filler,0,1247.0
147.78700203076005,46.0,0.0,duct_filler,0,1247.0
154.7152052610354,46.0,0.0,duct_filler,0,1247.0
168.57161172158635,46.0,0.0,duct_filler,0,1247.0
175.49981495186182,46.0,0.0,duct_filler,0,1247.0
182.4280181821373,46.0,0.0,duct_filler,0,1247.0
189.35622141241265,46.0,0.0,duct_filler,0,1247.0
196.28442464268812,46.0,0.0,duct_filler,0,1247.0
203.2126278729637,46.0,0.0,duct_filler,0,1247.0
210.14083110323918,46.0,0.0,duct_filler,0,1247.0
217.06903433351465,46.0,0.0,duct_filler,0,1247.0
223.99723756379012,46.0,0.0,duct_filler,0,1247.0
230.9254407940656,46.0,0.0,duct_filler,0,1247.0
237.85364402434107,46.0,0.0,duct_filler,0,1247.0
244.78184725461665,46.0,0.0,duct_filler,0,1247.0
251.7100504848919,46.0,0.0,duct_filler,0,1247.0
258.6382537151676,46.0,0.0,duct_filler,0,1247.0
265.56645694544295,46.0,0.0,duct_filler,0,1247.0
272.49466017571854,46.0,0.0,duct_filler,0,1247.0
279.4228634059939,46.0,0.0,duct_filler,0,1247.0
286.35106663626937,46.0,0.0,duct_filler,0,1247.0
293.27926986654484,46.0,0.0,duct_filler,0,1247.0
300.2074730968204,46.0,0.0,duct_filler,0,1247.0
307.13567632709567,46.0,0.0,duct_filler,0,1247.0
314.06387955737125,46.0,0.0,duct_filler,0,1247.0
320.9920827876467,46.0,0.0,duct_filler,0,1247.0
327.92028601792254,46.0,0.0,duct_filler,0,1247.0
334.84848924819755,46.0,0.0,duct_filler,0,1247.0
341.77669247847336,46.0,0.0,duct_filler,0,1247.0
348.70489570874884,46.0,0.0,duct_filler,0,1247.0
355.6330989390242,46.0,0.0,duct_filler,0,1247.0
362.56130216929967,46.0,0.0,duct_filler,0,1247.0
369.48950539957514,46.0,0.0,duct_filler,0,1247.0
376.4177086298505,46.0,0.0,duct_filler,0,1247.0
383.34591186012597,46.0,0.0,duct_filler,0,1247.0
390.27411509040144,46.0,0.0,duct_filler,0,1247.0
397.2023183206768,46.0,0.0,duct_filler,0,1247.0
404.1305215509524,46.0,0.0,duct_filler,0,1247.0
411.05872478122785,46.0,0.0,duct_filler,0,1247.0
417.9869280115033,46.0,0.0,duct_filler,0,1247.0
424.9151312417787,46.0,0.0,duct_filler,0,1247.0
431.8433344720544,46.0,0.0,duct_filler,0,1247.0
438.77153770232974,46.0,0.0,duct_filler,0,1247.0
445.6997409326052,46.0,0.0,duct_filler,0,1247.0
-416.8615612366939,40.0,0.0,duct_filler,0,1247.0
-409.93335800641836,40.0,0.0,duct_filler,0,1247.0
-403.00515477614283,40.0,0.0,duct_filler,0,1247.0
-396.07695154586736,40.0,0.0,duct_filler,0,1247.0
-389.14874831559183,40.0,0.0,duct_filler,0,1247.0
-382.2205450853163,40.0,0.0,duct_filler,0,1247.0
-375.29234185504083,40.00000000000006,0.0,duct_filler,0,1247.0
-368.36413862476525,40.00000000000006,0.0,duct_filler,0,1247.0
-361.4359353944898,40.00000000000006,0.0,duct_filler,0,1247.0
-229.80007401925525,40.0,0.0,duct_filler,0,1247.0
-222.87187078897972,40.0,0.0,duct_filler,0,1247.0
-215.9436675587042,40.0,0.0,duct_filler,0,1247.0
-209.01546432842866,40.0,0.0,duct_filler,0,1247.0
-202.0872610981532,40.0,0.0,duct_filler,0,1247.0
-195.15905786787755,40.0,0.0,duct_filler,0,1247.0
75.04086811286754,39.99999999999994,0.0,duct_filler,0,1247.0
81.9690713431429,39.99999999999994,0.0,duct_filler,0,1247.0
88.89727457341837,39.99999999999994,0.0,duct_filler,0,1247.0
95.82547780369384,39.99999999999994,0.0,duct_filler,0,1247.0
102.75368103396931,39.99999999999994,0.0,duct_filler,0,1247.0
109.6818842642449,39.99999999999994,0.0,duct_filler,0,1247.0
116.61008749452026,39.99999999999994,0.0,duct_filler,0,1247.0
123.53829072479573,39.99999999999994,0.0,duct_filler,0,1247.0
130.4664939550712,39.99999999999994,0.0,duct_filler,0,1247.0
137.39469718534656,39.99999999999994,0.0,duct_filler,0,1247.0
144.32290041562203,39.99999999999994,0.0,duct_filler,0,1247.0
151.25110364589762,39.99999999999994,0.0,duct_filler,0,1247.0
158.1793068761731,39.99999999999994,0.0,duct_filler,0,1247.0
172.03571333672403,39.99999999999994,0.0,duct_filler,0,1247.0
178.9639165669995,39.99999999999994,0.0,duct_filler,0,1247.0
185.89211979727497,39.99999999999994,0.0,duct_filler,0,1247.0
192.82032302755056,39.99999999999994,0.0,duct_filler,0,1247.0
199.7485262578258,39.99999999999994,0.0,duct_filler,0,1247.0
206.6767294881015,39.99999999999994,0.0,duct_filler,0,1247.0
213.60493271837686,39.99999999999994,0.0,duct_filler,0,1247.0
220.53313594865233,39.99999999999994,0.0,duct_filler,0,1247.0
227.4613391789278,39.99999999999994,0.0,duct_filler,0,1247.0
234.38954240920327,39.99999999999994,0.0,duct_filler,0,1247.0
241.31774563947874,39.99999999999994,0.0,duct_filler,0,1247.0
248.24594886975422,39.99999999999994,0.0,duct_filler,0,1247.0
255.1741521000298,39.99999999999994,0.0,duct_filler,0,1247.0
262.10235533030504,39.99999999999994,0.0,duct_filler,0,1247.0
275.9587617908561,39.99999999999994,0.0,duct_filler,0,1247.0
282.8869650211316,39.99999999999994,0.0,duct_filler,0,1247.0
289.81516825140704,39.99999999999994,0.0,duct_filler,0,1247.0
296.7433714816825,39.99999999999994,0.0,duct_filler,0,1247.0
303.671574711958,39.99999999999994,0.0,duct_filler,0,1247.0
310.5997779422336,39.99999999999994,0.0,duct_filler,0,1247.0
317.5279811725088,39.99999999999994,0.0,duct_filler,0,1247.0
324.4561844027844,39.99999999999994,0.0,duct_filler,0,1247.0
331.3843876330599,39.99999999999994,0.0,duct_filler,0,1247.0
338.31259086333534,39.99999999999994,0.0,duct_filler,0,1247.0
345.2407940936107,39.99999999999994,0.0,duct_filler,0,1247.0
352.1689973238865,39.99999999999994,0.0,duct_filler,0,1247.0
359.097200554162,39.99999999999994,0.0,duct_filler,0,1247.0
366.02540378443734,39.99999999999994,0.0,duct_filler,0,1247.0
372.9536070147128,39.99999999999994,0.0,duct_filler,0,1247.0
379.8818102449883,39.99999999999994,0.0,duct_filler,0,1247.0
386.81001347526364,39.99999999999994,0.0,duct_filler,0,1247.0
393.7382167055391,39.99999999999994,0.0,duct_filler,0,1247.0
400.6664199358146,39.99999999999994,0.0,duct_filler,0,1247.0
407.5946231660902,39.99999999999994,0.0,duct_filler,0,1247.0
414.52282639636553,39.99999999999994,0.0,duct_filler,0,1247.0
421.451029626641,39.99999999999994,0.0,duct_filler,0,1247.0
428.3792328569165,39.99999999999994,0.0,duct_filler,0,1247.0
435.30743608719183,39.99999999999994,0.0,duct_filler,0,1247.0
442.2356393174673,39.99999999999994,0.0,duct_filler,0,1247.0
-413.39745962155615,34.0,0.0,duct_filler,0,1247.0
-406.4692563912806,34.0,0.0,duct_filler,0,1247.0
-399.54105316100515,34.0,0.0,duct_filler,0,1247.0
-392.6128499307296,34.0,0.0,duct_filler,0,1247.0
-385.6846467004541,34.0,0.0,duct_filler,0,1247.0
-378.75644347017857,34.0,0.0,duct_filler,0,1247.0
-371.8282402399031,34.0,0.0,duct_filler,0,1247.0
-364.90003700962757,34.0,0.0,duct_filler,0,1247.0
-233.26417563439304,34.00000000000006,0.0,duct_filler,0,1247.0
-226.3359724041175,34.00000000000006,0.0,duct_filler,0,1247.0
-219.40776917384198,34.00000000000006,0.0,duct_filler,0,1247.0
-212.4795659435664,34.00000000000006,0.0,duct_filler,0,1247.0
-205.55136271329087,34.00000000000006,0.0,duct_filler,0,1247.0
-198.6231594830154,34.00000000000006,0.0,duct_filler,0,1247.0
-191.69495625273993,34.00000000000006,0.0,duct_filler,0,1247.0
71.57676649772975,34.0,0.0,duct_filler,0,1247.0
78.50496972800522,34.0,0.0,duct_filler,0,1247.0
85.4331729582807,34.0,0.0,duct_filler,0,1247.0
92.36137618855616,34.0,0.0,duct_filler,0,1247.0
99.28957941883164,34.0,0.0,duct_filler,0,1247.0
106.21778264910711,34.0,0.0,duct_filler,0,1247.0
113.14598587938258,34.0,0.0,duct_filler,0,1247.0
120.07418910965805,34.0,0.0,duct_filler,0,1247.0
127.00239233993341,34.0,0.0,duct_filler,0,1247.0
133.9305955702091,34.0,0.0,duct_filler,0,1247.0
140.85879880048446,34.0,0.0,duct_filler,0,1247.0
147.78700203076005,34.0,0.0,duct_filler,0,1247.0
154.7152052610354,34.0,0.0,duct_filler,0,1247.0
168.57161172158635,34.0,0.0,duct_filler,0,1247.0
175.49981495186182,34.0,0.0,duct_filler,0,1247.0
182.4280181821373,34.0,0.0,duct_filler,0,1247.0
189.35622141241265,34.0,0.0,duct_filler,0,1247.0
196.28442464268812,34.0,0.0,duct_filler,0,1247.0
203.2126278729637,34.0,0.0,duct_filler,0,1247.0
210.14083110323918,34.0,0.0,duct_filler,0,1247.0
217.06903433351465,34.0,0.0,duct_filler,0,1247.0
223.99723756379012,34.0,0.0,duct_filler,0,1247.0
230.9254407940656,34.0,0.0,duct_filler,0,1247.0
237.85364402434107,34.0,0.0,duct_filler,0,1247.0
244.78184725461665,34.0,0.0,duct_filler,0,1247.0
251.7100504848919,34.0,0.0,duct_filler,0,1247.0
258.6382537151676,34.0,0.0,duct_filler,0,1247.0
272.49466017571854,34.0,0.0,duct_filler,0,1247.0
279.4228634059939,34.0,0.0,duct_filler,0,1247.0
286.35106663626937,34.0,0.0,duct_filler,0,1247.0
293.27926986654484,34.0,0.0,duct_filler,0,1247.0
300.2074730968204,34.0,0.0,duct_filler,0,1247.0
307.13567632709567,34.0,0.0,duct_filler,0,1247.0
314.06387955737125,34.0,0.0,duct_filler,0,1247.0
320.9920827876467,34.0,0.0,duct_filler,0,1247.0
327.92028601792254,34.0,0.0,duct_filler,0,1247.0
334.84848924819755,34.0,0.0,duct_filler,0,1247.0
341.77669247847336,34.0,0.0,duct_filler,0,1247.0
348.70489570874884,34.0,0.0,duct_filler,0,1247.0
355.6330989390242,34.0,0.0,duct_filler,0,1247.0
362.56130216929967,34.0,0.0,duct_filler,0,1247.0
369.48950539957514,34.0,0.0,duct_filler,0,1247.0
376.4177086298505,34.0,0.0,duct_filler,0,1247.0
383.34591186012597,34.0,0.0,duct_filler,0,1247.0
390.27411509040144,34.0,0.0,duct_filler,0,1247.0
397.2023183206768,34.0,0.0,duct_filler,0,1247.0
404.1305215509524,34.0,0.0,duct_filler,0,1247.0
411.05872478122785,34.0,0.0,duct_filler,0,1247.0
417.9869280115033,34.0,0.0,duct_filler,0,1247.0
424.9151312417787,34.0,0.0,duct_filler,0,1247.0
431.8433344720544,34.0,0.0,duct_filler,0,1247.0
438.77153770232974,34.0,0.0,duct_filler,0,1247.0
-416.8615612366939,27.999999999999943,0.0,duct_filler,0,1247.0
-409.93335800641836,27.999999999999943,0.0,duct_filler,0,1247.0
-403.00515477614283,27.999999999999943,0.0,duct_filler,0,1247.0
-396.07695154586736,27.999999999999943,0.0,duct_filler,0,1247.0
-389.14874831559183,27.999999999999943,0.0,duct_filler,0,1247.0
-382.2205450853163,27.999999999999943,0.0,duct_filler,0,1247.0
-375.29234185504083,28.000000000000057,0.0,duct_filler,0,1247.0
-368.36413862476525,28.000000000000057,0.0,duct_filler,0,1247.0
-361.4359353944898,28.000000000000057,0.0,duct_filler,0,1247.0
-229.80007401925525,28.000000000000057,0.0,duct_filler,0,1247.0
-222.87187078897972,28.000000000000057,0.0,duct_filler,0,1247.0
-215.9436675587042,28.000000000000057,0.0,duct_filler,0,1247.0
-209.01546432842866,28.000000000000057,0.0,duct_filler,0,1247.0
-202.0872610981532,28.000000000000057,0.0,duct_filler,0,1247.0
-195.15905786787755,28.000000000000057,0.0,duct_filler,0,1247.0
75.04086811286754,28.0,0.0,duct_filler,0,1247.0
81.9690713431429,28.0,0.0,duct_filler,0,1247.0
88.89727457341837,28.0,0.0,duct_filler,0,1247.0
95.82547780369384,28.0,0.0,duct_filler,0,1247.0
102.75368103396931,28.0,0.0,duct_filler,0,1247.0
109.6818842642449,28.0,0.0,duct_filler,0,1247.0
116.61008749452026,28.0,0.0,duct_filler,0,1247.0
123.53829072479573,28.0,0.0,duct_filler,0,1247.0
130.4664939550712,28.0,0.0,duct_filler,0,1247.0
137.39469718534656,28.0,0.0,duct_filler,0,1247.0
144.32290041562203,28.0,0.0,duct_filler,0,1247.0
151.25110364589762,28.0,0.0,duct_filler,0,1247.0
165.10751010644856,28.0,0.0,duct_filler,0,1247.0
172.03571333672403,28.0,0.0,duct_filler,0,1247.0
185.89211979727497,28.0,0.0,duct_filler,0,1247.0
192.82032302755056,28.0,0.0,duct_filler,0,1247.0
199.7485262578258,28.0,0.0,duct_filler,0,1247.0
206.6767294881015,28.0,0.0,duct_filler,0,1247.0
213.60493271837686,28.0,0.0,duct_filler,0,1247.0
220.53313594865233,28.0,0.0,duct_filler,0,1247.0
227.4613391789278,28.0,0.0,duct_filler,0,1247.0
234.38954240920327,28.0,0.0,duct_filler,0,1247.0
241.31774563947874,28.0,0.0,duct_filler,0,1247.0
248.24594886975422,28.0,0.0,duct_filler,0,1247.0
262.10235533030504,28.0,0.0,duct_filler,0,1247.0
269.03055856058074,28.0,0.0,duct_filler,0,1247.0
275.9587617908561,28.0,0.0,duct_filler,0,1247.0
282.8869650211316,28.0,0.0,duct_filler,0,1247.0
289.81516825140704,28.0,0.0,duct_filler,0,1247.0
296.7433714816825,28.0,0.0,duct_filler,0,1247.0
303.671574711958,28.0,0.0,duct_filler,0,1247.0
310.5997779422336,28.0,0.0,duct_filler,0,1247.0
317.5279811725088,28.0,0.0,duct_filler,0,1247.0
324.4561844027844,28.0,0.0,duct_filler,0,1247.0
331.3843876330599,28.0,0.0,duct_filler,0,1247.0
338.31259086333534,28.0,0.0,duct_filler,0,1247.0
345.2407940936107,28.0,0.0,duct_filler,0,1247.0
352.1689973238865,28.0,0.0,duct_filler,0,1247.0
359.097200554162,28.0,0.0,duct_filler,0,1247.0
366.02540378443734,28.0,0.0,duct_filler,0,1247.0
372.9536070147128,28.0,0.0,duct_filler,0,1247.0
379.8818102449883,28.0,0.0,duct_filler,0,1247.0
386.81001347526364,28.0,0.0,duct_filler,0,1247.0
393.7382167055391,28.0,0.0,duct_filler,0,1247.0
400.6664199358146,28.0,0.0,duct_filler,0,1247.0
407.5946231660902,28.0,0.0,duct_filler,0,1247.0
414.52282639636553,28.0,0.0,duct_filler,0,1247.0
421.451029626641,28.0,0.0,duct_filler,0,1247.0
428.3792328569165,28.0,0.0,duct_filler,0,1247.0
435.30743608719183,28.0,0.0,duct_filler,0,1247.0
442.2356393174673,28.0,0.0,duct_filler,0,1247.0
-413.39745962155615,22.0,0.0,duct_filler,0,1247.0
-406.4692563912806,22.0,0.0,duct_filler,0,1247.0
-399.54105316100515,22.0,0.0,duct_filler,0,1247.0
-392.6128499307296,22.0,0.0,duct_filler,0,1247.0
-385.6846467004541,22.0,0.0,duct_filler,0,1247.0
-378.75644347017857,22.0,0.0,duct_filler,0,1247.0
-371.8282402399031,22.0,0.0,duct_filler,0,1247.0
-364.90003700962757,22.000000000000057,0.0,duct_filler,0,1247.0
-357.9718337793521,22.000000000000057,0.0,duct_filler,0,1247.0
-233.26417563439304,22.000000000000057,0.0,duct_filler,0,1247.0
-226.3359724041175,22.000000000000057,0.0,duct_filler,0,1247.0
-219.40776917384198,22.000000000000057,0.0,duct_filler,0,1247.0
-212.4795659435664,22.000000000000057,0.0,duct_filler,0,1247.0
-205.55136271329087,22.000000000000057,0.0,duct_filler,0,1247.0
-198.6231594830154,22.000000000000057,0.0,duct_filler,0,1247.0
71.57676649772975,21.999999999999943,0.0,duct_filler,0,1247.0
78.50496972800522,21.999999999999943,0.0,duct_filler,0,1247.0
85.4331729582807,21.999999999999943,0.0,duct_filler,0,1247.0
92.36137618855616,21.999999999999943,0.0,duct_filler,0,1247.0
99.28957941883164,21.999999999999943,0.0,duct_filler,0,1247.0
106.21778264910711,21.999999999999943,0.0,duct_filler,0,1247.0
113.14598587938258,21.999999999999943,0.0,duct_filler,0,1247.0
120.07418910965805,21.999999999999943,0.0,duct_filler,0,1247.0
127.00239233993341,21.999999999999943,0.0,duct_filler,0,1247.0
133.9305955702091,21.999999999999943,0.0,duct_filler,0,1247.0
140.85879880048446,21.999999999999943,0.0,duct_filler,0,1247.0
147.78700203076005,21.999999999999943,0.0,duct_filler,0,1247.0
154.7152052610354,21.999999999999943,0.0,duct_filler,0,1247.0
161.64340849131088,21.999999999999943,0.0,duct_filler,0,1247.0
168.57161172158635,21.999999999999943,0.0,duct_filler,0,1247.0
175.49981495186182,21.999999999999943,0.0,duct_filler,0,1247.0
182.4280181821373,21.999999999999943,0.0,duct_filler,0,1247.0
203.2126278729637,21.999999999999943,0.0,duct_filler,0,1247.0
210.14083110323918,21.999999999999943,0.0,duct_filler,0,1247.0
217.06903433351465,21.999999999999943,0.0,duct_filler,0,1247.0
265.56645694544295,21.999999999999943,0.0,duct_filler,0,1247.0
272.49466017571854,21.999999999999943,0.0,duct_filler,0,1247.0
279.4228634059939,21.999999999999943,0.0,duct_filler,0,1247.0
286.35106663626937,21.999999999999943,0.0,duct_filler,0,1247.0
293.27926986654484,21.999999999999943,0.0,duct_filler,0,1247.0
300.2074730968204,21.999999999999943,0.0,duct_filler,0,1247.0
307.13567632709567,21.999999999999943,0.0,duct_filler,0,1247.0
314.06387955737125,21.999999999999943,0.0,duct_filler,0,1247.0
320.9920827876467,21.999999999999943,0.0,duct_filler,0,1247.0
327.92028601792254,21.999999999999943,0.0,duct_filler,0,1247.0
334.84848924819755,21.999999999999943,0.0,duct_filler,0,1247.0
341.77669247847336,21.999999999999943,0.0,duct_filler,0,1247.0
348.70489570874884,21.999999999999943,0.0,duct_filler,0,1247.0
355.6330989390242,21.999999999999943,0.0,duct_filler,0,1247.0
362.56130216929967,21.999999999999943,0.0,duct_filler,0,1247.0
369.48950539957514,21.999999999999943,0.0,duct_filler,0,1247.0
376.4177086298505,21.999999999999943,0.0,duct_filler,0,1247.0
383.34591186012597,21.999999999999943,0.0,duct_filler,0,1247.0
390.27411509040144,21.999999999999943,0.0,duct_filler,0,1247.0
397.2023183206768,21.999999999999943,0.0,duct_filler,0,1247.0
404.1305215509524,21.999999999999943,0.0,duct_filler,0,1247.0
411.05872478122785,21.999999999999943,0.0,duct_filler,0,1247.0
417.9869280115033,21.999999999999943,0.0,duct_filler,0,1247.0
424.9151312417787,21.999999999999943,0.0,duct_filler,0,1247.0
431.8433344720544,21.999999999999943,0.0,duct_filler,0,1247.0
438.77153770232974,21.999999999999943,0.0,duct_filler,0,1247.0
-409.93335800641836,16.000000000000057,0.0,duct_filler,0,1247.0
-403.00515477614283,16.000000000000057,0.0,duct_filler,0,1247.0
-396.07695154586736,16.000000000000057,0.0,duct_filler,0,1247.0
-389.14874831559183,16.000000000000057,0.0,duct_filler,0,1247.0
-382.2205450853163,16.000000000000057,0.0,duct_filler,0,1247.0
-375.29234185504083,16.0,0.0,duct_filler,0,1247.0
-368.36413862476525,16.0,0.0,duct_filler,0,1247.0
-361.4359353944898,16.0,0.0,duct_filler,0,1247.0
-229.80007401925525,16.000000000000057,0.0,duct_filler,0,1247.0
-222.87187078897972,16.000000000000057,0.0,duct_filler,0,1247.0
-215.9436675587042,16.000000000000057,0.0,duct_filler,0,1247.0
-209.01546432842866,16.000000000000057,0.0,duct_filler,0,1247.0
-202.0872610981532,16.000000000000057,0.0,duct_filler,0,1247.0
75.04086811286754,16.000000000000057,0.0,duct_filler,0,1247.0
81.9690713431429,16.000000000000057,0.0,duct_filler,0,1247.0
88.89727457341837,16.000000000000057,0.0,duct_filler,0,1247.0
95.82547780369384,16.000000000000057,0.0,duct_filler,0,1247.0
102.75368103396931,16.000000000000057,0.0,duct_filler,0,1247.0
109.6818842642449,16.000000000000057,0.0,duct_filler,0,1247.0
116.61008749452026,16.000000000000057,0.0,duct_filler,0,1247.0
123.53829072479573,16.000000000000057,0.0,duct_filler,0,1247.0
130.4664939550712,16.000000000000057,0.0,duct_filler,0,1247.0
137.39469718534656,16.000000000000057,0.0,duct_filler,0,1247.0
144.32290041562203,16.000000000000057,0.0,duct_filler,0,1247.0
151.25110364589762,16.000000000000057,0.0,duct_filler,0,1247.0
158.1793068761731,16.000000000000057,0.0,duct_filler,0,1247.0
165.10751010644856,16.000000000000057,0.0,duct_filler,0,1247.0
172.03571333672403,16.000000000000057,0.0,duct_filler,0,1247.0
178.9639165669995,16.000000000000057,0.0,duct_filler,0,1247.0
185.89211979727497,16.000000000000057,0.0,duct_filler,0,1247.0
206.6767294881015,16.000000000000057,0.0,duct_filler,0,1247.0
262.10235533030504,16.000000000000057,0.0,duct_filler,0,1247.0
269.03055856058074,16.000000000000057,0.0,duct_filler,0,1247.0
275.9587617908561,16.000000000000057,0.0,duct_filler,0,1247.0
282.8869650211316,16.000000000000057,0.0,duct_filler,0,1247.0
289.81516825140704,16.000000000000057,0.0,duct_filler,0,1247.0
296.7433714816825,16.000000000000057,0.0,duct_filler,0,1247.0
303.671574711958,16.000000000000057,0.0,duct_filler,0,1247.0
310.5997779422336,16.000000000000057,0.0,duct_filler,0,1247.0
317.5279811725088,16.000000000000057,0.0,duct_filler,0,1247.0
324.4561844027844,16.000000000000057,0.0,duct_filler,0,1247.0
331.3843876330599,16.000000000000057,0.0,duct_filler,0,1247.0
338.31259086333534,16.000000000000057,0.0,duct_filler,0,1247.0
345.2407940936107,16.000000000000057,0.0,duct_filler,0,1247.0
352.1689973238865,16.000000000000057,0.0,duct_filler,0,1247.0
359.097200554162,16.000000000000057,0.0,duct_filler,0,1247.0
366.02540378443734,16.000000000000057,0.0,duct_filler,0,1247.0
372.9536070147128,16.000000000000057,0.0,duct_filler,0,1247.0
379.8818102449883,16.000000000000057,0.0,duct_filler,0,1247.0
386.81001347526364,16.000000000000057,0.0,duct_filler,0,1247.0
393.7382167055391,16.000000000000057,0.0,duct_filler,0,1247.0
400.6664199358146,16.000000000000057,0.0,duct_filler,0,1247.0
407.5946231660902,16.000000000000057,0.0,duct_filler,0,1247.0
414.52282639636553,16.000000000000057,0.0,duct_filler,0,1247.0
421.451029626641,16.000000000000057,0.0,duct_filler,0,1247.0
428.3792328569165,16.000000000000057,0.0,duct_filler,0,1247.0
-406.4692563912806,10.0,0.0,duct_filler,0,1247.0
-399.54105316100515,10.0,0.0,duct_filler,0,1247.0
-392.6128499307296,10.0,0.0,duct_filler,0,1247.0
-385.6846467004541,10.0,0.0,duct_filler,0,1247.0
-378.75644347017857,10.0,0.0,duct_filler,0,1247.0
-371.8282402399031,10.000000000000057,0.0,duct_filler,0,1247.0
-233.26417563439304,10.0,0.0,duct_filler,0,1247.0
-226.3359724041175,10.0,0.0,duct_filler,0,1247.0
-219.40776917384198,10.0,0.0,duct_filler,0,1247.0
-212.4795659435664,10.0,0.0,duct_filler,0,1247.0
-205.55136271329087,10.0,0.0,duct_filler,0,1247.0
85.4331729582807,10.0,0.0,duct_filler,0,1247.0
92.36137618855616,10.0,0.0,duct_filler,0,1247.0
99.28957941883164,10.0,0.0,duct_filler,0,1247.0
106.21778264910711,10.0,0.0,duct_filler,0,1247.0
113.14598587938258,10.0,0.0,duct_filler,0,1247.0
120.07418910965805,10.0,0.0,duct_filler,0,1247.0
127.00239233993341,10.0,0.0,duct_filler,0,1247.0
133.9305955702091,10.0,0.0,duct_filler,0,1247.0
140.85879880048446,10.0,0.0,duct_filler,0,1247.0
147.78700203076005,10.0,0.0,duct_filler,0,1247.0
154.7152052610354,10.0,0.0,duct_filler,0,1247.0
161.64340849131088,10.0,0.0,duct_filler,0,1247.0
168.57161172158635,10.0,0.0,duct_filler,0,1247.0
175.49981495186182,10.0,0.0,duct_filler,0,1247.0
182.4280181821373,10.0,0.0,duct_filler,0,1247.0
189.35622141241265,10.0,0.0,duct_filler,0,1247.0
196.28442464268812,10.0,0.0,duct_filler,0,1247.0
258.6382537151676,10.0,0.0,duct_filler,0,1247.0
265.56645694544295,10.0,0.0,duct_filler,0,1247.0
272.49466017571854,10.0,0.0,duct_filler,0,1247.0
279.4228634059939,10.0,0.0,duct_filler,0,1247.0
286.35106663626937,10.0,0.0,duct_filler,0,1247.0
293.27926986654484,10.0,0.0,duct_filler,0,1247.0
300.2074730968204,10.0,0.0,duct_filler,0,1247.0
307.13567632709567,10.0,0.0,duct_filler,0,1247.0
314.06387955737125,10.0,0.0,duct_filler,0,1247.0
320.9920827876467,10.0,0.0,duct_filler,0,1247.0
327.92028601792254,10.0,0.0,duct_filler,0,1247.0
334.84848924819755,10.0,0.0,duct_filler,0,1247.0
341.77669247847336,10.0,0.0,duct_filler,0,1247.0
348.70489570874884,10.0,0.0,duct_filler,0,1247.0
355.6330989390242,10.0,0.0,duct_filler,0,1247.0
362.56130216929967,10.0,0.0,duct_filler,0,1247.0
369.48950539957514,10.0,0.0,duct_filler,0,1247.0
376.4177086298505,10.0,0.0,duct_filler,0,1247.0
383.34591186012597,10.0,0.0,duct_filler,0,1247.0
390.27411509040144,10.0,0.0,duct_filler,0,1247.0
397.2023183206768,10.0,0.0,duct_filler,0,1247.0
404.1305215509524,10.0,0.0,duct_filler,0,1247.0
411.05872478122785,10.0,0.0,duct_filler,0,1247.0
417.9869280115033,10.0,0.0,duct_filler,0,1247.0
424.9151312417787,10.0,0.0,duct_filler,0,1247.0
-396.07695154586736,4.0,0.0,duct_filler,0,1247.0
-389.14874831559183,4.0,0.0,duct_filler,0,1247.0
-382.2205450853163,4.0,0.0,duct_filler,0,1247.0
-229.80007401925525,4.0,0.0,duct_filler,0,1247.0
-222.87187078897972,4.0,0.0,duct_filler,0,1247.0
-215.9436675587042,4.0,0.0,duct_filler,0,1247.0
-209.01546432842866,4.0,0.0,duct_filler,0,1247.0
88.89727457341837,4.0,0.0,duct_filler,0,1247.0
95.82547780369384,4.0,0.0,duct_filler,0,1247.0
102.75368103396931,4.0,0.0,duct_filler,0,1247.0
109.6818842642449,4.0,0.0,duct_filler,0,1247.0
123.53829072479573,4.0,0.0,duct_filler,0,1247.0
130.4664939550712,4.0,0.0,duct_filler,0,1247.0
137.39469718534656,4.0,0.0,duct_filler,0,1247.0
144.32290041562203,4.0,0.0,duct_filler,0,1247.0
151.25110364589762,4.0,0.0,duct_filler,0,1247.0
158.1793068761731,4.0,0.0,duct_filler,0,1247.0
165.10751010644856,4.0,0.0,duct_filler,0,1247.0
172.03571333672403,4.0,0.0,duct_filler,0,1247.0
178.9639165669995,4.0,0.0,duct_filler,0,1247.0
185.89211979727497,4.0,0.0,duct_filler,0,1247.0
192.82032302755056,4.0,0.0,duct_filler,0,1247.0
262.10235533030504,4.0,0.0,duct_filler,0,1247.0
269.03055856058074,4.0,0.0,duct_filler,0,1247.0
275.9587617908561,4.0,0.0,duct_filler,0,1247.0
282.8869650211316,4.0,0.0,duct_filler,0,1247.0
289.81516825140704,4.0,0.0,duct_filler,0,1247.0
296.7433714816825,4.0,0.0,duct_filler,0,1247.0
303.671574711958,4.0,0.0,duct_filler,0,1247.0
310.5997779422336,4.0,0.0,duct_filler,0,1247.0
317.5279811725088,4.0,0.0,duct_filler,0,1247.0
324.4561844027844,4.0,0.0,duct_filler,0,1247.0
331.3843876330599,4.0,0.0,duct_filler,0,1247.0
338.31259086333534,4.0,0.0,duct_filler,0,1247.0
345.2407940936107,4.0,0.0,duct_filler,0,1247.0
352.1689973238865,4.0,0.0,duct_filler,0,1247.0
359.097200554162,4.0,0.0,duct_filler,0,1247.0
366.02540378443734,4.0,0.0,duct_filler,0,1247.0
372.9536070147128,4.0,0.0,duct_filler,0,1247.0
379.8818102449883,4.0,0.0,duct_filler,0,1247.0
386.81001347526364,4.0,0.0,duct_filler,0,1247.0
393.7382167055391,4.0,0.0,duct_filler,0,1247.0
400.6664199358146,4.0,0.0,duct_filler,0,1247.0
407.5946231660902,4.0,0.0,duct_filler,0,1247.0
414.52282639636553,4.0,0.0,duct_filler,0,1247.0
421.451029626641,4.0,0.0,duct_filler,0,1247.0
428.3792328569165,4.0,0.0,duct_filler,0,1247.0
-226.3359724041175,-2.0,0.0,duct_filler,0,1247.0
-219.40776917384198,-2.0,0.0,duct_filler,0,1247.0
-212.4795659435664,-2.0,0.0,duct_filler,0,1247.0
-205.55136271329087,-2.0,0.0,duct_filler,0,1247.0
127.00239233993341,-2.0,0.0,duct_filler,0,1247.0
133.9305955702091,-2.0,0.0,duct_filler,0,1247.0
140.85879880048446,-2.0,0.0,duct_filler,0,1247.0
147.78700203076005,-2.0,0.0,duct_filler,0,1247.0
154.7152052610354,-2.0,0.0,duct_filler,0,1247.0
161.64340849131088,-2.0,0.0,duct_filler,0,1247.0
168.57161172158635,-2.0,0.0,duct_filler,0,1247.0
175.49981495186182,-2.0,0.0,duct_filler,0,1247.0
182.4280181821373,-2.0,0.0,duct_filler,0,1247.0
189.35622141241265,-2.0,0.0,duct_filler,0,1247.0
196.28442464268812,-2.0,0.0,duct_filler,0,1247.0
258.6382537151676,-2.0,0.0,duct_filler,0,1247.0
265.56645694544295,-2.0,0.0,duct_filler,0,1247.0
272.49466017571854,-2.0,0.0,duct_filler,0,1247.0
279.4228634059939,-2.0,0.0,duct_filler,0,1247.0
286.35106663626937,-2.0,0.0,duct_filler,0,1247.0
293.27926986654484,-2.0,0.0,duct_filler,0,1247.0
300.2074730968204,-2.0,0.0,duct_filler,0,1247.0
307.13567632709567,-2.0,0.0,duct_filler,0,1247.0
314.06387955737125,-2.0,0.0,duct_filler,0,1247.0
320.9920827876467,-2.0,0.0,duct_filler,0,1247.0
327.92028601792254,-2.0,0.0,duct_filler,0,1247.0
334.84848924819755,-2.0,0.0,duct_filler,0,1247.0
341.77669247847336,-2.0,0.0,duct_filler,0,1247.0
348.70489570874884,-2.0,0.0,duct_filler,0,1247.0
355.6330989390242,-2.0,0.0,duct_filler,0,1247.0
362.56130216929967,-2.0,0.0,duct_filler,0,1247.0
369.48950539957514,-2.0,0.0,duct_filler,0,1247.0
376.4177086298505,-2.0,0.0,duct_filler,0,1247.0
383.34591186012597,-2.0,0.0,duct_filler,0,1247.0
390.27411509040144,-2.0,0.0,duct_filler,0,1247.0
397.2023183206768,-2.0,0.0,duct_filler,0,1247.0
404.1305215509524,-2.0,0.0,duct_filler,0,1247.0
411.05872478122785,-2.0,0.0,duct_filler,0,1247.0
417.9869280115033,-2.0,0.0,duct_filler,0,1247.0
424.9151312417787,-2.0,0.0,duct_filler,0,1247.0
431.8433344720544,-2.0,0.0,duct_filler,0,1247.0
-229.80007401925525,-8.0,0.0,duct_filler,0,1247.0
-222.87187078897972,-8.0,0.0,duct_filler,0,1247.0
-215.9436675587042,-8.0,0.0,duct_filler,0,1247.0
-209.01546432842866,-8.0,0.0,duct_filler,0,1247.0
137.39469718534656,-8.000000000000057,0.0,duct_filler,0,1247.0
144.32290041562203,-8.000000000000057,0.0,duct_filler,0,1247.0
151.25110364589762,-8.000000000000057,0.0,duct_filler,0,1247.0
158.1793068761731,-8.000000000000057,0.0,duct_filler,0,1247.0
165.10751010644856,-8.000000000000057,0.0,duct_filler,0,1247.0
172.03571333672403,-8.000000000000057,0.0,duct_filler,0,1247.0
178.9639165669995,-8.000000000000057,0.0,duct_filler,0,1247.0
185.89211979727497,-8.000000000000057,0.0,duct_filler,0,1247.0
192.82032302755056,-8.000000000000057,0.0,duct_filler,0,1247.0
199.7485262578258,-8.000000000000057,0.0,duct_filler,0,1247.0
206.6767294881015,-8.000000000000057,0.0,duct_filler,0,1247.0
262.10235533030504,-8.000000000000057,0.0,duct_filler,0,1247.0
269.03055856058074,-8.000000000000057,0.0,duct_filler,0,1247.0
275.9587617908561,-8.000000000000057,0.0,duct_filler,0,1247.0
282.8869650211316,-8.000000000000057,0.0,duct_filler,0,1247.0
289.81516825140704,-8.000000000000057,0.0,duct_filler,0,1247.0
296.7433714816825,-8.000000000000057,0.0,duct_filler,0,1247.0
303.671574711958,-8.000000000000057,0.0,duct_filler,0,1247.0
310.5997779422336,-8.000000000000057,0.0,duct_filler,0,1247.0
317.5279811725088,-8.000000000000057,0.0,duct_filler,0,1247.0
324.4561844027844,-8.000000000000057,0.0,duct_filler,0,1247.0
331.3843876330599,-8.000000000000057,0.0,duct_filler,0,1247.0
338.31259086333534,-8.000000000000057,0.0,duct_filler,0,1247.0
345.2407940936107,-8.000000000000057,0.0,duct_filler,0,1247.0
352.1689973238865,-8.000000000000057,0.0,duct_filler,0,1247.0
359.097200554162,-8.000000000000057,0.0,duct_filler,0,1247.0
366.02540378443734,-8.000000000000057,0.0,duct_filler,0,1247.0
372.9536070147128,-8.000000000000057,0.0,duct_filler,0,1247.0
379.8818102449883,-8.000000000000057,0.0,duct_filler,0,1247.0
386.81001347526364,-8.000000000000057,0.0,duct_filler,0,1247.0
393.7382167055391,-8.000000000000057,0.0,duct_filler,0,1247.0
400.6664199358146,-8.000000000000057,0.0,duct_filler,0,1247.0
407.5946231660902,-8.000000000000057,0.0,duct_filler,0,1247.0
414.52282639636553,-8.000000000000057,0.0,duct_filler,0,1247.0
421.451029626641,-8.000000000000057,0.0,duct_filler,0,1247.0
428.3792328569165,-8.000000000000057,0.0,duct_filler,0,1247.0
435.30743608719183,-8.000000000000057,0.0,duct_filler,0,1247.0
-233.26417563439304,-14.0,0.0,duct_filler,0,1247.0
-226.3359724041175,-14.0,0.0,duct_filler,0,1247.0
-219.40776917384198,-14.0,0.0,duct_filler,0,1247.0
-212.4795659435664,-14.0,0.0,duct_filler,0,1247.0
-205.55136271329087,-14.0,0.0,duct_filler,0,1247.0
-198.6231594830154,-14.0,0.0,duct_filler,0,1247.0
168.57161172158635,-14.0,0.0,duct_filler,0,1247.0
175.49981495186182,-14.0,0.0,duct_filler,0,1247.0
182.4280181821373,-14.0,0.0,duct_filler,0,1247.0
189.35622141241265,-14.0,0.0,duct_filler,0,1247.0
196.28442464268812,-14.0,0.0,duct_filler,0,1247.0
203.2126278729637,-14.0,0.0,duct_filler,0,1247.0
210.14083110323918,-14.0,0.0,duct_filler,0,1247.0
258.6382537151676,-14.0,0.0,duct_filler,0,1247.0
265.56645694544295,-14.0,0.0,duct_filler,0,1247.0
272.49466017571854,-14.0,0.0,duct_filler,0,1247.0
279.4228634059939,-14.0,0.0,duct_filler,0,1247.0
286.35106663626937,-14.0,0.0,duct_filler,0,1247.0
293.27926986654484,-14.0,0.0,duct_filler,0,1247.0
300.2074730968204,-14.0,0.0,duct_filler,0,1247.0
307.13567632709567,-14.0,0.0,duct_filler,0,1247.0
314.06387955737125,-14.0,0.0,duct_filler,0,1247.0
320.9920827876467,-14.0,0.0,duct_filler,0,1247.0
327.92028601792254,-14.0,0.0,duct_filler,0,1247.0
334.84848924819755,-14.0,0.0,duct_filler,0,1247.0
341.77669247847336,-14.0,0.0,duct_filler,0,1247.0
348.70489570874884,-14.0,0.0,duct_filler,0,1247.0
355.6330989390242,-14.0,0.0,duct_filler,0,1247.0
362.56130216929967,-14.0,0.0,duct_filler,0,1247.0
369.48950539957514,-14.0,0.0,duct_filler,0,1247.0
376.4177086298505,-14.0,0.0,duct_filler,0,1247.0
383.34591186012597,-14.0,0.0,duct_filler,0,1247.0
390.27411509040144,-14.0,0.0,duct_filler,0,1247.0
397.2023183206768,-14.0,0.0,duct_filler,0,1247.0
404.1305215509524,-14.0,0.0,duct_filler,0,1247.0
411.05872478122785,-14.0,0.0,duct_filler,0,1247.0
417.9869280115033,-14.0,0.0,duct_filler,0,1247.0
424.9151312417787,-14.0,0.0,duct_filler,0,1247.0
431.8433344720544,-14.0,0.0,duct_filler,0,1247.0
438.77153770232974,-14.0,0.0,duct_filler,0,1247.0
-236.72827724953078,-20.0,0.0,duct_filler,0,1247.0
-229.80007401925525,-20.0,0.0,duct_filler,0,1247.0
-222.87187078897972,-20.0,0.0,duct_filler,0,1247.0
-215.9436675587042,-20.0,0.0,duct_filler,0,1247.0
-209.01546432842866,-20.0,0.0,duct_filler,0,1247.0
-202.0872610981532,-20.0,0.0,duct_filler,0,1247.0
-195.15905786787755,-20.0,0.0,duct_filler,0,1247.0
-56.5949932623671,-20.0,0.0,duct_filler,0,1247.0
-49.66679003209157,-20.0,0.0,duct_filler,0,1247.0
-42.738586801815984,-20.0,0.0,duct_filler,0,1247.0
-35.810383571540456,-20.0,0.0,duct_filler,0,1247.0
-28.882180341264927,-20.0,0.0,duct_filler,0,1247.0
-21.953977110989342,-20.0,0.0,duct_filler,0,1247.0
206.6767294881015,-20.0,0.0,duct_filler,0,1247.0
269.03055856058074,-20.0,0.0,duct_filler,0,1247.0
275.9587617908561,-20.0,0.0,duct_filler,0,1247.0
282.8869650211316,-20.0,0.0,duct_filler,0,1247.0
289.81516825140704,-20.0,0.0,duct_filler,0,1247.0
296.7433714816825,-20.0,0.0,duct_filler,0,1247.0
303.671574711958,-20.0,0.0,duct_filler,0,1247.0
310.5997779422336,-20.0,0.0,duct_filler,0,1247.0
317.5279811725088,-20.0,0.0,duct_filler,0,1247.0
324.4561844027844,-20.0,0.0,duct_filler,0,1247.0
331.3843876330599,-20.0,0.0,duct_filler,0,1247.0
338.31259086333534,-20.0,0.0,duct_filler,0,1247.0
345.2407940936107,-20.0,0.0,duct_filler,0,1247.0
352.1689973238865,-20.0,0.0,duct_filler,0,1247.0
359.097200554162,-20.0,0.0,duct_filler,0,1247.0
366.02540378443734,-20.0,0.0,duct_filler,0,1247.0
372.9536070147128,-20.0,0.0,duct_filler,0,1247.0
379.8818102449883,-20.0,0.0,duct_filler,0,1247.0
386.81001347526364,-20.0,0.0,duct_filler,0,1247.0
393.7382167055391,-20.0,0.0,duct_filler,0,1247.0
400.6664199358146,-20.0,0.0,duct_filler,0,1247.0
407.5946231660902,-20.0,0.0,duct_filler,0,1247.0
414.52282639636553,-20.0,0.0,duct_filler,0,1247.0
421.451029626641,-20.0,0.0,duct_filler,0,1247.0
428.3792328569165,-20.0,0.0,duct_filler,0,1247.0
435.30743608719183,-20.0,0.0,duct_filler,0,1247.0
442.2356393174673,-20.0,0.0,duct_filler,0,1247.0
-240.19237886466857,-26.0,0.0,duct_filler,0,1247.0
-233.26417563439304,-26.0,0.0,duct_filler,0,1247.0
-226.3359724041175,-26.0,0.0,duct_filler,0,1247.0
-219.40776917384198,-26.0,0.0,duct_filler,0,1247.0
-212.4795659435664,-26.0,0.0,duct_filler,0,1247.0
-205.55136271329087,-26.0,0.0,duct_filler,0,1247.0
-60.059094877504776,-26.0,0.0,duct_filler,0,1247.0
-53.130891647229305,-26.0,0.0,duct_filler,0,1247.0
-46.20268841695378,-26.0,0.0,duct_filler,0,1247.0
-39.27448518667825,-26.0,0.0,duct_filler,0,1247.0
-32.34628195640266,-26.0,0.0,duct_filler,0,1247.0
-25.41807872612725,-26.0,0.0,duct_filler,0,1247.0
-18.489875495851663,-26.0,0.0,duct_filler,0,1247.0
-11.561672265576135,-26.0,0.0,duct_filler,0,1247.0
279.4228634059939,-26.0,0.0,duct_filler,0,1247.0
286.35106663626937,-26.0,0.0,duct_filler,0,1247.0
293.27926986654484,-26.0,0.0,duct_filler,0,1247.0
300.2074730968204,-26.0,0.0,duct_filler,0,1247.0
307.13567632709567,-26.0,0.0,duct_filler,0,1247.0
314.06387955737125,-26.0,0.0,duct_filler,0,1247.0
320.9920827876467,-26.0,0.0,duct_filler,0,1247.0
327.92028601792254,-26.0,0.0,duct_filler,0,1247.0
334.84848924819755,-26.0,0.0,duct_filler,0,1247.0
341.77669247847336,-26.0,0.0,duct_filler,0,1247.0
348.70489570874884,-26.0,0.0,duct_filler,0,1247.0
355.6330989390242,-26.0,0.0,duct_filler,0,1247.0
362.56130216929967,-26.0,0.0,duct_filler,0,1247.0
369.48950539957514,-26.0,0.0,duct_filler,0,1247.0
376.4177086298505,-26.0,0.0,duct_filler,0,1247.0
383.34591186012597,-26.0,0.0,duct_filler,0,1247.0
390.27411509040144,-26.0,0.0,duct_filler,0,1247.0
397.2023183206768,-26.0,0.0,duct_filler,0,1247.0
404.1305215509524,-26.0,0.0,duct_filler,0,1247.0
411.05872478122785,-26.0,0.0,duct_filler,0,1247.0
417.9869280115033,-26.0,0.0,duct_filler,0,1247.0
424.9151312417787,-26.0,0.0,duct_filler,0,1247.0
431.8433344720544,-26.0,0.0,duct_filler,0,1247.0
438.77153770232974,-26.0,0.0,duct_filler,0,1247.0
445.6997409326052,-26.0,0.0,duct_filler,0,1247.0
-236.72827724953078,-31.999999999999886,0.0,duct_filler,0,1247.0
-229.80007401925525,-31.999999999999886,0.0,duct_filler,0,1247.0
-222.87187078897972,-31.999999999999886,0.0,duct_filler,0,1247.0
-215.9436675587042,-31.999999999999886,0.0,duct_filler,0,1247.0
-209.01546432842866,-31.999999999999886,0.0,duct_filler,0,1247.0
-202.0872610981532,-31.999999999999886,0.0,duct_filler,0,1247.0
-195.15905786787755,-31.999999999999886,0.0,duct_filler,0,1247.0
-188.23085463760208,-31.999999999999886,0.0,duct_filler,0,1247.0
-56.5949932623671,-31.999999999999886,0.0,duct_filler,0,1247.0
-49.66679003209157,-31.999999999999886,0.0,duct_filler,0,1247.0
-42.738586801815984,-31.999999999999886,0.0,duct_filler,0,1247.0
-35.810383571540456,-31.999999999999886,0.0,duct_filler,0,1247.0
-28.882180341264927,-31.999999999999886,0.0,duct_filler,0,1247.0
-21.953977110989342,-31.999999999999886,0.0,duct_filler,0,1247.0
-15.025773880713814,-31.999999999999886,0.0,duct_filler,0,1247.0
296.7433714816825,-32.0,0.0,duct_filler,0,1247.0
303.671574711958,-32.0,0.0,duct_filler,0,1247.0
310.5997779422336,-32.0,0.0,duct_filler,0,1247.0
317.5279811725088,-32.0,0.0,duct_filler,0,1247.0
324.4561844027844,-32.0,0.0,duct_filler,0,1247.0
331.3843876330599,-32.0,0.0,duct_filler,0,1247.0
338.31259086333534,-32.0,0.0,duct_filler,0,1247.0
345.2407940936107,-32.0,0.0,duct_filler,0,1247.0
352.1689973238865,-32.0,0.0,duct_filler,0,1247.0
359.097200554162,-32.0,0.0,duct_filler,0,1247.0
366.02540378443734,-32.0,0.0,duct_filler,0,1247.0
372.9536070147128,-32.0,0.0,duct_filler,0,1247.0
379.8818102449883,-32.0,0.0,duct_filler,0,1247.0
386.81001347526364,-32.0,0.0,duct_filler,0,1247.0
393.7382167055391,-32.0,0.0,duct_filler,0,1247.0
400.6664199358146,-32.0,0.0,duct_filler,0,1247.0
407.5946231660902,-32.0,0.0,duct_filler,0,1247.0
414.52282639636553,-32.0,0.0,duct_filler,0,1247.0
421.451029626641,-32.0,0.0,duct_filler,0,1247.0
428.3792328569165,-32.0,0.0,duct_filler,0,1247.0
435.30743608719183,-32.0,0.0,duct_filler,0,1247.0
442.2356393174673,-32.0,0.0,duct_filler,0,1247.0
-240.19237886466857,-38.000000000000114,0.0,duct_filler,0,1247.0
-233.26417563439304,-38.000000000000114,0.0,duct_filler,0,1247.0
-226.3359724041175,-38.000000000000114,0.0,duct_filler,0,1247.0
-219.40776917384198,-38.000000000000114,0.0,duct_filler,0,1247.0
-212.4795659435664,-38.000000000000114,0.0,duct_filler,0,1247.0
-205.55136271329087,-38.000000000000114,0.0,duct_filler,0,1247.0
-198.6231594830154,-38.000000000000114,0.0,duct_filler,0,1247.0
-191.69495625273993,-38.000000000000114,0.0,duct_filler,0,1247.0
-184.76675302246434,-38.000000000000114,0.0,duct_filler,0,1247.0
-177.83854979218881,-38.000000000000114,0.0,duct_filler,0,1247.0
-60.059094877504776,-38.000000000000114,0.0,duct_filler,0,1247.0
-53.130891647229305,-38.000000000000114,0.0,duct_filler,0,1247.0
-46.20268841695378,-38.000000000000114,0.0,duct_filler,0,1247.0
-39.27448518667825,-38.000000000000114,0.0,duct_filler,0,1247.0
-32.34628195640266,-38.000000000000114,0.0,duct_filler,0,1247.0
-25.41807872612725,-38.000000000000114,0.0,duct_filler,0,1247.0
-18.489875495851663,-38.000000000000114,0.0,duct_filler,0,1247.0
-11.561672265576135,-38.000000000000114,0.0,duct_filler,0,1247.0
293.27926986654484,-38.0,0.0,duct_filler,0,1247.0
300.2074730968204,-38.0,0.0,duct_filler,0,1247.0
307.13567632709567,-38.0,0.0,duct_filler,0,1247.0
314.06387955737125,-38.0,0.0,duct_filler,0,1247.0
320.9920827876467,-38.0,0.0,duct_filler,0,1247.0
327.92028601792254,-38.0,0.0,duct_filler,0,1247.0
334.84848924819755,-38.0,0.0,duct_filler,0,1247.0
341.77669247847336,-38.0,0.0,duct_filler,0,1247.0
348.70489570874884,-38.0,0.0,duct_filler,0,1247.0
355.6330989390242,-38.0,0.0,duct_filler,0,1247.0
362.56130216929967,-38.0,0.0,duct_filler,0,1247.0
369.48950539957514,-38.0,0.0,duct_filler,0,1247.0
376.4177086298505,-38.0,0.0,duct_filler,0,1247.0
383.34591186012597,-38.0,0.0,duct_filler,0,1247.0
390.27411509040144,-38.0,0.0,duct_filler,0,1247.0
397.2023183206768,-38.0,0.0,duct_filler,0,1247.0
404.1305215509524,-38.0,0.0,duct_filler,0,1247.0
411.05872478122785,-38.0,0.0,duct_filler,0,1247.0
417.9869280115033,-38.0,0.0,duct_filler,0,1247.0
424.9151312417787,-38.0,0.0,duct_filler,0,1247.0
431.8433344720544,-38.0,0.0,duct_filler,0,1247.0
438.77153770232974,-38.0,0.0,duct_filler,0,1247.0
445.6997409326052,-38.0,0.0,duct_filler,0,1247.0
-243.6564804798063,-44.0,0.0,duct_filler,0,1247.0
-236.72827724953078,-43.999999999999886,0.0,duct_filler,0,1247.0
-229.80007401925525,-43.999999999999886,0.0,duct_filler,0,1247.0
-222.87187078897972,-43.999999999999886,0.0,duct_filler,0,1247.0
-215.9436675587042,-43.999999999999886,0.0,duct_filler,0,1247.0
-209.01546432842866,-43.999999999999886,0.0,duct_filler,0,1247.0
-202.0872610981532,-43.999999999999886,0.0,duct_filler,0,1247.0
-195.15905786787755,-43.999999999999886,0.0,duct_filler,0,1247.0
-188.23085463760208,-43.999999999999886,0.0,duct_filler,0,1247.0
-181.30265140732655,-43.999999999999886,0.0,duct_filler,0,1247.0
-63.523196492642626,-43.999999999999886,0.0,duct_filler,0,1247.0
-56.5949932623671,-43.999999999999886,0.0,duct_filler,0,1247.0
-49.66679003209157,-43.999999999999886,0.0,duct_filler,0,1247.0
-42.738586801815984,-43.999999999999886,0.0,duct_filler,0,1247.0
-35.810383571540456,-43.999999999999886,0.0,duct_filler,0,1247.0
-28.882180341264927,-43.999999999999886,0.0,duct_filler,0,1247.0
-21.953977110989342,-43.999999999999886,0.0,duct_filler,0,1247.0
-15.025773880713814,-43.999999999999886,0.0,duct_filler,0,1247.0
130.4664939550712,-44.0,0.0,duct_filler,0,1247.0
296.7433714816825,-44.0,0.0,duct_filler,0,1247.0
303.671574711958,-44.0,0.0,duct_filler,0,1247.0
310.5997779422336,-44.0,0.0,duct_filler,0,1247.0
317.5279811725088,-44.0,0.0,duct_filler,0,1247.0
324.4561844027844,-44.0,0.0,duct_filler,0,1247.0
331.3843876330599,-44.0,0.0,duct_filler,0,1247.0
338.31259086333534,-44.0,0.0,duct_filler,0,1247.0
345.2407940936107,-44.0,0.0,duct_filler,0,1247.0
352.1689973238865,-44.0,0.0,duct_filler,0,1247.0
359.097200554162,-44.0,0.0,duct_filler,0,1247.0
366.02540378443734,-44.0,0.0,duct_filler,0,1247.0
372.9536070147128,-44.0,0.0,duct_filler,0,1247.0
379.8818102449883,-44.0,0.0,duct_filler,0,1247.0
386.81001347526364,-44.0,0.0,duct_filler,0,1247.0
393.7382167055391,-44.0,0.0,duct_filler,0,1247.0
400.6664199358146,-44.0,0.0,duct_filler,0,1247.0
407.5946231660902,-44.0,0.0,duct_filler,0,1247.0
414.52282639636553,-44.0,0.0,duct_filler,0,1247.0
421.451029626641,-44.0,0.0,duct_filler,0,1247.0
428.3792328569165,-44.0,0.0,duct_filler,0,1247.0
435.30743608719183,-44.0,0.0,duct_filler,0,1247.0
442.2356393174673,-44.0,0.0,duct_filler,0,1247.0
-240.19237886466857,-50.000000000000114,0.0,duct_filler,0,1247.0
-233.26417563439304,-50.000000000000114,0.0,duct_filler,0,1247.0
-226.3359724041175,-50.000000000000114,0.0,duct_filler,0,1247.0
-219.40776917384198,-50.000000000000114,0.0,duct_filler,0,1247.0
-212.4795659435664,-50.000000000000114,0.0,duct_filler,0,1247.0
-205.55136271329087,-50.000000000000114,0.0,duct_filler,0,1247.0
-198.6231594830154,-50.000000000000114,0.0,duct_filler,0,1247.0
-191.69495625273993,-50.000000000000114,0.0,duct_filler,0,1247.0
-184.76675302246434,-50.000000000000114,0.0,duct_filler,0,1247.0
-177.83854979218881,-50.000000000000114,0.0,duct_filler,0,1247.0
-66.9872981077803,-50.000000000000114,0.0,duct_filler,0,1247.0
-60.059094877504776,-50.000000000000114,0.0,duct_filler,0,1247.0
-53.130891647229305,-50.000000000000114,0.0,duct_filler,0,1247.0
-46.20268841695378,-50.000000000000114,0.0,duct_filler,0,1247.0
-39.27448518667825,-50.000000000000114,0.0,duct_filler,0,1247.0
-32.34628195640266,-50.000000000000114,0.0,duct_filler,0,1247.0
-25.41807872612725,-50.000000000000114,0.0,duct_filler,0,1247.0
-18.489875495851663,-50.000000000000114,0.0,duct_filler,0,1247.0
106.21778264910711,-50.0,0.0,duct_filler,0,1247.0
113.14598587938258,-50.0,0.0,duct_filler,0,1247.0
120.07418910965805,-50.0,0.0,duct_filler,0,1247.0
127.00239233993341,-50.0,0.0,duct_filler,0,1247.0
133.9305955702091,-50.0,0.0,duct_filler,0,1247.0
293.27926986654484,-50.0,0.0,duct_filler,0,1247.0
300.2074730968204,-50.0,0.0,duct_filler,0,1247.0
307.13567632709567,-50.0,0.0,duct_filler,0,1247.0
314.06387955737125,-50.0,0.0,duct_filler,0,1247.0
320.9920827876467,-50.0,0.0,duct_filler,0,1247.0
327.92028601792254,-50.0,0.0,duct_filler,0,1247.0
334.84848924819755,-50.0,0.0,duct_filler,0,1247.0
341.77669247847336,-50.0,0.0,duct_filler,0,1247.0
348.70489570874884,-50.0,0.0,duct_filler,0,1247.0
355.6330989390242,-50.0,0.0,duct_filler,0,1247.0
362.56130216929967,-50.0,0.0,duct_filler,0,1247.0
369.48950539957514,-50.0,0.0,duct_filler,0,1247.0
376.4177086298505,-50.0,0.0,duct_filler,0,1247.0
383.34591186012597,-50.0,0.0,duct_filler,0,1247.0
390.27411509040144,-50.0,0.0,duct_filler,0,1247.0
397.2023183206768,-50.0,0.0,duct_filler,0,1247.0
404.1305215509524,-50.0,0.0,duct_filler,0,1247.0
411.05872478122785,-50.0,0.0,duct_filler,0,1247.0
417.9869280115033,-50.0,0.0,duct_filler,0,1247.0
424.9151312417787,-50.0,0.0,duct_filler,0,1247.0
431.8433344720544,-50.0,0.0,duct_filler,0,1247.0
438.77153770232974,-50.0,0.0,duct_filler,0,1247.0
445.6997409326052,-50.0,0.0,duct_filler,0,1247.0
-243.6564804798063,-56.0,0.0,duct_filler,0,1247.0
-236.72827724953078,-55.999999999999886,0.0,duct_filler,0,1247.0
-229.80007401925525,-55.999999999999886,0.0,duct_filler,0,1247.0
-222.87187078897972,-55.999999999999886,0.0,duct_filler,0,1247.0
-215.9436675587042,-55.999999999999886,0.0,duct_filler,0,1247.0
-209.01546432842866,-55.999999999999886,0.0,duct_filler,0,1247.0
-202.0872610981532,-55.999999999999886,0.0,duct_filler,0,1247.0
-195.15905786787755,-55.999999999999886,0.0,duct_filler,0,1247.0
-188.23085463760208,-55.999999999999886,0.0,duct_filler,0,1247.0
-181.30265140732655,-55.999999999999886,0.0,duct_filler,0,1247.0
-70.4513997229181,-55.999999999999886,0.0,duct_filler,0,1247.0
-63.523196492642626,-55.999999999999886,0.0,duct_filler,0,1247.0
-56.5949932623671,-55.999999999999886,0.0,duct_filler,0,1247.0
-49.66679003209157,-55.999999999999886,0.0,duct_filler,0,1247.0
-42.738586801815984,-55.999999999999886,0.0,duct_filler,0,1247.0
-35.810383571540456,-55.999999999999886,0.0,duct_filler,0,1247.0
-28.882180341264927,-55.999999999999886,0.0,duct_filler,0,1247.0
-21.953977110989342,-55.999999999999886,0.0,duct_filler,0,1247.0
109.6818842642449,-56.0,0.0,duct_filler,0,1247.0
116.61008749452026,-56.0,0.0,duct_filler,0,1247.0
123.53829072479573,-56.0,0.0,duct_filler,0,1247.0
130.4664939550712,-56.0,0.0,duct_filler,0,1247.0
137.39469718534656,-56.0,0.0,duct_filler,0,1247.0
296.7433714816825,-56.0,0.0,duct_filler,0,1247.0
303.671574711958,-56.0,0.0,duct_filler,0,1247.0
324.4561844027844,-56.0,0.0,duct_filler,0,1247.0
331.3843876330599,-56.0,0.0,duct_filler,0,1247.0
338.31259086333534,-56.0,0.0,duct_filler,0,1247.0
345.2407940936107,-56.0,0.0,duct_filler,0,1247.0
352.1689973238865,-56.0,0.0,duct_filler,0,1247.0
359.097200554162,-56.0,0.0,duct_filler,0,1247.0
366.02540378443734,-56.0,0.0,duct_filler,0,1247.0
372.9536070147128,-56.0,0.0,duct_filler,0,1247.0
379.8818102449883,-56.0,0.0,duct_filler,0,1247.0
386.81001347526364,-56.0,0.0,duct_filler,0,1247.0
393.7382167055391,-56.0,0.0,duct_filler,0,1247.0
400.6664199358146,-56.0,0.0,duct_filler,0,1247.0
407.5946231660902,-56.0,0.0,duct_filler,0,1247.0
414.52282639636553,-56.0,0.0,duct_filler,0,1247.0
421.451029626641,-56.0,0.0,duct_filler,0,1247.0
428.3792328569165,-56.0,0.0,duct_filler,0,1247.0
435.30743608719183,-56.0,0.0,duct_filler,0,1247.0
442.2356393174673,-56.0,0.0,duct_filler,0,1247.0
-441.1102725426582,-62.000000000000114,0.0,duct_filler,0,1247.0
-434.1820693123827,-62.0,0.0,duct_filler,0,1247.0
-240.19237886466857,-62.0,0.0,duct_filler,0,1247.0
-233.26417563439304,-62.0,0.0,duct_filler,0,1247.0
-226.3359724041175,-62.0,0.0,duct_filler,0,1247.0
-219.40776917384198,-62.0,0.0,duct_filler,0,1247.0
-212.4795659435664,-62.0,0.0,duct_filler,0,1247.0
-205.55136271329087,-62.0,0.0,duct_filler,0,1247.0
-198.6231594830154,-62.0,0.0,duct_filler,0,1247.0
-191.69495625273993,-62.0,0.0,duct_filler,0,1247.0
-184.76675302246434,-62.0,0.0,duct_filler,0,1247.0
-177.83854979218881,-62.0,0.0,duct_filler,0,1247.0
-170.9103465619133,-62.0,0.0,duct_filler,0,1247.0
-87.77190779860695,-62.0,0.0,duct_filler,0,1247.0
-80.84370456833142,-62.0,0.0,duct_filler,0,1247.0
-73.91550133805589,-62.0,0.0,duct_filler,0,1247.0
-66.9872981077803,-62.0,0.0,duct_filler,0,1247.0
-60.059094877504776,-62.0,0.0,duct_filler,0,1247.0
-53.130891647229305,-62.0,0.0,duct_filler,0,1247.0
-46.20268841695378,-62.0,0.0,duct_filler,0,1247.0
-39.27448518667825,-62.0,0.0,duct_filler,0,1247.0
-32.34628195640266,-62.0,0.0,duct_filler,0,1247.0
-25.41807872612725,-62.0,0.0,duct_filler,0,1247.0
106.21778264910711,-62.0,0.0,duct_filler,0,1247.0
113.14598587938258,-62.0,0.0,duct_filler,0,1247.0
120.07418910965805,-62.0,0.0,duct_filler,0,1247.0
127.00239233993341,-62.0,0.0,duct_filler,0,1247.0
133.9305955702091,-62.0,0.0,duct_filler,0,1247.0
327.92028601792254,-62.0,0.0,duct_filler,0,1247.0
334.84848924819755,-62.0,0.0,duct_filler,0,1247.0
341.77669247847336,-62.0,0.0,duct_filler,0,1247.0
348.70489570874884,-62.0,0.0,duct_filler,0,1247.0
355.6330989390242,-62.0,0.0,duct_filler,0,1247.0
362.56130216929967,-62.0,0.0,duct_filler,0,1247.0
369.48950539957514,-62.0,0.0,duct_filler,0,1247.0
376.4177086298505,-62.0,0.0,duct_filler,0,1247.0
383.34591186012597,-62.0,0.0,duct_filler,0,1247.0
390.27411509040144,-62.0,0.0,duct_filler,0,1247.0
397.2023183206768,-62.0,0.0,duct_filler,0,1247.0
404.1305215509524,-62.0,0.0,duct_filler,0,1247.0
411.05872478122785,-62.0,0.0,duct_filler,0,1247.0
417.9869280115033,-62.0,0.0,duct_filler,0,1247.0
424.9151312417787,-62.0,0.0,duct_filler,0,1247.0
431.8433344720544,-62.0,0.0,duct_filler,0,1247.0
438.77153770232974,-62.0,0.0,duct_filler,0,1247.0
445.6997409326052,-62.0,0.0,duct_filler,0,1247.0
-444.57437415779594,-68.0,0.0,duct_filler,0,1247.0
-437.6461709275204,-67.99999999999989,0.0,duct_filler,0,1247.0
-430.71796769724494,-68.0,0.0,duct_filler,0,1247.0
-236.72827724953078,-68.0,0.0,duct_filler,0,1247.0
-229.80007401925525,-68.0,0.0,duct_filler,0,1247.0
-222.87187078897972,-68.0,0.0,duct_filler,0,1247.0
-215.9436675587042,-68.0,0.0,duct_filler,0,1247.0
-209.01546432842866,-68.0,0.0,duct_filler,0,1247.0
-202.0872610981532,-68.0,0.0,duct_filler,0,1247.0
-195.15905786787755,-68.0,0.0,duct_filler,0,1247.0
-188.23085463760208,-68.0,0.0,duct_filler,0,1247.0
-181.30265140732655,-68.0,0.0,duct_filler,0,1247.0
-174.37444817705102,-68.0,0.0,duct_filler,0,1247.0
-167.4462449467755,-68.0,0.0,duct_filler,0,1247.0
-91.23600941374474,-68.0,0.0,duct_filler,0,1247.0
-84.30780618346921,-68.0,0.0,duct_filler,0,1247.0
-77.37960295319363,-68.0,0.0,duct_filler,0,1247.0
-70.4513997229181,-68.0,0.0,duct_filler,0,1247.0
-63.523196492642626,-68.0,0.0,duct_filler,0,1247.0
-56.5949932623671,-68.0,0.0,duct_filler,0,1247.0
-49.66679003209157,-68.0,0.0,duct_filler,0,1247.0
102.75368103396931,-68.0,0.0,duct_filler,0,1247.0
109.6818842642449,-68.0,0.0,duct_filler,0,1247.0
116.61008749452026,-68.0,0.0,duct_filler,0,1247.0
123.53829072479573,-68.0,0.0,duct_filler,0,1247.0
130.4664939550712,-68.0,0.0,duct_filler,0,1247.0
137.39469718534656,-68.0,0.0,duct_filler,0,1247.0
317.5279811725088,-68.0,0.0,duct_filler,0,1247.0
324.4561844027844,-68.0,0.0,duct_filler,0,1247.0
331.3843876330599,-68.0,0.0,duct_filler,0,1247.0
338.31259086333534,-68.0,0.0,duct_filler,0,1247.0
345.2407940936107,-68.0,0.0,duct_filler,0,1247.0
352.1689973238865,-68.0,0.0,duct_filler,0,1247.0
359.097200554162,-68.0,0.0,duct_filler,0,1247.0
366.02540378443734,-68.0,0.0,duct_filler,0,1247.0
372.9536070147128,-68.0,0.0,duct_filler,0,1247.0
379.8818102449883,-68.0,0.0,duct_filler,0,1247.0
386.81001347526364,-68.0,0.0,duct_filler,0,1247.0
393.7382167055391,-68.0,0.0,duct_filler,0,1247.0
400.6664199358146,-68.0,0.0,duct_filler,0,1247.0
407.5946231660902,-68.0,0.0,duct_filler,0,1247.0
414.52282639636553,-68.0,0.0,duct_filler,0,1247.0
421.451029626641,-68.0,0.0,duct_filler,0,1247.0
428.3792328569165,-68.0,0.0,duct_filler,0,1247.0
435.30743608719183,-68.0,0.0,duct_filler,0,1247.0
442.2356393174673,-68.0,0.0,duct_filler,0,1247.0
-448.0384757729337,-74.0,0.0,duct_filler,0,1247.0
-441.1102725426582,-74.00000000000011,0.0,duct_filler,0,1247.0
-434.1820693123827,-74.0,0.0,duct_filler,0,1247.0
-427.25386608210715,-74.0,0.0,duct_filler,0,1247.0
-240.19237886466857,-74.0,0.0,duct_filler,0,1247.0
-233.26417563439304,-74.0,0.0,duct_filler,0,1247.0
-226.3359724041175,-74.0,0.0,duct_filler,0,1247.0
-219.40776917384198,-74.0,0.0,duct_filler,0,1247.0
-212.4795659435664,-74.0,0.0,duct_filler,0,1247.0
-205.55136271329087,-74.0,0.0,duct_filler,0,1247.0
-198.6231594830154,-74.0,0.0,duct_filler,0,1247.0
-191.69495625273993,-74.0,0.0,duct_filler,0,1247.0
-184.76675302246434,-74.0,0.0,duct_filler,0,1247.0
-177.83854979218881,-74.0,0.0,duct_filler,0,1247.0
-170.9103465619133,-74.0,0.0,duct_filler,0,1247.0
-94.70011102888253,-74.0,0.0,duct_filler,0,1247.0
-87.77190779860695,-74.0,0.0,duct_filler,0,1247.0
-80.84370456833142,-74.0,0.0,duct_filler,0,1247.0
-73.91550133805589,-74.0,0.0,duct_filler,0,1247.0
-66.9872981077803,-74.0,0.0,duct_filler,0,1247.0
-60.059094877504776,-74.0,0.0,duct_filler,0,1247.0
-53.130891647229305,-74.0,0.0,duct_filler,0,1247.0
106.21778264910711,-74.00000000000011,0.0,duct_filler,0,1247.0
113.14598587938258,-74.00000000000011,0.0,duct_filler,0,1247.0
120.07418910965805,-74.00000000000011,0.0,duct_filler,0,1247.0
127.00239233993341,-74.00000000000011,0.0,duct_filler,0,1247.0
314.06387955737125,-74.00000000000011,0.0,duct_filler,0,1247.0
320.9920827876467,-74.00000000000011,0.0,duct_filler,0,1247.0
327.92028601792254,-74.00000000000011,0.0,duct_filler,0,1247.0
334.84848924819755,-74.00000000000011,0.0,duct_filler,0,1247.0
341.77669247847336,-74.00000000000011,0.0,duct_filler,0,1247.0
348.70489570874884,-74.00000000000011,0.0,duct_filler,0,1247.0
355.6330989390242,-74.00000000000011,0.0,duct_filler,0,1247.0
362.56130216929967,-74.00000000000011,0.0,duct_filler,0,1247.0
369.48950539957514,-74.00000000000011,0.0,duct_filler,0,1247.0
376.4177086298505,-74.00000000000011,0.0,duct_filler,0,1247.0
383.34591186012597,-74.00000000000011,0.0,duct_filler,0,1247.0
390.27411509040144,-74.00000000000011,0.0,duct_filler,0,1247.0
397.2023183206768,-74.00000000000011,0.0,duct_filler,0,1247.0
404.1305215509524,-74.00000000000011,0.0,duct_filler,0,1247.0
411.05872478122785,-74.00000000000011,0.0,duct_filler,0,1247.0
417.9869280115033,-74.00000000000011,0.0,duct_filler,0,1247.0
424.9151312417787,-74.00000000000011,0.0,duct_filler,0,1247.0
431.8433344720544,-74.00000000000011,0.0,duct_filler,0,1247.0
438.77153770232974,-74.00000000000011,0.0,duct_filler,0,1247.0
-444.57437415779594,-80.0,0.0,duct_filler,0,1247.0
-437.6461709275204,-79.99999999999989,0.0,duct_filler,0,1247.0
-430.71796769724494,-80.00000000000011,0.0,duct_filler,0,1247.0
-236.72827724953078,-80.0,0.0,duct_filler,0,1247.0
-229.80007401925525,-80.0,0.0,duct_filler,0,1247.0
-222.87187078897972,-80.0,0.0,duct_filler,0,1247.0
-215.9436675587042,-80.0,0.0,duct_filler,0,1247.0
-209.01546432842866,-80.0,0.0,duct_filler,0,1247.0
-202.0872610981532,-80.0,0.0,duct_filler,0,1247.0
-195.15905786787755,-80.0,0.0,duct_filler,0,1247.0
-188.23085463760208,-80.0,0.0,duct_filler,0,1247.0
-181.30265140732655,-80.0,0.0,duct_filler,0,1247.0
-174.37444817705102,-80.0,0.0,duct_filler,0,1247.0
-98.1642126440201,-80.0,0.0,duct_filler,0,1247.0
-91.23600941374474,-80.0,0.0,duct_filler,0,1247.0
-84.30780618346921,-80.0,0.0,duct_filler,0,1247.0
-77.37960295319363,-80.0,0.0,duct_filler,0,1247.0
-70.4513997229181,-80.0,0.0,duct_filler,0,1247.0
-63.523196492642626,-80.0,0.0,duct_filler,0,1247.0
-56.5949932623671,-80.0,0.0,duct_filler,0,1247.0
81.9690713431429,-80.0,0.0,duct_filler,0,1247.0
109.6818842642449,-80.0,0.0,duct_filler,0,1247.0
116.61008749452026,-80.0,0.0,duct_filler,0,1247.0
310.5997779422336,-80.0,0.0,duct_filler,0,1247.0
317.5279811725088,-80.0,0.0,duct_filler,0,1247.0
324.4561844027844,-80.0,0.0,duct_filler,0,1247.0
331.3843876330599,-80.0,0.0,duct_filler,0,1247.0
338.31259086333534,-80.0,0.0,duct_filler,0,1247.0
345.2407940936107,-80.0,0.0,duct_filler,0,1247.0
352.1689973238865,-80.0,0.0,duct_filler,0,1247.0
359.097200554162,-80.0,0.0,duct_filler,0,1247.0
366.02540378443734,-80.0,0.0,duct_filler,0,1247.0
372.9536070147128,-80.0,0.0,duct_filler,0,1247.0
379.8818102449883,-80.0,0.0,duct_filler,0,1247.0
386.81001347526364,-80.0,0.0,duct_filler,0,1247.0
393.7382167055391,-80.0,0.0,duct_filler,0,1247.0
400.6664199358146,-80.0,0.0,duct_filler,0,1247.0
407.5946231660902,-80.0,0.0,duct_filler,0,1247.0
414.52282639636553,-80.0,0.0,duct_filler,0,1247.0
421.451029626641,-80.0,0.0,duct_filler,0,1247.0
428.3792328569165,-80.0,0.0,duct_filler,0,1247.0
435.30743608719183,-80.0,0.0,duct_filler,0,1247.0
-441.1102725426582,-86.0,0.0,duct_filler,0,1247.0
-434.1820693123827,-86.0,0.0,duct_filler,0,1247.0
-427.25386608210715,-86.00000000000011,0.0,duct_filler,0,1247.0
-233.26417563439304,-86.00000000000011,0.0,duct_filler,0,1247.0
-226.3359724041175,-86.00000000000011,0.0,duct_filler,0,1247.0
-198.6231594830154,-86.00000000000011,0.0,duct_filler,0,1247.0
-177.83854979218881,-86.00000000000011,0.0,duct_filler,0,1247.0
-101.62831425915806,-86.00000000000011,0.0,duct_filler,0,1247.0
-94.70011102888253,-86.00000000000011,0.0,duct_filler,0,1247.0
-87.77190779860695,-86.00000000000011,0.0,duct_filler,0,1247.0
-80.84370456833142,-86.00000000000011,0.0,duct_filler,0,1247.0
-73.91550133805589,-86.00000000000011,0.0,duct_filler,0,1247.0
16.151140655525978,-86.0,0.0,duct_filler,0,1247.0
23.079343885801563,-86.0,0.0,duct_filler,0,1247.0
71.57676649772975,-86.0,0.0,duct_filler,0,1247.0
78.50496972800522,-86.0,0.0,duct_filler,0,1247.0
85.4331729582807,-86.0,0.0,duct_filler,0,1247.0
113.14598587938258,-86.0,0.0,duct_filler,0,1247.0
120.07418910965805,-86.0,0.0,duct_filler,0,1247.0
196.28442464268812,-86.0,0.0,duct_filler,0,1247.0
203.2126278729637,-86.0,0.0,duct_filler,0,1247.0
314.06387955737125,-86.0,0.0,duct_filler,0,1247.0
320.9920827876467,-86.0,0.0,duct_filler,0,1247.0
327.92028601792254,-86.0,0.0,duct_filler,0,1247.0
334.84848924819755,-86.0,0.0,duct_filler,0,1247.0
341.77669247847336,-86.0,0.0,duct_filler,0,1247.0
348.70489570874884,-86.0,0.0,duct_filler,0,1247.0
355.6330989390242,-86.0,0.0,duct_filler,0,1247.0
362.56130216929967,-86.0,0.0,duct_filler,0,1247.0
369.48950539957514,-86.0,0.0,duct_filler,0,1247.0
376.4177086298505,-86.0,0.0,duct_filler,0,1247.0
383.34591186012597,-86.0,0.0,duct_filler,0,1247.0
390.27411509040144,-86.0,0.0,duct_filler,0,1247.0
397.2023183206768,-86.0,0.0,duct_filler,0,1247.0
404.1305215509524,-86.0,0.0,duct_filler,0,1247.0
411.05872478122785,-86.0,0.0,duct_filler,0,1247.0
417.9869280115033,-86.0,0.0,duct_filler,0,1247.0
424.9151312417787,-86.0,0.0,duct_filler,0,1247.0
431.8433344720544,-86.0,0.0,duct_filler,0,1247.0
-437.6461709275204,-92.00000000000011,0.0,duct_filler,0,1247.0
-430.71796769724494,-92.0,0.0,duct_filler,0,1247.0
-202.0872610981532,-92.0,0.0,duct_filler,0,1247.0
-195.15905786787755,-92.0,0.0,duct_filler,0,1247.0
-188.23085463760208,-92.0,0.0,duct_filler,0,1247.0
-153.58983848622438,-92.0,0.0,duct_filler,0,1247.0
-105.09241587429574,-92.0,0.0,duct_filler,0,1247.0
-98.1642126440201,-92.0,0.0,duct_filler,0,1247.0
-91.23600941374474,-92.0,0.0,duct_filler,0,1247.0
-84.30780618346921,-92.0,0.0,duct_filler,0,1247.0
-77.37960295319363,-92.0,0.0,duct_filler,0,1247.0
5.758835810112714,-92.0,0.0,duct_filler,0,1247.0
12.6870390403883,-92.0,0.0,duct_filler,0,1247.0
19.615242270663657,-91.99999999999989,0.0,duct_filler,0,1247.0
26.54344550093913,-91.99999999999989,0.0,duct_filler,0,1247.0
68.11266488259196,-91.99999999999989,0.0,duct_filler,0,1247.0
75.04086811286754,-91.99999999999989,0.0,duct_filler,0,1247.0
81.9690713431429,-91.99999999999989,0.0,duct_filler,0,1247.0
88.89727457341837,-91.99999999999989,0.0,duct_filler,0,1247.0
95.82547780369384,-91.99999999999989,0.0,duct_filler,0,1247.0
158.1793068761731,-91.99999999999989,0.0,duct_filler,0,1247.0
165.10751010644856,-91.99999999999989,0.0,duct_filler,0,1247.0
172.03571333672403,-91.99999999999989,0.0,duct_filler,0,1247.0
178.9639165669995,-91.99999999999989,0.0,duct_filler,0,1247.0
185.89211979727497,-91.99999999999989,0.0,duct_filler,0,1247.0
192.82032302755056,-91.99999999999989,0.0,duct_filler,0,1247.0
199.7485262578258,-91.99999999999989,0.0,duct_filler,0,1247.0
206.6767294881015,-91.99999999999989,0.0,duct_filler,0,1247.0
213.60493271837686,-91.99999999999989,0.0,duct_filler,0,1247.0
310.5997779422336,-91.99999999999989,0.0,duct_filler,0,1247.0
317.5279811725088,-91.99999999999989,0.0,duct_filler,0,1247.0
324.4561844027844,-91.99999999999989,0.0,duct_filler,0,1247.0
331.3843876330599,-91.99999999999989,0.0,duct_filler,0,1247.0
338.31259086333534,-91.99999999999989,0.0,duct_filler,0,1247.0
345.2407940936107,-91.99999999999989,0.0,duct_filler,0,1247.0
352.1689973238865,-91.99999999999989,0.0,duct_filler,0,1247.0
359.097200554162,-91.99999999999989,0.0,duct_filler,0,1247.0
366.02540378443734,-91.99999999999989,0.0,duct_filler,0,1247.0
372.9536070147128,-91.99999999999989,0.0,duct_filler,0,1247.0
379.8818102449883,-91.99999999999989,0.0,duct_filler,0,1247.0
386.81001347526364,-91.99999999999989,0.0,duct_filler,0,1247.0
393.7382167055391,-91.99999999999989,0.0,duct_filler,0,1247.0
400.6664199358146,-91.99999999999989,0.0,duct_filler,0,1247.0
407.5946231660902,-91.99999999999989,0.0,duct_filler,0,1247.0
414.52282639636553,-91.99999999999989,0.0,duct_filler,0,1247.0
421.451029626641,-91.99999999999989,0.0,duct_filler,0,1247.0
428.3792328569165,-91.99999999999989,0.0,duct_filler,0,1247.0
-434.1820693123827,-97.99999999999989,0.0,duct_filler,0,1247.0
-427.25386608210715,-98.0,0.0,duct_filler,0,1247.0
-212.4795659435664,-98.00000000000011,0.0,duct_filler,0,1247.0
-205.55136271329087,-98.00000000000011,0.0,duct_filler,0,1247.0
-198.6231594830154,-98.00000000000011,0.0,duct_filler,0,1247.0
-191.69495625273993,-98.00000000000011,0.0,duct_filler,0,1247.0
-163.98214333163776,-98.00000000000011,0.0,duct_filler,0,1247.0
-157.05394010136217,-98.00000000000011,0.0,duct_filler,0,1247.0
-150.1257368710867,-98.00000000000011,0.0,duct_filler,0,1247.0
-101.62831425915806,-98.00000000000011,0.0,duct_filler,0,1247.0
-94.70011102888253,-98.00000000000011,0.0,duct_filler,0,1247.0
-87.77190779860695,-98.00000000000011,0.0,duct_filler,0,1247.0
2.2947341949749784,-98.00000000000011,0.0,duct_filler,0,1247.0
9.222937425250507,-98.00000000000011,0.0,duct_filler,0,1247.0
16.151140655525978,-98.00000000000011,0.0,duct_filler,0,1247.0
23.079343885801563,-98.00000000000011,0.0,duct_filler,0,1247.0
30.00754711607692,-98.00000000000011,0.0,duct_filler,0,1247.0
71.57676649772975,-98.00000000000011,0.0,duct_filler,0,1247.0
78.50496972800522,-98.00000000000011,0.0,duct_filler,0,1247.0
85.4331729582807,-98.00000000000011,0.0,duct_filler,0,1247.0
92.36137618855616,-98.00000000000011,0.0,duct_filler,0,1247.0
140.85879880048446,-98.00000000000011,0.0,duct_filler,0,1247.0
147.78700203076005,-98.00000000000011,0.0,duct_filler,0,1247.0
154.7152052610354,-98.00000000000011,0.0,duct_filler,0,1247.0
161.64340849131088,-98.00000000000011,0.0,duct_filler,0,1247.0
168.57161172158635,-98.00000000000011,0.0,duct_filler,0,1247.0
175.49981495186182,-98.00000000000011,0.0,duct_filler,0,1247.0
182.4280181821373,-98.00000000000011,0.0,duct_filler,0,1247.0
189.35622141241265,-98.00000000000011,0.0,duct_filler,0,1247.0
196.28442464268812,-98.00000000000011,0.0,duct_filler,0,1247.0
203.2126278729637,-98.00000000000011,0.0,duct_filler,0,1247.0
210.14083110323918,-98.00000000000011,0.0,duct_filler,0,1247.0
217.06903433351465,-98.00000000000011,0.0,duct_filler,0,1247.0
223.99723756379012,-98.00000000000011,0.0,duct_filler,0,1247.0
314.06387955737125,-98.00000000000011,0.0,duct_filler,0,1247.0
320.9920827876467,-98.00000000000011,0.0,duct_filler,0,1247.0
327.92028601792254,-98.00000000000011,0.0,duct_filler,0,1247.0
334.84848924819755,-98.00000000000011,0.0,duct_filler,0,1247.0
341.77669247847336,-98.00000000000011,0.0,duct_filler,0,1247.0
348.70489570874884,-98.00000000000011,0.0,duct_filler,0,1247.0
355.6330989390242,-98.00000000000011,0.0,duct_filler,0,1247.0
362.56130216929967,-98.00000000000011,0.0,duct_filler,0,1247.0
369.48950539957514,-98.00000000000011,0.0,duct_filler,0,1247.0
376.4177086298505,-98.00000000000011,0.0,duct_filler,0,1247.0
383.34591186012597,-98.00000000000011,0.0,duct_filler,0,1247.0
390.27411509040144,-98.00000000000011,0.0,duct_filler,0,1247.0
397.2023183206768,-98.00000000000011,0.0,duct_filler,0,1247.0
404.1305215509524,-98.00000000000011,0.0,duct_filler,0,1247.0
411.05872478122785,-98.00000000000011,0.0,duct_filler,0,1247.0
417.9869280115033,-98.00000000000011,0.0,duct_filler,0,1247.0
424.9151312417787,-98.00000000000011,0.0,duct_filler,0,1247.0
-430.71796769724494,-104.0,0.0,duct_filler,0,1247.0
-423.7897644669694,-104.0,0.0,duct_filler,0,1247.0
-215.9436675587042,-104.0,0.0,duct_filler,0,1247.0
-209.01546432842866,-104.0,0.0,duct_filler,0,1247.0
-202.0872610981532,-104.0,0.0,duct_filler,0,1247.0
-195.15905786787755,-104.0,0.0,duct_filler,0,1247.0
-188.23085463760208,-104.0,0.0,duct_filler,0,1247.0
-160.51804171649997,-104.0,0.0,duct_filler,0,1247.0
-153.58983848622438,-104.0,0.0,duct_filler,0,1247.0
-146.6616352559489,-104.0,0.0,duct_filler,0,1247.0
-91.23600941374474,-104.0,0.0,duct_filler,0,1247.0
5.758835810112714,-104.0,0.0,duct_filler,0,1247.0
12.6870390403883,-104.0,0.0,duct_filler,0,1247.0
19.615242270663657,-104.0,0.0,duct_filler,0,1247.0
26.54344550093913,-104.0,0.0,duct_filler,0,1247.0
33.4716487312146,-104.0,0.0,duct_filler,0,1247.0
75.04086811286754,-104.0,0.0,duct_filler,0,1247.0
81.9690713431429,-104.0,0.0,duct_filler,0,1247.0
88.89727457341837,-104.0,0.0,duct_filler,0,1247.0
95.82547780369384,-104.0,0.0,duct_filler,0,1247.0
130.4664939550712,-104.0,0.0,duct_filler,0,1247.0
137.39469718534656,-104.0,0.0,duct_filler,0,1247.0
144.32290041562203,-104.0,0.0,duct_filler,0,1247.0
151.25110364589762,-104.0,0.0,duct_filler,0,1247.0
158.1793068761731,-104.0,0.0,duct_filler,0,1247.0
165.10751010644856,-104.0,0.0,duct_filler,0,1247.0
172.03571333672403,-104.0,0.0,duct_filler,0,1247.0
178.9639165669995,-104.0,0.0,duct_filler,0,1247.0
185.89211979727497,-104.0,0.0,duct_filler,0,1247.0
192.82032302755056,-104.0,0.0,duct_filler,0,1247.0
199.7485262578258,-104.0,0.0,duct_filler,0,1247.0
206.6767294881015,-104.0,0.0,duct_filler,0,1247.0
213.60493271837686,-104.0,0.0,duct_filler,0,1247.0
220.53313594865233,-104.0,0.0,duct_filler,0,1247.0
227.4613391789278,-104.0,0.0,duct_filler,0,1247.0
234.38954240920327,-104.0,0.0,duct_filler,0,1247.0
324.4561844027844,-104.0,0.0,duct_filler,0,1247.0
331.3843876330599,-104.0,0.0,duct_filler,0,1247.0
338.31259086333534,-104.0,0.0,duct_filler,0,1247.0
345.2407940936107,-104.0,0.0,duct_filler,0,1247.0
352.1689973238865,-104.0,0.0,duct_filler,0,1247.0
359.097200554162,-104.0,0.0,duct_filler,0,1247.0
366.02540378443734,-104.0,0.0,duct_filler,0,1247.0
372.9536070147128,-104.0,0.0,duct_filler,0,1247.0
379.8818102449883,-104.0,0.0,duct_filler,0,1247.0
386.81001347526364,-104.0,0.0,duct_filler,0,1247.0
393.7382167055391,-104.0,0.0,duct_filler,0,1247.0
400.6664199358146,-104.0,0.0,duct_filler,0,1247.0
-434.1820693123827,-110.0,0.0,duct_filler,0,1247.0
-427.25386608210715,-110.0,0.0,duct_filler,0,1247.0
-420.3256628518316,-110.0,0.0,duct_filler,0,1247.0
-219.40776917384198,-110.0,0.0,duct_filler,0,1247.0
-212.4795659435664,-110.0,0.0,duct_filler,0,1247.0
-205.55136271329087,-110.0,0.0,duct_filler,0,1247.0
-198.6231594830154,-110.0,0.0,duct_filler,0,1247.0
-191.69495625273993,-110.0,0.0,duct_filler,0,1247.0
-163.98214333163776,-110.0,0.0,duct_filler,0,1247.0
-157.05394010136217,-110.0,0.0,duct_filler,0,1247.0
-150.1257368710867,-110.0,0.0,duct_filler,0,1247.0
-143.19753364081112,-110.0,0.0,duct_filler,0,1247.0
9.222937425250507,-110.0,0.0,duct_filler,0,1247.0
85.4331729582807,-109.99999999999989,0.0,duct_filler,0,1247.0
92.36137618855616,-109.99999999999989,0.0,duct_filler,0,1247.0
127.00239233993341,-109.99999999999989,0.0,duct_filler,0,1247.0
133.9305955702091,-109.99999999999989,0.0,duct_filler,0,1247.0
140.85879880048446,-109.99999999999989,0.0,duct_filler,0,1247.0
147.78700203076005,-109.99999999999989,0.0,duct_filler,0,1247.0
154.7152052610354,-109.99999999999989,0.0,duct_filler,0,1247.0
161.64340849131088,-109.99999999999989,0.0,duct_filler,0,1247.0
168.57161172158635,-109.99999999999989,0.0,duct_filler,0,1247.0
175.49981495186182,-109.99999999999989,0.0,duct_filler,0,1247.0
182.4280181821373,-109.99999999999989,0.0,duct_filler,0,1247.0
189.35622141241265,-109.99999999999989,0.0,duct_filler,0,1247.0
196.28442464268812,-109.99999999999989,0.0,duct_filler,0,1247.0
203.2126278729637,-109.99999999999989,0.0,duct_filler,0,1247.0
210.14083110323918,-109.99999999999989,0.0,duct_filler,0,1247.0
217.06903433351465,-109.99999999999989,0.0,duct_filler,0,1247.0
223.99723756379012,-109.99999999999989,0.0,duct_filler,0,1247.0
230.9254407940656,-109.99999999999989,0.0,duct_filler,0,1247.0
341.77669247847336,-109.99999999999989,0.0,duct_filler,0,1247.0
348.70489570874884,-109.99999999999989,0.0,duct_filler,0,1247.0
355.6330989390242,-109.99999999999989,0.0,duct_filler,0,1247.0
362.56130216929967,-109.99999999999989,0.0,duct_filler,0,1247.0
369.48950539957514,-109.99999999999989,0.0,duct_filler,0,1247.0
376.4177086298505,-109.99999999999989,0.0,duct_filler,0,1247.0
383.34591186012597,-109.99999999999989,0.0,duct_filler,0,1247.0
390.27411509040144,-109.99999999999989,0.0,duct_filler,0,1247.0
397.2023183206768,-109.99999999999989,0.0,duct_filler,0,1247.0
-430.71796769724494,-116.0,0.0,duct_filler,0,1247.0
-423.7897644669694,-116.0,0.0,duct_filler,0,1247.0
-416.8615612366939,-116.0,0.0,duct_filler,0,1247.0
-215.9436675587042,-116.0,0.0,duct_filler,0,1247.0
-209.01546432842866,-116.0,0.0,duct_filler,0,1247.0
-202.0872610981532,-116.0,0.0,duct_filler,0,1247.0
-195.15905786787755,-116.0,0.0,duct_filler,0,1247.0
-167.4462449467755,-116.0,0.0,duct_filler,0,1247.0
-160.51804171649997,-116.0,0.0,duct_filler,0,1247.0
-153.58983848622438,-116.0,0.0,duct_filler,0,1247.0
-146.6616352559489,-116.0,0.0,duct_filler,0,1247.0
-139.73343202567332,-116.0,0.0,duct_filler,0,1247.0
130.4664939550712,-116.0,0.0,duct_filler,0,1247.0
137.39469718534656,-116.0,0.0,duct_filler,0,1247.0
178.9639165669995,-116.0,0.0,duct_filler,0,1247.0
185.89211979727497,-116.0,0.0,duct_filler,0,1247.0
192.82032302755056,-116.0,0.0,duct_filler,0,1247.0
199.7485262578258,-116.0,0.0,duct_filler,0,1247.0
206.6767294881015,-116.0,0.0,duct_filler,0,1247.0
220.53313594865233,-116.0,0.0,duct_filler,0,1247.0
227.4613391789278,-116.0,0.0,duct_filler,0,1247.0
345.2407940936107,-116.0,0.0,duct_filler,0,1247.0
352.1689973238865,-116.0,0.0,duct_filler,0,1247.0
359.097200554162,-116.0,0.0,duct_filler,0,1247.0
366.02540378443734,-116.0,0.0,duct_filler,0,1247.0
372.9536070147128,-116.0,0.0,duct_filler,0,1247.0
379.8818102449883,-116.0,0.0,duct_filler,0,1247.0
386.81001347526364,-116.0,0.0,duct_filler,0,1247.0
393.7382167055391,-116.0,0.0,duct_filler,0,1247.0
-434.1820693123827,-122.0,0.0,duct_filler,0,1247.0
-427.25386608210715,-121.99999999999989,0.0,duct_filler,0,1247.0
-420.3256628518316,-121.99999999999989,0.0,duct_filler,0,1247.0
-378.75644347017857,-121.99999999999989,0.0,duct_filler,0,1247.0
-371.8282402399031,-122.0,0.0,duct_filler,0,1247.0
-364.90003700962757,-121.99999999999989,0.0,duct_filler,0,1247.0
-219.40776917384198,-122.0,0.0,duct_filler,0,1247.0
-212.4795659435664,-122.0,0.0,duct_filler,0,1247.0
-205.55136271329087,-122.0,0.0,duct_filler,0,1247.0
-198.6231594830154,-122.0,0.0,duct_filler,0,1247.0
-170.9103465619133,-122.0,0.0,duct_filler,0,1247.0
-163.98214333163776,-122.0,0.0,duct_filler,0,1247.0
-157.05394010136217,-122.0,0.0,duct_filler,0,1247.0
-150.1257368710867,-122.0,0.0,duct_filler,0,1247.0
-143.19753364081112,-122.0,0.0,duct_filler,0,1247.0
133.9305955702091,-122.0,0.0,duct_filler,0,1247.0
196.28442464268812,-122.0,0.0,duct_filler,0,1247.0
217.06903433351465,-122.0,0.0,duct_filler,0,1247.0
223.99723756379012,-122.0,0.0,duct_filler,0,1247.0
334.84848924819755,-122.0,0.0,duct_filler,0,1247.0
341.77669247847336,-122.0,0.0,duct_filler,0,1247.0
348.70489570874884,-122.0,0.0,duct_filler,0,1247.0
355.6330989390242,-122.0,0.0,duct_filler,0,1247.0
362.56130216929967,-122.0,0.0,duct_filler,0,1247.0
369.48950539957514,-122.0,0.0,duct_filler,0,1247.0
376.4177086298505,-122.0,0.0,duct_filler,0,1247.0
383.34591186012597,-122.0,0.0,duct_filler,0,1247.0
-437.6461709275204,-128.0,0.0,duct_filler,0,1247.0
-430.71796769724494,-128.0,0.0,duct_filler,0,1247.0
-423.7897644669694,-128.0,0.0,duct_filler,0,1247.0
-416.8615612366939,-128.0,0.0,duct_filler,0,1247.0
-409.93335800641836,-128.0,0.0,duct_filler,0,1247.0
-375.29234185504083,-128.0,0.0,duct_filler,0,1247.0
-368.36413862476525,-128.0,0.0,duct_filler,0,1247.0
-209.01546432842866,-128.0,0.0,duct_filler,0,1247.0
-202.0872610981532,-128.0,0.0,duct_filler,0,1247.0
-167.4462449467755,-128.0,0.0,duct_filler,0,1247.0
-160.51804171649997,-128.0,0.0,duct_filler,0,1247.0
-153.58983848622438,-128.0,0.0,duct_filler,0,1247.0
-146.6616352559489,-128.0,0.0,duct_filler,0,1247.0
158.1793068761731,-128.0,0.0,duct_filler,0,1247.0
165.10751010644856,-128.0,0.0,duct_filler,0,1247.0
178.9639165669995,-128.0,0.0,duct_filler,0,1247.0
331.3843876330599,-128.0,0.0,duct_filler,0,1247.0
338.31259086333534,-128.0,0.0,duct_filler,0,1247.0
345.2407940936107,-128.0,0.0,duct_filler,0,1247.0
352.1689973238865,-128.0,0.0,duct_filler,0,1247.0
359.097200554162,-128.0,0.0,duct_filler,0,1247.0
366.02540378443734,-128.0,0.0,duct_filler,0,1247.0
372.9536070147128,-128.0,0.0,duct_filler,0,1247.0
379.8818102449883,-128.0,0.0,duct_filler,0,1247.0
-448.0384757729337,-134.0,0.0,duct_filler,0,1247.0
-441.1102725426582,-134.0,0.0,duct_filler,0,1247.0
-434.1820693123827,-133.9999999999999,0.0,duct_filler,0,1247.0
-427.25386608210715,-134.0,0.0,duct_filler,0,1247.0
-420.3256628518316,-134.0,0.0,duct_filler,0,1247.0
-413.39745962155615,-134.0,0.0,duct_filler,0,1247.0
-406.4692563912806,-134.0,0.0,duct_filler,0,1247.0
-392.6128499307296,-134.0,0.0,duct_filler,0,1247.0
-385.6846467004541,-134.0,0.0,duct_filler,0,1247.0
-378.75644347017857,-134.0,0.0,duct_filler,0,1247.0
-371.8282402399031,-134.0,0.0,duct_filler,0,1247.0
-364.90003700962757,-134.0,0.0,duct_filler,0,1247.0
-170.9103465619133,-134.0,0.0,duct_filler,0,1247.0
-163.98214333163776,-134.0,0.0,duct_filler,0,1247.0
-157.05394010136217,-134.0,0.0,duct_filler,0,1247.0
-150.1257368710867,-134.0,0.0,duct_filler,0,1247.0
-143.19753364081112,-134.0,0.0,duct_filler,0,1247.0
147.78700203076005,-134.0,0.0,duct_filler,0,1247.0
154.7152052610354,-134.0,0.0,duct_filler,0,1247.0
161.64340849131088,-134.0,0.0,duct_filler,0,1247.0
168.57161172158635,-134.0,0.0,duct_filler,0,1247.0
175.49981495186182,-134.0,0.0,duct_filler,0,1247.0
182.4280181821373,-134.0,0.0,duct_filler,0,1247.0
327.92028601792254,-134.0,0.0,duct_filler,0,1247.0
334.84848924819755,-134.0,0.0,duct_filler,0,1247.0
341.77669247847336,-134.0,0.0,duct_filler,0,1247.0
348.70489570874884,-134.0,0.0,duct_filler,0,1247.0
355.6330989390242,-134.0,0.0,duct_filler,0,1247.0
362.56130216929967,-134.0,0.0,duct_filler,0,1247.0
369.48950539957514,-134.0,0.0,duct_filler,0,1247.0
397.2023183206768,-134.0,0.0,duct_filler,0,1247.0
404.1305215509524,-134.0,0.0,duct_filler,0,1247.0
411.05872478122785,-134.0,0.0,duct_filler,0,1247.0
417.9869280115033,-134.0,0.0,duct_filler,0,1247.0
438.77153770232974,-134.0,0.0,duct_filler,0,1247.0
-451.5025773880715,-140.0,0.0,duct_filler,0,1247.0
-444.57437415779594,-140.0,0.0,duct_filler,0,1247.0
-437.6461709275204,-140.0,0.0,duct_filler,0,1247.0
-430.71796769724494,-139.9999999999999,0.0,duct_filler,0,1247.0
-423.7897644669694,-139.9999999999999,0.0,duct_filler,0,1247.0
-416.8615612366939,-139.9999999999999,0.0,duct_filler,0,1247.0
-409.93335800641836,-139.9999999999999,0.0,duct_filler,0,1247.0
-403.00515477614283,-139.9999999999999,0.0,duct_filler,0,1247.0
-396.07695154586736,-139.9999999999999,0.0,duct_filler,0,1247.0
-389.14874831559183,-139.9999999999999,0.0,duct_filler,0,1247.0
-382.2205450853163,-139.9999999999999,0.0,duct_filler,0,1247.0
-375.29234185504083,-140.0,0.0,duct_filler,0,1247.0
-368.36413862476525,-140.0000000000001,0.0,duct_filler,0,1247.0
-361.4359353944898,-140.0000000000001,0.0,duct_filler,0,1247.0
-354.5077321642143,-140.0000000000001,0.0,duct_filler,0,1247.0
-347.57952893393883,-140.0000000000001,0.0,duct_filler,0,1247.0
-167.4462449467755,-140.0,0.0,duct_filler,0,1247.0
-160.51804171649997,-140.0,0.0,duct_filler,0,1247.0
-153.58983848622438,-140.0,0.0,duct_filler,0,1247.0
-146.6616352559489,-140.0,0.0,duct_filler,0,1247.0
151.25110364589762,-140.0,0.0,duct_filler,0,1247.0
158.1793068761731,-140.0,0.0,duct_filler,0,1247.0
165.10751010644856,-140.0,0.0,duct_filler,0,1247.0
172.03571333672403,-140.0,0.0,duct_filler,0,1247.0
178.9639165669995,-140.0,0.0,duct_filler,0,1247.0
185.89211979727497,-140.0,0.0,duct_filler,0,1247.0
192.82032302755056,-140.0,0.0,duct_filler,0,1247.0
331.3843876330599,-140.0,0.0,duct_filler,0,1247.0
338.31259086333534,-140.0,0.0,duct_filler,0,1247.0
345.2407940936107,-140.0,0.0,duct_filler,0,1247.0
352.1689973238865,-140.0,0.0,duct_filler,0,1247.0
359.097200554162,-140.0,0.0,duct_filler,0,1247.0
366.02540378443734,-140.0,0.0,duct_filler,0,1247.0
393.7382167055391,-140.0,0.0,duct_filler,0,1247.0
400.6664199358146,-140.0,0.0,duct_filler,0,1247.0
407.5946231660902,-140.0,0.0,duct_filler,0,1247.0
414.52282639636553,-140.0,0.0,duct_filler,0,1247.0
421.451029626641,-140.0,0.0,duct_filler,0,1247.0
428.3792328569165,-140.0,0.0,duct_filler,0,1247.0
435.30743608719183,-140.0,0.0,duct_filler,0,1247.0
442.2356393174673,-140.0,0.0,duct_filler,0,1247.0
449.1638425477428,-140.0,0.0,duct_filler,0,1247.0
-454.9666790032092,-146.0,0.0,duct_filler,0,1247.0
-448.0384757729337,-146.0000000000001,0.0,duct_filler,0,1247.0
-441.1102725426582,-146.0,0.0,duct_filler,0,1247.0
-434.1820693123827,-146.0000000000001,0.0,duct_filler,0,1247.0
-427.25386608210715,-146.0,0.0,duct_filler,0,1247.0
-420.3256628518316,-146.0,0.0,duct_filler,0,1247.0
-413.39745962155615,-146.0,0.0,duct_filler,0,1247.0
-406.4692563912806,-146.0,0.0,duct_filler,0,1247.0
-399.54105316100515,-146.0,0.0,duct_filler,0,1247.0
-392.6128499307296,-146.0,0.0,duct_filler,0,1247.0
-385.6846467004541,-146.0,0.0,duct_filler,0,1247.0
-378.75644347017857,-146.0,0.0,duct_filler,0,1247.0
-371.8282402399031,-146.0,0.0,duct_filler,0,1247.0
-364.90003700962757,-145.9999999999999,0.0,duct_filler,0,1247.0
-357.9718337793521,-145.9999999999999,0.0,duct_filler,0,1247.0
-351.0436305490765,-145.9999999999999,0.0,duct_filler,0,1247.0
-163.98214333163776,-146.0000000000001,0.0,duct_filler,0,1247.0
-157.05394010136217,-146.0000000000001,0.0,duct_filler,0,1247.0
-150.1257368710867,-146.0000000000001,0.0,duct_filler,0,1247.0
154.7152052610354,-146.0,0.0,duct_filler,0,1247.0
161.64340849131088,-146.0,0.0,duct_filler,0,1247.0
168.57161172158635,-146.0,0.0,duct_filler,0,1247.0
175.49981495186182,-146.0,0.0,duct_filler,0,1247.0
182.4280181821373,-146.0,0.0,duct_filler,0,1247.0
189.35622141241265,-146.0,0.0,duct_filler,0,1247.0
327.92028601792254,-146.0,0.0,duct_filler,0,1247.0
334.84848924819755,-146.0,0.0,duct_filler,0,1247.0
341.77669247847336,-146.0,0.0,duct_filler,0,1247.0
348.70489570874884,-146.0,0.0,duct_filler,0,1247.0
355.6330989390242,-146.0,0.0,duct_filler,0,1247.0
390.27411509040144,-146.0,0.0,duct_filler,0,1247.0
397.2023183206768,-146.0,0.0,duct_filler,0,1247.0
404.1305215509524,-146.0,0.0,duct_filler,0,1247.0
411.05872478122785,-146.0,0.0,duct_filler,0,1247.0
417.9869280115033,-146.0,0.0,duct_filler,0,1247.0
424.9151312417787,-146.0,0.0,duct_filler,0,1247.0
431.8433344720544,-146.0,0.0,duct_filler,0,1247.0
438.77153770232974,-146.0,0.0,duct_filler,0,1247.0
445.6997409326052,-146.0,0.0,duct_filler,0,1247.0
452.6279441628807,-146.0,0.0,duct_filler,0,1247.0
-458.43078061834694,-152.0000000000001,0.0,duct_filler,0,1247.0
-451.5025773880715,-152.0000000000001,0.0,duct_filler,0,1247.0
-444.57437415779594,-152.0000000000001,0.0,duct_filler,0,1247.0
-437.6461709275204,-152.0,0.0,duct_filler,0,1247.0
-430.71796769724494,-152.0,0.0,duct_filler,0,1247.0
-423.7897644669694,-152.0,0.0,duct_filler,0,1247.0
-416.8615612366939,-152.0,0.0,duct_filler,0,1247.0
-409.93335800641836,-152.0,0.0,duct_filler,0,1247.0
-403.00515477614283,-152.0,0.0,duct_filler,0,1247.0
-396.07695154586736,-152.0,0.0,duct_filler,0,1247.0
-389.14874831559183,-152.0,0.0,duct_filler,0,1247.0
-382.2205450853163,-152.0,0.0,duct_filler,0,1247.0
-375.29234185504083,-152.0000000000001,0.0,duct_filler,0,1247.0
-368.36413862476525,-152.0,0.0,duct_filler,0,1247.0
-361.4359353944898,-152.0,0.0,duct_filler,0,1247.0
-354.5077321642143,-152.0,0.0,duct_filler,0,1247.0
-160.51804171649997,-152.0,0.0,duct_filler,0,1247.0
-153.58983848622438,-152.0,0.0,duct_filler,0,1247.0
12.6870390403883,-152.0,0.0,duct_filler,0,1247.0
19.615242270663657,-152.0,0.0,duct_filler,0,1247.0
26.54344550093913,-152.0,0.0,duct_filler,0,1247.0
158.1793068761731,-152.0,0.0,duct_filler,0,1247.0
165.10751010644856,-152.0,0.0,duct_filler,0,1247.0
172.03571333672403,-152.0,0.0,duct_filler,0,1247.0
178.9639165669995,-152.0,0.0,duct_filler,0,1247.0
185.89211979727497,-152.0,0.0,duct_filler,0,1247.0
324.4561844027844,-152.0,0.0,duct_filler,0,1247.0
331.3843876330599,-152.0,0.0,duct_filler,0,1247.0
338.31259086333534,-152.0,0.0,duct_filler,0,1247.0
345.2407940936107,-152.0,0.0,duct_filler,0,1247.0
352.1689973238865,-152.0,0.0,duct_filler,0,1247.0
359.097200554162,-152.0,0.0,duct_filler,0,1247.0
393.7382167055391,-152.0,0.0,duct_filler,0,1247.0
400.6664199358146,-152.0,0.0,duct_filler,0,1247.0
407.5946231660902,-152.0,0.0,duct_filler,0,1247.0
414.52282639636553,-152.0,0.0,duct_filler,0,1247.0
421.451029626641,-152.0,0.0,duct_filler,0,1247.0
428.3792328569165,-152.0,0.0,duct_filler,0,1247.0
435.30743608719183,-152.0,0.0,duct_filler,0,1247.0
442.2356393174673,-152.0,0.0,duct_filler,0,1247.0
449.1638425477428,-152.0,0.0,duct_filler,0,1247.0
-454.9666790032092,-158.0,0.0,duct_filler,0,1247.0
-448.0384757729337,-158.0000000000001,0.0,duct_filler,0,1247.0
-441.1102725426582,-158.0,0.0,duct_filler,0,1247.0
-434.1820693123827,-158.0000000000001,0.0,duct_filler,0,1247.0
-427.25386608210715,-158.0000000000001,0.0,duct_filler,0,1247.0
-420.3256628518316,-158.0000000000001,0.0,duct_filler,0,1247.0
-413.39745962155615,-158.0000000000001,0.0,duct_filler,0,1247.0
-406.4692563912806,-158.0000000000001,0.0,duct_filler,0,1247.0
-399.54105316100515,-158.0000000000001,0.0,duct_filler,0,1247.0
-392.6128499307296,-158.0000000000001,0.0,duct_filler,0,1247.0
-385.6846467004541,-158.0000000000001,0.0,duct_filler,0,1247.0
-378.75644347017857,-158.0000000000001,0.0,duct_filler,0,1247.0
-371.8282402399031,-158.0,0.0,duct_filler,0,1247.0
-364.90003700962757,-158.0000000000001,0.0,duct_filler,0,1247.0
16.151140655525978,-158.0,0.0,duct_filler,0,1247.0
23.079343885801563,-158.0,0.0,duct_filler,0,1247.0
30.00754711607692,-158.0,0.0,duct_filler,0,1247.0
168.57161172158635,-158.0,0.0,duct_filler,0,1247.0
334.84848924819755,-158.0,0.0,duct_filler,0,1247.0
341.77669247847336,-158.0,0.0,duct_filler,0,1247.0
348.70489570874884,-158.0,0.0,duct_filler,0,1247.0
355.6330989390242,-158.0,0.0,duct_filler,0,1247.0
397.2023183206768,-158.0,0.0,duct_filler,0,1247.0
404.1305215509524,-158.0,0.0,duct_filler,0,1247.0
424.9151312417787,-158.0,0.0,duct_filler,0,1247.0
431.8433344720544,-158.0,0.0,duct_filler,0,1247.0
438.77153770232974,-158.0,0.0,duct_filler,0,1247.0
445.6997409326052,-158.0,0.0,duct_filler,0,1247.0
452.6279441628807,-158.0,0.0,duct_filler,0,1247.0
-458.43078061834694,-164.0,0.0,duct_filler,0,1247.0
-451.5025773880715,-164.0,0.0,duct_filler,0,1247.0
-444.57437415779594,-164.0,0.0,duct_filler,0,1247.0
-430.71796769724494,-164.0,0.0,duct_filler,0,1247.0
-423.7897644669694,-164.0,0.0,duct_filler,0,1247.0
-416.8615612366939,-164.0,0.0,duct_filler,0,1247.0
-396.07695154586736,-164.0,0.0,duct_filler,0,1247.0
-389.14874831559183,-164.0,0.0,duct_filler,0,1247.0
-382.2205450853163,-164.0,0.0,duct_filler,0,1247.0
-375.29234185504083,-164.0,0.0,duct_filler,0,1247.0
-368.36413862476525,-164.0,0.0,duct_filler,0,1247.0
-361.4359353944898,-164.0,0.0,duct_filler,0,1247.0
-153.58983848622438,-164.0,0.0,duct_filler,0,1247.0
12.6870390403883,-164.0,0.0,duct_filler,0,1247.0
19.615242270663657,-164.0,0.0,duct_filler,0,1247.0
26.54344550093913,-164.0,0.0,duct_filler,0,1247.0
33.4716487312146,-164.0,0.0,duct_filler,0,1247.0
331.3843876330599,-164.0,0.0,duct_filler,0,1247.0
338.31259086333534,-164.0,0.0,duct_filler,0,1247.0
345.2407940936107,-164.0,0.0,duct_filler,0,1247.0
352.1689973238865,-164.0,0.0,duct_filler,0,1247.0
421.451029626641,-164.0,0.0,duct_filler,0,1247.0
428.3792328569165,-164.0,0.0,duct_filler,0,1247.0
435.30743608719183,-164.0,0.0,duct_filler,0,1247.0
442.2356393174673,-164.0,0.0,duct_filler,0,1247.0
449.1638425477428,-164.0,0.0,duct_filler,0,1247.0
-454.9666790032092,-170.0,0.0,duct_filler,0,1247.0
-448.0384757729337,-170.0,0.0,duct_filler,0,1247.0
-441.1102725426582,-170.0,0.0,duct_filler,0,1247.0
-434.1820693123827,-170.0,0.0,duct_filler,0,1247.0
-427.25386608210715,-170.0000000000001,0.0,duct_filler,0,1247.0
-420.3256628518316,-170.0000000000001,0.0,duct_filler,0,1247.0
-413.39745962155615,-170.0000000000001,0.0,duct_filler,0,1247.0
-406.4692563912806,-170.0000000000001,0.0,duct_filler,0,1247.0
-392.6128499307296,-170.0000000000001,0.0,duct_filler,0,1247.0
-385.6846467004541,-170.0000000000001,0.0,duct_filler,0,1247.0
-378.75644347017857,-170.0000000000001,0.0,duct_filler,0,1247.0
-371.8282402399031,-170.0000000000001,0.0,duct_filler,0,1247.0
-364.90003700962757,-170.0,0.0,duct_filler,0,1247.0
-357.9718337793521,-170.0,0.0,duct_filler,0,1247.0
-351.0436305490765,-170.0,0.0,duct_filler,0,1247.0
-157.05394010136217,-170.0,0.0,duct_filler,0,1247.0
-150.1257368710867,-170.0,0.0,duct_filler,0,1247.0
-94.70011102888253,-170.0,0.0,duct_filler,0,1247.0
16.151140655525978,-170.0000000000001,0.0,duct_filler,0,1247.0
23.079343885801563,-170.0000000000001,0.0,duct_filler,0,1247.0
30.00754711607692,-170.0000000000001,0.0,duct_filler,0,1247.0
36.93575034635239,-170.0000000000001,0.0,duct_filler,0,1247.0
341.77669247847336,-170.0000000000001,0.0,duct_filler,0,1247.0
348.70489570874884,-170.0000000000001,0.0,duct_filler,0,1247.0
355.6330989390242,-170.0000000000001,0.0,duct_filler,0,1247.0
417.9869280115033,-170.0000000000001,0.0,duct_filler,0,1247.0
424.9151312417787,-170.0000000000001,0.0,duct_filler,0,1247.0
438.77153770232974,-170.0000000000001,0.0,duct_filler,0,1247.0
445.6997409326052,-170.0000000000001,0.0,duct_filler,0,1247.0
-451.5025773880715,-176.0,0.0,duct_filler,0,1247.0
-430.71796769724494,-176.0,0.0,duct_filler,0,1247.0
-423.7897644669694,-176.0,0.0,duct_filler,0,1247.0
-416.8615612366939,-176.0,0.0,duct_filler,0,1247.0
-409.93335800641836,-176.0,0.0,duct_filler,0,1247.0
-403.00515477614283,-176.0,0.0,duct_filler,0,1247.0
-375.29234185504083,-176.0,0.0,duct_filler,0,1247.0
-368.36413862476525,-176.0,0.0,duct_filler,0,1247.0
-361.4359353944898,-176.0,0.0,duct_filler,0,1247.0
-354.5077321642143,-176.0,0.0,duct_filler,0,1247.0
-347.57952893393883,-176.0,0.0,duct_filler,0,1247.0
-153.58983848622438,-175.9999999999999,0.0,duct_filler,0,1247.0
-146.6616352559489,-175.9999999999999,0.0,duct_filler,0,1247.0
-105.09241587429574,-175.9999999999999,0.0,duct_filler,0,1247.0
-98.1642126440201,-175.9999999999999,0.0,duct_filler,0,1247.0
-91.23600941374474,-175.9999999999999,0.0,duct_filler,0,1247.0
-84.30780618346921,-175.9999999999999,0.0,duct_filler,0,1247.0
-77.37960295319363,-175.9999999999999,0.0,duct_filler,0,1247.0
19.615242270663657,-176.0,0.0,duct_filler,0,1247.0
26.54344550093913,-176.0,0.0,duct_filler,0,1247.0
33.4716487312146,-176.0,0.0,duct_filler,0,1247.0
40.39985196149007,-176.0,0.0,duct_filler,0,1247.0
47.32805519176554,-176.0,0.0,duct_filler,0,1247.0
109.6818842642449,-176.0,0.0,duct_filler,0,1247.0
116.61008749452026,-176.0,0.0,duct_filler,0,1247.0
123.53829072479573,-176.0,0.0,duct_filler,0,1247.0
130.4664939550712,-176.0,0.0,duct_filler,0,1247.0
414.52282639636553,-176.0,0.0,duct_filler,0,1247.0
421.451029626641,-176.0,0.0,duct_filler,0,1247.0
428.3792328569165,-176.0,0.0,duct_filler,0,1247.0
435.30743608719183,-176.0,0.0,duct_filler,0,1247.0
-427.25386608210715,-182.0,0.0,duct_filler,0,1247.0
-420.3256628518316,-182.0,0.0,duct_filler,0,1247.0
-413.39745962155615,-182.0,0.0,duct_filler,0,1247.0
-406.4692563912806,-182.0,0.0,duct_filler,0,1247.0
-399.54105316100515,-182.0,0.0,duct_filler,0,1247.0
-371.8282402399031,-182.0,0.0,duct_filler,0,1247.0
-364.90003700962757,-181.9999999999999,0.0,duct_filler,0,1247.0
-357.9718337793521,-181.9999999999999,0.0,duct_filler,0,1247.0
-351.0436305490765,-181.9999999999999,0.0,duct_filler,0,1247.0
-157.05394010136217,-182.0,0.0,duct_filler,0,1247.0
-150.1257368710867,-182.0,0.0,duct_filler,0,1247.0
-143.19753364081112,-182.0,0.0,duct_filler,0,1247.0
-108.55651748943353,-182.0,0.0,duct_filler,0,1247.0
-101.62831425915806,-182.0,0.0,duct_filler,0,1247.0
-94.70011102888253,-182.0,0.0,duct_filler,0,1247.0
-87.77190779860695,-182.0,0.0,duct_filler,0,1247.0
-80.84370456833142,-182.0,0.0,duct_filler,0,1247.0
-73.91550133805589,-182.0,0.0,duct_filler,0,1247.0
23.079343885801563,-181.9999999999999,0.0,duct_filler,0,1247.0
30.00754711607692,-181.9999999999999,0.0,duct_filler,0,1247.0
36.93575034635239,-181.9999999999999,0.0,duct_filler,0,1247.0
43.863953576627864,-181.9999999999999,0.0,duct_filler,0,1247.0
106.21778264910711,-181.9999999999999,0.0,duct_filler,0,1247.0
113.14598587938258,-181.9999999999999,0.0,duct_filler,0,1247.0
120.07418910965805,-181.9999999999999,0.0,duct_filler,0,1247.0
127.00239233993341,-181.9999999999999,0.0,duct_filler,0,1247.0
133.9305955702091,-181.9999999999999,0.0,duct_filler,0,1247.0
355.6330989390242,-181.9999999999999,0.0,duct_filler,0,1247.0
362.56130216929967,-181.9999999999999,0.0,duct_filler,0,1247.0
369.48950539957514,-181.9999999999999,0.0,duct_filler,0,1247.0
376.4177086298505,-181.9999999999999,0.0,duct_filler,0,1247.0
383.34591186012597,-181.9999999999999,0.0,duct_filler,0,1247.0
390.27411509040144,-181.9999999999999,0.0,duct_filler,0,1247.0
417.9869280115033,-181.9999999999999,0.0,duct_filler,0,1247.0
424.9151312417787,-181.9999999999999,0.0,duct_filler,0,1247.0
431.8433344720544,-181.9999999999999,0.0,duct_filler,0,1247.0
-430.71796769724494,-188.0,0.0,duct_filler,0,1247.0
-423.7897644669694,-188.0,0.0,duct_filler,0,1247.0
-416.8615612366939,-188.0,0.0,duct_filler,0,1247.0
-409.93335800641836,-188.0,0.0,duct_filler,0,1247.0
-403.00515477614283,-188.0,0.0,duct_filler,0,1247.0
-396.07695154586736,-188.0,0.0,duct_filler,0,1247.0
-389.14874831559183,-188.0,0.0,duct_filler,0,1247.0
-368.36413862476525,-188.0,0.0,duct_filler,0,1247.0
-361.4359353944898,-188.0,0.0,duct_filler,0,1247.0
-354.5077321642143,-188.0,0.0,duct_filler,0,1247.0
-347.57952893393883,-188.0,0.0,duct_filler,0,1247.0
-160.51804171649997,-188.0,0.0,duct_filler,0,1247.0
-153.58983848622438,-188.0,0.0,duct_filler,0,1247.0
-146.6616352559489,-188.0,0.0,duct_filler,0,1247.0
-112.02061910457127,-188.0,0.0,duct_filler,0,1247.0
-105.09241587429574,-188.0,0.0,duct_filler,0,1247.0
-98.1642126440201,-188.0,0.0,duct_filler,0,1247.0
-91.23600941374474,-188.0,0.0,duct_filler,0,1247.0
-84.30780618346921,-188.0,0.0,duct_filler,0,1247.0
-77.37960295319363,-188.0,0.0,duct_filler,0,1247.0
-70.4513997229181,-188.0,0.0,duct_filler,0,1247.0
19.615242270663657,-188.0000000000001,0.0,duct_filler,0,1247.0
26.54344550093913,-188.0000000000001,0.0,duct_filler,0,1247.0
33.4716487312146,-188.0000000000001,0.0,duct_filler,0,1247.0
40.39985196149007,-188.0000000000001,0.0,duct_filler,0,1247.0
47.32805519176554,-188.0000000000001,0.0,duct_filler,0,1247.0
109.6818842642449,-188.0000000000001,0.0,duct_filler,0,1247.0
116.61008749452026,-188.0000000000001,0.0,duct_filler,0,1247.0
123.53829072479573,-188.0000000000001,0.0,duct_filler,0,1247.0
130.4664939550712,-188.0000000000001,0.0,duct_filler,0,1247.0
137.39469718534656,-188.0000000000001,0.0,duct_filler,0,1247.0
144.32290041562203,-188.0000000000001,0.0,duct_filler,0,1247.0
352.1689973238865,-188.0000000000001,0.0,duct_filler,0,1247.0
359.097200554162,-188.0000000000001,0.0,duct_filler,0,1247.0
366.02540378443734,-188.0000000000001,0.0,duct_filler,0,1247.0
372.9536070147128,-188.0000000000001,0.0,duct_filler,0,1247.0
379.8818102449883,-188.0000000000001,0.0,duct_filler,0,1247.0
386.81001347526364,-188.0000000000001,0.0,duct_filler,0,1247.0
421.451029626641,-188.0000000000001,0.0,duct_filler,0,1247.0
428.3792328569165,-188.0000000000001,0.0,duct_filler,0,1247.0
435.30743608719183,-188.0000000000001,0.0,duct_filler,0,1247.0
-434.1820693123827,-193.9999999999999,0.0,duct_filler,0,1247.0
-427.25386608210715,-193.9999999999999,0.0,duct_filler,0,1247.0
-420.3256628518316,-193.9999999999999,0.0,duct_filler,0,1247.0
-413.39745962155615,-193.9999999999999,0.0,duct_filler,0,1247.0
-406.4692563912806,-193.9999999999999,0.0,duct_filler,0,1247.0
-399.54105316100515,-193.9999999999999,0.0,duct_filler,0,1247.0
-392.6128499307296,-193.9999999999999,0.0,duct_filler,0,1247.0
-371.8282402399031,-193.9999999999999,0.0,duct_filler,0,1247.0
-364.90003700962757,-193.9999999999999,0.0,duct_filler,0,1247.0
-357.9718337793521,-193.9999999999999,0.0,duct_filler,0,1247.0
-351.0436305490765,-193.9999999999999,0.0,duct_filler,0,1247.0
-157.05394010136217,-194.0,0.0,duct_filler,0,1247.0
-150.1257368710867,-194.0,0.0,duct_filler,0,1247.0
-143.19753364081112,-194.0,0.0,duct_filler,0,1247.0
-115.484720719709,-194.0,0.0,duct_filler,0,1247.0
-108.55651748943353,-194.0,0.0,duct_filler,0,1247.0
-101.62831425915806,-194.0,0.0,duct_filler,0,1247.0
-94.70011102888253,-194.0,0.0,duct_filler,0,1247.0
-87.77190779860695,-194.0,0.0,duct_filler,0,1247.0
-80.84370456833142,-194.0,0.0,duct_filler,0,1247.0
16.151140655525978,-194.0,0.0,duct_filler,0,1247.0
23.079343885801563,-194.0,0.0,duct_filler,0,1247.0
30.00754711607692,-194.0,0.0,duct_filler,0,1247.0
36.93575034635239,-194.0,0.0,duct_filler,0,1247.0
43.863953576627864,-194.0,0.0,duct_filler,0,1247.0
113.14598587938258,-194.0,0.0,duct_filler,0,1247.0
120.07418910965805,-194.0,0.0,duct_filler,0,1247.0
127.00239233993341,-194.0,0.0,duct_filler,0,1247.0
133.9305955702091,-194.0,0.0,duct_filler,0,1247.0
140.85879880048446,-194.0,0.0,duct_filler,0,1247.0
147.78700203076005,-194.0,0.0,duct_filler,0,1247.0
355.6330989390242,-194.0,0.0,duct_filler,0,1247.0
362.56130216929967,-194.0,0.0,duct_filler,0,1247.0
369.48950539957514,-194.0,0.0,duct_filler,0,1247.0
376.4177086298505,-194.0,0.0,duct_filler,0,1247.0
383.34591186012597,-194.0,0.0,duct_filler,0,1247.0
390.27411509040144,-194.0,0.0,duct_filler,0,1247.0
397.2023183206768,-194.0,0.0,duct_filler,0,1247.0
404.1305215509524,-194.0,0.0,duct_filler,0,1247.0
411.05872478122785,-194.0,0.0,duct_filler,0,1247.0
424.9151312417787,-194.0,0.0,duct_filler,0,1247.0
431.8433344720544,-194.0,0.0,duct_filler,0,1247.0
-430.71796769724494,-200.0000000000001,0.0,duct_filler,0,1247.0
-423.7897644669694,-200.0000000000001,0.0,duct_filler,0,1247.0
-416.8615612366939,-200.0000000000001,0.0,duct_filler,0,1247.0
-409.93335800641836,-200.0000000000001,0.0,duct_filler,0,1247.0
-403.00515477614283,-200.0000000000001,0.0,duct_filler,0,1247.0
-368.36413862476525,-200.0,0.0,duct_filler,0,1247.0
-361.4359353944898,-200.0,0.0,duct_filler,0,1247.0
-354.5077321642143,-200.0,0.0,duct_filler,0,1247.0
-347.57952893393883,-200.0,0.0,duct_filler,0,1247.0
-153.58983848622438,-200.0,0.0,duct_filler,0,1247.0
-146.6616352559489,-200.0,0.0,duct_filler,0,1247.0
-139.73343202567332,-200.0,0.0,duct_filler,0,1247.0
-112.02061910457127,-200.0,0.0,duct_filler,0,1247.0
-105.09241587429574,-200.0,0.0,duct_filler,0,1247.0
-98.1642126440201,-200.0,0.0,duct_filler,0,1247.0
-91.23600941374474,-200.0,0.0,duct_filler,0,1247.0
-84.30780618346921,-200.0,0.0,duct_filler,0,1247.0
19.615242270663657,-200.0,0.0,duct_filler,0,1247.0
26.54344550093913,-200.0,0.0,duct_filler,0,1247.0
33.4716487312146,-200.0,0.0,duct_filler,0,1247.0
40.39985196149007,-200.0,0.0,duct_filler,0,1247.0
116.61008749452026,-200.0,0.0,duct_filler,0,1247.0
123.53829072479573,-200.0,0.0,duct_filler,0,1247.0
130.4664939550712,-200.0,0.0,duct_filler,0,1247.0
137.39469718534656,-200.0,0.0,duct_filler,0,1247.0
144.32290041562203,-200.0,0.0,duct_filler,0,1247.0
151.25110364589762,-200.0,0.0,duct_filler,0,1247.0
359.097200554162,-200.0,0.0,duct_filler,0,1247.0
366.02540378443734,-200.0,0.0,duct_filler,0,1247.0
372.9536070147128,-200.0,0.0,duct_filler,0,1247.0
379.8818102449883,-200.0,0.0,duct_filler,0,1247.0
386.81001347526364,-200.0,0.0,duct_filler,0,1247.0
393.7382167055391,-200.0,0.0,duct_filler,0,1247.0
400.6664199358146,-200.0,0.0,duct_filler,0,1247.0
407.5946231660902,-200.0,0.0,duct_filler,0,1247.0
-420.3256628518316,-206.0,0.0,duct_filler,0,1247.0
-413.39745962155615,-206.0,0.0,duct_filler,0,1247.0
-357.9718337793521,-206.0,0.0,duct_filler,0,1247.0
-351.0436305490765,-206.0,0.0,duct_filler,0,1247.0
-344.11542731880104,-206.0,0.0,duct_filler,0,1247.0
-157.05394010136217,-206.0,0.0,duct_filler,0,1247.0
-150.1257368710867,-206.0,0.0,duct_filler,0,1247.0
-143.19753364081112,-206.0,0.0,duct_filler,0,1247.0
-136.26933041053564,-206.0,0.0,duct_filler,0,1247.0
-115.484720719709,-206.0,0.0,duct_filler,0,1247.0
-108.55651748943353,-206.0,0.0,duct_filler,0,1247.0
-101.62831425915806,-206.0,0.0,duct_filler,0,1247.0
-94.70011102888253,-206.0,0.0,duct_filler,0,1247.0
-87.77190779860695,-206.0,0.0,duct_filler,0,1247.0
30.00754711607692,-205.9999999999999,0.0,duct_filler,0,1247.0
120.07418910965805,-205.9999999999999,0.0,duct_filler,0,1247.0
127.00239233993341,-205.9999999999999,0.0,duct_filler,0,1247.0
133.9305955702091,-205.9999999999999,0.0,duct_filler,0,1247.0
140.85879880048446,-205.9999999999999,0.0,duct_filler,0,1247.0
147.78700203076005,-205.9999999999999,0.0,duct_filler,0,1247.0
210.14083110323918,-205.9999999999999,0.0,duct_filler,0,1247.0
217.06903433351465,-205.9999999999999,0.0,duct_filler,0,1247.0
362.56130216929967,-205.9999999999999,0.0,duct_filler,0,1247.0
369.48950539957514,-205.9999999999999,0.0,duct_filler,0,1247.0
376.4177086298505,-205.9999999999999,0.0,duct_filler,0,1247.0
383.34591186012597,-205.9999999999999,0.0,duct_filler,0,1247.0
390.27411509040144,-205.9999999999999,0.0,duct_filler,0,1247.0
397.2023183206768,-205.9999999999999,0.0,duct_filler,0,1247.0
404.1305215509524,-205.9999999999999,0.0,duct_filler,0,1247.0
411.05872478122785,-205.9999999999999,0.0,duct_filler,0,1247.0
-368.36413862476525,-212.0,0.0,duct_filler,0,1247.0
-361.4359353944898,-212.0,0.0,duct_filler,0,1247.0
-354.5077321642143,-212.0,0.0,duct_filler,0,1247.0
-202.0872610981532,-212.0,0.0,duct_filler,0,1247.0
-195.15905786787755,-212.0,0.0,duct_filler,0,1247.0
-188.23085463760208,-212.0,0.0,duct_filler,0,1247.0
-160.51804171649997,-212.0,0.0,duct_filler,0,1247.0
-153.58983848622438,-212.0,0.0,duct_filler,0,1247.0
-146.6616352559489,-212.0,0.0,duct_filler,0,1247.0
-139.73343202567332,-212.0,0.0,duct_filler,0,1247.0
-112.02061910457127,-212.0,0.0,duct_filler,0,1247.0
-105.09241587429574,-212.0,0.0,duct_filler,0,1247.0
-98.1642126440201,-212.0,0.0,duct_filler,0,1247.0
-91.23600941374474,-212.0,0.0,duct_filler,0,1247.0
130.4664939550712,-212.0,0.0,duct_filler,0,1247.0
137.39469718534656,-212.0,0.0,duct_filler,0,1247.0
144.32290041562203,-212.0,0.0,duct_filler,0,1247.0
151.25110364589762,-212.0,0.0,duct_filler,0,1247.0
172.03571333672403,-212.0,0.0,duct_filler,0,1247.0
199.7485262578258,-212.0,0.0,duct_filler,0,1247.0
206.6767294881015,-212.0,0.0,duct_filler,0,1247.0
213.60493271837686,-212.0,0.0,duct_filler,0,1247.0
220.53313594865233,-212.0,0.0,duct_filler,0,1247.0
366.02540378443734,-212.0,0.0,duct_filler,0,1247.0
372.9536070147128,-212.0,0.0,duct_filler,0,1247.0
386.81001347526364,-212.0,0.0,duct_filler,0,1247.0
393.7382167055391,-212.0,0.0,duct_filler,0,1247.0
400.6664199358146,-212.0,0.0,duct_filler,0,1247.0
407.5946231660902,-212.0,0.0,duct_filler,0,1247.0
414.52282639636553,-212.0,0.0,duct_filler,0,1247.0
-364.90003700962757,-218.0,0.0,duct_filler,0,1247.0
-357.9718337793521,-218.0,0.0,duct_filler,0,1247.0
-205.55136271329087,-218.0,0.0,duct_filler,0,1247.0
-198.6231594830154,-218.0,0.0,duct_filler,0,1247.0
-191.69495625273993,-218.0,0.0,duct_filler,0,1247.0
-184.76675302246434,-218.0,0.0,duct_filler,0,1247.0
-157.05394010136217,-218.0,0.0,duct_filler,0,1247.0
-150.1257368710867,-218.0,0.0,duct_filler,0,1247.0
-143.19753364081112,-218.0,0.0,duct_filler,0,1247.0
-136.26933041053564,-218.0,0.0,duct_filler,0,1247.0
-108.55651748943353,-218.0,0.0,duct_filler,0,1247.0
-101.62831425915806,-218.0,0.0,duct_filler,0,1247.0
133.9305955702091,-218.0,0.0,duct_filler,0,1247.0
140.85879880048446,-218.0,0.0,duct_filler,0,1247.0
147.78700203076005,-218.0,0.0,duct_filler,0,1247.0
154.7152052610354,-218.0,0.0,duct_filler,0,1247.0
168.57161172158635,-218.0,0.0,duct_filler,0,1247.0
175.49981495186182,-218.0,0.0,duct_filler,0,1247.0
196.28442464268812,-218.0,0.0,duct_filler,0,1247.0
203.2126278729637,-218.0,0.0,duct_filler,0,1247.0
210.14083110323918,-218.0,0.0,duct_filler,0,1247.0
217.06903433351465,-218.0,0.0,duct_filler,0,1247.0
223.99723756379012,-218.0,0.0,duct_filler,0,1247.0
390.27411509040144,-218.0,0.0,duct_filler,0,1247.0
397.2023183206768,-218.0,0.0,duct_filler,0,1247.0
404.1305215509524,-218.0,0.0,duct_filler,0,1247.0
411.05872478122785,-218.0,0.0,duct_filler,0,1247.0
417.9869280115033,-218.0,0.0,duct_filler,0,1247.0
-465.3589838486225,-224.0,0.0,duct_filler,0,1247.0
-361.4359353944898,-224.0,0.0,duct_filler,0,1247.0
-209.01546432842866,-224.0000000000001,0.0,duct_filler,0,1247.0
-202.0872610981532,-224.0000000000001,0.0,duct_filler,0,1247.0
-195.15905786787755,-224.0000000000001,0.0,duct_filler,0,1247.0
-188.23085463760208,-224.0000000000001,0.0,duct_filler,0,1247.0
-160.51804171649997,-224.0000000000001,0.0,duct_filler,0,1247.0
-153.58983848622438,-224.0000000000001,0.0,duct_filler,0,1247.0
-146.6616352559489,-224.0000000000001,0.0,duct_filler,0,1247.0
-139.73343202567332,-224.0000000000001,0.0,duct_filler,0,1247.0
-132.8052287953978,-224.0000000000001,0.0,duct_filler,0,1247.0
144.32290041562203,-224.0,0.0,duct_filler,0,1247.0
165.10751010644856,-224.0,0.0,duct_filler,0,1247.0
172.03571333672403,-224.0,0.0,duct_filler,0,1247.0
192.82032302755056,-224.0,0.0,duct_filler,0,1247.0
199.7485262578258,-224.0,0.0,duct_filler,0,1247.0
206.6767294881015,-224.0,0.0,duct_filler,0,1247.0
213.60493271837686,-224.0,0.0,duct_filler,0,1247.0
400.6664199358146,-224.0,0.0,duct_filler,0,1247.0
407.5946231660902,-224.0,0.0,duct_filler,0,1247.0
414.52282639636553,-224.0,0.0,duct_filler,0,1247.0
-468.8230854637602,-229.9999999999999,0.0,duct_filler,0,1247.0
-461.89488223348474,-230.0,0.0,duct_filler,0,1247.0
-454.9666790032092,-230.0,0.0,duct_filler,0,1247.0
-219.40776917384198,-230.0000000000001,0.0,duct_filler,0,1247.0
-212.4795659435664,-230.0000000000001,0.0,duct_filler,0,1247.0
-205.55136271329087,-230.0000000000001,0.0,duct_filler,0,1247.0
-198.6231594830154,-230.0000000000001,0.0,duct_filler,0,1247.0
-191.69495625273993,-230.0000000000001,0.0,duct_filler,0,1247.0
-184.76675302246434,-230.0000000000001,0.0,duct_filler,0,1247.0
-157.05394010136217,-230.0000000000001,0.0,duct_filler,0,1247.0
-150.1257368710867,-230.0000000000001,0.0,duct_filler,0,1247.0
-143.19753364081112,-230.0000000000001,0.0,duct_filler,0,1247.0
-136.26933041053564,-230.0000000000001,0.0,duct_filler,0,1247.0
196.28442464268812,-230.0,0.0,duct_filler,0,1247.0
203.2126278729637,-230.0,0.0,duct_filler,0,1247.0
397.2023183206768,-230.0,0.0,duct_filler,0,1247.0
404.1305215509524,-230.0,0.0,duct_filler,0,1247.0
411.05872478122785,-230.0,0.0,duct_filler,0,1247.0
417.9869280115033,-230.0,0.0,duct_filler,0,1247.0
-479.2153903091735,-236.0,0.0,duct_filler,0,1247.0
-472.28718707889794,-236.0,0.0,duct_filler,0,1247.0
-465.3589838486225,-236.0,0.0,duct_filler,0,1247.0
-458.43078061834694,-235.9999999999999,0.0,duct_filler,0,1247.0
-451.5025773880715,-236.0,0.0,duct_filler,0,1247.0
-222.87187078897972,-236.0000000000001,0.0,duct_filler,0,1247.0
-215.9436675587042,-236.0000000000001,0.0,duct_filler,0,1247.0
-209.01546432842866,-236.0000000000001,0.0,duct_filler,0,1247.0
-202.0872610981532,-236.0000000000001,0.0,duct_filler,0,1247.0
-195.15905786787755,-236.0000000000001,0.0,duct_filler,0,1247.0
-188.23085463760208,-236.0000000000001,0.0,duct_filler,0,1247.0
-160.51804171649997,-236.0000000000001,0.0,duct_filler,0,1247.0
-153.58983848622438,-236.0000000000001,0.0,duct_filler,0,1247.0
-146.6616352559489,-236.0000000000001,0.0,duct_filler,0,1247.0
-139.73343202567332,-236.0000000000001,0.0,duct_filler,0,1247.0
-8.097570650438342,-236.0000000000001,0.0,duct_filler,0,1247.0
-1.1693674201628141,-236.0000000000001,0.0,duct_filler,0,1247.0
5.758835810112714,-236.0000000000001,0.0,duct_filler,0,1247.0
407.5946231660902,-236.0000000000001,0.0,duct_filler,0,1247.0
414.52282639636553,-236.0000000000001,0.0,duct_filler,0,1247.0
-482.6794919243112,-242.0,0.0,duct_filler,0,1247.0
-475.75128869403574,-242.0,0.0,duct_filler,0,1247.0
-468.8230854637602,-241.9999999999999,0.0,duct_filler,0,1247.0
-461.89488223348474,-241.9999999999999,0.0,duct_filler,0,1247.0
-454.9666790032092,-242.0000000000001,0.0,duct_filler,0,1247.0
-448.0384757729337,-241.9999999999999,0.0,duct_filler,0,1247.0
-274.8333950160461,-242.0,0.0,duct_filler,0,1247.0
-267.9051917857706,-242.0,0.0,duct_filler,0,1247.0
-254.04878532521957,-242.0,0.0,duct_filler,0,1247.0
-219.40776917384198,-241.9999999999999,0.0,duct_filler,0,1247.0
-212.4795659435664,-241.9999999999999,0.0,duct_filler,0,1247.0
-205.55136271329087,-241.9999999999999,0.0,duct_filler,0,1247.0
-198.6231594830154,-241.9999999999999,0.0,duct_filler,0,1247.0
-191.69495625273993,-241.9999999999999,0.0,duct_filler,0,1247.0
-184.76675302246434,-241.9999999999999,0.0,duct_filler,0,1247.0
-163.98214333163776,-241.9999999999999,0.0,duct_filler,0,1247.0
-157.05394010136217,-241.9999999999999,0.0,duct_filler,0,1247.0
-150.1257368710867,-241.9999999999999,0.0,duct_filler,0,1247.0
-143.19753364081112,-241.9999999999999,0.0,duct_filler,0,1247.0
-136.26933041053564,-241.9999999999999,0.0,duct_filler,0,1247.0
-11.561672265576135,-241.9999999999999,0.0,duct_filler,0,1247.0
-4.633469035300607,-241.9999999999999,0.0,duct_filler,0,1247.0
2.2947341949749784,-241.9999999999999,0.0,duct_filler,0,1247.0
9.222937425250507,-241.9999999999999,0.0,duct_filler,0,1247.0
-486.143593539449,-248.0,0.0,duct_filler,0,1247.0
-479.2153903091735,-248.0000000000001,0.0,duct_filler,0,1247.0
-472.28718707889794,-248.0000000000001,0.0,duct_filler,0,1247.0
-465.3589838486225,-248.0000000000001,0.0,duct_filler,0,1247.0
-458.43078061834694,-248.0,0.0,duct_filler,0,1247.0
-285.22569986145925,-248.0,0.0,duct_filler,0,1247.0
-278.29749663118383,-248.0,0.0,duct_filler,0,1247.0
-271.3692934009083,-248.0,0.0,duct_filler,0,1247.0
-264.44109017063283,-248.0,0.0,duct_filler,0,1247.0
-257.51288694035725,-248.0,0.0,duct_filler,0,1247.0
-250.58468371008178,-248.0,0.0,duct_filler,0,1247.0
-202.0872610981532,-248.0000000000001,0.0,duct_filler,0,1247.0
-195.15905786787755,-248.0000000000001,0.0,duct_filler,0,1247.0
-188.23085463760208,-248.0000000000001,0.0,duct_filler,0,1247.0
-167.4462449467755,-248.0000000000001,0.0,duct_filler,0,1247.0
-160.51804171649997,-248.0000000000001,0.0,duct_filler,0,1247.0
-153.58983848622438,-248.0000000000001,0.0,duct_filler,0,1247.0
-146.6616352559489,-248.0000000000001,0.0,duct_filler,0,1247.0
-139.73343202567332,-248.0000000000001,0.0,duct_filler,0,1247.0
-132.8052287953978,-248.0000000000001,0.0,duct_filler,0,1247.0
-15.025773880713814,-248.0000000000001,0.0,duct_filler,0,1247.0
-8.097570650438342,-248.0000000000001,0.0,duct_filler,0,1247.0
-1.1693674201628141,-248.0000000000001,0.0,duct_filler,0,1247.0
5.758835810112714,-248.0000000000001,0.0,duct_filler,0,1247.0
-482.6794919243112,-253.9999999999999,0.0,duct_filler,0,1247.0
-475.75128869403574,-254.0,0.0,duct_filler,0,1247.0
-468.8230854637602,-254.0000000000001,0.0,duct_filler,0,1247.0
-288.68980147659704,-254.0,0.0,duct_filler,0,1247.0
-281.76159824632157,-254.0,0.0,duct_filler,0,1247.0
-274.8333950160461,-254.0,0.0,duct_filler,0,1247.0
-267.9051917857706,-254.0,0.0,duct_filler,0,1247.0
-260.97698855549504,-254.0,0.0,duct_filler,0,1247.0
-254.04878532521957,-254.0,0.0,duct_filler,0,1247.0
-247.12058209494404,-254.0,0.0,duct_filler,0,1247.0
-198.6231594830154,-254.0,0.0,duct_filler,0,1247.0
-191.69495625273993,-254.0,0.0,duct_filler,0,1247.0
-163.98214333163776,-254.0,0.0,duct_filler,0,1247.0
-157.05394010136217,-254.0,0.0,duct_filler,0,1247.0
-150.1257368710867,-254.0,0.0,duct_filler,0,1247.0
-143.19753364081112,-254.0,0.0,duct_filler,0,1247.0
-136.26933041053564,-254.0,0.0,duct_filler,0,1247.0
-129.34112718026006,-254.0,0.0,duct_filler,0,1247.0
-4.633469035300607,-254.0,0.0,duct_filler,0,1247.0
2.2947341949749784,-254.0,0.0,duct_filler,0,1247.0
9.222937425250507,-254.0,0.0,duct_filler,0,1247.0
-285.22569986145925,-259.9999999999999,0.0,duct_filler,0,1247.0
-278.29749663118383,-259.9999999999999,0.0,duct_filler,0,1247.0
-271.3692934009083,-259.9999999999999,0.0,duct_filler,0,1247.0
-264.44109017063283,-259.9999999999999,0.0,duct_filler,0,1247.0
-257.51288694035725,-259.9999999999999,0.0,duct_filler,0,1247.0
-250.58468371008178,-259.9999999999999,0.0,duct_filler,0,1247.0
-243.6564804798063,-259.9999999999999,0.0,duct_filler,0,1247.0
-160.51804171649997,-260.0,0.0,duct_filler,0,1247.0
-153.58983848622438,-260.0,0.0,duct_filler,0,1247.0
-146.6616352559489,-260.0,0.0,duct_filler,0,1247.0
-139.73343202567332,-260.0,0.0,duct_filler,0,1247.0
-132.8052287953978,-260.0,0.0,duct_filler,0,1247.0
-125.87702556512232,-260.0,0.0,duct_filler,0,1247.0
-1.1693674201628141,-260.0,0.0,duct_filler,0,1247.0
130.4664939550712,-259.9999999999999,0.0,duct_filler,0,1247.0
137.39469718534656,-259.9999999999999,0.0,duct_filler,0,1247.0
-468.8230854637602,-266.0,0.0,duct_filler,0,1247.0
-461.89488223348474,-265.9999999999999,0.0,duct_filler,0,1247.0
-454.9666790032092,-266.0,0.0,duct_filler,0,1247.0
-288.68980147659704,-266.0,0.0,duct_filler,0,1247.0
-281.76159824632157,-266.0,0.0,duct_filler,0,1247.0
-274.8333950160461,-266.0,0.0,duct_filler,0,1247.0
-267.9051917857706,-266.0,0.0,duct_filler,0,1247.0
-260.97698855549504,-266.0,0.0,duct_filler,0,1247.0
-254.04878532521957,-266.0,0.0,duct_filler,0,1247.0
-247.12058209494404,-266.0,0.0,duct_filler,0,1247.0
-157.05394010136217,-266.0,0.0,duct_filler,0,1247.0
-150.1257368710867,-266.0,0.0,duct_filler,0,1247.0
-143.19753364081112,-266.0,0.0,duct_filler,0,1247.0
-136.26933041053564,-266.0,0.0,duct_filler,0,1247.0
-129.34112718026006,-266.0,0.0,duct_filler,0,1247.0
-60.059094877504776,-266.0,0.0,duct_filler,0,1247.0
-18.489875495851663,-266.0,0.0,duct_filler,0,1247.0
-11.561672265576135,-266.0,0.0,duct_filler,0,1247.0
78.50496972800522,-266.0000000000001,0.0,duct_filler,0,1247.0
85.4331729582807,-266.0000000000001,0.0,duct_filler,0,1247.0
120.07418910965805,-266.0000000000001,0.0,duct_filler,0,1247.0
127.00239233993341,-266.0000000000001,0.0,duct_filler,0,1247.0
133.9305955702091,-266.0000000000001,0.0,duct_filler,0,1247.0
140.85879880048446,-266.0000000000001,0.0,duct_filler,0,1247.0
-472.28718707889794,-272.0,0.0,duct_filler,0,1247.0
-465.3589838486225,-272.0,0.0,duct_filler,0,1247.0
-458.43078061834694,-272.0,0.0,duct_filler,0,1247.0
-451.5025773880715,-272.0,0.0,duct_filler,0,1247.0
-340.6513257036633,-272.0000000000001,0.0,duct_filler,0,1247.0
-333.72312247338783,-272.0000000000001,0.0,duct_filler,0,1247.0
-285.22569986145925,-272.0000000000001,0.0,duct_filler,0,1247.0
-278.29749663118383,-272.0000000000001,0.0,duct_filler,0,1247.0
-271.3692934009083,-272.0000000000001,0.0,duct_filler,0,1247.0
-202.0872610981532,-272.0,0.0,duct_filler,0,1247.0
-153.58983848622438,-272.0,0.0,duct_filler,0,1247.0
-146.6616352559489,-272.0,0.0,duct_filler,0,1247.0
-139.73343202567332,-272.0,0.0,duct_filler,0,1247.0
-132.8052287953978,-272.0,0.0,duct_filler,0,1247.0
-70.4513997229181,-272.0,0.0,duct_filler,0,1247.0
-63.523196492642626,-272.0,0.0,duct_filler,0,1247.0
-56.5949932623671,-272.0,0.0,duct_filler,0,1247.0
-35.810383571540456,-272.0,0.0,duct_filler,0,1247.0
-28.882180341264927,-272.0,0.0,duct_filler,0,1247.0
-21.953977110989342,-272.0,0.0,duct_filler,0,1247.0
-15.025773880713814,-272.0,0.0,duct_filler,0,1247.0
-8.097570650438342,-272.0,0.0,duct_filler,0,1247.0
75.04086811286754,-272.0,0.0,duct_filler,0,1247.0
81.9690713431429,-272.0,0.0,duct_filler,0,1247.0
88.89727457341837,-272.0,0.0,duct_filler,0,1247.0
116.61008749452026,-272.0,0.0,duct_filler,0,1247.0
123.53829072479573,-272.0,0.0,duct_filler,0,1247.0
130.4664939550712,-272.0,0.0,duct_filler,0,1247.0
137.39469718534656,-272.0,0.0,duct_filler,0,1247.0
366.02540378443734,-272.0,0.0,duct_filler,0,1247.0
-468.8230854637602,-278.0,0.0,duct_filler,0,1247.0
-461.89488223348474,-277.9999999999999,0.0,duct_filler,0,1247.0
-454.9666790032092,-278.0,0.0,duct_filler,0,1247.0
-344.11542731880104,-278.0,0.0,duct_filler,0,1247.0
-337.18722408852557,-278.0,0.0,duct_filler,0,1247.0
-219.40776917384198,-278.0,0.0,duct_filler,0,1247.0
-212.4795659435664,-278.0,0.0,duct_filler,0,1247.0
-205.55136271329087,-278.0,0.0,duct_filler,0,1247.0
-198.6231594830154,-278.0,0.0,duct_filler,0,1247.0
-191.69495625273993,-278.0,0.0,duct_filler,0,1247.0
-150.1257368710867,-278.0,0.0,duct_filler,0,1247.0
-143.19753364081112,-278.0,0.0,duct_filler,0,1247.0
-73.91550133805589,-278.0,0.0,duct_filler,0,1247.0
-66.9872981077803,-278.0,0.0,duct_filler,0,1247.0
-60.059094877504776,-278.0,0.0,duct_filler,0,1247.0
-53.130891647229305,-278.0,0.0,duct_filler,0,1247.0
-39.27448518667825,-278.0,0.0,duct_filler,0,1247.0
-32.34628195640266,-278.0,0.0,duct_filler,0,1247.0
-25.41807872612725,-278.0,0.0,duct_filler,0,1247.0
-18.489875495851663,-278.0,0.0,duct_filler,0,1247.0
-11.561672265576135,-278.0,0.0,duct_filler,0,1247.0
71.57676649772975,-278.0,0.0,duct_filler,0,1247.0
78.50496972800522,-278.0,0.0,duct_filler,0,1247.0
85.4331729582807,-278.0,0.0,duct_filler,0,1247.0
120.07418910965805,-278.0,0.0,duct_filler,0,1247.0
127.00239233993341,-278.0,0.0,duct_filler,0,1247.0
133.9305955702091,-278.0,0.0,duct_filler,0,1247.0
272.49466017571854,-278.0,0.0,duct_filler,0,1247.0
293.27926986654484,-278.0,0.0,duct_filler,0,1247.0
300.2074730968204,-278.0,0.0,duct_filler,0,1247.0
307.13567632709567,-278.0,0.0,duct_filler,0,1247.0
355.6330989390242,-278.0,0.0,duct_filler,0,1247.0
362.56130216929967,-278.0,0.0,duct_filler,0,1247.0
369.48950539957514,-278.0,0.0,duct_filler,0,1247.0
376.4177086298505,-278.0,0.0,duct_filler,0,1247.0
-465.3589838486225,-284.0,0.0,duct_filler,0,1247.0
-458.43078061834694,-284.0000000000001,0.0,duct_filler,0,1247.0
-340.6513257036633,-284.0,0.0,duct_filler,0,1247.0
-333.72312247338783,-284.0,0.0,duct_filler,0,1247.0
-222.87187078897972,-284.0000000000001,0.0,duct_filler,0,1247.0
-215.9436675587042,-284.0000000000001,0.0,duct_filler,0,1247.0
-209.01546432842866,-284.0000000000001,0.0,duct_filler,0,1247.0
-202.0872610981532,-284.0000000000001,0.0,duct_filler,0,1247.0
-195.15905786787755,-284.0000000000001,0.0,duct_filler,0,1247.0
-77.37960295319363,-284.0000000000001,0.0,duct_filler,0,1247.0
-70.4513997229181,-284.0000000000001,0.0,duct_filler,0,1247.0
-63.523196492642626,-284.0000000000001,0.0,duct_filler,0,1247.0
-56.5949932623671,-284.0000000000001,0.0,duct_filler,0,1247.0
-35.810383571540456,-284.0000000000001,0.0,duct_filler,0,1247.0
-28.882180341264927,-284.0000000000001,0.0,duct_filler,0,1247.0
-21.953977110989342,-284.0000000000001,0.0,duct_filler,0,1247.0
-15.025773880713814,-284.0000000000001,0.0,duct_filler,0,1247.0
-8.097570650438342,-284.0000000000001,0.0,duct_filler,0,1247.0
75.04086811286754,-284.0000000000001,0.0,duct_filler,0,1247.0
81.9690713431429,-284.0000000000001,0.0,duct_filler,0,1247.0
269.03055856058074,-284.0000000000001,0.0,duct_filler,0,1247.0
275.9587617908561,-284.0000000000001,0.0,duct_filler,0,1247.0
282.8869650211316,-284.0000000000001,0.0,duct_filler,0,1247.0
289.81516825140704,-284.0000000000001,0.0,duct_filler,0,1247.0
296.7433714816825,-284.0000000000001,0.0,duct_filler,0,1247.0
303.671574711958,-284.0000000000001,0.0,duct_filler,0,1247.0
310.5997779422336,-284.0000000000001,0.0,duct_filler,0,1247.0
359.097200554162,-284.0000000000001,0.0,duct_filler,0,1247.0
366.02540378443734,-284.0000000000001,0.0,duct_filler,0,1247.0
372.9536070147128,-284.0000000000001,0.0,duct_filler,0,1247.0
-344.11542731880104,-290.0000000000001,0.0,duct_filler,0,1247.0
-337.18722408852557,-290.0000000000001,0.0,duct_filler,0,1247.0
-330.2590208582501,-290.0000000000001,0.0,duct_filler,0,1247.0
-226.3359724041175,-289.9999999999999,0.0,duct_filler,0,1247.0
-219.40776917384198,-289.9999999999999,0.0,duct_filler,0,1247.0
-212.4795659435664,-289.9999999999999,0.0,duct_filler,0,1247.0
-205.55136271329087,-289.9999999999999,0.0,duct_filler,0,1247.0
-198.6231594830154,-289.9999999999999,0.0,duct_filler,0,1247.0
-73.91550133805589,-289.9999999999999,0.0,duct_filler,0,1247.0
-66.9872981077803,-289.9999999999999,0.0,duct_filler,0,1247.0
-60.059094877504776,-289.9999999999999,0.0,duct_filler,0,1247.0
-53.130891647229305,-289.9999999999999,0.0,duct_filler,0,1247.0
-32.34628195640266,-289.9999999999999,0.0,duct_filler,0,1247.0
-25.41807872612725,-289.9999999999999,0.0,duct_filler,0,1247.0
-18.489875495851663,-289.9999999999999,0.0,duct_filler,0,1247.0
-11.561672265576135,-289.9999999999999,0.0,duct_filler,0,1247.0
78.50496972800522,-289.9999999999999,0.0,duct_filler,0,1247.0
265.56645694544295,-289.9999999999999,0.0,duct_filler,0,1247.0
272.49466017571854,-289.9999999999999,0.0,duct_filler,0,1247.0
279.4228634059939,-289.9999999999999,0.0,duct_filler,0,1247.0
286.35106663626937,-289.9999999999999,0.0,duct_filler,0,1247.0
293.27926986654484,-289.9999999999999,0.0,duct_filler,0,1247.0
300.2074730968204,-289.9999999999999,0.0,duct_filler,0,1247.0
307.13567632709567,-289.9999999999999,0.0,duct_filler,0,1247.0
362.56130216929967,-289.9999999999999,0.0,duct_filler,0,1247.0
369.48950539957514,-289.9999999999999,0.0,duct_filler,0,1247.0
-340.6513257036633,-296.0,0.0,duct_filler,0,1247.0
-333.72312247338783,-296.0,0.0,duct_filler,0,1247.0
-326.7949192431123,-296.0,0.0,duct_filler,0,1247.0
-222.87187078897972,-295.9999999999999,0.0,duct_filler,0,1247.0
-202.0872610981532,-295.9999999999999,0.0,duct_filler,0,1247.0
-77.37960295319363,-295.9999999999999,0.0,duct_filler,0,1247.0
-70.4513997229181,-295.9999999999999,0.0,duct_filler,0,1247.0
-63.523196492642626,-295.9999999999999,0.0,duct_filler,0,1247.0
-56.5949932623671,-295.9999999999999,0.0,duct_filler,0,1247.0
-35.810383571540456,-295.9999999999999,0.0,duct_filler,0,1247.0
-28.882180341264927,-295.9999999999999,0.0,duct_filler,0,1247.0
-21.953977110989342,-295.9999999999999,0.0,duct_filler,0,1247.0
-15.025773880713814,-295.9999999999999,0.0,duct_filler,0,1247.0
269.03055856058074,-296.0,0.0,duct_filler,0,1247.0
-448.0384757729337,-302.0000000000001,0.0,duct_filler,0,1247.0
-441.1102725426582,-302.0,0.0,duct_filler,0,1247.0
-434.1820693123827,-302.0,0.0,duct_filler,0,1247.0
-427.25386608210715,-302.0000000000001,0.0,duct_filler,0,1247.0
-420.3256628518316,-302.0000000000001,0.0,duct_filler,0,1247.0
-413.39745962155615,-302.0000000000001,0.0,duct_filler,0,1247.0
-344.11542731880104,-302.0,0.0,duct_filler,0,1247.0
-337.18722408852557,-302.0,0.0,duct_filler,0,1247.0
-330.2590208582501,-302.0,0.0,duct_filler,0,1247.0
-323.33081762797457,-302.0,0.0,duct_filler,0,1247.0
-80.84370456833142,-301.9999999999999,0.0,duct_filler,0,1247.0
-73.91550133805589,-301.9999999999999,0.0,duct_filler,0,1247.0
-66.9872981077803,-301.9999999999999,0.0,duct_filler,0,1247.0
-60.059094877504776,-301.9999999999999,0.0,duct_filler,0,1247.0
-25.41807872612725,-301.9999999999999,0.0,duct_filler,0,1247.0
85.4331729582807,-302.0,0.0,duct_filler,0,1247.0
92.36137618855616,-302.0,0.0,duct_filler,0,1247.0
99.28957941883164,-302.0,0.0,duct_filler,0,1247.0
-465.3589838486225,-307.9999999999999,0.0,duct_filler,0,1247.0
-458.43078061834694,-308.0000000000001,0.0,duct_filler,0,1247.0
-451.5025773880715,-308.0,0.0,duct_filler,0,1247.0
-444.57437415779594,-308.0000000000001,0.0,duct_filler,0,1247.0
-437.6461709275204,-307.9999999999999,0.0,duct_filler,0,1247.0
-430.71796769724494,-308.0,0.0,duct_filler,0,1247.0
-423.7897644669694,-308.0,0.0,duct_filler,0,1247.0
-416.8615612366939,-308.0,0.0,duct_filler,0,1247.0
-409.93335800641836,-308.0,0.0,duct_filler,0,1247.0
-403.00515477614283,-308.0,0.0,duct_filler,0,1247.0
-340.6513257036633,-307.9999999999999,0.0,duct_filler,0,1247.0
-333.72312247338783,-307.9999999999999,0.0,duct_filler,0,1247.0
-326.7949192431123,-307.9999999999999,0.0,duct_filler,0,1247.0
-77.37960295319363,-308.0,0.0,duct_filler,0,1247.0
-70.4513997229181,-308.0,0.0,duct_filler,0,1247.0
-63.523196492642626,-308.0,0.0,duct_filler,0,1247.0
81.9690713431429,-307.9999999999999,0.0,duct_filler,0,1247.0
88.89727457341837,-307.9999999999999,0.0,duct_filler,0,1247.0
95.82547780369384,-307.9999999999999,0.0,duct_filler,0,1247.0
102.75368103396931,-307.9999999999999,0.0,duct_filler,0,1247.0
-461.89488223348474,-314.0000000000001,0.0,duct_filler,0,1247.0
-454.9666790032092,-314.0000000000001,0.0,duct_filler,0,1247.0
-448.0384757729337,-314.0000000000001,0.0,duct_filler,0,1247.0
-413.39745962155615,-314.0,0.0,duct_filler,0,1247.0
-406.4692563912806,-314.0,0.0,duct_filler,0,1247.0
-399.54105316100515,-314.0,0.0,duct_filler,0,1247.0
-344.11542731880104,-314.0000000000002,0.0,duct_filler,0,1247.0
-337.18722408852557,-314.0000000000002,0.0,duct_filler,0,1247.0
-330.2590208582501,-314.0000000000002,0.0,duct_filler,0,1247.0
-323.33081762797457,-314.0000000000002,0.0,duct_filler,0,1247.0
78.50496972800522,-314.0000000000001,0.0,duct_filler,0,1247.0
85.4331729582807,-314.0000000000001,0.0,duct_filler,0,1247.0
92.36137618855616,-314.0000000000001,0.0,duct_filler,0,1247.0
99.28957941883164,-314.0000000000001,0.0,duct_filler,0,1247.0
-409.93335800641836,-320.0,0.0,duct_filler,0,1247.0
-403.00515477614283,-320.0,0.0,duct_filler,0,1247.0
-340.6513257036633,-320.0000000000001,0.0,duct_filler,0,1247.0
-333.72312247338783,-320.0000000000001,0.0,duct_filler,0,1247.0
-243.6564804798063,-320.0,0.0,duct_filler,0,1247.0
81.9690713431429,-320.0,0.0,duct_filler,0,1247.0
88.89727457341837,-320.0,0.0,duct_filler,0,1247.0
95.82547780369384,-320.0,0.0,duct_filler,0,1247.0
-441.1102725426582,-326.0,0.0,duct_filler,0,1247.0
-406.4692563912806,-326.0,0.0,duct_filler,0,1247.0
-399.54105316100515,-326.0,0.0,duct_filler,0,1247.0
-254.04878532521957,-325.9999999999999,0.0,duct_filler,0,1247.0
-247.12058209494404,-325.9999999999999,0.0,duct_filler,0,1247.0
-240.19237886466857,-326.0,0.0,duct_filler,0,1247.0
-233.26417563439304,-326.0,0.0,duct_filler,0,1247.0
-458.43078061834694,-332.0,0.0,duct_filler,0,1247.0
-451.5025773880715,-332.0,0.0,duct_filler,0,1247.0
-444.57437415779594,-332.0,0.0,duct_filler,0,1247.0
-437.6461709275204,-332.0000000000001,0.0,duct_filler,0,1247.0
-430.71796769724494,-331.9999999999999,0.0,duct_filler,0,1247.0
-403.00515477614283,-331.9999999999999,0.0,duct_filler,0,1247.0
-257.51288694035725,-332.0,0.0,duct_filler,0,1247.0
-250.58468371008178,-332.0,0.0,duct_filler,0,1247.0
-243.6564804798063,-332.0000000000001,0.0,duct_filler,0,1247.0
-236.72827724953078,-332.0,0.0,duct_filler,0,1247.0
-461.89488223348474,-338.0,0.0,duct_filler,0,1247.0
-454.9666790032092,-337.9999999999999,0.0,duct_filler,0,1247.0
-448.0384757729337,-338.0,0.0,duct_filler,0,1247.0
-441.1102725426582,-337.9999999999999,0.0,duct_filler,0,1247.0
-434.1820693123827,-338.0000000000001,0.0,duct_filler,0,1247.0
-427.25386608210715,-337.9999999999999,0.0,duct_filler,0,1247.0
-260.97698855549504,-337.9999999999999,0.0,duct_filler,0,1247.0
-254.04878532521957,-337.9999999999999,0.0,duct_filler,0,1247.0
-247.12058209494404,-337.9999999999999,0.0,duct_filler,0,1247.0
-240.19237886466857,-338.0,0.0,duct_filler,0,1247.0
-233.26417563439304,-338.0,0.0,duct_filler,0,1247.0
-458.43078061834694,-343.9999999999999,0.0,duct_filler,0,1247.0
-451.5025773880715,-344.0,0.0,duct_filler,0,1247.0
-444.57437415779594,-343.9999999999999,0.0,duct_filler,0,1247.0
-437.6461709275204,-344.0,0.0,duct_filler,0,1247.0
-430.71796769724494,-344.0,0.0,duct_filler,0,1247.0
-264.44109017063283,-343.9999999999999,0.0,duct_filler,0,1247.0
-257.51288694035725,-343.9999999999999,0.0,duct_filler,0,1247.0
-250.58468371008178,-343.9999999999999,0.0,duct_filler,0,1247.0
-243.6564804798063,-344.0,0.0,duct_filler,0,1247.0
-236.72827724953078,-344.0000000000001,0.0,duct_filler,0,1247.0
-461.89488223348474,-349.9999999999999,0.0,duct_filler,0,1247.0
-454.9666790032092,-350.0,0.0,duct_filler,0,1247.0
-448.0384757729337,-349.9999999999999,0.0,duct_filler,0,1247.0
-441.1102725426582,-350.0,0.0,duct_filler,0,1247.0
-434.1820693123827,-350.0,0.0,duct_filler,0,1247.0
-427.25386608210715,-350.0,0.0,duct_filler,0,1247.0
-254.04878532521957,-350.0,0.0,duct_filler,0,1247.0
-247.12058209494404,-350.0,0.0,duct_filler,0,1247.0
-458.43078061834694,-355.9999999999999,0.0,duct_filler,0,1247.0
-451.5025773880715,-355.9999999999999,0.0,duct_filler,0,1247.0
-444.57437415779594,-355.9999999999999,0.0,duct_filler,0,1247.0
-437.6461709275204,-356.0000000000001,0.0,duct_filler,0,1247.0
-430.71796769724494,-356.0000000000001,0.0,duct_filler,0,1247.0
-448.0384757729337,-362.0,0.0,duct_filler,0,1247.0
-441.1102725426582,-362.0000000000001,0.0,duct_filler,0,1247.0
-434.1820693123827,-361.9999999999999,0.0,duct_filler,0,1247.0
-451.5025773880715,-368.0000000000001,0.0,duct_filler,0,1247.0
-444.57437415779594,-368.0,0.0,duct_filler,0,1247.0
-437.6461709275204,-367.9999999999999,0.0,duct_filler,0,1247.0
-430.71796769724494,-368.0,0.0,duct_filler,0,1247.0
-448.0384757729337,-374.0000000000001,0.0,duct_filler,0,1247.0
-441.1102725426582,-374.0,0.0,duct_filler,0,1247.0
-302.54620793714804,-373.9999999999999,0.0,duct_filler,0,1247.0
-295.61800470687257,-373.9999999999999,0.0,duct_filler,0,1247.0
-288.68980147659704,-373.9999999999999,0.0,duct_filler,0,1247.0
-281.76159824632157,-373.9999999999999,0.0,duct_filler,0,1247.0
-274.8333950160461,-373.9999999999999,0.0,duct_filler,0,1247.0
-444.57437415779594,-379.9999999999999,0.0,duct_filler,0,1247.0
-416.8615612366939,-380.0,0.0,duct_filler,0,1247.0
-409.93335800641836,-380.0,0.0,duct_filler,0,1247.0
-306.01030955228583,-379.9999999999999,0.0,duct_filler,0,1247.0
-299.0821063220103,-379.9999999999999,0.0,duct_filler,0,1247.0
-292.15390309173483,-379.9999999999999,0.0,duct_filler,0,1247.0
-285.22569986145925,-379.9999999999999,0.0,duct_filler,0,1247.0
-278.29749663118383,-379.9999999999999,0.0,duct_filler,0,1247.0
-271.3692934009083,-379.9999999999999,0.0,duct_filler,0,1247.0
-427.25386608210715,-385.9999999999999,0.0,duct_filler,0,1247.0
-420.3256628518316,-385.9999999999999,0.0,duct_filler,0,1247.0
-413.39745962155615,-385.9999999999999,0.0,duct_filler,0,1247.0
-406.4692563912806,-385.9999999999999,0.0,duct_filler,0,1247.0
-385.6846467004541,-385.9999999999999,0.0,duct_filler,0,1247.0
-378.75644347017857,-385.9999999999999,0.0,duct_filler,0,1247.0
-309.47441116742357,-386.0,0.0,duct_filler,0,1247.0
-302.54620793714804,-386.0,0.0,duct_filler,0,1247.0
-295.61800470687257,-386.0,0.0,duct_filler,0,1247.0
-288.68980147659704,-386.0,0.0,duct_filler,0,1247.0
-281.76159824632157,-386.0,0.0,duct_filler,0,1247.0
-274.8333950160461,-386.0,0.0,duct_filler,0,1247.0
-267.9051917857706,-386.0,0.0,duct_filler,0,1247.0
-430.71796769724494,-391.9999999999999,0.0,duct_filler,0,1247.0
-423.7897644669694,-391.9999999999999,0.0,duct_filler,0,1247.0
-416.8615612366939,-391.9999999999999,0.0,duct_filler,0,1247.0
-409.93335800641836,-391.9999999999999,0.0,duct_filler,0,1247.0
-396.07695154586736,-391.9999999999999,0.0,duct_filler,0,1247.0
-389.14874831559183,-391.9999999999999,0.0,duct_filler,0,1247.0
-382.2205450853163,-391.9999999999999,0.0,duct_filler,0,1247.0
-312.9385127825613,-391.9999999999999,0.0,duct_filler,0,1247.0
-306.01030955228583,-391.9999999999999,0.0,duct_filler,0,1247.0
-299.0821063220103,-391.9999999999999,0.0,duct_filler,0,1247.0
-292.15390309173483,-391.9999999999999,0.0,duct_filler,0,1247.0
-285.22569986145925,-391.9999999999999,0.0,duct_filler,0,1247.0
-278.29749663118383,-391.9999999999999,0.0,duct_filler,0,1247.0
-271.3692934009083,-391.9999999999999,0.0,duct_filler,0,1247.0
-264.44109017063283,-391.9999999999999,0.0,duct_filler,0,1247.0
-434.1820693123827,-398.0,0.0,duct_filler,0,1247.0
-427.25386608210715,-398.0,0.0,duct_filler,0,1247.0
-420.3256628518316,-398.0,0.0,duct_filler,0,1247.0
-399.54105316100515,-398.0,0.0,duct_filler,0,1247.0
-392.6128499307296,-398.0,0.0,duct_filler,0,1247.0
-385.6846467004541,-398.0,0.0,duct_filler,0,1247.0
-378.75644347017857,-398.0,0.0,duct_filler,0,1247.0
-302.54620793714804,-398.0,0.0,duct_filler,0,1247.0
-295.61800470687257,-398.0,0.0,duct_filler,0,1247.0
-288.68980147659704,-398.0,0.0,duct_filler,0,1247.0
-281.76159824632157,-398.0,0.0,duct_filler,0,1247.0
-274.8333950160461,-398.0,0.0,duct_filler,0,1247.0
-267.9051917857706,-398.0,0.0,duct_filler,0,1247.0
-430.71796769724494,-404.0,0.0,duct_filler,0,1247.0
-423.7897644669694,-404.0,0.0,duct_filler,0,1247.0
-403.00515477614283,-404.0,0.0,duct_filler,0,1247.0
-396.07695154586736,-404.0,0.0,duct_filler,0,1247.0
-389.14874831559183,-404.0,0.0,duct_filler,0,1247.0
-382.2205450853163,-404.0,0.0,duct_filler,0,1247.0
-299.0821063220103,-404.0,0.0,duct_filler,0,1247.0
-292.15390309173483,-404.0,0.0,duct_filler,0,1247.0
-285.22569986145925,-404.0,0.0,duct_filler,0,1247.0
-406.4692563912806,-410.0000000000001,0.0,duct_filler,0,1247.0
-399.54105316100515,-410.0000000000001,0.0,duct_filler,0,1247.0
-392.6128499307296,-410.0000000000001,0.0,duct_filler,0,1247.0
-385.6846467004541,-410.0000000000001,0.0,duct_filler,0,1247.0
-403.00515477614283,-416.0000000000001,0.0,duct_filler,0,1247.0
-396.07695154586736,-416.0000000000001,0.0,duct_filler,0,1247.0
-389.14874831559183,-416.0000000000001,0.0,duct_filler,0,1247.0
-399.54105316100515,-421.9999999999999,0.0,duct_filler,0,1247.0
-340.6513257036633,-428.0000000000001,0.0,duct_filler,0,1247.0
359.097200554162,-428.0,0.0,duct_filler,0,1247.0
372.9536070147128,-428.0,0.0,duct_filler,0,1247.0
379.8818102449883,-428.0,0.0,duct_filler,0,1247.0
386.81001347526364,-428.0,0.0,duct_filler,0,1247.0
-351.0436305490765,-434.0,0.0,duct_filler,0,1247.0
-344.11542731880104,-434.0,0.0,duct_filler,0,1247.0
-337.18722408852557,-434.0,0.0,duct_filler,0,1247.0
-330.2590208582501,-434.0,0.0,duct_filler,0,1247.0
341.77669247847336,-433.9999999999999,0.0,duct_filler,0,1247.0
348.70489570874884,-433.9999999999999,0.0,duct_filler,0,1247.0
355.6330989390242,-433.9999999999999,0.0,duct_filler,0,1247.0
362.56130216929967,-433.9999999999999,0.0,duct_filler,0,1247.0
369.48950539957514,-433.9999999999999,0.0,duct_filler,0,1247.0
376.4177086298505,-433.9999999999999,0.0,duct_filler,0,1247.0
383.34591186012597,-433.9999999999999,0.0,duct_filler,0,1247.0
-347.57952893393883,-440.0,0.0,duct_filler,0,1247.0
-340.6513257036633,-440.0,0.0,duct_filler,0,1247.0
-333.72312247338783,-440.0,0.0,duct_filler,0,1247.0
-326.7949192431123,-440.0,0.0,duct_filler,0,1247.0
-319.86671601283683,-440.0,0.0,duct_filler,0,1247.0
331.3843876330599,-440.0,0.0,duct_filler,0,1247.0
338.31259086333534,-440.0,0.0,duct_filler,0,1247.0
345.2407940936107,-440.0,0.0,duct_filler,0,1247.0
352.1689973238865,-440.0,0.0,duct_filler,0,1247.0
359.097200554162,-440.0,0.0,duct_filler,0,1247.0
366.02540378443734,-440.0,0.0,duct_filler,0,1247.0
372.9536070147128,-440.0,0.0,duct_filler,0,1247.0
379.8818102449883,-440.0,0.0,duct_filler,0,1247.0
-337.18722408852557,-445.9999999999999,0.0,duct_filler,0,1247.0
-330.2590208582501,-445.9999999999999,0.0,duct_filler,0,1247.0
-323.33081762797457,-445.9999999999999,0.0,duct_filler,0,1247.0
327.92028601792254,-446.0000000000002,0.0,duct_filler,0,1247.0
334.84848924819755,-446.0000000000002,0.0,duct_filler,0,1247.0
341.77669247847336,-446.0000000000002,0.0,duct_filler,0,1247.0
348.70489570874884,-446.0000000000002,0.0,duct_filler,0,1247.0
355.6330989390242,-446.0000000000002,0.0,duct_filler,0,1247.0
362.56130216929967,-446.0000000000002,0.0,duct_filler,0,1247.0
369.48950539957514,-446.0000000000002,0.0,duct_filler,0,1247.0
376.4177086298505,-446.0000000000002,0.0,duct_filler,0,1247.0
331.3843876330599,-452.0000000000001,0.0,duct_filler,0,1247.0
338.31259086333534,-452.0000000000001,0.0,duct_filler,0,1247.0
345.2407940936107,-452.0000000000001,0.0,duct_filler,0,1247.0
352.1689973238865,-452.0000000000001,0.0,duct_filler,0,1247.0
359.097200554162,-452.0000000000001,0.0,duct_filler,0,1247.0
366.02540378443734,-452.0000000000001,0.0,duct_filler,0,1247.0
334.84848924819755,-458.0,0.0,duct_filler,0,1247.0
341.77669247847336,-458.0,0.0,duct_filler,0,1247.0
348.70489570874884,-458.0,0.0,duct_filler,0,1247.0
355.6330989390242,-458.0,0.0,duct_filler,0,1247.0
362.56130216929967,-458.0,0.0,duct_filler,0,1247.0
376.4177086298505,-458.0,0.0,duct_filler,0,1247.0
411.05872478122785,-458.0,0.0,duct_filler,0,1247.0
417.9869280115033,-458.0,0.0,duct_filler,0,1247.0
338.31259086333534,-463.9999999999999,0.0,duct_filler,0,1247.0
345.2407940936107,-463.9999999999999,0.0,duct_filler,0,1247.0
352.1689973238865,-463.9999999999999,0.0,duct_filler,0,1247.0
359.097200554162,-463.9999999999999,0.0,duct_filler,0,1247.0
366.02540378443734,-463.9999999999999,0.0,duct_filler,0,1247.0
372.9536070147128,-463.9999999999999,0.0,duct_filler,0,1247.0
379.8818102449883,-463.9999999999999,0.0,duct_filler,0,1247.0
386.81001347526364,-463.9999999999999,0.0,duct_filler,0,1247.0
393.7382167055391,-463.9999999999999,0.0,duct_filler,0,1247.0
400.6664199358146,-463.9999999999999,0.0,duct_filler,0,1247.0
407.5946231660902,-463.9999999999999,0.0,duct_filler,0,1247.0
414.52282639636553,-463.9999999999999,0.0,duct_filler,0,1247.0
421.451029626641,-463.9999999999999,0.0,duct_filler,0,1247.0
428.3792328569165,-463.9999999999999,0.0,duct_filler,0,1247.0
-468.8230854637602,-470.0,0.0,duct_filler,0,1247.0
-461.89488223348474,-470.0,0.0,duct_filler,0,1247.0
334.84848924819755,-469.9999999999999,0.0,duct_filler,0,1247.0
341.77669247847336,-469.9999999999999,0.0,duct_filler,0,1247.0
348.70489570874884,-469.9999999999999,0.0,duct_filler,0,1247.0
355.6330989390242,-469.9999999999999,0.0,duct_filler,0,1247.0
362.56130216929967,-469.9999999999999,0.0,duct_filler,0,1247.0
369.48950539957514,-469.9999999999999,0.0,duct_filler,0,1247.0
376.4177086298505,-469.9999999999999,0.0,duct_filler,0,1247.0
383.34591186012597,-469.9999999999999,0.0,duct_filler,0,1247.0
390.27411509040144,-469.9999999999999,0.0,duct_filler,0,1247.0
397.2023183206768,-469.9999999999999,0.0,duct_filler,0,1247.0
404.1305215509524,-469.9999999999999,0.0,duct_filler,0,1247.0
411.05872478122785,-469.9999999999999,0.0,duct_filler,0,1247.0
417.9869280115033,-469.9999999999999,0.0,duct_filler,0,1247.0
424.9151312417787,-469.9999999999999,0.0,duct_filler,0,1247.0
-472.28718707889794,-476.0,0.0,duct_filler,0,1247.0
-465.3589838486225,-476.0,0.0,duct_filler,0,1247.0
-458.43078061834694,-476.0,0.0,duct_filler,0,1247.0
331.3843876330599,-476.0,0.0,duct_filler,0,1247.0
338.31259086333534,-476.0,0.0,duct_filler,0,1247.0
345.2407940936107,-476.0,0.0,duct_filler,0,1247.0
352.1689973238865,-476.0,0.0,duct_filler,0,1247.0
359.097200554162,-476.0,0.0,duct_filler,0,1247.0
366.02540378443734,-476.0,0.0,duct_filler,0,1247.0
372.9536070147128,-476.0,0.0,duct_filler,0,1247.0
379.8818102449883,-476.0,0.0,duct_filler,0,1247.0
386.81001347526364,-476.0,0.0,duct_filler,0,1247.0
393.7382167055391,-476.0,0.0,duct_filler,0,1247.0
400.6664199358146,-476.0,0.0,duct_filler,0,1247.0
407.5946231660902,-476.0,0.0,duct_filler,0,1247.0
414.52282639636553,-476.0,0.0,duct_filler,0,1247.0
421.451029626641,-476.0,0.0,duct_filler,0,1247.0
428.3792328569165,-476.0,0.0,duct_filler,0,1247.0
-468.8230854637602,-482.0,0.0,duct_filler,0,1247.0
-461.89488223348474,-482.0,0.0,duct_filler,0,1247.0
334.84848924819755,-481.9999999999999,0.0,duct_filler,0,1247.0
341.77669247847336,-481.9999999999999,0.0,duct_filler,0,1247.0
348.70489570874884,-481.9999999999999,0.0,duct_filler,0,1247.0
355.6330989390242,-481.9999999999999,0.0,duct_filler,0,1247.0
362.56130216929967,-481.9999999999999,0.0,duct_filler,0,1247.0
369.48950539957514,-481.9999999999999,0.0,duct_filler,0,1247.0
376.4177086298505,-481.9999999999999,0.0,duct_filler,0,1247.0
383.34591186012597,-481.9999999999999,0.0,duct_filler,0,1247.0
390.27411509040144,-481.9999999999999,0.0,duct_filler,0,1247.0
397.2023183206768,-481.9999999999999,0.0,duct_filler,0,1247.0
404.1305215509524,-481.9999999999999,0.0,duct_filler,0,1247.0
411.05872478122785,-481.9999999999999,0.0,duct_filler,0,1247.0
417.9869280115033,-481.9999999999999,0.0,duct_filler,0,1247.0
424.9151312417787,-481.9999999999999,0.0,duct_filler,0,1247.0
431.8433344720544,-481.9999999999999,0.0,duct_filler,0,1247.0
438.77153770232974,-481.9999999999999,0.0,duct_filler,0,1247.0
-472.28718707889794,-488.0000000000001,0.0,duct_filler,0,1247.0
-465.3589838486225,-487.9999999999999,0.0,duct_filler,0,1247.0
-458.43078061834694,-487.9999999999999,0.0,duct_filler,0,1247.0
338.31259086333534,-488.0000000000001,0.0,duct_filler,0,1247.0
345.2407940936107,-488.0000000000001,0.0,duct_filler,0,1247.0
352.1689973238865,-488.0000000000001,0.0,duct_filler,0,1247.0
359.097200554162,-488.0000000000001,0.0,duct_filler,0,1247.0
366.02540378443734,-488.0000000000001,0.0,duct_filler,0,1247.0
372.9536070147128,-488.0000000000001,0.0,duct_filler,0,1247.0
379.8818102449883,-488.0000000000001,0.0,duct_filler,0,1247.0
386.81001347526364,-488.0000000000001,0.0,duct_filler,0,1247.0
393.7382167055391,-488.0000000000001,0.0,duct_filler,0,1247.0
400.6664199358146,-488.0000000000001,0.0,duct_filler,0,1247.0
407.5946231660902,-488.0000000000001,0.0,duct_filler,0,1247.0
414.52282639636553,-488.0000000000001,0.0,duct_filler,0,1247.0
421.451029626641,-488.0000000000001,0.0,duct_filler,0,1247.0
428.3792328569165,-488.0000000000001,0.0,duct_filler,0,1247.0
435.30743608719183,-488.0000000000001,0.0,duct_filler,0,1247.0
442.2356393174673,-488.0000000000001,0.0,duct_filler,0,1247.0
-475.75128869403574,-494.0,0.0,duct_filler,0,1247.0
-468.8230854637602,-493.9999999999999,0.0,duct_filler,0,1247.0
-461.89488223348474,-493.9999999999999,0.0,duct_filler,0,1247.0
334.84848924819755,-494.0,0.0,duct_filler,0,1247.0
341.77669247847336,-494.0,0.0,duct_filler,0,1247.0
348.70489570874884,-494.0,0.0,duct_filler,0,1247.0
355.6330989390242,-494.0,0.0,duct_filler,0,1247.0
362.56130216929967,-494.0,0.0,duct_filler,0,1247.0
369.48950539957514,-494.0,0.0,duct_filler,0,1247.0
376.4177086298505,-494.0,0.0,duct_filler,0,1247.0
390.27411509040144,-494.0,0.0,duct_filler,0,1247.0
397.2023183206768,-494.0,0.0,duct_filler,0,1247.0
404.1305215509524,-494.0,0.0,duct_filler,0,1247.0
411.05872478122785,-494.0,0.0,duct_filler,0,1247.0
417.9869280115033,-494.0,0.0,duct_filler,0,1247.0
424.9151312417787,-494.0,0.0,duct_filler,0,1247.0
431.8433344720544,-494.0,0.0,duct_filler,0,1247.0
438.77153770232974,-494.0,0.0,duct_filler,0,1247.0
445.6997409326052,-494.0,0.0,duct_filler,0,1247.0
-486.143593539449,-499.9999999999998,0.0,duct_filler,0,1247.0
-479.2153903091735,-500.0,0.0,duct_filler,0,1247.0
-472.28718707889794,-500.0,0.0,duct_filler,0,1247.0
-465.3589838486225,-500.0,0.0,duct_filler,0,1247.0
338.31259086333534,-499.9999999999999,0.0,duct_filler,0,1247.0
345.2407940936107,-499.9999999999999,0.0,duct_filler,0,1247.0
352.1689973238865,-499.9999999999999,0.0,duct_filler,0,1247.0
359.097200554162,-499.9999999999999,0.0,duct_filler,0,1247.0
366.02540378443734,-499.9999999999999,0.0,duct_filler,0,1247.0
407.5946231660902,-499.9999999999999,0.0,duct_filler,0,1247.0
414.52282639636553,-499.9999999999999,0.0,duct_filler,0,1247.0
421.451029626641,-499.9999999999999,0.0,duct_filler,0,1247.0
428.3792328569165,-499.9999999999999,0.0,duct_filler,0,1247.0
435.30743608719183,-499.9999999999999,0.0,duct_filler,0,1247.0
442.2356393174673,-499.9999999999999,0.0,duct_filler,0,1247.0
