x,y,z,type,is_movable,volume
403.65999999999997,429.61,0.0,epithelial_tumor_class1,1,1325.066375788286
43.75,3.9399999999999977,0.0,other_tissue,0,515.5507644420675
-396.31,485.59,0.0,other_tissue,0,827.8971706662824
-391.92,-317.58000000000004,0.0,other_tissue,0,975.4484018366953
123.94000000000005,63.77999999999997,0.0,CD4_Tcell,1,535.037941005628
144.09000000000003,195.89999999999998,0.0,other_tissue,0,706.9169660129436
-139.7,247.72,0.0,epithelial_tumor_class1,1,1169.7807579761982
377.95000000000005,243.49,0.0,epithelial_tumor_class1_class2,1,1232.338065011108
439.80999999999995,203.98000000000002,0.0,CD4_Tcell,1,693.5322608419077
-232.49,154.26999999999998,0.0,epithelial_tumor_class1,1,1800.0758628850504
-369.73,-251.84000000000003,0.0,epithelial_tumor_class1,1,1989.0605238142643
492.03,407.88,0.0,CD4_Tcell,1,563.3966499115505
-30.54000000000002,-174.25,0.0,CD8_Tcell,1,836.4112489531896
346.74,228.10000000000002,0.0,epithelial_tumor_class1,1,1388.0256084812906
421.49,429.4,0.0,epithelial_tumor_class1,1,1475.615524661516
-102.25999999999999,7.939999999999998,0.0,CD8_Tcell,1,492.6259698340166
490.03999999999996,297.64,0.0,CD4_Tcell,1,619.3003865007955
320.26,192.19,0.0,CD8_Tcell,1,568.8406711948174
-272.07,-154.10000000000002,0.0,CD8_Tcell,1,552.4990587294534
-41.94999999999999,-208.27999999999997,0.0,CD8_Tcell,1,577.3823989078534
-398.09000000000003,-436.65,0.0,other_tissue,0,749.4978138868818
127.37,192.44,0.0,CD8_Tcell,1,624.9921910464662
-11.95999999999998,-69.96000000000004,0.0,apCAF,1,464.14480656882836
-116.47000000000003,-342.07000000000005,0.0,CD4_Tcell,1,522.1079362826082
117.27999999999997,-482.26,0.0,CD4_Tcell,1,784.772099623446
-154.70999999999998,234.69,0.0,epithelial_tumor_class1,1,1607.212894066039
3.75,-159.59000000000003,0.0,CAF,1,586.0938771055994
375.28,325.49,0.0,CAF,1,800.7196029804021
-126.69,283.48,0.0,CD4_Tcell,1,705.919651673233
-258.0,-362.15,0.0,CD4_Tcell,1,552.2386072167072
-179.94,-180.57000000000005,0.0,CD4_Tcell,1,871.205660568538
252.11,97.63,0.0,other_tissue,0,975.4484018366953
-86.30000000000001,-292.80999999999995,0.0,CD4_Tcell,1,836.9694671343323
215.79999999999995,-53.98000000000002,0.0,CD4_Tcell,1,369.41960043220723
-124.10000000000002,37.31,0.0,other_tissue,0,821.8784698610709
-134.17000000000002,70.63,0.0,epithelial_tumor_class1,1,1220.5083656304046
16.00999999999999,205.87,0.0,CD4_Tcell,1,513.4238136030416
443.45000000000005,355.95,0.0,other_tissue,0,975.4484018366953
-103.82999999999998,-320.13,0.0,CD8_Tcell,1,570.685288939475
-269.40999999999997,22.339999999999975,0.0,CD8_Tcell,1,750.3560402607981
-226.16000000000003,319.99,0.0,other_tissue,0,975.4484018366953
-116.35000000000002,-298.01,0.0,CD4_Tcell,1,691.6016474196364
356.52,305.88,0.0,CAF,1,526.8255138506606
-300.28,-78.07000000000005,0.0,other_tissue,0,455.02969661499793
-136.35000000000002,418.0,0.0,other_tissue,0,975.4484018366953
-109.62,123.80000000000001,0.0,epithelial_tumor_class1,1,2706.4886387546676
34.47000000000003,131.69,0.0,CAF,1,887.0490099558425
-396.07,-219.66999999999996,0.0,epithelial_tumor_class1_class2,1,3513.9564974981804
-20.139999999999986,-166.23000000000002,0.0,CD8_Tcell,1,621.8864701158052
132.30999999999995,-327.0,0.0,CD4_Tcell,1,828.2170004492434
219.54999999999995,-383.63,0.0,CD4_Tcell,1,881.1910040266357
185.41999999999996,41.94999999999999,0.0,other_tissue,0,899.3833915022731
418.22,-422.23,0.0,CD4_Tcell,1,557.7908362015659
440.53999999999996,388.18,0.0,other_tissue,0,463.840474669509
333.9,224.62,0.0,CAF,1,541.1164662052072
133.91999999999996,-431.0,0.0,epithelial_tumor_class1,1,2085.4582413655735
410.16999999999996,305.63,0.0,CD4_Tcell,1,536.9685048673214
-237.64999999999998,116.02999999999997,0.0,epithelial_tumor_class1_class2,1,2934.3926766145587
-176.44,349.69,0.0,other_tissue,0,975.4484018366953
118.02999999999997,215.39999999999998,0.0,other_tissue,0,939.5744172212361
-244.76,198.72000000000003,0.0,CD4_Tcell,1,1005.5914733103036
88.05999999999995,-488.90999999999997,0.0,CD8_Tcell,1,705.5554824707463
0.14999999999997726,-41.99000000000001,0.0,CD4_Tcell,1,953.2327747937916
436.25,274.22,0.0,CD4_Tcell,1,1005.5914733103036
-316.0,-208.19000000000005,0.0,CD4_Tcell,1,466.2788579675378
388.12,-110.88,0.0,CD8_Tcell,1,664.6718185377431
213.88,433.9,0.0,CD4_Tcell,1,597.187328775004
-27.350000000000023,-465.85,0.0,other_tissue,0,747.7235643311559
103.72000000000003,-30.83000000000004,0.0,other_tissue,0,874.3414237883811
301.42999999999995,-14.279999999999973,0.0,other_tissue,0,662.133665744548
131.35000000000002,-92.88,0.0,other_tissue,0,815.7623410829151
-31.069999999999993,-142.32000000000005,0.0,CD8_Tcell,1,1011.7951208066181
-78.30000000000001,-58.58000000000004,0.0,CD4_Tcell,1,798.3658537919234
55.950000000000045,350.43,0.0,epithelial_tumor_class1,1,1916.3844109048223
-228.07999999999998,11.370000000000005,0.0,CD8_Tcell,1,849.4866826637495
-320.36,35.43000000000001,0.0,CD8_Tcell,1,850.2894018575811
450.34000000000003,-35.960000000000036,0.0,other_tissue,0,486.40826908888414
-186.39999999999998,46.20999999999998,0.0,epithelial_tumor_class1,1,2871.1674388343577
136.79999999999995,271.93,0.0,other_tissue,0,975.4484018366953
456.25,-429.78999999999996,0.0,other_tissue,0,412.52511596047344
483.09000000000003,16.810000000000002,0.0,other_tissue,0,975.4484018366953
-375.51,76.13,0.0,CD4_Tcell,1,501.0441099717544
216.86,410.92,0.0,CD8_Tcell,1,1086.9627767335605
-245.36,62.75,0.0,epithelial_tumor_class1,1,2893.596930581196
-61.20999999999998,-374.5,0.0,epithelial_tumor_class1,1,1234.618523932436
134.08000000000004,-365.29999999999995,0.0,epithelial_tumor_class1_class2,1,1715.4220521868933
-111.69,355.9,0.0,CD4_Tcell,1,561.8476203482717
-53.06,-29.840000000000032,0.0,CD4_Tcell,1,724.1908009469928
170.33000000000004,40.94999999999999,0.0,epithelial_tumor_class1_class2,1,1840.484605295524
-396.59000000000003,127.61000000000001,0.0,CD4_Tcell,1,675.2614435708564
-414.03,-77.78999999999996,0.0,epithelial_tumor_class1,1,2054.9409774685614
143.03999999999996,441.1,0.0,epithelial_tumor_class1,1,3486.030925079104
179.85000000000002,424.97,0.0,CD8_Tcell,1,932.817523139188
-265.39,255.21,0.0,other_tissue,0,975.4484018366953
-466.0,-340.25,0.0,other_tissue,0,975.4484018366953
9.769999999999982,-395.6,0.0,other_tissue,0,810.054784477701
479.48,-20.25999999999999,0.0,mesenchymal_tumor_class1,1,1424.413926383899
295.41999999999996,-491.37,0.0,CD8_Tcell,1,1086.9627767335605
440.04999999999995,396.42,0.0,CD8_Tcell,1,354.3784715882236
324.4,70.68,0.0,epithelial_tumor_class1_class2,1,1906.3294928193159
-227.56,102.64999999999998,0.0,epithelial_tumor_class1_class2,1,1075.7570213372676
-53.31999999999999,-244.51999999999998,0.0,epithelial_tumor_class1_class2,1,3663.2881122309486
-236.32999999999998,286.2,0.0,CD4_Tcell,1,463.9129225755802
419.86,102.33999999999997,0.0,CD4_Tcell,1,556.3175239874292
83.88999999999999,211.45,0.0,other_tissue,0,650.737448400769
-437.69,45.829999999999984,0.0,CAF,1,645.0345514814308
-159.77999999999997,-25.57000000000005,0.0,CD4_Tcell,1,850.9840531484988
163.84000000000003,440.77,0.0,other_tissue,0,733.8663116177738
366.16999999999996,153.56,0.0,CD8_Tcell,1,465.929995556711
96.13,-98.05999999999995,0.0,other_tissue,0,445.2870032754649
249.64,-300.04999999999995,0.0,CD4_Tcell,1,947.0399360345643
-204.16000000000003,-89.71000000000004,0.0,CD8_Tcell,1,674.7218695264119
-102.51999999999998,193.35000000000002,0.0,other_tissue,0,975.4484018366953
148.07000000000005,-269.71000000000004,0.0,other_tissue,0,975.4484018366953
349.53999999999996,482.15,0.0,other_tissue,0,975.4484018366953
464.44000000000005,-490.22,0.0,CD8_Tcell,1,555.7616152610269
244.5,10.139999999999986,0.0,other_tissue,0,975.4484018366953
436.14,-89.66999999999996,0.0,other_tissue,0,576.511004925159
112.57000000000005,471.55,0.0,other_tissue,0,975.4484018366953
-40.160000000000025,179.56,0.0,other_tissue,0,969.1998620247625
-362.4,24.680000000000007,0.0,CD4_Tcell,1,1005.5914733103036
-233.95999999999998,440.11,0.0,CD4_Tcell,1,704.5403040686962
272.03999999999996,298.33000000000004,0.0,epithelial_tumor_class1,1,1626.96720832965
246.76999999999998,-6.3799999999999955,0.0,other_tissue,0,975.4484018366953
53.66999999999996,251.83,0.0,CD8_Tcell,1,568.7078795515414
-48.02999999999997,169.70999999999998,0.0,other_tissue,0,905.118018653716
-27.99000000000001,-454.46000000000004,0.0,CD8_Tcell,1,491.2999248674616
153.79999999999995,333.7,0.0,apCAF,1,219.42974635506033
-5.850000000000023,439.69,0.0,CD4_Tcell,1,444.4274667676507
445.47,292.09000000000003,0.0,epithelial_tumor_class1,1,981.7332846983369
-265.59000000000003,293.88,0.0,other_tissue,0,506.2635965971983
16.690000000000055,407.51,0.0,other_tissue,0,643.5734974609313
-228.20999999999998,273.81,0.0,other_tissue,0,975.4484018366953
101.80999999999995,-201.11,0.0,epithelial_tumor_class1,1,791.1978851301302
-385.23,-131.40999999999997,0.0,CD8_Tcell,1,807.9134681603707
-123.63,-194.57000000000005,0.0,other_tissue,0,670.6379074784468
22.200000000000045,-297.05999999999995,0.0,epithelial_tumor_class1,1,987.6685660379638
-10.649999999999977,-212.05999999999995,0.0,CD4_Tcell,1,837.8502388121401
-60.19999999999999,-393.65999999999997,0.0,CD4_Tcell,1,482.32207930237007
107.52999999999997,47.48000000000002,0.0,other_tissue,0,667.2164493804034
291.23,311.61,0.0,epithelial_tumor_class1,1,1715.4220521868933
50.02999999999997,17.370000000000005,0.0,CD8_Tcell,1,614.0274624497781
-158.08999999999997,-316.17999999999995,0.0,apCAF,1,302.6450858573396
-361.1,163.70999999999998,0.0,other_tissue,0,975.4484018366953
-310.4,-283.28,0.0,CD4_Tcell,1,986.8774147131219
92.38,110.14999999999998,0.0,CD8_Tcell,1,443.3299996909219
-43.97000000000003,126.19,0.0,epithelial_tumor_class1_class2,1,1634.6053298835004
306.04999999999995,173.76999999999998,0.0,CD4_Tcell,1,572.6005808321281
468.28,318.15,0.0,apCAF,1,357.2073022654302
363.97,96.19999999999999,0.0,apCAF,1,205.95730337861272
67.88999999999999,260.46000000000004,0.0,epithelial_tumor_class1,1,1843.8638850562802
372.08000000000004,203.68,0.0,other_tissue,0,636.8918007740807
395.61,-230.85000000000002,0.0,CD4_Tcell,1,876.7314016400111
-83.47000000000003,15.939999999999998,0.0,CD8_Tcell,1,359.37849741844406
439.41999999999996,-7.980000000000018,0.0,epithelial_tumor_class1,1,2184.799105120166
408.40999999999997,49.170000000000016,0.0,epithelial_tumor_class1_class2,1,2129.4161411309933
62.24000000000001,56.49000000000001,0.0,CD8_Tcell,1,494.31711149916697
-239.64,136.87,0.0,epithelial_tumor_class1,1,1167.2055673596217
-200.48000000000002,-162.01,0.0,CD8_Tcell,1,634.2642545198701
-109.13,414.11,0.0,other_tissue,0,802.9735233761504
-39.910000000000025,56.72000000000003,0.0,CD8_Tcell,1,931.1103200764763
336.4,181.82,0.0,CD4_Tcell,1,629.989931028659
370.49,-107.62,0.0,CD8_Tcell,1,324.54913078453814
83.53999999999996,174.55,0.0,other_tissue,0,487.9952279657159
-280.4,-10.180000000000007,0.0,CD4_Tcell,1,491.5860283504072
154.25,57.51999999999998,0.0,other_tissue,0,975.4484018366953
-277.63,113.69999999999999,0.0,CD4_Tcell,1,590.8142104097237
-423.09000000000003,-348.84000000000003,0.0,other_tissue,0,975.4484018366953
-80.75999999999999,409.34000000000003,0.0,other_tissue,0,975.4484018366953
479.76,154.83999999999997,0.0,CD4_Tcell,1,431.29405304761883
-144.14,-175.48000000000002,0.0,apCAF,1,143.93936869008613
-355.34000000000003,-155.75,0.0,CD4_Tcell,1,451.54825160885446
308.07000000000005,-282.91999999999996,0.0,other_tissue,0,975.4484018366953
155.85000000000002,455.89,0.0,epithelial_tumor_class1,1,3705.9734906218914
-220.93,122.35000000000002,0.0,epithelial_tumor_class1,1,1656.3764168350044
0.18999999999999773,51.889999999999986,0.0,CD8_Tcell,1,742.0806414473398
325.34000000000003,269.51,0.0,epithelial_tumor_class1,1,1179.444462795645
-272.31,369.64,0.0,CD4_Tcell,1,749.2384789877816
232.63,424.03,0.0,CD8_Tcell,1,626.4426987800151
-28.680000000000007,180.13,0.0,other_tissue,0,975.4484018366953
-307.74,176.23000000000002,0.0,CD4_Tcell,1,502.06679402732976
358.04999999999995,66.27999999999997,0.0,other_tissue,0,365.01780904986174
208.39,153.77999999999997,0.0,CD4_Tcell,1,549.5899203808659
84.19000000000005,-120.35000000000002,0.0,CAF,1,627.4522996480196
-475.56,11.829999999999984,0.0,other_tissue,0,975.4484018366953
-154.32,-326.09000000000003,0.0,other_tissue,0,600.9504536392278
-168.23000000000002,9.350000000000023,0.0,epithelial_tumor_class1_class2,1,1867.268054070859
51.389999999999986,303.84000000000003,0.0,apCAF,1,402.39872479458023
296.53999999999996,-394.51,0.0,other_tissue,0,975.4484018366953
291.14,266.26,0.0,epithelial_tumor_class1,1,2558.755528606034
195.61,465.82,0.0,CD8_Tcell,1,521.1051784641896
376.90999999999997,52.31999999999999,0.0,apCAF,1,143.93936869008613
-39.879999999999995,-435.07000000000005,0.0,other_tissue,0,926.4837029596862
346.78,-177.14,0.0,CD8_Tcell,1,694.7454586400171
-127.91000000000003,225.19,0.0,CD8_Tcell,1,1086.9627767335605
77.87,-396.03,0.0,CD8_Tcell,1,513.3152946553294
-91.54000000000002,278.36,0.0,other_tissue,0,452.2744574792089
185.5,-150.34000000000003,0.0,CAF,1,560.3343007447731
-122.31,137.8,0.0,epithelial_tumor_class1,1,1714.1749596413513
378.64,-297.97,0.0,CD4_Tcell,1,564.1557220928373
318.4,227.54000000000002,0.0,other_tissue,0,883.2149912566433
-395.88,150.36,0.0,other_tissue,0,333.43329772233994
145.36,480.71,0.0,epithelial_tumor_class1,1,2726.7787455276443
-48.19,312.61,0.0,other_tissue,0,975.4484018366953
4.019999999999982,162.10000000000002,0.0,CD8_Tcell,1,537.9115361087402
211.64999999999998,487.58,0.0,CD4_Tcell,1,595.3715635240185
-155.57999999999998,-35.5,0.0,apCAF,1,348.2747220408512
221.26999999999998,-171.72000000000003,0.0,apCAF,1,791.5184868621967
403.04999999999995,-67.71000000000004,0.0,CD4_Tcell,1,1005.5914733103036
312.9,-203.47000000000003,0.0,other_tissue,0,975.4484018366953
130.28999999999996,46.660000000000025,0.0,CD8_Tcell,1,1086.9627767335605
-245.56,1.920000000000016,0.0,CD8_Tcell,1,501.3034653612101
324.46000000000004,113.32,0.0,CD8_Tcell,1,599.2645499938868
364.23,269.16999999999996,0.0,epithelial_tumor_class1,1,2125.7362753423918
-273.12,432.23,0.0,other_tissue,0,597.1530349284283
-119.41000000000003,112.61000000000001,0.0,other_tissue,0,975.4484018366953
-410.19,-117.25,0.0,other_tissue,0,460.0259291324378
346.23,262.11,0.0,other_tissue,0,713.3258902333604
80.37,143.19,0.0,CD8_Tcell,1,1086.9627767335605
55.940000000000055,-17.75999999999999,0.0,CD8_Tcell,1,454.3434133712477
-92.18,472.4,0.0,other_tissue,0,377.2044755128784
-362.21000000000004,-312.32000000000005,0.0,CD8_Tcell,1,555.7943055182764
-134.01999999999998,387.49,0.0,other_tissue,0,727.432537962977
-375.65,158.24,0.0,other_tissue,0,865.4176931441423
105.97000000000003,-210.03999999999996,0.0,CAF,1,399.2570871335323
1.5400000000000205,65.99000000000001,0.0,CD8_Tcell,1,642.0426667737318
-407.69,-152.5,0.0,epithelial_tumor_class1_class2,1,1906.3294928193159
60.72000000000003,-230.07000000000005,0.0,other_tissue,0,458.9604659068045
-114.68,436.53,0.0,other_tissue,0,843.3205018774755
210.38,423.83,0.0,other_tissue,0,773.4912428576162
490.74,396.13,0.0,CAF,1,731.0763219396307
-452.97,-473.9,0.0,CD4_Tcell,1,784.9984168403299
337.75,140.35000000000002,0.0,CD8_Tcell,1,402.8997454298151
-371.69,-238.11,0.0,other_tissue,0,975.4484018366953
-395.64,108.56,0.0,CD4_Tcell,1,639.149750680274
357.47,-41.39999999999998,0.0,other_tissue,0,791.6633260338913
317.89,-493.03,0.0,other_tissue,0,938.7628000934332
-209.60000000000002,317.63,0.0,other_tissue,0,704.3871542313794
-74.18,85.45999999999998,0.0,CAF,1,452.9586562316228
-319.56,241.39,0.0,epithelial_tumor_class1,1,1638.567763530536
282.62,83.69999999999999,0.0,CD8_Tcell,1,512.6025505284421
295.78,-431.47,0.0,CD4_Tcell,1,888.4114097920063
442.15,222.07999999999998,0.0,CD4_Tcell,1,646.8413699047032
-29.899999999999977,218.07999999999998,0.0,CD8_Tcell,1,578.2378877873826
-123.62,424.33,0.0,other_tissue,0,729.0178552183073
131.46000000000004,96.67000000000002,0.0,other_tissue,0,975.4484018366953
466.19000000000005,35.54000000000002,0.0,other_tissue,0,681.6464111240273
126.0,-449.5,0.0,CD4_Tcell,1,616.6864445658305
422.4,467.59000000000003,0.0,CD8_Tcell,1,877.795010500078
397.77,370.77,0.0,CD4_Tcell,1,1005.5914733103036
278.57000000000005,-355.45000000000005,0.0,other_tissue,0,477.6971317899388
34.39999999999998,23.110000000000014,0.0,CD4_Tcell,1,478.4806860152412
-5.639999999999986,211.86,0.0,other_tissue,0,331.76183962607206
14.580000000000041,72.08999999999997,0.0,other_tissue,0,395.7798117444756
133.72000000000003,281.85,0.0,other_tissue,0,502.7544519970107
-270.03,-45.440000000000055,0.0,CD8_Tcell,1,956.9614048370358
-171.89999999999998,301.71000000000004,0.0,CD8_Tcell,1,375.65394217256454
12.019999999999982,-20.440000000000055,0.0,other_tissue,0,621.6222548266547
-422.26,-156.02999999999997,0.0,epithelial_tumor_class1,1,1922.359531599781
-40.660000000000025,66.89999999999998,0.0,epithelial_tumor_class1_class2,1,2304.034791232313
449.03,464.29,0.0,CD8_Tcell,1,1086.9627767335605
-291.90999999999997,205.57999999999998,0.0,epithelial_tumor_class1_class2,1,1184.039099100795
470.17999999999995,270.18,0.0,other_tissue,0,601.2432277534288
-112.99000000000001,276.6,0.0,epithelial_tumor_class1,1,1634.6053298835004
481.9,5.769999999999982,0.0,other_tissue,0,655.5428300286612
-300.33000000000004,-13.559999999999945,0.0,CD8_Tcell,1,421.1059994115104
-232.5,254.27,0.0,other_tissue,0,710.414962833006
-83.92000000000002,-87.29999999999995,0.0,CD4_Tcell,1,576.8795645312529
-483.37,-35.610000000000014,0.0,CD4_Tcell,1,546.4323890269003
-325.95,-188.63,0.0,CD8_Tcell,1,688.9764862712935
-122.87,403.52,0.0,epithelial_tumor_class1,1,1355.221347364173
-267.99,79.79000000000002,0.0,apCAF,1,209.00805497681884
-453.47,-29.149999999999977,0.0,CD4_Tcell,1,833.4097247571686
-397.6,-142.47000000000003,0.0,CD4_Tcell,1,598.0794297038727
113.45000000000005,-470.26,0.0,CD4_Tcell,1,456.84882013363364
-213.37,-29.549999999999955,0.0,other_tissue,0,938.6468929579269
408.40999999999997,190.51,0.0,CD4_Tcell,1,387.8305340813706
-360.15999999999997,-31.779999999999973,0.0,CD4_Tcell,1,843.6011146387978
324.39,241.89999999999998,0.0,epithelial_tumor_class1,1,2753.9104387816506
12.419999999999959,119.05000000000001,0.0,epithelial_tumor_class1,1,2216.83233652105
445.71000000000004,417.40999999999997,0.0,CD4_Tcell,1,1005.5914733103036
-299.65999999999997,-90.63999999999999,0.0,CD4_Tcell,1,660.6835777465374
-191.69,-37.39999999999998,0.0,other_tissue,0,975.4484018366953
-36.139999999999986,353.56,0.0,CAF,1,1106.8889877164543
-373.99,38.47000000000003,0.0,CD4_Tcell,1,510.32929179744315
465.65,44.31,0.0,other_tissue,0,975.4484018366953
307.94000000000005,351.21000000000004,0.0,other_tissue,0,589.5552529070028
40.139999999999986,-196.22000000000003,0.0,CD8_Tcell,1,467.6032098294896
-491.361,-89.50999999999999,0.0,CD8_Tcell,1,671.8799093137242
-102.29000000000002,427.93,0.0,other_tissue,0,975.4484018366953
-238.63,-148.37,0.0,CD8_Tcell,1,722.9045981622303
-92.49000000000001,42.70999999999998,0.0,CD8_Tcell,1,605.1963398727947
-433.27,-356.94000000000005,0.0,other_tissue,0,975.4484018366953
-191.77999999999997,170.33999999999997,0.0,epithelial_tumor_class1_class2,1,3513.9564974981804
385.77,199.25,0.0,CD4_Tcell,1,787.4907786046142
66.32000000000005,-211.67999999999995,0.0,CD4_Tcell,1,807.8295719548807
-149.66000000000003,307.58000000000004,0.0,apCAF,1,203.75579841495585
-189.44,-328.12,0.0,CD4_Tcell,1,472.1188956275471
113.55999999999995,-249.70000000000005,0.0,other_tissue,0,806.8651830074685
-146.93,356.81,0.0,epithelial_tumor_class1,1,1610.167450842959
32.799999999999955,208.36,0.0,CD4_Tcell,1,914.9045077975945
-372.64,-177.21000000000004,0.0,CD4_Tcell,1,444.1740445646174
60.66999999999996,214.99,0.0,other_tissue,0,837.0768452507355
-170.14999999999998,83.82999999999998,0.0,CD8_Tcell,1,815.8467856162748
-46.02999999999997,-52.0,0.0,CD8_Tcell,1,588.9774131146048
9.990000000000009,-307.95000000000005,0.0,other_tissue,0,704.9998867705026
301.49,486.23,0.0,other_tissue,0,975.4484018366953
374.26,398.19,0.0,CD4_Tcell,1,390.5889262954682
223.61,127.82,0.0,other_tissue,0,702.8759911335817
153.72000000000003,385.87,0.0,other_tissue,0,580.5233218339476
309.6,-426.53,0.0,CD4_Tcell,1,527.172583541094
85.84000000000003,-248.10000000000002,0.0,CD8_Tcell,1,474.38024610176404
-274.69,-481.4,0.0,CD8_Tcell,1,404.07481576906565
-113.14999999999998,54.19,0.0,CD4_Tcell,1,493.1993170002179
-270.33000000000004,-271.05999999999995,0.0,epithelial_tumor_class1_class2,1,2753.9104387816506
-341.38,-3.660000000000025,0.0,CD4_Tcell,1,1005.5914733103036
426.52,249.57,0.0,other_tissue,0,743.6474671725838
437.34000000000003,404.56,0.0,other_tissue,0,975.4484018366953
455.29999999999995,265.35,0.0,CD4_Tcell,1,697.879758224594
-209.20999999999998,-347.29999999999995,0.0,CD4_Tcell,1,1005.5914733103036
-355.64,-139.78999999999996,0.0,other_tissue,0,692.055586642814
117.70000000000005,32.170000000000016,0.0,CD8_Tcell,1,615.8634411754435
49.59000000000003,186.25,0.0,other_tissue,0,975.4484018366953
-423.54,-126.13,0.0,CD4_Tcell,1,900.6230807302767
297.96000000000004,217.11,0.0,CD8_Tcell,1,519.290953957616
-91.45999999999998,438.93,0.0,other_tissue,0,936.9094306180258
459.48,473.13,0.0,CD4_Tcell,1,730.4681815598989
-304.99,146.57,0.0,epithelial_tumor_class1_class2,1,1800.0758628850504
191.80999999999995,445.21,0.0,other_tissue,0,815.8467856162748
449.03999999999996,183.35000000000002,0.0,other_tissue,0,975.4484018366953
255.37,-212.41999999999996,0.0,other_tissue,0,907.4957355273934
245.38,-19.620000000000005,0.0,other_tissue,0,911.0814750295784
-111.92000000000002,-306.28,0.0,CD4_Tcell,1,420.4814146170945
-398.32,424.14,0.0,CD8_Tcell,1,360.87169015983096
-233.87,-379.89,0.0,CD4_Tcell,1,910.6497797818764
57.42999999999995,115.89999999999998,0.0,CD8_Tcell,1,427.70152211022514
362.74,484.16,0.0,other_tissue,0,681.1595966349072
-289.65,-73.57000000000005,0.0,CD4_Tcell,1,539.9772627594477
-255.45,-221.22000000000003,0.0,CD4_Tcell,1,579.6823900644621
489.83000000000004,37.0,0.0,epithelial_tumor_class1,1,1830.0459346087284
-457.95,-181.73000000000002,0.0,other_tissue,0,975.4484018366953
288.51,-90.71000000000004,0.0,CD4_Tcell,1,1005.5914733103036
-322.4,-111.53999999999996,0.0,CD4_Tcell,1,466.68608415417833
-19.819999999999993,-329.78999999999996,0.0,CD8_Tcell,1,397.97362612321217
-458.6,-38.950000000000045,0.0,other_tissue,0,939.2960958151746
-285.75,42.01999999999998,0.0,CD4_Tcell,1,411.84212010591494
-58.839999999999975,-432.42999999999995,0.0,other_tissue,0,831.377071194416
86.27999999999997,-94.39999999999998,0.0,CD8_Tcell,1,537.8955433373118
475.01,487.66,0.0,CD4_Tcell,1,956.8440045061542
475.34000000000003,441.45,0.0,CD4_Tcell,1,1005.5914733103036
450.33000000000004,337.51,0.0,CD4_Tcell,1,426.1660371385758
-396.2,-356.65999999999997,0.0,other_tissue,0,975.4484018366953
411.61,201.07999999999998,0.0,other_tissue,0,975.4484018366953
-283.08000000000004,-203.61,0.0,CD8_Tcell,1,393.33440491691056
90.61000000000001,32.75,0.0,CD8_Tcell,1,518.5726877130808
-143.89,286.51,0.0,other_tissue,0,481.6234712034516
374.44000000000005,281.47,0.0,CD4_Tcell,1,918.7153689666263
-87.33999999999997,-69.76999999999998,0.0,CD4_Tcell,1,594.2428541267125
-18.04000000000002,-59.97000000000003,0.0,CAF,1,1106.8889877164543
441.72,329.28999999999996,0.0,other_tissue,0,683.6898117610172
-217.60000000000002,282.97,0.0,CD8_Tcell,1,462.8848690936413
-164.7,330.1,0.0,other_tissue,0,664.6902345805918
204.25,245.65,0.0,other_tissue,0,590.9674489960846
60.370000000000005,-182.46000000000004,0.0,CD4_Tcell,1,495.46687335655196
353.20000000000005,152.87,0.0,CD4_Tcell,1,498.94206408128946
-139.51999999999998,-231.73000000000002,0.0,other_tissue,0,689.9766619727483
186.05999999999995,384.09000000000003,0.0,other_tissue,0,436.64393474669384
-273.15999999999997,33.379999999999995,0.0,CD8_Tcell,1,826.9594783257277
111.27999999999997,-0.5699999999999932,0.0,other_tissue,0,816.2479767332969
347.45000000000005,436.65999999999997,0.0,CD4_Tcell,1,394.8160520554688
420.15,311.15,0.0,CD4_Tcell,1,636.033030167295
-31.779999999999973,-230.83000000000004,0.0,CD4_Tcell,1,972.9937294621358
429.33000000000004,290.15999999999997,0.0,CD8_Tcell,1,1086.9627767335605
-68.51999999999998,-389.15999999999997,0.0,CD4_Tcell,1,688.0526558418097
360.45000000000005,172.47000000000003,0.0,other_tissue,0,257.0581985419928
244.65999999999997,-204.33000000000004,0.0,other_tissue,0,975.4484018366953
-40.72000000000003,-269.80999999999995,0.0,CD4_Tcell,1,549.6385925509081
-244.12,-267.78,0.0,CD4_Tcell,1,1005.5914733103036
80.21000000000004,-189.57000000000005,0.0,apCAF,1,204.1160326630903
-113.98000000000002,-472.78999999999996,0.0,CD4_Tcell,1,376.6997698089724
84.30999999999995,-220.87,0.0,other_tissue,0,742.2193851566528
322.42999999999995,-170.36,0.0,CD4_Tcell,1,825.0862182762851
266.40999999999997,363.76,0.0,other_tissue,0,975.4484018366953
59.76999999999998,-133.48000000000002,0.0,other_tissue,0,708.2417749752452
368.73,195.26999999999998,0.0,other_tissue,0,530.1763486683247
196.62,-227.70000000000005,0.0,other_tissue,0,515.0689703789022
245.21000000000004,-291.59000000000003,0.0,apCAF,1,483.87033616547205
-250.42,-57.99000000000001,0.0,CD4_Tcell,1,370.3790019310866
-395.92,-29.399999999999977,0.0,CD4_Tcell,1,334.4691535248311
285.32000000000005,294.85,0.0,other_tissue,0,820.2671240558936
-372.55,200.66000000000003,0.0,other_tissue,0,975.3699168724129
-71.48000000000002,23.50999999999999,0.0,CD8_Tcell,1,565.0642029715847
419.51,-468.30999999999995,0.0,CD8_Tcell,1,562.9349395092361
-174.27999999999997,-197.75,0.0,other_tissue,0,577.1644681516087
-305.74,-7.110000000000014,0.0,other_tissue,0,734.5747590473699
46.07000000000005,44.97000000000003,0.0,CD4_Tcell,1,489.33033728647825
-184.39999999999998,-189.71000000000004,0.0,CD8_Tcell,1,573.1176091711196
-214.13,201.3,0.0,epithelial_tumor_class1,1,1430.6063109113359
364.89,-234.13,0.0,CD8_Tcell,1,996.3750330965493
-183.7,-488.59000000000003,0.0,CD4_Tcell,1,500.1294530392898
-91.83999999999997,-52.99000000000001,0.0,CD8_Tcell,1,443.8362981781859
197.61,490.588,0.0,CD8_Tcell,1,686.9037356553818
-250.53,-39.73000000000002,0.0,CD4_Tcell,1,517.2939432774064
-67.72000000000003,-122.42999999999995,0.0,CD8_Tcell,1,839.2048235455076
-82.98000000000002,57.54000000000002,0.0,CD8_Tcell,1,986.8055128226282
-79.88999999999999,-447.4,0.0,other_tissue,0,361.80396337336015
123.79999999999995,146.57999999999998,0.0,CD8_Tcell,1,1086.9627767335605
474.30999999999995,217.89999999999998,0.0,CD8_Tcell,1,1086.9627767335605
-257.7,244.64,0.0,other_tissue,0,513.3152946553294
-194.26999999999998,266.98,0.0,CD8_Tcell,1,424.98950160284267
138.12,332.56,0.0,other_tissue,0,584.4358879440547
-378.78,104.81,0.0,epithelial_tumor_class1,1,1330.879813237614
425.87,-439.33000000000004,0.0,CD4_Tcell,1,413.31619000793296
445.04999999999995,251.98,0.0,other_tissue,0,605.6981849397356
-141.77999999999997,-286.97,0.0,CD4_Tcell,1,483.5276482868089
-123.97000000000003,-157.89999999999998,0.0,other_tissue,0,730.0171986311126
-138.31,-475.40999999999997,0.0,CD8_Tcell,1,784.0728487000824
40.559999999999945,-293.53,0.0,other_tissue,0,327.50424508996
308.02,-213.32000000000005,0.0,other_tissue,0,856.1187940201398
149.25,144.66000000000003,0.0,other_tissue,0,523.8815698339764
-22.220000000000027,248.04,0.0,other_tissue,0,355.26314488343377
-137.76999999999998,-14.799999999999955,0.0,CD4_Tcell,1,468.0840881590149
-472.04,-421.96000000000004,0.0,other_tissue,0,297.0771984736367
108.08000000000004,-321.4,0.0,other_tissue,0,495.76973830193293
-88.29000000000002,92.07999999999998,0.0,CD8_Tcell,1,457.6668509999861
190.17999999999995,423.47,0.0,other_tissue,0,556.5628956399371
-257.74,276.31,0.0,other_tissue,0,455.0010876914942
190.01999999999998,-460.89,0.0,CD4_Tcell,1,515.9395268159378
212.55999999999995,-167.80999999999995,0.0,other_tissue,0,374.0448968035444
262.91999999999996,342.85,0.0,epithelial_tumor_class1,1,1867.268054070859
5.850000000000023,310.63,0.0,CD8_Tcell,1,489.54057588179387
309.96000000000004,270.87,0.0,other_tissue,0,975.4484018366953
-231.06,-72.82000000000005,0.0,CD8_Tcell,1,1086.9627767335605
40.01999999999998,-64.84000000000003,0.0,CD8_Tcell,1,488.7599931103583
-95.61000000000001,-342.37,0.0,CD8_Tcell,1,354.97213112672466
-276.45,-285.65,0.0,CD4_Tcell,1,244.00075447118357
-86.76999999999998,-0.160000000000025,0.0,CD8_Tcell,1,650.4832753635055
49.23000000000002,466.6,0.0,epithelial_tumor_class1_class2,1,2576.2559341893193
-164.25,-236.99,0.0,CD8_Tcell,1,1086.9627767335605
-171.61,-484.33000000000004,0.0,other_tissue,0,677.1988332633816
405.08000000000004,67.00999999999999,0.0,CD4_Tcell,1,1005.5914733103036
149.27999999999997,-132.51,0.0,CD8_Tcell,1,638.4682205717021
-127.30000000000001,-136.10000000000002,0.0,other_tissue,0,443.4565381963337
453.38,284.40999999999997,0.0,other_tissue,0,897.5597395479685
-441.95,-223.53999999999996,0.0,other_tissue,0,455.0010876914942
-218.14,137.52999999999997,0.0,other_tissue,0,975.4484018366953
-290.75,-29.470000000000027,0.0,CD8_Tcell,1,936.3307533225686
99.69000000000005,18.879999999999995,0.0,other_tissue,0,702.7421949427353
-374.32,92.16000000000003,0.0,epithelial_tumor_class1,1,1892.3487772333651
435.87,120.38999999999999,0.0,other_tissue,0,408.3186609651063
-36.44,-257.78,0.0,other_tissue,0,374.20810543591216
40.82000000000005,293.47,0.0,CD4_Tcell,1,440.4402509860569
-390.01,-251.17999999999995,0.0,other_tissue,0,838.3231026385963
356.14,125.82999999999998,0.0,other_tissue,0,975.4484018366953
-254.29,-376.30999999999995,0.0,CD4_Tcell,1,355.82136574097905
-74.04000000000002,-20.450000000000045,0.0,CD8_Tcell,1,1086.9627767335605
-40.30000000000001,8.660000000000025,0.0,CD8_Tcell,1,303.0594589807341
-128.19,-341.63,0.0,CD8_Tcell,1,561.7159193067869
458.07000000000005,59.43000000000001,0.0,other_tissue,0,975.4484018366953
363.55999999999995,450.02,0.0,CD4_Tcell,1,580.5233218339476
363.83000000000004,361.55,0.0,other_tissue,0,744.5210850828886
-361.58000000000004,-207.21000000000004,0.0,CD4_Tcell,1,1005.5914733103036
-229.81,-92.40999999999997,0.0,CD8_Tcell,1,459.57938595836214
489.85,159.7,0.0,CD8_Tcell,1,640.226838028645
109.16999999999996,455.36,0.0,epithelial_tumor_class1,1,1344.5007530210735
-111.86000000000001,-54.26999999999998,0.0,other_tissue,0,310.3612562977696
143.45000000000005,164.0,0.0,CAF,1,651.7911563402077
171.85000000000002,-246.80999999999995,0.0,other_tissue,0,474.939350185448
-419.3,-412.63,0.0,epithelial_tumor_class1,1,1680.2871894568248
146.42999999999995,-308.15,0.0,other_tissue,0,975.4484018366953
261.48,-91.95000000000005,0.0,other_tissue,0,413.08814979400154
315.57000000000005,371.28999999999996,0.0,other_tissue,0,975.4484018366953
450.09000000000003,407.74,0.0,CD4_Tcell,1,858.8468140285867
478.5,-435.12,0.0,CD8_Tcell,1,336.33675730715106
-254.27,-232.76999999999998,0.0,CD8_Tcell,1,721.7755567263068
-229.33999999999997,22.339999999999975,0.0,other_tissue,0,656.1634190511321
18.629999999999995,-415.70000000000005,0.0,CD8_Tcell,1,347.15081894732253
157.89999999999998,358.62,0.0,CD4_Tcell,1,1005.5914733103036
-241.38,238.14,0.0,CD8_Tcell,1,489.690783169839
-25.660000000000025,-193.45000000000005,0.0,other_tissue,0,440.56623904297624
-238.66000000000003,-372.01,0.0,CD4_Tcell,1,473.1752537459937
458.17999999999995,246.81,0.0,other_tissue,0,975.4484018366953
-74.07999999999998,-200.5,0.0,CD4_Tcell,1,516.6242231811378
-405.92,287.52,0.0,other_tissue,0,562.8854855042119
-476.51,-284.15,0.0,other_tissue,0,820.881730959799
478.74,-4.399999999999977,0.0,mesenchymal_tumor_class1,1,620.0209527446739
399.55999999999995,492.308,0.0,CD4_Tcell,1,384.9315978621516
-41.85000000000002,-409.29999999999995,0.0,other_tissue,0,907.4957355273934
-418.93,-239.15999999999997,0.0,epithelial_tumor_class1,1,2576.2559341893193
174.49,384.95,0.0,other_tissue,0,975.4484018366953
121.24000000000001,43.05000000000001,0.0,CD8_Tcell,1,937.4651850853749
36.14999999999998,73.62,0.0,other_tissue,0,399.4406636554774
351.19000000000005,-33.91999999999996,0.0,other_tissue,0,975.4484018366953
-212.01999999999998,-255.76,0.0,CD4_Tcell,1,332.42278888700383
-379.46,-228.23000000000002,0.0,other_tissue,0,975.4484018366953
-339.9,210.13,0.0,other_tissue,0,452.35994461785305
-229.85000000000002,-193.89,0.0,CD4_Tcell,1,340.9653419701074
223.78999999999996,472.28,0.0,other_tissue,0,909.9911394539138
334.22,329.64,0.0,CD8_Tcell,1,492.80697880291416
-363.77,133.29000000000002,0.0,epithelial_tumor_class1,1,2876.6416343409223
244.0,-471.11,0.0,CD4_Tcell,1,768.5304611529006
-71.67000000000002,107.50999999999999,0.0,CD8_Tcell,1,626.0533181228806
160.09000000000003,-41.139999999999986,0.0,other_tissue,0,834.3737159295174
-16.75,391.46,0.0,other_tissue,0,771.2725261843447
-227.93,41.74000000000001,0.0,CD8_Tcell,1,663.2548045065533
466.65,147.27999999999997,0.0,other_tissue,0,800.6570543628418
-390.0,-227.87,0.0,other_tissue,0,790.0090738312774
-251.32,36.44,0.0,other_tissue,0,369.78073873170223
290.88,320.77,0.0,other_tissue,0,734.141764800311
-303.2,-64.47000000000003,0.0,CD4_Tcell,1,1005.5914733103036
-319.71000000000004,331.26,0.0,other_tissue,0,975.4484018366953
273.91999999999996,96.81,0.0,other_tissue,0,851.6790826706846
281.55999999999995,127.49000000000001,0.0,CD8_Tcell,1,587.7380329572181
-328.15,-382.63,0.0,other_tissue,0,472.00161964668183
-143.35000000000002,-137.87,0.0,epithelial_tumor_class1_class2,1,3057.293878897327
-268.66999999999996,201.81,0.0,CD4_Tcell,1,852.0919354496498
-312.56,-444.26,0.0,CD8_Tcell,1,1086.9627767335605
151.15999999999997,-121.64999999999998,0.0,CAF,1,739.9422149811855
290.29999999999995,1.5299999999999727,0.0,epithelial_tumor_class1_class2,1,1169.7807579761982
20.899999999999977,105.62,0.0,epithelial_tumor_class1,1,4034.233950875785
-484.06,-217.69000000000005,0.0,other_tissue,0,975.4484018366953
372.80999999999995,307.90999999999997,0.0,CD8_Tcell,1,319.6635357224552
-99.72000000000003,47.56999999999999,0.0,CD8_Tcell,1,408.9444671911774
69.17999999999995,-283.32000000000005,0.0,CD4_Tcell,1,1005.5914733103036
118.48000000000002,157.55,0.0,other_tissue,0,975.4484018366953
327.15,467.43,0.0,other_tissue,0,975.4484018366953
-375.64,-466.92999999999995,0.0,other_tissue,0,437.5073442164538
-235.07,-81.91999999999996,0.0,CD8_Tcell,1,444.51196225098755
364.76,286.91999999999996,0.0,other_tissue,0,481.9355318187071
205.46000000000004,-389.5,0.0,CD8_Tcell,1,375.4651439429902
-236.07999999999998,19.069999999999993,0.0,other_tissue,0,788.0476444114092
448.30999999999995,-492.08000000000004,0.0,CD4_Tcell,1,444.38522304163047
118.97000000000003,168.54000000000002,0.0,epithelial_tumor_class1,1,2007.204388340813
41.39999999999998,-129.58000000000004,0.0,CD4_Tcell,1,411.4942164543257
-2.3500000000000227,290.94,0.0,CD8_Tcell,1,750.95519067322
310.33000000000004,184.39999999999998,0.0,other_tissue,0,377.79808051855144
109.01999999999998,-404.63,0.0,apCAF,1,343.95977896086055
96.11000000000001,-106.92999999999995,0.0,CD4_Tcell,1,436.4352161572274
166.52999999999997,-411.76,0.0,epithelial_tumor_class1,1,821.1361408334565
474.01,162.23000000000002,0.0,other_tissue,0,451.7617608132882
-222.57999999999998,183.12,0.0,other_tissue,0,975.4484018366953
-408.06,-231.92999999999995,0.0,epithelial_tumor_class1,1,1645.1972732714783
-371.62,146.79000000000002,0.0,epithelial_tumor_class1,1,2393.6244008713884
-125.75999999999999,182.89,0.0,CD4_Tcell,1,710.337960036993
68.26999999999998,485.14,0.0,CD4_Tcell,1,1005.5914733103036
-160.5,-358.1,0.0,other_tissue,0,403.4275846728904
-340.53999999999996,240.12,0.0,CD4_Tcell,1,536.7608666125861
-85.70999999999998,343.76,0.0,other_tissue,0,458.83099486339904
486.22,417.39,0.0,other_tissue,0,448.7220593594917
333.59000000000003,440.33,0.0,CD8_Tcell,1,459.86744523541626
388.42999999999995,111.14999999999998,0.0,CAF,1,646.5339730401513
153.55999999999995,-207.59000000000003,0.0,other_tissue,0,586.4326270502715
-144.51,88.11000000000001,0.0,CD4_Tcell,1,516.7020678941406
-398.55,-129.94000000000005,0.0,CD8_Tcell,1,1086.9627767335605
-128.58999999999997,85.79000000000002,0.0,other_tissue,0,755.5592766068631
32.90999999999997,-21.57000000000005,0.0,CD4_Tcell,1,664.7823198973794
-101.87,436.75,0.0,other_tissue,0,975.4484018366953
444.87,-484.1,0.0,other_tissue,0,473.21930282935256
483.22,26.910000000000025,0.0,epithelial_tumor_class1,1,1226.1505354815072
430.40999999999997,-261.75,0.0,CD8_Tcell,1,392.86728765087577
-287.01,-19.590000000000032,0.0,CD4_Tcell,1,594.0377876246679
0.20999999999997954,-356.90999999999997,0.0,CD4_Tcell,1,452.35994461785305
-392.76,-387.63,0.0,CD4_Tcell,1,456.3756691476649
-60.089999999999975,-348.1,0.0,other_tissue,0,807.4311442939695
-45.120000000000005,-393.95000000000005,0.0,other_tissue,0,975.4484018366953
-63.829999999999984,147.86,0.0,other_tissue,0,645.9556078746938
210.28999999999996,388.53,0.0,other_tissue,0,611.0800798639871
335.54999999999995,-60.860000000000014,0.0,other_tissue,0,769.1189483266281
489.87,488.61,0.0,CD4_Tcell,1,396.5884925481807
-405.25,-123.01999999999998,0.0,CD8_Tcell,1,436.95017569972026
-298.14,222.97000000000003,0.0,other_tissue,0,570.2362316697993
-225.36,-237.23000000000002,0.0,CD4_Tcell,1,570.4524150121897
-13.889999999999986,68.12,0.0,other_tissue,0,602.587763378156
-287.41999999999996,60.05000000000001,0.0,CD4_Tcell,1,798.7612939055787
446.48,305.2,0.0,other_tissue,0,492.641052221572
-439.7,428.40999999999997,0.0,other_tissue,0,811.0848000394795
409.41999999999996,109.57999999999998,0.0,other_tissue,0,388.0877758294199
-494.34,-476.57000000000005,0.0,CAF,1,706.5332724878771
11.509999999999991,-70.63999999999999,0.0,CD8_Tcell,1,351.81761177588123
-365.68,-98.54999999999995,0.0,other_tissue,0,975.4484018366953
-79.61000000000001,-170.86,0.0,other_tissue,0,480.08001353202474
-292.65999999999997,365.19,0.0,CD8_Tcell,1,1026.0200311083622
164.36,151.7,0.0,other_tissue,0,625.3811316384753
335.92999999999995,-271.83000000000004,0.0,CD4_Tcell,1,561.6171570331643
-207.67000000000002,386.21,0.0,CD8_Tcell,1,386.1612330155066
478.98,499.9306,0.0,CD8_Tcell,1,831.9116592225927
-123.91000000000003,52.22000000000003,0.0,CD8_Tcell,1,348.22684703330617
-46.25,294.18,0.0,other_tissue,0,969.2235430169759
-475.68,266.16999999999996,0.0,other_tissue,0,551.2788996900377
-41.329999999999984,217.32999999999998,0.0,other_tissue,0,807.5569493990643
353.12,335.81,0.0,other_tissue,0,754.0759147254048
60.67999999999995,72.42000000000002,0.0,CD8_Tcell,1,449.2182712157885
472.54999999999995,233.57,0.0,CD8_Tcell,1,943.8023680034914
-179.68,-361.64,0.0,CD4_Tcell,1,290.9087060392312
-259.52,313.15,0.0,CD8_Tcell,1,1086.9627767335605
-244.2,245.76,0.0,CD8_Tcell,1,571.1678722380665
16.200000000000045,423.99,0.0,other_tissue,0,889.0372404894033
34.559999999999945,-479.23,0.0,other_tissue,0,624.6564176115172
-122.27999999999997,-228.86,0.0,CD8_Tcell,1,919.6525847520188
-264.44,-101.0,0.0,CD8_Tcell,1,454.55780270564964
-46.43000000000001,-302.04999999999995,0.0,CD8_Tcell,1,386.712855183854
157.61,411.76,0.0,CD4_Tcell,1,599.075512971681
116.85000000000002,-156.5,0.0,other_tissue,0,796.8269626489742
460.07000000000005,223.66000000000003,0.0,other_tissue,0,641.4310148552667
74.25999999999999,122.04000000000002,0.0,epithelial_tumor_class1_class2,1,1772.8067684232756
454.65,323.84000000000003,0.0,other_tissue,0,622.3269952867647
-5.569999999999993,-465.1,0.0,other_tissue,0,947.9029806757966
148.51999999999998,-230.35000000000002,0.0,other_tissue,0,622.820630402948
-77.81,179.72000000000003,0.0,other_tissue,0,224.6161253572485
133.01999999999998,-209.95000000000005,0.0,other_tissue,0,975.4484018366953
-437.93,362.26,0.0,other_tissue,0,859.349400120344
-387.45,-300.94000000000005,0.0,epithelial_tumor_class1,1,1347.9499529519376
-355.64,371.84000000000003,0.0,other_tissue,0,610.3316623345719
-331.43,40.129999999999995,0.0,CD4_Tcell,1,571.8172924112029
-12.319999999999993,279.45,0.0,CD4_Tcell,1,537.8635587454307
333.90999999999997,-17.75999999999999,0.0,CD4_Tcell,1,354.511684435538
73.59000000000003,-40.48000000000002,0.0,apCAF,1,523.3631914904297
-69.36000000000001,154.08999999999997,0.0,CD4_Tcell,1,421.4185236150358
88.21000000000004,-81.88,0.0,CD4_Tcell,1,275.64209299574526
8.430000000000007,-272.64,0.0,other_tissue,0,398.16989568958195
-486.48,241.64999999999998,0.0,CD4_Tcell,1,522.0138731381046
72.95000000000005,212.67000000000002,0.0,epithelial_tumor_class1_class2,1,1906.3294928193159
-493.531,-208.16999999999996,0.0,other_tissue,0,934.6886091893639
-420.74,-8.029999999999973,0.0,apCAF,1,812.9368153364667
-340.25,-255.66999999999996,0.0,CD8_Tcell,1,515.5663111861996
222.17999999999995,224.64999999999998,0.0,epithelial_tumor_class1,1,791.1978851301302
87.95000000000005,-145.86,0.0,CD8_Tcell,1,401.1085361837615
-256.11,-318.85,0.0,CD4_Tcell,1,493.98461798838247
-139.99,343.90999999999997,0.0,apCAF,1,500.19039550854575
-41.839999999999975,-172.72000000000003,0.0,CD4_Tcell,1,569.5049394838792
427.59000000000003,-472.04999999999995,0.0,other_tissue,0,671.5275442064388
388.95000000000005,159.51999999999998,0.0,other_tissue,0,413.1820385446102
-227.29000000000002,246.87,0.0,epithelial_tumor_class1_class2,1,1075.7570213372676
-421.72,-140.83000000000004,0.0,other_tissue,0,941.8262005819399
485.73,224.27999999999997,0.0,CD8_Tcell,1,614.1148071559672
-117.45999999999998,-184.98000000000002,0.0,CD4_Tcell,1,851.7659879604707
174.0,-404.82000000000005,0.0,CAF,1,469.41185441503114
219.52999999999997,462.12,0.0,CD4_Tcell,1,511.7512228631971
474.77,226.98000000000002,0.0,CD8_Tcell,1,721.5421088143461
101.51999999999998,-481.15,0.0,CD4_Tcell,1,879.5030125773835
-489.21,-195.84000000000003,0.0,epithelial_tumor_class1,1,3513.9564974981804
285.9,486.48,0.0,other_tissue,0,693.1913036185389
-160.51,183.64,0.0,other_tissue,0,782.6139878368051
14.759999999999991,-354.76,0.0,other_tissue,0,729.5859973829664
1.240000000000009,406.8,0.0,CD4_Tcell,1,844.8754472245587
-491.347,-166.71000000000004,0.0,CD4_Tcell,1,1005.5914733103036
-283.19,398.72,0.0,CD4_Tcell,1,986.374174819244
40.809999999999945,-9.279999999999973,0.0,other_tissue,0,637.6796859148726
-291.37,-270.64,0.0,epithelial_tumor_class1_class2,1,1830.0459346087284
236.95000000000005,-270.98,0.0,epithelial_tumor_class1,1,1701.9095933531685
-260.18,200.01999999999998,0.0,CD4_Tcell,1,509.3725210733524
276.9,317.81,0.0,epithelial_tumor_class1,1,2658.871798801296
-455.17,-74.66999999999996,0.0,other_tissue,0,702.3409082476221
-270.05,-357.89,0.0,CD4_Tcell,1,341.23684250662524
-280.09000000000003,281.83000000000004,0.0,other_tissue,0,469.0614308487345
-155.62,-380.82000000000005,0.0,other_tissue,0,466.06079856168753
94.38,481.25,0.0,other_tissue,0,975.4484018366953
112.02999999999997,-328.34000000000003,0.0,other_tissue,0,484.28773989943585
395.6,-44.85000000000002,0.0,other_tissue,0,628.0195682558349
416.53999999999996,58.610000000000014,0.0,other_tissue,0,975.4484018366953
-420.32,-109.58000000000004,0.0,other_tissue,0,618.6505988297719
387.85,378.36,0.0,other_tissue,0,399.729254724894
324.67999999999995,-360.25,0.0,apCAF,1,798.5739638945684
-44.19999999999999,-132.04999999999995,0.0,other_tissue,0,369.1209052347571
-225.99,-37.91999999999996,0.0,CD8_Tcell,1,691.6016474196364
476.27,-466.80999999999995,0.0,other_tissue,0,531.2541465741593
96.07000000000005,-402.17999999999995,0.0,other_tissue,0,588.9264453856441
360.26,57.70999999999998,0.0,CD4_Tcell,1,469.98166487283686
-395.67,-341.69000000000005,0.0,other_tissue,0,975.4484018366953
488.64,-214.64,0.0,CD8_Tcell,1,372.3152991016681
97.22000000000003,469.01,0.0,other_tissue,0,975.4484018366953
-424.53,201.92000000000002,0.0,other_tissue,0,975.4484018366953
-2.9599999999999795,-89.07000000000005,0.0,CD4_Tcell,1,1005.5914733103036
-182.47000000000003,-20.539999999999964,0.0,CAF,1,663.5674783506241
-179.38,-143.61,0.0,CD8_Tcell,1,287.6512302011334
-161.12,-15.950000000000045,0.0,CD4_Tcell,1,463.2611629374811
-56.19999999999999,-134.70000000000005,0.0,CD4_Tcell,1,417.1382247785053
-177.04000000000002,-122.01999999999998,0.0,CD8_Tcell,1,1086.9627767335605
287.97,388.92,0.0,apCAF,1,515.5663111861996
-285.93,269.9,0.0,CAF,1,355.04486966114325
-123.43,3.2099999999999795,0.0,other_tissue,0,528.21470713567
-109.82999999999998,-66.11000000000001,0.0,CD4_Tcell,1,577.3823989078534
285.45000000000005,397.94,0.0,other_tissue,0,726.787327446028
-266.05,-228.19000000000005,0.0,CD8_Tcell,1,428.1409085315587
-45.99000000000001,-79.57000000000005,0.0,CD4_Tcell,1,448.76457747885587
412.29999999999995,463.46,0.0,CD8_Tcell,1,438.95819856347435
402.41999999999996,194.88,0.0,CD4_Tcell,1,593.2692084199483
-314.13,-81.40999999999997,0.0,CD4_Tcell,1,609.7924847551892
-266.41999999999996,226.05,0.0,other_tissue,0,975.4484018366953
-20.25,159.07,0.0,epithelial_tumor_class1,1,1584.3964538364019
159.0,-29.879999999999995,0.0,other_tissue,0,975.4484018366953
204.75,-295.33000000000004,0.0,epithelial_tumor_class1,1,791.1978851301302
61.83000000000004,-121.27999999999997,0.0,CD8_Tcell,1,376.6367132691287
-359.96000000000004,155.26,0.0,other_tissue,0,756.8839151463761
-154.3,-293.63,0.0,CD8_Tcell,1,343.1295315772965
361.78999999999996,412.74,0.0,CD4_Tcell,1,346.2200562139247
215.86,183.29000000000002,0.0,other_tissue,0,683.9150225163207
-370.91999999999996,-225.48000000000002,0.0,other_tissue,0,975.4484018366953
-14.649999999999977,-99.69000000000005,0.0,CD8_Tcell,1,605.611640143009
173.76999999999998,-354.40999999999997,0.0,CD4_Tcell,1,963.9522241027141
-50.670000000000016,12.990000000000009,0.0,other_tissue,0,328.7926491275459
-223.31,260.15999999999997,0.0,other_tissue,0,337.5426978875091
-273.88,-93.75,0.0,CD8_Tcell,1,433.2708777480444
413.74,184.10000000000002,0.0,other_tissue,0,474.3214185784687
228.22000000000003,166.8,0.0,CD4_Tcell,1,881.7245023160289
103.76999999999998,196.93,0.0,other_tissue,0,975.4484018366953
320.85,56.70999999999998,0.0,CD8_Tcell,1,532.5557855890731
34.50999999999999,319.57,0.0,other_tissue,0,529.7962977364284
-364.12,-157.98000000000002,0.0,CD8_Tcell,1,321.282798880189
-147.07,-483.83000000000004,0.0,other_tissue,0,549.411480340813
-110.30000000000001,160.35000000000002,0.0,epithelial_tumor_class1,1,1149.7891244219873
-214.67000000000002,309.39,0.0,other_tissue,0,975.4484018366953
352.74,12.620000000000005,0.0,epithelial_tumor_class1,1,1232.338065011108
236.35000000000002,-419.28,0.0,epithelial_tumor_class1,1,1608.4407536027816
-168.45999999999998,139.89999999999998,0.0,CD4_Tcell,1,388.8086578179765
-314.47,-260.5,0.0,CD4_Tcell,1,283.7494110409053
142.13,388.27,0.0,other_tissue,0,975.4484018366953
374.47,-481.89,0.0,other_tissue,0,601.8980078138569
348.15,495.574,0.0,other_tissue,0,739.2698578832911
277.83000000000004,215.66000000000003,0.0,other_tissue,0,761.8348432795068
-132.25,-221.60000000000002,0.0,CD8_Tcell,1,316.16072388025225
-388.97,-241.80999999999995,0.0,other_tissue,0,932.355911302418
26.299999999999955,-245.0,0.0,apCAF,1,640.3346132683909
123.76999999999998,-275.97,0.0,other_tissue,0,310.76045372976716
253.34000000000003,-340.01,0.0,other_tissue,0,693.7406786184026
188.33000000000004,-392.27,0.0,CD4_Tcell,1,327.4697806331598
-152.29000000000002,-9.889999999999986,0.0,CD4_Tcell,1,410.41161887016654
159.35000000000002,-404.08000000000004,0.0,CD8_Tcell,1,420.8751025961022
394.28,-213.73000000000002,0.0,other_tissue,0,932.2405321431462
-240.89999999999998,227.77999999999997,0.0,CD4_Tcell,1,708.4723453598407
491.37,383.4,0.0,other_tissue,0,975.4484018366953
-235.04000000000002,406.15,0.0,other_tissue,0,913.811123602725
230.76999999999998,-385.73,0.0,epithelial_tumor_class1,1,2711.046281594497
40.210000000000036,-309.99,0.0,CD4_Tcell,1,592.177260306461
-246.14,-385.78,0.0,CAF,1,885.2643682100776
-341.7,-41.92999999999995,0.0,CD4_Tcell,1,372.27775848739526
491.87,238.87,0.0,other_tissue,0,695.8081666145033
-15.550000000000011,-221.71000000000004,0.0,CD8_Tcell,1,805.3572460096501
110.65999999999997,111.0,0.0,CD8_Tcell,1,472.32417533497227
135.76999999999998,405.42,0.0,other_tissue,0,975.4484018366953
-275.55,2.6299999999999955,0.0,CD4_Tcell,1,578.2043232949397
411.96000000000004,-259.75,0.0,other_tissue,0,294.8221761449693
-143.64999999999998,-471.65,0.0,apCAF,1,370.51619473543633
-192.51,-417.4,0.0,epithelial_tumor_class1,1,1649.008044786041
487.99,63.379999999999995,0.0,other_tissue,0,946.0842013151246
-219.49,33.160000000000025,0.0,CD4_Tcell,1,768.9159877924261
-278.24,191.66000000000003,0.0,CD4_Tcell,1,953.1156796205389
-236.85000000000002,75.64999999999998,0.0,other_tissue,0,696.5869074499569
374.48,-99.12,0.0,other_tissue,0,368.9591792497952
-256.72,-152.22000000000003,0.0,CD8_Tcell,1,450.59539845506623
-209.55,-13.009999999999991,0.0,other_tissue,0,676.6023192086476
170.70000000000005,454.07,0.0,CD4_Tcell,1,540.8596045872697
-245.62,83.50999999999999,0.0,other_tissue,0,834.8667094636053
-67.93,-1.0400000000000205,0.0,CD8_Tcell,1,418.09740095001297
357.30999999999995,-23.610000000000014,0.0,CD8_Tcell,1,440.3702680008505
-321.43,-198.70000000000005,0.0,CD4_Tcell,1,777.0214216088318
157.91999999999996,-166.63,0.0,epithelial_tumor_class1_class2,1,1487.052811351439
-256.71000000000004,-50.190000000000055,0.0,CD8_Tcell,1,685.3237103396502
-487.51,-313.5,0.0,other_tissue,0,521.1834726432825
205.98000000000002,-257.26,0.0,other_tissue,0,898.009794565269
-334.34000000000003,25.410000000000025,0.0,CD4_Tcell,1,822.3028586767713
-209.89999999999998,87.99000000000001,0.0,epithelial_tumor_class1,1,2304.034791232313
431.20000000000005,101.82,0.0,other_tissue,0,739.0919492065593
428.23,19.680000000000007,0.0,other_tissue,0,264.64912409001374
57.809999999999945,148.37,0.0,other_tissue,0,975.4484018366953
-486.14,2.6200000000000045,0.0,other_tissue,0,941.3151717267923
38.65999999999997,-39.200000000000045,0.0,CD8_Tcell,1,1086.5257196131824
160.03999999999996,-124.13,0.0,CD4_Tcell,1,330.55815573126483
163.41999999999996,338.0,0.0,other_tissue,0,452.9586562316228
379.34000000000003,163.45999999999998,0.0,CD4_Tcell,1,409.86436192418773
408.02,360.14,0.0,other_tissue,0,567.6131369503717
-52.47000000000003,56.81,0.0,CD8_Tcell,1,1086.9627767335605
-419.44,98.57999999999998,0.0,other_tissue,0,382.46742347708937
65.76999999999998,-22.269999999999982,0.0,other_tissue,0,975.4484018366953
370.44000000000005,112.47000000000003,0.0,CAF,1,519.150371451342
-408.39,-490.08000000000004,0.0,epithelial_tumor_class1,1,1859.5422960161115
-334.44,216.7,0.0,other_tissue,0,510.1748929728391
-92.63,333.51,0.0,CD8_Tcell,1,641.6648358740182
-371.90999999999997,-9.699999999999989,0.0,CD4_Tcell,1,998.1127838773363
309.1,197.68,0.0,other_tissue,0,386.1740554764238
425.36,122.13,0.0,other_tissue,0,684.1590566394747
143.94000000000005,-192.65999999999997,0.0,other_tissue,0,405.146245749885
494.95000000000005,205.41000000000003,0.0,other_tissue,0,975.4484018366953
382.28,254.16,0.0,other_tissue,0,511.689344919264
-147.31,-98.87,0.0,other_tissue,0,512.8348945496225
-374.39,-123.13,0.0,CD8_Tcell,1,502.4640309838228
89.64999999999998,-310.75,0.0,CD8_Tcell,1,1086.9627767335605
-491.999,424.27,0.0,CAF,1,663.1260850072994
-411.36,69.17000000000002,0.0,CD4_Tcell,1,316.7670839613104
46.97000000000003,-113.17999999999995,0.0,other_tissue,0,448.1695681724792
-381.62,207.20999999999998,0.0,other_tissue,0,390.3047520340522
325.4,341.11,0.0,CD8_Tcell,1,472.5295145382184
-46.19,-68.15999999999997,0.0,CD4_Tcell,1,702.6084157321782
161.15999999999997,-243.15999999999997,0.0,other_tissue,0,555.8923839814219
-142.22000000000003,-24.519999999999982,0.0,CD4_Tcell,1,705.3255454122294
431.65999999999997,196.25,0.0,CD4_Tcell,1,513.4548218256255
278.08000000000004,230.66000000000003,0.0,CD8_Tcell,1,524.6676436013771
405.28,351.19,0.0,CD4_Tcell,1,559.6443418482868
-356.31,421.72,0.0,other_tissue,0,547.6777601283023
-215.37,-195.52999999999997,0.0,CD8_Tcell,1,304.57841425449834
-359.49,11.819999999999993,0.0,apCAF,1,358.03571230436023
-259.6,-93.00999999999999,0.0,CD8_Tcell,1,533.1756031589606
-19.30000000000001,-42.23000000000002,0.0,CD8_Tcell,1,344.9697356388744
-286.44,-103.90999999999997,0.0,CD4_Tcell,1,506.98582770869155
-365.01,44.47000000000003,0.0,other_tissue,0,432.93868204549904
343.28999999999996,410.37,0.0,other_tissue,0,307.1249393696959
-175.26,-31.870000000000005,0.0,CD8_Tcell,1,393.0489003944805
291.6,355.11,0.0,CAF,1,1106.8889877164543
289.58000000000004,-335.96000000000004,0.0,CD8_Tcell,1,585.5859968244115
171.26999999999998,185.57,0.0,other_tissue,0,975.4484018366953
-490.461,-285.98,0.0,other_tissue,0,892.9553423254206
61.700000000000045,283.11,0.0,other_tissue,0,975.4484018366953
328.52,-139.22000000000003,0.0,CD4_Tcell,1,539.3361627044252
132.01999999999998,392.49,0.0,epithelial_tumor_class1,1,1902.540140704551
484.04999999999995,235.06,0.0,CD8_Tcell,1,1086.9627767335605
-111.13999999999999,-225.21000000000004,0.0,CD8_Tcell,1,436.96409914419536
-287.03,-184.45000000000005,0.0,CD4_Tcell,1,547.0467515351054
-26.129999999999995,-395.38,0.0,other_tissue,0,566.7516026462616
-155.16000000000003,175.68,0.0,CD8_Tcell,1,391.7787858959729
256.78999999999996,-352.0,0.0,CD8_Tcell,1,655.6523172927822
-97.49000000000001,106.23000000000002,0.0,other_tissue,0,524.4002903585448
-37.379999999999995,-86.54999999999995,0.0,apCAF,1,143.93936869008613
-412.65,27.54000000000002,0.0,other_tissue,0,752.514474213356
138.02999999999997,232.39999999999998,0.0,other_tissue,0,354.39058046786397
227.05999999999995,415.24,0.0,other_tissue,0,453.71492689434376
91.04999999999995,389.31,0.0,CD4_Tcell,1,1005.5914733103036
-242.22000000000003,-89.10000000000002,0.0,CD4_Tcell,1,1005.5914733103036
-80.13,-184.26999999999998,0.0,other_tissue,0,718.123987039639
236.74,-428.78999999999996,0.0,other_tissue,0,975.4484018366953
-202.43,-151.23000000000002,0.0,CD4_Tcell,1,488.1301285102019
-294.03999999999996,81.22000000000003,0.0,CAF,1,648.3617023046356
182.57000000000005,338.11,0.0,CD8_Tcell,1,724.1908009469928
262.58000000000004,495.165,0.0,CD8_Tcell,1,430.2596649376234
199.55999999999995,-484.02,0.0,CAF,1,402.39872479458023
-15.95999999999998,116.66000000000003,0.0,CD8_Tcell,1,313.69836594062446
-26.089999999999975,273.06,0.0,apCAF,1,553.5905888919177
-335.83000000000004,-280.03999999999996,0.0,CD8_Tcell,1,1086.9627767335605
-219.95999999999998,-94.46000000000004,0.0,CD8_Tcell,1,497.4680630798525
-488.54,107.49000000000001,0.0,other_tissue,0,368.5364269484108
-139.93,-68.10000000000002,0.0,CD4_Tcell,1,298.8894729966935
23.559999999999945,480.33,0.0,CD4_Tcell,1,318.00465907729625
492.07000000000005,-21.92999999999995,0.0,mesenchymal_tumor_class1,1,1190.2471859904879
-17.80000000000001,21.19999999999999,0.0,CD4_Tcell,1,1005.5914733103036
-393.28,-397.76,0.0,other_tissue,0,462.422018008406
-442.42,-14.389999999999986,0.0,CD4_Tcell,1,382.7987700503102
409.80999999999995,77.17000000000002,0.0,other_tissue,0,975.4484018366953
-212.98000000000002,-205.39999999999998,0.0,CD8_Tcell,1,564.9650486063608
322.90999999999997,317.15999999999997,0.0,CD8_Tcell,1,775.5509122777905
336.32000000000005,55.64999999999998,0.0,CD4_Tcell,1,366.3656038018585
-164.04000000000002,390.85,0.0,other_tissue,0,460.61696262421935
106.60000000000002,-339.02,0.0,apCAF,1,198.00848181297255
-211.37,-180.51,0.0,CD8_Tcell,1,435.1704156245392
-3.5,-286.65,0.0,other_tissue,0,383.24511564125055
306.03999999999996,190.13,0.0,other_tissue,0,247.88280006710227
-17.25999999999999,171.08999999999997,0.0,other_tissue,0,705.3255454122294
443.17999999999995,321.0,0.0,CD4_Tcell,1,643.8258674397889
213.85000000000002,5.399999999999977,0.0,other_tissue,0,703.7939082418656
40.110000000000014,-285.87,0.0,CD8_Tcell,1,862.6538570469373
111.77999999999997,431.42,0.0,epithelial_tumor_class1,1,1906.3294928193159
-149.74,-116.61000000000001,0.0,CD8_Tcell,1,340.2341883715919
123.89999999999998,-152.64,0.0,CD4_Tcell,1,320.70467362082377
-217.49,390.44,0.0,apCAF,1,720.3950553804227
-212.02999999999997,217.62,0.0,CAF,1,464.14480656882836
-169.36,124.75999999999999,0.0,CD4_Tcell,1,331.61121960642396
-220.14,-245.28999999999996,0.0,CD4_Tcell,1,394.84207902088804
267.53,82.62,0.0,other_tissue,0,421.1059994115104
-12.230000000000018,-233.46000000000004,0.0,CD4_Tcell,1,1005.5914733103036
-94.74000000000001,-62.799999999999955,0.0,CD4_Tcell,1,1005.5914733103036
431.79999999999995,-447.89,0.0,CD4_Tcell,1,567.1325582951943
-297.26,58.81999999999999,0.0,other_tissue,0,975.4484018366953
127.62,-140.59000000000003,0.0,other_tissue,0,590.2015209639696
392.25,193.95,0.0,CD4_Tcell,1,1005.5914733103036
-97.75,352.4,0.0,other_tissue,0,573.8185955301144
365.84000000000003,303.99,0.0,other_tissue,0,389.2467713979144
215.27999999999997,118.0,0.0,epithelial_tumor_class1,1,1487.052811351439
-48.620000000000005,-192.61,0.0,epithelial_tumor_class1,1,1627.0675551260051
-32.410000000000025,322.45,0.0,CD8_Tcell,1,237.96140935895687
-249.35,289.65,0.0,CD4_Tcell,1,1003.7501855365691
-13.689999999999998,188.27999999999997,0.0,other_tissue,0,653.7744769142053
333.9,200.01999999999998,0.0,other_tissue,0,425.8101116497427
-429.82,105.44,0.0,CD4_Tcell,1,350.8063539616638
-48.5,482.04,0.0,CD8_Tcell,1,719.2298077678938
-109.24000000000001,-211.78999999999996,0.0,CD4_Tcell,1,688.9764862712935
144.24,19.80000000000001,0.0,other_tissue,0,325.39489574054346
-63.69,-458.57000000000005,0.0,CAF,1,791.5184868621967
182.45000000000005,307.63,0.0,CD8_Tcell,1,398.6150122543527
29.08000000000004,384.2,0.0,CD4_Tcell,1,813.1263847446428
-373.96,-55.309999999999945,0.0,CD8_Tcell,1,360.50412888216323
97.83000000000004,394.09000000000003,0.0,other_tissue,0,352.98778941068804
189.94000000000005,-471.42999999999995,0.0,other_tissue,0,626.159496840913
89.5,-13.830000000000041,0.0,CD4_Tcell,1,842.1771092387571
319.97,129.76999999999998,0.0,CD8_Tcell,1,1086.9627767335605
-29.80000000000001,88.22000000000003,0.0,epithelial_tumor_class1,1,1495.6378286984764
-319.27,-456.05999999999995,0.0,CD8_Tcell,1,402.1220232504263
383.87,220.38,0.0,other_tissue,0,537.8635587454307
-28.220000000000027,168.86,0.0,other_tissue,0,653.5741430244623
219.39999999999998,14.100000000000023,0.0,CD4_Tcell,1,869.6185646464957
-266.06,67.63,0.0,CD4_Tcell,1,540.5225970892601
166.44000000000005,490.576,0.0,other_tissue,0,975.4484018366953
91.90999999999997,24.589999999999975,0.0,other_tissue,0,975.4484018366953
-38.25999999999999,424.15999999999997,0.0,other_tissue,0,975.4484018366953
-453.63,427.56,0.0,other_tissue,0,633.8002719087738
-475.87,-50.370000000000005,0.0,other_tissue,0,906.8159634691198
-248.6,274.78,0.0,other_tissue,0,598.1480896274292
321.75,26.29000000000002,0.0,CD4_Tcell,1,597.5989573509645
251.53999999999996,-283.12,0.0,CD8_Tcell,1,363.43930252276266
44.42999999999995,281.48,0.0,CD4_Tcell,1,527.9619451151898
-479.17,160.76,0.0,other_tissue,0,975.4484018366953
-78.80000000000001,-280.0,0.0,CD8_Tcell,1,403.3747800152776
189.21000000000004,89.0,0.0,epithelial_tumor_class1,1,1840.484605295524
-171.99,-288.91999999999996,0.0,CD4_Tcell,1,374.2206619121689
-370.16999999999996,-333.35,0.0,other_tissue,0,599.5223918325476
-185.57999999999998,-62.289999999999964,0.0,CD4_Tcell,1,628.2678557464117
37.539999999999964,-214.28999999999996,0.0,CD8_Tcell,1,665.5008772742352
-455.63,164.99,0.0,CD4_Tcell,1,443.3299996909219
405.14,160.24,0.0,CD8_Tcell,1,614.831346206863
-238.95999999999998,208.05,0.0,CD4_Tcell,1,560.6137309612774
-341.95,-114.38,0.0,CD8_Tcell,1,331.5069709178855
-334.13,-157.63,0.0,CD4_Tcell,1,409.5309075424318
105.88,483.12,0.0,other_tissue,0,975.4484018366953
378.27,93.16000000000003,0.0,CD4_Tcell,1,408.505004517779
-192.25,-456.14,0.0,CD8_Tcell,1,419.7083297538164
174.07000000000005,292.40999999999997,0.0,apCAF,1,314.7041429606796
-6.699999999999989,222.31,0.0,CD4_Tcell,1,289.0971530387171
365.84000000000003,350.93,0.0,other_tissue,0,452.88735335478515
80.64999999999998,46.20999999999998,0.0,CD8_Tcell,1,379.68405073435605
412.71000000000004,150.35000000000002,0.0,other_tissue,0,715.528804028184
-163.82999999999998,-490.49,0.0,other_tissue,0,862.0404714466359
141.21000000000004,185.29000000000002,0.0,epithelial_tumor_class1,1,2021.2033362953937
-238.11,-240.87,0.0,epithelial_tumor_class1_class2,1,1430.6063109113359
314.23,116.07,0.0,other_tissue,0,443.48466113371285
362.03999999999996,-8.029999999999973,0.0,other_tissue,0,959.4055094066696
440.78999999999996,231.57999999999998,0.0,other_tissue,0,712.785516222164
322.26,139.43,0.0,CD8_Tcell,1,553.5416836895937
-172.06,-14.710000000000036,0.0,CD4_Tcell,1,327.32046259352546
441.89,265.12,0.0,other_tissue,0,468.7111817237682
-269.65,-463.66999999999996,0.0,other_tissue,0,286.05264562706975
-332.59000000000003,-117.14999999999998,0.0,CD4_Tcell,1,588.824518748976
-236.47000000000003,-275.09000000000003,0.0,other_tissue,0,749.4778629242326
452.35,43.920000000000016,0.0,other_tissue,0,975.4484018366953
-135.54000000000002,-296.9,0.0,CD8_Tcell,1,682.658228386665
384.35,423.9,0.0,CD8_Tcell,1,406.80340104113236
181.40999999999997,-274.79999999999995,0.0,other_tissue,0,975.4484018366953
-201.82,-6.819999999999993,0.0,other_tissue,0,447.1224985367221
414.29999999999995,233.99,0.0,other_tissue,0,332.1791792314755
419.20000000000005,180.07,0.0,CD8_Tcell,1,538.2154589987266
-326.35,-26.549999999999955,0.0,CD4_Tcell,1,363.7595676074024
-211.58999999999997,263.90999999999997,0.0,other_tissue,0,614.5691331546291
390.6,12.180000000000007,0.0,CD4_Tcell,1,420.1286617708808
147.01999999999998,-328.53999999999996,0.0,epithelial_tumor_class1_class2,1,1234.618523932436
34.17999999999995,-4.420000000000016,0.0,other_tissue,0,402.18789306146874
107.69000000000005,74.42000000000002,0.0,other_tissue,0,402.8997454298151
458.58000000000004,185.76999999999998,0.0,CD4_Tcell,1,527.2199230331221
284.70000000000005,-478.55999999999995,0.0,CD4_Tcell,1,469.8501292471846
-242.57999999999998,412.01,0.0,other_tissue,0,555.8269970574083
208.20000000000005,-487.40999999999997,0.0,CAF,1,608.142144188316
91.26999999999998,-112.15999999999997,0.0,CD4_Tcell,1,299.0300149392309
-467.52,-428.44000000000005,0.0,CD4_Tcell,1,575.1052212958073
-365.65999999999997,-398.27,0.0,CAF,1,866.8897531869009
-239.79000000000002,396.58,0.0,apCAF,1,193.1125341220632
384.29999999999995,314.31,0.0,apCAF,1,483.5276482868089
-28.069999999999993,-13.549999999999955,0.0,epithelial_tumor_class1_class2,1,1987.989909885007
307.6,39.79000000000002,0.0,other_tissue,0,596.6216481808502
-289.07,470.52,0.0,CD4_Tcell,1,457.6955715562528
164.25,408.26,0.0,other_tissue,0,975.4484018366953
430.20000000000005,131.18,0.0,other_tissue,0,314.87198118833567
472.02,56.52999999999997,0.0,epithelial_tumor_class1,1,1906.5897307366151
-474.3,-217.52999999999997,0.0,other_tissue,0,975.4484018366953
468.36,122.04000000000002,0.0,other_tissue,0,975.4484018366953
408.59000000000003,122.77999999999997,0.0,CD4_Tcell,1,732.1364691510123
100.34000000000003,449.74,0.0,other_tissue,0,975.4484018366953
238.41999999999996,150.72000000000003,0.0,other_tissue,0,811.0217127844077
-284.64,160.2,0.0,other_tissue,0,773.6746295812158
442.59000000000003,473.03,0.0,CD4_Tcell,1,499.8705027692557
-188.42000000000002,21.720000000000027,0.0,CD8_Tcell,1,526.8570593441315
-65.32,-88.38999999999999,0.0,other_tissue,0,349.48502065586933
-39.370000000000005,163.3,0.0,epithelial_tumor_class1,1,2428.0120774731536
-67.25999999999999,-45.879999999999995,0.0,other_tissue,0,568.8738723351626
-461.23,326.47,0.0,other_tissue,0,975.4484018366953
-405.34000000000003,-193.48000000000002,0.0,CD8_Tcell,1,772.7172628426722
-467.47,-179.35000000000002,0.0,epithelial_tumor_class1_class2,1,1323.083762244398
453.40999999999997,482.24,0.0,CD4_Tcell,1,601.1398848576381
-167.25,-89.62,0.0,CD4_Tcell,1,684.215380449016
-280.19,176.23000000000002,0.0,CD4_Tcell,1,842.7163165297617
-405.7,276.96000000000004,0.0,other_tissue,0,693.7975270760595
-255.15,-414.16999999999996,0.0,other_tissue,0,752.2944446419172
-172.13,-269.27,0.0,CD4_Tcell,1,458.85976410187635
415.97,412.11,0.0,CAF,1,378.30376654507245
292.03999999999996,131.18,0.0,other_tissue,0,844.9402780599526
308.74,280.5,0.0,other_tissue,0,883.882918437335
392.13,302.07,0.0,other_tissue,0,544.9146268008767
236.26,236.11,0.0,other_tissue,0,320.7273321237147
83.53999999999996,-178.20000000000005,0.0,other_tissue,0,538.663553991844
-103.05000000000001,471.01,0.0,other_tissue,0,533.6208968449781
336.15,375.01,0.0,CD4_Tcell,1,648.271139718891
-133.83999999999997,-212.22000000000003,0.0,other_tissue,0,975.4484018366953
-205.81,-304.76,0.0,CD4_Tcell,1,636.0509133430845
316.51,-73.03999999999996,0.0,CD4_Tcell,1,433.2293439954395
302.1,-80.49000000000001,0.0,other_tissue,0,329.91122585554484
20.879999999999995,-183.70000000000005,0.0,CAF,1,1106.8889877164543
31.539999999999964,-64.24000000000001,0.0,other_tissue,0,690.165482849056
-428.57,-178.22000000000003,0.0,CD4_Tcell,1,833.024336283305
314.71000000000004,470.95,0.0,other_tissue,0,975.4484018366953
-296.18,-243.58000000000004,0.0,CD4_Tcell,1,720.4922161185847
58.85000000000002,-301.37,0.0,CD8_Tcell,1,367.97739855280895
480.74,145.75,0.0,CD4_Tcell,1,1005.5914733103036
-45.860000000000014,282.6,0.0,other_tissue,0,605.2482420202069
-87.94999999999999,-277.85,0.0,CD4_Tcell,1,862.960658930662
-57.48000000000002,-291.38,0.0,other_tissue,0,586.9070962213971
392.16999999999996,228.23000000000002,0.0,CD4_Tcell,1,590.5758919319949
-14.860000000000014,-31.090000000000032,0.0,CD8_Tcell,1,1086.9627767335605
-262.4,-108.57000000000005,0.0,CD4_Tcell,1,427.4956632512116
233.76,-397.82000000000005,0.0,other_tissue,0,975.4484018366953
-27.360000000000014,335.38,0.0,other_tissue,0,367.03454583752324
-289.39,-10.009999999999991,0.0,other_tissue,0,470.94700965113134
-306.13,96.37,0.0,CD4_Tcell,1,934.503699313045
-244.3,-113.09000000000003,0.0,CD4_Tcell,1,355.9427954274712
-484.2,-185.36,0.0,epithelial_tumor_class1,1,1453.2273890256004
294.16999999999996,-132.20000000000005,0.0,other_tissue,0,522.484301857301
-31.29000000000002,200.17000000000002,0.0,epithelial_tumor_class1,1,2115.4791183198745
-61.410000000000025,-109.96000000000004,0.0,CD4_Tcell,1,533.0961125065048
-161.95999999999998,-459.4,0.0,CD4_Tcell,1,312.54994228482553
328.80999999999995,334.57,0.0,other_tissue,0,407.919544191989
-428.61,366.22,0.0,CD8_Tcell,1,312.8841448109877
-53.56999999999999,-219.26999999999998,0.0,other_tissue,0,331.58805134273996
290.19000000000005,-484.47,0.0,CD8_Tcell,1,812.7051594084437
418.49,-68.75,0.0,other_tissue,0,975.4484018366953
-185.39,-278.71000000000004,0.0,CD8_Tcell,1,451.7332890315601
-488.76,-455.17999999999995,0.0,other_tissue,0,739.329167119334
191.15999999999997,-377.9,0.0,CD8_Tcell,1,461.5116818180708
457.09000000000003,298.84000000000003,0.0,other_tissue,0,519.3534432170577
-304.06,4.399999999999977,0.0,CD8_Tcell,1,650.4288183249282
-114.44999999999999,-75.10000000000002,0.0,CD4_Tcell,1,536.0904011622491
104.63,-429.72,0.0,other_tissue,0,869.7948133733508
151.46000000000004,-192.24,0.0,CD8_Tcell,1,621.2348744563558
-318.94,157.45999999999998,0.0,CD8_Tcell,1,591.9897167653054
409.13,484.11,0.0,other_tissue,0,457.37971151613567
113.13999999999999,-280.53999999999996,0.0,CD8_Tcell,1,1086.9627767335605
-237.13,-286.21000000000004,0.0,CD8_Tcell,1,760.9275771095024
-116.29000000000002,-3.0500000000000114,0.0,epithelial_tumor_class1_class2,1,2054.9409774685614
326.41999999999996,-62.799999999999955,0.0,CAF,1,396.0927189371179
200.53999999999996,283.46000000000004,0.0,other_tissue,0,567.1988288727614
-130.35000000000002,473.93,0.0,other_tissue,0,231.15627357501012
-277.39,446.47,0.0,other_tissue,0,547.4835519844426
-219.91000000000003,-49.139999999999986,0.0,apCAF,1,515.5663111861996
144.63,31.910000000000025,0.0,other_tissue,0,522.6882420424816
-140.48000000000002,216.8,0.0,other_tissue,0,567.6794449596441
372.42999999999995,-176.10000000000002,0.0,other_tissue,0,851.3966813039413
164.59000000000003,-341.41999999999996,0.0,CD8_Tcell,1,360.01443553642576
-337.69,247.88,0.0,other_tissue,0,777.225805908489
191.35000000000002,106.52999999999997,0.0,CD8_Tcell,1,728.8415952270324
-73.88999999999999,11.04000000000002,0.0,CD4_Tcell,1,427.3310237318921
477.23,450.23,0.0,other_tissue,0,325.8297778987131
-204.37,-55.07000000000005,0.0,apCAF,1,606.338872707361
317.90999999999997,-136.14,0.0,other_tissue,0,327.3434316446097
-339.6,182.33999999999997,0.0,other_tissue,0,889.7528353764869
365.92999999999995,20.129999999999995,0.0,CD4_Tcell,1,1005.5914733103036
25.379999999999995,-56.559999999999945,0.0,other_tissue,0,438.5253973429316
-34.31999999999999,-102.66999999999996,0.0,CD8_Tcell,1,768.2059071097912
-205.36,-214.46000000000004,0.0,CD8_Tcell,1,685.2297376941113
446.15999999999997,68.95999999999998,0.0,other_tissue,0,975.4484018366953
275.94000000000005,51.79000000000002,0.0,other_tissue,0,975.4484018366953
397.66999999999996,-53.299999999999955,0.0,other_tissue,0,644.0422370688432
101.25,-309.79999999999995,0.0,other_tissue,0,753.6753396522522
-241.13,-122.38999999999999,0.0,other_tissue,0,975.4484018366953
-24.689999999999998,-68.76999999999998,0.0,other_tissue,0,423.7469228815782
253.26999999999998,88.56,0.0,other_tissue,0,824.3207007177032
237.58000000000004,-122.96000000000004,0.0,other_tissue,0,406.57776293067684
-479.22,-23.799999999999955,0.0,other_tissue,0,975.4484018366953
-92.25,-119.58000000000004,0.0,epithelial_tumor_class1,1,1040.2038710443696
167.72000000000003,-440.20000000000005,0.0,CAF,1,1023.3657908187403
-394.33,165.72000000000003,0.0,CD4_Tcell,1,351.66098064965115
-2.3799999999999955,355.36,0.0,other_tissue,0,767.5976145844744
255.88,153.95,0.0,CD4_Tcell,1,695.7322229877047
237.57000000000005,115.74000000000001,0.0,other_tissue,0,975.4484018366953
11.29000000000002,-95.98000000000002,0.0,other_tissue,0,975.4484018366953
306.30999999999995,-417.72,0.0,CD4_Tcell,1,620.1792005978446
-118.36000000000001,149.29000000000002,0.0,other_tissue,0,975.4484018366953
24.370000000000005,-18.17999999999995,0.0,CD8_Tcell,1,847.2547470600687
14.100000000000023,-105.25999999999999,0.0,CD4_Tcell,1,486.03448842939645
-465.14,-241.39,0.0,CD4_Tcell,1,759.5378351009521
-312.76,-148.95000000000005,0.0,CD4_Tcell,1,547.3217469399802
-17.110000000000014,107.70999999999998,0.0,CD8_Tcell,1,469.79167684775155
-223.43,-389.75,0.0,other_tissue,0,442.47298424208776
61.07000000000005,176.75,0.0,other_tissue,0,633.746750019021
-185.73000000000002,-477.13,0.0,other_tissue,0,860.8145726732503
-147.75,50.879999999999995,0.0,CD8_Tcell,1,697.3852442106197
-216.76999999999998,229.17000000000002,0.0,CAF,1,993.1462581176163
129.69000000000005,164.35000000000002,0.0,other_tissue,0,975.4484018366953
-280.53,304.47,0.0,other_tissue,0,440.52424035482125
205.61,-111.11000000000001,0.0,other_tissue,0,737.9066207425165
424.51,278.69,0.0,apCAF,1,464.14480656882836
314.05999999999995,148.07999999999998,0.0,CD4_Tcell,1,332.46920422578523
-428.61,-365.87,0.0,other_tissue,0,552.5967491552263
-316.02,-137.76,0.0,apCAF,1,676.1737911700429
381.74,117.36000000000001,0.0,CD4_Tcell,1,304.47991130644544
306.95000000000005,-93.45000000000005,0.0,other_tissue,0,563.8586127032868
-340.77,-289.0,0.0,other_tissue,0,564.7337335309885
377.99,126.94999999999999,0.0,apCAF,1,277.7365820405155
-131.07999999999998,396.36,0.0,other_tissue,0,822.3453055916516
-426.15,127.92000000000002,0.0,other_tissue,0,354.49957279743785
-312.7,-119.45000000000005,0.0,CD4_Tcell,1,1001.3281069069676
-457.96,-194.19000000000005,0.0,CD8_Tcell,1,303.8346956713104
-458.27,155.77999999999997,0.0,other_tissue,0,829.1556429753974
-334.15,169.83999999999997,0.0,other_tissue,0,795.3315624701023
12.789999999999964,-458.01,0.0,other_tissue,0,765.0665187546214
-298.72,-281.14,0.0,CD8_Tcell,1,467.38473769013433
36.65999999999997,-184.34000000000003,0.0,CAF,1,558.0694202558657
-377.32,-345.01,0.0,other_tissue,0,512.5406039771203
-278.13,314.36,0.0,other_tissue,0,951.1733003113055
-441.85,-234.42999999999995,0.0,other_tissue,0,484.4667006719679
292.15,-343.88,0.0,other_tissue,0,611.0452561870061
-38.06,190.76999999999998,0.0,other_tissue,0,933.879808529094
-323.99,-363.80999999999995,0.0,other_tissue,0,341.33131124853537
423.87,475.47,0.0,CD8_Tcell,1,453.8434337648682
-78.73000000000002,78.14999999999998,0.0,CAF,1,452.88735335478515
-252.4,-299.16999999999996,0.0,other_tissue,0,416.4501451752848
-59.98000000000002,-336.95000000000005,0.0,epithelial_tumor_class1,1,791.1978851301302
422.03,200.10000000000002,0.0,CD8_Tcell,1,1086.9627767335605
374.78999999999996,84.30000000000001,0.0,CD8_Tcell,1,627.8954490447295
11.850000000000023,455.69,0.0,other_tissue,0,214.99998744760578
-22.079999999999984,418.39,0.0,other_tissue,0,615.6884285948119
-402.23,447.4,0.0,other_tissue,0,757.5066278675911
56.610000000000014,125.19,0.0,other_tissue,0,320.70467362082377
434.04999999999995,167.58999999999997,0.0,CD8_Tcell,1,587.0088014712094
-180.60000000000002,-259.94000000000005,0.0,CD8_Tcell,1,261.19571270693376
-190.89999999999998,-132.58000000000004,0.0,CD8_Tcell,1,706.1305437378642
378.24,39.110000000000014,0.0,other_tissue,0,874.3635332665524
-492.487,-302.26,0.0,other_tissue,0,694.8023619746972
-262.53,-32.42999999999995,0.0,CD8_Tcell,1,531.412769358852
424.95000000000005,338.18,0.0,CD4_Tcell,1,600.9504536392278
-268.68,193.7,0.0,CD4_Tcell,1,405.92786112419105
373.61,300.23,0.0,other_tissue,0,390.7052191469165
110.53999999999996,-43.129999999999995,0.0,other_tissue,0,662.7400264353372
-446.47,-8.439999999999998,0.0,other_tissue,0,425.27659508017746
-356.33000000000004,72.24000000000001,0.0,apCAF,1,663.5674783506241
-376.05,-48.16999999999996,0.0,CD4_Tcell,1,344.76758635964444
131.82000000000005,339.01,0.0,other_tissue,0,629.9010874339475
-306.05,-208.88,0.0,CD8_Tcell,1,411.7216697368386
-160.16000000000003,-474.05999999999995,0.0,other_tissue,0,975.4484018366953
43.190000000000055,-220.44000000000005,0.0,CD8_Tcell,1,952.483531385236
-476.71,-234.49,0.0,other_tissue,0,676.0992830298185
371.45000000000005,370.76,0.0,CD4_Tcell,1,431.8464039556429
-18.25,-14.549999999999955,0.0,epithelial_tumor_class1,1,1995.9138901931274
-54.120000000000005,325.28999999999996,0.0,CD4_Tcell,1,430.46641010143685
367.88,212.10000000000002,0.0,other_tissue,0,435.8789584474545
-133.76,-466.63,0.0,other_tissue,0,607.864485412014
-90.37,-336.77,0.0,CD8_Tcell,1,371.0528189447534
487.09000000000003,-30.379999999999995,0.0,mesenchymal_tumor_class1,1,1103.841161463942
144.78999999999996,321.99,0.0,other_tissue,0,800.8655624229666
134.45000000000005,38.55000000000001,0.0,CD4_Tcell,1,661.3441144894479
-386.09000000000003,-259.79999999999995,0.0,epithelial_tumor_class1,1,3498.1081979748824
-379.22,-199.26999999999998,0.0,other_tissue,0,458.989240556961
-175.12,-339.76,0.0,CD8_Tcell,1,543.7539882134131
-40.98000000000002,228.75,0.0,other_tissue,0,858.9123576203726
-109.99000000000001,8.050000000000011,0.0,CD4_Tcell,1,405.2124453955778
-28.160000000000025,230.61,0.0,other_tissue,0,493.4559583766489
-205.14,438.96,0.0,other_tissue,0,684.9102949564293
-407.47,128.14,0.0,epithelial_tumor_class1,1,1700.5657085369314
186.42999999999995,-336.89,0.0,epithelial_tumor_class1_class2,1,2753.9104387816506
362.22,216.81,0.0,CAF,1,500.19039550854575
-6.300000000000011,-17.91999999999996,0.0,CD8_Tcell,1,682.1147206622301
-234.52999999999997,-113.49000000000001,0.0,other_tissue,0,518.6819463454566
-125.23000000000002,-88.15999999999997,0.0,CD8_Tcell,1,1086.9627767335605
-156.33999999999997,18.95999999999998,0.0,CD8_Tcell,1,327.07935242452135
-15.980000000000018,405.08,0.0,other_tissue,0,975.4484018366953
-90.10000000000002,224.05,0.0,CD4_Tcell,1,437.2565598076847
324.28999999999996,-421.21000000000004,0.0,CD8_Tcell,1,356.21003797653094
-207.02999999999997,-314.30999999999995,0.0,other_tissue,0,298.5329104663516
-247.17,368.34000000000003,0.0,other_tissue,0,733.4925925169208
486.84000000000003,351.2,0.0,CD8_Tcell,1,1086.9627767335605
296.62,245.57,0.0,epithelial_tumor_class1,1,1987.989909885007
-210.75,-67.42999999999995,0.0,CD8_Tcell,1,455.2299926584251
-95.69999999999999,367.51,0.0,CD8_Tcell,1,286.5463105819407
304.51,257.91999999999996,0.0,epithelial_tumor_class1,1,1323.083762244398
-170.47000000000003,66.56,0.0,CD8_Tcell,1,426.15234403053756
220.58000000000004,275.48,0.0,other_tissue,0,452.97291770500834
-281.36,-150.55999999999995,0.0,CD4_Tcell,1,712.3032700975004
-26.610000000000014,363.0,0.0,CD4_Tcell,1,493.41066225418996
-241.32999999999998,271.34000000000003,0.0,CD8_Tcell,1,653.1735980286026
-285.15999999999997,-295.44000000000005,0.0,CD4_Tcell,1,471.0787499037928
268.16999999999996,154.47000000000003,0.0,apCAF,1,143.93936869008613
-191.73000000000002,248.83,0.0,CD8_Tcell,1,1086.9627767335605
-1.3899999999999864,309.61,0.0,CD8_Tcell,1,420.1557895981966
-227.0,-215.76999999999998,0.0,CD8_Tcell,1,408.37189619642083
-397.38,-369.99,0.0,other_tissue,0,975.4484018366953
-238.32999999999998,-314.15999999999997,0.0,CAF,1,805.6293733041293
494.02,-412.41999999999996,0.0,other_tissue,0,442.164167915689
-453.1,-157.48000000000002,0.0,CD4_Tcell,1,802.597576632624
318.11,35.089999999999975,0.0,CAF,1,605.1963398727947
-186.70999999999998,263.43,0.0,CD8_Tcell,1,570.4025216998585
-234.70999999999998,-262.33000000000004,0.0,CD8_Tcell,1,233.80747205605908
17.92999999999995,-127.61000000000001,0.0,CD4_Tcell,1,468.7549533261131
-34.610000000000014,154.18,0.0,other_tissue,0,975.4484018366953
41.82000000000005,29.779999999999973,0.0,other_tissue,0,287.6512302011334
-62.22000000000003,274.98,0.0,CAF,1,564.1722312295284
-244.25,-8.079999999999984,0.0,other_tissue,0,361.33762632311965
228.54999999999995,-484.74,0.0,other_tissue,0,975.4484018366953
-57.73000000000002,372.3,0.0,CD4_Tcell,1,274.2312204456301
-21.610000000000014,432.7,0.0,CD4_Tcell,1,338.7867691684433
415.82000000000005,289.43,0.0,apCAF,1,170.38172926862873
220.47000000000003,423.04,0.0,CD4_Tcell,1,498.72914212101074
89.52999999999997,224.10000000000002,0.0,CD8_Tcell,1,484.4517855906204
42.47000000000003,-346.53999999999996,0.0,other_tissue,0,281.7702314208041
206.37,326.18,0.0,other_tissue,0,393.8018923030234
44.50999999999999,-84.51999999999998,0.0,CD8_Tcell,1,456.4043356609351
-475.31,-430.34000000000003,0.0,other_tissue,0,376.1577135127174
-66.52999999999997,9.819999999999993,0.0,CD8_Tcell,1,564.386879316295
65.55999999999995,189.82,0.0,other_tissue,0,750.0366237224379
446.59000000000003,-377.46000000000004,0.0,other_tissue,0,475.0423909350722
-218.5,20.670000000000016,0.0,CD4_Tcell,1,371.90249112697137
233.83000000000004,-306.80999999999995,0.0,other_tissue,0,438.6091431084704
-298.15,165.25,0.0,CD4_Tcell,1,351.66098064965115
-207.14,-263.55999999999995,0.0,CD4_Tcell,1,420.1015351112821
-43.89999999999998,-283.78,0.0,other_tissue,0,545.4632797574135
368.28999999999996,-243.47000000000003,0.0,CD8_Tcell,1,317.98212899093517
398.0,296.05,0.0,other_tissue,0,520.1818992337445
-492.693,24.389999999999986,0.0,CD4_Tcell,1,403.0844367598963
472.22,341.77,0.0,CD4_Tcell,1,636.0509133430845
-65.30000000000001,-61.23000000000002,0.0,CD4_Tcell,1,937.6504854014426
0.4900000000000091,-67.22000000000003,0.0,other_tissue,0,419.03096580702436
208.39,-148.26999999999998,0.0,other_tissue,0,353.1810573478552
-412.42,-205.35000000000002,0.0,CD8_Tcell,1,817.6214672507681
-241.54000000000002,99.31,0.0,epithelial_tumor_class1_class2,1,2125.7362753423918
134.20000000000005,-220.26,0.0,other_tissue,0,273.68045310546717
-198.47000000000003,422.13,0.0,CD4_Tcell,1,361.4112318327597
-26.129999999999995,24.930000000000007,0.0,CD4_Tcell,1,390.6793742964786
313.17999999999995,67.91000000000003,0.0,CD8_Tcell,1,676.8073313873464
445.99,-155.5,0.0,other_tissue,0,397.777421065442
-210.10000000000002,34.19,0.0,other_tissue,0,345.8386866250731
312.63,220.57,0.0,other_tissue,0,449.95617554577547
-17.939999999999998,-296.07000000000005,0.0,other_tissue,0,393.97079818009746
-312.56,-425.59000000000003,0.0,CD4_Tcell,1,642.3666398558132
-69.63999999999999,41.25999999999999,0.0,CD4_Tcell,1,414.9013707984672
-303.84000000000003,284.76,0.0,apCAF,1,615.7934321638863
-181.14999999999998,-213.51,0.0,other_tissue,0,929.8428032318026
202.54999999999995,-268.53,0.0,other_tissue,0,479.62058321479697
266.94000000000005,308.0,0.0,epithelial_tumor_class1,1,1435.3085083955991
34.82000000000005,241.36,0.0,other_tissue,0,735.5200646563145
-167.04000000000002,-30.25,0.0,CD4_Tcell,1,517.4965306765736
-316.65,76.22000000000003,0.0,CD8_Tcell,1,723.2552295798754
267.98,-199.88,0.0,CD4_Tcell,1,369.9676267225394
247.62,-355.35,0.0,CD8_Tcell,1,598.6975581984691
-170.68,-206.89999999999998,0.0,CD4_Tcell,1,673.6807470194033
-396.23,-235.79999999999995,0.0,other_tissue,0,975.4484018366953
-107.70999999999998,-253.52999999999997,0.0,other_tissue,0,423.78784835727004
-393.72,-164.80999999999995,0.0,CD8_Tcell,1,368.8596790502977
480.03999999999996,-100.32000000000005,0.0,other_tissue,0,614.7614154350683
-246.04,-219.46000000000004,0.0,CD8_Tcell,1,295.8730944304547
149.01999999999998,342.32,0.0,CD4_Tcell,1,610.7144972380166
-109.30000000000001,45.829999999999984,0.0,other_tissue,0,824.5332969669053
-271.59000000000003,-217.04999999999995,0.0,CD8_Tcell,1,1086.9627767335605
306.47,93.81,0.0,CD4_Tcell,1,618.0538975217108
-258.91999999999996,17.360000000000014,0.0,CD8_Tcell,1,762.5208113531454
18.279999999999973,199.19,0.0,other_tissue,0,361.75485637934867
476.33000000000004,205.17000000000002,0.0,other_tissue,0,303.6052627932272
-468.06,-40.139999999999986,0.0,other_tissue,0,777.81872304749
-241.91000000000003,-393.30999999999995,0.0,other_tissue,0,289.3615292368243
300.69000000000005,-472.9,0.0,CD4_Tcell,1,849.7035839553631
393.49,138.2,0.0,other_tissue,0,627.6649853275554
344.02,174.48000000000002,0.0,CD8_Tcell,1,903.2414319094923
214.86,289.89,0.0,other_tissue,0,521.04254876681
-337.72,-268.85,0.0,other_tissue,0,975.4484018366953
427.5,236.22000000000003,0.0,CD8_Tcell,1,660.5735310678876
452.44000000000005,87.81,0.0,other_tissue,0,343.603794857261
-292.74,-151.01999999999998,0.0,CD4_Tcell,1,873.3689756925388
-279.75,-88.88,0.0,CD8_Tcell,1,871.2718314374574
45.289999999999964,-206.75,0.0,CD8_Tcell,1,371.1652011721494
-240.86,376.44,0.0,other_tissue,0,516.9045007434645
-43.129999999999995,207.22000000000003,0.0,other_tissue,0,742.8736955804465
-257.76,-304.40999999999997,0.0,other_tissue,0,666.2199522528657
346.12,293.24,0.0,other_tissue,0,463.68111582710856
-177.19,-169.11,0.0,CD8_Tcell,1,394.26974995578905
76.14999999999998,-129.72000000000003,0.0,other_tissue,0,357.3533993197614
69.70000000000005,379.92,0.0,CD4_Tcell,1,312.4942650114982
202.05999999999995,375.07,0.0,other_tissue,0,757.1249247321658
340.94000000000005,24.470000000000027,0.0,CD8_Tcell,1,597.5474934380278
-33.76999999999998,101.63,0.0,CD4_Tcell,1,878.282785241545
-213.64999999999998,-167.44000000000005,0.0,CD8_Tcell,1,501.8377141248432
190.90999999999997,-139.28999999999996,0.0,CD4_Tcell,1,349.19717137915825
-355.61,-120.77999999999997,0.0,epithelial_tumor_class1,1,2138.794932165213
-433.52,-138.27999999999997,0.0,epithelial_tumor_class1,1,1948.1940902065546
211.17999999999995,-64.92999999999995,0.0,other_tissue,0,975.4484018366953
97.85000000000002,-251.46000000000004,0.0,CD4_Tcell,1,669.4529478926397
158.54999999999995,-361.1,0.0,CD4_Tcell,1,363.5870938084496
411.09000000000003,221.68,0.0,CAF,1,627.1156455917948
348.59000000000003,-462.80999999999995,0.0,CD4_Tcell,1,507.8626462590343
239.74,318.41999999999996,0.0,other_tissue,0,314.98390648600343
447.19000000000005,425.47,0.0,CD4_Tcell,1,389.0405593275147
315.51,-474.85,0.0,other_tissue,0,663.8618493684207
-260.08000000000004,235.41000000000003,0.0,other_tissue,0,808.7737391945498
472.65999999999997,252.52,0.0,other_tissue,0,608.1595006686705
102.44000000000005,28.129999999999995,0.0,other_tissue,0,343.8054890102092
201.97000000000003,-56.17999999999995,0.0,other_tissue,0,396.35360088024214
-47.24000000000001,87.89999999999998,0.0,other_tissue,0,480.8364887279271
-269.07,-83.92999999999995,0.0,CD4_Tcell,1,811.9262760847193
-61.329999999999984,-239.08000000000004,0.0,other_tissue,0,581.482975633199
448.44000000000005,441.12,0.0,CD4_Tcell,1,407.68019901336334
-56.00999999999999,5.670000000000016,0.0,apCAF,1,381.02956158313435
-303.59000000000003,-156.32000000000005,0.0,CD4_Tcell,1,442.1361008314164
385.79999999999995,58.94,0.0,other_tissue,0,349.4490308487451
486.39,307.98,0.0,other_tissue,0,387.54769948019936
-248.36,9.29000000000002,0.0,CD4_Tcell,1,773.6950076729173
-153.66000000000003,-158.70000000000005,0.0,CD8_Tcell,1,379.81085018474556
-88.97000000000003,424.67,0.0,epithelial_tumor_class1,1,1910.2727749173557
-307.39,243.23000000000002,0.0,other_tissue,0,975.4484018366953
-139.48000000000002,273.18,0.0,other_tissue,0,441.88355051918217
-3.730000000000018,-133.19000000000005,0.0,other_tissue,0,378.8985239886176
-386.11,-145.98000000000002,0.0,CD4_Tcell,1,619.6342379919706
33.799999999999955,159.35000000000002,0.0,CD8_Tcell,1,641.7907630324479
287.66999999999996,143.39,0.0,other_tissue,0,330.30390394446374
58.67999999999995,97.26999999999998,0.0,CD4_Tcell,1,435.9067601010268
38.620000000000005,61.97000000000003,0.0,other_tissue,0,429.73620681545214
-174.47000000000003,-52.210000000000036,0.0,CD4_Tcell,1,340.4227730050205
242.33000000000004,387.35,0.0,other_tissue,0,488.9250471385657
320.70000000000005,292.56,0.0,CD4_Tcell,1,348.94543295428485
-453.96,-6.350000000000023,0.0,other_tissue,0,276.5648293844775
-37.44999999999999,-63.0,0.0,CD8_Tcell,1,722.7293249576203
151.86,371.32,0.0,other_tissue,0,555.6472094551194
408.64,343.37,0.0,CD4_Tcell,1,528.1989071464254
-374.4,25.149999999999977,0.0,other_tissue,0,555.1407438976152
-5.360000000000014,-386.37,0.0,CD4_Tcell,1,364.166328782312
-291.55,-253.89,0.0,CD4_Tcell,1,769.058056416745
-79.68,-12.240000000000009,0.0,CD8_Tcell,1,778.6165697068578
-331.47,284.69,0.0,epithelial_tumor_class1,1,1044.8528107703755
107.44000000000005,37.01999999999998,0.0,other_tissue,0,975.4484018366953
-220.16000000000003,-225.65999999999997,0.0,CD8_Tcell,1,729.1549659674721
-419.84000000000003,142.92000000000002,0.0,CAF,1,782.05968504081
-393.63,-95.96000000000004,0.0,other_tissue,0,691.6016474196364
111.61000000000001,-219.89999999999998,0.0,other_tissue,0,671.3421383807063
-199.45999999999998,-78.46000000000004,0.0,other_tissue,0,259.14602046087526
230.23000000000002,-155.36,0.0,CD4_Tcell,1,878.6154625105801
-185.62,291.23,0.0,other_tissue,0,286.3256667454092
22.279999999999973,240.38,0.0,CD8_Tcell,1,486.1391277050109
466.77,16.069999999999993,0.0,other_tissue,0,429.3782959913611
-317.33000000000004,-24.110000000000014,0.0,CD8_Tcell,1,439.2096331281104
-324.48,166.89999999999998,0.0,CD8_Tcell,1,1086.9627767335605
208.38,-236.34000000000003,0.0,other_tissue,0,562.7536223176784
-428.39,316.18,0.0,apCAF,1,627.2219443863994
-299.47,-263.49,0.0,CD4_Tcell,1,457.04964961355887
319.35,-193.78999999999996,0.0,other_tissue,0,975.4484018366953
-328.35,-101.67999999999995,0.0,CD8_Tcell,1,722.9435516111886
119.92999999999995,-168.96000000000004,0.0,CD4_Tcell,1,717.3098974668337
75.92999999999995,225.76,0.0,CD8_Tcell,1,403.1108258422528
283.26,151.64999999999998,0.0,other_tissue,0,550.7588457330403
360.33000000000004,189.39999999999998,0.0,other_tissue,0,800.4902739743286
344.59000000000003,344.23,0.0,other_tissue,0,581.9379173785045
21.879999999999995,-350.53,0.0,other_tissue,0,975.4484018366953
-354.55,-77.95000000000005,0.0,CD4_Tcell,1,726.7286908701955
29.610000000000014,-434.77,0.0,other_tissue,0,647.275507802086
198.65999999999997,-251.46000000000004,0.0,other_tissue,0,630.2209634702457
-126.32999999999998,-172.65999999999997,0.0,epithelial_tumor_class1,1,1797.3221596328626
-469.07,-263.44000000000005,0.0,other_tissue,0,625.1866411785212
20.480000000000018,-216.17999999999995,0.0,CD4_Tcell,1,391.0283759557181
458.37,-119.5,0.0,CD4_Tcell,1,621.3405076827822
-437.7,-204.80999999999995,0.0,CD4_Tcell,1,299.4410824419687
-94.69999999999999,75.19999999999999,0.0,CD4_Tcell,1,577.4830008337341
-299.22,113.07999999999998,0.0,apCAF,1,275.37590733792547
416.25,480.09,0.0,CD8_Tcell,1,260.9981589485593
-340.05,163.06,0.0,other_tissue,0,686.7155101920132
325.62,444.29,0.0,CD8_Tcell,1,424.36108172740046
-280.32,90.38,0.0,CD4_Tcell,1,1005.5914733103036
356.03999999999996,272.98,0.0,other_tissue,0,689.3726666069294
392.82000000000005,356.91999999999996,0.0,CD4_Tcell,1,745.3158766732467
-435.06,-120.38999999999999,0.0,CD4_Tcell,1,520.088067568979
356.71000000000004,-60.610000000000014,0.0,other_tissue,0,338.0822031400086
-342.66999999999996,99.69999999999999,0.0,CD4_Tcell,1,270.4418852360515
-223.79000000000002,-182.66999999999996,0.0,CD4_Tcell,1,405.6230441595467
-273.81,-292.65,0.0,CD8_Tcell,1,446.20412170194794
478.44000000000005,34.45999999999998,0.0,CAF,1,802.3887680438664
152.55999999999995,499.8848,0.0,epithelial_tumor_class1,1,4034.233950875785
92.82000000000005,-122.30999999999995,0.0,CD4_Tcell,1,348.93344842900393
-175.56,-413.69000000000005,0.0,other_tissue,0,975.4484018366953
-313.58000000000004,151.91000000000003,0.0,CD8_Tcell,1,734.8897708667416
-243.44,30.279999999999973,0.0,other_tissue,0,367.2329071442601
86.44000000000005,16.45999999999998,0.0,other_tissue,0,299.53849568070984
218.0,255.21,0.0,other_tissue,0,294.99358438262345
433.05999999999995,462.78,0.0,other_tissue,0,959.0292227684923
348.28,360.35,0.0,other_tissue,0,310.8159248755663
-55.25999999999999,-49.110000000000014,0.0,CD4_Tcell,1,493.4710577001534
311.67999999999995,75.85000000000002,0.0,CD8_Tcell,1,568.1769196399423
-487.23,267.19,0.0,other_tissue,0,490.0213473514332
314.9,-125.63999999999999,0.0,other_tissue,0,268.95814399447147
-33.72000000000003,3.920000000000016,0.0,apCAF,1,257.78226896837054
106.55999999999995,-492.39,0.0,other_tissue,0,865.3737766875819
-442.76,-210.76,0.0,other_tissue,0,444.41338522819586
-114.5,-285.5,0.0,apCAF,1,288.7695502572316
385.42999999999995,176.20999999999998,0.0,other_tissue,0,544.8017145287947
-153.27999999999997,390.8,0.0,other_tissue,0,769.464063195619
224.40999999999997,454.90999999999997,0.0,CAF,1,515.8306536583126
-420.39,-378.48,0.0,epithelial_tumor_class1,1,2067.512143628057
-143.32,370.59000000000003,0.0,CD4_Tcell,1,247.06313290657084
-94.54000000000002,-353.71000000000004,0.0,CAF,1,406.6972080047093
210.16999999999996,283.65,0.0,CD4_Tcell,1,418.63842885665866
-169.39,-373.75,0.0,CAF,1,429.0618482724967
301.39,-100.40999999999997,0.0,CD8_Tcell,1,419.7625503822095
-39.370000000000005,16.779999999999973,0.0,other_tissue,0,582.6798122582791
9.870000000000005,-111.78999999999996,0.0,other_tissue,0,365.6480163718948
398.03,345.27,0.0,epithelial_tumor_class1_class2,1,1987.989909885007
446.45000000000005,-139.84000000000003,0.0,CD4_Tcell,1,253.19679779259704
-187.8,-233.26999999999998,0.0,CD4_Tcell,1,443.4002958883763
370.16999999999996,-14.129999999999995,0.0,CD8_Tcell,1,1086.9627767335605
-37.20999999999998,-380.24,0.0,other_tissue,0,807.745681557618
-77.01999999999998,348.28999999999996,0.0,CD4_Tcell,1,338.5165699432135
-426.04,28.079999999999984,0.0,other_tissue,0,199.53203965729546
-86.42000000000002,7.600000000000023,0.0,CD8_Tcell,1,646.7871163206829
313.41999999999996,400.38,0.0,other_tissue,0,975.4484018366953
-278.90999999999997,-33.16999999999996,0.0,other_tissue,0,848.5761003138546
-318.37,-9.139999999999986,0.0,CD4_Tcell,1,413.4772100894532
-154.02999999999997,439.42,0.0,CD4_Tcell,1,326.8154152705073
-364.72,-78.13999999999999,0.0,CD8_Tcell,1,305.4220302468926
-97.77999999999997,-125.72000000000003,0.0,CD4_Tcell,1,302.06777543457525
-215.56,275.1,0.0,CAF,1,989.8284003146255
-52.52999999999997,-100.95000000000005,0.0,CD8_Tcell,1,632.8016934028525
-298.87,-101.25,0.0,CD8_Tcell,1,421.05166315358906
293.49,13.180000000000007,0.0,other_tissue,0,737.5710082369998
-203.45999999999998,290.07,0.0,CD4_Tcell,1,455.7596294121036
-133.77999999999997,-145.07000000000005,0.0,other_tissue,0,975.4484018366953
246.33000000000004,108.5,0.0,other_tissue,0,655.7618167470998
-148.83999999999997,-88.50999999999999,0.0,other_tissue,0,443.72375410852214
402.55999999999995,335.43,0.0,CD4_Tcell,1,567.3976715804597
-222.77999999999997,356.93,0.0,apCAF,1,355.04486966114325
459.57000000000005,-232.64999999999998,0.0,CAF,1,627.2219443863994
-335.32,-142.07000000000005,0.0,CD8_Tcell,1,391.1835544969761
9.79000000000002,340.52,0.0,CD8_Tcell,1,480.58424210002136
247.83000000000004,-59.14999999999998,0.0,other_tissue,0,975.4484018366953
24.629999999999995,181.87,0.0,CD8_Tcell,1,1064.7212323691679
325.02,201.95999999999998,0.0,apCAF,1,143.93936869008613
-325.61,-129.89999999999998,0.0,CD4_Tcell,1,322.31608081457813
-143.67000000000002,-265.71000000000004,0.0,CD4_Tcell,1,1005.5914733103036
451.07000000000005,388.33,0.0,epithelial_tumor_class1_class2,1,2067.512143628057
-172.27999999999997,340.28,0.0,CD4_Tcell,1,596.9644422400654
-255.36,365.36,0.0,other_tissue,0,975.4484018366953
311.45000000000005,-39.559999999999945,0.0,CAF,1,641.7907630324479
-463.5,-68.48000000000002,0.0,other_tissue,0,975.4484018366953
-193.41000000000003,445.26,0.0,other_tissue,0,916.1812245942908
190.39999999999998,73.62,0.0,other_tissue,0,846.259224457278
-10.569999999999993,44.06,0.0,CD4_Tcell,1,805.3572460096501
309.4,-484.54999999999995,0.0,other_tissue,0,975.4484018366953
-163.32,-334.42999999999995,0.0,other_tissue,0,301.19775465509684
468.04999999999995,277.34000000000003,0.0,other_tissue,0,395.7537435862924
342.76,214.01999999999998,0.0,other_tissue,0,918.8524827047521
178.55999999999995,463.79,0.0,epithelial_tumor_class1_class2,1,3882.3330415739792
-468.07,47.14999999999998,0.0,other_tissue,0,304.3267267153354
-391.43,210.76,0.0,other_tissue,0,664.2299355508138
-21.339999999999975,38.64999999999998,0.0,CD4_Tcell,1,762.379548985051
-349.7,54.56,0.0,other_tissue,0,975.4484018366953
-124.39999999999998,338.23,0.0,CD8_Tcell,1,775.3876369698181
-222.42000000000002,-451.41999999999996,0.0,CD4_Tcell,1,415.7493533107622
-306.28,-34.860000000000014,0.0,CD8_Tcell,1,423.7605644140396
13.350000000000023,-236.53999999999996,0.0,other_tissue,0,362.4919279874371
-284.28,133.27999999999997,0.0,CD4_Tcell,1,359.5007350015526
469.54999999999995,295.26,0.0,other_tissue,0,410.6653908412812
125.13,54.76999999999998,0.0,CD4_Tcell,1,826.9807816483403
127.50999999999999,-242.49,0.0,other_tissue,0,555.7289262856355
-79.73000000000002,275.84000000000003,0.0,other_tissue,0,315.913910305856
188.86,456.56,0.0,other_tissue,0,912.3546335669524
429.62,321.34000000000003,0.0,other_tissue,0,975.4484018366953
396.62,22.75999999999999,0.0,CD4_Tcell,1,498.92685336047833
185.65999999999997,-322.70000000000005,0.0,CD8_Tcell,1,221.23800611937327
-303.75,-50.289999999999964,0.0,epithelial_tumor_class1_class2,1,2934.3926766145587
-469.87,-399.61,0.0,CD8_Tcell,1,435.85115797601327
160.19000000000005,175.75,0.0,CAF,1,486.1092292367622
-234.57999999999998,33.27999999999997,0.0,CD4_Tcell,1,524.5890008641659
140.39999999999998,308.26,0.0,other_tissue,0,284.9832387930501
25.460000000000036,269.52,0.0,other_tissue,0,299.26795550298687
167.94000000000005,175.17000000000002,0.0,CD4_Tcell,1,622.2036272758997
-198.07,-130.53999999999996,0.0,other_tissue,0,395.5452395273128
-130.2,-286.94000000000005,0.0,CD8_Tcell,1,575.1386657477278
267.36,125.94,0.0,other_tissue,0,382.0089516544085
382.67999999999995,-145.41999999999996,0.0,other_tissue,0,395.8840958245439
372.42999999999995,121.20999999999998,0.0,CD4_Tcell,1,253.45817803070707
-160.01,42.910000000000025,0.0,CD8_Tcell,1,537.8635587454307
213.15999999999997,-308.65,0.0,other_tissue,0,975.4484018366953
491.76,133.92000000000002,0.0,other_tissue,0,769.849901968111
-315.91999999999996,-230.51999999999998,0.0,CD4_Tcell,1,340.0574535433497
383.15999999999997,465.15,0.0,CD4_Tcell,1,357.7188162244467
186.51,325.73,0.0,other_tissue,0,822.0906460120267
91.38999999999999,-173.66999999999996,0.0,other_tissue,0,635.7648227532682
366.52,76.54000000000002,0.0,CD4_Tcell,1,609.0972410888993
-478.29,-196.88,0.0,other_tissue,0,975.4484018366953
-363.9,-327.15999999999997,0.0,other_tissue,0,943.9419665292857
-78.24000000000001,151.52999999999997,0.0,other_tissue,0,711.6477645038409
-174.76,108.83999999999997,0.0,CD8_Tcell,1,464.26077753626487
447.42999999999995,375.71,0.0,other_tissue,0,394.67292419002894
332.28,-373.01,0.0,CD4_Tcell,1,865.637297714031
-181.22000000000003,228.33999999999997,0.0,CD4_Tcell,1,479.35395178154334
265.9,168.13,0.0,other_tissue,0,411.03956123068565
-312.15999999999997,281.2,0.0,CAF,1,241.76053116499338
-348.57,202.76,0.0,other_tissue,0,391.7917324103101
118.88,179.04000000000002,0.0,other_tissue,0,504.4686818321455
-41.20999999999998,35.70999999999998,0.0,CD8_Tcell,1,596.998728865882
84.38999999999999,-301.34000000000003,0.0,CD8_Tcell,1,373.3549238312085
371.53,378.90999999999997,0.0,CD4_Tcell,1,317.6105361868485
304.13,-70.17999999999995,0.0,CAF,1,541.0682984585551
-466.32,-17.690000000000055,0.0,other_tissue,0,305.6194635585546
458.63,-137.83000000000004,0.0,other_tissue,0,576.6785125525874
220.49,209.60000000000002,0.0,other_tissue,0,548.309253773069
367.86,-23.909999999999968,0.0,CD8_Tcell,1,588.5188094028864
106.72000000000003,-291.65,0.0,epithelial_tumor_class1_class2,1,1537.54443675708
-19.560000000000002,-125.00999999999999,0.0,CD4_Tcell,1,369.80565349326173
-382.82,-9.220000000000027,0.0,CD4_Tcell,1,522.8137700685331
265.62,62.589999999999975,0.0,other_tissue,0,806.5299233725195
405.29999999999995,170.64999999999998,0.0,CD4_Tcell,1,741.5852693465246
-204.05,-35.389999999999986,0.0,epithelial_tumor_class1_class2,1,1330.879813237614
494.19000000000005,-154.39,0.0,other_tissue,0,430.7421733282272
-353.47,196.29000000000002,0.0,other_tissue,0,554.5366557345188
-401.59000000000003,-395.85,0.0,other_tissue,0,216.67916882787733
-321.5,12.449999999999989,0.0,CD8_Tcell,1,470.23018802996285
180.54999999999995,256.41999999999996,0.0,other_tissue,0,533.1279078193229
-448.65999999999997,160.17000000000002,0.0,other_tissue,0,344.1853626818661
-367.96000000000004,360.3,0.0,other_tissue,0,694.8023619746972
-406.1,-223.05999999999995,0.0,other_tissue,0,471.1812315284864
-69.36000000000001,291.24,0.0,other_tissue,0,747.4248095143557
-47.64999999999998,448.11,0.0,other_tissue,0,486.79720420998126
153.37,321.74,0.0,other_tissue,0,244.71902408452718
156.09000000000003,313.18,0.0,other_tissue,0,314.6817690376868
1.0600000000000023,-227.12,0.0,CD4_Tcell,1,312.795000854884
30.019999999999982,-12.17999999999995,0.0,CD8_Tcell,1,300.1776168412804
-107.38999999999999,-141.21000000000004,0.0,CD4_Tcell,1,396.1579286874484
493.22,366.06,0.0,CD8_Tcell,1,1086.9627767335605
-199.7,-472.97,0.0,other_tissue,0,975.4484018366953
356.79999999999995,145.12,0.0,other_tissue,0,932.9329499002647
-104.57,-219.41999999999996,0.0,CD8_Tcell,1,314.7936492579137
-348.64,433.08,0.0,other_tissue,0,648.2349170460028
-427.32,-118.76999999999998,0.0,CD4_Tcell,1,447.75903551152885
-89.45999999999998,447.15,0.0,other_tissue,0,672.5293255593808
-199.87,-201.82000000000005,0.0,CD4_Tcell,1,1005.5914733103036
-12.189999999999998,-121.11000000000001,0.0,other_tissue,0,440.13238130259356
-311.56,33.639999999999986,0.0,other_tissue,0,504.1163350583004
3.6399999999999864,481.82,0.0,CD4_Tcell,1,572.6172543101083
185.71000000000004,365.87,0.0,other_tissue,0,792.6155658973203
346.53,63.70999999999998,0.0,CD4_Tcell,1,253.58409190577925
-231.26999999999998,-408.4,0.0,other_tissue,0,274.997400212339
66.67999999999995,361.31,0.0,other_tissue,0,477.31305965092014
-285.74,332.75,0.0,other_tissue,0,269.2504240474546
-305.43,-21.24000000000001,0.0,CD4_Tcell,1,595.2004551579082
-352.5,-481.53999999999996,0.0,apCAF,1,373.5680975247635
346.22,285.3,0.0,CD4_Tcell,1,391.6234499693674
-351.39,249.4,0.0,other_tissue,0,750.0765458314764
-286.71000000000004,-138.38,0.0,other_tissue,0,645.9194715088454
-453.96,-139.86,0.0,CD4_Tcell,1,391.6752240485526
370.67999999999995,-91.14999999999998,0.0,other_tissue,0,915.4743239933894
-460.04,419.98,0.0,other_tissue,0,569.720937970704
-10.769999999999982,-479.76,0.0,other_tissue,0,363.20538156964716
341.35,-439.02,0.0,other_tissue,0,856.1623968006464
-256.51,-113.77999999999997,0.0,CD4_Tcell,1,242.55902980127954
-297.63,25.410000000000025,0.0,other_tissue,0,532.2381168416913
340.63,87.0,0.0,CD4_Tcell,1,342.6557049033126
-213.51999999999998,-217.23000000000002,0.0,CD8_Tcell,1,344.0903680447725
-72.08999999999997,487.8,0.0,other_tissue,0,964.3297972899611
-466.33,95.82999999999998,0.0,other_tissue,0,560.811031741693
-44.160000000000025,80.36000000000001,0.0,CD8_Tcell,1,235.38944273392835
-303.59000000000003,201.18,0.0,apCAF,1,203.62186603641186
312.47,-99.77999999999997,0.0,other_tissue,0,620.3198879590893
-53.72000000000003,252.61,0.0,CD8_Tcell,1,377.6338296414109
-134.37,102.50999999999999,0.0,CD4_Tcell,1,265.56715454631757
-220.42000000000002,-280.29999999999995,0.0,CD4_Tcell,1,443.42841644789655
-401.73,135.24,0.0,CD4_Tcell,1,844.4001224250131
374.32000000000005,67.14999999999998,0.0,other_tissue,0,455.5162318120867
236.55999999999995,-6.180000000000007,0.0,epithelial_tumor_class1,1,1972.3190051709655
-34.160000000000025,337.55,0.0,other_tissue,0,917.6189500809419
75.47000000000003,248.49,0.0,other_tissue,0,244.81363804987623
37.83000000000004,-88.67999999999995,0.0,other_tissue,0,248.39840020005332
-248.52,358.95,0.0,CD4_Tcell,1,950.2848995966665
435.63,-109.42999999999995,0.0,CD4_Tcell,1,446.5571945902944
-149.76999999999998,3.680000000000007,0.0,CD4_Tcell,1,743.726858727881
80.91999999999996,227.76999999999998,0.0,CAF,1,358.03571230436023
234.96000000000004,180.51,0.0,CD4_Tcell,1,380.33102308404807
-486.4,449.12,0.0,CAF,1,627.5763604544828
294.29999999999995,108.81,0.0,other_tissue,0,330.96291605475176
221.95000000000005,499.773,0.0,apCAF,1,166.99343766225132
2.329999999999984,-171.5,0.0,CD4_Tcell,1,396.0275163430996
-223.0,-291.98,0.0,CD4_Tcell,1,336.89839101802113
339.39,70.37,0.0,CD4_Tcell,1,351.3358184068933
-153.29000000000002,27.25,0.0,other_tissue,0,376.7880607879429
27.730000000000018,-210.73000000000002,0.0,apCAF,1,553.5905888919177
-119.12,-165.10000000000002,0.0,other_tissue,0,797.6793469849425
-184.31,141.79000000000002,0.0,other_tissue,0,882.4139229111419
152.26,-294.98,0.0,other_tissue,0,572.2505125572138
70.28999999999996,395.7,0.0,other_tissue,0,975.4484018366953
-158.52999999999997,292.73,0.0,other_tissue,0,337.95313875557997
-470.07,311.36,0.0,CD8_Tcell,1,349.7010113921397
400.14,-273.98,0.0,CD8_Tcell,1,194.11599437327962
-299.65999999999997,89.01999999999998,0.0,CAF,1,660.7019200478095
-386.64,96.95999999999998,0.0,other_tissue,0,404.23342679696464
-154.33999999999997,-343.49,0.0,other_tissue,0,374.82370314939027
86.97000000000003,258.31,0.0,CD4_Tcell,1,935.4516202612576
476.19000000000005,332.24,0.0,CD4_Tcell,1,1005.5914733103036
-365.51,265.62,0.0,other_tissue,0,956.0459368863538
197.01,-493.21000000000004,0.0,CAF,1,779.5788019356896
-162.2,458.83,0.0,other_tissue,0,501.15089253116423
-153.31,-273.29999999999995,0.0,CD4_Tcell,1,346.6613641800903
120.15999999999997,230.89,0.0,other_tissue,0,689.4670176382965
-59.49000000000001,155.82999999999998,0.0,other_tissue,0,353.725001610829
-179.2,-399.36,0.0,epithelial_tumor_class1,1,1652.0135880597818
-396.65,284.96000000000004,0.0,CD4_Tcell,1,405.318379827353
-245.07,-49.559999999999945,0.0,CD4_Tcell,1,421.58164108664346
-85.01999999999998,-310.04999999999995,0.0,apCAF,1,275.37590733792547
218.35000000000002,-494.54999999999995,0.0,other_tissue,0,473.23398646461817
-68.38,-369.35,0.0,other_tissue,0,792.9262439111828
-452.3,354.99,0.0,CAF,1,273.35442070819045
147.51,408.56,0.0,epithelial_tumor_class1,1,2738.546957207591
-58.98000000000002,380.44,0.0,other_tissue,0,356.270793568755
286.87,409.04,0.0,CD4_Tcell,1,260.9981589485593
496.4,-321.42999999999995,0.0,other_tissue,0,287.6301576228332
345.73,309.40999999999997,0.0,CD8_Tcell,1,457.95411063467606
10.350000000000023,382.92,0.0,CD8_Tcell,1,420.0337235708849
128.47000000000003,427.40999999999997,0.0,other_tissue,0,612.9625238100608
297.99,64.50999999999999,0.0,other_tissue,0,589.8443144773514
449.39,316.41999999999996,0.0,CD4_Tcell,1,321.54374919436134
71.62,367.9,0.0,other_tissue,0,319.0421938529477
364.90999999999997,-214.45000000000005,0.0,other_tissue,0,975.4484018366953
256.53,397.52,0.0,other_tissue,0,410.7989970447567
170.45000000000005,224.89999999999998,0.0,other_tissue,0,975.4484018366953
-329.46000000000004,-94.83000000000004,0.0,CD8_Tcell,1,269.40168643867264
-249.83,298.6,0.0,CD4_Tcell,1,511.0862963451784
-45.81,-474.01,0.0,CD8_Tcell,1,237.85000420657175
-326.75,16.95999999999998,0.0,CD4_Tcell,1,342.4899686783721
220.60000000000002,43.129999999999995,0.0,other_tissue,0,551.2788996900377
-348.01,-202.39,0.0,CAF,1,512.9278518129697
-65.24000000000001,-73.73000000000002,0.0,CD8_Tcell,1,420.8207862025148
-143.56,157.73000000000002,0.0,CAF,1,348.2747220408512
-178.95999999999998,-10.379999999999995,0.0,CAF,1,483.57233752700535
-221.82,-460.20000000000005,0.0,CD4_Tcell,1,270.54301777086715
-205.35000000000002,-27.230000000000018,0.0,other_tissue,0,446.83978696561076
371.11,132.3,0.0,CD4_Tcell,1,343.5444880635037
-383.83,354.03999999999996,0.0,apCAF,1,273.35442070819045
492.83000000000004,-49.91999999999996,0.0,apCAF,1,234.45043918278074
82.79999999999995,-70.73000000000002,0.0,CD4_Tcell,1,920.4760312795472
72.80999999999995,-446.74,0.0,other_tissue,0,504.6679069608918
35.60000000000002,-106.27999999999997,0.0,CD8_Tcell,1,509.06414064800583
-58.49000000000001,-18.309999999999945,0.0,other_tissue,0,727.8824558878388
-384.58,2.1299999999999955,0.0,CD8_Tcell,1,775.5509122777905
50.50999999999999,-95.0,0.0,apCAF,1,1261.5548628996441
-366.73,63.370000000000005,0.0,CD4_Tcell,1,201.6199175901356
390.46000000000004,365.63,0.0,other_tissue,0,444.70916002590405
322.30999999999995,485.25,0.0,other_tissue,0,296.5284968080759
-480.3,-446.04999999999995,0.0,other_tissue,0,975.4484018366953
-210.68,-276.69000000000005,0.0,CD4_Tcell,1,320.70467362082377
-132.23000000000002,-42.26999999999998,0.0,other_tissue,0,514.9291509272035
-425.85,8.029999999999973,0.0,other_tissue,0,766.5237493718323
-114.63999999999999,347.22,0.0,CD4_Tcell,1,869.1340034170319
-486.95,-145.48000000000002,0.0,other_tissue,0,975.4484018366953
-195.24,-243.27999999999997,0.0,CD4_Tcell,1,373.22956543188246
-307.37,-243.77999999999997,0.0,other_tissue,0,441.5329457676546
468.95000000000005,174.39999999999998,0.0,other_tissue,0,748.7997408359321
313.27,329.4,0.0,CD4_Tcell,1,288.68504779838617
289.91999999999996,230.74,0.0,other_tissue,0,972.4002862273251
365.36,424.75,0.0,other_tissue,0,477.01775966982245
209.69000000000005,357.81,0.0,other_tissue,0,443.27376808270765
327.89,259.16999999999996,0.0,other_tissue,0,598.5945072204735
-342.14,-51.42999999999995,0.0,CD4_Tcell,1,644.1865104163535
409.6,286.33000000000004,0.0,other_tissue,0,280.3281494116447
73.46000000000004,-79.38,0.0,CD4_Tcell,1,364.9190187505772
-392.57,137.67000000000002,0.0,other_tissue,0,223.58129000354816
-339.91999999999996,-146.41999999999996,0.0,other_tissue,0,458.7446943630239
-226.86,235.07999999999998,0.0,CD4_Tcell,1,991.7268478784445
-21.850000000000023,263.53,0.0,CD4_Tcell,1,560.5644129977587
60.139999999999986,34.22000000000003,0.0,other_tissue,0,183.22846705932704
176.09000000000003,-322.59000000000003,0.0,other_tissue,0,483.8852393102255
-301.35,15.25,0.0,CD8_Tcell,1,642.9248489378289
-236.62,-229.85000000000002,0.0,CD4_Tcell,1,452.2744574792089
-464.0,-251.09000000000003,0.0,CD4_Tcell,1,595.4571300032674
-185.83999999999997,150.47000000000003,0.0,other_tissue,0,725.1662120252684
-94.31,-44.73000000000002,0.0,other_tissue,0,329.2420817352906
450.12,-288.36,0.0,other_tissue,0,447.23561654561905
-136.81,110.99000000000001,0.0,other_tissue,0,423.0515928630323
138.84000000000003,-339.13,0.0,epithelial_tumor_class1_class2,1,1234.618523932436
457.49,349.51,0.0,other_tissue,0,672.8634739429172
318.37,-257.03,0.0,CD8_Tcell,1,294.49026166065397
160.59000000000003,-10.660000000000025,0.0,other_tissue,0,284.83666581703073
-168.88,454.52,0.0,other_tissue,0,307.49932527193215
-138.76,142.05,0.0,other_tissue,0,975.4484018366953
28.440000000000055,165.39,0.0,CD8_Tcell,1,496.83073752497194
346.17999999999995,-23.74000000000001,0.0,other_tissue,0,177.1121086871022
107.80999999999995,-377.25,0.0,other_tissue,0,258.988797504458
-42.670000000000016,-10.699999999999989,0.0,CD8_Tcell,1,402.8337979153897
21.92999999999995,36.579999999999984,0.0,CD8_Tcell,1,661.4726032937244
-73.49000000000001,-108.84000000000003,0.0,CD4_Tcell,1,407.68019901336334
223.90999999999997,-2.8500000000000227,0.0,other_tissue,0,666.2199522528657
385.30999999999995,130.76999999999998,0.0,CD4_Tcell,1,521.1834726432825
209.42999999999995,372.22,0.0,CD8_Tcell,1,366.50180379511846
-30.170000000000016,52.19,0.0,other_tissue,0,291.70562841636416
421.76,-432.07000000000005,0.0,CD4_Tcell,1,525.9112421956934
-294.48,195.08999999999997,0.0,CD8_Tcell,1,1012.8677639641737
48.66999999999996,-19.149999999999977,0.0,CD4_Tcell,1,409.69094306525756
-167.94,492.608,0.0,other_tissue,0,975.4484018366953
-478.15,-344.74,0.0,other_tissue,0,864.6493696403301
35.58000000000004,93.17000000000002,0.0,other_tissue,0,975.4484018366953
-204.12,153.0,0.0,other_tissue,0,975.4484018366953
-145.35000000000002,-248.33000000000004,0.0,CD4_Tcell,1,291.85454826754943
-311.34000000000003,-16.58000000000004,0.0,CD4_Tcell,1,624.7801096185681
30.159999999999968,-96.72000000000003,0.0,other_tissue,0,233.31227283691518
-348.74,213.06,0.0,CD4_Tcell,1,294.7793344628645
-335.46000000000004,12.779999999999973,0.0,CD4_Tcell,1,1005.5914733103036
-67.26999999999998,-223.37,0.0,CD4_Tcell,1,261.47245540750384
-8.70999999999998,14.740000000000009,0.0,CD4_Tcell,1,775.4896813515373
472.44000000000005,-496.03999999999996,0.0,CD8_Tcell,1,459.0180164097823
267.21000000000004,-161.73000000000002,0.0,CD8_Tcell,1,261.7197122268655
-453.67,389.17,0.0,CAF,1,846.7352466122173
-221.27999999999997,-19.879999999999995,0.0,apCAF,1,926.4377441471069
447.91999999999996,-115.76999999999998,0.0,CD4_Tcell,1,447.51849503306687
-30.44999999999999,-294.13,0.0,CD4_Tcell,1,606.9800121148321
170.71000000000004,157.47000000000003,0.0,other_tissue,0,573.78520227322
172.80999999999995,363.69,0.0,other_tissue,0,394.8160520554688
-399.82,-105.37,0.0,other_tissue,0,475.3074212948121
62.389999999999986,472.86,0.0,other_tissue,0,975.4484018366953
-462.39,58.5,0.0,CAF,1,477.8449066858133
180.80999999999995,-396.9,0.0,other_tissue,0,975.4484018366953
420.44000000000005,-446.11,0.0,CD8_Tcell,1,669.3049261623623
324.47,350.07,0.0,other_tissue,0,799.9067250073596
492.19000000000005,325.55,0.0,CD4_Tcell,1,370.7906819714759
275.28,126.69,0.0,CD4_Tcell,1,436.0318821716482
-274.3,-196.74,0.0,CD8_Tcell,1,379.58263149575066
-377.40999999999997,121.57999999999998,0.0,other_tissue,0,975.4484018366953
-346.49,-309.23,0.0,CAF,1,892.7983976630787
253.23000000000002,341.69,0.0,CD8_Tcell,1,643.8619256788021
386.90999999999997,324.90999999999997,0.0,other_tissue,0,553.4275827519932
294.30999999999995,-259.77,0.0,other_tissue,0,975.4484018366953
300.48,452.04,0.0,CD4_Tcell,1,664.6902345805918
283.51,221.26999999999998,0.0,other_tissue,0,975.4484018366953
-312.24,264.65999999999997,0.0,other_tissue,0,345.37427122081783
-122.08999999999997,-11.839999999999975,0.0,CD8_Tcell,1,519.6815940771231
-38.89999999999998,-247.59000000000003,0.0,other_tissue,0,945.2921286950489
79.78999999999996,-328.05999999999995,0.0,other_tissue,0,296.1523280458316
-42.25999999999999,-57.370000000000005,0.0,CD4_Tcell,1,363.2423097820266
271.57000000000005,-287.54999999999995,0.0,CD4_Tcell,1,500.19039550854575
-236.49,-38.889999999999986,0.0,apCAF,1,1261.5548628996441
-300.09000000000003,179.56,0.0,CD4_Tcell,1,744.9780211697522
-37.370000000000005,24.04000000000002,0.0,CD4_Tcell,1,534.7670760614835
-206.08999999999997,-207.28999999999996,0.0,CD8_Tcell,1,274.4762429281016
-437.9,72.43,0.0,CD4_Tcell,1,220.39880197193565
459.78,-167.84000000000003,0.0,epithelial_tumor_class1,1,1537.54443675708
-183.57999999999998,105.75999999999999,0.0,other_tissue,0,579.7496347010244
-82.74000000000001,-122.79999999999995,0.0,CD8_Tcell,1,240.2341987666253
-142.39999999999998,-460.24,0.0,other_tissue,0,377.8991816501284
-359.73,-147.76,0.0,apCAF,1,602.8120473442058
-142.06,393.71,0.0,CAF,1,552.4013798177809
100.91999999999996,-280.95000000000005,0.0,other_tissue,0,367.3321145927498
204.89999999999998,176.68,0.0,CD4_Tcell,1,891.4539119813713
20.539999999999964,129.55,0.0,epithelial_tumor_class1,1,2512.177722269067
224.04999999999995,-199.20000000000005,0.0,CD8_Tcell,1,218.77943701626148
-384.90999999999997,32.110000000000014,0.0,CD4_Tcell,1,446.3594508356125
-332.13,-237.69000000000005,0.0,CD8_Tcell,1,1086.9627767335605
-394.36,119.30000000000001,0.0,CD4_Tcell,1,551.7830140497485
440.84000000000003,-248.28999999999996,0.0,other_tissue,0,320.512119431874
313.83000000000004,490.382,0.0,CAF,1,812.9578771488895
-130.48000000000002,17.649999999999977,0.0,other_tissue,0,290.48427487026447
-351.1,-285.6,0.0,other_tissue,0,975.4484018366953
347.87,398.59000000000003,0.0,CD8_Tcell,1,325.7496389314224
219.82000000000005,-117.03999999999996,0.0,other_tissue,0,810.7904208373606
-317.56,182.64999999999998,0.0,apCAF,1,406.6972080047093
-401.45,-19.57000000000005,0.0,CD4_Tcell,1,506.50938544912685
-243.70999999999998,-340.49,0.0,CD8_Tcell,1,302.51430970336247
347.33000000000004,271.68,0.0,CAF,1,606.338872707361
-11.740000000000009,206.35000000000002,0.0,other_tissue,0,540.185729612368
84.62,273.26,0.0,CD8_Tcell,1,280.18317709108464
-120.43,318.37,0.0,other_tissue,0,673.8479979971651
-313.62,224.99,0.0,other_tissue,0,796.0790284724826
48.629999999999995,-423.76,0.0,CD8_Tcell,1,310.67171362500955
-424.63,-16.129999999999995,0.0,other_tissue,0,333.4681793310282
91.70000000000005,-258.67999999999995,0.0,CD8_Tcell,1,491.4053184950657
319.23,171.19,0.0,CD8_Tcell,1,381.8943909752582
445.52,-260.98,0.0,CD4_Tcell,1,342.66754525064
16.710000000000036,-243.67999999999995,0.0,other_tissue,0,318.7036197201991
-364.32,-378.83000000000004,0.0,other_tissue,0,975.4484018366953
213.86,220.43,0.0,other_tissue,0,975.4484018366953
56.389999999999986,424.93,0.0,CD4_Tcell,1,369.2204524039174
-367.5,-388.83000000000004,0.0,other_tissue,0,975.4484018366953
216.55999999999995,361.52,0.0,other_tissue,0,539.2080036167938
325.77,-450.12,0.0,other_tissue,0,543.2064822398255
30.590000000000032,-323.15999999999997,0.0,other_tissue,0,495.5577198850045
273.6,65.82999999999998,0.0,other_tissue,0,975.4484018366953
181.83000000000004,484.08,0.0,other_tissue,0,232.3970845273116
-257.39,-272.65,0.0,CD8_Tcell,1,379.2278063882971
-164.92000000000002,-194.98000000000002,0.0,other_tissue,0,417.86760531281567
-246.14,-188.26999999999998,0.0,CAF,1,530.3664422729294
-289.36,-316.92999999999995,0.0,CD8_Tcell,1,1086.9627767335605
269.82000000000005,-104.98000000000002,0.0,apCAF,1,421.908002293986
-205.66000000000003,347.65999999999997,0.0,CD8_Tcell,1,377.87390467649163
490.98,374.84000000000003,0.0,CD4_Tcell,1,896.7949911600718
131.01,-78.40999999999997,0.0,other_tissue,0,327.2630446666432
41.57000000000005,309.12,0.0,CAF,1,1106.8889877164543
200.32000000000005,-85.41999999999996,0.0,epithelial_tumor_class1,1,1284.359882635577
298.33000000000004,-59.309999999999945,0.0,CD8_Tcell,1,442.4027860913996
345.65,-387.65,0.0,CD8_Tcell,1,304.64409468767514
72.29999999999995,-228.64,0.0,other_tissue,0,975.4484018366953
-162.61,378.04,0.0,CD4_Tcell,1,394.9201667800683
468.12,-356.48,0.0,other_tissue,0,277.20168870731135
56.110000000000014,361.9,0.0,other_tissue,0,634.1214665297442
117.99000000000001,-382.30999999999995,0.0,other_tissue,0,216.90604580853017
-277.32,63.72000000000003,0.0,other_tissue,0,551.6366266219526
271.34000000000003,-217.51,0.0,other_tissue,0,427.82506914163224
188.03999999999996,-45.42999999999995,0.0,CD8_Tcell,1,392.98403227664284
194.57000000000005,378.07,0.0,other_tissue,0,236.1091935638342
171.59000000000003,-371.79999999999995,0.0,apCAF,1,209.7498122010954
418.63,159.67000000000002,0.0,CD8_Tcell,1,259.0182719635676
-359.52,-84.54999999999995,0.0,CD8_Tcell,1,433.3401065679377
36.0,-74.49000000000001,0.0,CD8_Tcell,1,574.8544292325303
30.82000000000005,13.75,0.0,CD8_Tcell,1,405.87483851234873
313.96000000000004,427.2,0.0,CD8_Tcell,1,233.8625374048805
-75.51999999999998,-46.610000000000014,0.0,CD8_Tcell,1,827.1938349973101
174.65999999999997,484.54,0.0,other_tissue,0,820.6697628774511
76.86000000000001,0.18999999999999773,0.0,other_tissue,0,320.95397585410046
33.940000000000055,339.88,0.0,other_tissue,0,796.2867409977813
276.96000000000004,-24.450000000000045,0.0,CD8_Tcell,1,311.6932452841098
352.07000000000005,312.57,0.0,other_tissue,0,225.1347383055449
182.20000000000005,-310.71000000000004,0.0,CD8_Tcell,1,450.7659600828527
-451.76,54.370000000000005,0.0,other_tissue,0,599.7459145758532
-401.18,-49.639999999999986,0.0,other_tissue,0,522.7039319467856
189.73000000000002,-435.70000000000005,0.0,CD4_Tcell,1,226.23719565662404
265.87,113.39999999999998,0.0,other_tissue,0,638.342728418863
140.84000000000003,216.82999999999998,0.0,CD8_Tcell,1,690.5432279418488
-343.68,-240.13,0.0,CD8_Tcell,1,409.8510202748562
-73.79000000000002,-66.88,0.0,CD8_Tcell,1,723.6059743573545
-320.33000000000004,206.38,0.0,other_tissue,0,656.3094968953825
119.26999999999998,420.84000000000003,0.0,epithelial_tumor_class1,1,1740.4910867063948
-293.16999999999996,143.82,0.0,other_tissue,0,601.5360969423172
251.54999999999995,172.75,0.0,apCAF,1,158.44006388412802
-393.75,-331.58000000000004,0.0,other_tissue,0,839.764283846035
-297.4,95.68,0.0,CAF,1,362.9100459679068
452.66999999999996,-320.57000000000005,0.0,CD4_Tcell,1,262.3533998728665
-100.55000000000001,72.81,0.0,apCAF,1,225.47495166771424
128.14,27.04000000000002,0.0,CD8_Tcell,1,1034.232822090497
-265.35,-172.09000000000003,0.0,other_tissue,0,364.6844632314972
275.6,-14.440000000000055,0.0,other_tissue,0,202.86124165231283
-9.720000000000027,-293.51,0.0,other_tissue,0,323.36296717998283
49.50999999999999,-438.58000000000004,0.0,CD8_Tcell,1,312.917578160558
44.799999999999955,247.15,0.0,other_tissue,0,842.2202373553666
-67.68,78.63999999999999,0.0,epithelial_tumor_class1,1,791.1978851301302
35.82000000000005,-444.11,0.0,other_tissue,0,373.3047771036531
414.95000000000005,164.98000000000002,0.0,CD8_Tcell,1,1086.9627767335605
-54.620000000000005,84.07999999999998,0.0,CD8_Tcell,1,776.7149123470172
-154.87,-336.74,0.0,CD4_Tcell,1,331.25223277464147
-248.71,-106.46000000000004,0.0,CD8_Tcell,1,330.7894069103465
-206.32,253.94,0.0,other_tissue,0,773.8580452885802
-155.66000000000003,-172.99,0.0,other_tissue,0,950.9160747668383
479.64,67.89999999999998,0.0,other_tissue,0,355.77280160022923
-253.31,376.43,0.0,other_tissue,0,975.4484018366953
-271.74,-346.6,0.0,CD8_Tcell,1,1086.9627767335605
-55.170000000000016,-331.14,0.0,CD4_Tcell,1,530.3981289573152
218.82000000000005,481.69,0.0,other_tissue,0,605.4039662669614
282.90999999999997,441.48,0.0,other_tissue,0,421.28262453398537
482.85,316.02,0.0,other_tissue,0,420.08797221936914
-137.89999999999998,-312.74,0.0,other_tissue,0,414.28293782761693
-321.98,-368.87,0.0,other_tissue,0,289.18173589412294
17.059999999999945,176.91000000000003,0.0,CD4_Tcell,1,452.8445752206411
-69.50999999999999,257.9,0.0,CD8_Tcell,1,507.40103690149414
-272.13,320.8,0.0,CD4_Tcell,1,286.0421482822772
281.46000000000004,-221.47000000000003,0.0,CD4_Tcell,1,552.3851011185477
201.78999999999996,120.69,0.0,other_tissue,0,975.4484018366953
-313.53,-156.70000000000005,0.0,CD4_Tcell,1,439.0140646161688
-74.57,377.21,0.0,CD8_Tcell,1,219.09564299485265
100.24000000000001,-139.10000000000002,0.0,CD8_Tcell,1,320.36492412726716
-289.3,17.329999999999984,0.0,CD8_Tcell,1,246.1692867078437
-482.86,-302.41999999999996,0.0,other_tissue,0,975.4484018366953
179.55999999999995,410.13,0.0,other_tissue,0,243.29331496392467
332.55999999999995,480.6,0.0,other_tissue,0,501.91406634818173
487.15,123.19,0.0,other_tissue,0,975.4484018366953
-384.01,-160.10000000000002,0.0,apCAF,1,617.4575800242357
-226.51,-106.48000000000002,0.0,CD4_Tcell,1,961.7595311018487
336.74,431.39,0.0,CD4_Tcell,1,568.8738723351626
-92.86000000000001,61.629999999999995,0.0,CD4_Tcell,1,274.35371345127754
23.710000000000036,-122.47000000000003,0.0,other_tissue,0,665.7773833088819
-331.03,63.43000000000001,0.0,CD8_Tcell,1,859.2401255998511
-165.95,-160.51999999999998,0.0,other_tissue,0,829.3904143662037
-167.23000000000002,-276.23,0.0,CD4_Tcell,1,491.97771834263165
425.42999999999995,73.68,0.0,other_tissue,0,472.7789349971732
-20.629999999999995,205.44,0.0,other_tissue,0,709.5874743591603
-234.69,54.329999999999984,0.0,other_tissue,0,763.8737769378918
-22.310000000000002,-217.49,0.0,CAF,1,365.6851099632564
153.64,-318.9,0.0,CD4_Tcell,1,763.4293432559388
375.59000000000003,470.95,0.0,CD4_Tcell,1,363.2546197423681
-118.0,-239.66999999999996,0.0,CD4_Tcell,1,222.07047062557047
-163.83999999999997,133.45,0.0,CD4_Tcell,1,492.27915987727494
-214.97000000000003,-384.46000000000004,0.0,other_tissue,0,558.3644926936403
-392.18,14.069999999999993,0.0,other_tissue,0,386.50753909831803
-112.57999999999998,66.66000000000003,0.0,CD4_Tcell,1,328.38966056338677
-33.89999999999998,276.8,0.0,other_tissue,0,841.3579547412847
-149.54000000000002,484.21,0.0,other_tissue,0,268.0323107653988
-80.97000000000003,-52.190000000000055,0.0,CD8_Tcell,1,404.89475285199876
-193.72000000000003,-194.59000000000003,0.0,other_tissue,0,303.12492087103806
-244.22,-22.269999999999982,0.0,other_tissue,0,203.7725440905151
433.59000000000003,178.05,0.0,other_tissue,0,215.7819417269375
-430.92,-395.36,0.0,epithelial_tumor_class1,1,3663.2881122309486
260.02,79.87,0.0,other_tissue,0,777.7982726108756
-470.4,-289.1,0.0,other_tissue,0,494.25664703970125
127.78999999999996,474.08,0.0,other_tissue,0,495.83032609781293
-324.22,-491.44000000000005,0.0,CD8_Tcell,1,532.6034468005154
339.36,383.83,0.0,CD8_Tcell,1,714.736006538834
195.12,-194.36,0.0,CD4_Tcell,1,291.5142344838714
-316.66999999999996,258.98,0.0,other_tissue,0,321.6345476310792
168.87,66.64999999999998,0.0,CAF,1,1106.8889877164543
-290.15,35.64999999999998,0.0,other_tissue,0,364.35132042290627
-247.51,433.47,0.0,CAF,1,909.8549087036977
257.44000000000005,178.17000000000002,0.0,other_tissue,0,275.3861420776604
-211.19,351.96000000000004,0.0,CD8_Tcell,1,511.96783495151135
-372.9,134.13,0.0,other_tissue,0,975.4484018366953
172.29999999999995,-223.58000000000004,0.0,other_tissue,0,302.35089249579113
-29.620000000000005,59.26999999999998,0.0,other_tissue,0,251.29512689146662
-185.36,-200.01999999999998,0.0,apCAF,1,143.93936869008613
262.26,-288.61,0.0,other_tissue,0,408.41182565629043
-206.26999999999998,-174.04999999999995,0.0,CD8_Tcell,1,732.2150393190727
423.95000000000005,393.12,0.0,CD4_Tcell,1,276.0416930237916
-63.160000000000025,254.33,0.0,CAF,1,495.1641317827708
-391.06,-8.589999999999975,0.0,other_tissue,0,364.00605335298826
-131.79000000000002,-125.47000000000003,0.0,CD4_Tcell,1,602.0014375756396
190.59000000000003,305.35,0.0,other_tissue,0,826.2566739066646
167.82000000000005,-58.50999999999999,0.0,other_tissue,0,904.8691651182464
-459.11,-223.35000000000002,0.0,other_tissue,0,594.1744933831569
77.33000000000004,-114.73000000000002,0.0,CD4_Tcell,1,272.4388430307611
-340.53999999999996,-199.90999999999997,0.0,CD8_Tcell,1,401.1348389577711
-471.36,32.839999999999975,0.0,CD4_Tcell,1,643.9520771664448
-266.32,-309.61,0.0,other_tissue,0,453.90055571740544
-61.49000000000001,480.91,0.0,CD8_Tcell,1,272.04272845837943
37.389999999999986,36.55000000000001,0.0,other_tissue,0,196.4354978218976
135.35000000000002,9.610000000000014,0.0,CD4_Tcell,1,321.5324005914497
100.26999999999998,-437.66999999999996,0.0,CD4_Tcell,1,488.4749872903545
198.99,96.22000000000003,0.0,other_tissue,0,975.4484018366953
-196.37,289.55,0.0,other_tissue,0,678.056936304347
101.85000000000002,52.97000000000003,0.0,other_tissue,0,235.34335481403463
-182.64999999999998,-343.02,0.0,other_tissue,0,638.199328952159
-85.24000000000001,-200.15999999999997,0.0,other_tissue,0,975.4484018366953
-483.85,-288.08000000000004,0.0,other_tissue,0,908.7428664600467
-475.98,54.55000000000001,0.0,CD4_Tcell,1,370.51619473543633
363.01,-225.67999999999995,0.0,epithelial_tumor_class1_class2,1,2115.4791183198745
300.53,117.45999999999998,0.0,other_tissue,0,634.8713426115011
350.45000000000005,171.01,0.0,CD8_Tcell,1,904.7786842338603
464.83000000000004,486.52,0.0,other_tissue,0,334.57402226951183
52.52999999999997,-402.28999999999996,0.0,other_tissue,0,641.0174706763346
-203.81,10.620000000000005,0.0,other_tissue,0,645.0526029898807
-184.11,-120.11000000000001,0.0,CD8_Tcell,1,1086.9627767335605
-223.26999999999998,-300.34000000000003,0.0,CD4_Tcell,1,371.94000650937005
378.54999999999995,380.07,0.0,other_tissue,0,293.453299978975
-191.02999999999997,233.76,0.0,other_tissue,0,536.6011813070776
199.14,480.22,0.0,CD8_Tcell,1,348.38245685093403
333.87,392.45,0.0,other_tissue,0,341.50848713009105
397.95000000000005,-256.14,0.0,CD4_Tcell,1,211.1957085102708
-31.50999999999999,-270.75,0.0,CD8_Tcell,1,362.84853787577504
55.370000000000005,-81.57000000000005,0.0,CAF,1,370.403943557938
-67.5,269.26,0.0,other_tissue,0,461.48280183965886
120.97000000000003,-496.03,0.0,other_tissue,0,384.5606596163294
-114.42000000000002,-18.75999999999999,0.0,CD4_Tcell,1,375.65394217256454
233.53999999999996,-84.02999999999997,0.0,other_tissue,0,302.9721911217984
143.24,109.05000000000001,0.0,CAF,1,768.7739366654748
-107.91000000000003,-38.309999999999945,0.0,CD4_Tcell,1,327.69958935525244
-97.39999999999998,454.24,0.0,CAF,1,519.8848043395083
-249.8,-443.75,0.0,CAF,1,623.5439241119092
-183.85000000000002,-435.80999999999995,0.0,CD4_Tcell,1,410.932632223455
-471.19,88.08999999999997,0.0,other_tissue,0,372.67832182732144
-189.51999999999998,402.76,0.0,other_tissue,0,685.2673257214037
225.82000000000005,249.35,0.0,other_tissue,0,561.6336166081181
488.64,-479.9,0.0,CD4_Tcell,1,347.48534535304407
216.13,-294.53,0.0,other_tissue,0,724.7564327640325
-276.26,-203.89,0.0,CD8_Tcell,1,337.8944839865288
373.26,256.11,0.0,other_tissue,0,951.8516627240865
106.87,-460.55999999999995,0.0,other_tissue,0,975.4484018366953
-171.2,42.420000000000016,0.0,CD8_Tcell,1,258.5273228563724
-78.95999999999998,-5.6200000000000045,0.0,CD8_Tcell,1,436.657851684852
237.90999999999997,429.15999999999997,0.0,CD8_Tcell,1,366.477037649653
-495.458,-486.51,0.0,other_tissue,0,343.50890726313867
72.64999999999998,-469.11,0.0,CAF,1,383.13030794066793
-340.0,-328.61,0.0,other_tissue,0,730.5858598189725
494.33000000000004,165.47000000000003,0.0,CD8_Tcell,1,299.40861605632364
30.07000000000005,-222.22000000000003,0.0,CD4_Tcell,1,1005.5914733103036
494.29999999999995,257.11,0.0,CAF,1,491.1644409191353
360.51,422.67,0.0,CAF,1,398.6150122543527
-129.23000000000002,-204.09000000000003,0.0,CD8_Tcell,1,483.33402672840555
-461.96,-45.75,0.0,other_tissue,0,626.5843317658637
-296.65,-190.13,0.0,other_tissue,0,534.2893021375778
-138.26999999999998,163.23000000000002,0.0,apCAF,1,211.18713342770613
285.51,-316.28999999999996,0.0,other_tissue,0,327.0104855591066
-68.32999999999998,432.6,0.0,other_tissue,0,328.2745814851784
-11.230000000000018,-89.09000000000003,0.0,other_tissue,0,510.1748929728391
240.52999999999997,-484.78999999999996,0.0,CD4_Tcell,1,307.98427614904756
127.24000000000001,14.95999999999998,0.0,CD4_Tcell,1,317.7343682706881
-315.90999999999997,67.19999999999999,0.0,CD8_Tcell,1,294.7793344628645
-191.45999999999998,296.72,0.0,apCAF,1,239.55271461325248
-213.0,-56.40999999999997,0.0,CD8_Tcell,1,474.409661687339
-3.2900000000000205,-79.23000000000002,0.0,CD8_Tcell,1,996.0132557451037
-169.79000000000002,-176.48000000000002,0.0,other_tissue,0,334.86543934664456
1.5,39.79000000000002,0.0,CD8_Tcell,1,351.9742894046036
238.55999999999995,486.77,0.0,other_tissue,0,582.7641583703422
103.22000000000003,105.26999999999998,0.0,epithelial_tumor_class1_class2,1,3882.3330415739792
147.97000000000003,3.0400000000000205,0.0,other_tissue,0,367.1957089567124
22.409999999999968,-284.78999999999996,0.0,CD4_Tcell,1,374.23321866930917
-350.05,-181.26999999999998,0.0,other_tissue,0,268.3239198116577
-263.86,-55.389999999999986,0.0,CD8_Tcell,1,280.68043322379737
-63.660000000000025,-184.42999999999995,0.0,other_tissue,0,402.4514442378995
-171.64,-465.88,0.0,CD8_Tcell,1,369.4444989696682
3.8899999999999864,232.88,0.0,CD8_Tcell,1,443.27376808270765
179.73000000000002,201.67000000000002,0.0,other_tissue,0,530.0496448364681
-161.31,-375.77,0.0,other_tissue,0,394.1917479611457
-268.34000000000003,57.99000000000001,0.0,CD4_Tcell,1,284.8471336482411
333.57000000000005,78.31,0.0,other_tissue,0,336.9920573796877
-328.75,134.44,0.0,CD8_Tcell,1,448.50950904596345
77.38,-348.04999999999995,0.0,CD4_Tcell,1,375.02486076754127
-182.63,115.38,0.0,other_tissue,0,828.1530279042223
-135.17000000000002,177.02999999999997,0.0,other_tissue,0,638.1634824413953
263.1,73.24000000000001,0.0,other_tissue,0,765.4913533975689
-301.72,-198.53999999999996,0.0,CD4_Tcell,1,450.8228235220243
422.69000000000005,14.930000000000007,0.0,CD8_Tcell,1,468.2736155595191
-166.82,484.98,0.0,other_tissue,0,338.9277997365923
-50.31999999999999,-294.04999999999995,0.0,other_tissue,0,374.4969754589115
-294.56,-302.70000000000005,0.0,epithelial_tumor_class1_class2,1,3882.3330415739792
-51.110000000000014,137.41000000000003,0.0,other_tissue,0,355.51791235648886
-4.189999999999998,-116.20000000000005,0.0,other_tissue,0,449.31755746477705
248.30999999999995,-32.83000000000004,0.0,other_tissue,0,315.33104345978046
111.75999999999999,-445.53999999999996,0.0,CD4_Tcell,1,1005.5914733103036
-358.52,233.48000000000002,0.0,other_tissue,0,975.4484018366953
79.87,153.24,0.0,CD8_Tcell,1,466.9625511988632
227.89999999999998,74.18,0.0,other_tissue,0,459.5217885419121
-76.82999999999998,-96.73000000000002,0.0,CD8_Tcell,1,323.26045449859015
199.57000000000005,-338.78,0.0,other_tissue,0,389.8787491340727
-408.15,-380.17999999999995,0.0,other_tissue,0,540.506552605985
125.57000000000005,-255.05999999999995,0.0,other_tissue,0,744.799197833701
-239.20999999999998,4.860000000000014,0.0,CD8_Tcell,1,451.53402005426943
-39.079999999999984,286.25,0.0,apCAF,1,143.93936869008613
108.52999999999997,-231.01999999999998,0.0,epithelial_tumor_class1,1,791.1978851301302
104.08000000000004,86.23000000000002,0.0,CD8_Tcell,1,498.59229571082625
-377.28,-217.08000000000004,0.0,other_tissue,0,893.7627768412233
-100.26999999999998,-466.71000000000004,0.0,other_tissue,0,287.25102717769107
-198.32999999999998,-100.44000000000005,0.0,CD8_Tcell,1,271.80930251496744
-139.51,-3.0299999999999727,0.0,other_tissue,0,975.4484018366953
-293.41999999999996,-96.59000000000003,0.0,CD8_Tcell,1,586.0938771055994
-343.27,-166.98000000000002,0.0,epithelial_tumor_class1_class2,1,2726.7787455276443
164.90999999999997,-462.4,0.0,CD4_Tcell,1,514.7427643555855
25.289999999999964,82.61000000000001,0.0,CD8_Tcell,1,407.1220910597811
87.37,76.75999999999999,0.0,CD8_Tcell,1,610.7667143979538
-473.59,-225.57000000000005,0.0,CAF,1,615.7934321638863
-210.31,-107.14999999999998,0.0,other_tissue,0,290.22981443444473
-364.78,99.37,0.0,other_tissue,0,599.8834946440392
161.89,348.96000000000004,0.0,CD8_Tcell,1,663.4571116579078
-75.75,54.69999999999999,0.0,CD8_Tcell,1,373.8440897946734
92.58000000000004,142.13,0.0,CD8_Tcell,1,1086.9627767335605
185.33000000000004,291.78999999999996,0.0,CD4_Tcell,1,366.46465499532076
-30.810000000000002,-200.98000000000002,0.0,CD8_Tcell,1,564.1887406882928
246.26999999999998,-322.35,0.0,other_tissue,0,355.0812426543303
-296.89,-115.62,0.0,CD4_Tcell,1,333.50306337235537
-426.95,443.84000000000003,0.0,other_tissue,0,725.4590060455384
-154.95,-249.26999999999998,0.0,other_tissue,0,759.2359413564329
410.62,-204.11,0.0,CD8_Tcell,1,288.02016694524076
380.03,487.63,0.0,other_tissue,0,479.35395178154334
-158.86,357.39,0.0,CAF,1,392.3875804356182
451.98,-126.47000000000003,0.0,other_tissue,0,819.6316467174732
238.09000000000003,201.10000000000002,0.0,other_tissue,0,194.9277639100809
-28.49000000000001,155.54000000000002,0.0,other_tissue,0,975.4484018366953
-7.930000000000007,412.73,0.0,CD8_Tcell,1,309.90703133598396
-444.75,-175.77999999999997,0.0,CD8_Tcell,1,710.2994607256828
127.80999999999995,412.93,0.0,other_tissue,0,431.8602187671867
127.53999999999996,352.53,0.0,other_tissue,0,975.4484018366953
-382.77,-314.29999999999995,0.0,other_tissue,0,942.9418145494021
304.14,-228.27999999999997,0.0,other_tissue,0,539.5765157250609
-250.62,-175.79999999999995,0.0,CD8_Tcell,1,279.80027657827804
307.53999999999996,134.69,0.0,CD8_Tcell,1,646.6062929505649
-329.38,-284.20000000000005,0.0,other_tissue,0,297.14179607636424
195.71000000000004,-256.87,0.0,other_tissue,0,397.8951363596661
-44.76999999999998,-238.84000000000003,0.0,CD8_Tcell,1,264.03164623394474
-260.85,59.31,0.0,apCAF,1,370.51619473543633
-81.25999999999999,296.16999999999996,0.0,other_tissue,0,574.7708480832772
471.20000000000005,-15.700000000000045,0.0,mesenchymal_tumor_class1,1,572.1005269846233
-373.09000000000003,-149.46000000000004,0.0,CD4_Tcell,1,899.0680159890275
330.97,-244.45000000000005,0.0,other_tissue,0,498.6683184033536
-102.45999999999998,286.37,0.0,other_tissue,0,272.8455136253776
249.64999999999998,56.26999999999998,0.0,other_tissue,0,788.0476444114092
-45.870000000000005,-264.80999999999995,0.0,CD4_Tcell,1,320.297003035465
-144.24,400.26,0.0,apCAF,1,663.1260850072994
128.38,5.079999999999984,0.0,CD4_Tcell,1,355.51791235648886
-269.86,45.670000000000016,0.0,CD4_Tcell,1,421.8399964910391
41.860000000000014,-56.41999999999996,0.0,CD8_Tcell,1,447.84395272555594
-299.13,289.61,0.0,other_tissue,0,399.283308906599
-251.48,-14.830000000000041,0.0,other_tissue,0,294.6080092376493
167.64,-8.45999999999998,0.0,other_tissue,0,666.238396880557
423.37,226.92000000000002,0.0,CD8_Tcell,1,455.2443017673904
291.39,417.48,0.0,other_tissue,0,253.03231727744398
-462.4,435.32,0.0,other_tissue,0,843.6874695486126
-284.35,229.67000000000002,0.0,other_tissue,0,304.9616832287312
-264.78,174.39999999999998,0.0,other_tissue,0,284.87853868064957
-289.91999999999996,-124.24000000000001,0.0,other_tissue,0,359.9654906060955
345.28999999999996,194.31,0.0,other_tissue,0,287.2931363204933
73.49000000000001,131.75,0.0,other_tissue,0,262.39303927747915
38.210000000000036,-31.340000000000032,0.0,other_tissue,0,277.75716859087015
-133.54000000000002,-74.03999999999996,0.0,CD8_Tcell,1,671.8984582593724
-438.56,342.31,0.0,CD8_Tcell,1,332.1327908904419
-167.27999999999997,-306.92999999999995,0.0,CD8_Tcell,1,311.4487625729139
-205.77999999999997,413.18,0.0,CAF,1,491.0289818810343
-259.06,264.51,0.0,other_tissue,0,576.3435297381307
339.03999999999996,-50.75999999999999,0.0,other_tissue,0,975.4484018366953
-17.139999999999986,345.97,0.0,CD4_Tcell,1,347.7483382412208
339.69000000000005,354.89,0.0,CAF,1,288.5055348129213
-249.84,315.1,0.0,other_tissue,0,880.9021156608402
59.16999999999996,378.82,0.0,epithelial_tumor_class1,1,1939.118315663071
200.40999999999997,1.839999999999975,0.0,other_tissue,0,975.4484018366953
161.60000000000002,-72.75,0.0,other_tissue,0,975.4484018366953
-73.44,-211.05999999999995,0.0,other_tissue,0,378.50616723624506
-197.83999999999997,486.73,0.0,CAF,1,777.0622956019467
81.98000000000002,-108.34000000000003,0.0,CD8_Tcell,1,189.76337286709997
-266.2,159.89,0.0,other_tissue,0,923.9811628607897
373.42999999999995,187.13,0.0,CD4_Tcell,1,276.39037722642604
-170.54000000000002,164.98000000000002,0.0,CAF,1,271.626714511372
359.52,496.332,0.0,other_tissue,0,895.7610231706748
-368.37,186.51999999999998,0.0,CD4_Tcell,1,234.1747376989464
-218.47000000000003,-141.45000000000005,0.0,CD8_Tcell,1,336.348451638203
-261.41999999999996,-84.38999999999999,0.0,CD4_Tcell,1,661.9316277342025
430.12,-204.76999999999998,0.0,other_tissue,0,850.3762125879421
411.97,28.29000000000002,0.0,other_tissue,0,334.9354046156346
255.52999999999997,489.09,0.0,CD4_Tcell,1,778.1255226139073
473.90999999999997,-192.79999999999995,0.0,other_tissue,0,869.0679408355124
-162.38,158.41000000000003,0.0,CD8_Tcell,1,595.3544512118924
-350.56,188.14999999999998,0.0,other_tissue,0,399.0604604279252
-213.81,248.14,0.0,other_tissue,0,721.9117579254809
129.02999999999997,71.13999999999999,0.0,other_tissue,0,299.0624539505143
-415.98,-249.76999999999998,0.0,other_tissue,0,965.9355832997624
-49.639999999999986,106.61000000000001,0.0,CD8_Tcell,1,396.6407032963289
-145.48000000000002,445.96,0.0,apCAF,1,380.76274603196583
-260.27,-326.24,0.0,CD8_Tcell,1,703.8704373871986
291.54999999999995,-313.37,0.0,other_tissue,0,249.4796536796393
-150.49,-25.57000000000005,0.0,other_tissue,0,425.46806254357296
119.89999999999998,250.24,0.0,other_tissue,0,311.4487625729139
298.32000000000005,137.14999999999998,0.0,other_tissue,0,975.4484018366953
18.16999999999996,331.11,0.0,CD4_Tcell,1,432.6066561861986
218.38,243.19,0.0,other_tissue,0,252.78089664937363
-154.72000000000003,-202.51,0.0,CD4_Tcell,1,282.06131992751517
-197.82999999999998,243.07,0.0,CD8_Tcell,1,541.0682984585551
77.20000000000005,30.00999999999999,0.0,other_tissue,0,946.8767162703275
133.08000000000004,185.8,0.0,CD8_Tcell,1,969.2235430169759
111.96000000000004,-177.24,0.0,other_tissue,0,975.4484018366953
-230.58999999999997,412.94,0.0,other_tissue,0,427.53682973741047
35.26999999999998,-122.54999999999995,0.0,CD4_Tcell,1,768.2464713672077
368.95000000000005,479.65,0.0,other_tissue,0,975.4484018366953
30.549999999999955,-130.01999999999998,0.0,apCAF,1,211.51314977182435
283.49,99.47000000000003,0.0,CD8_Tcell,1,338.0352668353219
258.26,-361.84000000000003,0.0,CD4_Tcell,1,938.6468929579269
-182.73000000000002,194.51,0.0,other_tissue,0,827.4495473140776
-36.079999999999984,-115.69000000000005,0.0,other_tissue,0,479.87249255913173
369.62,-116.34000000000003,0.0,other_tissue,0,329.89968121384607
161.98000000000002,-482.35,0.0,other_tissue,0,559.4308979853058
-227.44,-155.55999999999995,0.0,CD4_Tcell,1,655.5245833364177
-350.34000000000003,21.769999999999982,0.0,other_tissue,0,401.3058350175031
444.15999999999997,382.02,0.0,other_tissue,0,403.612437264944
317.24,-303.92999999999995,0.0,other_tissue,0,362.2952777595441
-135.64999999999998,-118.57000000000005,0.0,CD4_Tcell,1,260.9487860783062
32.07000000000005,255.36,0.0,CD4_Tcell,1,300.57888509916734
-384.22,-168.54999999999995,0.0,apCAF,1,660.7019200478095
159.26999999999998,262.12,0.0,CD4_Tcell,1,481.86121944949554
305.13,124.37,0.0,CD8_Tcell,1,845.956394177647
494.65,-477.09000000000003,0.0,CD8_Tcell,1,340.83554481059053
49.73000000000002,-185.65999999999997,0.0,other_tissue,0,483.8852393102255
-269.49,-9.79000000000002,0.0,other_tissue,0,507.8318635953641
-178.64999999999998,-0.30000000000001137,0.0,CD8_Tcell,1,357.9747562215836
248.07000000000005,123.07,0.0,other_tissue,0,487.1114954295941
486.76,-307.70000000000005,0.0,CD4_Tcell,1,307.1799770510442
112.49000000000001,-140.63,0.0,CAF,1,437.81398869182624
-384.42,115.77999999999997,0.0,other_tissue,0,465.4651164160868
-332.12,-23.200000000000045,0.0,other_tissue,0,541.164636810479
245.26999999999998,254.1,0.0,other_tissue,0,468.0549346371575
451.40999999999997,499.4437,0.0,CD4_Tcell,1,807.7037385370089
203.13,-362.33000000000004,0.0,CD8_Tcell,1,319.7992083404684
237.64999999999998,247.35,0.0,other_tissue,0,348.37048521946554
413.85,20.04000000000002,0.0,CD4_Tcell,1,460.35742220729287
192.55999999999995,287.71000000000004,0.0,other_tissue,0,390.27892484722224
152.83000000000004,273.90999999999997,0.0,CAF,1,1106.8889877164543
64.22000000000003,-245.94000000000005,0.0,CD8_Tcell,1,550.9213274447668
-252.81,112.32999999999998,0.0,apCAF,1,431.73589606929653
380.23,401.68,0.0,CD8_Tcell,1,419.2205541931655
391.26,173.93,0.0,CD8_Tcell,1,287.12472443777943
-150.24,154.76999999999998,0.0,other_tissue,0,905.638496200201
-284.85,74.73000000000002,0.0,other_tissue,0,847.1032041528894
340.79999999999995,97.95999999999998,0.0,other_tissue,0,181.58750883264926
-13.25,-149.48000000000002,0.0,other_tissue,0,672.9006083718318
346.33000000000004,207.18,0.0,other_tissue,0,285.7273473451736
338.78,325.4,0.0,other_tissue,0,472.73491324590606
430.07000000000005,309.28,0.0,CD4_Tcell,1,512.5406039771203
-17.04000000000002,91.07999999999998,0.0,other_tissue,0,975.4484018366953
-133.56,-279.27,0.0,CD8_Tcell,1,275.140578307458
-179.12,-109.84000000000003,0.0,CD4_Tcell,1,759.7794077083503
178.46000000000004,89.94999999999999,0.0,CAF,1,1089.4416271913344
454.28,-486.47,0.0,CD4_Tcell,1,447.95719237761165
396.27,404.40999999999997,0.0,CD4_Tcell,1,550.4339781564371
-430.32,480.45,0.0,other_tissue,0,975.4484018366953
194.76999999999998,357.78999999999996,0.0,other_tissue,0,492.09828018532346
411.59000000000003,175.06,0.0,CD4_Tcell,1,394.3867722403214
336.01,170.16000000000003,0.0,other_tissue,0,298.3493374599226
-354.73,206.89,0.0,CD4_Tcell,1,428.0447670502869
-329.38,-165.27999999999997,0.0,CD4_Tcell,1,305.5975223234736
-108.33999999999997,376.39,0.0,other_tissue,0,269.8962050325039
301.05999999999995,-149.74,0.0,other_tissue,0,606.3561948604498
423.26,-84.38,0.0,CD8_Tcell,1,530.2080277809191
-262.11,279.97,0.0,other_tissue,0,410.2246959096432
-206.61,378.14,0.0,CD4_Tcell,1,389.31122761048084
-134.99,428.59000000000003,0.0,other_tissue,0,508.9408233364767
-408.72,-175.92999999999995,0.0,CD8_Tcell,1,418.2867076616699
182.28999999999996,31.19999999999999,0.0,other_tissue,0,427.8937166606986
490.16999999999996,-97.83000000000004,0.0,other_tissue,0,538.311458426361
-377.14,-173.51,0.0,apCAF,1,805.6293733041293
-174.64999999999998,486.96,0.0,apCAF,1,324.01271748981156
-333.25,484.44,0.0,CD8_Tcell,1,838.1511315765798
46.710000000000036,-292.05999999999995,0.0,other_tissue,0,187.78210083381677
152.39,-181.45000000000005,0.0,other_tissue,0,452.33144770815875
486.76,256.03,0.0,other_tissue,0,225.6541489187553
-343.37,188.94,0.0,CD4_Tcell,1,427.1664264892611
-198.56,409.69,0.0,other_tissue,0,539.5765157250609
-311.34000000000003,-62.75999999999999,0.0,apCAF,1,391.27409426918274
-310.64,61.25,0.0,CD8_Tcell,1,270.62394194933415
91.21000000000004,-337.51,0.0,other_tissue,0,624.6564176115172
-230.8,205.64999999999998,0.0,other_tissue,0,540.0734715641794
8.970000000000027,-129.14,0.0,apCAF,1,482.61956412908575
38.39999999999998,85.89999999999998,0.0,other_tissue,0,326.1046398543152
441.63,112.11000000000001,0.0,other_tissue,0,585.02766749
8.120000000000005,223.44,0.0,CD8_Tcell,1,527.2988284841811
-289.06,49.50999999999999,0.0,CD4_Tcell,1,725.8690500636221
-273.12,282.57,0.0,other_tissue,0,468.8279120524011
232.54999999999995,280.26,0.0,other_tissue,0,742.0410035635543
-83.18,-153.26999999999998,0.0,CD8_Tcell,1,319.7539798699571
450.05999999999995,-473.15999999999997,0.0,other_tissue,0,975.4484018366953
483.9,489.52,0.0,CD4_Tcell,1,217.12434604894128
-212.42000000000002,-85.87,0.0,CD8_Tcell,1,328.75809433937593
64.32000000000005,92.94999999999999,0.0,apCAF,1,606.338872707361
272.55999999999995,-38.110000000000014,0.0,other_tissue,0,864.2105318800014
179.29999999999995,-74.28999999999996,0.0,other_tissue,0,562.3416825960562
-381.24,-266.47,0.0,other_tissue,0,689.7123706086755
-74.79000000000002,-121.44000000000005,0.0,CD8_Tcell,1,772.57474391594
77.61000000000001,198.44,0.0,other_tissue,0,975.4484018366953
383.28,19.45999999999998,0.0,other_tissue,0,344.0191335386349
-451.59000000000003,236.63,0.0,other_tissue,0,479.38357261523583
93.5,244.03,0.0,CD4_Tcell,1,229.7928628971231
94.49000000000001,269.44,0.0,other_tissue,0,361.5339298938061
-80.02999999999997,395.45,0.0,CAF,1,441.86952276684383
-385.99,-21.960000000000036,0.0,CD4_Tcell,1,193.80001614825073
-180.5,-132.32000000000005,0.0,CD8_Tcell,1,1022.4820623631321
215.76,174.91000000000003,0.0,other_tissue,0,642.1146513761245
398.26,184.64999999999998,0.0,other_tissue,0,267.2590638680915
5.310000000000002,-139.14,0.0,CD4_Tcell,1,471.02019564769296
-304.22,-229.82000000000005,0.0,CD4_Tcell,1,287.4510822576122
-237.99,-20.33000000000004,0.0,other_tissue,0,411.8688900444879
483.53999999999996,368.23,0.0,other_tissue,0,310.88249896351266
267.35,-293.65,0.0,other_tissue,0,295.72281059569593
446.62,241.73000000000002,0.0,other_tissue,0,874.7173356091464
-165.73000000000002,-97.77999999999997,0.0,CAF,1,291.43982612518005
-447.04,-263.91999999999996,0.0,CD4_Tcell,1,359.2562875473244
394.36,-310.17999999999995,0.0,other_tissue,0,438.27422400760895
-158.43,-82.0,0.0,CD8_Tcell,1,806.1528673052957
-275.9,-449.20000000000005,0.0,other_tissue,0,349.4490308487451
-191.91000000000003,-45.72000000000003,0.0,other_tissue,0,480.06518862167485
128.86,-487.48,0.0,other_tissue,0,975.4484018366953
439.78999999999996,-404.69000000000005,0.0,CD4_Tcell,1,449.2040886600272
-50.48000000000002,-260.52,0.0,apCAF,1,247.07265352157444
-324.47,258.63,0.0,other_tissue,0,554.5856195220449
199.71000000000004,-40.76999999999998,0.0,CD4_Tcell,1,411.4674627533128
465.83000000000004,-443.30999999999995,0.0,CD4_Tcell,1,271.15034248703506
-126.75999999999999,174.99,0.0,other_tissue,0,496.5729272514939
323.88,-178.20000000000005,0.0,CD4_Tcell,1,834.0951532784034
-344.57,-124.14999999999998,0.0,CD8_Tcell,1,423.28328495251463
52.809999999999945,493.166,0.0,other_tissue,0,673.8479979971651
-180.82,-353.34000000000003,0.0,other_tissue,0,383.4747998437097
409.82000000000005,251.38,0.0,CD8_Tcell,1,568.7078795515414
193.71000000000004,-35.690000000000055,0.0,other_tissue,0,696.8719577413736
490.28,-398.27,0.0,other_tissue,0,576.9801080417946
-233.25,143.17000000000002,0.0,other_tissue,0,451.8614214705097
-478.14,-152.03999999999996,0.0,epithelial_tumor_class1,1,3057.293878897327
374.37,158.3,0.0,other_tissue,0,269.90630354477037
142.30999999999995,239.35000000000002,0.0,other_tissue,0,367.9153192059569
309.51,316.44,0.0,other_tissue,0,444.1177416055558
419.19000000000005,113.88999999999999,0.0,other_tissue,0,725.3028394289332
-488.41,-485.19000000000005,0.0,other_tissue,0,503.79477045392485
-272.53,95.70999999999998,0.0,CD4_Tcell,1,710.8193188124495
282.92999999999995,-66.21000000000004,0.0,CD8_Tcell,1,368.25063064012295
217.44000000000005,-286.33000000000004,0.0,other_tissue,0,687.8453789049892
-58.670000000000016,22.29000000000002,0.0,other_tissue,0,579.4134635158433
114.37,490.434,0.0,CD4_Tcell,1,639.724046806269
328.15999999999997,304.5,0.0,other_tissue,0,318.8390206142295
-37.389999999999986,-296.23,0.0,CAF,1,465.33442489480154
79.78999999999996,-102.37,0.0,CD8_Tcell,1,171.44662751906236
-479.23,461.11,0.0,CAF,1,356.3558630033453
290.27,-80.16999999999996,0.0,other_tissue,0,812.726217219486
-429.32,-223.02999999999997,0.0,CD8_Tcell,1,337.10916474373647
87.22000000000003,-420.41999999999996,0.0,other_tissue,0,890.737405187556
-28.79000000000002,-130.92999999999995,0.0,CD8_Tcell,1,414.6727478385231
14.210000000000036,465.62,0.0,other_tissue,0,975.4484018366953
309.89,3.5,0.0,CD4_Tcell,1,671.8242645250913
242.23000000000002,167.77999999999997,0.0,other_tissue,0,531.1907062995804
457.94000000000005,413.62,0.0,other_tissue,0,314.6817690376868
-181.99,466.02,0.0,CAF,1,790.3604094159166
274.86,-183.55999999999995,0.0,other_tissue,0,440.4262537959081
-277.58000000000004,-178.5,0.0,other_tissue,0,330.1075259742843
-367.62,-194.45000000000005,0.0,CD4_Tcell,1,683.5584616552807
426.5,371.82,0.0,other_tissue,0,290.74949593656964
-183.22000000000003,92.55000000000001,0.0,CD4_Tcell,1,578.5568152522952
-17.600000000000023,-175.80999999999995,0.0,CD8_Tcell,1,495.0582013738369
-5.6299999999999955,80.66000000000003,0.0,other_tissue,0,779.5173591843853
216.83000000000004,-470.36,0.0,other_tissue,0,581.0619447448374
-283.94,167.52999999999997,0.0,CD4_Tcell,1,241.42287247410394
267.86,136.89999999999998,0.0,other_tissue,0,793.2370030978309
-298.8,279.24,0.0,apCAF,1,581.0956197343828
47.17999999999995,435.85,0.0,other_tissue,0,447.1366372446181
276.76,439.98,0.0,other_tissue,0,321.99791231075034
47.09000000000003,-53.33000000000004,0.0,CAF,1,239.55271461325248
-290.65999999999997,260.1,0.0,CD8_Tcell,1,407.6137308607888
-121.16000000000003,-40.40999999999997,0.0,other_tissue,0,334.37595526127416
251.24,372.75,0.0,other_tissue,0,334.3293626225144
371.08000000000004,46.00999999999999,0.0,other_tissue,0,358.49920468630955
227.12,47.75999999999999,0.0,other_tissue,0,975.4484018366953
266.15,177.73000000000002,0.0,CAF,1,482.61956412908575
-18.600000000000023,-249.66999999999996,0.0,CD8_Tcell,1,270.1184304951897
357.13,-342.85,0.0,other_tissue,0,975.4484018366953
-184.66000000000003,6.189999999999998,0.0,CD8_Tcell,1,288.4421950606638
-216.82,164.43,0.0,epithelial_tumor_class1,1,3088.674433684223
-411.17,-363.92999999999995,0.0,epithelial_tumor_class1,1,1733.6776059242575
161.35000000000002,273.23,0.0,other_tissue,0,975.4484018366953
327.65,147.0,0.0,other_tissue,0,240.65493497916688
-340.97,-98.63999999999999,0.0,CD4_Tcell,1,636.4265374725358
-45.610000000000014,-482.15999999999997,0.0,CD4_Tcell,1,848.9229120597735
272.51,-114.63999999999999,0.0,CD4_Tcell,1,455.98878869520723
441.82000000000005,-95.40999999999997,0.0,other_tissue,0,384.73970348557464
337.88,42.45999999999998,0.0,other_tissue,0,194.01063016658392
42.66999999999996,438.63,0.0,other_tissue,0,552.6293151892902
-116.79000000000002,410.88,0.0,other_tissue,0,621.9040871299054
381.80999999999995,-162.86,0.0,apCAF,1,197.93456127547813
160.32000000000005,165.55,0.0,other_tissue,0,323.2262884200246
-7.079999999999984,-7.1200000000000045,0.0,CD4_Tcell,1,462.8269958252941
-192.48000000000002,148.05,0.0,other_tissue,0,749.0589744903134
148.09000000000003,-152.64999999999998,0.0,CD4_Tcell,1,166.71495654043295
-99.57,485.53,0.0,CD4_Tcell,1,169.78791006257308
-376.14,-192.14,0.0,other_tissue,0,224.1250735043101
-184.42000000000002,-412.54999999999995,0.0,other_tissue,0,711.7826886483186
23.399999999999977,-327.64,0.0,CD4_Tcell,1,311.8600113765925
90.36000000000001,-38.460000000000036,0.0,other_tissue,0,585.3321667469635
202.55999999999995,-471.73,0.0,CD4_Tcell,1,707.1280566513693
371.33000000000004,-39.700000000000045,0.0,other_tissue,0,619.1949846330646
-87.23000000000002,34.94,0.0,CD4_Tcell,1,674.0524534483545
-154.11,-367.19000000000005,0.0,CAF,1,270.6947638416902
272.98,-135.03999999999996,0.0,CD4_Tcell,1,640.3166498885546
365.34000000000003,64.12,0.0,other_tissue,0,248.89557929863557
71.04999999999995,60.79000000000002,0.0,CD4_Tcell,1,494.64975417402735
90.87,-153.09000000000003,0.0,other_tissue,0,589.3512663153375
-222.7,174.92000000000002,0.0,other_tissue,0,661.3808238783687
215.23000000000002,454.24,0.0,other_tissue,0,493.16912974860435
421.41999999999996,-459.38,0.0,CAF,1,674.4614884119859
-235.10000000000002,45.56999999999999,0.0,other_tissue,0,562.259318782619
453.4,142.06,0.0,other_tissue,0,422.9834642247866
-496.071,-272.19000000000005,0.0,apCAF,1,357.2073022654302
-12.670000000000016,-279.69000000000005,0.0,other_tissue,0,319.3471155170503
371.53999999999996,-132.89,0.0,other_tissue,0,329.8073337757136
10.839999999999975,483.2,0.0,CD4_Tcell,1,410.8257217623779
-432.94,495.408,0.0,epithelial_tumor_class1,1,1184.039099100795
397.35,151.13,0.0,other_tissue,0,412.9674565867654
-500.5086,-202.47000000000003,0.0,other_tissue,0,975.4484018366953
185.69000000000005,60.110000000000014,0.0,CAF,1,565.3782683306398
-176.42000000000002,-239.26,0.0,CD8_Tcell,1,474.5126258128961
-415.89,109.44999999999999,0.0,CAF,1,425.87854346236094
218.21000000000004,-19.74000000000001,0.0,CD8_Tcell,1,135.79654938620575
190.0,495.641,0.0,apCAF,1,989.8284003146255
480.9,-485.86,0.0,other_tissue,0,975.4484018366953
-467.48,105.07,0.0,other_tissue,0,810.6222361352166
447.25,484.79,0.0,CD4_Tcell,1,451.96109678371016
-229.14999999999998,-439.53,0.0,CD4_Tcell,1,785.1218809323667
-496.131,-349.0,0.0,other_tissue,0,581.6851426807183
450.85,236.37,0.0,CD8_Tcell,1,573.2677724465414
6.269999999999982,-191.53999999999996,0.0,other_tissue,0,319.62962356465545
453.78999999999996,173.82999999999998,0.0,other_tissue,0,500.28181849467387
-260.49,-267.37,0.0,CD8_Tcell,1,208.83778365730961
279.29999999999995,257.75,0.0,CD8_Tcell,1,290.632778787353
284.74,302.05,0.0,other_tissue,0,686.6214103560958
-355.6,-452.34000000000003,0.0,CD8_Tcell,1,923.7059295510851
-155.12,-123.46000000000004,0.0,CD8_Tcell,1,701.3097297073507
-404.17,-138.11,0.0,CD4_Tcell,1,383.28338997088747
-439.43,-108.80999999999995,0.0,CD8_Tcell,1,873.3910687742034
104.13,475.46,0.0,other_tissue,0,399.71613393444284
306.28,-221.39,0.0,other_tissue,0,425.82379742577496
-138.56,377.71,0.0,other_tissue,0,166.73693062740952
198.52999999999997,-31.799999999999955,0.0,other_tissue,0,237.6736838350368
333.74,349.98,0.0,other_tissue,0,189.85920623027857
4.439999999999998,-255.02999999999997,0.0,CD4_Tcell,1,501.27294831821854
51.08000000000004,368.48,0.0,other_tissue,0,408.9311455119893
61.25,411.22,0.0,other_tissue,0,975.4484018366953
-360.01,-466.55999999999995,0.0,other_tissue,0,194.6027850714188
-202.13,-110.82000000000005,0.0,CD4_Tcell,1,367.1213201176323
-22.889999999999986,490.329,0.0,other_tissue,0,390.89909185790066
-17.0,12.600000000000023,0.0,apCAF,1,143.93936869008613
-287.55,101.97000000000003,0.0,other_tissue,0,345.3028596205388
-298.28,35.089999999999975,0.0,other_tissue,0,363.56245914567387
149.14,133.81,0.0,other_tissue,0,557.4959659186338
163.07000000000005,119.88999999999999,0.0,other_tissue,0,405.95437416171404
-267.86,90.32,0.0,CD4_Tcell,1,214.76577008940708
-192.49,-494.33000000000004,0.0,other_tissue,0,639.8676745700607
296.15999999999997,472.95,0.0,CD4_Tcell,1,469.2220199935916
-270.19,269.13,0.0,other_tissue,0,609.9142067633074
239.46000000000004,-39.51999999999998,0.0,other_tissue,0,975.4484018366953
-7.339999999999975,423.62,0.0,CAF,1,272.3880376372192
227.46000000000004,117.35000000000002,0.0,other_tissue,0,480.5990776943313
320.51,432.83,0.0,CD4_Tcell,1,568.4755439066362
-328.21000000000004,-449.80999999999995,0.0,other_tissue,0,361.9390305212057
460.19000000000005,-292.0,0.0,apCAF,1,475.26324272445686
474.78999999999996,11.699999999999989,0.0,other_tissue,0,554.8957904430044
98.23000000000002,-273.21000000000004,0.0,other_tissue,0,460.01152000103707
109.69000000000005,294.0,0.0,apCAF,1,257.78226896837054
-325.91999999999996,419.8,0.0,other_tissue,0,975.4484018366953
232.39,-147.77999999999997,0.0,apCAF,1,608.142144188316
141.09000000000003,45.579999999999984,0.0,other_tissue,0,435.04545841825086
-388.01,-177.86,0.0,other_tissue,0,775.5509122777905
-102.61000000000001,-337.41999999999996,0.0,CD8_Tcell,1,371.8149650451422
-182.98000000000002,243.94,0.0,other_tissue,0,975.4484018366953
90.63999999999999,92.38,0.0,CD4_Tcell,1,291.2273005855107
-282.28999999999996,148.37,0.0,CD4_Tcell,1,212.20919882564354
487.54999999999995,-203.23000000000002,0.0,other_tissue,0,646.0278846496835
-378.37,-273.74,0.0,other_tissue,0,812.0525476670879
-70.32,275.6,0.0,other_tissue,0,345.24335747364375
-155.85000000000002,-444.78999999999996,0.0,other_tissue,0,975.4484018366953
10.029999999999973,167.05,0.0,other_tissue,0,670.8417131198602
278.65,431.45,0.0,CD8_Tcell,1,242.43679276521183
343.87,36.80000000000001,0.0,other_tissue,0,614.7264520377364
-332.63,-436.4,0.0,other_tissue,0,688.4484819803315
486.70000000000005,481.18,0.0,CD4_Tcell,1,927.0813058457853
-13.160000000000025,299.38,0.0,epithelial_tumor_class1_class2,1,2726.7787455276443
-231.3,-295.75,0.0,CD4_Tcell,1,370.55361683365436
-135.60000000000002,444.6,0.0,other_tissue,0,771.0285233833221
170.42999999999995,300.31,0.0,CAF,1,424.5659331364134
197.26999999999998,323.65999999999997,0.0,other_tissue,0,339.9396643329166
-266.21000000000004,4.509999999999991,0.0,apCAF,1,291.43982612518005
-194.36,354.55,0.0,other_tissue,0,975.4484018366953
181.75,321.25,0.0,other_tissue,0,286.2521439779019
-61.870000000000005,-139.69000000000005,0.0,CD8_Tcell,1,788.5015809721202
-357.49,-346.73,0.0,CD4_Tcell,1,605.09254447972
332.25,409.0,0.0,other_tissue,0,394.5688529263856
226.44000000000005,-321.9,0.0,other_tissue,0,196.36196931324497
-156.99,344.26,0.0,other_tissue,0,339.96321999865853
305.15,-445.28999999999996,0.0,CD8_Tcell,1,718.8028653474623
-474.85,-272.51,0.0,other_tissue,0,975.4484018366953
-7.019999999999982,162.70999999999998,0.0,other_tissue,0,511.42641930411526
-194.79000000000002,-31.519999999999982,0.0,other_tissue,0,592.774253265411
411.70000000000005,-19.440000000000055,0.0,other_tissue,0,343.0347313204552
-87.92000000000002,-257.72,0.0,CD4_Tcell,1,210.76723866326586
-259.5,-438.64,0.0,other_tissue,0,432.12275616822416
350.49,-4.050000000000011,0.0,apCAF,1,302.03511945888096
283.69000000000005,120.39999999999998,0.0,other_tissue,0,358.71889325320376
255.36,-481.19000000000005,0.0,CD8_Tcell,1,523.5202397088843
338.33000000000004,369.6,0.0,other_tissue,0,282.0821196315513
205.63,-186.04999999999995,0.0,other_tissue,0,648.3073637411435
-169.51999999999998,183.43,0.0,other_tissue,0,975.4484018366953
-31.54000000000002,69.38999999999999,0.0,CD4_Tcell,1,444.9486928629325
443.20000000000005,-364.76,0.0,other_tissue,0,242.21123229692483
334.74,-143.09000000000003,0.0,apCAF,1,143.93936869008613
330.14,82.04000000000002,0.0,CD8_Tcell,1,219.6233297698183
-436.0,470.95,0.0,other_tissue,0,547.6939462130856
-203.51999999999998,-245.89999999999998,0.0,other_tissue,0,208.75268268702112
378.67999999999995,13.370000000000005,0.0,CAF,1,288.7695502572316
262.58000000000004,-391.27,0.0,CD4_Tcell,1,279.09747753727635
113.27999999999997,302.74,0.0,CAF,1,743.5283904335907
-341.14,-136.41999999999996,0.0,CD4_Tcell,1,322.52072834534744
166.89999999999998,-31.940000000000055,0.0,other_tissue,0,625.9294581234226
207.73000000000002,405.6,0.0,other_tissue,0,369.6437275458803
-124.63999999999999,360.27,0.0,other_tissue,0,770.9472005538902
120.61000000000001,287.81,0.0,other_tissue,0,251.70939718639568
-368.14,-49.059999999999945,0.0,CD8_Tcell,1,687.2991210759801
391.08000000000004,-260.71000000000004,0.0,other_tissue,0,277.2839352486903
-288.65,-309.15,0.0,CD8_Tcell,1,1086.9627767335605
290.25,-386.87,0.0,other_tissue,0,324.99468887855096
17.24000000000001,149.45,0.0,other_tissue,0,294.44745213983117
495.25,-446.05999999999995,0.0,CD4_Tcell,1,254.7094778080207
73.75999999999999,-455.53,0.0,other_tissue,0,728.1564097808291
158.26999999999998,1.8899999999999864,0.0,other_tissue,0,870.3016611109881
-278.49,129.49,0.0,other_tissue,0,443.25971092364836
232.89999999999998,373.26,0.0,other_tissue,0,342.9636425877636
208.91999999999996,304.21000000000004,0.0,CD4_Tcell,1,270.61382554464194
-92.82,-213.51,0.0,CAF,1,307.38918020643644
440.53999999999996,-274.16999999999996,0.0,CAF,1,234.45043918278074
-343.4,29.089999999999975,0.0,other_tissue,0,412.36434317210177
265.15999999999997,-49.389999999999986,0.0,CD4_Tcell,1,542.562828244334
428.35,218.67000000000002,0.0,other_tissue,0,193.92960672634183
301.13,203.99,0.0,other_tissue,0,298.1010937850208
-50.55000000000001,258.48,0.0,apCAF,1,1261.5548628996441
206.55999999999995,-127.30999999999995,0.0,other_tissue,0,301.404233120218
-427.45,-201.39999999999998,0.0,other_tissue,0,573.9187830744548
-327.35,147.27999999999997,0.0,CD4_Tcell,1,706.3031230288884
93.66999999999996,-423.74,0.0,other_tissue,0,695.0489789962868
-439.97,-22.850000000000023,0.0,CD4_Tcell,1,716.2834723220643
166.12,-66.25999999999999,0.0,other_tissue,0,605.9578687997895
277.84000000000003,-415.66999999999996,0.0,CD8_Tcell,1,298.30615475084784
40.299999999999955,-331.71000000000004,0.0,other_tissue,0,745.5743056758998
4.970000000000027,172.06,0.0,other_tissue,0,255.6530854824827
-139.26,225.67000000000002,0.0,other_tissue,0,975.4484018366953
22.67999999999995,312.22,0.0,other_tissue,0,975.4484018366953
120.27999999999997,347.62,0.0,CD4_Tcell,1,1005.5914733103036
-209.60000000000002,-145.51999999999998,0.0,other_tissue,0,433.50628582212994
86.47000000000003,-473.82000000000005,0.0,other_tissue,0,704.9232757784187
198.82000000000005,248.16,0.0,other_tissue,0,584.6894588590526
280.64,-40.01999999999998,0.0,CD8_Tcell,1,552.922467073907
272.6,-333.78999999999996,0.0,other_tissue,0,448.80709828397045
321.28999999999996,438.57,0.0,CAF,1,617.4575800242357
160.14999999999998,-490.76,0.0,CD4_Tcell,1,504.03975964981095
-363.66999999999996,-67.77999999999997,0.0,other_tissue,0,224.33926256989454
-347.78,-43.889999999999986,0.0,other_tissue,0,347.0194566234371
-322.63,-284.13,0.0,CD4_Tcell,1,275.24287879657294
461.78,-57.289999999999964,0.0,other_tissue,0,372.30278528317535
-24.480000000000018,-416.78999999999996,0.0,other_tissue,0,418.47607150773825
213.26,250.1,0.0,other_tissue,0,372.9914617855997
-317.32,124.98000000000002,0.0,CD4_Tcell,1,1005.5914733103036
83.12,92.93,0.0,other_tissue,0,207.14861905414767
5.009999999999991,215.45,0.0,other_tissue,0,410.4249726825602
-448.19,-460.65,0.0,apCAF,1,331.28696210717334
-118.91000000000003,450.33,0.0,other_tissue,0,975.4484018366953
23.42999999999995,-92.75,0.0,other_tissue,0,503.50394890679365
-254.68,-29.409999999999968,0.0,CD8_Tcell,1,962.6550679760403
163.61,316.53999999999996,0.0,other_tissue,0,975.4484018366953
-270.22,488.61,0.0,CAF,1,370.51619473543633
-490.721,338.94,0.0,other_tissue,0,287.25102717769107
50.77999999999997,-142.80999999999995,0.0,CAF,1,499.1246168454986
179.54999999999995,-338.80999999999995,0.0,other_tissue,0,975.4484018366953
-355.99,-99.51999999999998,0.0,other_tissue,0,975.4484018366953
-60.44,102.92000000000002,0.0,other_tissue,0,451.2067768245582
-499.9456,-217.79999999999995,0.0,epithelial_tumor_class1,1,2219.1764064338986
-156.57999999999998,-113.63,0.0,CD8_Tcell,1,297.2710193731621
-34.23000000000002,394.04,0.0,apCAF,1,798.5739638945684
-409.40999999999997,-18.620000000000005,0.0,CD4_Tcell,1,447.6316798183504
-385.15,134.01999999999998,0.0,other_tissue,0,306.15735193473677
-134.82999999999998,-346.44000000000005,0.0,CD8_Tcell,1,273.619302295034
-426.13,-253.80999999999995,0.0,epithelial_tumor_class1,1,2992.961743732714
-332.02,-84.88999999999999,0.0,CD8_Tcell,1,1086.9627767335605
352.66999999999996,430.92,0.0,other_tissue,0,416.69291032926225
-220.39999999999998,-118.01999999999998,0.0,CD4_Tcell,1,629.3504435727828
-173.08999999999997,-355.38,0.0,other_tissue,0,824.7671950563034
-344.62,147.26,0.0,other_tissue,0,186.82431344171505
-108.85000000000002,147.76,0.0,other_tissue,0,928.4153458928655
51.15999999999997,-225.85000000000002,0.0,CD4_Tcell,1,530.8101707103149
481.65,-37.51999999999998,0.0,CAF,1,637.1782293279146
-218.39999999999998,-76.69000000000005,0.0,apCAF,1,1012.3313476730501
-383.6,-448.30999999999995,0.0,other_tissue,0,242.41799071317357
-152.29000000000002,383.49,0.0,other_tissue,0,529.7329735776774
234.92999999999995,-444.4,0.0,other_tissue,0,337.343460856991
-43.89999999999998,199.02999999999997,0.0,other_tissue,0,738.2028339568244
113.09000000000003,-167.23000000000002,0.0,other_tissue,0,387.89483385809524
-126.5,326.59000000000003,0.0,other_tissue,0,208.27654446119857
136.57000000000005,381.27,0.0,other_tissue,0,975.4484018366953
282.03,62.170000000000016,0.0,CD8_Tcell,1,342.52547908372264
-58.370000000000005,185.20999999999998,0.0,apCAF,1,184.24438909228252
-485.8,218.57,0.0,apCAF,1,288.5055348129213
412.84000000000003,-299.15999999999997,0.0,CAF,1,327.66511119505105
214.48000000000002,230.73000000000002,0.0,other_tissue,0,271.5962911294828
254.77999999999997,161.99,0.0,other_tissue,0,713.8085977542337
-8.639999999999986,310.7,0.0,CD4_Tcell,1,318.55697868276286
467.33000000000004,-171.51999999999998,0.0,other_tissue,0,250.28544730216566
-208.74,-293.61,0.0,other_tissue,0,408.78462613484726
98.53999999999996,261.96000000000004,0.0,CD4_Tcell,1,458.34210177529434
486.88,-381.47,0.0,CAF,1,380.08990834091094
312.89,-147.27999999999997,0.0,other_tissue,0,684.6472990241759
-196.12,255.6,0.0,CD4_Tcell,1,903.6255816189556
317.25,-444.89,0.0,CD4_Tcell,1,575.4899107790524
175.74,284.75,0.0,other_tissue,0,307.47729415424243
440.0,41.49000000000001,0.0,other_tissue,0,975.4484018366953
325.35,376.29,0.0,other_tissue,0,383.8961258574236
-37.89999999999998,93.48000000000002,0.0,other_tissue,0,646.0098149505168
387.90999999999997,46.50999999999999,0.0,CD8_Tcell,1,527.8829735234426
277.6,-93.36000000000001,0.0,other_tissue,0,656.3825439469192
442.5,-103.01999999999998,0.0,apCAF,1,365.6851099632564
-147.24,-346.65999999999997,0.0,CD8_Tcell,1,247.12978234793604
182.65999999999997,239.97000000000003,0.0,other_tissue,0,336.5005026103184
29.909999999999968,-113.98000000000002,0.0,CD8_Tcell,1,296.99108290102276
317.73,197.76,0.0,apCAF,1,249.10612385482938
194.84000000000003,-14.080000000000041,0.0,other_tissue,0,249.6521779259496
280.40999999999997,239.89999999999998,0.0,other_tissue,0,434.5042536038298
-344.86,13.889999999999986,0.0,CD4_Tcell,1,868.1214116652646
-298.8,-250.38,0.0,other_tissue,0,636.9813004742705
154.21000000000004,96.68,0.0,CD4_Tcell,1,1005.5914733103036
-325.87,191.95,0.0,other_tissue,0,380.9914374469287
159.69000000000005,143.56,0.0,other_tissue,0,432.12275616822416
-118.83999999999997,483.72,0.0,CAF,1,1012.3313476730501
-64.62,85.75,0.0,other_tissue,0,946.9699824104674
-79.07999999999998,49.110000000000014,0.0,CD8_Tcell,1,544.285742772371
355.1,401.13,0.0,other_tissue,0,554.2103041328809
306.88,247.09,0.0,other_tissue,0,975.4484018366953
94.33000000000004,-304.15999999999997,0.0,other_tissue,0,368.00223224671674
86.47000000000003,-279.70000000000005,0.0,CD8_Tcell,1,275.93919468596806
30.690000000000055,435.06,0.0,CD4_Tcell,1,164.30957516018606
137.40999999999997,-145.78999999999996,0.0,apCAF,1,418.8955805326985
-386.14,-154.24,0.0,apCAF,1,564.1722312295284
-140.74,-197.11,0.0,other_tissue,0,426.43996090094663
306.76,215.48000000000002,0.0,other_tissue,0,266.2070349726423
-368.25,301.84000000000003,0.0,other_tissue,0,281.3028302918093
70.27999999999997,357.34000000000003,0.0,other_tissue,0,247.85417655446577
-67.79000000000002,164.70999999999998,0.0,CD8_Tcell,1,305.25756745487837
-331.96000000000004,-229.30999999999995,0.0,CD8_Tcell,1,180.90603366384656
-129.82,-303.74,0.0,CD8_Tcell,1,471.84039688642747
139.13,-65.0,0.0,other_tissue,0,316.621037594999
-166.97000000000003,-77.78999999999996,0.0,other_tissue,0,233.85335924640358
-158.31,-188.39999999999998,0.0,CD4_Tcell,1,999.29657452264
-273.69,-63.91999999999996,0.0,CD4_Tcell,1,891.2747492743343
-283.77,-385.09000000000003,0.0,other_tissue,0,273.2424069028567
-207.38,-449.4,0.0,other_tissue,0,657.8446234189485
-81.17000000000002,34.73000000000002,0.0,apCAF,1,143.93936869008613
271.46000000000004,-98.38999999999999,0.0,other_tissue,0,402.31965426244636
337.25,266.57,0.0,other_tissue,0,534.6555700139909
-212.07,-323.02,0.0,CAF,1,626.1948924145797
300.69000000000005,461.4,0.0,CAF,1,1040.5017838291183
405.54999999999995,-158.73000000000002,0.0,other_tissue,0,330.30390394446374
-152.61,331.74,0.0,CD4_Tcell,1,207.08090406459536
207.27999999999997,381.73,0.0,other_tissue,0,291.01487839041647
-143.88,298.62,0.0,apCAF,1,512.9278518129697
-234.26,300.83000000000004,0.0,other_tissue,0,533.0802153241684
-376.49,-100.75,0.0,apCAF,1,331.28696210717334
-436.27,110.26999999999998,0.0,CAF,1,521.2147925106257
-281.73,-216.99,0.0,CD4_Tcell,1,375.22609034334425
-290.5,168.14999999999998,0.0,other_tissue,0,377.8865430224113
-148.10000000000002,-297.08000000000004,0.0,other_tissue,0,543.2064822398255
245.38,-308.13,0.0,other_tissue,0,559.578661032082
-440.32,62.139999999999986,0.0,other_tissue,0,706.9169660129436
75.29999999999995,462.68,0.0,other_tissue,0,975.4484018366953
-195.51999999999998,-217.11,0.0,CD4_Tcell,1,333.0613785715755
394.41999999999996,216.7,0.0,other_tissue,0,886.2902444385497
192.0,188.35000000000002,0.0,other_tissue,0,505.09718537463164
93.73000000000002,69.56,0.0,CAF,1,720.3950553804227
215.58000000000004,-37.74000000000001,0.0,other_tissue,0,839.8073295496722
158.32000000000005,-60.299999999999955,0.0,other_tissue,0,767.5976145844744
-320.87,176.57,0.0,CD8_Tcell,1,441.4628470793032
73.41999999999996,-70.49000000000001,0.0,other_tissue,0,522.2804147273403
-353.39,90.06,0.0,other_tissue,0,527.267265359087
21.279999999999973,-62.00999999999999,0.0,other_tissue,0,181.83574165861842
153.36,-378.77,0.0,apCAF,1,526.8255138506606
160.29999999999995,32.620000000000005,0.0,apCAF,1,211.51314977182435
-346.53999999999996,-93.70000000000005,0.0,other_tissue,0,219.3593805995701
301.21000000000004,-315.26,0.0,other_tissue,0,975.4484018366953
-358.82,123.02999999999997,0.0,other_tissue,0,975.4484018366953
45.40999999999997,202.55,0.0,other_tissue,0,551.9782375691404
423.80999999999995,7.850000000000023,0.0,other_tissue,0,387.38063459602074
-482.98,-46.40999999999997,0.0,other_tissue,0,750.4958135080748
-197.38,393.93,0.0,CD4_Tcell,1,588.5697536106551
-190.31,334.35,0.0,other_tissue,0,524.0858734287308
-195.68,-72.57000000000005,0.0,other_tissue,0,213.873836457766
-345.5,476.73,0.0,other_tissue,0,369.5192012945538
-234.87,106.94999999999999,0.0,apCAF,1,523.3631914904297
13.100000000000023,37.35000000000002,0.0,CD8_Tcell,1,365.52438918381574
114.90999999999997,39.49000000000001,0.0,other_tissue,0,568.0442313193761
46.879999999999995,-251.77999999999997,0.0,apCAF,1,553.5905888919177
42.629999999999995,-403.98,0.0,other_tissue,0,275.2019555585583
-221.89,77.12,0.0,other_tissue,0,414.05454212828937
-477.67,113.14999999999998,0.0,CAF,1,413.4772100894532
456.61,11.009999999999991,0.0,CAF,1,280.9085387708451
348.70000000000005,-477.11,0.0,CD8_Tcell,1,403.2559863831136
-119.16000000000003,-487.36,0.0,other_tissue,0,273.37479014302676
-320.56,147.23000000000002,0.0,CD8_Tcell,1,918.9438994421761
459.46000000000004,-195.09000000000003,0.0,other_tissue,0,615.0761456706542
105.35000000000002,299.55,0.0,other_tissue,0,409.21096153538514
-387.71,-364.28,0.0,CD8_Tcell,1,180.72047316853127
353.46000000000004,48.56,0.0,CAF,1,211.18713342770613
236.84000000000003,477.44,0.0,CD4_Tcell,1,485.70571989008954
-251.9,260.99,0.0,other_tissue,0,381.65261587208477
-460.0,404.7,0.0,other_tissue,0,371.53997247809343
167.89999999999998,389.45,0.0,other_tissue,0,299.93919429136355
444.59000000000003,-20.549999999999955,0.0,apCAF,1,255.46807189352631
-446.22,353.53999999999996,0.0,other_tissue,0,417.4217718239066
-302.03,-394.72,0.0,CD4_Tcell,1,421.3777508224717
423.38,-257.05999999999995,0.0,CAF,1,467.7197561363923
-278.22,-264.44000000000005,0.0,CD4_Tcell,1,484.3175636337946
-331.15,122.32999999999998,0.0,CD4_Tcell,1,480.58424210002136
-191.72000000000003,-24.120000000000005,0.0,other_tissue,0,731.0763219396307
396.21000000000004,-133.38,0.0,other_tissue,0,531.0321277096194
210.72000000000003,168.88,0.0,other_tissue,0,504.9285112635835
-217.55,-172.30999999999995,0.0,CD4_Tcell,1,301.95893133526994
-86.86000000000001,121.87,0.0,CAF,1,1106.8889877164543
-69.69999999999999,-318.92999999999995,0.0,CD4_Tcell,1,197.5570324982749
-415.88,34.81,0.0,other_tissue,0,498.91164294881224
-78.14999999999998,-389.23,0.0,other_tissue,0,282.16532867307643
275.09000000000003,-381.89,0.0,CD4_Tcell,1,447.44776423192593
128.60000000000002,-119.27999999999997,0.0,other_tissue,0,189.9550718528889
-372.56,68.94999999999999,0.0,CAF,1,148.30615974683303
-67.68,184.64999999999998,0.0,CD4_Tcell,1,468.9154725163568
448.87,151.57999999999998,0.0,other_tissue,0,975.4484018366953
284.53,-209.76,0.0,other_tissue,0,608.6803486526042
-101.22000000000003,169.76999999999998,0.0,other_tissue,0,975.4484018366953
-302.35,416.8,0.0,other_tissue,0,598.0794297038727
-414.15999999999997,-354.49,0.0,CD4_Tcell,1,1005.5914733103036
-225.35000000000002,-64.13,0.0,other_tissue,0,223.42099753265222
-394.38,-172.35000000000002,0.0,CD8_Tcell,1,385.12355603481484
-404.79,77.93,0.0,CD4_Tcell,1,496.9976034778636
-351.49,228.72000000000003,0.0,CD4_Tcell,1,1005.5914733103036
150.51999999999998,-364.62,0.0,other_tissue,0,576.2765487459272
99.60000000000002,97.08999999999997,0.0,other_tissue,0,322.3729186646295
-395.84000000000003,-14.120000000000005,0.0,other_tissue,0,324.90325912251586
-192.20999999999998,306.94,0.0,other_tissue,0,263.52444146759547
343.74,93.07,0.0,other_tissue,0,185.09908932517158
-50.589999999999975,396.01,0.0,other_tissue,0,197.96741257600178
131.42999999999995,-174.85000000000002,0.0,other_tissue,0,531.0796979722556
-69.0,-215.58000000000004,0.0,other_tissue,0,325.2004685403682
-159.16000000000003,205.74,0.0,other_tissue,0,275.6625759175749
178.75,-136.0,0.0,other_tissue,0,265.29751282606657
-192.72000000000003,-179.17999999999995,0.0,other_tissue,0,231.76700200799047
355.5,291.65,0.0,other_tissue,0,320.18382255039256
-325.75,-143.74,0.0,CD4_Tcell,1,290.37823162125835
-353.89,-50.52999999999997,0.0,other_tissue,0,210.46765483814775
-453.9,-275.74,0.0,other_tissue,0,734.9488456071366
20.519999999999982,250.12,0.0,other_tissue,0,294.6508343188748
-32.860000000000014,-416.46000000000004,0.0,CD4_Tcell,1,382.7987700503102
-75.18,423.89,0.0,other_tissue,0,975.4484018366953
-171.52999999999997,-108.94000000000005,0.0,other_tissue,0,677.5904860875181
491.0,213.99,0.0,other_tissue,0,975.4484018366953
363.4,328.22,0.0,other_tissue,0,471.9576461613802
-110.42000000000002,-87.94000000000005,0.0,other_tissue,0,466.72972958879274
-134.05,79.13,0.0,other_tissue,0,425.93329419102866
-337.21000000000004,-406.49,0.0,CAF,1,1104.4352678945245
-40.44,-3.990000000000009,0.0,CD8_Tcell,1,286.67244365238133
142.32000000000005,-173.03999999999996,0.0,CD8_Tcell,1,599.4364363369175
330.44000000000005,135.67000000000002,0.0,other_tissue,0,201.26262707136897
344.53999999999996,-234.90999999999997,0.0,other_tissue,0,504.3154674163246
-47.06,25.54000000000002,0.0,CD8_Tcell,1,353.9306369225956
-280.64,51.579999999999984,0.0,apCAF,1,223.6792842455014
5.990000000000009,-279.79999999999995,0.0,CD4_Tcell,1,146.8408902307274
488.90999999999997,110.88999999999999,0.0,other_tissue,0,879.8581998972816
-121.52999999999997,-125.27999999999997,0.0,other_tissue,0,427.1389977253418
-3.7900000000000205,-151.63,0.0,CD8_Tcell,1,851.8311708073352
-177.23000000000002,-276.64,0.0,CD8_Tcell,1,457.4801966698978
-79.07999999999998,-471.85,0.0,other_tissue,0,301.6651828758786
409.14,-358.89,0.0,other_tissue,0,695.8081666145033
-449.7,-128.77999999999997,0.0,CD4_Tcell,1,1005.5914733103036
382.59000000000003,407.21,0.0,CD8_Tcell,1,467.38473769013433
126.29999999999995,325.18,0.0,other_tissue,0,404.56399973734887
212.86,319.94,0.0,other_tissue,0,314.4804514491562
48.75,141.54000000000002,0.0,other_tissue,0,533.1279078193229
449.53,-252.61,0.0,CD8_Tcell,1,244.58660549128874
-425.23,-446.12,0.0,CAF,1,779.8246052276517
-27.899999999999977,414.65999999999997,0.0,other_tissue,0,802.0130038557259
-263.49,-393.84000000000003,0.0,other_tissue,0,388.24217546435193
-279.64,-79.82000000000005,0.0,CD8_Tcell,1,639.9754094996545
-119.14999999999998,-22.960000000000036,0.0,CD4_Tcell,1,717.1355297850885
-410.81,193.82,0.0,other_tissue,0,802.9944127478877
16.980000000000018,-31.649999999999977,0.0,CD8_Tcell,1,297.2710193731621
-35.01999999999998,-29.649999999999977,0.0,other_tissue,0,141.3189137669376
469.89,420.48,0.0,other_tissue,0,535.2770154286058
24.200000000000045,-482.82000000000005,0.0,other_tissue,0,210.4163261325996
-278.33000000000004,166.26999999999998,0.0,CD4_Tcell,1,432.50984729736194
-46.579999999999984,356.39,0.0,apCAF,1,359.3296101447336
-201.82999999999998,445.12,0.0,other_tissue,0,334.7488522182753
161.14999999999998,99.85000000000002,0.0,epithelial_tumor_class1_class2,1,1388.0256084812906
216.28999999999996,-77.13999999999999,0.0,other_tissue,0,420.1015351112821
-148.41000000000003,437.34000000000003,0.0,other_tissue,0,668.8424988900937
461.75,330.36,0.0,other_tissue,0,697.3852442106197
-264.2,-411.76,0.0,other_tissue,0,292.7491318549773
344.07000000000005,-297.65,0.0,other_tissue,0,975.4484018366953
-432.54,-15.629999999999995,0.0,CD4_Tcell,1,226.22821810888144
-163.99,304.72,0.0,other_tissue,0,549.0222906918165
-55.52999999999997,-483.37,0.0,other_tissue,0,729.9975948895199
6.480000000000018,-292.19000000000005,0.0,CD8_Tcell,1,700.7182131248074
349.94000000000005,448.74,0.0,CD4_Tcell,1,336.9803481351655
-195.58999999999997,-14.620000000000005,0.0,other_tissue,0,378.54412540107404
296.70000000000005,157.07999999999998,0.0,other_tissue,0,401.9771349829716
-106.56,-58.15999999999997,0.0,CAF,1,205.95730337861272
-185.91000000000003,-111.11000000000001,0.0,other_tissue,0,553.9493150605821
-65.44999999999999,-152.84000000000003,0.0,CAF,1,1106.8889877164543
-347.36,422.33,0.0,other_tissue,0,810.0127615594164
-54.06,-382.69000000000005,0.0,other_tissue,0,660.463496609857
171.46000000000004,435.29,0.0,CD8_Tcell,1,617.8258484591998
345.38,-91.65999999999997,0.0,other_tissue,0,167.01543621226637
-311.08000000000004,130.99,0.0,CD4_Tcell,1,413.55773581042376
212.82000000000005,203.64,0.0,CD8_Tcell,1,739.6653127090661
-27.389999999999986,480.4,0.0,CD4_Tcell,1,146.92839836098406
-269.62,473.03,0.0,CD4_Tcell,1,204.8797884091678
-330.39,199.20999999999998,0.0,other_tissue,0,722.3204643271358
239.5,50.110000000000014,0.0,other_tissue,0,203.33745463044502
-322.98,-35.98000000000002,0.0,other_tissue,0,199.90381273621634
-319.99,-50.960000000000036,0.0,apCAF,1,615.7934321638863
-443.61,-95.71000000000004,0.0,apCAF,1,553.5905888919177
-316.07,170.13,0.0,CD4_Tcell,1,350.34951751560266
363.79999999999995,-327.38,0.0,epithelial_tumor_class1,1,2290.2272053131087
421.77,-156.39,0.0,CD8_Tcell,1,632.4809446344243
7.100000000000023,273.83000000000004,0.0,CD4_Tcell,1,682.4332936362666
-326.1,-153.76999999999998,0.0,CAF,1,357.2073022654302
-48.35000000000002,-287.71000000000004,0.0,other_tissue,0,278.40616576793616
490.01,171.08999999999997,0.0,other_tissue,0,192.2574840458569
-363.52,110.72000000000003,0.0,other_tissue,0,535.1176245686645
95.53999999999996,494.691,0.0,other_tissue,0,445.14601977099494
-471.88,-7.740000000000009,0.0,other_tissue,0,361.9390305212057
82.63,296.81,0.0,other_tissue,0,376.75022010787205
186.36,441.04,0.0,other_tissue,0,437.7024650373431
202.5,-204.57000000000005,0.0,other_tissue,0,163.6576017095243
-301.55,256.53,0.0,other_tissue,0,785.6776295494025
-320.65999999999997,-270.57000000000005,0.0,CD4_Tcell,1,287.3878969378814
-391.99,467.52,0.0,other_tissue,0,375.729479182025
-117.36000000000001,368.78,0.0,other_tissue,0,311.626555497165
173.76999999999998,-197.03999999999996,0.0,other_tissue,0,875.2039696502054
51.65999999999997,79.97000000000003,0.0,CD8_Tcell,1,569.0398974152981
440.46000000000004,-441.99,0.0,other_tissue,0,658.8876785490642
346.92999999999995,-304.14,0.0,other_tissue,0,616.441217995405
-337.81,119.81,0.0,other_tissue,0,512.5406039771203
368.78999999999996,-315.1,0.0,other_tissue,0,975.4484018366953
255.74,250.26,0.0,other_tissue,0,552.5804666179785
-369.12,-90.30999999999995,0.0,other_tissue,0,559.5622416310297
399.41999999999996,-186.01999999999998,0.0,other_tissue,0,324.1267984399261
-391.55,-88.83000000000004,0.0,apCAF,1,676.1737911700429
-485.18,-272.46000000000004,0.0,other_tissue,0,220.1871288226289
70.53999999999996,269.4,0.0,other_tissue,0,341.7802758787285
-99.47000000000003,25.75,0.0,CD8_Tcell,1,123.3866426675582
34.440000000000055,362.75,0.0,other_tissue,0,786.0276798561956
204.34000000000003,-306.89,0.0,other_tissue,0,220.96392683032852
395.75,114.50999999999999,0.0,other_tissue,0,215.51238823645426
238.86,346.93,0.0,other_tissue,0,473.7921897083834
-398.93,-452.14,0.0,other_tissue,0,975.4484018366953
442.80999999999995,498.139,0.0,other_tissue,0,503.5651651923079
485.78,332.03999999999996,0.0,other_tissue,0,683.5959885401024
-381.9,-323.92999999999995,0.0,other_tissue,0,731.115568389215
-37.55000000000001,-212.79999999999995,0.0,CD4_Tcell,1,688.9764862712935
480.03999999999996,-149.67999999999995,0.0,other_tissue,0,329.53039486625994
-393.95,92.22000000000003,0.0,apCAF,1,287.1036775812691
-340.93,-13.980000000000018,0.0,CD4_Tcell,1,484.30265161356783
-89.72000000000003,-97.87,0.0,other_tissue,0,305.0274187480859
-466.99,302.31,0.0,other_tissue,0,759.4170680016895
-336.53,94.51999999999998,0.0,CD8_Tcell,1,316.26173010982916
430.27,4.610000000000014,0.0,other_tissue,0,475.26324272445686
-433.73,299.47,0.0,other_tissue,0,911.1496499060855
-351.82,134.07999999999998,0.0,other_tissue,0,326.15046520325296
22.41999999999996,289.77,0.0,CAF,1,483.5276482868089
110.80999999999995,-192.99,0.0,other_tissue,0,612.4741121124142
-94.70999999999998,-73.37,0.0,other_tissue,0,343.99539088820416
-380.6,37.19,0.0,CD4_Tcell,1,300.6656927957068
-414.4,13.95999999999998,0.0,other_tissue,0,975.4484018366953
367.78,85.52999999999997,0.0,other_tissue,0,301.61080592782537
-197.51999999999998,-154.12,0.0,other_tissue,0,220.23121621397283
67.41999999999996,181.8,0.0,other_tissue,0,723.274712426731
175.07000000000005,416.89,0.0,CD4_Tcell,1,297.2602493344201
-330.13,-354.47,0.0,other_tissue,0,556.072224463454
-404.93,-164.32000000000005,0.0,epithelial_tumor_class1_class2,1,1075.7570213372676
-19.370000000000005,235.04000000000002,0.0,other_tissue,0,223.9288533306564
227.13,201.01,0.0,other_tissue,0,822.5787897342204
325.73,-368.78999999999996,0.0,CD4_Tcell,1,302.7868025497019
-268.85,311.39,0.0,other_tissue,0,503.8713210479796
-178.33999999999997,455.76,0.0,other_tissue,0,400.71413253829155
327.02,154.95,0.0,other_tissue,0,610.5404615330284
-295.37,-411.65999999999997,0.0,other_tissue,0,593.2179933907137
484.38,-426.78999999999996,0.0,CAF,1,373.5680975247635
-168.47000000000003,425.09000000000003,0.0,apCAF,1,1006.1276089179573
-272.03,-236.01999999999998,0.0,apCAF,1,931.6637791266746
-336.63,229.06,0.0,other_tissue,0,339.409949478364
-289.83000000000004,-223.84000000000003,0.0,CAF,1,515.5663111861996
11.509999999999991,-222.46000000000004,0.0,other_tissue,0,316.94689497913595
471.89,-458.49,0.0,other_tissue,0,330.04978256447
377.15999999999997,-117.96000000000004,0.0,CAF,1,518.5570805896555
52.64999999999998,-275.32000000000005,0.0,CD8_Tcell,1,205.63702280383197
-478.93,286.66999999999996,0.0,CAF,1,1106.8889877164543
-258.58000000000004,383.02,0.0,other_tissue,0,646.8413699047032
-75.66000000000003,469.14,0.0,other_tissue,0,303.20130498983707
-68.82999999999998,178.12,0.0,other_tissue,0,556.82470491623
-152.92000000000002,448.51,0.0,other_tissue,0,290.20861610844486
-70.07999999999998,-351.88,0.0,other_tissue,0,348.37048521946554
368.87,-170.94000000000005,0.0,other_tissue,0,332.82906960417324
-467.5,-234.84000000000003,0.0,other_tissue,0,368.42457600688834
-493.07,143.67000000000002,0.0,other_tissue,0,522.484301857301
220.44000000000005,325.78,0.0,other_tissue,0,483.2595706637039
-396.28,-69.14999999999998,0.0,CD8_Tcell,1,253.7003571048583
-467.33,-491.5,0.0,other_tissue,0,371.19017808166575
253.63,108.92000000000002,0.0,other_tissue,0,776.6331901594141
342.66999999999996,467.15,0.0,other_tissue,0,845.4590441409805
329.25,423.64,0.0,other_tissue,0,961.5004004398111
329.07000000000005,-161.91999999999996,0.0,CD8_Tcell,1,466.11894108769104
-232.79000000000002,421.05,0.0,other_tissue,0,366.0438106904808
182.19000000000005,-204.64,0.0,CD4_Tcell,1,209.1954602969923
133.82000000000005,-277.42999999999995,0.0,apCAF,1,452.9586562316228
51.879999999999995,407.67,0.0,other_tissue,0,410.31815029374604
200.59000000000003,260.57,0.0,other_tissue,0,258.3311170491255
399.36,384.93,0.0,other_tissue,0,975.4484018366953
-415.39,131.55,0.0,other_tissue,0,409.9043886093882
129.78999999999996,225.0,0.0,other_tissue,0,367.3073110557941
-141.95,7.019999999999982,0.0,other_tissue,0,378.17730276108745
46.639999999999986,61.22000000000003,0.0,other_tissue,0,356.2829455161435
184.54999999999995,-116.34000000000003,0.0,CAF,1,287.1036775812691
-160.06,-47.35000000000002,0.0,CD8_Tcell,1,327.6766036463978
-78.61000000000001,-113.15999999999997,0.0,CD8_Tcell,1,376.57366376645234
-274.81,181.0,0.0,other_tissue,0,425.08518506768985
-63.14999999999998,124.93,0.0,CD4_Tcell,1,353.4952681841207
222.02999999999997,87.69,0.0,other_tissue,0,320.8179768077717
245.12,-284.59000000000003,0.0,other_tissue,0,298.5545122399149
-29.660000000000025,-81.73000000000002,0.0,apCAF,1,564.1722312295284
67.39999999999998,-30.559999999999945,0.0,other_tissue,0,286.4202145151385
-206.72000000000003,229.82999999999998,0.0,other_tissue,0,975.4484018366953
19.590000000000032,344.03999999999996,0.0,CD4_Tcell,1,420.6171413476859
-474.02,103.80000000000001,0.0,CAF,1,431.73589606929653
333.09000000000003,-483.67999999999995,0.0,other_tissue,0,713.4417201852699
-164.60000000000002,109.60000000000002,0.0,other_tissue,0,471.5913066575173
47.299999999999955,228.57,0.0,other_tissue,0,975.4484018366953
151.39,126.39999999999998,0.0,CD4_Tcell,1,347.47339428243555
115.42999999999995,331.0,0.0,CD8_Tcell,1,248.47484615772387
79.27999999999997,-148.58000000000004,0.0,other_tissue,0,440.9583555297906
214.19000000000005,35.879999999999995,0.0,CD4_Tcell,1,211.11854112312176
198.5,-381.38,0.0,CD8_Tcell,1,718.6670554728604
21.5,42.26999999999998,0.0,CD8_Tcell,1,471.60595659662897
391.42999999999995,-163.0,0.0,other_tissue,0,227.48738711682083
-396.85,-112.54999999999995,0.0,other_tissue,0,675.1311752321714
-465.34000000000003,28.670000000000016,0.0,CD4_Tcell,1,375.5406556419738
-416.57,19.99000000000001,0.0,other_tissue,0,255.93564682943665
201.26,131.82,0.0,CAF,1,1106.8889877164543
0.3299999999999841,335.53999999999996,0.0,CD4_Tcell,1,151.92583513826298
-467.40999999999997,429.67,0.0,CAF,1,380.76274603196583
281.08000000000004,136.83999999999997,0.0,other_tissue,0,326.0817287895923
263.92999999999995,481.39,0.0,CD4_Tcell,1,1005.5914733103036
371.15999999999997,406.23,0.0,apCAF,1,1261.5548628996441
122.65999999999997,494.18,0.0,other_tissue,0,889.573900669054
-310.44,-195.64999999999998,0.0,epithelial_tumor_class1_class2,1,1487.052811351439
467.39,-41.35000000000002,0.0,other_tissue,0,723.5475090214532
124.76999999999998,-383.28999999999996,0.0,CD8_Tcell,1,382.8752618114174
292.9,439.79,0.0,other_tissue,0,186.84802077377432
61.210000000000036,63.360000000000014,0.0,other_tissue,0,202.53584049045358
475.78,-33.139999999999986,0.0,other_tissue,0,541.7911148520261
-136.87,-29.519999999999982,0.0,other_tissue,0,975.4484018366953
185.25,-288.9,0.0,other_tissue,0,830.4367525931943
-2.9599999999999795,-60.84000000000003,0.0,CD8_Tcell,1,221.77798501019828
4.259999999999991,351.8,0.0,other_tissue,0,975.4484018366953
-150.64999999999998,-165.89999999999998,0.0,other_tissue,0,498.774763154839
-242.08999999999997,349.64,0.0,other_tissue,0,128.00361515256066
-468.76,-360.29999999999995,0.0,other_tissue,0,975.4484018366953
-338.18,-486.85,0.0,other_tissue,0,152.0773454566444
22.50999999999999,404.33,0.0,other_tissue,0,290.43125001918867
417.59000000000003,4.25,0.0,other_tissue,0,382.7987700503102
487.04999999999995,267.15999999999997,0.0,other_tissue,0,229.72029864001425
227.41999999999996,93.48000000000002,0.0,other_tissue,0,382.7350346989549
58.789999999999964,-249.62,0.0,other_tissue,0,230.2830713676759
405.34000000000003,261.78,0.0,other_tissue,0,489.7959465512172
-235.04000000000002,275.6,0.0,other_tissue,0,488.22007601684174
312.24,93.44999999999999,0.0,other_tissue,0,394.77701375191646
132.76999999999998,-110.54999999999995,0.0,other_tissue,0,294.4367504079088
-459.62,-101.52999999999997,0.0,CD8_Tcell,1,486.3185442598051
398.03999999999996,200.16000000000003,0.0,other_tissue,0,288.94917273120615
26.75999999999999,-203.39,0.0,apCAF,1,1023.3657908187403
-39.910000000000025,478.84,0.0,other_tissue,0,470.6543414746564
214.63,-206.33000000000004,0.0,CAF,1,223.6792842455014
-318.46000000000004,105.18,0.0,CD8_Tcell,1,589.9973853180837
-333.37,-203.78999999999996,0.0,other_tissue,0,454.4434533365059
462.15,396.4,0.0,other_tissue,0,304.1845298932391
-38.98000000000002,-70.47000000000003,0.0,CD4_Tcell,1,263.8028263367337
429.16999999999996,88.48000000000002,0.0,other_tissue,0,658.2653727343201
-481.78,-232.26,0.0,other_tissue,0,837.2916290346802
220.5,-305.6,0.0,other_tissue,0,823.2795073212188
-388.06,-212.20000000000005,0.0,other_tissue,0,348.19094365700363
9.980000000000018,-421.59000000000003,0.0,other_tissue,0,432.6343185217983
-145.36,-65.80999999999995,0.0,CD4_Tcell,1,137.31619140962127
-408.65999999999997,-40.710000000000036,0.0,CD4_Tcell,1,379.60798461202694
363.78999999999996,344.89,0.0,CD4_Tcell,1,460.83332080694237
-384.87,284.53999999999996,0.0,other_tissue,0,349.10125675555867
-183.17000000000002,363.28,0.0,CD4_Tcell,1,403.2823829521836
139.35000000000002,-119.61000000000001,0.0,CAF,1,391.27409426918274
-323.55,47.56,0.0,CD4_Tcell,1,590.8652869948131
-147.2,100.08999999999997,0.0,CD4_Tcell,1,398.5102491162512
244.24,134.56,0.0,other_tissue,0,559.3488186447955
-55.95999999999998,352.33000000000004,0.0,other_tissue,0,118.87620074526735
-212.41000000000003,3.5600000000000023,0.0,CD4_Tcell,1,934.2032727800753
281.66999999999996,402.07,0.0,other_tissue,0,378.5567786866017
-94.49000000000001,-300.90999999999997,0.0,CD8_Tcell,1,382.5056460118034
112.67999999999995,-115.49000000000001,0.0,CAF,1,211.23858740495254
263.05999999999995,-170.83000000000004,0.0,other_tissue,0,445.83712337067425
86.37,-401.53999999999996,0.0,CD8_Tcell,1,576.360275797105
-40.06,320.45,0.0,apCAF,1,357.2073022654302
-489.59,83.73000000000002,0.0,CAF,1,327.66511119505105
-315.4,-291.13,0.0,CD4_Tcell,1,252.94526820303818
91.63999999999999,432.35,0.0,other_tissue,0,451.2636773291508
-158.08999999999997,478.59,0.0,other_tissue,0,638.9165410922019
-259.62,-44.460000000000036,0.0,other_tissue,0,231.3475803350784
268.72,-488.85,0.0,other_tissue,0,378.12672514002855
-188.07,-306.78999999999996,0.0,CD8_Tcell,1,290.0390666589518
-197.57999999999998,461.1,0.0,other_tissue,0,281.59359685932077
-292.07,253.64,0.0,other_tissue,0,217.32531158694505
231.04999999999995,-126.48000000000002,0.0,other_tissue,0,287.7144541113244
376.41999999999996,-171.38,0.0,other_tissue,0,554.0308653418881
-424.81,-232.39999999999998,0.0,other_tissue,0,209.57913820955008
-489.18,149.32,0.0,CD8_Tcell,1,282.87326629674556
-357.84000000000003,-258.62,0.0,other_tissue,0,605.5770245327512
-221.32999999999998,-126.44000000000005,0.0,CD4_Tcell,1,317.5317507060963
-393.42,47.25,0.0,other_tissue,0,181.24655772314244
200.69000000000005,-357.67999999999995,0.0,other_tissue,0,236.46037227712364
432.91999999999996,37.14999999999998,0.0,CAF,1,1106.8889877164543
-388.89,-326.0,0.0,other_tissue,0,371.57746347774355
279.62,457.55,0.0,other_tissue,0,173.7251908163138
164.36,137.70999999999998,0.0,other_tissue,0,369.08357965983714
-56.85000000000002,492.934,0.0,other_tissue,0,627.2042270865261
400.26,306.73,0.0,CD8_Tcell,1,359.0119509284848
214.49,-421.38,0.0,CD8_Tcell,1,439.39128445821643
-350.57,-344.78999999999996,0.0,epithelial_tumor_class1,1,1338.970780568848
209.14999999999998,-466.67999999999995,0.0,other_tissue,0,362.4673428183645
-4.0400000000000205,283.28999999999996,0.0,other_tissue,0,309.77417133364776
-452.81,147.02999999999997,0.0,CAF,1,896.4577403082541
-159.0,397.22,0.0,other_tissue,0,349.6410050413637
470.14,-264.20000000000005,0.0,other_tissue,0,339.9278869080927
-131.11,-157.59000000000003,0.0,other_tissue,0,636.5875645025818
-450.86,-374.89,0.0,other_tissue,0,413.3296067510993
-350.08000000000004,-371.76,0.0,CD4_Tcell,1,175.22005833662158
-362.16999999999996,210.75,0.0,other_tissue,0,200.342270702763
493.17999999999995,-196.63,0.0,CD8_Tcell,1,539.7207618076314
166.39,-469.21000000000004,0.0,CD8_Tcell,1,226.65041964598748
248.45000000000005,19.95999999999998,0.0,other_tissue,0,743.9650672966349
-220.54000000000002,395.69,0.0,other_tissue,0,269.58327607553883
-367.90999999999997,-202.64999999999998,0.0,CD4_Tcell,1,300.4812464144595
48.25999999999999,-79.71000000000004,0.0,other_tissue,0,200.49960972518736
348.6,98.86000000000001,0.0,other_tissue,0,188.71133344202025
260.42999999999995,-177.09000000000003,0.0,CD4_Tcell,1,402.9129357963365
183.58000000000004,-230.84000000000003,0.0,CD4_Tcell,1,570.3692611079139
78.28999999999996,110.02999999999997,0.0,other_tissue,0,242.5402214296732
115.59000000000003,105.10000000000002,0.0,CD8_Tcell,1,374.96199128264783
383.95000000000005,-480.22,0.0,other_tissue,0,907.5184004447375
-448.99,-82.25,0.0,other_tissue,0,879.4586208847136
452.74,449.9,0.0,other_tissue,0,195.5788065879501
-26.50999999999999,354.9,0.0,CD4_Tcell,1,262.1948821762671
-154.79000000000002,320.62,0.0,other_tissue,0,461.74276502256885
-294.84000000000003,304.75,0.0,other_tissue,0,329.89968121384607
296.05999999999995,-419.22,0.0,CD4_Tcell,1,477.68235597623556
-356.39,34.829999999999984,0.0,CD4_Tcell,1,151.68500344470513
191.76999999999998,-421.70000000000005,0.0,CD8_Tcell,1,499.7486747536001
468.91999999999996,-165.26999999999998,0.0,other_tissue,0,294.1265129679764
-323.58000000000004,-333.78999999999996,0.0,other_tissue,0,196.72979541009104
52.92999999999995,340.26,0.0,other_tissue,0,641.9346999577963
-495.971,-365.17999999999995,0.0,other_tissue,0,796.2244234469273
-268.18,139.66000000000003,0.0,CD4_Tcell,1,629.6346067668547
50.99000000000001,-130.5,0.0,CD8_Tcell,1,347.4614434858525
-452.14,347.82,0.0,CAF,1,331.437483931637
-357.25,401.88,0.0,CAF,1,926.4377441471069
102.30999999999995,354.94,0.0,other_tissue,0,655.5245833364177
-238.44,-426.27,0.0,other_tissue,0,896.8849390035205
285.39,161.22000000000003,0.0,CD8_Tcell,1,299.6034495755571
-442.65999999999997,-258.13,0.0,other_tissue,0,388.70562006813293
176.03999999999996,208.83999999999997,0.0,other_tissue,0,321.8275510607978
-368.09000000000003,159.39,0.0,other_tissue,0,476.44227507118285
185.05999999999995,-14.139999999999986,0.0,CD8_Tcell,1,481.51948094167545
145.57000000000005,-115.63999999999999,0.0,other_tissue,0,329.56500374846155
325.57000000000005,103.64999999999998,0.0,other_tissue,0,265.4373042561563
95.74000000000001,199.29000000000002,0.0,other_tissue,0,975.4484018366953
292.80999999999995,22.20999999999998,0.0,other_tissue,0,414.56518963021296
78.33000000000004,345.13,0.0,other_tissue,0,323.88725936552714
-402.40999999999997,330.86,0.0,other_tissue,0,335.69398645390453
-260.40999999999997,-241.64999999999998,0.0,CD4_Tcell,1,668.2878673786392
80.78999999999996,308.65999999999997,0.0,other_tissue,0,414.8341200307091
-312.03999999999996,-384.37,0.0,other_tissue,0,230.50116539110786
400.78999999999996,-320.67999999999995,0.0,other_tissue,0,180.6663752694914
178.39999999999998,495.993,0.0,other_tissue,0,403.1240208153292
-263.73,-214.90999999999997,0.0,CD8_Tcell,1,756.4823461700686
249.67999999999995,3.7900000000000205,0.0,other_tissue,0,456.08907003157367
-5.0,118.11000000000001,0.0,other_tissue,0,648.3979297004089
-141.79000000000002,-89.16999999999996,0.0,other_tissue,0,289.55197986852096
-345.78999999999996,462.73,0.0,other_tissue,0,364.6968057523352
-186.74,-338.38,0.0,apCAF,1,239.89796309067088
-35.23000000000002,138.31,0.0,other_tissue,0,345.7433880070848
347.46000000000004,-65.25,0.0,other_tissue,0,310.2393475295939
-243.43,20.579999999999984,0.0,CD8_Tcell,1,321.5210522555671
-214.14,-120.49000000000001,0.0,other_tissue,0,272.02242524706924
-182.55,-96.37,0.0,CAF,1,640.3346132683909
-445.15999999999997,-193.29999999999995,0.0,CD8_Tcell,1,187.08520441078022
-53.089999999999975,437.57,0.0,other_tissue,0,263.4151295895542
31.159999999999968,-88.27999999999997,0.0,other_tissue,0,397.09774282216654
-48.829999999999984,465.61,0.0,other_tissue,0,326.5057572263881
-428.65999999999997,306.16999999999996,0.0,other_tissue,0,337.95313875557997
67.88,86.39999999999998,0.0,other_tissue,0,415.66854333798887
-179.13,252.26,0.0,CD4_Tcell,1,354.6812763360113
-296.22,-329.65,0.0,other_tissue,0,504.4686818321455
188.28999999999996,-254.83000000000004,0.0,other_tissue,0,395.25866604197967
317.49,391.49,0.0,other_tissue,0,385.59732569192533
-227.64999999999998,135.76999999999998,0.0,other_tissue,0,371.5274760386368
-285.44,-37.799999999999955,0.0,CD8_Tcell,1,358.58462846757556
-277.3,-325.5,0.0,other_tissue,0,153.2445805144291
-334.66999999999996,56.68000000000001,0.0,CD8_Tcell,1,241.79806821998062
-271.74,-141.55999999999995,0.0,other_tissue,0,975.4484018366953
-104.01999999999998,493.649,0.0,apCAF,1,302.6450858573396
-310.14,-134.29999999999995,0.0,CD8_Tcell,1,489.2702801741786
143.76,-32.639999999999986,0.0,other_tissue,0,823.6406382991067
-116.74000000000001,17.75,0.0,apCAF,1,223.6792842455014
256.86,236.36,0.0,other_tissue,0,321.1126899786664
287.63,8.379999999999995,0.0,other_tissue,0,235.77681883548243
-155.48000000000002,167.87,0.0,other_tissue,0,344.7081457221491
310.34000000000003,292.96000000000004,0.0,other_tissue,0,375.55324190936625
295.4,146.63,0.0,other_tissue,0,613.0323180986358
339.35,-2.0,0.0,other_tissue,0,214.9566010218136
386.98,344.88,0.0,other_tissue,0,245.48609853425853
263.69000000000005,-66.80999999999995,0.0,other_tissue,0,585.5690725366841
358.33000000000004,461.14,0.0,other_tissue,0,143.66062229558437
-172.8,-347.74,0.0,other_tissue,0,356.23433938448926
186.98000000000002,124.20999999999998,0.0,CD8_Tcell,1,482.57493360932784
74.49000000000001,499.9906,0.0,apCAF,1,165.13789091594228
-4.7900000000000205,-24.879999999999995,0.0,CD8_Tcell,1,262.2543188275846
-31.74000000000001,-373.6,0.0,other_tissue,0,268.30380205595077
138.69000000000005,225.45,0.0,CD8_Tcell,1,224.25000054970624
-258.28,-403.5,0.0,other_tissue,0,339.3511262636805
401.36,-398.59000000000003,0.0,CD8_Tcell,1,300.0042060979559
315.88,451.4,0.0,CD4_Tcell,1,349.7490214157174
390.79999999999995,208.61,0.0,other_tissue,0,373.98213689078995
75.51999999999998,410.13,0.0,other_tissue,0,911.5815031031104
-119.72000000000003,-111.41999999999996,0.0,other_tissue,0,360.7001304883924
399.87,38.01999999999998,0.0,other_tissue,0,454.4005772677225
410.38,-12.889999999999986,0.0,other_tissue,0,274.2210143412576
-69.95999999999998,-251.37,0.0,other_tissue,0,205.51068772161187
-209.85000000000002,-130.04999999999995,0.0,CD4_Tcell,1,185.94855124577265
-454.13,60.72000000000003,0.0,CAF,1,351.6127958114277
346.53,316.22,0.0,other_tissue,0,510.32929179744315
492.69000000000005,353.14,0.0,other_tissue,0,564.0566740360462
402.46000000000004,-181.84000000000003,0.0,apCAF,1,247.07265352157444
-460.56,-260.02,0.0,CD4_Tcell,1,347.65268911599145
-396.65,83.36000000000001,0.0,other_tissue,0,441.86952276684383
-251.05,-263.13,0.0,other_tissue,0,371.82746793025166
-64.72000000000003,455.34000000000003,0.0,other_tissue,0,195.76624928170412
-36.44999999999999,145.72000000000003,0.0,CAF,1,1006.1276089179573
-45.670000000000016,-495.74,0.0,other_tissue,0,125.64763028269607
350.5,-200.92999999999995,0.0,other_tissue,0,801.8251657629091
189.69000000000005,501.248,0.0,apCAF,1,1261.5548628996441
479.65,388.27,0.0,other_tissue,0,271.50503461419265
-341.40999999999997,346.65999999999997,0.0,CAF,1,509.665597809192
-273.71000000000004,303.38,0.0,apCAF,1,302.03511945888096
-474.11,375.76,0.0,other_tissue,0,410.03782971407986
-55.629999999999995,-352.77,0.0,other_tissue,0,248.32196992360477
245.40999999999997,379.52,0.0,other_tissue,0,237.692239769278
189.65999999999997,165.76,0.0,other_tissue,0,247.3298025891131
472.02,144.92000000000002,0.0,CAF,1,812.9368153364667
22.08000000000004,279.87,0.0,other_tissue,0,240.90761234600825
-487.41,175.82,0.0,CAF,1,605.109842887684
-17.850000000000023,148.89999999999998,0.0,other_tissue,0,695.0869252553682
-460.1,305.93,0.0,CAF,1,282.53997186064333
-368.96000000000004,-318.77,0.0,other_tissue,0,700.4130444219209
433.88,-231.28999999999996,0.0,other_tissue,0,508.0781597358911
10.670000000000016,-262.84000000000003,0.0,other_tissue,0,250.90054854260163
335.11,-300.35,0.0,CAF,1,1106.8889877164543
-275.53,-475.26,0.0,other_tissue,0,332.0052452213785
222.19000000000005,-247.97000000000003,0.0,CAF,1,209.00805497681884
-205.26999999999998,51.670000000000016,0.0,other_tissue,0,279.4797367508495
-255.89,417.24,0.0,other_tissue,0,258.5862039652085
374.97,-24.519999999999982,0.0,other_tissue,0,511.99878452440527
-279.93,-307.40999999999997,0.0,other_tissue,0,521.8884731871327
84.61000000000001,327.4,0.0,CD4_Tcell,1,570.7185618160931
156.78999999999996,281.9,0.0,CAF,1,564.8163388084153
208.61,345.64,0.0,other_tissue,0,199.73852329700318
-253.46,461.63,0.0,CAF,1,196.23129727362556
337.94000000000005,109.79000000000002,0.0,other_tissue,0,229.2852338767915
147.28999999999996,210.27999999999997,0.0,other_tissue,0,232.61651105088384
-78.44999999999999,-27.889999999999986,0.0,apCAF,1,1261.5548628996441
422.23,-218.04999999999995,0.0,CD4_Tcell,1,722.0868989286078
-85.07,161.74,0.0,other_tissue,0,212.4759914821749
-139.57999999999998,439.97,0.0,other_tissue,0,277.55134885988787
-403.81,-307.84000000000003,0.0,other_tissue,0,572.0505376182163
-18.019999999999982,44.0,0.0,other_tissue,0,268.5553462869173
-62.74000000000001,402.28,0.0,other_tissue,0,141.57491830190025
223.54999999999995,-90.02999999999997,0.0,other_tissue,0,288.82237266696706
324.28999999999996,-294.22,0.0,other_tissue,0,949.5138426475936
467.59000000000003,-76.29999999999995,0.0,other_tissue,0,477.3869036836572
-355.72,378.36,0.0,other_tissue,0,175.4018349629202
-386.0,217.8,0.0,other_tissue,0,508.77129455318396
224.14999999999998,438.45,0.0,other_tissue,0,229.01359754435887
-394.67,-136.26,0.0,CD4_Tcell,1,334.0848222773441
210.66999999999996,-367.19000000000005,0.0,CD4_Tcell,1,427.83879805803053
376.26,481.39,0.0,other_tissue,0,323.29462298471503
-0.37000000000000455,493.188,0.0,other_tissue,0,654.1023843028929
-169.0,73.49000000000001,0.0,CD8_Tcell,1,317.0705545175241
-105.39999999999998,61.55000000000001,0.0,CD4_Tcell,1,1005.5914733103036
207.54999999999995,214.57,0.0,other_tissue,0,322.15697037687994
469.17999999999995,-65.38,0.0,other_tissue,0,687.2991210759801
349.92999999999995,-17.82000000000005,0.0,other_tissue,0,272.8556855719513
-24.970000000000027,-147.88,0.0,CD8_Tcell,1,662.4827373147534
-100.10000000000002,66.62,0.0,CD4_Tcell,1,491.7667825032607
450.59000000000003,-420.96000000000004,0.0,other_tissue,0,252.0758752611702
252.61,62.410000000000025,0.0,other_tissue,0,554.4550558265104
-112.19999999999999,-33.200000000000045,0.0,other_tissue,0,299.71172693250605
-275.78999999999996,-106.39999999999998,0.0,other_tissue,0,781.3210218688275
71.25,0.12999999999999545,0.0,CD4_Tcell,1,124.75806072005919
169.73000000000002,499.4564,0.0,other_tissue,0,608.3157238528032
4.800000000000011,20.730000000000018,0.0,CAF,1,294.2762555441615
-484.19,-98.30999999999995,0.0,other_tissue,0,975.4484018366953
76.46000000000004,446.27,0.0,apCAF,1,381.02956158313435
73.16999999999996,346.28999999999996,0.0,other_tissue,0,127.72131751264763
393.96000000000004,-346.92999999999995,0.0,other_tissue,0,227.10014652362105
322.24,185.68,0.0,CD4_Tcell,1,221.73369142434754
406.25,-58.049999999999955,0.0,other_tissue,0,619.0544674136418
303.21000000000004,99.61000000000001,0.0,CD4_Tcell,1,242.4649976660999
-33.31999999999999,-362.02,0.0,other_tissue,0,712.6118825509195
310.26,477.46,0.0,other_tissue,0,647.148864189101
-327.34000000000003,-483.07000000000005,0.0,CD4_Tcell,1,1005.5914733103036
-404.06,14.389999999999986,0.0,CD4_Tcell,1,545.8346360969448
-271.23,71.94999999999999,0.0,apCAF,1,247.07265352157444
288.0,63.69999999999999,0.0,other_tissue,0,216.63555678463462
264.47,-19.389999999999986,0.0,other_tissue,0,359.72083249538787
-207.85000000000002,277.78999999999996,0.0,other_tissue,0,300.75251720411165
382.39,66.86000000000001,0.0,CD4_Tcell,1,152.27721746345696
271.21000000000004,493.233,0.0,CD8_Tcell,1,505.09718537463164
-310.32,191.93,0.0,other_tissue,0,289.80604401127675
237.91999999999996,-137.87,0.0,other_tissue,0,402.35918823361936
102.20000000000005,-287.37,0.0,other_tissue,0,257.3026650674819
16.360000000000014,487.38,0.0,other_tissue,0,307.96222187394955
-154.97000000000003,108.44,0.0,apCAF,1,676.1737911700429
180.26,17.569999999999993,0.0,other_tissue,0,464.84092214591135
52.48000000000002,1.089999999999975,0.0,other_tissue,0,485.3472324279371
223.71000000000004,-291.58000000000004,0.0,other_tissue,0,327.75705833014075
276.66999999999996,488.47,0.0,CD4_Tcell,1,476.44227507118285
-172.02999999999997,212.92000000000002,0.0,other_tissue,0,634.585605865247
-458.93,169.33999999999997,0.0,CAF,1,709.5874743591603
355.05999999999995,-265.34000000000003,0.0,other_tissue,0,975.4484018366953
407.03999999999996,-26.049999999999955,0.0,other_tissue,0,179.04845408762262
-172.83999999999997,95.93,0.0,other_tissue,0,445.4844301866042
75.72000000000003,-405.71000000000004,0.0,other_tissue,0,187.64733847855004
253.89,325.88,0.0,other_tissue,0,545.4471376515564
344.67999999999995,-366.67999999999995,0.0,other_tissue,0,427.3310237318921
342.28999999999996,-218.39999999999998,0.0,CD8_Tcell,1,160.2380524284478
-433.29,-238.61,0.0,other_tissue,0,422.88809641989644
-130.07999999999998,122.39999999999998,0.0,other_tissue,0,260.27793309079317
-88.33999999999997,399.73,0.0,other_tissue,0,121.59750776138951
-431.1,503.426,0.0,epithelial_tumor_class1,1,1772.8067684232756
-478.41,-314.37,0.0,other_tissue,0,903.9872337697664
-280.09000000000003,-244.75,0.0,CAF,1,193.1125341220632
248.61,487.16,0.0,CD4_Tcell,1,506.86284627758783
-358.6,275.37,0.0,CAF,1,602.8120473442058
230.64,392.42,0.0,other_tissue,0,202.87793827982907
319.21000000000004,-94.96000000000004,0.0,other_tissue,0,346.82844331490435
-148.17000000000002,-80.49000000000001,0.0,other_tissue,0,289.3086411083478
156.01999999999998,341.77,0.0,other_tissue,0,258.085999423454
368.86,-443.55999999999995,0.0,other_tissue,0,460.761193886519
432.27,-184.04999999999995,0.0,CAF,1,545.253457220995
-352.7,-235.23000000000002,0.0,other_tissue,0,760.9678847468024
249.30999999999995,475.39,0.0,other_tissue,0,434.55974112125017
-324.01,-413.79999999999995,0.0,other_tissue,0,544.1084527508499
224.66999999999996,240.32,0.0,apCAF,1,464.14480656882836
-224.36,377.37,0.0,other_tissue,0,119.90804879814148
-347.9,271.6,0.0,other_tissue,0,632.3384244236032
-270.88,-365.99,0.0,other_tissue,0,155.4640705052119
339.22,-145.82000000000005,0.0,other_tissue,0,562.9019698507211
296.27,258.1,0.0,other_tissue,0,784.0728487000824
221.64999999999998,-190.84000000000003,0.0,other_tissue,0,286.77758281500036
260.36,-413.32000000000005,0.0,other_tissue,0,303.441452899926
147.67999999999995,-19.350000000000023,0.0,other_tissue,0,279.2420751395505
-475.92,20.75999999999999,0.0,other_tissue,0,363.91977068047544
391.4,468.37,0.0,other_tissue,0,753.4550838423763
-475.67,-129.88,0.0,epithelial_tumor_class1,1,3430.294422060017
-245.11,-154.89999999999998,0.0,other_tissue,0,314.8272184942722
171.92999999999995,-87.84000000000003,0.0,other_tissue,0,294.05166073279526
-258.74,-142.33000000000004,0.0,CD8_Tcell,1,920.6819696853643
70.13,-235.26999999999998,0.0,apCAF,1,396.81041987433366
89.26999999999998,-225.29999999999995,0.0,other_tissue,0,364.7585225337911
-477.63,-121.5,0.0,epithelial_tumor_class1,1,4034.233950875785
-478.01,-331.32000000000005,0.0,other_tissue,0,975.4484018366953
398.19000000000005,474.69,0.0,CD4_Tcell,1,242.12668320434346
-388.75,60.93000000000001,0.0,other_tissue,0,472.1188956275471
-285.2,-411.48,0.0,other_tissue,0,223.11843192967856
-11.0,266.52,0.0,CD8_Tcell,1,452.9158736075148
348.24,-422.01,0.0,CAF,1,676.1737911700429
-214.05,-42.889999999999986,0.0,other_tissue,0,263.1767358821587
-280.51,24.94999999999999,0.0,other_tissue,0,373.4426914102212
386.15999999999997,189.92000000000002,0.0,other_tissue,0,395.91016970652066
-369.91999999999996,497.885,0.0,other_tissue,0,911.5815031031104
-397.0,-75.63999999999999,0.0,CD8_Tcell,1,184.08784959506264
188.19000000000005,22.529999999999973,0.0,other_tissue,0,737.610486778339
-196.3,-370.92999999999995,0.0,other_tissue,0,149.24304185877224
86.24000000000001,451.56,0.0,other_tissue,0,975.4484018366953
-218.10000000000002,-295.72,0.0,other_tissue,0,208.3955110687876
-447.34000000000003,-109.27999999999997,0.0,other_tissue,0,289.1288696764332
-160.24,88.38999999999999,0.0,other_tissue,0,752.8345938063738
-440.04,-147.83000000000004,0.0,other_tissue,0,560.5644129977587
-263.11,-378.39,0.0,other_tissue,0,849.4866826637495
468.83000000000004,167.13,0.0,other_tissue,0,286.31516272222206
464.0,324.13,0.0,other_tissue,0,292.3442131908334
260.94000000000005,424.18,0.0,other_tissue,0,300.9370745679313
319.88,-286.02,0.0,other_tissue,0,558.6760708638228
-349.4,455.74,0.0,other_tissue,0,454.5863930448264
384.78999999999996,-308.54999999999995,0.0,other_tissue,0,275.30427126001865
-382.82,192.62,0.0,other_tissue,0,864.6054791807157
96.48000000000002,-11.199999999999989,0.0,CD4_Tcell,1,336.06786250082257
414.53999999999996,274.32,0.0,other_tissue,0,649.2315323028912
210.44000000000005,366.89,0.0,other_tissue,0,203.2872918903699
-491.633,-112.09000000000003,0.0,other_tissue,0,939.1337670467325
-473.66,67.62,0.0,other_tissue,0,625.9294581234226
-265.11,-205.97000000000003,0.0,CD8_Tcell,1,345.45759719752294
33.08000000000004,398.93,0.0,other_tissue,0,303.4305343358817
196.48000000000002,41.06999999999999,0.0,other_tissue,0,975.4484018366953
319.41999999999996,-210.01999999999998,0.0,other_tissue,0,447.9430363773059
216.79999999999995,-404.82000000000005,0.0,other_tissue,0,269.8154260022526
167.91999999999996,-360.72,0.0,other_tissue,0,521.3870742099324
-194.8,-268.67999999999995,0.0,apCAF,1,188.56817550302776
-330.65,47.74000000000001,0.0,other_tissue,0,221.73369142434754
-501.118,-361.07000000000005,0.0,other_tissue,0,632.0356400664339
346.52,69.81,0.0,other_tissue,0,353.8943425486446
-217.86,291.33000000000004,0.0,apCAF,1,1089.4416271913344
52.83000000000004,-234.80999999999995,0.0,other_tissue,0,975.4484018366953
349.05999999999995,329.81,0.0,other_tissue,0,323.26045449859015
-253.83,175.60000000000002,0.0,other_tissue,0,500.38849272403655
-108.00999999999999,31.160000000000025,0.0,apCAF,1,533.5890819340096
-179.68,-406.44000000000005,0.0,other_tissue,0,640.5502000321095
40.139999999999986,-318.80999999999995,0.0,other_tissue,0,975.4484018366953
-354.65999999999997,-70.05999999999995,0.0,other_tissue,0,347.78421118570697
-316.81,20.319999999999993,0.0,CD8_Tcell,1,666.5151071491997
-378.84000000000003,168.41000000000003,0.0,other_tissue,0,211.26431752736156
-272.74,-251.86,0.0,CD4_Tcell,1,413.67854399405115
-323.5,-97.36000000000001,0.0,CD8_Tcell,1,330.44257056899494
-205.64,-324.92999999999995,0.0,CAF,1,396.81041987433366
-353.97,149.79000000000002,0.0,other_tissue,0,318.545700466468
-430.95,-405.4,0.0,other_tissue,0,975.4484018366953
-161.77999999999997,62.29000000000002,0.0,apCAF,1,731.0763219396307
370.65999999999997,-270.21000000000004,0.0,CD4_Tcell,1,726.4355552980927
-43.629999999999995,-230.02999999999997,0.0,other_tissue,0,123.59051150609059
-352.61,-162.61,0.0,CD4_Tcell,1,155.61792376741127
-202.25,-63.879999999999995,0.0,other_tissue,0,656.2912359793305
-364.78,78.30000000000001,0.0,other_tissue,0,220.8932334555323
-419.8,-325.34000000000003,0.0,other_tissue,0,791.1254410214054
-426.71,-452.64,0.0,other_tissue,0,348.7177738947881
475.13,-79.5,0.0,other_tissue,0,686.7531525335316
-106.54000000000002,52.629999999999995,0.0,CD4_Tcell,1,291.09983486871363
375.77,-142.91999999999996,0.0,other_tissue,0,334.5856757051705
211.35000000000002,-177.64,0.0,apCAF,1,272.3880376372192
61.799999999999955,-217.74,0.0,apCAF,1,1261.5548628996441
-380.37,278.03,0.0,CAF,1,225.9410619646436
-379.3,397.34000000000003,0.0,other_tissue,0,429.1031152415784
269.94000000000005,-355.78,0.0,other_tissue,0,537.4159075820721
199.89,301.23,0.0,other_tissue,0,174.5999358447436
367.36,-167.33000000000004,0.0,other_tissue,0,372.6657998757794
229.78999999999996,406.73,0.0,other_tissue,0,344.31600885324445
428.79999999999995,352.06,0.0,other_tissue,0,397.0454919733786
-197.51999999999998,-357.70000000000005,0.0,other_tissue,0,214.3324835286695
471.82000000000005,348.06,0.0,other_tissue,0,229.69309098251628
-55.0,-262.41999999999996,0.0,other_tissue,0,214.4624082474187
292.17999999999995,-215.15999999999997,0.0,other_tissue,0,975.4484018366953
308.21000000000004,382.43,0.0,other_tissue,0,275.64209299574526
-234.83999999999997,365.64,0.0,other_tissue,0,296.13084230222717
-292.98,-174.40999999999997,0.0,other_tissue,0,151.0051721736288
-57.97000000000003,-6.930000000000007,0.0,other_tissue,0,147.02941247310605
100.57000000000005,-496.54999999999995,0.0,other_tissue,0,251.4973881084222
462.77,-224.41999999999996,0.0,other_tissue,0,975.4484018366953
104.95000000000005,238.23000000000002,0.0,other_tissue,0,359.35405322736165
-107.23000000000002,-313.78,0.0,CD8_Tcell,1,253.2839045620534
372.30999999999995,492.888,0.0,other_tissue,0,261.6504646122016
-309.75,-348.63,0.0,CAF,1,247.07265352157444
-473.49,-300.53999999999996,0.0,other_tissue,0,975.4484018366953
429.83000000000004,-65.78999999999996,0.0,other_tissue,0,146.847620391458
-174.43,245.57,0.0,CD4_Tcell,1,236.98779298768105
-293.73,-382.40999999999997,0.0,CAF,1,931.6637791266746
410.72,-229.11,0.0,CAF,1,439.06993540869695
157.71000000000004,-392.62,0.0,CD4_Tcell,1,557.2830686893691
133.44000000000005,125.63,0.0,other_tissue,0,691.696201716651
453.65,492.529,0.0,CD4_Tcell,1,413.10156160176643
357.35,135.76999999999998,0.0,other_tissue,0,164.74518467710175
24.779999999999973,-381.51,0.0,CD8_Tcell,1,157.60609613196917
305.41999999999996,76.01999999999998,0.0,CD8_Tcell,1,969.6735551627014
318.30999999999995,-245.46000000000004,0.0,CAF,1,1106.8889877164543
-64.51999999999998,228.27999999999997,0.0,CD8_Tcell,1,248.60866432142598
259.9,-166.96000000000004,0.0,other_tissue,0,233.36726040982992
424.71000000000004,304.3,0.0,other_tissue,0,246.64446793531584
239.91999999999996,-465.55999999999995,0.0,CD4_Tcell,1,314.6817690376868
-379.69,-493.03999999999996,0.0,other_tissue,0,975.4484018366953
444.70000000000005,-448.0,0.0,CAF,1,690.8455232365262
229.08000000000004,17.519999999999982,0.0,other_tissue,0,259.4213137202686
320.65999999999997,-51.66999999999996,0.0,other_tissue,0,153.70897871970757
443.76,-160.26,0.0,other_tissue,0,446.07706103546855
422.05999999999995,-149.30999999999995,0.0,other_tissue,0,276.6982834954868
-155.01,-43.299999999999955,0.0,other_tissue,0,298.4681113976569
254.13,433.67,0.0,other_tissue,0,422.52038345114846
-119.19,382.04,0.0,other_tissue,0,198.8475345460655
171.26999999999998,327.09000000000003,0.0,other_tissue,0,447.49020181821174
332.28999999999996,402.29,0.0,other_tissue,0,185.53136166200912
397.23,378.12,0.0,other_tissue,0,353.9548345504536
-323.41999999999996,-404.03,0.0,other_tissue,0,382.96451507739596
95.77999999999997,336.40999999999997,0.0,other_tissue,0,975.4484018366953
-316.49,29.24000000000001,0.0,other_tissue,0,290.0496615643397
261.84000000000003,-153.74,0.0,other_tissue,0,467.93833265478645
-256.37,-286.86,0.0,CD4_Tcell,1,142.25910817608965
-324.2,89.49000000000001,0.0,other_tissue,0,472.42683749907894
14.210000000000036,-123.78999999999996,0.0,CAF,1,333.7356858215702
255.78999999999996,136.51,0.0,other_tissue,0,213.70957527223695
-135.98000000000002,-304.89,0.0,CD8_Tcell,1,314.61465363146385
124.85000000000002,73.54000000000002,0.0,other_tissue,0,188.05181907754454
101.32000000000005,-193.34000000000003,0.0,other_tissue,0,356.0763999877559
-117.58999999999997,-212.5,0.0,other_tissue,0,543.5607088228936
-46.14999999999998,275.91999999999996,0.0,other_tissue,0,231.84912201791187
166.38,243.08999999999997,0.0,other_tissue,0,347.1627626203476
318.96000000000004,4.220000000000027,0.0,other_tissue,0,869.8388792756845
-81.63999999999999,-207.21000000000004,0.0,other_tissue,0,926.3917868544295
-77.42000000000002,-359.87,0.0,other_tissue,0,193.96201339490102
-387.36,416.98,0.0,CD8_Tcell,1,383.11755294500995
289.03,499.8167,0.0,other_tissue,0,907.0425164236358
31.370000000000005,43.60000000000002,0.0,CD4_Tcell,1,345.60047290798616
179.54999999999995,224.16000000000003,0.0,other_tissue,0,410.5451700293728
93.92999999999995,411.31,0.0,apCAF,1,177.5853300911096
-376.63,285.76,0.0,CAF,1,347.49729669768107
101.53999999999996,222.08999999999997,0.0,other_tissue,0,204.35083190530267
-356.61,81.93,0.0,apCAF,1,477.8449066858133
477.85,400.38,0.0,other_tissue,0,489.87107246957163
383.5,449.74,0.0,other_tissue,0,212.76024218310107
20.74000000000001,365.15999999999997,0.0,CAF,1,438.3160795680227
-24.339999999999975,95.93,0.0,other_tissue,0,381.80530406119107
-10.0,-299.65999999999997,0.0,other_tissue,0,470.6689720029475
455.14,-75.70000000000005,0.0,other_tissue,0,239.4128434326986
-269.5,-433.48,0.0,other_tissue,0,550.125472310513
316.27,-237.35000000000002,0.0,CAF,1,512.0297353445872
266.69000000000005,-38.84000000000003,0.0,other_tissue,0,186.31903462159758
370.28999999999996,-449.88,0.0,other_tissue,0,387.8433934682066
-274.90999999999997,351.15,0.0,other_tissue,0,287.3984271814322
272.36,-493.04999999999995,0.0,other_tissue,0,357.82848985154965
488.02,-275.04999999999995,0.0,other_tissue,0,975.4484018366953
488.84000000000003,291.32,0.0,CD4_Tcell,1,304.414254474562
469.46000000000004,201.87,0.0,CD8_Tcell,1,149.38595584264147
-286.49,-401.15,0.0,other_tissue,0,525.076712536013
-432.46,-336.99,0.0,other_tissue,0,889.0148843337856
-178.10000000000002,401.19,0.0,other_tissue,0,189.49999741173295
239.82000000000005,242.07,0.0,other_tissue,0,150.30003219512187
180.83000000000004,-377.30999999999995,0.0,other_tissue,0,876.9750694079044
-479.86,-413.05999999999995,0.0,other_tissue,0,342.5018052074424
1.329999999999984,131.7,0.0,CD4_Tcell,1,243.34043500052059
41.91999999999996,460.40999999999997,0.0,other_tissue,0,184.4245191924256
-394.45,-310.73,0.0,other_tissue,0,374.44672651891665
-186.5,-164.08000000000004,0.0,CD4_Tcell,1,292.9517313222615
-482.48,-107.58000000000004,0.0,other_tissue,0,902.1122108672477
268.78,-5.579999999999984,0.0,other_tissue,0,179.3328124504317
-251.05,-81.57000000000005,0.0,epithelial_tumor_class1_class2,1,1906.3294928193159
-362.58000000000004,31.899999999999977,0.0,CD4_Tcell,1,301.33901920328674
341.13,167.88,0.0,other_tissue,0,246.14079525868317
292.72,98.93,0.0,other_tissue,0,317.83570936762106
-379.36,-361.63,0.0,other_tissue,0,146.55168780944277
-280.45,497.523,0.0,other_tissue,0,455.85987714898584
-459.14,93.58999999999997,0.0,other_tissue,0,294.0302767126789
-94.37,13.120000000000005,0.0,CD8_Tcell,1,187.47303586574446
145.89999999999998,83.12,0.0,other_tissue,0,276.3288233962297
382.26,-388.87,0.0,other_tissue,0,813.7795716133852
143.38,135.14,0.0,other_tissue,0,286.8932655819865
182.23000000000002,268.52,0.0,other_tissue,0,235.0485345742663
436.59000000000003,17.0,0.0,other_tissue,0,694.6695923601345
203.94000000000005,419.90999999999997,0.0,other_tissue,0,234.07370133577083
260.07000000000005,-225.65999999999997,0.0,other_tissue,0,239.55271461325248
194.19000000000005,-486.25,0.0,other_tissue,0,362.3321442584682
-166.69,241.01,0.0,other_tissue,0,319.9462303242722
-135.89999999999998,-238.16999999999996,0.0,other_tissue,0,376.6367132691287
133.09000000000003,242.01,0.0,other_tissue,0,348.80163676119525
76.14999999999998,-144.62,0.0,other_tissue,0,281.0745113153113
336.14,-446.77,0.0,other_tissue,0,211.72781708383718
-333.90999999999997,-327.95000000000005,0.0,other_tissue,0,315.84661981327116
-87.04000000000002,-24.0,0.0,CD4_Tcell,1,257.44941935338403
-80.26999999999998,-412.67999999999995,0.0,other_tissue,0,787.1402940150393
108.45000000000005,-98.71000000000004,0.0,CD4_Tcell,1,191.94352643163188
232.48000000000002,67.66000000000003,0.0,other_tissue,0,234.22986069498762
-177.35000000000002,131.64999999999998,0.0,other_tissue,0,248.15005912773205
130.29999999999995,-167.34000000000003,0.0,CD8_Tcell,1,310.28367429641156
168.92999999999995,122.52999999999997,0.0,other_tissue,0,183.08809597258923
-277.39,225.19,0.0,other_tissue,0,312.650178041773
-5.7900000000000205,491.211,0.0,other_tissue,0,279.3867226762461
-357.28999999999996,322.53,0.0,other_tissue,0,265.08791772010125
86.52999999999997,443.4,0.0,CAF,1,575.8078271025331
-89.22000000000003,15.180000000000007,0.0,CD8_Tcell,1,180.9215027694416
-230.04000000000002,59.79000000000002,0.0,CAF,1,388.4867252958431
-428.15999999999997,-171.26,0.0,CD4_Tcell,1,1005.5914733103036
-469.66,123.25999999999999,0.0,other_tissue,0,174.70570667029347
-25.519999999999982,-100.51999999999998,0.0,CD8_Tcell,1,228.24512651960748
-267.87,-161.09000000000003,0.0,CD8_Tcell,1,243.8591570081017
-410.69,-330.36,0.0,other_tissue,0,507.41641937176496
-226.14,476.8,0.0,other_tissue,0,324.57197000509603
254.41999999999996,481.57,0.0,CD4_Tcell,1,360.7001304883924
59.50999999999999,169.45999999999998,0.0,other_tissue,0,259.81492790608223
-290.34000000000003,-109.98000000000002,0.0,CD8_Tcell,1,264.0814071923954
215.14999999999998,325.27,0.0,other_tissue,0,313.0847806341619
302.75,85.98000000000002,0.0,other_tissue,0,306.7838524727483
-474.95,25.680000000000007,0.0,other_tissue,0,198.53466980549368
-425.7,117.49000000000001,0.0,other_tissue,0,664.321978350857
377.6,-422.75,0.0,other_tissue,0,172.09666851710108
-307.5,119.19,0.0,CD8_Tcell,1,279.5727714674696
215.80999999999995,499.7019,0.0,other_tissue,0,400.2805872372675
95.05999999999995,369.23,0.0,CAF,1,533.5890819340096
38.84000000000003,-268.83000000000004,0.0,CD8_Tcell,1,563.3966499115505
-345.2,77.99000000000001,0.0,apCAF,1,615.7934321638863
-272.37,-455.23,0.0,CAF,1,391.9989154307601
-160.97000000000003,94.67000000000002,0.0,other_tissue,0,258.2820811134436
-495.352,-314.09000000000003,0.0,other_tissue,0,533.3982190234781
123.10000000000002,-80.58000000000004,0.0,CAF,1,222.61180265693463
-413.29,-259.74,0.0,other_tissue,0,975.4484018366953
-267.55,-120.46000000000004,0.0,CD8_Tcell,1,458.1408938400172
332.04999999999995,-33.07000000000005,0.0,other_tissue,0,587.1952916111276
424.14,137.55,0.0,CD8_Tcell,1,232.83607565092154
292.79999999999995,-24.74000000000001,0.0,CAF,1,722.8851219624821
-279.73,405.32,0.0,other_tissue,0,193.86480421846932
-336.28,277.82,0.0,CAF,1,390.7052191469165
-225.74,-365.33000000000004,0.0,other_tissue,0,223.48332438672833
-383.11,-70.46000000000004,0.0,other_tissue,0,522.3745098874092
-375.49,6.889999999999986,0.0,other_tissue,0,344.0666221168939
-473.35,-323.87,0.0,other_tissue,0,639.4009629246469
-251.45,-182.58000000000004,0.0,other_tissue,0,185.1854900189658
59.200000000000045,274.76,0.0,other_tissue,0,747.6040528530266
-65.27999999999997,-10.560000000000002,0.0,CD8_Tcell,1,395.0112821774501
78.27999999999997,372.84000000000003,0.0,other_tissue,0,532.5557855890731
-433.23,132.44,0.0,CD4_Tcell,1,182.5039881189452
-291.06,67.25,0.0,other_tissue,0,375.5658284579752
205.74,479.96,0.0,other_tissue,0,266.18702316772885
-2.9700000000000273,371.28999999999996,0.0,other_tissue,0,146.5584091306585
196.58000000000004,253.96,0.0,other_tissue,0,371.0653047385118
254.92999999999995,464.31,0.0,other_tissue,0,381.5254068151117
368.84000000000003,-0.12999999999999545,0.0,other_tissue,0,345.49331243275105
-272.05,-52.01999999999998,0.0,CD8_Tcell,1,353.8580506560208
77.05999999999995,289.53,0.0,other_tissue,0,201.4370650088587
417.54999999999995,351.1,0.0,other_tissue,0,284.4913712410212
215.89999999999998,146.76999999999998,0.0,other_tissue,0,334.20125518368883
-25.350000000000023,387.83,0.0,other_tissue,0,280.4731717312804
-51.98000000000002,-229.33000000000004,0.0,other_tissue,0,267.8815614377929
330.73,59.31,0.0,other_tissue,0,198.79811301415648
-477.14,100.07999999999998,0.0,other_tissue,0,273.00829510954657
453.58000000000004,-256.53,0.0,other_tissue,0,200.32571349031656
133.47000000000003,-494.86,0.0,CD4_Tcell,1,405.7953132522178
260.85,258.91999999999996,0.0,other_tissue,0,216.8711313545435
-403.72,231.26999999999998,0.0,other_tissue,0,130.2894140246276
-28.04000000000002,-311.6,0.0,other_tissue,0,220.96392683032852
-389.55,-276.53,0.0,epithelial_tumor_class1,1,4034.233950875785
-424.76,-299.85,0.0,other_tissue,0,438.6091431084704
-364.66999999999996,-170.41999999999996,0.0,other_tissue,0,207.19941498257722
-119.69999999999999,11.810000000000002,0.0,CD8_Tcell,1,254.31133247333682
255.45000000000005,-120.83000000000004,0.0,other_tissue,0,200.44991482193865
-444.87,185.76999999999998,0.0,other_tissue,0,226.15640627672198
-116.60000000000002,326.62,0.0,CD8_Tcell,1,252.7422313412293
-127.86000000000001,207.23000000000002,0.0,epithelial_tumor_class1,1,4000.2434566776915
-421.7,104.08999999999997,0.0,CAF,1,218.7443218105584
96.79999999999995,-331.6,0.0,other_tissue,0,467.5886429025687
244.51999999999998,234.63,0.0,CD8_Tcell,1,167.11812165735006
144.07000000000005,154.48000000000002,0.0,other_tissue,0,291.1104555909246
-26.19999999999999,-355.65999999999997,0.0,other_tissue,0,269.5126481903051
92.38999999999999,343.63,0.0,other_tissue,0,232.7171276835804
-414.21,-267.05999999999995,0.0,other_tissue,0,948.2296747899917
-159.01999999999998,53.50999999999999,0.0,other_tissue,0,975.4484018366953
-464.47,196.89,0.0,CAF,1,347.2344304114252
281.1,37.51999999999998,0.0,other_tissue,0,460.761193886519
-8.980000000000018,-138.80999999999995,0.0,CD4_Tcell,1,242.0985045465047
179.49,-257.09000000000003,0.0,other_tissue,0,252.57794776856437
-190.33999999999997,-393.59000000000003,0.0,epithelial_tumor_class1,1,1769.0550723300755
139.5,159.06,0.0,CAF,1,296.4209875347953
-338.16999999999996,255.13,0.0,other_tissue,0,153.2792047548759
-397.32,244.1,0.0,CAF,1,475.26324272445686
379.72,-112.28999999999996,0.0,CD4_Tcell,1,260.8796745211412
-133.98000000000002,-22.389999999999986,0.0,other_tissue,0,263.54431960302253
-321.52,407.62,0.0,CAF,1,381.02956158313435
-320.1,-156.34000000000003,0.0,CD4_Tcell,1,420.0066009980994
354.29999999999995,299.96000000000004,0.0,other_tissue,0,334.8537794158437
-50.170000000000016,244.02,0.0,other_tissue,0,443.75188834210405
412.49,258.27,0.0,other_tissue,0,515.1777363380788
-487.29,349.64,0.0,CAF,1,418.8955805326985
-322.71000000000004,24.120000000000005,0.0,other_tissue,0,652.445753731134
462.99,302.41999999999996,0.0,other_tissue,0,440.67824859484017
139.38,-185.76,0.0,other_tissue,0,314.7377058336165
-17.129999999999995,-301.67999999999995,0.0,other_tissue,0,186.99821378578326
-432.82,-199.84000000000003,0.0,other_tissue,0,429.69489926596253
326.38,296.94,0.0,other_tissue,0,261.89783362199944
-323.71000000000004,-264.15,0.0,other_tissue,0,181.79694037665416
-403.36,45.69,0.0,other_tissue,0,200.95552911754126
282.70000000000005,180.36,0.0,other_tissue,0,224.8306271137807
174.52999999999997,-418.37,0.0,other_tissue,0,226.73132662633688
359.40999999999997,109.77999999999997,0.0,other_tissue,0,202.39410792702392
74.32000000000005,43.93000000000001,0.0,other_tissue,0,251.4492208355497
-223.26999999999998,338.4,0.0,other_tissue,0,198.52644095761664
-70.49000000000001,-401.5,0.0,epithelial_tumor_class1_class2,1,2876.6416343409223
-369.83000000000004,-39.50999999999999,0.0,CD8_Tcell,1,352.7945919931779
-146.91000000000003,279.53999999999996,0.0,other_tissue,0,299.0840812613209
310.89,100.19999999999999,0.0,CD4_Tcell,1,236.6638453372889
-417.07,-316.14,0.0,other_tissue,0,244.20852988412022
-456.59000000000003,67.62,0.0,other_tissue,0,214.99998744760578
78.60000000000002,-134.48000000000002,0.0,CAF,1,241.22605017200826
-311.07,-322.0,0.0,CD4_Tcell,1,392.45238290288734
-168.45,-61.47000000000003,0.0,other_tissue,0,193.53291793440067
-280.78,-270.29999999999995,0.0,CD4_Tcell,1,291.05735456307576
-201.72000000000003,21.25999999999999,0.0,CD8_Tcell,1,108.00163791751604
-289.53,-60.82000000000005,0.0,CD4_Tcell,1,223.72383654673803
118.27999999999997,429.75,0.0,other_tissue,0,485.00384750704046
-115.82999999999998,156.29000000000002,0.0,other_tissue,0,243.60441964180242
-455.37,309.89,0.0,CAF,1,198.00848181297255
-362.57,-14.169999999999959,0.0,other_tissue,0,580.8767555574248
-81.44,42.04000000000002,0.0,other_tissue,0,454.20052460499875
-273.47,101.81,0.0,other_tissue,0,286.0001614712646
425.15999999999997,-91.38999999999999,0.0,other_tissue,0,209.9462018135806
-16.75999999999999,-158.04999999999995,0.0,CD8_Tcell,1,439.5030947829413
-432.63,-308.32000000000005,0.0,other_tissue,0,547.1437982162731
-0.8199999999999932,265.33000000000004,0.0,other_tissue,0,258.42920753905975
286.58000000000004,27.74000000000001,0.0,other_tissue,0,975.4484018366953
-380.27,-371.73,0.0,other_tissue,0,208.59105454232238
-293.89,-38.22000000000003,0.0,CD4_Tcell,1,393.12675155799326
495.03,156.5,0.0,CD8_Tcell,1,796.7230549002787
317.09000000000003,153.43,0.0,other_tissue,0,126.85860039438025
111.12,227.39999999999998,0.0,other_tissue,0,294.44745213983117
332.23,122.01999999999998,0.0,other_tissue,0,376.6114926236199
-124.13999999999999,-141.86,0.0,apCAF,1,280.9085387708451
372.08000000000004,148.60000000000002,0.0,other_tissue,0,635.1571651179064
-303.2,51.01999999999998,0.0,other_tissue,0,341.3195017024254
-16.55000000000001,313.35,0.0,CD8_Tcell,1,158.86524123976272
466.53,69.45999999999998,0.0,other_tissue,0,181.81246022699733
-491.88,-371.27,0.0,other_tissue,0,217.22044453761714
-464.7,-463.26,0.0,other_tissue,0,187.6552638905641
462.13,53.5,0.0,other_tissue,0,466.16255115543976
140.76999999999998,-208.96000000000004,0.0,other_tissue,0,293.76306392893883
236.98000000000002,62.31999999999999,0.0,other_tissue,0,278.42678539211437
-136.48000000000002,-36.74000000000001,0.0,apCAF,1,412.0964813604704
212.46000000000004,-82.57000000000005,0.0,other_tissue,0,293.41059101382905
-470.88,193.32999999999998,0.0,CAF,1,569.7707915301138
-149.38,60.45999999999998,0.0,other_tissue,0,404.90798672490405
15.899999999999977,-6.269999999999982,0.0,other_tissue,0,163.91094160531776
-100.44999999999999,-156.37,0.0,other_tissue,0,370.4538301707701
-482.75,-76.0,0.0,other_tissue,0,237.395460698939
-290.61,279.51,0.0,apCAF,1,165.13789091594228
-362.22,85.81,0.0,apCAF,1,452.9586562316228
160.09000000000003,-144.96000000000004,0.0,CD4_Tcell,1,362.30756631464715
-321.61,138.77999999999997,0.0,other_tissue,0,376.24591977648356
55.039999999999964,-155.36,0.0,CD8_Tcell,1,704.8849723637571
-348.13,121.24000000000001,0.0,other_tissue,0,223.75057076691417
213.82000000000005,474.05,0.0,other_tissue,0,338.88078519931213
394.70000000000005,81.26999999999998,0.0,other_tissue,0,134.40232781269717
-216.05,422.22,0.0,other_tissue,0,140.20660087287968
-360.07,-334.28,0.0,other_tissue,0,215.04337971102694
118.39999999999998,-72.86000000000001,0.0,other_tissue,0,168.5675186895631
-338.39,-30.789999999999964,0.0,CD4_Tcell,1,255.42913304180146
-399.43,-379.15,0.0,other_tissue,0,954.7793300149725
486.70000000000005,242.82999999999998,0.0,other_tissue,0,345.18386216269744
471.84000000000003,-0.9900000000000091,0.0,other_tissue,0,141.17463719434897
-109.5,-146.69000000000005,0.0,CD4_Tcell,1,253.25486675281257
18.42999999999995,-173.72000000000003,0.0,apCAF,1,1261.5548628996441
327.4,494.84,0.0,other_tissue,0,975.4484018366953
110.91999999999996,133.22000000000003,0.0,other_tissue,0,178.49596999790614
373.07000000000005,-398.70000000000005,0.0,CAF,1,1106.8889877164543
99.46000000000004,-91.50999999999999,0.0,CD8_Tcell,1,300.57888509916734
67.01999999999998,163.39999999999998,0.0,other_tissue,0,179.8407935060959
250.37,-117.50999999999999,0.0,other_tissue,0,239.65532142851168
407.22,390.81,0.0,CD4_Tcell,1,267.42965261974746
155.08000000000004,394.27,0.0,other_tissue,0,296.6037687644057
43.789999999999964,481.53,0.0,other_tissue,0,299.88502496099017
-333.46000000000004,-448.05999999999995,0.0,other_tissue,0,288.88576806107795
190.89999999999998,-77.71000000000004,0.0,other_tissue,0,215.2517438476334
378.57000000000005,106.02999999999997,0.0,CD4_Tcell,1,132.300686226098
-170.45999999999998,-225.91999999999996,0.0,other_tissue,0,161.58288051141898
440.14,-55.440000000000055,0.0,other_tissue,0,174.03403329582466
188.20000000000005,-212.19000000000005,0.0,other_tissue,0,369.20800802911134
-218.32999999999998,342.0,0.0,other_tissue,0,222.76282227129263
-367.21000000000004,-23.08000000000004,0.0,CD4_Tcell,1,569.3886552227149
-459.40999999999997,-444.25,0.0,other_tissue,0,148.9846673505584
-484.47,-367.70000000000005,0.0,other_tissue,0,158.51087402991678
353.77,221.08999999999997,0.0,other_tissue,0,307.6645921998564
-15.759999999999991,452.86,0.0,other_tissue,0,205.53595059739283
116.91999999999996,-200.65999999999997,0.0,other_tissue,0,212.3899049176946
-471.76,139.32,0.0,other_tissue,0,115.43744255518402
325.77,-218.17999999999995,0.0,other_tissue,0,296.1523280458316
48.879999999999995,481.29,0.0,other_tissue,0,242.07971998926698
361.39,389.65999999999997,0.0,other_tissue,0,86.61104054507969
-432.51,-447.71000000000004,0.0,other_tissue,0,220.84022332053993
261.70000000000005,271.16999999999996,0.0,other_tissue,0,181.06076440414435
-482.48,-240.5,0.0,other_tissue,0,268.4647722601281
49.65999999999997,98.19,0.0,other_tissue,0,122.31107144759197
187.63,223.64999999999998,0.0,CAF,1,302.6450858573396
-373.15999999999997,-35.049999999999955,0.0,apCAF,1,202.53584049045358
-182.29000000000002,329.8,0.0,other_tissue,0,285.16128785293415
-23.879999999999995,-482.38,0.0,CD8_Tcell,1,144.10546022642825
234.10000000000002,221.73000000000002,0.0,other_tissue,0,415.64160900757236
404.29999999999995,276.4,0.0,other_tissue,0,404.84182024392106
387.08000000000004,-126.37,0.0,other_tissue,0,358.3527954837091
-328.52,-195.41999999999996,0.0,other_tissue,0,208.84629502617616
111.37,-266.86,0.0,CAF,1,408.34527800241534
-36.04000000000002,-48.77999999999997,0.0,other_tissue,0,733.6499324597224
359.53999999999996,-270.15999999999997,0.0,other_tissue,0,975.4484018366953
-429.49,-315.99,0.0,other_tissue,0,516.8577807785748
440.87,155.38,0.0,other_tissue,0,344.0310052735203
-117.43,476.51,0.0,other_tissue,0,675.8013052030038
439.03,467.1,0.0,other_tissue,0,550.6288833678078
426.80999999999995,492.389,0.0,other_tissue,0,219.42094981281426
-442.93,-352.67999999999995,0.0,other_tissue,0,411.7484344556585
22.659999999999968,417.92,0.0,other_tissue,0,510.2520884918047
-223.32,-431.45000000000005,0.0,other_tissue,0,282.602444614523
-81.83999999999997,333.91999999999996,0.0,CD4_Tcell,1,323.1807373935502
-142.76999999999998,-41.57000000000005,0.0,other_tissue,0,330.2461376355651
-247.45,-72.78999999999996,0.0,CD8_Tcell,1,181.54099034319378
385.24,269.81,0.0,other_tissue,0,375.9939384569434
134.69000000000005,-131.01,0.0,other_tissue,0,156.17123349881706
410.87,-137.51,0.0,other_tissue,0,975.4484018366953
-92.85000000000002,-112.70000000000005,0.0,other_tissue,0,392.33574359825053
-276.59000000000003,-278.25,0.0,CD8_Tcell,1,119.76699204415152
-183.52999999999997,381.74,0.0,other_tissue,0,228.05553416905238
-42.44,341.62,0.0,CD4_Tcell,1,225.0810517102529
-277.59000000000003,14.620000000000005,0.0,CD4_Tcell,1,265.71703441779897
0.9599999999999795,-110.84000000000003,0.0,other_tissue,0,404.56399973734887
329.36,-251.91999999999996,0.0,CAF,1,356.6841148153645
-477.75,-177.10000000000002,0.0,other_tissue,0,975.4484018366953
-412.57,273.58000000000004,0.0,other_tissue,0,170.00300983133835
-64.41000000000003,26.75,0.0,CD8_Tcell,1,118.4382976962649
-122.26999999999998,-217.20000000000005,0.0,other_tissue,0,230.71030133559873
-407.6,313.99,0.0,other_tissue,0,158.41882495335673
47.64999999999998,383.79,0.0,other_tissue,0,939.806393720009
144.51999999999998,313.97,0.0,other_tissue,0,237.57164345905528
475.4,-400.34000000000003,0.0,other_tissue,0,408.58488339256314
65.52999999999997,493.132,0.0,CD4_Tcell,1,210.92142098244034
-60.329999999999984,16.120000000000005,0.0,other_tissue,0,479.47244243773224
-352.09000000000003,427.6,0.0,other_tissue,0,253.54534473448476
16.600000000000023,-368.82000000000005,0.0,other_tissue,0,298.1982162083836
-404.95,-418.11,0.0,epithelial_tumor_class1_class2,1,1430.6063109113359
-251.45,-279.59000000000003,0.0,CD8_Tcell,1,183.78285265349595
-281.34000000000003,-461.88,0.0,other_tissue,0,673.6993290945661
167.13,-225.08000000000004,0.0,apCAF,1,469.41185441503114
-255.79,-443.17999999999995,0.0,CAF,1,255.46807189352631
126.52999999999997,-495.47,0.0,other_tissue,0,186.90334568122003
-201.24,266.7,0.0,other_tissue,0,247.12978234793604
21.139999999999986,-332.47,0.0,other_tissue,0,257.41027942246944
-371.74,347.4,0.0,CAF,1,239.89796309067088
-167.56,500.5718,0.0,CAF,1,581.0956197343828
-424.3,181.45,0.0,other_tissue,0,496.54260249589163
104.03999999999996,144.47000000000003,0.0,other_tissue,0,122.90783591631161
425.88,79.68,0.0,other_tissue,0,116.46662211561927
-465.0,-308.52,0.0,other_tissue,0,593.2009223693223
-476.27,62.410000000000025,0.0,CAF,1,232.5524973869997
225.17999999999995,-25.940000000000055,0.0,other_tissue,0,154.45953440461668
-277.18,143.3,0.0,other_tissue,0,163.97612838075932
275.37,3.2799999999999727,0.0,other_tissue,0,271.9107756417023
-308.51,-403.53999999999996,0.0,other_tissue,0,261.44279505841854
121.47000000000003,-443.63,0.0,CD4_Tcell,1,354.82668386333273
-209.2,-454.49,0.0,other_tissue,0,159.40489028767036
259.65,49.97000000000003,0.0,other_tissue,0,609.601240035926
438.5,196.74,0.0,CD4_Tcell,1,267.96195404310004
-32.00999999999999,-194.07000000000005,0.0,other_tissue,0,155.41513846899124
-265.85,492.54,0.0,CAF,1,166.99343766225132
-314.63,-306.69000000000005,0.0,other_tissue,0,255.78946842880526
-391.31,-403.78,0.0,other_tissue,0,151.30020233913532
482.04999999999995,57.94999999999999,0.0,other_tissue,0,345.23145786459116
289.94000000000005,217.51,0.0,other_tissue,0,223.06506637221923
291.15,41.620000000000005,0.0,other_tissue,0,577.4997689574145
-343.39,276.9,0.0,other_tissue,0,249.3934213705816
-47.44,-319.5,0.0,other_tissue,0,111.3645619848794
88.53999999999996,115.66000000000003,0.0,CD8_Tcell,1,158.02271323490214
320.23,103.68,0.0,other_tissue,0,175.01570979953922
-312.78,-214.53999999999996,0.0,CD4_Tcell,1,187.57601981181716
352.02,489.82,0.0,other_tissue,0,234.3309419867049
-272.3,-331.95000000000005,0.0,other_tissue,0,106.16414852617346
-69.63999999999999,478.08,0.0,CD4_Tcell,1,257.2537593683297
203.0,458.53,0.0,other_tissue,0,367.79118145913606
-372.04,63.70999999999998,0.0,other_tissue,0,137.85750764708968
220.14,136.05,0.0,other_tissue,0,224.56252124403173
98.80999999999995,82.32999999999998,0.0,other_tissue,0,336.87497713983555
257.70000000000005,243.48000000000002,0.0,other_tissue,0,297.9069122079419
-169.22000000000003,202.95999999999998,0.0,other_tissue,0,165.1306129128179
-457.15999999999997,-62.58000000000004,0.0,other_tissue,0,219.04292085430848
-72.06,-314.09000000000003,0.0,CD4_Tcell,1,104.46288755257336
-59.48000000000002,79.50999999999999,0.0,other_tissue,0,257.6549690847603
-54.889999999999986,450.14,0.0,other_tissue,0,370.366531537541
-333.9,425.47,0.0,other_tissue,0,157.0423620838544
-247.28,499.459,0.0,other_tissue,0,361.22723679796934
182.74,51.870000000000005,0.0,other_tissue,0,186.21651131064294
396.27,312.7,0.0,CD8_Tcell,1,158.53920399452699
23.25999999999999,150.44,0.0,other_tissue,0,214.62705491843946
-258.94,482.03,0.0,other_tissue,0,158.92198895890488
-186.74,-239.95000000000005,0.0,CD4_Tcell,1,235.68454791157623
236.65999999999997,327.68,0.0,other_tissue,0,188.75111239075989
313.85,-436.5,0.0,CD4_Tcell,1,459.21948105624733
389.65,309.62,0.0,other_tissue,0,189.71546828110107
-159.01,114.75999999999999,0.0,other_tissue,0,170.32228514207588
342.47,-406.59000000000003,0.0,other_tissue,0,175.66715116598675
-289.87,376.17,0.0,other_tissue,0,398.16989568958195
-384.07,-343.16999999999996,0.0,other_tissue,0,522.672552452155
89.19000000000005,-21.659999999999968,0.0,CD4_Tcell,1,173.80048453121847
-124.87,242.3,0.0,CD8_Tcell,1,111.59979970788484
176.27999999999997,307.33000000000004,0.0,other_tissue,0,157.24656008100456
328.59000000000003,-91.74000000000001,0.0,other_tissue,0,153.04386273881795
145.02999999999997,-25.799999999999955,0.0,other_tissue,0,294.308349849893
236.45000000000005,-62.450000000000045,0.0,other_tissue,0,287.58801555372736
389.96000000000004,96.38,0.0,other_tissue,0,119.62017560462948
-367.87,-4.089999999999975,0.0,CD4_Tcell,1,412.80656888296204
-350.43,-55.50999999999999,0.0,other_tissue,0,348.2148789669862
-354.6,-251.32000000000005,0.0,other_tissue,0,339.280547377849
-382.12,20.089999999999975,0.0,other_tissue,0,304.0533106090292
-38.70999999999998,313.97,0.0,other_tissue,0,351.46826770644327
54.32000000000005,-124.92999999999995,0.0,apCAF,1,165.13789091594228
339.88,439.35,0.0,CD4_Tcell,1,104.46288755257336
394.32000000000005,-117.32000000000005,0.0,CD8_Tcell,1,299.6034495755571
-314.3,-112.60000000000002,0.0,CD4_Tcell,1,973.397408745363
-168.54000000000002,335.18,0.0,other_tissue,0,227.15415369260373
346.24,373.7,0.0,CD8_Tcell,1,134.7579285399708
-135.38,-105.38999999999999,0.0,CD4_Tcell,1,1005.5914733103036
-181.82999999999998,336.6,0.0,other_tissue,0,351.2154388317533
275.49,83.00999999999999,0.0,other_tissue,0,197.04076159926294
-333.58000000000004,-73.59000000000003,0.0,CD8_Tcell,1,257.6745509537845
105.39999999999998,-266.42999999999995,0.0,other_tissue,0,358.2064261483719
-193.67000000000002,118.17000000000002,0.0,other_tissue,0,300.9913705109133
-394.35,-289.77,0.0,epithelial_tumor_class1,1,2934.3926766145587
-399.8,272.5,0.0,other_tissue,0,292.9517313222615
132.01,247.78,0.0,other_tissue,0,108.62248282512199
-79.38,-35.99000000000001,0.0,other_tissue,0,261.58122921329084
255.02999999999997,421.74,0.0,other_tissue,0,120.11395502873837
-259.45,-166.58000000000004,0.0,CAF,1,249.10612385482938
-197.41000000000003,-277.39,0.0,other_tissue,0,234.07370133577083
343.64,429.05,0.0,other_tissue,0,122.9556607518134
-33.839999999999975,-440.21000000000004,0.0,other_tissue,0,224.87533216159264
-455.93,-328.84000000000003,0.0,other_tissue,0,300.0692272980736
-306.65999999999997,-166.94000000000005,0.0,CD8_Tcell,1,200.88087688063342
-315.22,-128.87,0.0,CD8_Tcell,1,283.79117728349365
-362.21000000000004,175.95,0.0,other_tissue,0,141.64718056681951
-229.07999999999998,-83.42999999999995,0.0,CD8_Tcell,1,219.80822011590553
-322.96000000000004,82.62,0.0,other_tissue,0,278.963253039318
-140.32,-219.76,0.0,apCAF,1,392.3875804356182
-289.95,-439.9,0.0,other_tissue,0,484.55619758887946
-352.71000000000004,-295.4,0.0,other_tissue,0,187.67904146554062
143.17999999999995,102.27999999999997,0.0,other_tissue,0,332.3531739790829
470.34000000000003,379.22,0.0,other_tissue,0,134.009357332157
-289.72,-396.28999999999996,0.0,other_tissue,0,231.42048685565038
-144.38,195.47000000000003,0.0,CD8_Tcell,1,105.54695452108103
322.54999999999995,62.79000000000002,0.0,CAF,1,209.7498122010954
337.47,190.41000000000003,0.0,other_tissue,0,153.00927394972055
-467.84000000000003,-155.38,0.0,CD8_Tcell,1,192.68469288933693
-412.96,-212.55999999999995,0.0,CD8_Tcell,1,206.80173571745456
215.01,-489.40999999999997,0.0,CAF,1,324.01271748981156
48.940000000000055,-284.41999999999996,0.0,other_tissue,0,270.72511986332466
445.63,283.74,0.0,CD4_Tcell,1,372.0150448426697
-450.17,-286.83000000000004,0.0,other_tissue,0,751.4946986656965
161.92999999999995,22.20999999999998,0.0,other_tissue,0,235.5277425949075
91.29999999999995,500.5088,0.0,other_tissue,0,339.9396643329166
381.87,-277.11,0.0,other_tissue,0,193.63810912688487
9.189999999999998,444.24,0.0,other_tissue,0,299.3545106287093
181.62,372.02,0.0,other_tissue,0,160.730762672923
459.15999999999997,307.85,0.0,other_tissue,0,189.08547627893188
-118.66000000000003,-176.22000000000003,0.0,other_tissue,0,356.7205996769432
268.04999999999995,-43.14999999999998,0.0,CD4_Tcell,1,191.10797753591277
488.04999999999995,-122.96000000000004,0.0,CD4_Tcell,1,337.0271867407186
-485.5,-379.28999999999996,0.0,other_tissue,0,514.8980833745903
-414.3,-159.16999999999996,0.0,other_tissue,0,250.30465398208887
-228.20999999999998,-208.64999999999998,0.0,CD8_Tcell,1,105.54695452108103
-114.52999999999997,-137.52999999999997,0.0,other_tissue,0,437.1869144837155
-438.97,-89.99000000000001,0.0,other_tissue,0,234.76316236372895
-138.47000000000003,127.30000000000001,0.0,other_tissue,0,152.78802910060304
-3.5400000000000205,-245.95000000000005,0.0,other_tissue,0,218.08660723507825
-469.7,-96.55999999999995,0.0,other_tissue,0,975.4484018366953
262.65,400.3,0.0,other_tissue,0,217.97273761355095
309.46000000000004,49.19,0.0,other_tissue,0,162.82703735830742
-95.35000000000002,-158.12,0.0,other_tissue,0,216.8449479729608
261.66999999999996,26.50999999999999,0.0,CAF,1,501.0441099717544
194.58000000000004,48.20999999999998,0.0,other_tissue,0,346.13660767157614
-329.34000000000003,-65.62,0.0,CD4_Tcell,1,546.9982324981014
10.769999999999982,-162.52999999999997,0.0,other_tissue,0,126.06055833799826
-357.65,-54.35000000000002,0.0,other_tissue,0,267.7107805432358
150.07000000000005,-105.29999999999995,0.0,other_tissue,0,203.12014234119556
315.70000000000005,-79.22000000000003,0.0,CAF,1,209.4597215201407
282.89,-262.5,0.0,CD4_Tcell,1,302.12220729133776
-441.88,-298.98,0.0,other_tissue,0,486.79720420998126
334.15,321.85,0.0,other_tissue,0,212.94126092172814
184.14,499.7229,0.0,other_tissue,0,298.2737704536522
336.72,423.67,0.0,other_tissue,0,457.0209560851523
-404.39,475.12,0.0,other_tissue,0,237.25643059065968
63.889999999999986,-293.20000000000005,0.0,other_tissue,0,461.3384200196732
-324.61,280.76,0.0,CD4_Tcell,1,155.08686067961554
-404.15,144.43,0.0,CD4_Tcell,1,438.10682841168557
416.30999999999995,-303.79999999999995,0.0,CAF,1,143.93936869008613
64.23000000000002,-106.92999999999995,0.0,other_tissue,0,153.75061233045054
-268.77,334.55,0.0,other_tissue,0,154.29948954898998
-189.86,328.11,0.0,other_tissue,0,197.57343680221896
-270.14,231.64999999999998,0.0,other_tissue,0,352.98778941068804
337.99,-278.72,0.0,other_tissue,0,232.44278700201394
-155.35000000000002,47.50999999999999,0.0,CD8_Tcell,1,306.73985966397134
338.6,30.069999999999993,0.0,other_tissue,0,234.51480065048995
2.730000000000018,58.48000000000002,0.0,CD8_Tcell,1,290.42064582336354
-113.22000000000003,468.25,0.0,other_tissue,0,889.3949899531347
365.35,-291.59000000000003,0.0,other_tissue,0,198.41948662585108
143.45000000000005,-466.78,0.0,other_tissue,0,165.02874332104966
-225.27999999999997,350.74,0.0,other_tissue,0,171.87233118307694
-382.45,-336.32000000000005,0.0,other_tissue,0,403.01846909267255
419.13,-13.080000000000041,0.0,other_tissue,0,441.43480968151016
-67.79000000000002,321.03,0.0,other_tissue,0,158.22775998257418
27.220000000000027,25.350000000000023,0.0,other_tissue,0,151.0051721736288
227.52999999999997,427.77,0.0,other_tissue,0,154.00751906599237
-111.56,-100.03999999999996,0.0,other_tissue,0,360.71238294705125
129.96000000000004,-123.97000000000003,0.0,other_tissue,0,182.4806496814698
-308.26,81.44,0.0,CD4_Tcell,1,391.7917324103101
55.289999999999964,-116.33000000000004,0.0,other_tissue,0,464.26077753626487
295.40999999999997,51.44999999999999,0.0,other_tissue,0,293.923372162856
-5.819999999999993,124.43,0.0,other_tissue,0,301.5346891791042
-330.65999999999997,5.8799999999999955,0.0,CD4_Tcell,1,155.12874271759068
475.32000000000005,150.70999999999998,0.0,other_tissue,0,159.0781148634895
-290.64,152.83999999999997,0.0,apCAF,1,143.93936869008613
-248.35,26.079999999999984,0.0,other_tissue,0,274.48645536427546
418.73,154.60000000000002,0.0,other_tissue,0,253.09036108757343
185.36,-427.87,0.0,other_tissue,0,128.3355384380819
137.92999999999995,345.91999999999996,0.0,other_tissue,0,360.95749039149393
257.75,-220.84000000000003,0.0,other_tissue,0,215.451552403429
389.32000000000005,-204.5,0.0,CD4_Tcell,1,254.3016267983036
-324.90999999999997,115.32999999999998,0.0,CD4_Tcell,1,281.3755031596348
-56.35000000000002,-234.30999999999995,0.0,other_tissue,0,401.8981196899894
-142.44,324.53,0.0,other_tissue,0,242.81303799555172
-204.27999999999997,364.32,0.0,other_tissue,0,211.87387378928923
124.38999999999999,-266.57000000000005,0.0,other_tissue,0,516.0950864712169
187.51,-97.97000000000003,0.0,CD4_Tcell,1,315.8129781505383
101.48000000000002,462.73,0.0,other_tissue,0,661.2339944728304
234.12,-142.42999999999995,0.0,other_tissue,0,330.09597675356974
36.139999999999986,328.03999999999996,0.0,CD8_Tcell,1,170.98438020399982
-238.51,485.71,0.0,CAF,1,257.78226896837054
-51.99000000000001,-172.89,0.0,other_tissue,0,173.31146406225963
-223.26,-194.29999999999995,0.0,CD4_Tcell,1,264.09136013428525
230.80999999999995,35.64999999999998,0.0,other_tissue,0,170.47835547059793
-449.76,-164.92999999999995,0.0,CD4_Tcell,1,237.7943146717461
91.85000000000002,-395.57000000000005,0.0,other_tissue,0,173.34904841293525
154.39,-146.04999999999995,0.0,other_tissue,0,278.76715619468183
-234.32,-444.39,0.0,other_tissue,0,280.5664267719151
234.40999999999997,-55.75999999999999,0.0,other_tissue,0,116.24186843297625
-299.83000000000004,139.47000000000003,0.0,CD4_Tcell,1,189.46808968366193
-35.00999999999999,251.38,0.0,other_tissue,0,389.233881009195
80.90999999999997,-357.11,0.0,other_tissue,0,424.38839144058784
494.65999999999997,474.1,0.0,other_tissue,0,624.7624383322232
287.58000000000004,-55.33000000000004,0.0,other_tissue,0,344.72003330304256
-435.22,-212.87,0.0,apCAF,1,271.626714511372
15.139999999999986,-192.16999999999996,0.0,other_tissue,0,185.72807136494941
-481.9,-487.13,0.0,other_tissue,0,164.09930610711876
464.0,-18.899999999999977,0.0,other_tissue,0,577.6842397414853
281.83000000000004,387.14,0.0,apCAF,1,1261.5548628996441
166.34000000000003,481.0,0.0,apCAF,1,356.6841148153645
-257.09000000000003,87.95999999999998,0.0,CD4_Tcell,1,1005.5914733103036
-261.22,-248.84000000000003,0.0,other_tissue,0,322.2251541511171
-314.07,-98.85000000000002,0.0,other_tissue,0,236.33095016214241
-291.97,434.77,0.0,other_tissue,0,303.8346956713104
-240.76999999999998,293.78999999999996,0.0,other_tissue,0,208.38701195198158
487.66999999999996,273.40999999999997,0.0,other_tissue,0,136.00107506164062
489.90999999999997,-59.389999999999986,0.0,other_tissue,0,366.62565125928074
-97.61000000000001,-362.53999999999996,0.0,other_tissue,0,284.4913712410212
5.550000000000011,381.46,0.0,other_tissue,0,245.68523100646803
84.53999999999996,-151.67999999999995,0.0,other_tissue,0,183.8375708688049
359.03999999999996,-412.22,0.0,other_tissue,0,378.97449530974416
172.39999999999998,-213.34000000000003,0.0,other_tissue,0,266.8178769380059
385.09000000000003,391.26,0.0,other_tissue,0,134.72615300440043
-415.64,-342.48,0.0,other_tissue,0,560.4493489978739
-349.68,-62.01999999999998,0.0,CD4_Tcell,1,278.87035360088083
59.41999999999996,334.2,0.0,other_tissue,0,112.43137269540378
316.98,-59.0,0.0,other_tissue,0,144.6844546881557
-87.88999999999999,-58.23000000000002,0.0,CD8_Tcell,1,206.0838214100516
409.80999999999995,-78.39999999999998,0.0,other_tissue,0,546.577854345033
-337.22,-185.64999999999998,0.0,other_tissue,0,347.4614434858525
-89.01999999999998,-477.32000000000005,0.0,other_tissue,0,211.84809419727634
-290.66999999999996,-159.14999999999998,0.0,CD4_Tcell,1,301.5564355146777
479.69000000000005,98.82,0.0,other_tissue,0,193.69476632280922
-452.28,224.17000000000002,0.0,other_tissue,0,97.54466953330825
60.58000000000004,16.160000000000025,0.0,CAF,1,359.3296101447336
-246.03,-375.91999999999996,0.0,CD8_Tcell,1,193.4358521911955
-149.0,-143.49,0.0,other_tissue,0,324.4692019500611
141.41999999999996,356.09000000000003,0.0,other_tissue,0,339.0688694382292
-168.75,91.00999999999999,0.0,CD8_Tcell,1,137.2840149659876
-144.57,305.37,0.0,other_tissue,0,406.24609377269104
-103.86000000000001,1.6899999999999977,0.0,CD4_Tcell,1,134.18673288257287
63.14999999999998,137.29000000000002,0.0,CD8_Tcell,1,393.3603667270679
49.059999999999945,-121.16999999999996,0.0,other_tissue,0,664.7086509636059
371.28,429.90999999999997,0.0,other_tissue,0,98.55237926119106
-98.12,290.44,0.0,CD8_Tcell,1,207.35185259018255
361.41999999999996,-295.26,0.0,other_tissue,0,304.15172153354064
359.26,152.42000000000002,0.0,other_tissue,0,217.5176554926047
-437.6,-328.01,0.0,other_tissue,0,656.1451608448042
-471.31,-103.17999999999995,0.0,other_tissue,0,975.4484018366953
55.370000000000005,-319.28,0.0,CD4_Tcell,1,353.7854743144155
-233.95999999999998,-120.60000000000002,0.0,apCAF,1,500.19039550854575
-215.36,400.31,0.0,other_tissue,0,235.15906329281728
111.10000000000002,-51.51999999999998,0.0,other_tissue,0,158.79432558986795
406.83000000000004,-166.14999999999998,0.0,CD8_Tcell,1,411.88227544877816
420.35,142.58999999999997,0.0,other_tissue,0,165.45833480461386
291.25,-65.02999999999997,0.0,other_tissue,0,239.1425802216617
395.83000000000004,-466.04999999999995,0.0,other_tissue,0,672.8820409865959
-188.98000000000002,-68.41999999999996,0.0,CD4_Tcell,1,254.15607130443257
495.86,-341.36,0.0,other_tissue,0,657.3874906014647
162.87,255.45,0.0,other_tissue,0,175.33365400278512
-354.56,222.01999999999998,0.0,CD4_Tcell,1,622.9440799555625
-316.43,-74.91999999999996,0.0,CD4_Tcell,1,436.69960427359143
-246.32,-181.70000000000005,0.0,other_tissue,0,236.5805922557738
127.99000000000001,214.36,0.0,CD8_Tcell,1,201.65317539799568
169.07000000000005,51.629999999999995,0.0,other_tissue,0,147.58919419618124
123.00999999999999,-19.58000000000004,0.0,other_tissue,0,218.7706578625454
-245.47,-176.44000000000005,0.0,other_tissue,0,151.0874675560816
-58.72000000000003,179.27999999999997,0.0,other_tissue,0,260.49484779014625
333.79999999999995,10.670000000000016,0.0,other_tissue,0,165.98359124824017
-289.03,438.61,0.0,CAF,1,193.59764646629878
-298.62,-360.55999999999995,0.0,other_tissue,0,241.6760869957508
-499.7635,327.43,0.0,CD4_Tcell,1,468.0986653739007
311.94000000000005,-290.77,0.0,apCAF,1,396.81041987433366
-404.52,-344.23,0.0,other_tissue,0,261.3439434279402
-313.39,338.14,0.0,other_tissue,0,188.71133344202025
-86.48000000000002,-192.58000000000004,0.0,other_tissue,0,440.70625394887827
77.16999999999996,-267.35,0.0,other_tissue,0,251.8925917914275
-240.11,368.76,0.0,other_tissue,0,288.1467321259175
-432.22,-195.26999999999998,0.0,other_tissue,0,135.3116229364833
331.51,-211.65999999999997,0.0,CAF,1,520.5416918316619
-32.56999999999999,39.69,0.0,CD8_Tcell,1,189.85920623027857
395.34000000000003,-222.78999999999996,0.0,CD4_Tcell,1,227.1631557198028
-357.01,115.57999999999998,0.0,other_tissue,0,483.1106814745247
-197.17000000000002,-258.41999999999996,0.0,other_tissue,0,265.07793975526874
194.11,-479.55999999999995,0.0,other_tissue,0,339.1864574204794
118.21000000000004,-488.84000000000003,0.0,other_tissue,0,256.315971286273
-201.22000000000003,-105.11000000000001,0.0,CD4_Tcell,1,106.32687157031447
-491.376,-123.54999999999995,0.0,other_tissue,0,975.4484018366953
49.14999999999998,457.14,0.0,other_tissue,0,232.42450529318583
204.64,-4.1299999999999955,0.0,other_tissue,0,293.5494103034147
-323.6,426.75,0.0,other_tissue,0,332.10959833952927
398.73,-176.0,0.0,CD4_Tcell,1,104.46288755257336
-201.47000000000003,-457.91999999999996,0.0,other_tissue,0,340.54067378080725
-404.39,-280.57000000000005,0.0,other_tissue,0,234.1747376989464
-211.39999999999998,-302.82000000000005,0.0,CD4_Tcell,1,246.54938281417952
320.37,-430.07000000000005,0.0,CD4_Tcell,1,217.02827590714193
126.51999999999998,-283.73,0.0,other_tissue,0,314.87198118833567
18.600000000000023,-38.39999999999998,0.0,CD4_Tcell,1,165.45104738933443
-32.06,-23.590000000000032,0.0,other_tissue,0,387.136549218326
-447.11,2.0299999999999727,0.0,other_tissue,0,240.26223257909496
315.70000000000005,-395.86,0.0,other_tissue,0,166.0420216009016
-353.94,-245.47000000000003,0.0,other_tissue,0,281.8325906617907
125.69000000000005,-1.4599999999999795,0.0,CD8_Tcell,1,120.32009684611171
-9.129999999999995,-61.559999999999945,0.0,other_tissue,0,245.53350126424198
-128.24,-250.65999999999997,0.0,other_tissue,0,271.8803310523849
-345.78,-316.72,0.0,other_tissue,0,233.12904331164793
-123.82,-361.33000000000004,0.0,other_tissue,0,225.84240819053585
-312.83000000000004,179.26,0.0,apCAF,1,351.6127958114277
-284.53999999999996,-456.33000000000004,0.0,other_tissue,0,156.74694057846736
73.0,-55.799999999999955,0.0,other_tissue,0,166.47336899208045
53.610000000000014,500.7691,0.0,other_tissue,0,294.19068213608455
495.53999999999996,458.81,0.0,other_tissue,0,323.1579634852331
-489.64,-3.259999999999991,0.0,other_tissue,0,232.3605268611009
467.72,138.39999999999998,0.0,other_tissue,0,308.3814331708092
346.65999999999997,-189.45000000000005,0.0,other_tissue,0,132.21908758903538
-51.410000000000025,-44.15999999999997,0.0,CD4_Tcell,1,156.35362187671313
385.65,-316.86,0.0,other_tissue,0,297.2925602310586
-463.65,-347.49,0.0,other_tissue,0,404.60368059693815
38.940000000000055,54.410000000000025,0.0,other_tissue,0,182.79978058675115
-469.83,-349.79999999999995,0.0,other_tissue,0,317.7118509527143
-7.7099999999999795,70.39999999999998,0.0,other_tissue,0,253.845738571241
-186.14999999999998,-224.53999999999996,0.0,CD4_Tcell,1,419.2205541931655
-489.8,-334.83000000000004,0.0,other_tissue,0,379.39251910482557
-194.36,68.07,0.0,other_tissue,0,147.09678092937287
-227.49,472.0,0.0,other_tissue,0,134.29450150482367
-264.88,330.14,0.0,other_tissue,0,143.3756121473642
-29.170000000000016,494.882,0.0,other_tissue,0,182.43397877568324
-190.66000000000003,156.18,0.0,CAF,1,358.2674085267973
-286.89,145.82,0.0,CD4_Tcell,1,122.06695745160708
-178.19,-290.02,0.0,other_tissue,0,129.76191041010836
337.66999999999996,-394.59000000000003,0.0,other_tissue,0,98.97602285922808
-307.23,271.86,0.0,other_tissue,0,125.2961403312779
-289.5,129.32999999999998,0.0,CD4_Tcell,1,203.44616887491307
-450.65,-342.63,0.0,other_tissue,0,561.3209396721568
-499.6842,264.63,0.0,other_tissue,0,238.5096573630515
375.45000000000005,-162.11,0.0,other_tissue,0,169.7953242738672
418.37,406.17,0.0,other_tissue,0,253.3807132899761
307.53,27.410000000000025,0.0,other_tissue,0,144.78443779954776
390.73,-461.98,0.0,CAF,1,343.95977896086055
496.78999999999996,-305.28999999999996,0.0,CD4_Tcell,1,400.31998751815365
-491.901,-135.47000000000003,0.0,other_tissue,0,975.4484018366953
-486.73,-295.67999999999995,0.0,other_tissue,0,513.3152946553294
-123.82999999999998,232.20999999999998,0.0,other_tissue,0,277.42790583933623
3.3100000000000023,475.43,0.0,other_tissue,0,183.1972672863645
-193.87,-280.30999999999995,0.0,other_tissue,0,185.07553016461765
99.41999999999996,325.27,0.0,other_tissue,0,333.7473197826593
6.139999999999986,-376.47,0.0,other_tissue,0,221.22916131635782
-255.53,-100.33000000000004,0.0,other_tissue,0,251.16997192743216
-225.26999999999998,-248.07000000000005,0.0,CD4_Tcell,1,121.0582428218392
-470.84,73.20999999999998,0.0,other_tissue,0,269.35125934864965
-40.20999999999998,437.64,0.0,other_tissue,0,157.28883003017364
99.5,499.6794,0.0,other_tissue,0,370.3790019310866
-256.4,145.45999999999998,0.0,CD4_Tcell,1,149.18862242108213
-59.170000000000016,-199.71000000000004,0.0,other_tissue,0,335.6239155800419
-484.32,72.63999999999999,0.0,other_tissue,0,149.28386512050872
64.84000000000003,402.94,0.0,apCAF,1,354.82668386333273
-449.04,-332.82000000000005,0.0,other_tissue,0,491.14938868480914
26.200000000000045,447.61,0.0,other_tissue,0,96.96172462164489
448.73,0.160000000000025,0.0,other_tissue,0,220.98160253041058
-146.11,378.11,0.0,other_tissue,0,156.47295256183327
-409.03,63.52999999999997,0.0,other_tissue,0,139.65914858139357
272.32000000000005,-0.2599999999999909,0.0,CD4_Tcell,1,185.98794100526504
-190.64999999999998,452.12,0.0,other_tissue,0,322.0319917736649
-308.35,-76.98000000000002,0.0,CD4_Tcell,1,321.21474811225426
-93.58999999999997,-348.20000000000005,0.0,CD8_Tcell,1,230.18315760008568
-276.16999999999996,-373.58000000000004,0.0,CD8_Tcell,1,118.14696059095178
-286.85,-343.66999999999996,0.0,other_tissue,0,178.38101238394015
-224.26999999999998,386.40999999999997,0.0,other_tissue,0,83.58959746525296
-101.60000000000002,-101.07000000000005,0.0,other_tissue,0,221.8931759386227
-211.0,-476.25,0.0,other_tissue,0,220.7253971238253
-395.86,-81.52999999999997,0.0,CD4_Tcell,1,113.05210262661066
-268.71000000000004,-72.12,0.0,CD4_Tcell,1,710.0492491090376
242.65999999999997,468.11,0.0,other_tissue,0,307.40019352918677
461.59000000000003,445.88,0.0,other_tissue,0,133.67403884541602
133.57000000000005,118.19999999999999,0.0,apCAF,1,286.819645676959
330.98,448.95,0.0,CD8_Tcell,1,230.49207539207939
458.58000000000004,336.85,0.0,other_tissue,0,466.07533373987695
382.14,-381.6,0.0,other_tissue,0,234.3125614074195
93.50999999999999,382.46,0.0,other_tissue,0,208.37001441162496
-300.38,-272.38,0.0,CD4_Tcell,1,326.63189058472693
-498.6,-184.16999999999996,0.0,epithelial_tumor_class1,1,4034.233950875785
-159.14999999999998,-431.78999999999996,0.0,other_tissue,0,163.91094160531776
-270.51,-397.79999999999995,0.0,other_tissue,0,188.56817550302776
-337.41999999999996,106.62,0.0,CD4_Tcell,1,224.50892565982443
-445.32,66.12,0.0,other_tissue,0,307.22401193001934
-121.04000000000002,104.79000000000002,0.0,other_tissue,0,168.78897160304342
221.01999999999998,105.13,0.0,other_tissue,0,289.8589927402589
471.44000000000005,129.88,0.0,other_tissue,0,286.147133287573
291.67999999999995,116.05000000000001,0.0,other_tissue,0,386.14841083842913
-189.20999999999998,-267.33000000000004,0.0,apCAF,1,255.46807189352631
-343.94,35.79000000000002,0.0,CAF,1,157.12683635265697
-313.89,174.66000000000003,0.0,other_tissue,0,161.93462608520403
-415.94,-305.72,0.0,other_tissue,0,274.997400212339
323.36,-142.87,0.0,other_tissue,0,272.2255028237928
-487.55,304.76,0.0,other_tissue,0,246.94890460281343
179.39999999999998,-19.639999999999986,0.0,other_tissue,0,146.3031433651635
-423.34000000000003,-339.28,0.0,other_tissue,0,312.19372199098314
301.88,-435.78999999999996,0.0,CD4_Tcell,1,203.49635774660825
-6.329999999999984,-170.11,0.0,apCAF,1,280.9085387708451
325.69000000000005,408.54,0.0,other_tissue,0,102.6208160514261
-194.86,-408.99,0.0,other_tissue,0,614.3768909724885
153.79999999999995,-55.97000000000003,0.0,other_tissue,0,953.0454271196735
-223.39,-315.62,0.0,other_tissue,0,149.22263301908967
236.83000000000004,-184.76999999999998,0.0,other_tissue,0,975.4484018366953
80.24000000000001,-253.71000000000004,0.0,CD4_Tcell,1,117.11367882725322
107.38,357.28,0.0,other_tissue,0,434.1021103536106
-196.45999999999998,-294.72,0.0,other_tissue,0,314.63702437310394
210.33000000000004,-291.83000000000004,0.0,other_tissue,0,262.8293362832126
84.39999999999998,-323.73,0.0,CD4_Tcell,1,188.87844259130307
141.65999999999997,-131.52999999999997,0.0,CD8_Tcell,1,153.4524041894431
494.4,120.73000000000002,0.0,CAF,1,431.0870429462284
-485.86,426.64,0.0,CAF,1,255.42913304180146
-241.7,-208.74,0.0,other_tissue,0,292.82376289278426
294.69000000000005,-455.78999999999996,0.0,other_tissue,0,396.67986436446574
-391.42,-183.92999999999995,0.0,CAF,1,213.92572589232623
122.78999999999996,456.44,0.0,other_tissue,0,141.46328860383198
-284.08000000000004,-224.28999999999996,0.0,CD4_Tcell,1,174.98544946133188
277.85,-368.17999999999995,0.0,other_tissue,0,168.6265538485731
235.67999999999995,393.95,0.0,other_tissue,0,83.58959746525296
-7.689999999999998,-423.53999999999996,0.0,other_tissue,0,193.10445578974367
-269.75,346.07,0.0,other_tissue,0,134.05368655654692
-494.561,-42.07000000000005,0.0,other_tissue,0,145.03125972390924
272.9,365.62,0.0,other_tissue,0,348.76569388655304
-266.38,-264.22,0.0,other_tissue,0,170.19601228387563
-172.51999999999998,-139.74,0.0,CD8_Tcell,1,229.7837915294198
474.07000000000005,-482.62,0.0,other_tissue,0,193.75143456932966
-421.4,-169.36,0.0,CD4_Tcell,1,438.246321781037
276.08000000000004,-209.48000000000002,0.0,other_tissue,0,429.80505861406766
320.35,499.6742,0.0,other_tissue,0,571.933907087901
-382.28,139.91000000000003,0.0,other_tissue,0,245.52402023011095
62.89999999999998,-470.42999999999995,0.0,other_tissue,0,294.38324563784033
-276.91999999999996,-100.26999999999998,0.0,CD4_Tcell,1,404.206988743792
-234.48000000000002,373.38,0.0,CD8_Tcell,1,239.04943319259155
122.30999999999995,262.99,0.0,other_tissue,0,167.05210475538254
79.54999999999995,440.25,0.0,CAF,1,204.1160326630903
-479.29,-243.60000000000002,0.0,other_tissue,0,250.00706084484506
-81.08999999999997,-78.60000000000002,0.0,other_tissue,0,208.5230255533489
-208.60000000000002,-139.89999999999998,0.0,other_tissue,0,207.71631169837124
429.33000000000004,442.63,0.0,other_tissue,0,189.4042849730737
-305.51,87.73000000000002,0.0,CD4_Tcell,1,724.0933079743336
-252.06,-6.259999999999991,0.0,other_tissue,0,170.7907820912577
-136.29000000000002,241.32,0.0,other_tissue,0,456.61937277502886
-291.69,42.49000000000001,0.0,other_tissue,0,132.34463785611146
-166.24,277.27,0.0,other_tissue,0,85.07711059311018
477.65,320.95,0.0,other_tissue,0,229.7021599629704
334.46000000000004,-381.51,0.0,CD4_Tcell,1,270.1285345498948
-57.620000000000005,-24.470000000000027,0.0,other_tissue,0,166.07124191876284
229.84000000000003,138.76,0.0,apCAF,1,280.9085387708451
275.15999999999997,151.57,0.0,other_tissue,0,124.64338969390678
-65.07999999999998,-325.45000000000005,0.0,other_tissue,0,140.72277042531795
-240.97000000000003,-214.62,0.0,CD4_Tcell,1,105.88248868733676
128.96000000000004,-271.88,0.0,CAF,1,390.3305803602877
-34.160000000000025,-11.639999999999986,0.0,CD4_Tcell,1,104.46288755257336
-300.37,-174.89,0.0,CAF,1,421.908002293986
57.059999999999945,368.45,0.0,other_tissue,0,254.62204448010195
-21.910000000000025,410.36,0.0,other_tissue,0,369.59391368872144
-47.75,-62.49000000000001,0.0,other_tissue,0,477.1801595824816
204.30999999999995,464.93,0.0,other_tissue,0,224.06262738423047
340.02,418.7,0.0,CAF,1,225.47495166771424
155.51999999999998,25.480000000000018,0.0,other_tissue,0,241.05743050859942
472.44000000000005,-229.37,0.0,other_tissue,0,316.8345051212037
-128.14999999999998,-273.07000000000005,0.0,other_tissue,0,169.57299180994826
284.85,475.36,0.0,other_tissue,0,122.20385941152192
-307.59000000000003,-311.94000000000005,0.0,CD8_Tcell,1,120.23172149695193
434.12,95.44,0.0,other_tissue,0,285.59100536528274
-416.57,-178.55999999999995,0.0,other_tissue,0,133.74991096857735
-221.27999999999997,-286.15,0.0,CD4_Tcell,1,181.36274306551712
215.79999999999995,354.96000000000004,0.0,other_tissue,0,168.53800627772662
-423.07,-269.34000000000003,0.0,epithelial_tumor_class1,1,2129.4161411309933
-230.48000000000002,89.00999999999999,0.0,other_tissue,0,251.51665673978596
-431.02,31.339999999999975,0.0,other_tissue,0,135.29887732850364
-250.21,-89.79999999999995,0.0,other_tissue,0,269.75485230809824
486.13,206.67000000000002,0.0,other_tissue,0,189.59574208946623
-337.91999999999996,-58.139999999999986,0.0,CD4_Tcell,1,325.0861357855707
-255.15,10.810000000000002,0.0,apCAF,1,1223.6592043061469
0.12000000000000455,-410.73,0.0,other_tissue,0,98.81055438447605
290.40999999999997,478.35,0.0,other_tissue,0,185.0833829960051
-142.35000000000002,152.01,0.0,CAF,1,136.25162673451635
-28.94999999999999,-421.01,0.0,other_tissue,0,176.03904313507508
-118.11000000000001,174.38,0.0,apCAF,1,153.85472924671987
243.20000000000005,291.81,0.0,other_tissue,0,161.46813522751796
-261.15999999999997,77.50999999999999,0.0,other_tissue,0,469.77706450541774
97.09000000000003,363.61,0.0,other_tissue,0,216.78386161177897
-9.800000000000011,-162.65999999999997,0.0,other_tissue,0,208.5230255533489
-470.97,-317.53,0.0,other_tissue,0,262.621043341327
442.95000000000005,-396.15,0.0,other_tissue,0,169.28424987583054
265.94000000000005,224.06,0.0,other_tissue,0,190.38686651065717
-50.45999999999998,-471.39,0.0,other_tissue,0,116.62239040883803
-140.66000000000003,46.22000000000003,0.0,CD8_Tcell,1,111.71754269186137
475.58000000000004,278.39,0.0,other_tissue,0,278.2618569027355
477.14,62.52999999999997,0.0,other_tissue,0,381.2837874879391
-106.13,203.97000000000003,0.0,other_tissue,0,238.26795288646508
25.789999999999964,219.51,0.0,other_tissue,0,212.33826414191458
489.48,422.97,0.0,other_tissue,0,135.2415319972124
290.79999999999995,60.139999999999986,0.0,other_tissue,0,118.5666376018344
-294.65999999999997,-206.30999999999995,0.0,other_tissue,0,106.29431366893026
46.360000000000014,-243.72000000000003,0.0,other_tissue,0,382.14900137255063
339.90999999999997,400.72,0.0,other_tissue,0,89.24538876753064
241.45000000000005,29.480000000000018,0.0,other_tissue,0,276.35959916883274
135.39999999999998,319.36,0.0,other_tissue,0,215.66887581861891
-231.62,500.0126,0.0,other_tissue,0,471.22515677429675
-252.68,221.56,0.0,other_tissue,0,108.32000532428627
-48.23000000000002,-386.63,0.0,other_tissue,0,254.49578722267583
115.28999999999996,-494.5,0.0,other_tissue,0,240.93569852175256
322.04999999999995,-4.75,0.0,other_tissue,0,309.0883328729212
-111.80000000000001,176.02999999999997,0.0,other_tissue,0,218.6214481807436
-223.18,-255.91999999999996,0.0,other_tissue,0,105.99076036279905
-292.87,-185.66999999999996,0.0,apCAF,1,790.3604094159166
111.70000000000005,404.78,0.0,other_tissue,0,200.08573641327814
-55.99000000000001,243.07,0.0,other_tissue,0,163.39729600460453
329.55999999999995,502.469,0.0,other_tissue,0,975.4484018366953
-360.4,227.19,0.0,other_tissue,0,479.13183442081623
-101.70999999999998,371.75,0.0,CD8_Tcell,1,105.54695452108103
-214.57,66.23000000000002,0.0,other_tissue,0,112.27373233602869
-457.83,-94.73000000000002,0.0,CD8_Tcell,1,204.25856788353465
467.78999999999996,114.07,0.0,other_tissue,0,212.98437574954693
169.04999999999995,89.56,0.0,other_tissue,0,176.96725769786667
-311.21000000000004,114.20999999999998,0.0,other_tissue,0,105.64455059961551
-438.67,-290.95000000000005,0.0,other_tissue,0,514.5253702077757
284.09000000000003,321.51,0.0,other_tissue,0,159.248550613866
-195.14,346.99,0.0,other_tissue,0,284.54367065345997
-398.72,226.05,0.0,other_tissue,0,220.58412722315782
272.90999999999997,346.34000000000003,0.0,other_tissue,0,135.0059492051691
-202.27999999999997,-370.1,0.0,other_tissue,0,105.19129551971297
327.75,-28.960000000000036,0.0,other_tissue,0,133.7056487420688
-270.14,-100.96000000000004,0.0,apCAF,1,627.2219443863994
-243.89999999999998,76.43,0.0,other_tissue,0,181.20784030539718
-299.28,250.04,0.0,other_tissue,0,253.2839045620534
433.99,282.95,0.0,CD8_Tcell,1,265.02805368681766
474.39,-165.21000000000004,0.0,other_tissue,0,132.5456835569427
-475.39,189.49,0.0,CAF,1,322.6572081458301
-29.660000000000025,-181.39,0.0,CD8_Tcell,1,183.26747175671383
31.559999999999945,195.31,0.0,other_tissue,0,390.9378740946463
-234.24,494.067,0.0,CAF,1,152.77420838337034
-341.34000000000003,-318.46000000000004,0.0,other_tissue,0,168.3241443017604
18.940000000000055,-375.15999999999997,0.0,CD4_Tcell,1,166.07124191876284
-44.870000000000005,51.75,0.0,other_tissue,0,209.70713501961137
388.38,254.18,0.0,other_tissue,0,176.40385402280526
-72.50999999999999,72.33999999999997,0.0,other_tissue,0,311.7932978034403
450.52,58.50999999999999,0.0,other_tissue,0,191.09193309771592
-302.37,135.63,0.0,CD4_Tcell,1,106.9576317751339
30.42999999999995,348.34000000000003,0.0,other_tissue,0,165.99089429255665
432.70000000000005,-252.74,0.0,other_tissue,0,439.81067097613294
-128.19,-164.12,0.0,other_tissue,0,208.51452296987398
-274.69,-147.51999999999998,0.0,CD4_Tcell,1,248.97212722345643
264.12,39.23000000000002,0.0,other_tissue,0,272.03257672644645
-318.78999999999996,-169.61,0.0,CD4_Tcell,1,886.8704379482343
-258.1,-384.42999999999995,0.0,other_tissue,0,177.40204774890074
77.97000000000003,-460.59000000000003,0.0,other_tissue,0,313.25204265846094
-380.21,-25.50999999999999,0.0,apCAF,1,270.6947638416902
-113.88,-246.02999999999997,0.0,other_tissue,0,296.270518212725
-302.32,-257.98,0.0,other_tissue,0,169.8768948440249
437.54999999999995,-475.74,0.0,other_tissue,0,151.80194702583333
-0.37999999999999545,500.9253,0.0,other_tissue,0,386.59735594135714
-88.32,-108.01999999999998,0.0,other_tissue,0,91.09296066086405
352.4,407.29,0.0,other_tissue,0,179.07918102998033
-145.48000000000002,-8.70999999999998,0.0,other_tissue,0,186.39003433764307
-332.71000000000004,-273.14,0.0,CD8_Tcell,1,250.04544669781728
-307.74,-275.73,0.0,other_tissue,0,173.8080150990212
-79.64999999999998,-91.97000000000003,0.0,apCAF,1,627.4522996480196
102.36000000000001,-333.96000000000004,0.0,other_tissue,0,213.98627417278726
-468.06,-256.63,0.0,other_tissue,0,294.86502197779635
488.03999999999996,-108.94000000000005,0.0,CD4_Tcell,1,116.32251594276643
-241.01999999999998,-96.75999999999999,0.0,CAF,1,275.37590733792547
-16.20999999999998,197.25,0.0,other_tissue,0,93.21418556181422
218.54999999999995,110.91000000000003,0.0,other_tissue,0,115.17394352418239
113.08000000000004,252.13,0.0,other_tissue,0,140.92566355642504
-441.69,-313.69000000000005,0.0,other_tissue,0,868.2534442242055
-434.72,-286.39,0.0,other_tissue,0,421.79919651719854
-176.17000000000002,47.18000000000001,0.0,other_tissue,0,131.86170500612428
-204.04000000000002,31.350000000000023,0.0,CD8_Tcell,1,105.54695452108103
-56.329999999999984,172.86,0.0,CD4_Tcell,1,207.63151568713113
221.38,492.703,0.0,other_tissue,0,211.76217732672436
-26.629999999999995,-1.6100000000000136,0.0,CD4_Tcell,1,275.4270835725255
130.92999999999995,-145.79999999999995,0.0,apCAF,1,1261.5548628996441
-76.58999999999997,333.97,0.0,other_tissue,0,158.808507031178
455.97,-247.35000000000002,0.0,other_tissue,0,285.538577693397
0.4700000000000273,-494.92999999999995,0.0,other_tissue,0,540.506552605985
249.46000000000004,-219.40999999999997,0.0,other_tissue,0,112.52151911628528
189.44000000000005,152.55,0.0,other_tissue,0,168.09573336890244
17.559999999999945,25.279999999999973,0.0,apCAF,1,464.14480656882836
-472.07,-307.86,0.0,other_tissue,0,274.5477353009996
-450.17,-349.08000000000004,0.0,CAF,1,483.87033616547205
216.57000000000005,-122.58000000000004,0.0,other_tissue,0,206.76791418906996
452.80999999999995,-113.71000000000004,0.0,other_tissue,0,180.149127180313
-79.47000000000003,-301.40999999999997,0.0,CD4_Tcell,1,226.00385659505804
-500.0209,92.60000000000002,0.0,other_tissue,0,156.51508376601856
-317.73,133.18,0.0,CD4_Tcell,1,257.332011461898
479.67999999999995,426.59000000000003,0.0,other_tissue,0,171.61831798407758
201.16999999999996,-162.32000000000005,0.0,other_tissue,0,129.97274066028447
-199.97000000000003,-210.52999999999997,0.0,CD8_Tcell,1,440.02046427109815
414.35,-90.13999999999999,0.0,other_tissue,0,975.4484018366953
-29.50999999999999,-436.25,0.0,other_tissue,0,258.3016947430144
412.41999999999996,40.110000000000014,0.0,CD4_Tcell,1,231.20181323397145
-262.11,-131.42999999999995,0.0,other_tissue,0,96.08659655605965
43.92999999999995,-123.87,0.0,other_tissue,0,248.96255787466026
-451.13,-100.07000000000005,0.0,CD4_Tcell,1,110.29339863605671
-285.36,81.95999999999998,0.0,other_tissue,0,459.2770532092217
-59.20999999999998,-65.23000000000002,0.0,other_tissue,0,252.29786365194872
154.92999999999995,85.55000000000001,0.0,other_tissue,0,447.41947399836374
111.59000000000003,-305.39,0.0,other_tissue,0,181.5332380340973
-118.23000000000002,55.629999999999995,0.0,other_tissue,0,107.09389740592903
-361.74,92.49000000000001,0.0,other_tissue,0,205.24134583968294
251.63,32.860000000000014,0.0,other_tissue,0,390.17562749345313
376.14,336.27,0.0,other_tissue,0,502.73916389131097
453.59000000000003,-424.64,0.0,other_tissue,0,117.60634506008469
347.67999999999995,218.39,0.0,other_tissue,0,474.2773011277702
337.37,-197.39,0.0,other_tissue,0,233.41308998650666
-100.86000000000001,216.04000000000002,0.0,other_tissue,0,178.06704676306043
385.61,-460.29999999999995,0.0,CAF,1,302.03511945888096
-258.21000000000004,101.99000000000001,0.0,other_tissue,0,218.68287924229372
-499.8359,-92.92999999999995,0.0,other_tissue,0,677.534526441247
-251.09,-367.87,0.0,other_tissue,0,212.38129754035862
-221.23000000000002,13.279999999999973,0.0,other_tissue,0,424.11534702885007
275.86,307.15999999999997,0.0,other_tissue,0,200.9140533696809
411.47,-252.35000000000002,0.0,other_tissue,0,139.39895865239194
-280.73,236.44,0.0,apCAF,1,219.42974635506033
-149.17000000000002,319.74,0.0,other_tissue,0,105.99617588321165
258.73,36.06,0.0,other_tissue,0,139.29497323365584
147.37,-319.78,0.0,CD4_Tcell,1,687.8453789049892
51.98000000000002,-66.25999999999999,0.0,other_tissue,0,152.5462868635385
89.54999999999995,-480.19000000000005,0.0,CD8_Tcell,1,162.56761333674774
103.62,228.3,0.0,other_tissue,0,148.3739176123528
97.82000000000005,383.95,0.0,other_tissue,0,141.34515642738657
360.92999999999995,-263.03999999999996,0.0,other_tissue,0,450.78017549434816
72.25999999999999,310.61,0.0,other_tissue,0,92.1051136607502
251.85000000000002,-252.19000000000005,0.0,other_tissue,0,352.5531943699542
169.90999999999997,-37.07000000000005,0.0,other_tissue,0,316.1158391266748
-260.61,-398.13,0.0,other_tissue,0,128.36014814847633
-163.76,-205.26,0.0,CD4_Tcell,1,289.16058863380374
-84.44999999999999,-168.64,0.0,other_tissue,0,94.90449266955412
-246.31,-257.39,0.0,other_tissue,0,243.61385119406788
383.80999999999995,-208.27999999999997,0.0,other_tissue,0,86.14799879602062
-211.83999999999997,-418.55999999999995,0.0,other_tissue,0,164.30232151480658
-227.55,-121.98000000000002,0.0,other_tissue,0,135.93074621437725
-462.38,-359.15,0.0,other_tissue,0,187.8296794183012
129.30999999999995,-199.64,0.0,other_tissue,0,109.85466175264577
113.20000000000005,-291.55999999999995,0.0,other_tissue,0,195.3996255714053
364.71000000000004,493.051,0.0,other_tissue,0,346.3392916816686
333.03999999999996,-204.49,0.0,CAF,1,254.7969311491633
20.440000000000055,-97.65999999999997,0.0,other_tissue,0,217.71011285419382
383.61,124.47000000000003,0.0,CD4_Tcell,1,146.5718523896054
-300.48,359.6,0.0,other_tissue,0,108.73261409812018
-434.47,-345.61,0.0,other_tissue,0,174.54706644475752
-255.2,-433.46000000000004,0.0,other_tissue,0,168.17675874218583
238.14999999999998,-312.70000000000005,0.0,other_tissue,0,393.9318156149178
283.83000000000004,-215.75,0.0,other_tissue,0,277.6027942571929
-57.589999999999975,224.26,0.0,other_tissue,0,148.75374308166144
-175.93,330.89,0.0,other_tissue,0,204.30050263174766
382.16999999999996,-169.08000000000004,0.0,other_tissue,0,257.50813668860746
-272.39,-25.720000000000027,0.0,other_tissue,0,181.85126371714
-444.99,-347.25,0.0,other_tissue,0,182.37953944398382
155.89999999999998,-332.88,0.0,other_tissue,0,395.24564326430897
274.48,148.0,0.0,other_tissue,0,123.41660930775649
369.9,-163.67999999999995,0.0,other_tissue,0,191.94352643163188
6.199999999999989,364.78999999999996,0.0,other_tissue,0,268.7768352211535
272.41999999999996,29.75999999999999,0.0,other_tissue,0,167.60277712653942
-346.57,115.82999999999998,0.0,other_tissue,0,185.2012021241105
-172.70999999999998,-405.89,0.0,other_tissue,0,206.5735119606104
353.57000000000005,70.48000000000002,0.0,other_tissue,0,135.9818920617542
69.50999999999999,-189.97000000000003,0.0,CD4_Tcell,1,104.46288755257336
354.32000000000005,498.793,0.0,other_tissue,0,174.6830378983712
77.38999999999999,58.44,0.0,other_tissue,0,194.65963027402654
-133.64,-164.04999999999995,0.0,other_tissue,0,971.664751796098
64.75999999999999,-129.27999999999997,0.0,other_tissue,0,262.65079273576157
240.57000000000005,-283.15999999999997,0.0,apCAF,1,157.12683635265697
-428.17,-376.40999999999997,0.0,other_tissue,0,975.4484018366953
75.55999999999995,-84.14999999999998,0.0,CD4_Tcell,1,163.09395504844193
325.4,476.27,0.0,other_tissue,0,241.31976173090544
341.02,302.05,0.0,CD8_Tcell,1,150.9503251906128
385.28999999999996,-396.27,0.0,CAF,1,219.42974635506033
140.11,265.21000000000004,0.0,other_tissue,0,235.39866103988913
-496.846,-106.69000000000005,0.0,other_tissue,0,829.6252300690803
247.91999999999996,-433.4,0.0,other_tissue,0,501.91406634818173
-193.02999999999997,-144.27999999999997,0.0,other_tissue,0,133.78785779385765
-288.01,95.29000000000002,0.0,other_tissue,0,269.63373211879383
-243.81,186.16000000000003,0.0,other_tissue,0,216.5832300578694
134.42999999999995,54.00999999999999,0.0,other_tissue,0,374.6854490212842
-278.55,-162.85000000000002,0.0,other_tissue,0,88.3598238013583
-215.43,179.2,0.0,other_tissue,0,188.17089447973177
45.129999999999995,-4.589999999999975,0.0,other_tissue,0,262.1750719549858
-369.33000000000004,-212.0,0.0,other_tissue,0,342.92810190472954
388.23,18.110000000000014,0.0,other_tissue,0,137.48358996473107
-345.38,-71.04999999999995,0.0,other_tissue,0,249.5179855299219
225.29999999999995,-134.39999999999998,0.0,other_tissue,0,131.705161644947
-287.99,6.2900000000000205,0.0,other_tissue,0,381.14394925123986
-309.53999999999996,-55.73000000000002,0.0,other_tissue,0,337.2497293889583
-431.08,-275.16999999999996,0.0,epithelial_tumor_class1,1,1698.947095283128
48.41999999999996,111.74000000000001,0.0,other_tissue,0,194.034941598589
-257.65999999999997,258.08000000000004,0.0,other_tissue,0,145.37861850603267
-169.18,-400.47,0.0,other_tissue,0,146.22259474702477
273.91999999999996,120.04000000000002,0.0,other_tissue,0,201.3789078352186
-202.29000000000002,-321.88,0.0,other_tissue,0,244.63389236098445
273.74,433.77,0.0,other_tissue,0,96.30996315652484
284.27,-256.13,0.0,other_tissue,0,321.26011422307107
-337.83000000000004,-78.59000000000003,0.0,apCAF,1,143.93936869008613
217.26,-477.78,0.0,other_tissue,0,338.3404304799386
-115.67000000000002,340.24,0.0,other_tissue,0,210.81005954569034
294.29999999999995,-107.01999999999998,0.0,other_tissue,0,239.23575144445095
-502.573,-125.12,0.0,epithelial_tumor_class1,1,4034.233950875785
-406.22,70.85000000000002,0.0,CD4_Tcell,1,109.3396669511433
-97.87,-334.79999999999995,0.0,CD8_Tcell,1,207.09783142830665
-94.44,226.89,0.0,other_tissue,0,195.4077677879014
-421.28,209.99,0.0,CAF,1,217.48267543550324
129.75,-161.60000000000002,0.0,CD8_Tcell,1,275.4475558415569
-106.97000000000003,499.9886,0.0,CD4_Tcell,1,373.91938399863085
-40.02999999999997,-387.59000000000003,0.0,other_tissue,0,232.52506655509507
20.83000000000004,-77.76999999999998,0.0,other_tissue,0,211.92543924733326
-442.56,206.42000000000002,0.0,other_tissue,0,142.31182927802755
-256.78999999999996,77.55000000000001,0.0,apCAF,1,431.73589606929653
-355.33000000000004,103.41000000000003,0.0,other_tissue,0,420.1557895981966
493.26,50.94,0.0,other_tissue,0,362.4304671490845
197.63,-184.14999999999998,0.0,other_tissue,0,83.58959746525296
7.449999999999989,358.46000000000004,0.0,other_tissue,0,653.2646166079596
-4.1299999999999955,72.47000000000003,0.0,other_tissue,0,251.57446853894066
-113.57,-177.55999999999995,0.0,other_tissue,0,221.50345984397487
415.76,283.06,0.0,other_tissue,0,152.59461489661217
-499.9861,-240.08000000000004,0.0,other_tissue,0,333.44492465494807
-221.01,-112.28999999999996,0.0,other_tissue,0,275.4270835725255
-289.74,-166.46000000000004,0.0,other_tissue,0,218.56002862483047
122.13999999999999,-489.96000000000004,0.0,other_tissue,0,116.22459167480692
55.370000000000005,-101.60000000000002,0.0,other_tissue,0,126.1578491784869
-397.05,-266.33000000000004,0.0,other_tissue,0,439.9645128706307
-115.39999999999998,-29.450000000000045,0.0,other_tissue,0,163.47680455209343
174.75,166.62,0.0,other_tissue,0,130.05961944893252
-431.2,-427.23,0.0,other_tissue,0,173.3264971505583
-163.64,178.02999999999997,0.0,CAF,1,553.5905888919177
-198.31,401.90999999999997,0.0,CD4_Tcell,1,254.5152086988683
-368.03,-446.92999999999995,0.0,other_tissue,0,119.51454209507334
-420.0,-188.71000000000004,0.0,other_tissue,0,165.14516913291175
431.44000000000005,-9.850000000000023,0.0,other_tissue,0,344.1259889850971
-499.6979,146.24,0.0,CD4_Tcell,1,152.08423468164293
496.21000000000004,400.21,0.0,other_tissue,0,259.3918086929568
-489.94,-27.210000000000036,0.0,other_tissue,0,221.87545166178046
334.16999999999996,249.8,0.0,other_tissue,0,118.95221352872575
-438.72,-189.62,0.0,other_tissue,0,141.08942903070584
-324.35,-234.61,0.0,other_tissue,0,156.2413660797253
28.879999999999995,36.05000000000001,0.0,other_tissue,0,255.67256579174892
-161.04000000000002,-327.75,0.0,other_tissue,0,281.6247622987561
328.63,171.61,0.0,other_tissue,0,148.27906237769986
-391.07,324.26,0.0,other_tissue,0,135.25427400357904
-457.43,499.9136,0.0,other_tissue,0,257.47877690513496
329.9,453.78,0.0,other_tissue,0,144.96452345598695
328.21000000000004,346.33000000000004,0.0,other_tissue,0,145.39867534001306
-193.35000000000002,110.44,0.0,other_tissue,0,159.58978723624756
-499.7812,234.35000000000002,0.0,other_tissue,0,276.3493403240815
-335.65999999999997,-251.49,0.0,CD8_Tcell,1,130.2831998043378
179.47000000000003,-480.64,0.0,other_tissue,0,208.1746091266571
334.13,-199.67999999999995,0.0,other_tissue,0,83.58959746525296
-167.88,-314.29999999999995,0.0,CD8_Tcell,1,105.54695452108103
493.84000000000003,99.44999999999999,0.0,other_tissue,0,83.58959746525296
-118.77999999999997,430.06,0.0,other_tissue,0,205.36757052608587
-137.70999999999998,-79.23000000000002,0.0,CD8_Tcell,1,138.40671435881026
445.91999999999996,-133.36,0.0,other_tissue,0,188.66360608135562
-499.759,36.99000000000001,0.0,other_tissue,0,386.30229569747394
-178.29000000000002,-294.11,0.0,other_tissue,0,83.58959746525296
-177.83999999999997,-463.64,0.0,other_tissue,0,102.55722891098048
-59.56999999999999,-119.98000000000002,0.0,other_tissue,0,106.8977115346365
129.39,320.4,0.0,other_tissue,0,111.10730021729677
24.039999999999964,-337.20000000000005,0.0,other_tissue,0,174.3809749566907
474.29999999999995,-185.44000000000005,0.0,other_tissue,0,143.5810466203464
-413.73,-372.82000000000005,0.0,other_tissue,0,594.7044262967321
299.82000000000005,-424.02,0.0,other_tissue,0,340.0574535433497
231.75,-23.25999999999999,0.0,other_tissue,0,129.29146745957365
380.28999999999996,-291.94000000000005,0.0,other_tissue,0,202.91133428326495
70.07000000000005,71.48000000000002,0.0,CD8_Tcell,1,105.54695452108103
402.86,144.23000000000002,0.0,CD4_Tcell,1,104.46288755257336
204.25,302.26,0.0,other_tissue,0,83.58959746525296
-215.7,461.27,0.0,other_tissue,0,183.79066887654824
-14.139999999999986,8.819999999999993,0.0,other_tissue,0,96.08152406028981
213.44000000000005,13.089999999999975,0.0,other_tissue,0,228.49807973399228
-355.03,409.02,0.0,CAF,1,354.82668386333273
-244.44,292.1,0.0,other_tissue,0,215.56454235007922
-105.01999999999998,420.27,0.0,other_tissue,0,257.34179408920966
-260.40999999999997,-373.85,0.0,other_tissue,0,91.07338095275198
324.65999999999997,8.120000000000005,0.0,other_tissue,0,110.532694992555
346.73,-376.23,0.0,other_tissue,0,242.15486404863663
368.16999999999996,495.664,0.0,other_tissue,0,240.842086424375
-90.47000000000003,499.7922,0.0,other_tissue,0,285.77979812044174
145.95000000000005,-187.71000000000004,0.0,other_tissue,0,157.43683450565288
322.04999999999995,492.502,0.0,other_tissue,0,184.5655724416046
-420.33,-281.15,0.0,epithelial_tumor_class1,1,4034.233950875785
-386.4,13.910000000000025,0.0,other_tissue,0,145.17147254874345
477.28999999999996,394.79,0.0,apCAF,1,343.95977896086055
263.88,500.4747,0.0,CD4_Tcell,1,133.541331682805
153.38,-44.42999999999995,0.0,other_tissue,0,232.49763788035244
385.41999999999996,-321.74,0.0,other_tissue,0,253.35166808195459
62.48000000000002,-145.71000000000004,0.0,other_tissue,0,131.03655593935497
136.95000000000005,-450.12,0.0,other_tissue,0,122.77638156633421
-20.05000000000001,60.120000000000005,0.0,other_tissue,0,99.11060193578119
-343.88,-189.63,0.0,other_tissue,0,83.58959746525296
404.44000000000005,-353.79999999999995,0.0,other_tissue,0,170.0326930142704
-270.55,176.27999999999997,0.0,CD8_Tcell,1,126.48657531407284
252.29999999999995,-466.36,0.0,other_tissue,0,380.33102308404807
30.50999999999999,-443.66999999999996,0.0,other_tissue,0,93.13467247930804
206.57000000000005,-480.17999999999995,0.0,other_tissue,0,568.7576739956808
441.85,-400.05999999999995,0.0,other_tissue,0,151.224692961384
460.4,-79.63,0.0,other_tissue,0,124.60719239468324
-377.94,-334.69000000000005,0.0,other_tissue,0,280.1521180979755
-474.56,-16.17999999999995,0.0,other_tissue,0,121.82911068820822
-275.73,-246.87,0.0,other_tissue,0,147.40019365032342
327.87,-479.47,0.0,other_tissue,0,124.05304437164797
14.970000000000027,-65.47000000000003,0.0,CD8_Tcell,1,105.54695452108103
-392.57,249.9,0.0,other_tissue,0,162.84866847605883
198.91999999999996,-375.16999999999996,0.0,CAF,1,523.3631914904297
113.86000000000001,497.445,0.0,CAF,1,242.4649976660999
292.62,-449.94000000000005,0.0,other_tissue,0,114.92227646857268
-462.2,-111.29999999999995,0.0,other_tissue,0,296.96955660847976
-294.02,-85.21000000000004,0.0,CD4_Tcell,1,481.66804304137514
98.63999999999999,-429.58000000000004,0.0,other_tissue,0,425.08518506768985
465.78,8.189999999999998,0.0,other_tissue,0,155.81388377253865
103.17999999999995,322.49,0.0,other_tissue,0,195.83962901120773
-225.36,-11.370000000000005,0.0,other_tissue,0,179.71755861305206
-270.27,51.74000000000001,0.0,CD4_Tcell,1,151.09432685394177
469.38,-344.61,0.0,other_tissue,0,180.61228816751176
312.11,176.14,0.0,other_tissue,0,138.37436777627315
-499.7452,271.69,0.0,other_tissue,0,265.59712601057487
118.34000000000003,-208.49,0.0,other_tissue,0,452.43119212834574
-86.42000000000002,-370.13,0.0,other_tissue,0,143.23655825199154
248.26,146.74,0.0,other_tissue,0,134.3642648808346
-277.1,-2.990000000000009,0.0,other_tissue,0,231.58458252664957
261.28,174.32,0.0,other_tissue,0,210.63025080729489
225.86,-305.36,0.0,other_tissue,0,704.6743283849643
125.57000000000005,34.56,0.0,other_tissue,0,191.25241789520612
-46.06999999999999,-489.86,0.0,other_tissue,0,324.9261149537077
-3.6499999999999773,66.61000000000001,0.0,other_tissue,0,172.96594289797142
-160.39,35.49000000000001,0.0,other_tissue,0,152.22206287736537
14.379999999999995,43.389999999999986,0.0,other_tissue,0,468.0403583301792
452.83000000000004,432.36,0.0,other_tissue,0,108.90346464407138
209.26,-41.629999999999995,0.0,other_tissue,0,192.39444443637913
118.04999999999995,-409.91999999999996,0.0,other_tissue,0,168.9588834577183
-479.21,-140.42999999999995,0.0,other_tissue,0,909.400904399823
-105.72000000000003,69.22000000000003,0.0,other_tissue,0,239.26370752953267
230.46000000000004,-297.80999999999995,0.0,other_tissue,0,600.021095750943
-356.5,16.819999999999993,0.0,other_tissue,0,132.470267576579
70.42999999999995,430.55,0.0,other_tissue,0,176.70824781970643
-152.22000000000003,101.45999999999998,0.0,apCAF,1,989.8284003146255
-263.34000000000003,-235.98000000000002,0.0,other_tissue,0,145.88729373104653
-500.69,-111.39999999999998,0.0,other_tissue,0,975.4484018366953
-398.77,66.31,0.0,CD4_Tcell,1,168.61179376684063
217.64,-340.1,0.0,other_tissue,0,321.748069712328
117.79999999999995,-290.41999999999996,0.0,other_tissue,0,107.30124274513167
494.61,291.98,0.0,other_tissue,0,218.89358738847196
332.58000000000004,232.0,0.0,other_tissue,0,309.06622592211085
-389.81,-168.12,0.0,CD8_Tcell,1,110.26559591407108
-420.55,123.69999999999999,0.0,apCAF,1,184.24438909228252
-19.920000000000016,-473.99,0.0,other_tissue,0,247.95914020773898
-390.77,114.30000000000001,0.0,other_tissue,0,292.9197357203543
-196.45999999999998,52.75999999999999,0.0,other_tissue,0,167.1988325988161
91.53999999999996,16.660000000000025,0.0,apCAF,1,640.3346132683909
227.21000000000004,206.91000000000003,0.0,other_tissue,0,183.72814529697635
-103.82,153.41000000000003,0.0,other_tissue,0,350.3735516455133
252.10000000000002,-385.44000000000005,0.0,other_tissue,0,196.8115968735449
101.78999999999996,190.37,0.0,other_tissue,0,622.8735353568011
-114.22000000000003,42.089999999999975,0.0,apCAF,1,228.57038639212746
296.04999999999995,-208.37,0.0,other_tissue,0,412.1366532351484
337.9,-192.59000000000003,0.0,other_tissue,0,246.8632564844708
-259.85,106.41000000000003,0.0,other_tissue,0,141.5814865829085
338.01,-188.71000000000004,0.0,other_tissue,0,226.80326010418088
-27.24000000000001,-411.76,0.0,other_tissue,0,148.5298390177476
-176.2,-66.60000000000002,0.0,CD4_Tcell,1,104.46288755257336
491.28999999999996,7.970000000000027,0.0,other_tissue,0,232.93675558317892
267.76,323.86,0.0,other_tissue,0,284.48091212760795
433.66999999999996,-297.6,0.0,other_tissue,0,170.7089192090669
-171.45,56.389999999999986,0.0,other_tissue,0,102.57312323283193
-302.05,172.81,0.0,other_tissue,0,111.4933416529861
-334.87,-299.80999999999995,0.0,other_tissue,0,131.44869882748458
163.10000000000002,39.589999999999975,0.0,other_tissue,0,154.51522811099153
-300.5,-209.13,0.0,CD8_Tcell,1,122.70471871592301
-92.10000000000002,-305.63,0.0,other_tissue,0,109.45581510300481
-450.89,-314.95000000000005,0.0,other_tissue,0,207.84354899832778
-325.38,-223.91999999999996,0.0,CD4_Tcell,1,109.12970302188367
294.22,92.79000000000002,0.0,other_tissue,0,176.19098648551
466.64,-107.88,0.0,CD4_Tcell,1,205.4433301734239
-1.7099999999999795,202.99,0.0,other_tissue,0,264.8884059930081
128.58000000000004,-498.15999999999997,0.0,other_tissue,0,123.4345916205999
245.05999999999995,459.84000000000003,0.0,CD4_Tcell,1,268.7969766153689
469.14,-9.470000000000027,0.0,mesenchymal_tumor_class1,1,235.68454791157623
-341.0,479.89,0.0,other_tissue,0,120.03744807769728
146.24,-139.15999999999997,0.0,other_tissue,0,267.8011849134189
147.66999999999996,265.33000000000004,0.0,other_tissue,0,326.03590987951225
303.59000000000003,413.96,0.0,other_tissue,0,112.42010777930484
296.03,468.01,0.0,CD4_Tcell,1,113.69781099920368
426.13,154.61,0.0,CAF,1,188.56817550302776
-499.8986,439.36,0.0,other_tissue,0,216.1823383919097
-384.05,-39.98000000000002,0.0,other_tissue,0,175.30335702609273
-199.32999999999998,294.15999999999997,0.0,CD4_Tcell,1,177.08160717591426
-141.43,-108.05999999999995,0.0,apCAF,1,515.8306536583126
-410.90999999999997,-5.829999999999984,0.0,other_tissue,0,216.2607347585217
426.53,-445.58000000000004,0.0,CD4_Tcell,1,141.42390390118484
-10.29000000000002,-350.14,0.0,other_tissue,0,162.68287885640387
286.57000000000005,-43.16999999999996,0.0,other_tissue,0,158.82268931679744
210.69000000000005,-298.34000000000003,0.0,other_tissue,0,183.82975331603888
459.89,48.589999999999975,0.0,other_tissue,0,356.17358793685867
3.2900000000000205,328.75,0.0,other_tissue,0,106.96308017978748
-241.63,287.65,0.0,other_tissue,0,147.05635738674818
-483.86,47.839999999999975,0.0,other_tissue,0,177.0053687191776
-110.0,-94.44000000000005,0.0,other_tissue,0,293.485334422513
-34.139999999999986,62.629999999999995,0.0,CD8_Tcell,1,137.94140968595923
181.47000000000003,207.07999999999998,0.0,other_tissue,0,151.0120289805013
180.01,283.16999999999996,0.0,other_tissue,0,194.39985683282842
-347.91999999999996,244.23,0.0,other_tissue,0,169.57299180994826
9.360000000000014,388.83,0.0,other_tissue,0,96.65075402815218
-455.18,260.23,0.0,other_tissue,0,162.06396683475344
105.75,468.33,0.0,other_tissue,0,162.45240227592166
-499.8375,-230.66999999999996,0.0,other_tissue,0,270.33066856085713
-487.0,463.81,0.0,other_tissue,0,175.40941171604928
-383.21,222.22000000000003,0.0,other_tissue,0,259.87400435195224
-268.19,148.22000000000003,0.0,other_tissue,0,256.92136494953513
-370.08000000000004,207.95999999999998,0.0,other_tissue,0,83.58959746525296
186.39,-124.10000000000002,0.0,other_tissue,0,174.19236256304515
-326.32,72.25,0.0,CD8_Tcell,1,175.4927704016935
-405.48,149.73000000000002,0.0,other_tissue,0,424.5522743252552
-33.18000000000001,-282.42999999999995,0.0,CD4_Tcell,1,343.46147001768054
-1.8500000000000227,412.97,0.0,other_tissue,0,238.9097580053376
117.49000000000001,-175.51999999999998,0.0,other_tissue,0,358.9020356033564
-111.19999999999999,372.07,0.0,other_tissue,0,129.9665365134236
-469.98,-294.92999999999995,0.0,other_tissue,0,213.45038677938453
337.83000000000004,-496.76,0.0,other_tissue,0,356.8057406959986
460.15999999999997,108.30000000000001,0.0,other_tissue,0,137.7671896609567
224.86,-495.69000000000005,0.0,other_tissue,0,128.23713105163773
371.25,-324.62,0.0,other_tissue,0,372.765983342211
-180.18,-337.0,0.0,CD4_Tcell,1,106.3105917887104
382.74,-492.17999999999995,0.0,other_tissue,0,226.4347618011401
-125.85000000000002,-188.35000000000002,0.0,other_tissue,0,252.2495942241906
-189.43,192.36,0.0,other_tissue,0,159.36224205184348
-194.89999999999998,-89.86000000000001,0.0,other_tissue,0,130.6750817199453
-478.3,-56.940000000000055,0.0,other_tissue,0,83.58959746525296
-26.80000000000001,-6.810000000000002,0.0,other_tissue,0,90.49216717731174
320.14,-144.52999999999997,0.0,other_tissue,0,258.7530823231812
-427.1,244.44,0.0,other_tissue,0,150.8201168361722
-385.22,108.94999999999999,0.0,other_tissue,0,796.8893116344692
150.01999999999998,-112.17999999999995,0.0,other_tissue,0,236.59909125298356
-269.3,-196.17999999999995,0.0,other_tissue,0,104.66413867919802
-221.7,-83.09000000000003,0.0,other_tissue,0,306.7508574718533
448.64,324.90999999999997,0.0,other_tissue,0,273.9965441069985
193.41999999999996,66.82999999999998,0.0,other_tissue,0,618.2118105110876
83.67999999999995,27.189999999999998,0.0,other_tissue,0,124.14328226470204
-72.49000000000001,4.6299999999999955,0.0,CD4_Tcell,1,107.7276844558319
-203.47000000000003,499.8849,0.0,other_tissue,0,327.2630446666432
290.13,157.48000000000002,0.0,other_tissue,0,127.85014097684514
449.55999999999995,-204.0,0.0,other_tissue,0,327.6766036463978
-76.67000000000002,-175.67999999999995,0.0,other_tissue,0,105.14819610935595
-149.89999999999998,-171.51999999999998,0.0,other_tissue,0,153.27227948960189
-226.41000000000003,295.53999999999996,0.0,other_tissue,0,107.5525975937507
-488.06,-362.25,0.0,other_tissue,0,170.69403785969337
-123.88999999999999,-328.0,0.0,other_tissue,0,209.27215838604073
6.230000000000018,182.89999999999998,0.0,other_tissue,0,95.82812682465774
496.08000000000004,-262.82000000000005,0.0,apCAF,1,926.4377441471069
-162.11,-363.49,0.0,CD4_Tcell,1,104.46556899876819
302.65999999999997,496.775,0.0,other_tissue,0,535.7553779076527
457.71000000000004,-158.51999999999998,0.0,other_tissue,0,227.6045464534197
38.309999999999945,-259.23,0.0,CD4_Tcell,1,110.58282404014693
-254.63,482.67,0.0,other_tissue,0,84.82945397603822
-236.13,489.5,0.0,other_tissue,0,120.62679999624983
314.01,-232.28999999999996,0.0,other_tissue,0,198.47707264527045
29.41999999999996,3.9700000000000273,0.0,other_tissue,0,85.526922556127
228.95000000000005,-492.88,0.0,other_tissue,0,279.2317450835017
-19.70999999999998,298.41999999999996,0.0,other_tissue,0,84.20080276695523
381.37,376.05,0.0,other_tissue,0,107.47605678467178
-3.339999999999975,-309.54999999999995,0.0,other_tissue,0,108.25408494418885
346.22,337.25,0.0,other_tissue,0,310.1950249846241
-44.20999999999998,-385.78,0.0,other_tissue,0,85.63022727189596
171.75,479.14,0.0,other_tissue,0,559.5950807543306
-106.04000000000002,-282.76,0.0,other_tissue,0,160.18812366299
5.769999999999982,376.49,0.0,other_tissue,0,129.42753117882194
434.41999999999996,-120.20000000000005,0.0,other_tissue,0,971.8545316118291
-295.99,256.08000000000004,0.0,apCAF,1,143.93936869008613
285.53,-251.60000000000002,0.0,apCAF,1,926.4377441471069
303.39,-488.25,0.0,CD4_Tcell,1,375.0122863084061
313.33000000000004,41.39999999999998,0.0,other_tissue,0,131.66135171698855
-451.78,-21.07000000000005,0.0,other_tissue,0,114.31179832215835
1.8199999999999932,45.43000000000001,0.0,other_tissue,0,86.81947541204775
180.72000000000003,473.65,0.0,apCAF,1,373.5680975247635
-273.74,-337.41999999999996,0.0,CD8_Tcell,1,224.53572238584437
194.49,-342.19000000000005,0.0,other_tissue,0,226.81225285853887
-135.99,-153.95000000000005,0.0,other_tissue,0,369.89286397178313
-334.19,109.56,0.0,other_tissue,0,168.04418532018522
316.28,-280.32000000000005,0.0,other_tissue,0,195.3996255714053
-216.08999999999997,-300.01,0.0,apCAF,1,627.2219443863994
412.03999999999996,280.94,0.0,other_tissue,0,238.240074420867
107.75,99.85000000000002,0.0,other_tissue,0,516.6242231811378
-406.25,-294.70000000000005,0.0,other_tissue,0,431.69446047279445
487.32000000000005,-196.25,0.0,other_tissue,0,215.0173436524368
461.39,-177.57000000000005,0.0,other_tissue,0,288.82237266696706
215.40999999999997,226.26999999999998,0.0,other_tissue,0,87.69473551063545
54.559999999999945,-148.57000000000005,0.0,apCAF,1,327.66511119505105
-357.61,-338.83000000000004,0.0,CD4_Tcell,1,276.6469499117998
7.25,267.28999999999996,0.0,other_tissue,0,191.8389498988975
192.53999999999996,298.53999999999996,0.0,other_tissue,0,107.76053438225533
-385.43,185.99,0.0,other_tissue,0,299.64675738838054
368.30999999999995,392.38,0.0,other_tissue,0,84.96023146205266
-50.160000000000025,287.44,0.0,other_tissue,0,420.3185810855651
1.5299999999999727,472.6,0.0,other_tissue,0,130.0844490690094
446.61,87.94999999999999,0.0,other_tissue,0,189.7873281838698
-73.94,67.48000000000002,0.0,other_tissue,0,457.68121112792943
421.38,-211.75,0.0,apCAF,1,362.9100459679068
224.65999999999997,408.1,0.0,other_tissue,0,204.91340373165426
-227.83999999999997,-458.66999999999996,0.0,other_tissue,0,189.6356452214836
-382.13,-175.03999999999996,0.0,other_tissue,0,150.9160525712744
-305.78,-13.82000000000005,0.0,CD4_Tcell,1,104.46288755257336
104.57000000000005,-315.75,0.0,other_tissue,0,209.98036903741726
-296.16999999999996,-55.59000000000003,0.0,CD4_Tcell,1,400.22805755101376
-192.62,239.95999999999998,0.0,CD8_Tcell,1,218.24433832456762
491.6,77.04000000000002,0.0,other_tissue,0,975.4484018366953
-282.33000000000004,-290.35,0.0,other_tissue,0,83.58959746525296
-281.06,214.3,0.0,other_tissue,0,186.32692258840342
103.97000000000003,232.51,0.0,other_tissue,0,189.29266120066964
148.59000000000003,102.12,0.0,other_tissue,0,218.46353542331525
97.50999999999999,92.19,0.0,other_tissue,0,180.50414635042264
156.80999999999995,-246.78999999999996,0.0,other_tissue,0,288.24168033989173
-347.6,-86.09000000000003,0.0,other_tissue,0,147.94738743199235
-302.78,132.43,0.0,CD4_Tcell,1,104.46288755257336
-481.56,-384.83000000000004,0.0,other_tissue,0,278.09699355742185
-11.519999999999982,19.569999999999993,0.0,CD4_Tcell,1,561.7323808113224
376.14,118.33999999999997,0.0,other_tissue,0,98.35646721794924
-173.23000000000002,-8.319999999999993,0.0,CAF,1,211.51314977182435
399.23,301.76,0.0,other_tissue,0,237.9057024354159
261.27,107.61000000000001,0.0,other_tissue,0,232.56164147701864
437.39,-450.53,0.0,other_tissue,0,285.54906271442525
-276.0,307.85,0.0,other_tissue,0,87.21356923134059
286.44000000000005,-204.14999999999998,0.0,other_tissue,0,155.14968656389854
165.87,-487.71000000000004,0.0,other_tissue,0,209.9462018135806
10.050000000000011,439.3,0.0,other_tissue,0,144.46465389076516
185.14999999999998,-57.00999999999999,0.0,other_tissue,0,93.5376728370771
301.78,-240.90999999999997,0.0,other_tissue,0,146.3635742373306
263.26,-214.07000000000005,0.0,other_tissue,0,161.50398729128088
-123.04000000000002,-221.72000000000003,0.0,CD8_Tcell,1,105.54695452108103
429.48,484.01,0.0,apCAF,1,1110.569567449349
146.96000000000004,-338.42999999999995,0.0,CD4_Tcell,1,613.6257834717492
342.34000000000003,-65.50999999999999,0.0,other_tissue,0,145.37193330461253
414.03999999999996,-238.16999999999996,0.0,other_tissue,0,124.41425848377774
-5.389999999999986,498.85,0.0,other_tissue,0,342.14682795103454
92.57000000000005,-227.19000000000005,0.0,other_tissue,0,435.0732246188246
236.09000000000003,439.90999999999997,0.0,other_tissue,0,91.97202805206116
168.13,99.91000000000003,0.0,apCAF,1,209.7498122010954
-132.64,-61.75,0.0,CD8_Tcell,1,183.08809597258923
-376.19,112.50999999999999,0.0,other_tissue,0,270.99842618917125
-449.49,-318.64,0.0,other_tissue,0,131.83664973716523
-37.99000000000001,-75.45000000000005,0.0,CD4_Tcell,1,125.02993049050527
-224.44,281.38,0.0,other_tissue,0,118.46162533254943
434.53999999999996,-402.84000000000003,0.0,other_tissue,0,141.8180800222418
23.649999999999977,-74.01999999999998,0.0,other_tissue,0,358.4137944728346
-23.220000000000027,-459.91999999999996,0.0,CD8_Tcell,1,229.45738126789865
240.07000000000005,-29.470000000000027,0.0,other_tissue,0,206.63266495129477
-64.51999999999998,-116.05999999999995,0.0,other_tissue,0,156.31151965401222
-250.89,-308.91999999999996,0.0,other_tissue,0,448.2970258634793
-188.04000000000002,-406.34000000000003,0.0,other_tissue,0,548.9736549127175
24.399999999999977,196.52999999999997,0.0,other_tissue,0,162.65405737027078
-243.88,259.46000000000004,0.0,other_tissue,0,83.58959746525296
-0.38999999999998636,-291.25,0.0,other_tissue,0,187.29884122431366
331.72,428.96,0.0,other_tissue,0,280.3281494116447
-260.86,217.73000000000002,0.0,other_tissue,0,132.33835845594854
-230.97000000000003,-420.20000000000005,0.0,other_tissue,0,332.05162168589123
179.67999999999995,-68.08000000000004,0.0,other_tissue,0,116.42049519891758
-3.490000000000009,485.63,0.0,other_tissue,0,224.63399529044005
-39.93000000000001,279.86,0.0,other_tissue,0,182.8698834774845
-148.05,-426.17999999999995,0.0,other_tissue,0,173.57466863015816
308.20000000000005,118.13,0.0,other_tissue,0,226.02180005479093
-253.87,270.43,0.0,other_tissue,0,269.1798543124694
-388.3,-13.240000000000009,0.0,other_tissue,0,83.58959746525296
277.49,167.38,0.0,other_tissue,0,475.4399734323606
-67.05000000000001,-470.89,0.0,other_tissue,0,246.65397779180336
-314.34000000000003,-391.4,0.0,other_tissue,0,105.46093369357658
-484.14,153.24,0.0,other_tissue,0,236.5620942228446
221.89999999999998,-298.6,0.0,other_tissue,0,447.65997899626257
-238.41000000000003,-387.40999999999997,0.0,other_tissue,0,182.5895794144732
278.74,-340.4,0.0,other_tissue,0,202.92803365923484
449.70000000000005,398.36,0.0,other_tissue,0,420.5764202622057
83.47000000000003,333.22,0.0,other_tissue,0,181.9366508289438
424.15999999999997,456.28,0.0,other_tissue,0,83.58959746525296
-147.23000000000002,-35.559999999999945,0.0,other_tissue,0,520.5103989348696
-285.81,409.37,0.0,other_tissue,0,95.54990488524231
274.82000000000005,17.139999999999986,0.0,other_tissue,0,161.10990636766255
118.24000000000001,100.98000000000002,0.0,other_tissue,0,258.91020987852767
341.53,336.13,0.0,other_tissue,0,484.2728284913955
-34.69999999999999,-34.049999999999955,0.0,other_tissue,0,83.58959746525296
-203.82,-22.269999999999982,0.0,other_tissue,0,259.8247733585837
451.05999999999995,-210.71000000000004,0.0,other_tissue,0,314.3127523957825
-450.81,151.62,0.0,other_tissue,0,470.9909203392788
40.639999999999986,-340.99,0.0,other_tissue,0,121.90043224597751
268.44000000000005,-479.99,0.0,other_tissue,0,215.6340942560875
-76.87,359.89,0.0,other_tissue,0,216.11266864017435
240.95000000000005,-176.65999999999997,0.0,other_tissue,0,526.8097415761317
-25.319999999999993,397.89,0.0,other_tissue,0,133.1437372421836
252.30999999999995,-37.610000000000014,0.0,other_tissue,0,106.44087657973962
-20.05000000000001,-259.92999999999995,0.0,other_tissue,0,125.2961403312779
429.64,-157.17999999999995,0.0,other_tissue,0,537.0483799906347
431.25,44.98000000000002,0.0,other_tissue,0,160.2380524284478
-294.74,-335.38,0.0,other_tissue,0,116.8996546396481
492.15,-434.17999999999995,0.0,CD8_Tcell,1,293.79512091141845
-329.35,-111.59000000000003,0.0,other_tissue,0,83.58959746525296
276.03,-220.01,0.0,CD4_Tcell,1,104.46288755257336
-289.44,499.9494,0.0,other_tissue,0,218.10412915747662
286.58000000000004,-220.21000000000004,0.0,CD4_Tcell,1,139.33396170344483
-348.21000000000004,27.20999999999998,0.0,other_tissue,0,90.7214258155895
141.01,395.61,0.0,other_tissue,0,289.6048976482287
141.11,-161.53999999999996,0.0,other_tissue,0,111.48774047365568
-356.68,-111.91999999999996,0.0,CAF,1,374.48441280249165
306.09000000000003,-467.79999999999995,0.0,other_tissue,0,452.94439505758083
-32.870000000000005,-423.21000000000004,0.0,other_tissue,0,97.45247069544355
-113.05000000000001,12.240000000000009,0.0,CD4_Tcell,1,355.8092242914957
-139.5,458.07,0.0,other_tissue,0,170.47835547059793
160.21000000000004,-233.83000000000004,0.0,other_tissue,0,279.541757601564
-309.74,-71.45000000000005,0.0,CD4_Tcell,1,686.9225600931898
-485.25,282.25,0.0,other_tissue,0,125.36880853819197
113.45000000000005,-452.38,0.0,other_tissue,0,566.3046115682076
-252.24,136.42000000000002,0.0,other_tissue,0,142.8992303101365
376.98,-404.52,0.0,CAF,1,331.28696210717334
113.38999999999999,259.32,0.0,other_tissue,0,98.8880947504176
391.91999999999996,462.06,0.0,other_tissue,0,233.1565216225775
215.54999999999995,-483.71000000000004,0.0,other_tissue,0,792.8848154862495
-273.78999999999996,88.69,0.0,other_tissue,0,211.4101610214622
-289.23,190.01999999999998,0.0,apCAF,1,475.26324272445686
315.63,-105.78999999999996,0.0,other_tissue,0,83.58959746525296
324.65,-69.17999999999995,0.0,other_tissue,0,118.58414567804064
273.17999999999995,-277.66999999999996,0.0,other_tissue,0,234.38608949194722
-391.27,-154.78999999999996,0.0,apCAF,1,391.9989154307601
197.89,140.86,0.0,other_tissue,0,212.5534892763755
-135.69,-180.53999999999996,0.0,CD4_Tcell,1,241.1323628768878
257.99,-245.97000000000003,0.0,other_tissue,0,182.6518444348373
-239.01999999999998,-443.07000000000005,0.0,other_tissue,0,120.53237435106799
360.91999999999996,440.05,0.0,other_tissue,0,138.30968973121304
-485.28,499.9606,0.0,other_tissue,0,188.00420298583677
234.66999999999996,251.66,0.0,other_tissue,0,243.51011750742148
-385.62,-217.65999999999997,0.0,other_tissue,0,140.5004664987921
289.61,148.29000000000002,0.0,other_tissue,0,83.58959746525296
-77.92000000000002,-80.11000000000001,0.0,other_tissue,0,218.0252878969635
-158.39,423.32,0.0,CAF,1,150.9297609964247
265.51,464.27,0.0,other_tissue,0,111.71193400607224
-309.90999999999997,76.06,0.0,other_tissue,0,261.03766172843024
-87.43,-181.75,0.0,other_tissue,0,90.29735794317173
349.91999999999996,-436.03,0.0,other_tissue,0,276.8112397314018
404.03999999999996,340.22,0.0,other_tissue,0,83.58959746525296
496.48,-190.83000000000004,0.0,CD8_Tcell,1,340.2931135859349
357.65999999999997,-29.75,0.0,other_tissue,0,128.3355384380819
-65.83999999999997,-363.82000000000005,0.0,other_tissue,0,652.3729990543055
151.51999999999998,-40.360000000000014,0.0,other_tissue,0,272.2255028237928
-99.25999999999999,-328.32000000000005,0.0,other_tissue,0,305.3562380433795
-336.26,138.05,0.0,apCAF,1,234.45043918278074
-327.87,-16.07000000000005,0.0,other_tissue,0,238.41667476795675
-7.949999999999989,-94.30999999999995,0.0,other_tissue,0,157.58493179745767
363.88,-30.440000000000055,0.0,other_tissue,0,108.63899777306945
103.98000000000002,360.65999999999997,0.0,other_tissue,0,145.43879454199612
-112.49000000000001,-333.73,0.0,other_tissue,0,114.4713402367986
-136.23000000000002,-460.35,0.0,other_tissue,0,115.14532651002034
209.90999999999997,228.05,0.0,other_tissue,0,253.1484137735819
-368.56,-62.5,0.0,other_tissue,0,149.07982323552784
145.85000000000002,-75.80999999999995,0.0,other_tissue,0,187.51264061376838
-398.03,-228.39,0.0,other_tissue,0,305.78405629841774
-232.17000000000002,-431.47,0.0,other_tissue,0,105.48792282564169
-334.5,154.16000000000003,0.0,CD8_Tcell,1,121.91232187782877
-282.65,196.18,0.0,other_tissue,0,332.2023750216468
297.25,317.82,0.0,other_tissue,0,131.37994841979162
-160.33999999999997,-197.67999999999995,0.0,other_tissue,0,84.54966855429802
146.41999999999996,330.22,0.0,other_tissue,0,230.8740611553516
205.64,-462.96000000000004,0.0,other_tissue,0,252.42339298156583
165.17999999999995,182.38,0.0,other_tissue,0,211.0156805167154
-126.5,272.9,0.0,other_tissue,0,153.16842554018857
181.22000000000003,263.57,0.0,other_tissue,0,120.82761820897967
172.91999999999996,-334.44000000000005,0.0,other_tissue,0,184.9106720118199
171.45000000000005,-41.200000000000045,0.0,other_tissue,0,150.04043883894946
441.23,-460.03,0.0,other_tissue,0,119.67888777380126
175.22000000000003,-456.72,0.0,other_tissue,0,561.8640844257591
374.80999999999995,475.95,0.0,other_tissue,0,178.79509091441938
29.200000000000045,-119.63,0.0,CAF,1,136.25162673451635
-283.90999999999997,-274.01,0.0,other_tissue,0,314.5028158287696
-370.86,125.75,0.0,other_tissue,0,428.8143020180066
112.16999999999996,-343.42999999999995,0.0,other_tissue,0,542.4180762010407
-181.13,283.96000000000004,0.0,other_tissue,0,117.46709959520956
274.98,72.58999999999997,0.0,other_tissue,0,307.1249393696959
407.89,179.88,0.0,other_tissue,0,327.07935242452135
387.84000000000003,248.34,0.0,other_tissue,0,179.7714669492049
-324.97,119.92000000000002,0.0,CD4_Tcell,1,270.1790586029602
147.86,-36.07000000000005,0.0,other_tissue,0,419.27473280499373
324.0,-222.99,0.0,other_tissue,0,96.89539635515496
486.21000000000004,499.8309,0.0,CD8_Tcell,1,504.91317911583064
253.41999999999996,187.97000000000003,0.0,other_tissue,0,116.16701484454758
-300.68,8.629999999999995,0.0,CD8_Tcell,1,105.54695452108103
326.26,-432.32000000000005,0.0,other_tissue,0,233.1931627291183
225.37,134.07,0.0,other_tissue,0,158.95746314491348
-63.97000000000003,351.85,0.0,other_tissue,0,91.90799554469382
245.88,-267.53,0.0,other_tissue,0,151.1766546221747
313.90999999999997,-93.97000000000003,0.0,other_tissue,0,107.0121241481312
-81.60000000000002,419.43,0.0,other_tissue,0,416.1131277991037
244.33000000000004,239.88,0.0,CD8_Tcell,1,128.02204030305415
136.63,351.31,0.0,other_tissue,0,377.8359913294883
-322.73,-30.149999999999977,0.0,other_tissue,0,154.41081339105943
-48.0,392.64,0.0,other_tissue,0,95.26717818966812
-333.77,-59.24000000000001,0.0,CD4_Tcell,1,330.6968935008813
-284.08000000000004,309.59000000000003,0.0,apCAF,1,168.29466030387653
-53.589999999999975,-286.34000000000003,0.0,other_tissue,0,83.58959746525296
243.97000000000003,-33.450000000000045,0.0,other_tissue,0,83.58959746525296
122.17999999999995,429.87,0.0,other_tissue,0,107.55806618452257
37.860000000000014,99.80000000000001,0.0,other_tissue,0,110.97323410782207
-122.27999999999997,326.02,0.0,other_tissue,0,137.245409869051
185.14999999999998,200.93,0.0,other_tissue,0,194.74898081369346
25.299999999999955,-196.61,0.0,CD8_Tcell,1,105.54695452108103
-250.53,-225.70000000000005,0.0,CD8_Tcell,1,151.9120664650468
116.48000000000002,458.09000000000003,0.0,other_tissue,0,526.1475902716813
-310.3,-107.15999999999997,0.0,apCAF,1,402.39872479458023
453.84000000000003,-216.36,0.0,other_tissue,0,224.446408257064
32.889999999999986,-452.01,0.0,other_tissue,0,116.95169055742963
-286.05,-171.58000000000004,0.0,other_tissue,0,227.47837652583493
-352.93,16.54000000000002,0.0,other_tissue,0,100.43175882383184
201.64999999999998,-427.07000000000005,0.0,other_tissue,0,468.1278207116019
-102.44,-462.32000000000005,0.0,other_tissue,0,109.74377399491226
475.74,494.177,0.0,other_tissue,0,112.6004367508913
-152.08999999999997,-79.03999999999996,0.0,other_tissue,0,193.14484970433426
-250.57,-380.84000000000003,0.0,other_tissue,0,270.97817497102153
147.65999999999997,78.63999999999999,0.0,other_tissue,0,199.589840725078
-437.71,-165.39,0.0,other_tissue,0,215.26911359858784
337.35,-451.78999999999996,0.0,other_tissue,0,205.75498225024282
-282.3,-345.78999999999996,0.0,other_tissue,0,232.64394907394123
-140.45999999999998,-78.63999999999999,0.0,other_tissue,0,198.43593863750272
-54.860000000000014,-188.79999999999995,0.0,CAF,1,153.85472924671987
-467.25,321.19,0.0,other_tissue,0,104.09058398066932
198.64,241.19,0.0,other_tissue,0,436.0318821716482
127.70000000000005,139.35000000000002,0.0,other_tissue,0,112.56661039073299
350.03999999999996,468.72,0.0,other_tissue,0,178.84881463180116
394.96000000000004,205.39,0.0,other_tissue,0,372.97893282068765
-116.06,5.6200000000000045,0.0,other_tissue,0,323.29462298471503
220.96000000000004,50.89999999999998,0.0,other_tissue,0,266.0069620525491
-238.14,89.51999999999998,0.0,other_tissue,0,412.2571845231064
491.75,-167.52999999999997,0.0,other_tissue,0,167.6615868375596
-166.01,-182.38,0.0,other_tissue,0,320.21777389589147
-212.92000000000002,-480.65,0.0,other_tissue,0,140.28492493468278
450.1,158.35000000000002,0.0,other_tissue,0,467.8508938776165
492.04999999999995,178.29000000000002,0.0,other_tissue,0,115.43744255518402
-122.63999999999999,-181.60000000000002,0.0,other_tissue,0,270.35088750615455
-8.589999999999975,-1.0600000000000023,0.0,apCAF,1,425.87854346236094
436.11,-364.66999999999996,0.0,other_tissue,0,83.58959746525296
-151.39999999999998,-138.38,0.0,other_tissue,0,284.38679164229825
343.64,-411.99,0.0,other_tissue,0,126.18217970765619
217.32000000000005,-314.76,0.0,other_tissue,0,893.6057375812729
143.98000000000002,351.01,0.0,other_tissue,0,344.9221639956491
443.78999999999996,-472.20000000000005,0.0,other_tissue,0,228.72408868525886
104.25,-101.16999999999996,0.0,other_tissue,0,83.58959746525296
73.77999999999997,38.81999999999999,0.0,other_tissue,0,98.41830610294899
347.66999999999996,472.68,0.0,other_tissue,0,112.44827148049649
-256.31,-70.83000000000004,0.0,other_tissue,0,182.03759732518176
-145.61,453.52,0.0,other_tissue,0,336.57069543491735
161.80999999999995,-129.19000000000005,0.0,CD4_Tcell,1,104.46288755257336
129.60000000000002,378.72,0.0,other_tissue,0,178.6800048929901
-278.0,46.45999999999998,0.0,other_tissue,0,94.28202747565098
-161.94,82.83999999999997,0.0,other_tissue,0,225.7706780312528
167.07000000000005,400.75,0.0,other_tissue,0,430.21832385014636
-301.81,356.22,0.0,other_tissue,0,112.12186160765431
463.75,-79.48000000000002,0.0,other_tissue,0,140.59851287801914
107.89999999999998,463.18,0.0,other_tissue,0,188.0676928945657
-35.579999999999984,-36.450000000000045,0.0,other_tissue,0,83.58959746525296
-241.08999999999997,482.15,0.0,CAF,1,138.35496224604108
-473.5,291.95,0.0,other_tissue,0,268.85740683532737
486.21000000000004,389.9,0.0,CAF,1,202.53584049045358
416.80999999999995,499.956,0.0,other_tissue,0,273.0897101251341
-494.199,-388.74,0.0,other_tissue,0,168.08836871662515
447.16999999999996,35.19,0.0,other_tissue,0,220.63709636993212
116.15999999999997,500.1178,0.0,other_tissue,0,248.04504159894083
-126.06,-483.19000000000005,0.0,other_tissue,0,348.63392447163585
174.12,-461.79999999999995,0.0,other_tissue,0,763.9546015888606
280.52,346.36,0.0,other_tissue,0,99.66573070030157
-348.87,-329.94000000000005,0.0,other_tissue,0,172.30622607492117
299.59000000000003,-324.17999999999995,0.0,other_tissue,0,468.9738522153146
93.88,-92.03999999999996,0.0,other_tissue,0,123.35068910282853
-82.01999999999998,-73.88,0.0,CD4_Tcell,1,104.46288755257336
-178.20999999999998,461.81,0.0,other_tissue,0,147.91357088642445
-15.009999999999991,412.89,0.0,other_tissue,0,161.43945739701098
338.14,165.25,0.0,other_tissue,0,119.58495752181588
-234.24,378.24,0.0,CD8_Tcell,1,105.54695452108103
-228.97000000000003,259.99,0.0,other_tissue,0,112.73016724183806
289.95000000000005,152.3,0.0,other_tissue,0,184.77728713877733
166.79999999999995,91.97000000000003,0.0,other_tissue,0,975.4484018366953
-267.03999999999996,-126.53999999999996,0.0,other_tissue,0,149.93122585851876
-319.53,-118.27999999999997,0.0,CD4_Tcell,1,331.6575593713038
493.83000000000004,181.87,0.0,other_tissue,0,158.14289155327123
407.53,-193.61,0.0,other_tissue,0,83.58959746525296
150.26999999999998,-164.08000000000004,0.0,other_tissue,0,314.20098615443754
356.39,-232.48000000000002,0.0,CAF,1,314.7041429606796
152.23000000000002,-48.98000000000002,0.0,other_tissue,0,197.74573682322685
359.82000000000005,349.97,0.0,other_tissue,0,350.7823000433388
414.21000000000004,296.39,0.0,other_tissue,0,182.44953485998747
296.32000000000005,122.19,0.0,other_tissue,0,371.0777908123621
-240.33999999999997,-62.90999999999997,0.0,other_tissue,0,154.29948954898998
384.03999999999996,-116.86000000000001,0.0,other_tissue,0,249.3934213705816
84.99000000000001,438.68,0.0,other_tissue,0,183.29867949981525
403.75,56.99000000000001,0.0,other_tissue,0,206.5059223674524
-426.63,361.99,0.0,CD8_Tcell,1,111.32538786504081
271.87,178.25,0.0,CAF,1,170.38172926862873
81.37,367.41999999999996,0.0,other_tissue,0,153.50092340085155
49.14999999999998,-317.62,0.0,other_tissue,0,305.6743212409224
407.71000000000004,266.96000000000004,0.0,other_tissue,0,142.7406711761771
-2.670000000000016,-10.0,0.0,CD4_Tcell,1,120.8808132527576
229.59000000000003,488.26,0.0,other_tissue,0,103.43918545330905
-477.18,29.54000000000002,0.0,apCAF,1,993.1462581176163
-197.2,-178.47000000000003,0.0,other_tissue,0,108.56744508659395
50.139999999999986,116.05000000000001,0.0,other_tissue,0,138.7434176926577
-26.389999999999986,-246.28999999999996,0.0,other_tissue,0,139.6266071494889
296.70000000000005,-460.37,0.0,other_tissue,0,142.3975288471148
-453.93,-149.13,0.0,CD4_Tcell,1,132.45141805236713
493.91999999999996,-55.539999999999964,0.0,other_tissue,0,97.60104188480183
-443.31,-247.92999999999995,0.0,other_tissue,0,182.03759732518176
-447.45,-71.87,0.0,other_tissue,0,975.4484018366953
-28.579999999999984,11.660000000000025,0.0,other_tissue,0,256.5306794119993
323.92999999999995,-75.58000000000004,0.0,other_tissue,0,146.09511990752281
-66.13999999999999,133.92000000000002,0.0,other_tissue,0,135.33711655375026
128.01999999999998,420.48,0.0,other_tissue,0,315.7232787288846
-499.9035,-378.07000000000005,0.0,other_tissue,0,241.2822741954923
472.70000000000005,209.35000000000002,0.0,CD8_Tcell,1,110.52712603371926
90.0,-463.57000000000005,0.0,other_tissue,0,253.8360447460187
-259.2,0.30000000000001137,0.0,other_tissue,0,197.91813698816495
59.700000000000045,21.589999999999975,0.0,other_tissue,0,246.94890460281343
72.03999999999996,-120.05999999999995,0.0,other_tissue,0,122.35874136236359
274.4,466.53,0.0,other_tissue,0,128.37860749576814
-361.40999999999997,499.9798,0.0,other_tissue,0,133.137432590433
359.01,435.36,0.0,other_tissue,0,203.96518530897674
-399.87,478.75,0.0,other_tissue,0,198.38658533061889
179.41999999999996,347.84000000000003,0.0,other_tissue,0,101.58551274514306
197.86,-476.24,0.0,other_tissue,0,193.71905136097803
413.62,-425.70000000000005,0.0,other_tissue,0,137.96077652815634
-11.769999999999982,10.060000000000002,0.0,other_tissue,0,83.58959746525296
-74.07,-392.4,0.0,other_tissue,0,150.44362005452666
222.02999999999997,178.2,0.0,other_tissue,0,347.77225326344194
-250.08,-10.560000000000002,0.0,other_tissue,0,83.58959746525296
200.20000000000005,-259.71000000000004,0.0,other_tissue,0,105.24518634255963
63.91999999999996,-474.9,0.0,other_tissue,0,131.37369957168949
-350.73,104.61000000000001,0.0,other_tissue,0,159.17752093132077
-62.120000000000005,-464.42999999999995,0.0,other_tissue,0,160.97391844854343
-196.07,438.64,0.0,other_tissue,0,141.69975038293785
-131.75,-480.28999999999996,0.0,CD8_Tcell,1,158.50379206613556
-447.03,425.92,0.0,other_tissue,0,185.523496164229
-305.7,232.56,0.0,other_tissue,0,229.22183286442544
-321.26,-45.039999999999964,0.0,apCAF,1,565.3782683306398
-179.64999999999998,-333.53,0.0,other_tissue,0,243.87803350388813
-347.2,499.8764,0.0,other_tissue,0,152.33238537070565
-19.560000000000002,-150.83000000000004,0.0,CD8_Tcell,1,170.81311287309336
-160.87,-208.46000000000004,0.0,other_tissue,0,132.4262881350197
-434.12,-295.5,0.0,other_tissue,0,451.42017838238246
-208.39999999999998,-319.15,0.0,other_tissue,0,88.80187035412575
354.15999999999997,53.379999999999995,0.0,CAF,1,136.25162673451635
-98.5,-137.57000000000005,0.0,other_tissue,0,203.35417737740448
337.75,340.40999999999997,0.0,other_tissue,0,437.99525503090524
-88.13999999999999,-125.85000000000002,0.0,other_tissue,0,160.20952043514546
336.23,-294.04999999999995,0.0,other_tissue,0,316.3627578499258
124.52999999999997,340.14,0.0,other_tissue,0,194.18085284225413
-469.21,-108.89999999999998,0.0,CAF,1,638.8806677298686
-86.33999999999997,73.06,0.0,other_tissue,0,83.58959746525296
54.059999999999945,58.48000000000002,0.0,CAF,1,187.54432842791576
18.75,-314.78,0.0,other_tissue,0,379.18980253279483
388.24,223.83999999999997,0.0,other_tissue,0,83.58959746525296
-61.55000000000001,-383.01,0.0,other_tissue,0,238.53755685504646
134.76,413.53,0.0,other_tissue,0,175.00057919439504
-222.82,-336.17999999999995,0.0,other_tissue,0,229.31240931766519
-278.01,98.85000000000002,0.0,CD4_Tcell,1,104.46288755257336
-244.93,-147.71000000000004,0.0,CD4_Tcell,1,416.8952866784854
-366.3,316.66999999999996,0.0,other_tissue,0,195.5788065879501
-126.43,170.29000000000002,0.0,other_tissue,0,346.0770097801684
14.159999999999968,-49.64999999999998,0.0,other_tissue,0,247.8160152986961
-153.74,-227.94000000000005,0.0,other_tissue,0,276.7290866935718
-290.61,-230.62,0.0,other_tissue,0,276.6572161205731
478.53,234.0,0.0,CD8_Tcell,1,115.75302290331105
463.5,407.03,0.0,other_tissue,0,210.8528862275734
22.279999999999973,120.16000000000003,0.0,other_tissue,0,567.8783999712062
-7.480000000000018,-32.309999999999945,0.0,other_tissue,0,537.1921751729312
175.07000000000005,-270.23,0.0,CD8_Tcell,1,161.61157532386784
101.07000000000005,-446.55999999999995,0.0,other_tissue,0,182.6518444348373
273.30999999999995,-293.4,0.0,CD4_Tcell,1,131.84917697487413
-224.3,18.100000000000023,0.0,CD8_Tcell,1,105.54695452108103
207.51,-265.23,0.0,other_tissue,0,189.22889588288868
356.08000000000004,485.5,0.0,other_tissue,0,158.55337024256724
29.32000000000005,200.02999999999997,0.0,CD8_Tcell,1,227.62257453629874
-377.67,-252.16999999999996,0.0,other_tissue,0,478.7321961002455
469.54999999999995,493.775,0.0,other_tissue,0,918.6696674186201
-453.54,299.66999999999996,0.0,other_tissue,0,130.146536944377
-490.096,-272.0,0.0,other_tissue,0,83.58959746525296
74.75,470.26,0.0,other_tissue,0,257.95859955767423
-377.59000000000003,-282.1,0.0,CAF,1,798.5739638945684
106.65999999999997,-485.14,0.0,other_tissue,0,214.39310853206962
-14.120000000000005,-474.86,0.0,other_tissue,0,128.0343247189459
-284.18,316.05,0.0,other_tissue,0,557.1029672201399
-12.050000000000011,423.79,0.0,other_tissue,0,163.91818372706837
-33.80000000000001,-56.92999999999995,0.0,CD8_Tcell,1,400.5827221329531
104.63999999999999,1.3700000000000045,0.0,other_tissue,0,486.90195292406275
264.79999999999995,327.91999999999996,0.0,other_tissue,0,421.445706937879
113.11000000000001,-488.51,0.0,other_tissue,0,213.09650153731644
313.15,354.53999999999996,0.0,other_tissue,0,83.58959746525296
-284.12,-485.4,0.0,other_tissue,0,123.6565171185449
-200.23000000000002,-219.21000000000004,0.0,other_tissue,0,155.6948884486549
-466.67,-9.300000000000011,0.0,other_tissue,0,167.08144345388365
207.83000000000004,-302.24,0.0,other_tissue,0,123.93279521749122
-247.52,93.11000000000001,0.0,other_tissue,0,294.20137790473933
149.40999999999997,365.36,0.0,other_tissue,0,169.52854862007874
158.39,403.8,0.0,other_tissue,0,317.8131872619263
316.70000000000005,-484.11,0.0,other_tissue,0,419.166380248839
-58.44,361.72,0.0,other_tissue,0,99.1364965052357
-310.12,340.59000000000003,0.0,other_tissue,0,139.84798859696926
421.20000000000005,259.28999999999996,0.0,apCAF,1,168.29466030387653
331.40999999999997,253.52,0.0,other_tissue,0,138.9508909144702
-173.89,-143.78999999999996,0.0,other_tissue,0,121.55003577841563
71.59000000000003,-151.62,0.0,other_tissue,0,128.8344984705541
349.77,-26.470000000000027,0.0,CAF,1,136.25162673451635
109.76999999999998,26.610000000000014,0.0,apCAF,1,617.4575800242357
494.34000000000003,246.12,0.0,other_tissue,0,155.6249195082815
68.77999999999997,-35.91999999999996,0.0,other_tissue,0,130.5381449016226
257.1,167.83999999999997,0.0,other_tissue,0,119.16287956262107
-279.65,-122.71000000000004,0.0,other_tissue,0,126.37084738351808
425.78999999999996,107.74000000000001,0.0,other_tissue,0,176.71586214769735
-304.07,-178.39,0.0,CD4_Tcell,1,151.1766546221747
420.16999999999996,-91.75,0.0,other_tissue,0,486.79720420998126
431.78,16.110000000000014,0.0,other_tissue,0,83.58959746525296
453.83000000000004,332.05,0.0,other_tissue,0,148.0353345711522
-55.870000000000005,364.55,0.0,other_tissue,0,118.78269101297623
-236.18,10.360000000000014,0.0,other_tissue,0,228.85071877023861
132.49,60.43000000000001,0.0,other_tissue,0,199.75504813931764
-23.410000000000025,44.95999999999998,0.0,CD8_Tcell,1,151.07374958315688
190.36,-14.039999999999964,0.0,other_tissue,0,111.5157482463413
-46.339999999999975,303.5,0.0,other_tissue,0,276.2057431540239
318.07000000000005,203.12,0.0,apCAF,1,143.93936869008613
379.09000000000003,203.63,0.0,other_tissue,0,279.86234483998953
6.449999999999989,13.0,0.0,other_tissue,0,104.55677249983403
-59.81999999999999,10.45999999999998,0.0,other_tissue,0,292.10995734312274
-457.40999999999997,-300.90999999999997,0.0,other_tissue,0,88.15371913133156
263.03999999999996,-487.78999999999996,0.0,other_tissue,0,83.58959746525296
-472.28,58.75999999999999,0.0,CD4_Tcell,1,268.082573106329
-146.2,79.86000000000001,0.0,other_tissue,0,87.72337520195418
-105.45999999999998,-96.08000000000004,0.0,other_tissue,0,267.078519570643
32.389999999999986,329.69,0.0,other_tissue,0,234.9380404947149
40.10000000000002,-439.80999999999995,0.0,other_tissue,0,235.13142786547644
-322.19,431.08,0.0,other_tissue,0,115.11099235066696
-308.45,251.4,0.0,other_tissue,0,187.24343829392214
-282.06,64.23000000000002,0.0,other_tissue,0,133.9080700901263
397.27,-349.54999999999995,0.0,apCAF,1,926.4377441471069
-32.73000000000002,418.93,0.0,other_tissue,0,409.6242565316241
486.72,44.72000000000003,0.0,other_tissue,0,746.9668733719462
-421.13,-356.55999999999995,0.0,other_tissue,0,652.809608254573
-436.47,52.39999999999998,0.0,other_tissue,0,159.0639173760049
175.25,500.6331,0.0,other_tissue,0,975.4484018366953
468.16999999999996,-433.78,0.0,other_tissue,0,237.692239769278
349.75,-431.07000000000005,0.0,other_tissue,0,155.98198036770725
35.960000000000036,-324.92999999999995,0.0,other_tissue,0,273.1406027284556
117.08000000000004,-162.20000000000005,0.0,other_tissue,0,210.45909947427637
-145.51999999999998,-478.08000000000004,0.0,apCAF,1,257.78226896837054
-289.96000000000004,78.45999999999998,0.0,apCAF,1,287.1036775812691
249.37,166.47000000000003,0.0,other_tissue,0,252.31717314709198
208.51999999999998,181.08999999999997,0.0,other_tissue,0,131.1800835456212
219.75,250.0,0.0,other_tissue,0,102.83827041831583
-339.28999999999996,-93.80999999999995,0.0,other_tissue,0,173.4242334145969
98.86000000000001,230.14,0.0,other_tissue,0,336.57069543491735
321.76,336.44,0.0,other_tissue,0,161.46096545152537
-445.90999999999997,-306.78,0.0,other_tissue,0,122.58534260957924
157.85000000000002,323.65999999999997,0.0,other_tissue,0,119.85513954383774
-269.52,275.76,0.0,other_tissue,0,221.91976412370218
-33.64999999999998,284.23,0.0,CAF,1,480.9106957068681
272.03999999999996,167.11,0.0,other_tissue,0,381.0168532551598
399.65999999999997,130.94,0.0,other_tissue,0,226.0128282062115
368.73,280.38,0.0,other_tissue,0,198.50175577826607
-248.01,72.82,0.0,other_tissue,0,700.7182131248074
-154.07,-191.92999999999995,0.0,other_tissue,0,216.14750164468325
120.12,355.15,0.0,other_tissue,0,285.3079721622439
177.07000000000005,436.38,0.0,other_tissue,0,401.50319853938646
-269.51,-242.61,0.0,other_tissue,0,157.0564390255889
-178.02999999999997,-297.22,0.0,other_tissue,0,83.58959746525296
-444.55,145.82,0.0,other_tissue,0,98.42346051302978
-377.76,138.52999999999997,0.0,other_tissue,0,240.35569437155874
179.85000000000002,291.71000000000004,0.0,other_tissue,0,93.06017004280875
461.78,-280.34000000000003,0.0,other_tissue,0,163.0290022970324
-431.9,311.85,0.0,other_tissue,0,226.8392325478582
143.21000000000004,-141.89999999999998,0.0,other_tissue,0,106.65281631605855
337.90999999999997,229.69,0.0,other_tissue,0,145.57926986507692
115.23000000000002,57.72000000000003,0.0,other_tissue,0,552.1572329083361
-274.23,-85.70000000000005,0.0,other_tissue,0,115.17394352418239
-379.81,5.470000000000027,0.0,apCAF,1,623.5439241119092
318.05999999999995,-262.64,0.0,CD8_Tcell,1,136.62229803267957
312.0,-354.96000000000004,0.0,other_tissue,0,182.90104606992418
-154.44,-462.47,0.0,other_tissue,0,113.68646164694619
-320.61,53.31,0.0,CD4_Tcell,1,493.98461798838247
446.13,341.1,0.0,other_tissue,0,284.67967912203176
495.69000000000005,499.2294,0.0,CD4_Tcell,1,277.26337208838487
-286.55,263.81,0.0,other_tissue,0,151.81570904450274
-394.8,-102.70000000000005,0.0,other_tissue,0,191.54955159889371
419.64,355.61,0.0,apCAF,1,483.87033616547205
327.71000000000004,438.92,0.0,CD8_Tcell,1,105.54695452108103
-16.420000000000016,416.54,0.0,apCAF,1,143.93936869008613
-320.37,-131.57000000000005,0.0,apCAF,1,623.5439241119092
431.28999999999996,109.51999999999998,0.0,other_tissue,0,144.01243323418078
-2.819999999999993,-97.46000000000004,0.0,CD4_Tcell,1,295.11146607659066
371.0,486.06,0.0,other_tissue,0,199.07003280280392
-68.64999999999998,-111.74000000000001,0.0,other_tissue,0,83.58959746525296
-158.01,-371.05999999999995,0.0,other_tissue,0,118.49078918509929
-229.89999999999998,228.48000000000002,0.0,CD4_Tcell,1,185.38195521536264
-89.82,-179.57000000000005,0.0,other_tissue,0,83.58959746525296
-39.44,338.08000000000004,0.0,other_tissue,0,161.17434842005184
495.15,139.39999999999998,0.0,other_tissue,0,609.2014939326764
429.27,346.98,0.0,other_tissue,0,251.10259800828285
-136.69,-284.21000000000004,0.0,CD8_Tcell,1,105.54695452108103
0.35000000000002274,72.85000000000002,0.0,other_tissue,0,147.33273257935542
-6.519999999999982,-336.04999999999995,0.0,other_tissue,0,111.00115564872166
-9.75,-471.67999999999995,0.0,other_tissue,0,216.38272233065422
-138.06,-280.08000000000004,0.0,other_tissue,0,169.09193746354816
465.61,-69.95000000000005,0.0,other_tissue,0,194.59466523171116
205.76,-118.51999999999998,0.0,apCAF,1,553.5905888919177
244.76,189.98000000000002,0.0,other_tissue,0,162.95685280157684
495.21000000000004,115.86000000000001,0.0,other_tissue,0,118.3158778481236
-13.620000000000005,433.28,0.0,other_tissue,0,159.73923141394752
-61.379999999999995,-468.75,0.0,other_tissue,0,269.92650132499455
263.53,489.97,0.0,other_tissue,0,95.46906883132276
163.37,497.61,0.0,other_tissue,0,262.224599379251
381.62,-304.11,0.0,other_tissue,0,124.89696708744522
-326.24,203.79000000000002,0.0,other_tissue,0,93.64733012115691
-477.31,-437.74,0.0,other_tissue,0,697.9558580464092
74.42999999999995,-193.0,0.0,other_tissue,0,137.34193618413303
-396.02,300.49,0.0,CAF,1,157.79666042276995
-235.42000000000002,307.1,0.0,other_tissue,0,182.71412360895596
-32.50999999999999,-393.69000000000005,0.0,other_tissue,0,196.56626048829696
-217.26,194.06,0.0,other_tissue,0,975.4484018366953
-416.36,-9.889999999999986,0.0,other_tissue,0,142.3975288471148
469.03,-148.21000000000004,0.0,other_tissue,0,136.71853199920747
-359.13,98.57999999999998,0.0,other_tissue,0,292.8984066133926
22.289999999999964,499.6089,0.0,other_tissue,0,165.64788271920642
290.82000000000005,411.96,0.0,other_tissue,0,115.95414591450105
303.85,-493.28999999999996,0.0,other_tissue,0,154.68238955315067
-128.32,-8.319999999999993,0.0,other_tissue,0,261.4823426890171
102.01999999999998,-87.32000000000005,0.0,other_tissue,0,292.0035187939061
147.51,-167.28999999999996,0.0,other_tissue,0,208.14913049090455
-234.67000000000002,-236.27999999999997,0.0,CD4_Tcell,1,104.46288755257336
191.25,295.34000000000003,0.0,other_tissue,0,103.79124288649324
-491.929,30.319999999999993,0.0,other_tissue,0,100.65657474811904
-159.76,164.89,0.0,other_tissue,0,104.01034697232915
113.49000000000001,-390.71000000000004,0.0,other_tissue,0,101.44870198269255
351.85,-251.10000000000002,0.0,other_tissue,0,310.6051696340266
131.70000000000005,-466.03,0.0,other_tissue,0,110.1322078859673
-189.25,-243.87,0.0,other_tissue,0,162.66846768778979
-100.20999999999998,368.98,0.0,CD8_Tcell,1,105.54695452108103
-271.74,-226.61,0.0,CD4_Tcell,1,342.4899686783721
-454.99,319.74,0.0,other_tissue,0,258.4193973728862
152.35000000000002,-29.220000000000027,0.0,other_tissue,0,194.2051784922625
297.88,99.36000000000001,0.0,other_tissue,0,145.2783620028493
264.97,403.74,0.0,other_tissue,0,91.44587543977588
66.13,-229.08000000000004,0.0,apCAF,1,519.8848043395083
-120.62,-82.27999999999997,0.0,other_tissue,0,198.2550165202851
265.9,-361.05999999999995,0.0,other_tissue,0,278.67430029945376
180.14999999999998,315.86,0.0,other_tissue,0,92.11497695799795
-438.90999999999997,-125.01999999999998,0.0,other_tissue,0,144.21182583378214
425.39,364.22,0.0,other_tissue,0,93.29374388727588
-317.03,-286.37,0.0,CD4_Tcell,1,104.46288755257336
143.52999999999997,335.41999999999996,0.0,other_tissue,0,145.00456275946198
254.55999999999995,-295.47,0.0,apCAF,1,343.95977896086055
108.5,215.45999999999998,0.0,other_tissue,0,83.60762398627386
-63.75,141.07999999999998,0.0,other_tissue,0,298.63012665362584
-266.36,265.28,0.0,other_tissue,0,88.49420404376137
-499.6391,278.62,0.0,other_tissue,0,266.7978345315138
-180.33999999999997,-194.91999999999996,0.0,CD8_Tcell,1,105.54695452108103
231.97000000000003,239.64999999999998,0.0,other_tissue,0,101.26998101650547
-79.69,-212.42999999999995,0.0,other_tissue,0,359.70860250074384
223.96000000000004,232.07999999999998,0.0,apCAF,1,242.4649976660999
482.34000000000003,251.84,0.0,other_tissue,0,91.55880389832546
345.53,149.57,0.0,other_tissue,0,192.8057158484236
125.51999999999998,-169.89,0.0,other_tissue,0,171.85738229657395
211.79999999999995,-471.6,0.0,other_tissue,0,89.21159101191851
-160.22000000000003,-202.22000000000003,0.0,other_tissue,0,109.21255137998423
301.34000000000003,146.04000000000002,0.0,other_tissue,0,225.4032993392906
-62.379999999999995,137.04000000000002,0.0,other_tissue,0,104.46020573924574
378.49,19.24000000000001,0.0,other_tissue,0,141.35827897582638
445.64,-165.08000000000004,0.0,other_tissue,0,127.04183083960532
311.17999999999995,128.47000000000003,0.0,other_tissue,0,397.8428155843977
382.49,45.68000000000001,0.0,CD8_Tcell,1,105.54695452108103
-217.48000000000002,-85.58000000000004,0.0,other_tissue,0,188.40124943559852
319.70000000000005,150.5,0.0,other_tissue,0,138.62032823839064
-466.15999999999997,-193.92999999999995,0.0,other_tissue,0,83.58959746525296
-73.94,-249.07000000000005,0.0,other_tissue,0,120.96950635053088
-246.03,375.75,0.0,other_tissue,0,83.58959746525296
-173.36,-132.55999999999995,0.0,CD4_Tcell,1,296.18455860981925
419.77,273.88,0.0,other_tissue,0,164.07756438041815
-322.19,-21.230000000000018,0.0,other_tissue,0,83.58959746525296
49.76999999999998,-336.04999999999995,0.0,other_tissue,0,83.58959746525296
-160.25,472.97,0.0,other_tissue,0,263.37538731174965
11.589999999999975,-63.82000000000005,0.0,other_tissue,0,110.77233722271846
224.17999999999995,172.99,0.0,CD4_Tcell,1,244.27466497000322
-54.620000000000005,46.629999999999995,0.0,other_tissue,0,83.58959746525296
176.22000000000003,-180.05999999999995,0.0,other_tissue,0,94.78380237064893
-406.02,96.12,0.0,CD4_Tcell,1,104.46288755257336
367.11,-414.0,0.0,CD4_Tcell,1,132.20653693129668
-48.04000000000002,-231.46000000000004,0.0,CD8_Tcell,1,180.79777461317593
101.75999999999999,-328.29999999999995,0.0,other_tissue,0,199.65591275556844
-264.28,145.77999999999997,0.0,CD4_Tcell,1,142.54263725388603
-240.02999999999997,-380.15999999999997,0.0,other_tissue,0,111.5829860380373
-316.47,83.13,0.0,epithelial_tumor_class1_class2,1,3057.293878897327
-261.71000000000004,-407.85,0.0,other_tissue,0,164.09930610711876
-253.59,-387.01,0.0,other_tissue,0,137.21967715891478
-481.93,265.69,0.0,other_tissue,0,117.22368458268852
291.33000000000004,482.33,0.0,other_tissue,0,120.96359212806443
169.01999999999998,217.83999999999997,0.0,other_tissue,0,439.6009443753733
-392.32,-363.66999999999996,0.0,other_tissue,0,124.67959400245076
444.12,152.72000000000003,0.0,other_tissue,0,119.73761915129879
290.15,-208.26999999999998,0.0,other_tissue,0,102.25554868517357
377.65,45.70999999999998,0.0,CD8_Tcell,1,143.06452089020593
434.65,-442.32000000000005,0.0,other_tissue,0,119.00485674068939
-291.82,23.50999999999999,0.0,CD8_Tcell,1,200.24294111160557
377.89,373.8,0.0,CAF,1,165.13789091594228
347.97,-193.77999999999997,0.0,other_tissue,0,126.30996630956216
304.33000000000004,-461.12,0.0,other_tissue,0,251.48775416179262
374.84000000000003,192.52999999999997,0.0,CD4_Tcell,1,135.4646326727749
102.21000000000004,-322.09000000000003,0.0,other_tissue,0,180.33429643771385
106.26999999999998,-327.78,0.0,other_tissue,0,120.12572821346181
307.98,112.32999999999998,0.0,other_tissue,0,160.30939723175857
290.03,-44.77999999999997,0.0,other_tissue,0,83.58959746525296
-298.46000000000004,-146.44000000000005,0.0,other_tissue,0,183.29087723192802
281.65,492.364,0.0,other_tissue,0,220.4164475219771
71.75999999999999,374.11,0.0,other_tissue,0,102.05475756595452
9.550000000000011,47.89999999999998,0.0,CD8_Tcell,1,314.08924641148434
287.80999999999995,100.10000000000002,0.0,CD8_Tcell,1,105.54695452108103
30.120000000000005,-402.6,0.0,other_tissue,0,83.58959746525296
-422.32,-402.6,0.0,other_tissue,0,691.1101039786045
438.23,-366.20000000000005,0.0,other_tissue,0,83.58959746525296
147.60000000000002,190.2,0.0,other_tissue,0,378.20259326282405
262.63,487.12,0.0,CD4_Tcell,1,104.46288755257336
-48.35000000000002,-429.67999999999995,0.0,other_tissue,0,96.3709413406419
-60.49000000000001,359.15,0.0,other_tissue,0,85.55978322089169
18.350000000000023,-403.72,0.0,other_tissue,0,133.813159664394
48.50999999999999,-1.670000000000016,0.0,other_tissue,0,83.58959746525296
-207.62,-60.22000000000003,0.0,other_tissue,0,90.8581893066723
-240.14999999999998,-191.53999999999996,0.0,other_tissue,0,230.46480682888594
480.23,422.25,0.0,apCAF,1,515.5663111861996
-95.67000000000002,-1.6299999999999955,0.0,other_tissue,0,262.8789460685861
-189.69,-488.09000000000003,0.0,other_tissue,0,83.58959746525296
68.24000000000001,167.45,0.0,other_tissue,0,96.49297491409357
-182.76,-160.05999999999995,0.0,CD4_Tcell,1,187.02984361960768
-119.80000000000001,-137.64,0.0,other_tissue,0,347.5331523757952
211.70000000000005,212.31,0.0,other_tissue,0,115.4890436760553
-171.42000000000002,331.01,0.0,other_tissue,0,116.59353395658971
143.33000000000004,227.51,0.0,other_tissue,0,172.2089103513741
192.04999999999995,322.5,0.0,apCAF,1,204.1160326630903
-164.22000000000003,-325.57000000000005,0.0,apCAF,1,491.1644409191353
-462.54,163.32,0.0,CAF,1,136.25162673451635
116.17999999999995,-443.03999999999996,0.0,other_tissue,0,212.07158681231954
-156.58999999999997,-196.54999999999995,0.0,CD4_Tcell,1,156.53615220382898
-250.74,246.61,0.0,other_tissue,0,524.8092203341131
195.64999999999998,-110.20000000000005,0.0,other_tissue,0,95.08068293774907
20.99000000000001,46.839999999999975,0.0,other_tissue,0,133.269872078191
-247.86,-120.48000000000002,0.0,other_tissue,0,505.5420517187294
-38.089999999999975,-290.52,0.0,other_tissue,0,439.53105032755536
236.57000000000005,-283.11,0.0,apCAF,1,1261.5548628996441
373.90999999999997,-112.34000000000003,0.0,CD8_Tcell,1,118.4149731226562
-178.51999999999998,-300.04999999999995,0.0,other_tissue,0,128.89618801277058
-244.36,-351.77,0.0,CD4_Tcell,1,104.46288755257336
286.01,134.79000000000002,0.0,other_tissue,0,268.082573106329
-187.7,-213.23000000000002,0.0,other_tissue,0,118.00728864360194
486.29999999999995,-316.64,0.0,other_tissue,0,128.61874008070575
253.5,334.31,0.0,other_tissue,0,122.31702950972102
-255.84,-264.03,0.0,other_tissue,0,92.63873994761934
-84.13,399.03,0.0,CAF,1,174.26024734893903
493.54999999999995,390.5,0.0,other_tissue,0,199.30094698046864
239.76,196.95999999999998,0.0,other_tissue,0,83.58959746525296
-198.87,-28.370000000000005,0.0,other_tissue,0,288.5055348129213
-409.93,19.70999999999998,0.0,other_tissue,0,212.9498834217644
104.49000000000001,163.86,0.0,other_tissue,0,129.62561240124717
-205.66000000000003,269.82,0.0,other_tissue,0,243.2650458619392
-408.43,-210.42999999999995,0.0,other_tissue,0,166.69298438416928
-93.56,-289.65999999999997,0.0,other_tissue,0,127.29864974966519
188.51999999999998,406.14,0.0,other_tissue,0,132.62112815500373
429.62,-428.33000000000004,0.0,other_tissue,0,197.97562596904623
-44.389999999999986,-292.19000000000005,0.0,other_tissue,0,114.43144085052934
85.80999999999995,237.70999999999998,0.0,other_tissue,0,183.93921922423007
233.63,-131.62,0.0,other_tissue,0,109.61080721547783
316.69000000000005,314.48,0.0,other_tissue,0,83.58959746525296
258.08000000000004,-331.47,0.0,other_tissue,0,624.9921910464662
291.32000000000005,139.75,0.0,other_tissue,0,231.40225878974294
331.13,168.22000000000003,0.0,other_tissue,0,163.68654161928052
-13.910000000000025,-8.089999999999975,0.0,other_tissue,0,233.28478228989067
33.35000000000002,345.96000000000004,0.0,other_tissue,0,118.82359548461314
148.26,387.42,0.0,other_tissue,0,192.40250295493772
266.57000000000005,-132.76999999999998,0.0,other_tissue,0,210.8186244180977
-88.52999999999997,-210.33000000000004,0.0,other_tissue,0,195.87224810932986
43.25999999999999,54.49000000000001,0.0,other_tissue,0,116.50122529771974
96.13999999999999,78.67000000000002,0.0,other_tissue,0,426.8373588123511
-363.87,272.87,0.0,other_tissue,0,129.76191041010836
91.04999999999995,193.60000000000002,0.0,other_tissue,0,329.9343159469317
345.19000000000005,-290.54999999999995,0.0,other_tissue,0,293.46397786779875
413.86,347.81,0.0,other_tissue,0,231.48429262458413
-1.589999999999975,348.19,0.0,other_tissue,0,268.4547097366496
11.230000000000018,-375.39,0.0,other_tissue,0,145.2649979526926
350.62,474.91,0.0,other_tissue,0,190.84335912578632
-318.5,-375.85,0.0,other_tissue,0,163.92542606213624
169.76999999999998,-72.63,0.0,other_tissue,0,790.732525319171
-63.51999999999998,-342.15,0.0,other_tissue,0,124.83052075061161
423.44000000000005,192.41000000000003,0.0,other_tissue,0,233.50476713945824
-355.93,21.579999999999984,0.0,CD8_Tcell,1,140.2131267642526
10.04000000000002,-248.5,0.0,other_tissue,0,140.86673902229768
-444.15,47.379999999999995,0.0,other_tissue,0,91.29381449226193
-492.21,-293.02,0.0,other_tissue,0,407.5472699332492
67.69000000000005,-240.11,0.0,CD8_Tcell,1,128.23098226085204
419.78,492.215,0.0,other_tissue,0,83.58959746525296
-155.55,-18.07000000000005,0.0,CD4_Tcell,1,169.75825537570225
-285.88,171.75,0.0,CD4_Tcell,1,117.93749396855002
97.75999999999999,388.78,0.0,other_tissue,0,91.04891026334232
-92.17000000000002,-473.20000000000005,0.0,other_tissue,0,127.48842841144474
-137.95,170.87,0.0,other_tissue,0,191.38890059949685
153.65999999999997,207.64999999999998,0.0,other_tissue,0,83.58959746525296
-20.75,497.293,0.0,other_tissue,0,272.6116286225824
426.82000000000005,-211.26999999999998,0.0,other_tissue,0,203.2287791215066
-282.23,68.50999999999999,0.0,other_tissue,0,111.56617405704404
154.78999999999996,265.14,0.0,other_tissue,0,208.97399331162623
-151.81,16.470000000000027,0.0,other_tissue,0,124.46850100233564
169.16999999999996,-326.03999999999996,0.0,other_tissue,0,131.39244671044804
365.63,-10.720000000000027,0.0,other_tissue,0,121.28916071147098
133.51999999999998,-116.05999999999995,0.0,other_tissue,0,158.90070698085609
-0.7300000000000182,-397.79999999999995,0.0,other_tissue,0,200.73991754729394
142.41999999999996,342.21000000000004,0.0,other_tissue,0,254.80664942255177
-252.89,352.81,0.0,other_tissue,0,153.36925218705534
-35.75999999999999,-204.75,0.0,other_tissue,0,122.97957782115716
342.95000000000005,359.18,0.0,other_tissue,0,122.08480842759657
-219.97000000000003,-384.15999999999997,0.0,other_tissue,0,83.58959746525296
-59.51999999999998,-80.00999999999999,0.0,CD8_Tcell,1,105.54695452108103
496.1,-310.88,0.0,other_tissue,0,253.01297131303434
-479.61,50.10000000000002,0.0,other_tissue,0,83.58959746525296
-60.43000000000001,356.84000000000003,0.0,other_tissue,0,83.58959746525296
133.54999999999995,251.37,0.0,other_tissue,0,182.84651385618972
-209.45,-339.20000000000005,0.0,other_tissue,0,180.3960477086435
-293.59000000000003,-119.52999999999997,0.0,other_tissue,0,83.58959746525296
-94.48000000000002,-172.94000000000005,0.0,other_tissue,0,113.35765888021643
-46.27999999999997,319.63,0.0,other_tissue,0,83.58959746525296
140.52999999999997,411.32,0.0,other_tissue,0,227.5234318602066
-498.823,104.69,0.0,CAF,1,514.0752484891964
346.07000000000005,-471.21000000000004,0.0,other_tissue,0,136.56457933453993
-219.99,-231.89999999999998,0.0,apCAF,1,608.142144188316
483.5,-434.04999999999995,0.0,CD8_Tcell,1,108.50692505069186
305.98,-101.60000000000002,0.0,other_tissue,0,97.47807565345646
-93.47000000000003,34.889999999999986,0.0,other_tissue,0,178.50363559441786
-275.31,24.589999999999975,0.0,other_tissue,0,212.48460141780402
-313.63,254.21,0.0,other_tissue,0,183.61095180759173
-139.89,125.06,0.0,apCAF,1,373.5680975247635
-60.129999999999995,454.28,0.0,other_tissue,0,83.58959746525296
184.24,-405.03,0.0,other_tissue,0,294.522371524149
299.17999999999995,-107.35000000000002,0.0,other_tissue,0,88.6046896836561
242.30999999999995,-431.54999999999995,0.0,other_tissue,0,329.40351636120624
-432.38,-1.8700000000000045,0.0,other_tissue,0,106.18041335441544
-169.91000000000003,357.64,0.0,other_tissue,0,128.24942922288298
159.60000000000002,133.22000000000003,0.0,other_tissue,0,157.23951582583533
-367.81,-173.26999999999998,0.0,other_tissue,0,119.66127210631845
26.450000000000045,43.19999999999999,0.0,other_tissue,0,138.52967734541247
239.34000000000003,323.75,0.0,other_tissue,0,144.21847542152048
-144.38,-13.019999999999982,0.0,other_tissue,0,241.05743050859942
355.97,478.01,0.0,other_tissue,0,177.2875603490766
311.78999999999996,190.13,0.0,other_tissue,0,83.58959746525296
-206.16000000000003,-108.13,0.0,other_tissue,0,102.14983635126919
361.64,-32.389999999999986,0.0,other_tissue,0,96.08152406028981
110.07000000000005,53.80000000000001,0.0,other_tissue,0,274.72141131699334
102.82000000000005,366.1,0.0,other_tissue,0,362.6271662891373
229.58000000000004,-65.82000000000005,0.0,other_tissue,0,83.58959746525296
-142.01,-115.25999999999999,0.0,other_tissue,0,109.09657541393398
-236.06,-188.80999999999995,0.0,other_tissue,0,135.94992440397007
-55.620000000000005,258.08000000000004,0.0,other_tissue,0,83.58959746525296
-400.82,-350.65,0.0,other_tissue,0,443.72375410852214
-462.64,-494.76,0.0,other_tissue,0,191.79069662087295
114.72000000000003,47.370000000000005,0.0,other_tissue,0,353.1327337516419
-124.04000000000002,-131.53999999999996,0.0,other_tissue,0,132.45141805236713
-252.12,85.06,0.0,other_tissue,0,322.58896343380604
495.70000000000005,-165.37,0.0,apCAF,1,210.9042859016714
-102.31,-150.82000000000005,0.0,other_tissue,0,98.80538646845282
12.120000000000005,159.01999999999998,0.0,other_tissue,0,216.27815874681133
189.58000000000004,-223.99,0.0,other_tissue,0,106.61475515331736
-49.879999999999995,-238.14999999999998,0.0,other_tissue,0,83.58959746525296
220.02999999999997,247.27,0.0,other_tissue,0,99.06918000429359
3.6899999999999977,-133.09000000000003,0.0,CD8_Tcell,1,143.48824547893201
-72.32,-362.0,0.0,other_tissue,0,88.85963705932754
-296.41999999999996,-322.6,0.0,other_tissue,0,381.44909495069794
-71.13,-345.65999999999997,0.0,other_tissue,0,279.40739068684167
-271.98,224.79000000000002,0.0,other_tissue,0,120.39082829789263
-458.65,315.4,0.0,other_tissue,0,169.73601662668207
-201.12,-451.95000000000005,0.0,other_tissue,0,122.97957782115716
-6.089999999999975,315.62,0.0,other_tissue,0,169.6470810528065
312.80999999999995,394.62,0.0,other_tissue,0,142.16687758183036
385.97,-380.40999999999997,0.0,other_tissue,0,215.52977200620032
163.60000000000002,431.85,0.0,other_tissue,0,83.58959746525296
-401.89,-118.13,0.0,apCAF,1,500.19039550854575
-25.99000000000001,498.448,0.0,other_tissue,0,203.61349721203098
-266.49,-397.42999999999995,0.0,other_tissue,0,97.22734038093625
-318.15999999999997,-15.730000000000018,0.0,other_tissue,0,202.68598236818468
-215.57999999999998,-68.78999999999996,0.0,other_tissue,0,127.19465758538252
49.72000000000003,-301.63,0.0,other_tissue,0,97.66256376119335
-402.06,27.610000000000014,0.0,other_tissue,0,201.1878987939765
318.97,-358.30999999999995,0.0,other_tissue,0,162.10709571774413
228.03999999999996,-424.02,0.0,other_tissue,0,280.07965604044506
177.78999999999996,194.17000000000002,0.0,other_tissue,0,83.58959746525296
232.35000000000002,-89.20000000000005,0.0,other_tissue,0,134.02202182747843
-196.26,417.98,0.0,other_tissue,0,250.794756377713
201.39,-126.29999999999995,0.0,other_tissue,0,122.8002753821118
487.78,165.79000000000002,0.0,other_tissue,0,126.956301357902
144.94000000000005,381.97,0.0,other_tissue,0,174.71326336339212
222.53999999999996,-424.03999999999996,0.0,other_tissue,0,165.0432935540973
-264.13,-166.13,0.0,apCAF,1,1261.5548628996441
-129.82999999999998,461.55,0.0,CAF,1,268.5956079481505
-487.85,-461.28999999999996,0.0,other_tissue,0,164.98509775295705
-301.84000000000003,-243.12,0.0,other_tissue,0,348.17897641333485
386.30999999999995,-209.40999999999997,0.0,other_tissue,0,95.6560714365224
449.84000000000003,217.39999999999998,0.0,other_tissue,0,112.07126848281742
-80.12,-195.84000000000003,0.0,other_tissue,0,193.88100349184458
378.13,-487.54999999999995,0.0,CD8_Tcell,1,126.22476566062386
-246.44,-367.97,0.0,apCAF,1,359.3296101447336
-224.33999999999997,-164.32000000000005,0.0,other_tissue,0,180.6200142353623
73.73000000000002,-409.27,0.0,other_tissue,0,99.85296796902276
222.11,418.04,0.0,other_tissue,0,91.78985977983014
-146.63,-463.28,0.0,other_tissue,0,182.5195481827205
-332.03999999999996,-478.78999999999996,0.0,other_tissue,0,634.7284635191593
-51.19999999999999,320.8,0.0,other_tissue,0,83.96875953160726
315.96000000000004,-141.78999999999996,0.0,other_tissue,0,153.83390210433674
434.28999999999996,-127.20000000000005,0.0,other_tissue,0,166.64172352740547
-51.51999999999998,-480.11,0.0,other_tissue,0,139.58756410415654
225.65999999999997,154.76,0.0,other_tissue,0,95.80281163304545
-171.60000000000002,-163.64,0.0,other_tissue,0,195.76624928170412
365.28,-151.53999999999996,0.0,other_tissue,0,84.45654364090399
279.96000000000004,160.36,0.0,epithelial_tumor_class1,1,791.1978851301302
239.42999999999995,-293.6,0.0,other_tissue,0,419.80321891786093
473.52,200.29000000000002,0.0,other_tissue,0,110.5438334714092
51.360000000000014,135.29000000000002,0.0,other_tissue,0,307.0258881107182
-326.33000000000004,215.70999999999998,0.0,other_tissue,0,89.94740625168176
204.17999999999995,368.1,0.0,other_tissue,0,362.94695415945665
494.03,-63.139999999999986,0.0,other_tissue,0,123.45257568009026
-290.16999999999996,-205.26,0.0,CD4_Tcell,1,104.46288755257336
-328.32,99.62,0.0,CD4_Tcell,1,104.46288755257336
426.15999999999997,367.34000000000003,0.0,other_tissue,0,105.8013333368316
-255.01,60.02999999999997,0.0,other_tissue,0,266.13699804322914
459.49,342.18,0.0,other_tissue,0,590.1334705177132
-132.76999999999998,-253.03999999999996,0.0,other_tissue,0,318.9631717848878
-68.70999999999998,491.921,0.0,other_tissue,0,173.80048453121847
388.26,216.35000000000002,0.0,other_tissue,0,214.71374489837538
281.85,207.74,0.0,other_tissue,0,264.9781738775972
104.47000000000003,-380.84000000000003,0.0,other_tissue,0,83.58959746525296
-388.51,73.31,0.0,other_tissue,0,186.93496481679048
-319.53,412.57,0.0,other_tissue,0,179.2482420528246
-73.41000000000003,-4.3700000000000045,0.0,other_tissue,0,83.58959746525296
-214.13,-176.07000000000005,0.0,CD8_Tcell,1,148.0285681695365
335.89,399.51,0.0,other_tissue,0,83.58959746525296
387.53999999999996,353.38,0.0,other_tissue,0,140.1739744533225
-185.62,-182.66999999999996,0.0,other_tissue,0,139.72424661265518
-500.6134,-275.64,0.0,other_tissue,0,284.67967912203176
452.63,344.63,0.0,other_tissue,0,192.78150720376323
42.440000000000055,-297.29999999999995,0.0,other_tissue,0,98.22771941523253
159.57000000000005,181.07999999999998,0.0,other_tissue,0,100.66180701336576
92.38,418.28,0.0,other_tissue,0,229.95618834374145
341.28,-432.49,0.0,other_tissue,0,180.3034260874634
189.34000000000003,-51.690000000000055,0.0,CD8_Tcell,1,121.5737702251689
279.45000000000005,-29.190000000000055,0.0,other_tissue,0,127.48230357702776
168.15999999999997,-404.66999999999996,0.0,other_tissue,0,142.6350302748347
-317.71000000000004,-151.74,0.0,CD4_Tcell,1,205.4517490619394
-76.00999999999999,372.61,0.0,other_tissue,0,83.58959746525296
124.09000000000003,-162.05999999999995,0.0,other_tissue,0,141.56835022403993
105.84000000000003,-278.08000000000004,0.0,CD8_Tcell,1,185.0833829960051
-328.44,183.95,0.0,other_tissue,0,225.22423493413913
439.29999999999995,34.089999999999975,0.0,CAF,1,360.17353720083946
-31.589999999999975,360.9,0.0,other_tissue,0,163.3467130812049
-362.40999999999997,-118.10000000000002,0.0,other_tissue,0,163.52741432714728
488.45000000000005,-153.22000000000003,0.0,other_tissue,0,153.70204051537897
-121.19,-301.69000000000005,0.0,other_tissue,0,152.59461489661217
-477.86,-59.710000000000036,0.0,other_tissue,0,83.58959746525296
-205.93,419.12,0.0,other_tissue,0,108.5509373910979
-159.68,-366.25,0.0,other_tissue,0,83.58959746525296
-306.94,342.63,0.0,other_tissue,0,134.82149459902178
338.16999999999996,176.06,0.0,CD4_Tcell,1,109.6163453524622
252.74,81.32,0.0,other_tissue,0,600.3651905731505
42.33000000000004,-432.49,0.0,other_tissue,0,283.5928241282112
91.58000000000004,-89.98000000000002,0.0,apCAF,1,348.2747220408512
-377.85,-127.72000000000003,0.0,other_tissue,0,145.29172687262238
-452.26,-177.76,0.0,other_tissue,0,148.80126679280826
415.63,-461.65,0.0,other_tissue,0,237.20083374980703
162.64999999999998,-183.78999999999996,0.0,other_tissue,0,174.2979687386665
-0.7699999999999818,214.29000000000002,0.0,other_tissue,0,83.58959746525296
461.52,402.35,0.0,other_tissue,0,144.4446830459142
-286.05,21.879999999999995,0.0,other_tissue,0,170.7312428548094
223.95000000000005,-147.54999999999995,0.0,other_tissue,0,146.6256336460614
-257.77,339.13,0.0,other_tissue,0,83.58959746525296
-185.83999999999997,-371.48,0.0,other_tissue,0,117.60054096988401
-130.2,-20.389999999999986,0.0,other_tissue,0,523.6144837186469
-418.23,-258.11,0.0,other_tissue,0,324.0925713437082
-146.55,151.74,0.0,CAF,1,136.25162673451635
379.6,169.76999999999998,0.0,other_tissue,0,227.13615035167697
-34.589999999999975,-162.23000000000002,0.0,other_tissue,0,126.37084738351808
-128.89,-28.620000000000005,0.0,other_tissue,0,206.03320798181608
-345.66999999999996,241.69,0.0,other_tissue,0,83.58959746525296
-221.67000000000002,285.78,0.0,other_tissue,0,173.65744506832576
154.29999999999995,-66.48000000000002,0.0,other_tissue,0,460.47276146403254
-303.66999999999996,-277.96000000000004,0.0,CD8_Tcell,1,208.25955292846865
-134.89,-137.28999999999996,0.0,other_tissue,0,174.64526096955825
314.96000000000004,177.13,0.0,other_tissue,0,329.541930891098
429.66999999999996,-275.88,0.0,other_tissue,0,110.28783771782265
293.49,57.35000000000002,0.0,other_tissue,0,84.75944984553618
211.91999999999996,-374.08000000000004,0.0,other_tissue,0,156.62747061559952
182.16999999999996,22.20999999999998,0.0,other_tissue,0,212.09738453184673
-292.43,-486.69000000000005,0.0,other_tissue,0,146.33671401792876
393.83000000000004,307.91999999999996,0.0,other_tissue,0,83.58959746525296
-451.39,-296.09000000000003,0.0,other_tissue,0,83.58959746525296
217.92999999999995,-248.55999999999995,0.0,other_tissue,0,178.68767575753796
-146.44,-1.740000000000009,0.0,other_tissue,0,86.44075127332049
-166.26999999999998,-188.55999999999995,0.0,other_tissue,0,276.2570221457528
-71.68,419.48,0.0,other_tissue,0,291.57802315639884
-146.44,93.36000000000001,0.0,other_tissue,0,124.67355946423959
-44.81999999999999,475.97,0.0,other_tissue,0,121.27138738044971
-319.90999999999997,-289.53999999999996,0.0,CD4_Tcell,1,104.46288755257336
328.89,-437.04999999999995,0.0,other_tissue,0,200.69018294261107
159.57000000000005,393.18,0.0,other_tissue,0,203.87303741163527
444.75,-109.49000000000001,0.0,other_tissue,0,169.4174746204101
413.57000000000005,191.89999999999998,0.0,other_tissue,0,268.2635695612701
-488.73,344.1,0.0,other_tissue,0,130.65640288104467
23.33000000000004,299.71000000000004,0.0,other_tissue,0,540.9398651089804
-10.139999999999986,-205.59000000000003,0.0,CD4_Tcell,1,264.57936068901347
-320.52,-485.29999999999995,0.0,other_tissue,0,213.47629619308628
182.14999999999998,367.68,0.0,other_tissue,0,118.1353170548814
91.65999999999997,78.50999999999999,0.0,other_tissue,0,206.06694934641342
235.34000000000003,-485.78999999999996,0.0,other_tissue,0,110.0433423233491
-396.96,-8.5,0.0,other_tissue,0,149.89028465807968
-153.67000000000002,483.75,0.0,other_tissue,0,83.58959746525296
-356.2,-129.92999999999995,0.0,apCAF,1,157.12683635265697
-163.67000000000002,-35.190000000000055,0.0,other_tissue,0,147.61620745558
490.77,-280.88,0.0,other_tissue,0,415.81670295477704
-246.93,225.32999999999998,0.0,other_tissue,0,190.22686635108337
398.53,160.04000000000002,0.0,other_tissue,0,127.56194172688883
-219.05,-41.99000000000001,0.0,other_tissue,0,123.02144015520506
496.24,-216.98000000000002,0.0,CD8_Tcell,1,416.69291032926225
-328.63,-80.44000000000005,0.0,other_tissue,0,238.89113875886565
433.49,-246.89,0.0,other_tissue,0,137.26471151272648
210.04999999999995,-4.069999999999993,0.0,other_tissue,0,528.0409245826743
353.99,470.34,0.0,other_tissue,0,135.33711655375026
-122.42000000000002,-202.27999999999997,0.0,other_tissue,0,201.07169157747813
-115.29000000000002,142.86,0.0,other_tissue,0,263.13701758671954
192.03999999999996,-324.53999999999996,0.0,other_tissue,0,105.4987197676328
193.94000000000005,-346.4,0.0,other_tissue,0,208.48901660623625
-332.41999999999996,-224.89,0.0,CD8_Tcell,1,105.54695452108103
-74.27999999999997,272.58000000000004,0.0,other_tissue,0,160.7951035903668
131.5,18.379999999999995,0.0,CD4_Tcell,1,297.7882872111108
123.88,159.99,0.0,CAF,1,516.0639720390512
307.78,-474.16999999999996,0.0,CD4_Tcell,1,194.77335388706393
-271.83000000000004,-474.14,0.0,apCAF,1,1089.4416271913344
469.80999999999995,65.23000000000002,0.0,other_tissue,0,201.4786127017513
411.71000000000004,33.69999999999999,0.0,other_tissue,0,157.83196695465486
-500.132,282.27,0.0,other_tissue,0,507.21647150643116
32.39999999999998,430.22,0.0,CD4_Tcell,1,104.46288755257336
-177.99,499.9016,0.0,other_tissue,0,286.95637838354565
-22.170000000000016,86.20999999999998,0.0,other_tissue,0,223.7327477168376
-292.4,158.7,0.0,apCAF,1,150.9297609964247
-282.36,359.86,0.0,other_tissue,0,92.01144745064717
94.49000000000001,175.27999999999997,0.0,other_tissue,0,114.06138921450248
-20.220000000000027,-479.57000000000005,0.0,other_tissue,0,152.27721746345696
-53.73000000000002,-472.19000000000005,0.0,other_tissue,0,162.3516372608419
-71.70999999999998,-339.90999999999997,0.0,other_tissue,0,502.44874876626915
455.95000000000005,-382.49,0.0,CD4_Tcell,1,109.45581510300481
122.37,-243.78999999999996,0.0,other_tissue,0,132.3320792544159
-334.6,-486.26,0.0,other_tissue,0,83.58959746525296
-270.64,-105.75,0.0,apCAF,1,690.8455232365262
418.1,474.47,0.0,CD4_Tcell,1,108.85384444932701
383.65,-173.49,0.0,other_tissue,0,126.73654469448
89.96000000000004,-325.45000000000005,0.0,other_tissue,0,219.1483735946252
218.30999999999995,472.32,0.0,other_tissue,0,99.61376191904573
-260.5,-370.35,0.0,other_tissue,0,110.75560676855211
-162.27999999999997,-42.799999999999955,0.0,other_tissue,0,248.12141504444324
349.99,212.57999999999998,0.0,other_tissue,0,241.72299799507556
-334.71000000000004,-136.05999999999995,0.0,other_tissue,0,133.87642829675764
239.5,-360.74,0.0,other_tissue,0,163.90369969688135
-119.20999999999998,-247.23000000000002,0.0,other_tissue,0,208.41250999567043
210.14999999999998,-262.85,0.0,other_tissue,0,118.8119075346411
-207.5,-164.03999999999996,0.0,other_tissue,0,152.66367264857274
346.21000000000004,326.11,0.0,other_tissue,0,234.61596389643526
457.78999999999996,-127.21000000000004,0.0,other_tissue,0,214.25455389053013
-95.06,-135.14,0.0,other_tissue,0,237.88713539309052
349.98,-440.23,0.0,other_tissue,0,102.95507978738834
364.35,199.8,0.0,other_tissue,0,155.7648783579027
-499.7094,338.47,0.0,other_tissue,0,226.77628326730834
-294.40999999999997,-210.10000000000002,0.0,other_tissue,0,86.92381813119124
-168.39999999999998,-249.64999999999998,0.0,other_tissue,0,211.76217732672436
-432.09000000000003,115.19,0.0,other_tissue,0,120.27295793931488
-252.39,-436.6,0.0,other_tissue,0,114.00452910128494
123.82000000000005,-157.97000000000003,0.0,other_tissue,0,83.58959746525296
-197.45,-309.88,0.0,other_tissue,0,95.72689280934122
497.02,390.88,0.0,other_tissue,0,445.7524600356612
116.38999999999999,-340.65999999999997,0.0,other_tissue,0,244.31246180800565
-132.33999999999997,-460.26,0.0,other_tissue,0,88.93669829514636
-234.55,-281.94000000000005,0.0,other_tissue,0,119.64365816750015
450.22,-298.21000000000004,0.0,other_tissue,0,210.64737104225424
478.30999999999995,-28.370000000000005,0.0,mesenchymal_tumor_class1,1,161.56136163123708
478.13,-446.9,0.0,other_tissue,0,293.485334422513
-320.74,254.77,0.0,other_tissue,0,208.53152836796022
231.11,476.39,0.0,other_tissue,0,254.25310212724793
301.63,-428.26,0.0,other_tissue,0,153.63960607160544
324.19000000000005,-284.40999999999997,0.0,other_tissue,0,209.59620144082282
277.6,495.81,0.0,other_tissue,0,223.6347378594126
-468.77,378.04,0.0,other_tissue,0,127.1579679949459
-470.21,-496.07000000000005,0.0,other_tissue,0,463.36250765055905
-284.64,474.28,0.0,CD4_Tcell,1,104.46288755257336
-246.84,379.64,0.0,other_tissue,0,147.60270041389842
363.05999999999995,-15.340000000000032,0.0,other_tissue,0,181.2155833477975
-399.52,-200.01,0.0,other_tissue,0,92.84681661617986
-266.18,363.84000000000003,0.0,other_tissue,0,111.19114634261658
-312.23,110.12,0.0,other_tissue,0,85.28307812536416
108.0,80.32,0.0,CD8_Tcell,1,140.91256779572996
-473.6,120.25,0.0,other_tissue,0,92.81211555672301
-18.439999999999998,-241.62,0.0,other_tissue,0,146.53152507878923
180.14999999999998,-486.83000000000004,0.0,CD4_Tcell,1,404.2202076262797
40.16999999999996,-208.33000000000004,0.0,CD8_Tcell,1,105.54695452108103
-314.03,248.34,0.0,other_tissue,0,559.4637319696649
247.92999999999995,-255.35000000000002,0.0,other_tissue,0,128.59409732817076
429.46000000000004,14.70999999999998,0.0,other_tissue,0,83.58959746525296
234.01,464.38,0.0,other_tissue,0,83.58959746525296
436.74,-201.5,0.0,other_tissue,0,228.47096866911167
280.19000000000005,305.74,0.0,other_tissue,0,126.58408519695702
-456.14,-91.77999999999997,0.0,other_tissue,0,582.6966808295651
489.77,344.02,0.0,other_tissue,0,163.42620522019627
350.14,307.7,0.0,other_tissue,0,83.58959746525296
-348.81,-101.72000000000003,0.0,other_tissue,0,322.2478842135951
471.80999999999995,-5.670000000000016,0.0,mesenchymal_tumor_class1,1,186.86382677597445
326.94000000000005,-283.36,0.0,other_tissue,0,179.91013788396035
-167.79000000000002,310.33000000000004,0.0,other_tissue,0,210.24529072042304
403.14,177.17000000000002,0.0,other_tissue,0,313.24089000394014
-56.56,13.839999999999975,0.0,other_tissue,0,97.16089102330949
297.54999999999995,-337.99,0.0,other_tissue,0,391.8953147929267
337.48,345.84000000000003,0.0,other_tissue,0,210.72442357990718
448.45000000000005,102.43,0.0,other_tissue,0,189.08547627893188
-151.04000000000002,344.26,0.0,apCAF,1,602.8120473442058
-85.47000000000003,-173.17999999999995,0.0,other_tissue,0,154.61968989143182
-4.079999999999984,218.02999999999997,0.0,other_tissue,0,118.48495603171087
-16.779999999999973,230.37,0.0,other_tissue,0,121.19438967647635
149.21000000000004,-277.52,0.0,other_tissue,0,152.79493977178123
-386.07,122.99000000000001,0.0,other_tissue,0,365.20308891420893
-326.69,413.97,0.0,other_tissue,0,294.3297473500554
475.79999999999995,471.63,0.0,other_tissue,0,83.58959746525296
169.64999999999998,415.78,0.0,other_tissue,0,147.71753653459226
227.97000000000003,228.24,0.0,other_tissue,0,183.65782322120336
-394.82,9.389999999999986,0.0,other_tissue,0,182.27069327274893
317.48,73.74000000000001,0.0,other_tissue,0,131.6112951252931
476.15,-430.27,0.0,other_tissue,0,187.45719552812633
-105.58999999999997,-206.64,0.0,other_tissue,0,469.41185441503114
77.62,-475.5,0.0,other_tissue,0,203.8981659033243
-178.24,-207.90999999999997,0.0,other_tissue,0,83.58959746525296
308.79999999999995,148.76999999999998,0.0,other_tissue,0,160.78795375176628
296.21000000000004,-476.28999999999996,0.0,other_tissue,0,115.89091074245492
212.51,-215.22000000000003,0.0,CD4_Tcell,1,242.2488159884278
298.13,392.14,0.0,apCAF,1,241.76053116499338
-152.0,-1.5299999999999727,0.0,CD4_Tcell,1,186.27171149572933
212.03999999999996,-253.88,0.0,other_tissue,0,252.57794776856437
243.89999999999998,171.74,0.0,other_tissue,0,129.43990533925896
314.07000000000005,-284.78,0.0,other_tissue,0,128.30478072372617
319.28999999999996,214.3,0.0,other_tissue,0,123.86669131802678
-330.75,-442.21000000000004,0.0,other_tissue,0,346.72102913845384
-58.660000000000025,29.670000000000016,0.0,other_tissue,0,214.74842742541534
-166.02999999999997,-316.44000000000005,0.0,CD8_Tcell,1,105.54695452108103
-74.45999999999998,-446.0,0.0,other_tissue,0,216.63555678463462
-263.89,-45.799999999999955,0.0,CD8_Tcell,1,127.90537753969363
-15.839999999999975,-292.11,0.0,other_tissue,0,83.58959746525296
-56.64999999999998,125.98000000000002,0.0,other_tissue,0,136.6158840410356
-72.52999999999997,499.1298,0.0,other_tissue,0,555.6798952259767
-477.88,117.57999999999998,0.0,other_tissue,0,96.78831460347851
32.14999999999998,-180.07000000000005,0.0,other_tissue,0,83.58959746525296
-495.853,-57.42999999999995,0.0,other_tissue,0,90.81910000823264
-213.06,154.72000000000003,0.0,other_tissue,0,535.3407806337835
436.74,325.81,0.0,other_tissue,0,201.56172522570972
-186.32999999999998,-219.5,0.0,CD4_Tcell,1,178.73370555529152
372.28,331.81,0.0,other_tissue,0,246.53036872296832
-46.72000000000003,-148.64999999999998,0.0,other_tissue,0,418.7737587214114
-257.62,96.83999999999997,0.0,apCAF,1,431.73589606929653
-181.89999999999998,-102.99000000000001,0.0,apCAF,1,165.13789091594228
118.74000000000001,491.709,0.0,other_tissue,0,92.95593339657297
-232.95,227.69,0.0,apCAF,1,645.0345514814308
-33.44,499.1785,0.0,CD4_Tcell,1,172.78585343001538
269.75,-81.52999999999997,0.0,other_tissue,0,129.8983039280734
385.73,122.13999999999999,0.0,CD4_Tcell,1,140.3502172641509
414.86,70.66000000000003,0.0,other_tissue,0,429.80505861406766
152.30999999999995,399.48,0.0,other_tissue,0,740.6545667076886
326.98,4.319999999999993,0.0,other_tissue,0,83.58959746525296
443.28,-478.26,0.0,CD4_Tcell,1,104.46288755257336
149.89999999999998,-27.57000000000005,0.0,other_tissue,0,283.0191649956489
46.85000000000002,107.64999999999998,0.0,other_tissue,0,83.58959746525296
-265.65,-324.41999999999996,0.0,CD8_Tcell,1,419.5456958837011
-262.46000000000004,86.32999999999998,0.0,other_tissue,0,572.9674721207646
226.09000000000003,192.93,0.0,other_tissue,0,388.8215388168651
-19.819999999999993,64.08999999999997,0.0,other_tissue,0,83.58959746525296
339.94000000000005,-301.85,0.0,other_tissue,0,164.87601750144876
90.60000000000002,-251.89999999999998,0.0,other_tissue,0,115.04806411968116
189.95000000000005,-448.30999999999995,0.0,other_tissue,0,145.38530391240408
-372.12,-195.73000000000002,0.0,CD8_Tcell,1,129.27910276131212
290.29999999999995,-438.79999999999995,0.0,other_tissue,0,139.15207773780747
429.40999999999997,468.8,0.0,other_tissue,0,261.2352354173198
104.16999999999996,-272.47,0.0,CD8_Tcell,1,299.96086384987797
155.87,-195.94000000000005,0.0,other_tissue,0,90.57992266699162
-122.05000000000001,155.5,0.0,other_tissue,0,119.38551894836863
335.28,127.0,0.0,other_tissue,0,242.63427301131145
-360.9,-392.35,0.0,other_tissue,0,274.5477353009996
-196.45999999999998,-363.15,0.0,other_tissue,0,136.30824846362395
120.08000000000004,-272.20000000000005,0.0,other_tissue,0,159.5257682753073
-229.83999999999997,116.60000000000002,0.0,other_tissue,0,244.89881146646894
-191.26999999999998,-237.76,0.0,other_tissue,0,125.07225680904565
362.34000000000003,-300.63,0.0,other_tissue,0,229.13128026561296
-331.96000000000004,-246.42999999999995,0.0,other_tissue,0,283.0191649956489
-203.94,-230.41999999999996,0.0,other_tissue,0,118.08875056050374
-271.83000000000004,63.99000000000001,0.0,CD4_Tcell,1,569.9702348507315
285.1,496.02,0.0,other_tissue,0,176.10740682796057
276.03999999999996,-387.63,0.0,CD4_Tcell,1,104.46288755257336
-208.01999999999998,-197.94000000000005,0.0,other_tissue,0,151.1011863594046
-83.80000000000001,-303.79999999999995,0.0,other_tissue,0,108.52342828393253
195.45000000000005,-8.45999999999998,0.0,other_tissue,0,176.32781023179433
-15.839999999999975,-365.55999999999995,0.0,other_tissue,0,156.72585323092378
459.94000000000005,-188.73000000000002,0.0,other_tissue,0,183.53285050767695
160.05999999999995,-52.85000000000002,0.0,other_tissue,0,345.60047290798616
-317.86,-96.04999999999995,0.0,CD8_Tcell,1,389.5175353070152
94.08000000000004,-481.75,0.0,other_tissue,0,184.80866604203547
278.27,-109.76999999999998,0.0,other_tissue,0,143.0248395329367
129.65999999999997,-83.67999999999995,0.0,other_tissue,0,121.55003577841563
70.69000000000005,169.97000000000003,0.0,other_tissue,0,83.58959746525296
-198.73000000000002,-247.42999999999995,0.0,CAF,1,136.25162673451635
-482.28,-203.67999999999995,0.0,other_tissue,0,348.3226014361705
332.38,338.85,0.0,other_tissue,0,303.25587293027723
-248.6,-33.58000000000004,0.0,other_tissue,0,210.04017059868633
166.66999999999996,432.86,0.0,other_tissue,0,83.58959746525296
153.73000000000002,-127.39999999999998,0.0,other_tissue,0,145.9811262907556
374.53,486.97,0.0,other_tissue,0,90.8826258130249
378.5,198.04000000000002,0.0,other_tissue,0,204.50186931892307
-31.629999999999995,-356.88,0.0,other_tissue,0,117.47289929401344
-180.05,-483.73,0.0,other_tissue,0,168.97366378809932
-273.09000000000003,-78.11000000000001,0.0,other_tissue,0,374.74828759153934
-369.9,-156.97000000000003,0.0,other_tissue,0,138.0705562085074
-347.76,-353.54999999999995,0.0,other_tissue,0,256.43306995154813
292.86,-424.25,0.0,other_tissue,0,262.7499736095483
493.27,-403.75,0.0,other_tissue,0,116.73208834965851
403.77,496.064,0.0,other_tissue,0,297.0126102337849
-344.96000000000004,341.27,0.0,CAF,1,161.78381554242128
-18.120000000000005,-274.54999999999995,0.0,other_tissue,0,152.7396602366958
58.49000000000001,-286.14,0.0,other_tissue,0,248.5608666060668
447.12,113.87,0.0,other_tissue,0,228.89595512487546
-279.86,-277.62,0.0,other_tissue,0,121.74593737104007
430.27,-109.87,0.0,other_tissue,0,118.46162533254943
-115.11000000000001,404.22,0.0,other_tissue,0,149.14781652540373
471.83000000000004,-72.16999999999996,0.0,other_tissue,0,167.61012758822068
-490.588,-328.85,0.0,other_tissue,0,140.15440103132107
353.57000000000005,318.2,0.0,CAF,1,277.7365820405155
483.19000000000005,-268.53999999999996,0.0,other_tissue,0,161.3749446939037
240.38,253.47,0.0,other_tissue,0,143.81322451105495
-102.73000000000002,157.81,0.0,other_tissue,0,162.03521849633276
-274.32,256.16999999999996,0.0,other_tissue,0,133.83213816062272
140.12,54.089999999999975,0.0,other_tissue,0,386.30229569747394
-419.06,38.04000000000002,0.0,other_tissue,0,139.27548172649944
252.53999999999996,-221.59000000000003,0.0,other_tissue,0,109.46688111965472
132.09000000000003,315.94,0.0,other_tissue,0,201.7696065266096
457.98,-496.12,0.0,other_tissue,0,288.0518047651691
323.88,-92.49000000000001,0.0,other_tissue,0,83.58959746525296
-421.88,-292.21000000000004,0.0,other_tissue,0,582.0727604885063
-171.49,-260.27,0.0,other_tissue,0,156.7188245353812
275.47,155.73000000000002,0.0,other_tissue,0,180.7591211360303
352.22,286.27,0.0,other_tissue,0,269.2605064449089
335.57000000000005,83.50999999999999,0.0,other_tissue,0,156.50806137353192
-314.35,-184.55999999999995,0.0,CD4_Tcell,1,1005.5914733103036
464.02,110.50999999999999,0.0,other_tissue,0,96.03080892090097
264.24,-480.04999999999995,0.0,other_tissue,0,111.55496700792563
-123.79000000000002,13.70999999999998,0.0,other_tissue,0,99.55142323175613
203.14999999999998,-241.34000000000003,0.0,other_tissue,0,276.78043043710653
-102.07999999999998,499.1333,0.0,other_tissue,0,152.43586110707813
201.24,-431.28999999999996,0.0,other_tissue,0,180.41148772869522
-49.5,-134.17999999999995,0.0,other_tissue,0,94.40229154085789
-379.86,-4.480000000000018,0.0,other_tissue,0,105.09433840367113
-98.39999999999998,420.67,0.0,other_tissue,0,112.05440749061309
409.51,-63.66999999999996,0.0,other_tissue,0,211.35009969194968
-60.589999999999975,-210.55999999999995,0.0,other_tissue,0,136.65437100222582
481.82000000000005,-180.21000000000004,0.0,other_tissue,0,93.98181427217287
311.62,193.0,0.0,other_tissue,0,83.58959746525296
436.65,225.89999999999998,0.0,other_tissue,0,139.01576868730427
-167.85000000000002,-199.90999999999997,0.0,CD4_Tcell,1,146.2897165417727
-80.33999999999997,11.759999999999991,0.0,other_tissue,0,158.55337024256724
195.91999999999996,125.0,0.0,other_tissue,0,149.1750196289846
217.99,-345.34000000000003,0.0,other_tissue,0,93.52770824000048
167.11,-329.1,0.0,other_tissue,0,307.42222096386485
179.89,478.93,0.0,other_tissue,0,119.67888777380126
468.15999999999997,414.7,0.0,other_tissue,0,290.18741881468435
-303.25,34.120000000000005,0.0,other_tissue,0,184.85574105757038
-325.85,40.410000000000025,0.0,other_tissue,0,171.10359019070046
205.57000000000005,-357.78999999999996,0.0,other_tissue,0,88.25912794441282
188.55999999999995,-29.690000000000055,0.0,other_tissue,0,266.5974656660099
421.78,163.57999999999998,0.0,CD8_Tcell,1,214.63572286621587
60.200000000000045,-21.789999999999964,0.0,other_tissue,0,155.18459716332745
33.77999999999997,427.56,0.0,other_tissue,0,138.16746898170882
368.9,90.11000000000001,0.0,other_tissue,0,100.58334207119277
6.310000000000002,-225.29999999999995,0.0,apCAF,1,275.37590733792547
450.66999999999996,53.420000000000016,0.0,other_tissue,0,243.0672234598033
-40.579999999999984,276.1,0.0,other_tissue,0,86.51167798435725
-108.44,25.55000000000001,0.0,CAF,1,203.62186603641186
-180.02999999999997,-202.42999999999995,0.0,apCAF,1,331.437483931637
299.53,-329.41999999999996,0.0,other_tissue,0,253.36134957132055
-148.07999999999998,-204.49,0.0,CD8_Tcell,1,105.54695452108103
-3.6499999999999773,336.01,0.0,other_tissue,0,83.58959746525296
-415.88,270.73,0.0,other_tissue,0,108.84833202493701
209.38,-397.84000000000003,0.0,other_tissue,0,148.0285681695365
9.889999999999986,450.46,0.0,other_tissue,0,122.74651865543065
-158.83999999999997,418.99,0.0,CAF,1,136.25162673451635
415.89,343.41999999999996,0.0,other_tissue,0,244.64335046623606
-473.6,-264.89,0.0,other_tissue,0,83.58959746525296
26.17999999999995,-63.22000000000003,0.0,other_tissue,0,83.58959746525296
260.71000000000004,165.94,0.0,other_tissue,0,300.502942072383
23.82000000000005,201.92000000000002,0.0,other_tissue,0,344.72003330304256
15.950000000000045,-62.42999999999995,0.0,CD4_Tcell,1,104.46288755257336
-137.74,157.0,0.0,other_tissue,0,272.6217947553876
41.60000000000002,178.08999999999997,0.0,other_tissue,0,133.4655384679374
380.34000000000003,495.046,0.0,other_tissue,0,197.52422661449964
-89.93,-139.13,0.0,other_tissue,0,202.51082405509564
136.99,59.579999999999984,0.0,other_tissue,0,193.9701156260981
329.53999999999996,320.05,0.0,CD8_Tcell,1,154.3273154915545
96.01999999999998,222.41000000000003,0.0,other_tissue,0,112.16684605484505
420.4,186.95999999999998,0.0,CD4_Tcell,1,278.65366845669183
337.88,-283.73,0.0,other_tissue,0,198.682827953217
94.79999999999995,-325.78,0.0,other_tissue,0,252.78089664937363
102.35000000000002,499.8025,0.0,other_tissue,0,975.4484018366953
-51.79000000000002,-340.21000000000004,0.0,other_tissue,0,146.04817417526382
-55.45999999999998,-67.49000000000001,0.0,other_tissue,0,196.84432380706727
114.09000000000003,-54.75999999999999,0.0,other_tissue,0,83.58959746525296
-345.62,-99.14999999999998,0.0,other_tissue,0,83.58959746525296
-289.3,-89.60000000000002,0.0,CD4_Tcell,1,805.3781767025074
231.59000000000003,-323.40999999999997,0.0,other_tissue,0,127.32924646383762
299.51,76.30000000000001,0.0,other_tissue,0,467.5012476941118
455.69000000000005,468.26,0.0,other_tissue,0,172.4185589967515
196.01999999999998,-472.25,0.0,other_tissue,0,228.89595512487546
229.90999999999997,-118.38,0.0,other_tissue,0,192.5153458432562
-254.18,-407.57000000000005,0.0,other_tissue,0,177.36387980749154
489.05999999999995,359.11,0.0,other_tissue,0,207.35185259018255
391.34000000000003,179.87,0.0,CD8_Tcell,1,154.51522811099153
249.65999999999997,-348.75,0.0,CD8_Tcell,1,143.75349773734882
108.90999999999997,304.1,0.0,other_tissue,0,140.05004022010993
-109.98000000000002,-176.26,0.0,other_tissue,0,215.7993399887092
264.26,428.12,0.0,other_tissue,0,159.53999323122875
147.54999999999995,392.97,0.0,other_tissue,0,143.63409380452205
450.40999999999997,-481.35,0.0,other_tissue,0,147.24506396350833
181.92999999999995,-65.46000000000004,0.0,other_tissue,0,83.58959746525296
-322.3,-378.21000000000004,0.0,other_tissue,0,169.31384933661897
-280.8,-103.55999999999995,0.0,other_tissue,0,89.43868256655246
383.85,170.39999999999998,0.0,other_tissue,0,112.26247795228241
-34.48000000000002,-251.98000000000002,0.0,CAF,1,184.24438909228252
-448.42,62.35000000000002,0.0,other_tissue,0,203.24549590960297
458.49,-51.90999999999997,0.0,other_tissue,0,130.4945941665312
-8.939999999999998,-143.97000000000003,0.0,CAF,1,210.9042859016714
-5.389999999999986,-427.25,0.0,other_tissue,0,184.28353782768696
332.87,-422.57000000000005,0.0,other_tissue,0,218.96385350306082
221.77999999999997,404.79,0.0,CAF,1,136.25162673451635
369.9,-29.279999999999973,0.0,CD8_Tcell,1,105.54695452108103
-409.19,-248.48000000000002,0.0,other_tissue,0,193.85670492016578
-102.32999999999998,-459.35,0.0,other_tissue,0,83.58959746525296
214.02999999999997,-118.37,0.0,other_tissue,0,128.98875924452142
411.04999999999995,-25.470000000000027,0.0,other_tissue,0,90.18546933781981
436.61,108.19999999999999,0.0,other_tissue,0,112.792247467381
-83.82,338.46000000000004,0.0,other_tissue,0,84.48447393124961
-312.14,-311.51,0.0,CD8_Tcell,1,105.54695452108103
261.80999999999995,332.07,0.0,other_tissue,0,414.2560633871059
-50.22000000000003,-235.16999999999996,0.0,other_tissue,0,125.86005397710746
-156.05,-492.16999999999996,0.0,other_tissue,0,228.29931505595425
-459.63,427.40999999999997,0.0,other_tissue,0,92.51503250908746
231.30999999999995,91.95999999999998,0.0,apCAF,1,343.95977896086055
-72.56,-135.85000000000002,0.0,other_tissue,0,150.9640356910835
-422.27,-212.22000000000003,0.0,other_tissue,0,86.0961279787181
356.96000000000004,351.78,0.0,other_tissue,0,309.89595821845563
169.52999999999997,-336.4,0.0,other_tissue,0,264.7089310505742
-164.17000000000002,337.78,0.0,other_tissue,0,148.7876875569348
394.08000000000004,381.5,0.0,CD8_Tcell,1,204.09088627422858
-28.70999999999998,429.53,0.0,other_tissue,0,184.08002494858047
253.91999999999996,-334.0,0.0,other_tissue,0,143.9526513140725
317.78999999999996,-63.89999999999998,0.0,other_tissue,0,83.58959746525296
320.48,-298.98,0.0,other_tissue,0,137.12963800354655
-476.28,-417.9,0.0,other_tissue,0,108.49042349064143
105.96000000000004,-448.04999999999995,0.0,other_tissue,0,145.405361361257
-167.89999999999998,-230.73000000000002,0.0,other_tissue,0,243.68931237614206
-96.64999999999998,-288.13,0.0,other_tissue,0,130.54436722608418
-108.54000000000002,284.31,0.0,other_tissue,0,246.53036872296832
-309.98,50.110000000000014,0.0,apCAF,1,255.46807189352631
306.03999999999996,238.36,0.0,other_tissue,0,612.9276286523967
341.86,349.52,0.0,other_tissue,0,99.77492396806403
-299.35,-413.69000000000005,0.0,other_tissue,0,111.21351243129205
98.14999999999998,418.74,0.0,other_tissue,0,162.97128099737182
-396.21,-23.220000000000027,0.0,CD4_Tcell,1,118.68339066665084
219.91999999999996,6.2900000000000205,0.0,other_tissue,0,413.4906303169785
-241.95999999999998,-44.32000000000005,0.0,other_tissue,0,130.76850261842577
-181.74,-156.19000000000005,0.0,other_tissue,0,83.58959746525296
478.74,-426.91999999999996,0.0,other_tissue,0,83.58959746525296
97.02999999999997,-68.14999999999998,0.0,epithelial_tumor_class1,1,2260.0699114927484
74.51999999999998,-176.23000000000002,0.0,other_tissue,0,222.74505171390237
102.07000000000005,74.07,0.0,other_tissue,0,113.99884412950523
-327.49,-371.48,0.0,other_tissue,0,158.5604536830321
139.92999999999995,-243.09000000000003,0.0,other_tissue,0,163.59249938471135
180.10000000000002,490.009,0.0,other_tissue,0,316.09339834302517
370.70000000000005,162.07,0.0,other_tissue,0,272.80482836712196
317.67999999999995,-291.57000000000005,0.0,other_tissue,0,109.09657541393398
-69.88999999999999,-448.89,0.0,other_tissue,0,331.87773220989635
-384.22,9.189999999999998,0.0,CD8_Tcell,1,119.02825870841961
208.19000000000005,-377.28,0.0,other_tissue,0,306.6848745675432
291.27,-302.15,0.0,other_tissue,0,126.14568508684731
-190.06,-190.73000000000002,0.0,other_tissue,0,83.58959746525296
280.21000000000004,-9.480000000000018,0.0,CAF,1,136.25162673451635
78.13999999999999,-181.34000000000003,0.0,other_tissue,0,204.35922092108905
221.86,488.02,0.0,other_tissue,0,118.67171191269856
214.01999999999998,368.61,0.0,other_tissue,0,150.4641400681455
481.16999999999996,210.16000000000003,0.0,other_tissue,0,237.57164345905528
179.65999999999997,-330.91999999999996,0.0,other_tissue,0,135.55394159798036
203.76,485.09,0.0,other_tissue,0,180.43464941061436
246.39,-464.98,0.0,other_tissue,0,194.6190254284599
-190.19,110.25,0.0,other_tissue,0,83.58959746525296
341.90999999999997,434.15999999999997,0.0,CD4_Tcell,1,133.0176820191606
214.11,-248.20000000000005,0.0,other_tissue,0,149.35872710052928
-367.84000000000003,209.60000000000002,0.0,apCAF,1,205.95730337861272
272.95000000000005,-5.4599999999999795,0.0,other_tissue,0,97.56004165770302
121.74000000000001,293.53,0.0,other_tissue,0,83.58959746525296
393.69000000000005,-269.9,0.0,apCAF,1,441.86952276684383
-263.73,266.09000000000003,0.0,other_tissue,0,83.58959746525296
332.79999999999995,-148.74,0.0,CD4_Tcell,1,153.7922534584341
-260.44,-232.10000000000002,0.0,other_tissue,0,112.93342364232774
147.34000000000003,-173.45000000000005,0.0,apCAF,1,296.4209875347953
-51.610000000000014,-475.92999999999995,0.0,other_tissue,0,131.72394030299046
67.64999999999998,406.0,0.0,other_tissue,0,138.20624678520394
305.77,103.86000000000001,0.0,other_tissue,0,270.58347784324855
-165.01,228.83999999999997,0.0,other_tissue,0,194.2943899234005
210.27999999999997,-76.39999999999998,0.0,other_tissue,0,93.01548765794158
281.82000000000005,436.45,0.0,other_tissue,0,159.39778172003116
-85.82999999999998,-5.829999999999984,0.0,CD4_Tcell,1,192.84606809310193
41.23000000000002,-71.89999999999998,0.0,CD8_Tcell,1,207.25868739353294
-500.0251,386.69,0.0,other_tissue,0,676.4905118356263
126.97000000000003,-298.14,0.0,other_tissue,0,167.61012758822068
-320.83000000000004,-104.12,0.0,CD8_Tcell,1,165.94707923973746
-39.94,-79.83000000000004,0.0,CD4_Tcell,1,104.46288755257336
-500.0175,142.61,0.0,other_tissue,0,85.66311439040699
468.4,472.37,0.0,other_tissue,0,135.93074621437725
85.65999999999997,147.7,0.0,other_tissue,0,141.33203469109864
79.28999999999996,-249.54999999999995,0.0,other_tissue,0,107.13752683856724
275.72,-273.91999999999996,0.0,other_tissue,0,234.78156649999866
-87.00999999999999,408.75,0.0,other_tissue,0,160.19525570868413
-348.22,110.83999999999997,0.0,other_tissue,0,205.82240789723934
-151.89,91.97000000000003,0.0,CD4_Tcell,1,135.40724051169406
-70.12,264.18,0.0,other_tissue,0,106.77249608382006
380.80999999999995,-457.96000000000004,0.0,CAF,1,218.85845996902947
353.66999999999996,266.34000000000003,0.0,other_tissue,0,359.6596852941833
165.79999999999995,395.78,0.0,apCAF,1,627.1156455917948
-30.529999999999973,43.629999999999995,0.0,CD8_Tcell,1,116.27642708551724
284.28999999999996,-84.55999999999995,0.0,other_tissue,0,164.72338593764786
-386.47,-222.15999999999997,0.0,other_tissue,0,102.34017104454041
428.99,81.07999999999998,0.0,other_tissue,0,180.16455310813507
-233.83999999999997,-106.66999999999996,0.0,other_tissue,0,185.59429364762065
362.15999999999997,-35.41999999999996,0.0,other_tissue,0,149.61071924558584
309.47,203.85000000000002,0.0,other_tissue,0,83.58959746525296
-23.94999999999999,-293.41999999999996,0.0,other_tissue,0,250.20863040774094
-155.87,-164.40999999999997,0.0,CD8_Tcell,1,156.75397011463096
-374.67,-386.28,0.0,other_tissue,0,238.1564520718862
128.01999999999998,38.329999999999984,0.0,other_tissue,0,101.3067593365901
151.99,416.95,0.0,other_tissue,0,199.6724330412541
-477.02,465.72,0.0,CAF,1,142.08785452226545
13.149999999999977,360.07,0.0,other_tissue,0,157.1197956735186
-166.14,246.42,0.0,other_tissue,0,117.15419925288249
-72.19999999999999,0.7900000000000205,0.0,other_tissue,0,83.58959746525296
-250.88,77.89999999999998,0.0,other_tissue,0,330.67376784400136
80.46000000000004,-197.73000000000002,0.0,CD4_Tcell,1,106.59844599883667
319.63,-414.53,0.0,other_tissue,0,112.5384269328034
48.75999999999999,-314.08000000000004,0.0,other_tissue,0,269.966899908296
-288.41999999999996,-327.80999999999995,0.0,other_tissue,0,95.65101410408934
-193.77999999999997,398.58,0.0,other_tissue,0,187.93279392026233
259.95000000000005,-216.74,0.0,other_tissue,0,187.72660264098036
-375.5,-245.98000000000002,0.0,other_tissue,0,120.7449013862947
-80.05000000000001,466.84000000000003,0.0,other_tissue,0,83.58959746525296
-291.95,-391.17999999999995,0.0,other_tissue,0,477.60848147806087
-141.82999999999998,366.36,0.0,CD4_Tcell,1,104.46288755257336
145.02999999999997,-127.63999999999999,0.0,other_tissue,0,292.6212224368434
361.71000000000004,308.65,0.0,CAF,1,716.0899170702769
-426.22,175.32999999999998,0.0,other_tissue,0,221.3441621443309
-30.339999999999975,254.17,0.0,other_tissue,0,138.72397767339316
-103.45999999999998,-2.5299999999999727,0.0,CAF,1,158.44006388412802
232.28999999999996,256.21000000000004,0.0,other_tissue,0,321.7707773335426
-145.39999999999998,458.57,0.0,apCAF,1,347.49729669768107
-234.82999999999998,-268.04999999999995,0.0,CD8_Tcell,1,202.90298493884768
381.53999999999996,-100.38999999999999,0.0,other_tissue,0,83.58959746525296
-499.2479,379.59000000000003,0.0,other_tissue,0,271.48475816496983
-1.7200000000000273,481.85,0.0,other_tissue,0,109.91568184614867
-199.04000000000002,54.45999999999998,0.0,other_tissue,0,541.6143669908104
378.44000000000005,219.98000000000002,0.0,other_tissue,0,164.27330906809502
134.60000000000002,236.70999999999998,0.0,other_tissue,0,113.39730828834975
-471.61,98.36000000000001,0.0,other_tissue,0,83.58959746525296
305.86,202.12,0.0,other_tissue,0,83.58959746525296
-310.33000000000004,230.82999999999998,0.0,other_tissue,0,122.85404780164204
-176.20999999999998,-365.86,0.0,other_tissue,0,98.39253675187992
-241.67000000000002,-233.5,0.0,CD4_Tcell,1,365.82114126122207
-308.74,-102.90999999999997,0.0,apCAF,1,791.5184868621967
483.98,394.17,0.0,other_tissue,0,141.93647551914202
-104.66000000000003,-6.2900000000000205,0.0,other_tissue,0,213.03612122447853
375.01,-44.190000000000055,0.0,other_tissue,0,157.6484304857448
175.92999999999995,299.16999999999996,0.0,other_tissue,0,283.4571620781728
433.86,9.740000000000009,0.0,other_tissue,0,307.91811648234835
-191.05,-258.30999999999995,0.0,other_tissue,0,182.88546433121107
-447.99,-465.35,0.0,apCAF,1,1187.5064535811648
-133.89,-171.84000000000003,0.0,other_tissue,0,202.14415296778944
-446.0,359.26,0.0,other_tissue,0,171.34963575378515
427.98,-412.48,0.0,other_tissue,0,199.622874917923
-305.2,-249.54999999999995,0.0,other_tissue,0,135.8157149516478
-150.51,-339.84000000000003,0.0,CD4_Tcell,1,104.46288755257336
-188.81,160.48000000000002,0.0,other_tissue,0,269.38151484746857
313.67999999999995,-6.110000000000014,0.0,other_tissue,0,93.43805871037347
-373.0,60.110000000000014,0.0,other_tissue,0,83.58959746525296
-253.52,240.45,0.0,other_tissue,0,122.62711543554008
374.26,166.10000000000002,0.0,other_tissue,0,215.912451486281
187.88,-36.33000000000004,0.0,other_tissue,0,180.5736611330886
433.91999999999996,315.09000000000003,0.0,apCAF,1,475.26324272445686
-79.86000000000001,67.77999999999997,0.0,other_tissue,0,345.5290301295145
-100.48000000000002,-221.57000000000005,0.0,other_tissue,0,133.75623494110397
-163.98000000000002,-177.80999999999995,0.0,other_tissue,0,218.1742262322638
152.09000000000003,-34.299999999999955,0.0,other_tissue,0,160.4307319934459
263.67999999999995,-209.80999999999995,0.0,other_tissue,0,128.08347024089272
-442.83,4.2900000000000205,0.0,other_tissue,0,83.58959746525296
59.34000000000003,-239.97000000000003,0.0,other_tissue,0,224.37497400926875
-302.58000000000004,-357.76,0.0,other_tissue,0,155.70188649592848
-6.610000000000014,-65.84000000000003,0.0,other_tissue,0,130.2521316667773
-198.42000000000002,-89.94000000000005,0.0,other_tissue,0,113.2387661116876
387.45000000000005,-491.91999999999996,0.0,other_tissue,0,126.34649260692723
-468.31,153.99,0.0,other_tissue,0,85.31119033636486
343.36,471.87,0.0,other_tissue,0,83.58959746525296
-418.87,-363.26,0.0,other_tissue,0,676.7141389003442
315.61,102.58999999999997,0.0,other_tissue,0,202.0608804032472
449.29999999999995,-450.29999999999995,0.0,other_tissue,0,134.84692661868573
-46.660000000000025,114.24000000000001,0.0,other_tissue,0,185.40554037241353
-455.44,332.15,0.0,other_tissue,0,254.0493659159068
-213.76999999999998,-483.72,0.0,other_tissue,0,135.62414042703566
-37.68000000000001,-230.0,0.0,other_tissue,0,89.84065720124525
-167.81,-470.15999999999997,0.0,CAF,1,141.04356191634383
-424.06,360.96000000000004,0.0,other_tissue,0,98.2740556729069
-485.93,-371.42999999999995,0.0,other_tissue,0,176.4570976831117
473.64,169.85000000000002,0.0,other_tissue,0,223.23408650146555
-27.819999999999993,488.36,0.0,other_tissue,0,278.83939170529334
219.72000000000003,-270.58000000000004,0.0,other_tissue,0,125.50210654816384
267.83000000000004,-169.75,0.0,other_tissue,0,189.7873281838698
426.89,-110.39999999999998,0.0,other_tissue,0,149.65842529618715
-141.10000000000002,238.57999999999998,0.0,other_tissue,0,317.2167390716266
-281.66999999999996,-408.41999999999996,0.0,other_tissue,0,105.70400166777651
-322.21000000000004,-148.14999999999998,0.0,other_tissue,0,400.4776144965977
374.86,-17.870000000000005,0.0,other_tissue,0,421.6904094486206
45.73000000000002,74.0,0.0,other_tissue,0,160.5378429072515
-360.44,-72.19000000000005,0.0,other_tissue,0,157.13387724212484
-116.24000000000001,-14.389999999999986,0.0,other_tissue,0,99.03812113070497
-241.54000000000002,401.81,0.0,other_tissue,0,96.26424640262518
408.37,85.69,0.0,other_tissue,0,356.1492892918838
-59.27999999999997,282.08000000000004,0.0,other_tissue,0,253.1871204956331
492.34000000000003,174.89,0.0,other_tissue,0,119.77874254618327
458.57000000000005,-243.64999999999998,0.0,other_tissue,0,388.1006409018791
-303.55,344.46000000000004,0.0,other_tissue,0,108.97516487678102
275.66999999999996,500.0594,0.0,other_tissue,0,83.58959746525296
374.79999999999995,176.52999999999997,0.0,other_tissue,0,234.6251619975005
449.72,-133.39999999999998,0.0,other_tissue,0,127.61096630042135
423.23,-493.03,0.0,other_tissue,0,975.4484018366953
489.92999999999995,-163.47000000000003,0.0,other_tissue,0,248.86687787242465
-250.07,-111.46000000000004,0.0,other_tissue,0,117.76893713018703
-350.94,-241.62,0.0,other_tissue,0,154.8845370955072
-160.64,-9.019999999999982,0.0,CD4_Tcell,1,261.17595284669267
279.13,-86.84000000000003,0.0,apCAF,1,648.3617023046356
-498.801,346.97,0.0,other_tissue,0,370.0050118753826
189.90999999999997,-480.44000000000005,0.0,other_tissue,0,376.586273104033
-268.21000000000004,-91.74000000000001,0.0,CD4_Tcell,1,235.66609661608004
126.38,-323.9,0.0,other_tissue,0,271.7484307584874
63.09000000000003,-141.47000000000003,0.0,CD8_Tcell,1,156.7117960499861
418.1,11.490000000000009,0.0,other_tissue,0,231.28379969180156
-183.69,458.97,0.0,apCAF,1,152.77420838337034
43.66999999999996,-186.39999999999998,0.0,other_tissue,0,141.15497072787647
93.70000000000005,-148.65999999999997,0.0,other_tissue,0,103.16768700948255
-302.45,101.36000000000001,0.0,CD4_Tcell,1,104.46288755257336
157.53999999999996,-325.03999999999996,0.0,other_tissue,0,366.8238652290671
139.61,-200.42999999999995,0.0,other_tissue,0,150.34788465880996
-494.394,-46.83000000000004,0.0,other_tissue,0,119.70825106131295
50.72000000000003,86.41000000000003,0.0,other_tissue,0,279.3453897127669
-22.600000000000023,-261.39,0.0,other_tissue,0,166.50995815388904
123.23000000000002,153.31,0.0,other_tissue,0,111.80169550756133
-31.720000000000027,491.752,0.0,other_tissue,0,163.7806198874807
-104.5,35.73000000000002,0.0,other_tissue,0,115.00231254130598
26.480000000000018,-307.46000000000004,0.0,other_tissue,0,137.34193618413303
-65.81,129.89,0.0,other_tissue,0,83.58959746525296
424.41999999999996,285.9,0.0,other_tissue,0,99.14167596030362
-141.87,172.01,0.0,other_tissue,0,192.76536923316505
194.35000000000002,102.37,0.0,CD8_Tcell,1,179.73295989495415
364.09000000000003,-318.27,0.0,other_tissue,0,173.11611300844586
-264.65999999999997,442.29,0.0,other_tissue,0,185.2012021241105
391.78,374.08,0.0,other_tissue,0,181.85126371714
456.1,-422.08000000000004,0.0,other_tissue,0,86.92381813119124
-308.06,71.89999999999998,0.0,other_tissue,0,84.48912957823232
-194.35000000000002,-137.57000000000005,0.0,CD4_Tcell,1,345.93400275314275
82.13,-489.74,0.0,other_tissue,0,122.88392814975147
-366.34000000000003,-152.26999999999998,0.0,other_tissue,0,83.58959746525296
35.700000000000045,-13.870000000000005,0.0,other_tissue,0,145.41873401863927
-194.25,-261.69000000000005,0.0,other_tissue,0,103.81794640670975
225.91999999999996,422.37,0.0,other_tissue,0,151.8845316143083
287.53999999999996,404.28,0.0,other_tissue,0,95.1058707631319
393.80999999999995,-315.14,0.0,other_tissue,0,83.58959746525296
307.70000000000005,85.18,0.0,other_tissue,0,268.53521696516384
382.53999999999996,192.01999999999998,0.0,other_tissue,0,246.61593983248696
1.6000000000000227,-286.65,0.0,other_tissue,0,90.36064024531026
349.92999999999995,347.49,0.0,other_tissue,0,252.38476413873573
-122.75,278.57,0.0,CD4_Tcell,1,157.24656008100456
210.97000000000003,-246.48000000000002,0.0,other_tissue,0,235.47241615188645
177.89,-317.07000000000005,0.0,other_tissue,0,100.2594528839691
308.42999999999995,331.52,0.0,other_tissue,0,83.58959746525296
-22.00999999999999,400.93,0.0,other_tissue,0,310.3945096853611
-312.21000000000004,237.3,0.0,other_tissue,0,153.11305595429025
276.34000000000003,-390.89,0.0,other_tissue,0,94.49255667406962
455.75,-153.92999999999995,0.0,other_tissue,0,161.84125613204463
-359.96000000000004,-240.78999999999996,0.0,other_tissue,0,119.76699204415152
-344.01,-283.05999999999995,0.0,other_tissue,0,161.77663642449448
-324.02,-373.55999999999995,0.0,other_tissue,0,83.58959746525296
-139.73000000000002,-98.87,0.0,apCAF,1,467.7197561363923
359.86,333.21000000000004,0.0,other_tissue,0,158.62421414112472
89.41999999999996,-87.37,0.0,apCAF,1,523.3631914904297
-134.81,218.5,0.0,other_tissue,0,282.383830257681
440.51,-118.99000000000001,0.0,other_tissue,0,171.84990817838462
-483.57,111.70999999999998,0.0,other_tissue,0,97.15578078868039
326.47,119.60000000000002,0.0,CD8_Tcell,1,105.54695452108103
-460.63,31.769999999999982,0.0,other_tissue,0,140.5070015055275
-494.448,32.22000000000003,0.0,other_tissue,0,119.98450076260578
171.67999999999995,-45.23000000000002,0.0,other_tissue,0,173.52952893472093
-106.55000000000001,-133.78999999999996,0.0,other_tissue,0,107.0121241481312
75.90999999999997,284.68,0.0,other_tissue,0,161.0454814947302
326.11,-48.190000000000055,0.0,other_tissue,0,110.08776912678543
390.12,-119.69000000000005,0.0,other_tissue,0,233.08325092456383
156.14,-337.76,0.0,other_tissue,0,183.73595996883898
54.00999999999999,-294.21000000000004,0.0,other_tissue,0,83.58959746525296
200.33000000000004,-182.5,0.0,other_tissue,0,83.58959746525296
487.64,314.12,0.0,other_tissue,0,89.85520891389243
339.71000000000004,224.19,0.0,other_tissue,0,120.09629669401339
323.86,-249.78999999999996,0.0,other_tissue,0,127.62935375331092
-495.882,340.25,0.0,other_tissue,0,112.7414528608284
-177.56,126.42000000000002,0.0,other_tissue,0,150.75161620884936
359.76,-286.40999999999997,0.0,other_tissue,0,122.49586135796321
-108.63,-246.14999999999998,0.0,other_tissue,0,98.77438275630827
158.10000000000002,317.81,0.0,other_tissue,0,83.58959746525296
-106.38,-149.76999999999998,0.0,other_tissue,0,151.99469098381783
-47.44,499.3922,0.0,other_tissue,0,300.7959356757663
-11.95999999999998,-467.95000000000005,0.0,other_tissue,0,165.9543812130379
169.76999999999998,-51.14999999999998,0.0,other_tissue,0,388.73137779876015
-339.86,-322.17999999999995,0.0,other_tissue,0,176.07702077980284
-393.65,-429.53999999999996,0.0,other_tissue,0,205.83083713868496
326.44000000000005,78.82,0.0,other_tissue,0,83.58959746525296
28.039999999999964,-290.14,0.0,other_tissue,0,84.05688567369627
-500.0566,168.63,0.0,CD8_Tcell,1,264.9183263681642
174.17999999999995,-411.5,0.0,CD8_Tcell,1,153.3484688810581
55.710000000000036,452.59000000000003,0.0,other_tissue,0,104.18156912931192
-292.31,284.7,0.0,apCAF,1,1261.5548628996441
33.51999999999998,-93.45000000000005,0.0,other_tissue,0,91.84891500011048
-13.860000000000014,102.49000000000001,0.0,other_tissue,0,192.46697920437936
128.24,-111.85000000000002,0.0,other_tissue,0,83.58959746525296
488.04999999999995,-127.49000000000001,0.0,other_tissue,0,189.42821006062212
-352.03,118.05000000000001,0.0,other_tissue,0,327.8720164359049
-299.11,66.83999999999997,0.0,other_tissue,0,208.0557266126924
-237.39,415.94,0.0,other_tissue,0,167.09611409120606
394.12,-486.53999999999996,0.0,other_tissue,0,115.83344417619152
-137.88,-224.5,0.0,CD8_Tcell,1,105.54695452108103
59.91999999999996,-221.91999999999996,0.0,other_tissue,0,84.49844138530455
139.24,-130.60000000000002,0.0,other_tissue,0,975.4484018366953
229.62,232.56,0.0,other_tissue,0,148.31970966929393
396.14,189.92000000000002,0.0,other_tissue,0,178.3656884323663
270.92999999999995,485.25,0.0,other_tissue,0,206.70028219543184
-227.69,-433.52,0.0,other_tissue,0,123.650515637444
-53.94999999999999,367.28999999999996,0.0,other_tissue,0,305.24660536842543
-142.12,-466.38,0.0,other_tissue,0,116.9690392942776
396.85,498.0,0.0,other_tissue,0,271.8701833609673
-234.12,97.26999999999998,0.0,other_tissue,0,236.9507554466797
348.47,138.5,0.0,other_tissue,0,156.85943837841938
423.91999999999996,36.31,0.0,other_tissue,0,121.00499573363625
-132.32999999999998,-8.300000000000011,0.0,other_tissue,0,225.75274786490527
107.64999999999998,-204.84000000000003,0.0,CAF,1,155.75087869839237
-186.2,331.77,0.0,other_tissue,0,139.75029148823245
327.0,131.14,0.0,CD8_Tcell,1,323.3971428892952
149.35000000000002,354.1,0.0,apCAF,1,541.0682984585551
-149.3,298.61,0.0,other_tissue,0,117.13104357968292
-90.98000000000002,-157.64,0.0,other_tissue,0,122.74054665439428
297.75,-53.190000000000055,0.0,CD8_Tcell,1,149.12061672914083
-374.45,-1.589999999999975,0.0,CD4_Tcell,1,482.8576400423136
35.84000000000003,41.54000000000002,0.0,other_tissue,0,106.41915506017402
297.42999999999995,-49.379999999999995,0.0,other_tissue,0,83.58959746525296
-324.4,-138.36,0.0,other_tissue,0,173.38663819691675
345.75,352.09000000000003,0.0,other_tissue,0,94.42735942015467
-154.13,-109.77999999999997,0.0,other_tissue,0,101.63289895847225
214.80999999999995,-256.5,0.0,other_tissue,0,83.58959746525296
-2.009999999999991,474.24,0.0,other_tissue,0,135.06959322932917
229.65999999999997,237.79000000000002,0.0,other_tissue,0,168.2725495650652
-497.314,-447.52,0.0,other_tissue,0,327.5616912247788
-52.97000000000003,-390.0,0.0,other_tissue,0,223.7594826468975
-156.3,-87.59000000000003,0.0,CD8_Tcell,1,156.2413660797253
-90.72000000000003,381.72,0.0,other_tissue,0,356.6841148153645
216.15999999999997,-447.07000000000005,0.0,other_tissue,0,151.21782971853486
214.15999999999997,152.99,0.0,other_tissue,0,104.60507818955308
406.57000000000005,473.94,0.0,other_tissue,0,86.03014069395559
-72.00999999999999,-357.76,0.0,other_tissue,0,111.263847096541
-79.89999999999998,-406.75,0.0,other_tissue,0,297.58346366878607
-204.32999999999998,-138.65999999999997,0.0,other_tissue,0,239.5993504433513
-325.85,213.3,0.0,other_tissue,0,110.50485206891199
421.79999999999995,-224.95000000000005,0.0,other_tissue,0,196.28029249271523
-267.95,339.39,0.0,CD4_Tcell,1,109.25675431101479
322.1,-9.579999999999984,0.0,other_tissue,0,83.58959746525296
-314.05,203.89999999999998,0.0,other_tissue,0,284.6273630447479
-329.97,-123.92999999999995,0.0,CD4_Tcell,1,121.79346034390997
28.66999999999996,137.32999999999998,0.0,other_tissue,0,480.4804014883413
356.75,-294.63,0.0,other_tissue,0,176.99774607722873
-75.82,43.910000000000025,0.0,other_tissue,0,97.87809391496432
-113.56,-41.92999999999995,0.0,other_tissue,0,83.58959746525296
-74.19,-79.52999999999997,0.0,other_tissue,0,110.744454068374
-501.939,-316.23,0.0,other_tissue,0,538.3594624206436
-269.99,-428.53,0.0,other_tissue,0,237.8778522341991
121.94000000000005,-325.84000000000003,0.0,other_tissue,0,163.90369969688135
184.34000000000003,84.56,0.0,other_tissue,0,130.87443345024212
214.47000000000003,212.10000000000002,0.0,other_tissue,0,149.6175337748836
295.29999999999995,362.34000000000003,0.0,apCAF,1,331.437483931637
152.01,-140.19000000000005,0.0,other_tissue,0,160.59498821662098
487.38,9.300000000000011,0.0,mesenchymal_tumor_class1,1,456.99226375768836
149.39999999999998,43.860000000000014,0.0,other_tissue,0,117.42070887664795
352.11,233.45999999999998,0.0,other_tissue,0,260.34693833724816
259.77,10.310000000000002,0.0,other_tissue,0,94.11182829190847
-378.5,-205.64999999999998,0.0,other_tissue,0,133.66139628185144
-251.85,140.33999999999997,0.0,other_tissue,0,95.49432519860757
361.63,-244.01,0.0,other_tissue,0,95.2570911360273
477.03999999999996,-198.55999999999995,0.0,other_tissue,0,379.9249938245399
-68.39999999999998,-444.21000000000004,0.0,other_tissue,0,497.65025615070977
176.89,-494.17999999999995,0.0,other_tissue,0,433.769489852949
17.129999999999995,-328.27,0.0,other_tissue,0,196.1006832186581
400.03999999999996,353.96000000000004,0.0,other_tissue,0,110.93973443987318
382.37,498.575,0.0,apCAF,1,660.7019200478095
173.66999999999996,-343.83000000000004,0.0,other_tissue,0,88.20641304069744
418.47,226.42000000000002,0.0,other_tissue,0,94.65819216016025
-264.26,-405.57000000000005,0.0,other_tissue,0,126.27953310655366
-46.35000000000002,-256.67999999999995,0.0,apCAF,1,482.61956412908575
-200.32,-261.53999999999996,0.0,other_tissue,0,147.84595325506623
-42.139999999999986,484.06,0.0,other_tissue,0,195.97012713547485
-67.41000000000003,93.29000000000002,0.0,other_tissue,0,377.12874093614266
-86.35000000000002,-272.28999999999996,0.0,other_tissue,0,150.47782111378797
129.45000000000005,-341.86,0.0,other_tissue,0,161.31044917966867
-334.77,257.61,0.0,other_tissue,0,113.48797022249401
-188.60000000000002,-181.91999999999996,0.0,other_tissue,0,149.27025653954928
-156.17000000000002,303.98,0.0,other_tissue,0,139.90662871193794
-194.89999999999998,63.85000000000002,0.0,other_tissue,0,179.7714669492049
134.10000000000002,-120.60000000000002,0.0,other_tissue,0,83.58959746525296
287.83000000000004,360.35,0.0,other_tissue,0,469.7624524660874
-229.23000000000002,-168.40999999999997,0.0,other_tissue,0,257.3026650674819
-485.56,-42.33000000000004,0.0,other_tissue,0,115.53492424640271
-154.76999999999998,-496.69000000000005,0.0,other_tissue,0,239.55271461325248
494.55999999999995,231.64,0.0,other_tissue,0,137.44494746063398
224.52999999999997,-377.85,0.0,other_tissue,0,313.1628288341032
85.76999999999998,-114.02999999999997,0.0,other_tissue,0,83.58959746525296
-20.879999999999995,270.28,0.0,other_tissue,0,105.53111501392765
231.84000000000003,247.67,0.0,other_tissue,0,154.81481116448833
-248.37,268.18,0.0,other_tissue,0,134.18039534796046
-297.33000000000004,188.24,0.0,CD4_Tcell,1,342.8096506944522
-215.91000000000003,-439.72,0.0,other_tissue,0,258.55676229337456
462.38,390.68,0.0,other_tissue,0,149.82206588766383
370.17999999999995,62.589999999999975,0.0,other_tissue,0,118.99900672806966
-9.649999999999977,417.42,0.0,other_tissue,0,261.5317828353617
-157.94,-331.95000000000005,0.0,other_tissue,0,117.6760090388943
328.13,63.81999999999999,0.0,other_tissue,0,265.83697890940664
-111.60000000000002,-59.690000000000055,0.0,other_tissue,0,107.39955229819701
-4.160000000000025,-234.15999999999997,0.0,other_tissue,0,83.58959746525296
469.80999999999995,9.0,0.0,other_tissue,0,135.79654938620575
379.87,370.72,0.0,other_tissue,0,145.5926531828633
-19.430000000000007,317.26,0.0,other_tissue,0,160.11681484830373
-73.56,279.31,0.0,other_tissue,0,208.9399353472801
221.34000000000003,-54.450000000000045,0.0,CD4_Tcell,1,112.58352272386861
8.279999999999973,41.30000000000001,0.0,other_tissue,0,542.3698312418766
-491.456,171.24,0.0,other_tissue,0,160.53070069689664
228.48000000000002,-85.63,0.0,other_tissue,0,93.0800334728469
23.940000000000055,-458.66999999999996,0.0,other_tissue,0,149.19542412721862
-283.65,476.59,0.0,other_tissue,0,114.01589961184223
177.60000000000002,-327.5,0.0,other_tissue,0,118.17607277823546
97.74000000000001,-299.70000000000005,0.0,other_tissue,0,154.2438476985603
-411.3,-309.42999999999995,0.0,other_tissue,0,227.0371489799331
118.62,-338.32000000000005,0.0,apCAF,1,356.6841148153645
141.47000000000003,-239.79999999999995,0.0,other_tissue,0,107.28486365451029
77.42999999999995,115.69,0.0,other_tissue,0,198.15637809602995
-50.860000000000014,113.92000000000002,0.0,other_tissue,0,151.43755650584848
345.67999999999995,238.05,0.0,other_tissue,0,120.01979724230581
-78.19,-442.25,0.0,other_tissue,0,89.64678446456554
-236.26999999999998,-87.79999999999995,0.0,CD8_Tcell,1,122.63905227145459
-164.23000000000002,125.88999999999999,0.0,other_tissue,0,108.99723281654526
172.07000000000005,281.53999999999996,0.0,other_tissue,0,216.21717888205475
-499.8956,359.15,0.0,other_tissue,0,422.670166696474
-335.87,-100.54999999999995,0.0,CD8_Tcell,1,196.19863832432515
-32.98000000000002,-17.850000000000023,0.0,other_tissue,0,265.2575814341923
262.34000000000003,-162.47000000000003,0.0,other_tissue,0,83.58959746525296
221.64,-488.38,0.0,other_tissue,0,250.6409299577871
-34.56,-301.35,0.0,other_tissue,0,102.83827041831583
-465.68,-354.16999999999996,0.0,other_tissue,0,241.70423286695484
-169.81,-262.90999999999997,0.0,other_tissue,0,137.174652656214
-285.72,152.60000000000002,0.0,other_tissue,0,201.65317539799568
-14.060000000000002,97.58999999999997,0.0,other_tissue,0,131.09894637568343
330.77,397.12,0.0,other_tissue,0,144.65113721610675
403.45000000000005,185.61,0.0,other_tissue,0,341.0951720783873
-102.13999999999999,161.63,0.0,other_tissue,0,214.2285815428264
183.61,-49.90999999999997,0.0,other_tissue,0,110.57725339765946
329.97,-173.14999999999998,0.0,other_tissue,0,203.7725440905151
322.78999999999996,303.88,0.0,other_tissue,0,122.28724113385711
75.94000000000005,310.03999999999996,0.0,other_tissue,0,83.58959746525296
-282.14,45.829999999999984,0.0,CD4_Tcell,1,254.69004645013703
-48.22000000000003,250.3,0.0,CD8_Tcell,1,222.20350359919306
88.54999999999995,436.37,0.0,other_tissue,0,174.80396067774234
117.82000000000005,-265.90999999999997,0.0,other_tissue,0,331.37958552773625
178.0,196.95,0.0,other_tissue,0,83.58959746525296
391.98,-146.76999999999998,0.0,other_tissue,0,153.00235681734193
432.03999999999996,-162.59000000000003,0.0,other_tissue,0,230.51934610612972
-108.83999999999997,441.48,0.0,other_tissue,0,178.31972184335638
-229.97000000000003,265.81,0.0,other_tissue,0,202.2524415010468
-159.39,-347.29999999999995,0.0,other_tissue,0,137.53512456927007
-42.879999999999995,500.102,0.0,other_tissue,0,370.9279764115287
-452.45,66.74000000000001,0.0,other_tissue,0,225.9051845415777
-454.37,-450.12,0.0,other_tissue,0,92.3568477551265
480.77,492.872,0.0,CD8_Tcell,1,164.44017728632613
-252.01,-72.95000000000005,0.0,other_tissue,0,152.10490360498162
100.85000000000002,34.69999999999999,0.0,other_tissue,0,216.46116713168084
-258.65,-262.28999999999996,0.0,apCAF,1,782.05968504081
-293.32,53.26999999999998,0.0,CD4_Tcell,1,146.4844858993227
248.12,-133.47000000000003,0.0,other_tissue,0,83.58959746525296
2.6499999999999773,-127.53999999999996,0.0,other_tissue,0,202.28576882848188
342.25,204.26,0.0,other_tissue,0,94.45243173679401
191.61,-250.47000000000003,0.0,other_tissue,0,114.74518590272196
-266.26,326.26,0.0,other_tissue,0,138.54909920873763
455.35,365.88,0.0,other_tissue,0,166.86881569898958
-55.00999999999999,466.23,0.0,other_tissue,0,160.33080480154283
286.65999999999997,-62.289999999999964,0.0,other_tissue,0,103.17300593678782
-222.45999999999998,348.33000000000004,0.0,other_tissue,0,138.7434176926577
-384.83,-25.600000000000023,0.0,other_tissue,0,105.73103225213562
-387.67,26.639999999999986,0.0,other_tissue,0,100.91316903190454
-366.65,-221.35000000000002,0.0,other_tissue,0,342.75043531928196
-292.06,-233.99,0.0,other_tissue,0,83.58959746525296
2.259999999999991,360.93,0.0,apCAF,1,166.99343766225132
134.38,64.94999999999999,0.0,other_tissue,0,144.04565256262387
-499.5795,-332.02,0.0,other_tissue,0,492.6259698340166
-421.84000000000003,20.329999999999984,0.0,other_tissue,0,147.13047287314
-61.68000000000001,-232.58000000000004,0.0,other_tissue,0,182.82314622597352
-338.57,441.8,0.0,other_tissue,0,91.102751567184
123.32000000000005,-177.70000000000005,0.0,other_tissue,0,186.72160484203846
228.02999999999997,87.14999999999998,0.0,other_tissue,0,98.52142850111534
-405.08,194.57999999999998,0.0,other_tissue,0,626.4072938687308
-463.83,314.09000000000003,0.0,CD8_Tcell,1,141.08287597707573
97.51999999999998,-379.88,0.0,other_tissue,0,157.81784370999148
91.80999999999995,-454.86,0.0,other_tissue,0,170.5452719295457
-140.20999999999998,-152.24,0.0,other_tissue,0,376.586273104033
-15.639999999999986,-92.71000000000004,0.0,CAF,1,152.42206163566055
79.75999999999999,-10.870000000000005,0.0,other_tissue,0,148.27906237769986
163.74,-205.13,0.0,other_tissue,0,173.55209780406278
-9.550000000000011,-288.55999999999995,0.0,other_tissue,0,146.182331527036
-191.42000000000002,-164.48000000000002,0.0,other_tissue,0,83.58959746525296
426.12,315.46000000000004,0.0,other_tissue,0,172.67336101606054
28.74000000000001,6.819999999999993,0.0,other_tissue,0,83.58959746525296
429.77,281.23,0.0,CD8_Tcell,1,259.41147846257775
194.08000000000004,93.94,0.0,other_tissue,0,128.89618801277058
-2.329999999999984,-478.01,0.0,other_tissue,0,83.58959746525296
-386.29,209.82999999999998,0.0,other_tissue,0,129.65038675492877
257.37,-199.73000000000002,0.0,other_tissue,0,184.26787766812015
-8.199999999999989,-221.94000000000005,0.0,CD8_Tcell,1,147.30575391537604
327.33000000000004,-278.19000000000005,0.0,other_tissue,0,205.57805999095115
-198.14,494.706,0.0,other_tissue,0,162.76936374249414
-366.47,-243.07000000000005,0.0,other_tissue,0,217.22044453761714
-317.48,-265.58000000000004,0.0,other_tissue,0,126.76094956846553
347.53,-415.44000000000005,0.0,other_tissue,0,212.69992540876106
-429.84000000000003,-232.86,0.0,other_tissue,0,124.78221094710003
51.879999999999995,-241.47000000000003,0.0,other_tissue,0,363.4146745361978
-298.93,148.32,0.0,other_tissue,0,245.00293913413012
-53.620000000000005,169.81,0.0,other_tissue,0,83.58959746525296
-426.1,357.96000000000004,0.0,other_tissue,0,146.16891209636563
378.08000000000004,62.70999999999998,0.0,other_tissue,0,115.67263886250075
-47.89999999999998,-170.51999999999998,0.0,CD4_Tcell,1,104.46288755257336
-236.01999999999998,-434.14,0.0,other_tissue,0,168.8332854472602
-339.97,-468.45000000000005,0.0,other_tissue,0,199.27619763902985
-174.42000000000002,-1.759999999999991,0.0,other_tissue,0,133.9397168688098
271.28999999999996,-170.14,0.0,other_tissue,0,148.95069292139294
-235.5,-292.05999999999995,0.0,CD8_Tcell,1,105.54695452108103
304.57000000000005,474.31,0.0,other_tissue,0,128.10190305342908
-277.7,286.95,0.0,other_tissue,0,97.65230832029435
430.05999999999995,-89.90999999999997,0.0,other_tissue,0,120.78625507712718
-286.61,278.53999999999996,0.0,other_tissue,0,83.58959746525296
301.37,307.76,0.0,other_tissue,0,93.23407090114989
-403.8,-114.00999999999999,0.0,other_tissue,0,132.8854096909609
386.1,210.51,0.0,other_tissue,0,408.4916923842417
-47.670000000000016,-458.46000000000004,0.0,CD8_Tcell,1,154.74510616275973
-41.629999999999995,-259.69000000000005,0.0,other_tissue,0,108.3474800456519
-105.82999999999998,372.76,0.0,other_tissue,0,93.45299631853734
-436.54,-13.049999999999955,0.0,other_tissue,0,244.662267408077
168.0,-491.69000000000005,0.0,other_tissue,0,112.30187158609476
483.36,-451.46000000000004,0.0,other_tissue,0,229.41207097184179
-97.99000000000001,-83.88,0.0,other_tissue,0,88.21599600696
56.75,-294.59000000000003,0.0,other_tissue,0,102.49366804304591
-21.060000000000002,-239.11,0.0,other_tissue,0,219.96678012110073
-310.16999999999996,-456.87,0.0,other_tissue,0,166.09315940674333
487.85,-433.13,0.0,other_tissue,0,607.0493515421095
8.279999999999973,-64.16999999999996,0.0,other_tissue,0,112.06564796416305
-45.76999999999998,31.70999999999998,0.0,CD8_Tcell,1,120.06686998222278
-374.26,-129.64,0.0,other_tissue,0,83.58959746525296
-5.5,-74.5,0.0,other_tissue,0,133.66139628185144
473.61,-448.17999999999995,0.0,other_tissue,0,135.15872846175782
-276.03999999999996,-358.41999999999996,0.0,other_tissue,0,141.9759553229636
139.55999999999995,318.41999999999996,0.0,other_tissue,0,140.3828710247062
-97.57,444.09000000000003,0.0,other_tissue,0,232.32397302894017
-482.3,-467.98,0.0,other_tissue,0,100.58334207119277
463.87,-103.99000000000001,0.0,other_tissue,0,186.6347269730084
292.14,-442.48,0.0,other_tissue,0,111.53255516128085
-323.96000000000004,-19.730000000000018,0.0,other_tissue,0,168.75204932332184
-106.61000000000001,352.13,0.0,other_tissue,0,148.52305755584882
-259.69,-197.92999999999995,0.0,other_tissue,0,92.6684461330425
-357.0,-239.03999999999996,0.0,other_tissue,0,97.09447194882001
10.829999999999984,-81.0,0.0,other_tissue,0,376.2081154037393
491.52,-251.69000000000005,0.0,other_tissue,0,236.39565531495467
-348.93,239.75,0.0,other_tissue,0,95.24700479443479
334.13,355.77,0.0,other_tissue,0,83.58959746525296
185.49,218.77999999999997,0.0,other_tissue,0,128.16335853406522
44.139999999999986,220.05,0.0,other_tissue,0,634.5141850771993
119.85000000000002,185.07999999999998,0.0,other_tissue,0,207.19094841790815
-151.16000000000003,-109.63,0.0,other_tissue,0,117.11367882725322
165.14999999999998,-229.20000000000005,0.0,CD4_Tcell,1,173.53705167375637
-43.94999999999999,20.350000000000023,0.0,CD8_Tcell,1,150.24535609942788
97.67999999999995,73.42000000000002,0.0,other_tissue,0,205.95730337861272
356.85,5.420000000000016,0.0,other_tissue,0,327.57318125779346
-484.06,-113.86000000000001,0.0,other_tissue,0,219.9932141997603
355.71000000000004,73.95999999999998,0.0,other_tissue,0,209.89495792759408
-167.98000000000002,230.07,0.0,other_tissue,0,350.14527178570006
473.17999999999995,435.08,0.0,CD4_Tcell,1,126.5657982779855
119.21000000000004,-398.17999999999995,0.0,other_tissue,0,230.50116539110786
460.90999999999997,442.43,0.0,other_tissue,0,83.58959746525296
216.87,-451.87,0.0,other_tissue,0,130.4883734237861
-130.07,91.91000000000003,0.0,other_tissue,0,123.8066172653766
291.49,-97.58000000000004,0.0,other_tissue,0,124.74598677512961
-236.47000000000003,498.974,0.0,CAF,1,228.57038639212746
-217.60000000000002,-389.87,0.0,other_tissue,0,167.06677367528422
90.17999999999995,273.58000000000004,0.0,other_tissue,0,94.78380237064893
-31.930000000000007,424.96,0.0,other_tissue,0,271.51517321739124
372.90999999999997,34.05000000000001,0.0,other_tissue,0,133.58555763994988
25.840000000000032,73.69999999999999,0.0,other_tissue,0,83.58959746525296
89.64999999999998,-300.83000000000004,0.0,other_tissue,0,99.94146702312554
-30.29000000000002,350.95,0.0,other_tissue,0,115.4833094589625
296.12,-315.48,0.0,other_tissue,0,93.81696898868329
463.91999999999996,-479.98,0.0,other_tissue,0,155.51301281110116
108.07000000000005,58.81,0.0,other_tissue,0,563.8091046156071
-246.32,-208.22000000000003,0.0,apCAF,1,378.30376654507245
275.86,-62.01999999999998,0.0,other_tissue,0,97.26313335000411
-34.30000000000001,496.12,0.0,other_tissue,0,83.58959746525296
-425.98,110.63999999999999,0.0,other_tissue,0,136.8597568778991
-281.97,-372.91999999999996,0.0,other_tissue,0,135.9818920617542
-206.45999999999998,370.96000000000004,0.0,other_tissue,0,179.85620182767883
173.60000000000002,-218.08000000000004,0.0,other_tissue,0,83.58959746525296
205.27999999999997,-158.38,0.0,other_tissue,0,91.38699312360686
380.74,58.01999999999998,0.0,other_tissue,0,83.58959746525296
425.49,271.26,0.0,other_tissue,0,108.58395445559127
-279.16999999999996,-407.72,0.0,other_tissue,0,91.43605996450495
-214.12,-144.04999999999995,0.0,other_tissue,0,104.9328756382001
-469.7,306.56,0.0,other_tissue,0,101.57498447616429
-230.16000000000003,-150.83000000000004,0.0,other_tissue,0,110.77233722271846
77.22000000000003,-449.73,0.0,other_tissue,0,126.16393151753823
213.77999999999997,329.57,0.0,other_tissue,0,83.58959746525296
467.53,500.3187,0.0,other_tissue,0,727.6281316641594
-228.31,-463.98,0.0,other_tissue,0,83.76954364398149
257.96000000000004,348.74,0.0,other_tissue,0,379.7220876057699
-471.83,-17.870000000000005,0.0,other_tissue,0,83.58959746525296
-454.17,324.26,0.0,CAF,1,197.93456127547813
-59.370000000000005,420.42,0.0,other_tissue,0,171.95456555452125
-235.20999999999998,381.59000000000003,0.0,other_tissue,0,231.9586455358458
0.6000000000000227,-165.63,0.0,other_tissue,0,166.50995815388904
236.05999999999995,-480.30999999999995,0.0,other_tissue,0,123.20095776122439
-294.36,-12.120000000000005,0.0,other_tissue,0,121.23584592747243
-206.10000000000002,425.81,0.0,other_tissue,0,118.98730727798353
-166.35000000000002,79.79000000000002,0.0,CD8_Tcell,1,146.07499907632183
-52.60000000000002,-355.5,0.0,other_tissue,0,100.49446444157215
-430.33,-206.66999999999996,0.0,other_tissue,0,113.32368103024868
-196.32999999999998,313.3,0.0,other_tissue,0,109.73823156667882
-129.69,-462.87,0.0,other_tissue,0,92.50019502149915
-233.20999999999998,245.93,0.0,CD4_Tcell,1,339.3511262636805
24.789999999999964,190.75,0.0,CAF,1,309.11044087788673
491.52,305.78,0.0,other_tissue,0,175.26549071348666
-256.81,457.85,0.0,other_tissue,0,121.11742457102244
-320.13,-262.59000000000003,0.0,other_tissue,0,130.7498148779166
92.84000000000003,-275.55999999999995,0.0,other_tissue,0,215.18227418741506
-202.89999999999998,158.97000000000003,0.0,other_tissue,0,624.886144334287
-227.11,-199.23000000000002,0.0,CD4_Tcell,1,177.21126278724827
260.40999999999997,-283.13,0.0,other_tissue,0,196.69708117232253
262.40999999999997,-25.58000000000004,0.0,other_tissue,0,146.92839836098406
41.75,-337.23,0.0,other_tissue,0,95.47917084378267
98.34000000000003,128.64,0.0,other_tissue,0,232.77202171024888
-64.66000000000003,-4.339999999999975,0.0,other_tissue,0,195.94565432272344
41.14999999999998,-189.71000000000004,0.0,other_tissue,0,129.85489562852976
44.24000000000001,463.54,0.0,other_tissue,0,151.4787789599837
-6.180000000000007,408.62,0.0,other_tissue,0,83.58959746525296
-46.110000000000014,487.87,0.0,other_tissue,0,239.99133039836897
74.28999999999996,-186.65999999999997,0.0,other_tissue,0,207.69935064952014
-103.32,24.120000000000005,0.0,CD8_Tcell,1,105.54695452108103
-10.629999999999995,37.35000000000002,0.0,other_tissue,0,187.686967770188
277.78999999999996,-241.75,0.0,other_tissue,0,143.21670075230065
338.9,38.81,0.0,other_tissue,0,84.98827268459846
270.33000000000004,433.9,0.0,CD8_Tcell,1,114.82513974230406
-236.97000000000003,63.589999999999975,0.0,other_tissue,0,191.25241789520612
310.53999999999996,-127.96000000000004,0.0,other_tissue,0,99.87899167698906
381.79999999999995,-138.72000000000003,0.0,other_tissue,0,126.5657982779855
497.27,102.87,0.0,CAF,1,563.0833189038623
-389.58,-159.99,0.0,apCAF,1,241.76053116499338
186.84000000000003,-408.26,0.0,other_tissue,0,248.47484615772387
79.29999999999995,-489.96000000000004,0.0,other_tissue,0,105.62293755741582
383.54999999999995,-176.86,0.0,other_tissue,0,83.58959746525296
307.23,-130.0,0.0,other_tissue,0,101.63289895847225
93.78999999999996,-297.88,0.0,other_tissue,0,92.83194367463142
491.51,425.84000000000003,0.0,other_tissue,0,133.8194856304339
-164.36,-370.37,0.0,other_tissue,0,196.01907887391698
-478.43,-386.14,0.0,other_tissue,0,144.03236421829988
-80.80000000000001,-69.74000000000001,0.0,other_tissue,0,138.38083668955716
274.20000000000005,174.64999999999998,0.0,other_tissue,0,144.76443749351947
-30.25999999999999,-315.21000000000004,0.0,other_tissue,0,143.27627875782812
-12.610000000000014,-21.16999999999996,0.0,other_tissue,0,162.92078603777486
281.16999999999996,499.1855,0.0,other_tissue,0,137.31619140962127
-450.1,-321.53999999999996,0.0,other_tissue,0,206.09225778721645
-45.56999999999999,9.670000000000016,0.0,other_tissue,0,115.08238576544589
161.58000000000004,-254.89,0.0,other_tissue,0,121.29508554102243
-59.93000000000001,-205.23000000000002,0.0,other_tissue,0,285.4337415993418
305.71000000000004,109.67000000000002,0.0,other_tissue,0,247.36791391514225
-249.95,-19.5,0.0,other_tissue,0,83.58959746525296
-202.61,-221.13,0.0,CD8_Tcell,1,105.54695452108103
45.75,287.32,0.0,other_tissue,0,119.11018975534684
-47.910000000000025,162.57999999999998,0.0,other_tissue,0,169.29904917497203
-19.720000000000027,397.32,0.0,other_tissue,0,97.12512314372313
300.48,-245.67999999999995,0.0,other_tissue,0,121.94204933975048
-394.87,273.98,0.0,other_tissue,0,297.9716300278122
456.4,-288.04999999999995,0.0,other_tissue,0,119.56735107289695
119.91999999999996,487.88,0.0,other_tissue,0,95.86357558441965
-27.100000000000023,-362.03999999999996,0.0,other_tissue,0,138.86009594848338
-116.27999999999997,-217.47000000000003,0.0,other_tissue,0,107.99067087185435
299.89,-332.9,0.0,other_tissue,0,167.18415594972947
-176.37,145.97000000000003,0.0,other_tissue,0,263.3853225064214
-437.63,-174.23000000000002,0.0,CD4_Tcell,1,126.00585422787697
-198.24,445.72,0.0,other_tissue,0,83.58959746525296
-147.58999999999997,-106.0,0.0,other_tissue,0,324.5148739626553
-44.29000000000002,-382.70000000000005,0.0,other_tissue,0,175.72024649190575
25.480000000000018,-290.15,0.0,other_tissue,0,83.58959746525296
180.01,-352.19000000000005,0.0,other_tissue,0,133.78785779385765
487.61,-418.37,0.0,other_tissue,0,140.93221174102638
173.47000000000003,405.96,0.0,other_tissue,0,110.08221512255905
69.96000000000004,-394.47,0.0,apCAF,1,438.3160795680227
36.14999999999998,-130.94000000000005,0.0,CD4_Tcell,1,104.46288755257336
-76.58999999999997,-311.71000000000004,0.0,apCAF,1,188.56817550302776
26.720000000000027,205.58999999999997,0.0,other_tissue,0,209.3488752195304
-122.16000000000003,331.86,0.0,other_tissue,0,135.85405149220358
-360.25,214.67000000000002,0.0,other_tissue,0,222.31884180997977
208.38,-85.30999999999995,0.0,other_tissue,0,162.67567316570836
-346.77,182.22000000000003,0.0,other_tissue,0,152.62223549776937
351.91999999999996,66.42000000000002,0.0,other_tissue,0,263.9022969974356
-299.75,363.52,0.0,other_tissue,0,98.8157224806979
341.4,129.94,0.0,other_tissue,0,131.1925691577144
364.4,-20.08000000000004,0.0,other_tissue,0,102.62611616587868
409.47,336.63,0.0,other_tissue,0,217.4127265723238
493.91999999999996,250.58,0.0,other_tissue,0,282.0717196517206
-265.03999999999996,-91.71000000000004,0.0,CD8_Tcell,1,427.09785678103606
348.30999999999995,-272.46000000000004,0.0,other_tissue,0,108.1387886435037
-470.88,-446.30999999999995,0.0,other_tissue,0,238.0171249778735
-448.5,-269.26,0.0,other_tissue,0,113.87950337515436
-498.404,-193.51999999999998,0.0,other_tissue,0,205.24134583968294
467.58000000000004,394.15999999999997,0.0,other_tissue,0,298.9435223774465
-383.74,-362.47,0.0,other_tissue,0,83.58959746525296
68.13999999999999,202.31,0.0,other_tissue,0,93.21915663154486
133.54999999999995,429.03,0.0,other_tissue,0,269.74475757389536
79.38999999999999,-362.89,0.0,other_tissue,0,161.6402735333083
-75.73000000000002,481.08,0.0,other_tissue,0,171.28996669950266
426.15,458.57,0.0,other_tissue,0,83.58959746525296
414.21000000000004,158.05,0.0,other_tissue,0,95.90916540541917
-311.84000000000003,-9.259999999999991,0.0,other_tissue,0,168.3241443017604
-42.20999999999998,491.436,0.0,other_tissue,0,268.5956079481505
-62.589999999999975,328.34000000000003,0.0,other_tissue,0,184.65180704484274
236.10000000000002,-68.73000000000002,0.0,other_tissue,0,147.51492472597639
-390.02,253.32,0.0,other_tissue,0,121.69248880496667
-240.01,83.52999999999997,0.0,other_tissue,0,230.42845209025873
398.15,-179.60000000000002,0.0,other_tissue,0,127.37209009962811
337.40999999999997,-370.26,0.0,other_tissue,0,179.08686331481445
-496.063,-280.23,0.0,other_tissue,0,196.73797453626074
179.83000000000004,296.38,0.0,other_tissue,0,100.04043959351871
-330.02,116.68,0.0,CD4_Tcell,1,126.31605353685313
-32.139999999999986,-460.15999999999997,0.0,other_tissue,0,123.57851300976324
-374.40999999999997,-132.47000000000003,0.0,other_tissue,0,83.58959746525296
-27.089999999999975,254.37,0.0,other_tissue,0,83.58959746525296
225.59000000000003,-130.44000000000005,0.0,other_tissue,0,83.58959746525296
34.98000000000002,383.65999999999997,0.0,CD4_Tcell,1,271.7585754200462
422.1,343.44,0.0,other_tissue,0,141.7917788560887
-473.79,-491.47,0.0,other_tissue,0,199.11949938904405
-231.56,63.75,0.0,apCAF,1,641.7907630324479
422.28999999999996,290.32,0.0,other_tissue,0,116.11521195828418
114.08000000000004,-394.62,0.0,other_tissue,0,147.29226581851609
237.21000000000004,10.230000000000018,0.0,other_tissue,0,251.52629142452653
186.89,-480.25,0.0,other_tissue,0,241.23542023597614
205.38,-84.40999999999997,0.0,other_tissue,0,153.59799250351992
123.75999999999999,-342.15999999999997,0.0,other_tissue,0,101.23321159881164
335.16999999999996,-489.29999999999995,0.0,other_tissue,0,126.956301357902
-363.15999999999997,-450.02,0.0,other_tissue,0,91.84399276458099
121.12,435.69,0.0,other_tissue,0,308.8783593981841
231.73000000000002,-284.32000000000005,0.0,other_tissue,0,86.20460889855951
413.28,118.00999999999999,0.0,other_tissue,0,107.30124274513167
-313.24,-177.83000000000004,0.0,CD4_Tcell,1,492.7768075628169
300.11,127.52999999999997,0.0,other_tissue,0,296.8296610605532
152.91999999999996,80.67000000000002,0.0,other_tissue,0,320.7726523311945
231.79999999999995,-92.24000000000001,0.0,other_tissue,0,83.58959746525296
-432.08,128.33999999999997,0.0,other_tissue,0,87.3229865842585
-194.99,-126.60000000000002,0.0,other_tissue,0,301.5673090745336
-190.12,117.82,0.0,other_tissue,0,106.5440941629761
492.0,-88.02999999999997,0.0,other_tissue,0,83.58959746525296
258.53,254.74,0.0,other_tissue,0,107.82077659049376
249.92999999999995,-345.33000000000004,0.0,other_tissue,0,138.2773582679047
-414.06,187.11,0.0,other_tissue,0,488.56497715534874
148.89999999999998,-372.11,0.0,other_tissue,0,260.01188421647197
-207.42000000000002,-388.1,0.0,other_tissue,0,105.48252463090203
-112.77999999999997,475.43,0.0,other_tissue,0,421.02449677749854
-378.19,197.94,0.0,other_tissue,0,161.05979664863244
-480.47,-224.60000000000002,0.0,other_tissue,0,142.35137865138486
314.15,-390.67999999999995,0.0,other_tissue,0,126.20651336484643
372.02,217.07999999999998,0.0,other_tissue,0,318.3652852067752
-147.87,-377.74,0.0,other_tissue,0,92.5546068995293
-149.61,395.19,0.0,other_tissue,0,83.58959746525296
338.1,299.11,0.0,other_tissue,0,398.3269577959947
124.35000000000002,-145.67999999999995,0.0,other_tissue,0,172.45601415063865
-419.84000000000003,32.420000000000016,0.0,other_tissue,0,89.47253764990022
474.17999999999995,197.05,0.0,CD8_Tcell,1,105.54695452108103
387.53999999999996,-304.24,0.0,CAF,1,136.25162673451635
176.20000000000005,-450.53999999999996,0.0,other_tissue,0,158.6950791392469
445.74,-128.09000000000003,0.0,other_tissue,0,142.69444686592217
-321.7,-296.05999999999995,0.0,other_tissue,0,83.58959746525296
-334.03999999999996,-30.33000000000004,0.0,other_tissue,0,186.74530348458438
267.96000000000004,317.76,0.0,other_tissue,0,284.08365574514886
-321.09000000000003,-409.85,0.0,other_tissue,0,159.22013620575856
-417.03,194.57,0.0,CAF,1,368.5364269484108
50.50999999999999,-160.92999999999995,0.0,other_tissue,0,106.48976080533515
155.97000000000003,207.77999999999997,0.0,other_tissue,0,83.58959746525296
357.77,104.98000000000002,0.0,other_tissue,0,129.65038675492877
217.99,-372.34000000000003,0.0,other_tissue,0,88.16329828075067
387.45000000000005,78.29000000000002,0.0,other_tissue,0,93.4330798613997
392.36,92.49000000000001,0.0,other_tissue,0,83.58959746525296
-462.0,425.01,0.0,other_tissue,0,117.18314813567186
37.450000000000045,-26.16999999999996,0.0,CAF,1,179.4481785826237
214.03999999999996,-6.899999999999977,0.0,other_tissue,0,152.94011200683966
-98.07999999999998,60.81,0.0,other_tissue,0,126.69994325705471
-1.1200000000000045,-413.78,0.0,other_tissue,0,90.75560381282857
-60.089999999999975,-245.07000000000005,0.0,other_tissue,0,130.4945941665312
-68.06,-466.37,0.0,other_tissue,0,132.0309111085524
226.19000000000005,178.11,0.0,other_tissue,0,131.29248257655277
464.40999999999997,-65.88999999999999,0.0,other_tissue,0,194.2943899234005
425.97,345.32,0.0,other_tissue,0,83.58959746525296
269.58000000000004,-348.84000000000003,0.0,other_tissue,0,222.8605772317995
163.62,-326.39,0.0,other_tissue,0,260.7809648946877
-150.20999999999998,-461.99,0.0,other_tissue,0,249.5179855299219
315.88,-357.77,0.0,other_tissue,0,83.58959746525296
151.62,-310.82000000000005,0.0,CD4_Tcell,1,251.08335053028972
-163.52999999999997,452.75,0.0,other_tissue,0,124.19744599965601
87.96000000000004,263.65,0.0,other_tissue,0,83.58959746525296
416.65999999999997,-17.24000000000001,0.0,other_tissue,0,141.78520407268738
268.87,1.829999999999984,0.0,other_tissue,0,120.50877564182674
-226.52999999999997,-418.15999999999997,0.0,other_tissue,0,149.53577307940532
115.58000000000004,65.39999999999998,0.0,other_tissue,0,148.5027144086499
78.80999999999995,-85.5,0.0,other_tissue,0,177.40968199420897
-83.38999999999999,114.88999999999999,0.0,other_tissue,0,507.32412921336265
-20.19999999999999,242.38,0.0,other_tissue,0,115.53492424640271
129.51999999999998,-0.9399999999999977,0.0,other_tissue,0,112.83741103485195
126.01999999999998,170.54000000000002,0.0,other_tissue,0,368.71046229484136
96.48000000000002,233.77999999999997,0.0,other_tissue,0,211.1099681294932
-61.860000000000014,468.74,0.0,CD4_Tcell,1,189.22092622518937
283.15999999999997,-56.039999999999964,0.0,other_tissue,0,485.19791472803314
456.12,-150.04999999999995,0.0,other_tissue,0,105.1589698580524
495.04999999999995,-253.67999999999995,0.0,other_tissue,0,278.09699355742185
37.91999999999996,-93.53999999999996,0.0,other_tissue,0,88.03882345452281
-97.73000000000002,-215.42999999999995,0.0,other_tissue,0,103.01351762690955
-7.579999999999984,-244.71000000000004,0.0,other_tissue,0,269.4521198221698
312.07000000000005,215.13,0.0,other_tissue,0,87.37058787691174
-91.99000000000001,-127.51999999999998,0.0,other_tissue,0,146.40387072888726
83.84000000000003,-462.17999999999995,0.0,other_tissue,0,156.65557573175508
396.37,162.24,0.0,other_tissue,0,361.36216038247596
-493.702,345.98,0.0,other_tissue,0,256.23792531737405
133.96000000000004,-124.44000000000005,0.0,other_tissue,0,83.58959746525296
-3.2099999999999795,129.88,0.0,other_tissue,0,95.64089997399134
-484.08,458.76,0.0,other_tissue,0,157.486189955226
-335.64,200.06,0.0,apCAF,1,437.81398869182624
85.63,-214.39999999999998,0.0,other_tissue,0,91.03912321505841
-201.86,418.75,0.0,other_tissue,0,138.10285542927335
-354.06,-148.82000000000005,0.0,CAF,1,168.29466030387653
-250.24,-49.99000000000001,0.0,other_tissue,0,121.20623335511775
-332.31,183.26999999999998,0.0,other_tissue,0,212.17479024304507
29.710000000000036,-352.22,0.0,other_tissue,0,276.47246321838367
33.32000000000005,-309.78,0.0,other_tissue,0,274.7520676268129
341.57000000000005,-139.25,0.0,other_tissue,0,283.9060555830534
49.690000000000055,430.46,0.0,other_tissue,0,105.60672971038237
-482.51,-476.66999999999996,0.0,other_tissue,0,177.1502405012169
-398.59000000000003,15.800000000000011,0.0,other_tissue,0,133.00508087460477
209.54999999999995,-460.46000000000004,0.0,other_tissue,0,116.83029742921809
80.78999999999996,-344.53,0.0,other_tissue,0,160.51641691169644
-222.68,-382.49,0.0,other_tissue,0,118.53746130450922
321.69000000000005,47.97000000000003,0.0,other_tissue,0,96.90049745525157
-137.5,-123.46000000000004,0.0,CD4_Tcell,1,134.89780025233713
39.48000000000002,-21.860000000000014,0.0,CD4_Tcell,1,146.6256336460614
141.49,61.0,0.0,other_tissue,0,631.6261445096337
-316.56,-88.05999999999995,0.0,CD4_Tcell,1,235.41709837381765
349.83000000000004,-472.39,0.0,other_tissue,0,83.58959746525296
484.99,-420.71000000000004,0.0,other_tissue,0,176.89867164578004
-460.6,-304.34000000000003,0.0,other_tissue,0,174.35078782895212
-83.5,73.94999999999999,0.0,other_tissue,0,169.34345224752957
-17.060000000000002,-214.44000000000005,0.0,CD4_Tcell,1,185.44485341270536
-56.19999999999999,-343.96000000000004,0.0,other_tissue,0,180.58138609933977
414.0,228.51999999999998,0.0,other_tissue,0,88.73931801484754
156.47000000000003,347.72,0.0,other_tissue,0,218.26186869431908
-291.06,-330.13,0.0,other_tissue,0,148.33326041705126
315.70000000000005,-66.73000000000002,0.0,other_tissue,0,101.39085750337844
-382.93,-221.76,0.0,other_tissue,0,100.53628268371637
-79.24000000000001,-135.62,0.0,other_tissue,0,234.68955543644734
-252.7,190.06,0.0,other_tissue,0,129.40897141688262
248.71000000000004,-451.71000000000004,0.0,other_tissue,0,155.68089298317085
-274.34000000000003,58.70999999999998,0.0,other_tissue,0,83.58959746525296
-124.00999999999999,-288.24,0.0,other_tissue,0,110.15998818244776
481.59000000000003,-491.65999999999997,0.0,other_tissue,0,238.80736412107098
258.21000000000004,327.78999999999996,0.0,other_tissue,0,214.80913083429726
82.98000000000002,-130.10000000000002,0.0,other_tissue,0,178.00582816538835
42.32000000000005,433.11,0.0,other_tissue,0,107.37770054378228
335.26,61.910000000000025,0.0,other_tissue,0,139.41196046730244
41.66999999999996,-255.89,0.0,other_tissue,0,116.882312764359
-140.08999999999997,-73.60000000000002,0.0,other_tissue,0,113.19915367054308
283.73,229.32999999999998,0.0,other_tissue,0,134.21208501656218
122.26999999999998,412.90999999999997,0.0,other_tissue,0,156.11514254721206
322.03999999999996,-71.66999999999996,0.0,other_tissue,0,83.58959746525296
336.4,98.04000000000002,0.0,other_tissue,0,83.58959746525296
-166.41000000000003,-286.35,0.0,other_tissue,0,168.29466030387653
-58.860000000000014,265.48,0.0,other_tissue,0,215.11281947574906
481.07000000000005,325.28999999999996,0.0,CD4_Tcell,1,418.1379618645867
-58.410000000000025,-149.61,0.0,other_tissue,0,267.05846411374876
248.51,187.91000000000003,0.0,other_tissue,0,108.97516487678102
329.87,-295.90999999999997,0.0,other_tissue,0,247.2726429400235
461.80999999999995,-182.03999999999996,0.0,other_tissue,0,131.7489812902442
335.80999999999995,-138.29999999999995,0.0,other_tissue,0,153.3900373708076
-360.26,78.13999999999999,0.0,apCAF,1,143.93936869008613
-219.64,-206.09000000000003,0.0,other_tissue,0,157.47913854527116
154.69000000000005,-171.28999999999996,0.0,other_tissue,0,236.34019303242025
-212.89999999999998,-445.86,0.0,other_tissue,0,230.5648020761258
448.26,-269.82000000000005,0.0,other_tissue,0,119.30932166339278
19.50999999999999,-118.88,0.0,other_tissue,0,249.42216326537536
-486.52,-479.63,0.0,other_tissue,0,151.21782971853486
19.720000000000027,-154.08000000000004,0.0,other_tissue,0,105.90413712085946
-100.82,443.45,0.0,other_tissue,0,100.53105476913565
246.48000000000002,374.7,0.0,other_tissue,0,121.43733934069816
-273.02,484.3,0.0,other_tissue,0,112.0375481896381
-500.1416,-484.41999999999996,0.0,other_tissue,0,143.07113516323528
-290.65,-324.88,0.0,apCAF,1,221.55657605649253
384.03,-289.82000000000005,0.0,other_tissue,0,139.80239094861724
-278.21000000000004,217.93,0.0,other_tissue,0,481.0591325685321
-167.82,-477.45000000000005,0.0,other_tissue,0,218.96385350306082
132.20000000000005,-357.03999999999996,0.0,other_tissue,0,163.55633888778547
422.61,233.73000000000002,0.0,apCAF,1,333.7356858215702
-314.4,-318.08000000000004,0.0,CD4_Tcell,1,211.81372466092978
433.80999999999995,161.2,0.0,CD8_Tcell,1,127.93607139246072
206.76,475.05,0.0,other_tissue,0,179.52511681823836
-365.07,-115.79999999999995,0.0,other_tissue,0,249.91111340025637
-29.899999999999977,-299.5,0.0,other_tissue,0,103.38058672641922
-463.89,-202.04999999999995,0.0,other_tissue,0,83.58959746525296
490.05999999999995,-316.23,0.0,other_tissue,0,109.72160540162956
-53.54000000000002,487.63,0.0,other_tissue,0,246.4733323149143
122.12,93.95999999999998,0.0,apCAF,1,373.5680975247635
-349.57,14.389999999999986,0.0,CD4_Tcell,1,134.13603819283264
483.99,134.07999999999998,0.0,other_tissue,0,306.7728538762385
259.82000000000005,-121.66999999999996,0.0,other_tissue,0,83.58959746525296
197.13,-92.65999999999997,0.0,other_tissue,0,326.1275519921939
490.24,259.96000000000004,0.0,other_tissue,0,83.58959746525296
-15.45999999999998,-84.32000000000005,0.0,other_tissue,0,192.90257069382477
453.99,-298.03,0.0,other_tissue,0,138.79526662277794
439.37,-267.98,0.0,other_tissue,0,113.33500622571955
414.69000000000005,-98.51999999999998,0.0,other_tissue,0,465.68298999260037
73.91999999999996,170.19,0.0,CD4_Tcell,1,125.10854411274045
29.799999999999955,73.17000000000002,0.0,other_tissue,0,101.98084820203435
283.59000000000003,325.33000000000004,0.0,other_tissue,0,126.32214095971453
-54.110000000000014,-495.89,0.0,other_tissue,0,83.58959746525296
-18.899999999999977,99.38999999999999,0.0,other_tissue,0,280.8774261944333
469.46000000000004,-428.90999999999997,0.0,other_tissue,0,292.4187753979507
-63.860000000000014,-201.86,0.0,other_tissue,0,83.58959746525296
-288.12,11.930000000000007,0.0,CD4_Tcell,1,104.46288755257336
315.67999999999995,-275.41999999999996,0.0,other_tissue,0,83.58959746525296
-327.76,-121.63,0.0,other_tissue,0,107.48698896193478
-479.97,107.50999999999999,0.0,other_tissue,0,151.21782971853486
-119.66000000000003,-288.67999999999995,0.0,other_tissue,0,144.6444743355359
-60.110000000000014,344.52,0.0,other_tissue,0,83.58959746525296
148.07000000000005,47.69,0.0,other_tissue,0,118.18771899205805
436.17999999999995,-257.76,0.0,other_tissue,0,295.52966331023435
-319.1,43.30000000000001,0.0,CD4_Tcell,1,303.933059420944
-163.75,203.31,0.0,other_tissue,0,103.21556393674108
-172.61,-170.84000000000003,0.0,CD8_Tcell,1,148.38069453377372
389.28999999999996,243.33999999999997,0.0,other_tissue,0,102.68442946981143
-248.41,391.34000000000003,0.0,other_tissue,0,201.22110907763255
-181.67000000000002,-4.740000000000009,0.0,CD8_Tcell,1,136.09061958224302
-140.73000000000002,-481.38,0.0,apCAF,1,272.3880376372192
310.23,-351.30999999999995,0.0,other_tissue,0,152.60842478060306
341.90999999999997,398.28,0.0,other_tissue,0,83.58959746525296
-142.58999999999997,94.20999999999998,0.0,other_tissue,0,118.75347928137617
-83.87,-473.67999999999995,0.0,other_tissue,0,83.58959746525296
-124.45999999999998,-300.07000000000005,0.0,other_tissue,0,306.28917583549304
299.28999999999996,-251.79999999999995,0.0,other_tissue,0,318.2187479780374
187.47000000000003,33.339999999999975,0.0,other_tissue,0,327.57318125779346
-56.24000000000001,-296.95000000000005,0.0,other_tissue,0,133.56660246286498
221.32000000000005,-178.54999999999995,0.0,other_tissue,0,162.82703735830742
362.65999999999997,-287.45000000000005,0.0,other_tissue,0,83.58959746525296
110.27999999999997,-482.38,0.0,other_tissue,0,111.07936087855222
319.80999999999995,376.13,0.0,other_tissue,0,102.36662510299516
274.73,369.22,0.0,other_tissue,0,209.83518393361518
65.83000000000004,61.860000000000014,0.0,CD8_Tcell,1,105.54695452108103
-240.02999999999997,-411.59000000000003,0.0,other_tissue,0,111.61661506667144
-326.14,-443.9,0.0,other_tissue,0,241.24479054258506
-268.09000000000003,280.22,0.0,other_tissue,0,95.8483821885359
-277.23,-407.51,0.0,other_tissue,0,106.44630742142944
325.70000000000005,232.79000000000002,0.0,other_tissue,0,404.59045335545756
257.40999999999997,100.72000000000003,0.0,other_tissue,0,534.6714985002561
54.129999999999995,-137.65999999999997,0.0,other_tissue,0,167.25020763481083
-184.36,-48.440000000000055,0.0,other_tissue,0,132.26929816306733
316.37,-54.66999999999996,0.0,other_tissue,0,129.63799918354795
195.94000000000005,144.55,0.0,other_tissue,0,88.09625880562416
334.12,115.77999999999997,0.0,other_tissue,0,280.2763678436312
-35.00999999999999,-3.0400000000000205,0.0,other_tissue,0,174.88712745165947
-99.37,-70.39999999999998,0.0,CD4_Tcell,1,104.46288755257336
355.9,448.15,0.0,other_tissue,0,103.50313658712417
339.63,-382.04999999999995,0.0,other_tissue,0,156.75397011463096
-481.17,-268.36,0.0,other_tissue,0,100.295986147141
-389.52,132.64999999999998,0.0,other_tissue,0,94.92461767455934
395.76,-261.36,0.0,other_tissue,0,83.58959746525296
114.33000000000004,-271.80999999999995,0.0,other_tissue,0,129.42134439434983
477.96000000000004,-164.45000000000005,0.0,other_tissue,0,111.5157482463413
-139.56,106.45999999999998,0.0,other_tissue,0,134.3959834915943
-118.17000000000002,-224.37,0.0,other_tissue,0,105.3853886150067
-48.81,-268.48,0.0,other_tissue,0,186.74530348458438
75.59000000000003,-119.86000000000001,0.0,CD4_Tcell,1,104.46288755257336
180.69000000000005,-50.26999999999998,0.0,other_tissue,0,159.88164591224293
391.82000000000005,-57.67999999999995,0.0,other_tissue,0,83.82973843480585
28.16999999999996,498.915,0.0,other_tissue,0,127.52518153770252
415.47,262.31,0.0,other_tissue,0,719.462756691677
364.35,-245.64999999999998,0.0,other_tissue,0,88.42219769726586
-382.77,-473.63,0.0,other_tissue,0,110.43804812992369
-309.84000000000003,-460.48,0.0,other_tissue,0,154.67542208717984
-31.49000000000001,480.15,0.0,other_tissue,0,83.58959746525296
379.85,187.63,0.0,apCAF,1,722.8851219624821
208.35000000000002,500.0131,0.0,other_tissue,0,248.78078683279648
309.23,395.06,0.0,other_tissue,0,83.58959746525296
448.11,476.76,0.0,CAF,1,137.9995156505532
-406.85,-373.9,0.0,other_tissue,0,174.09433788942522
359.4,18.680000000000007,0.0,CD4_Tcell,1,116.71476305086675
-155.05,-2.6999999999999886,0.0,other_tissue,0,239.56204129510883
-194.54000000000002,301.2,0.0,other_tissue,0,332.5620478646544
-1.910000000000025,162.39,0.0,other_tissue,0,118.42663502663866
-306.37,130.36,0.0,CD4_Tcell,1,104.46288755257336
-151.77999999999997,301.99,0.0,other_tissue,0,83.58959746525296
291.76,-154.14999999999998,0.0,other_tissue,0,83.58959746525296
-161.95999999999998,-89.04999999999995,0.0,CD4_Tcell,1,197.30288188798426
-256.28,-107.15999999999997,0.0,apCAF,1,512.0297353445872
-106.05000000000001,-75.94000000000005,0.0,other_tissue,0,87.40391907253803
327.87,-410.27,0.0,other_tissue,0,160.5378429072515
200.21000000000004,-77.61000000000001,0.0,other_tissue,0,123.59051150609059
-419.14,-448.97,0.0,other_tissue,0,206.35389969135161
-23.139999999999986,-248.26,0.0,CD8_Tcell,1,105.54695452108103
189.33000000000004,-452.05999999999995,0.0,other_tissue,0,83.58959746525296
317.47,-399.80999999999995,0.0,other_tissue,0,224.446408257064
427.39,-105.20000000000005,0.0,other_tissue,0,100.82933525378789
480.13,-106.92999999999995,0.0,other_tissue,0,114.48274176470223
119.09000000000003,-244.76999999999998,0.0,other_tissue,0,121.21215548378224
-151.66000000000003,-16.039999999999964,0.0,CD4_Tcell,1,104.46288755257336
-260.23,70.37,0.0,CD4_Tcell,1,230.3830140435985
-52.01999999999998,-428.28,0.0,other_tissue,0,144.5112596871261
-34.99000000000001,-405.95000000000005,0.0,other_tissue,0,311.7265937452799
-498.518,88.73000000000002,0.0,CAF,1,136.25162673451635
-212.20999999999998,422.63,0.0,other_tissue,0,104.53530807881782
-304.62,-403.96000000000004,0.0,other_tissue,0,88.7056481563469
-190.06,288.78999999999996,0.0,CAF,1,136.25162673451635
-41.75999999999999,27.810000000000002,0.0,other_tissue,0,300.47039897710357
93.60000000000002,115.82,0.0,CD8_Tcell,1,105.54695452108103
-166.49,274.91999999999996,0.0,other_tissue,0,92.7229239654458
-446.99,-477.16999999999996,0.0,other_tissue,0,148.57731503101678
327.08000000000004,196.63,0.0,apCAF,1,271.626714511372
252.60000000000002,241.95999999999998,0.0,other_tissue,0,156.51508376601856
185.24,-39.16999999999996,0.0,other_tissue,0,142.35137865138486
-141.66000000000003,-280.75,0.0,other_tissue,0,108.42443398064593
35.620000000000005,14.339999999999975,0.0,CD8_Tcell,1,177.57769080763552
-10.259999999999991,-155.42999999999995,0.0,other_tissue,0,141.3845265092625
-34.31999999999999,-457.57000000000005,0.0,other_tissue,0,101.2227076858813
-177.77999999999997,-192.02999999999997,0.0,other_tissue,0,170.7982254689409
129.16999999999996,406.95,0.0,other_tissue,0,247.9209681785245
-232.14,-372.75,0.0,CD4_Tcell,1,104.46288755257336
449.65,-198.92999999999995,0.0,other_tissue,0,155.23348079991104
421.16999999999996,-98.37,0.0,other_tissue,0,259.34263861902815
-494.997,267.77,0.0,other_tissue,0,169.8546457346101
115.38999999999999,293.1,0.0,other_tissue,0,279.80027657827804
261.53,117.94,0.0,other_tissue,0,292.9837292540021
119.92999999999995,333.56,0.0,other_tissue,0,163.5780345464353
-167.2,-103.55999999999995,0.0,other_tissue,0,136.6607861984223
337.36,470.96,0.0,other_tissue,0,155.35922871560376
326.64,-212.14,0.0,other_tissue,0,220.45174144748268
-409.37,-279.57000000000005,0.0,other_tissue,0,172.53094073068496
-80.31,3.819999999999993,0.0,CD4_Tcell,1,310.49428409958773
410.08000000000004,58.0,0.0,other_tissue,0,191.8389498988975
414.78,-456.01,0.0,other_tissue,0,303.28861683696357
392.12,475.23,0.0,other_tissue,0,88.23037175771141
-36.75,209.39,0.0,other_tissue,0,302.12220729133776
43.809999999999945,-280.63,0.0,other_tissue,0,150.55992480340097
-4.149999999999977,-240.38,0.0,other_tissue,0,118.31005043663973
-162.02999999999997,99.38,0.0,other_tissue,0,145.6328080575649
99.77999999999997,434.04,0.0,other_tissue,0,86.98076756253103
399.76,141.55,0.0,other_tissue,0,130.65640288104467
-4.560000000000002,-474.9,0.0,other_tissue,0,165.59683635533133
349.95000000000005,365.65,0.0,other_tissue,0,203.30401188695285
-93.25999999999999,8.019999999999982,0.0,other_tissue,0,219.29782290489385
-182.75,-305.67999999999995,0.0,other_tissue,0,120.44979234511936
110.5,487.51,0.0,other_tissue,0,123.32073313468331
336.55999999999995,-425.0,0.0,other_tissue,0,229.92896206349485
72.73000000000002,404.98,0.0,other_tissue,0,473.8803671683219
-170.49,-455.66999999999996,0.0,other_tissue,0,84.04296692241705
-387.45,205.81,0.0,other_tissue,0,86.13385014389898
-127.86000000000001,-14.309999999999945,0.0,other_tissue,0,199.0535457614737
7.720000000000027,208.93,0.0,other_tissue,0,161.59722749303208
473.1,155.64999999999998,0.0,other_tissue,0,270.13863885656497
239.40999999999997,173.47000000000003,0.0,other_tissue,0,149.43361410392592
217.58000000000004,489.95,0.0,other_tissue,0,262.6309595565254
27.529999999999973,-336.37,0.0,other_tissue,0,156.95791809708956
-160.16000000000003,416.14,0.0,other_tissue,0,116.01740408495641
-319.21000000000004,-145.04999999999995,0.0,other_tissue,0,187.47303586574446
-347.65,-237.48000000000002,0.0,other_tissue,0,165.81568034442375
366.97,258.58000000000004,0.0,other_tissue,0,256.65760873687054
-245.85,233.39999999999998,0.0,other_tissue,0,243.57612644558887
148.46000000000004,-298.03,0.0,other_tissue,0,128.26172818038086
166.28999999999996,-181.70000000000005,0.0,other_tissue,0,125.10854411274045
-416.19,124.48000000000002,0.0,other_tissue,0,127.62322440610605
243.53999999999996,-30.17999999999995,0.0,other_tissue,0,83.58959746525296
-150.37,-336.14,0.0,CD4_Tcell,1,104.46288755257336
295.45000000000005,-81.89999999999998,0.0,CD8_Tcell,1,105.54695452108103
348.09000000000003,-208.99,0.0,other_tissue,0,155.1008205212454
90.57000000000005,473.79,0.0,other_tissue,0,165.18884292565082
-265.96000000000004,-240.17999999999995,0.0,other_tissue,0,83.58959746525296
-235.44,-55.360000000000014,0.0,other_tissue,0,406.24609377269104
-56.27999999999997,483.84,0.0,CD4_Tcell,1,104.46288755257336
-132.23000000000002,172.57999999999998,0.0,other_tissue,0,83.58959746525296
-144.39,-31.289999999999964,0.0,other_tissue,0,137.43850774733846
-132.3,98.04000000000002,0.0,other_tissue,0,83.58959746525296
295.57000000000005,5.810000000000002,0.0,apCAF,1,627.4522996480196
138.12,23.19999999999999,0.0,other_tissue,0,111.57738185672659
66.96000000000004,477.08,0.0,other_tissue,0,252.2785551419837
-466.22,-446.27,0.0,other_tissue,0,167.33096109519187
-1.0400000000000205,-425.65,0.0,other_tissue,0,169.81756820278306
391.57000000000005,315.78,0.0,other_tissue,0,129.11225648441126
183.80999999999995,-358.25,0.0,other_tissue,0,102.51485208019132
-160.81,338.12,0.0,other_tissue,0,223.86644366506187
266.52,-221.42999999999995,0.0,other_tissue,0,125.57485436195503
-367.49,30.089999999999975,0.0,other_tissue,0,259.30330703409135
293.57000000000005,235.92000000000002,0.0,other_tissue,0,234.72635697657896
108.70000000000005,-302.17999999999995,0.0,other_tissue,0,234.21148540193138
-30.5,-443.1,0.0,other_tissue,0,237.23789734521122
461.85,8.54000000000002,0.0,other_tissue,0,170.0252718946392
91.65999999999997,-77.86000000000001,0.0,other_tissue,0,229.3486465789044
-360.31,-125.72000000000003,0.0,other_tissue,0,135.01867641025186
393.69000000000005,-206.37,0.0,other_tissue,0,119.59669611458828
-28.00999999999999,-494.66999999999996,0.0,other_tissue,0,442.09400243205096
462.61,276.77,0.0,other_tissue,0,299.54932067784245
128.23000000000002,-114.64999999999998,0.0,other_tissue,0,83.58959746525296
386.03999999999996,227.47000000000003,0.0,other_tissue,0,127.97905103534642
322.32000000000005,150.51,0.0,other_tissue,0,97.3808006678618
478.41999999999996,251.97,0.0,other_tissue,0,83.58959746525296
-172.8,-251.38,0.0,CD4_Tcell,1,171.26013736770116
219.83000000000004,434.55,0.0,other_tissue,0,139.26248839861097
253.71000000000004,-472.87,0.0,other_tissue,0,119.8022458559119
-330.18,-140.15999999999997,0.0,other_tissue,0,141.01080577866662
-232.88,-34.07000000000005,0.0,other_tissue,0,154.00057188071108
381.91999999999996,-323.6,0.0,other_tissue,0,603.2607822200772
-15.899999999999977,423.67,0.0,other_tissue,0,206.17663422229575
-46.410000000000025,322.09000000000003,0.0,other_tissue,0,83.58959746525296
-305.48,-91.84000000000003,0.0,other_tissue,0,200.21811384483024
185.90999999999997,130.42000000000002,0.0,other_tissue,0,115.54066017194391
-430.23,-331.65999999999997,0.0,other_tissue,0,505.6648194203985
457.64,-321.87,0.0,other_tissue,0,83.58959746525296
-242.02999999999997,-259.53,0.0,other_tissue,0,89.09095439978074
196.25,-1.1999999999999886,0.0,other_tissue,0,158.51087402991678
-254.87,-0.38999999999998636,0.0,other_tissue,0,362.4550506506971
-2.3500000000000227,-121.67999999999995,0.0,other_tissue,0,96.64566169667417
259.41999999999996,-338.57000000000005,0.0,other_tissue,0,227.3972919137924
81.86000000000001,-320.09000000000003,0.0,other_tissue,0,147.57568880240325
-470.28,-188.78999999999996,0.0,other_tissue,0,205.18245869031762
93.57000000000005,-484.89,0.0,other_tissue,0,122.96761889883157
339.92999999999995,-290.63,0.0,other_tissue,0,598.6460312312043
253.42999999999995,289.14,0.0,other_tissue,0,216.99334833745826
66.21000000000004,-204.85000000000002,0.0,other_tissue,0,179.87931596019826
-352.8,123.99000000000001,0.0,other_tissue,0,140.78165480737474
-484.56,421.90999999999997,0.0,other_tissue,0,211.9168444233774
-130.97000000000003,140.20999999999998,0.0,other_tissue,0,275.1303496529252
139.21000000000004,-331.88,0.0,CD4_Tcell,1,211.23858740495254
339.92999999999995,233.82,0.0,other_tissue,0,258.00759454321434
-29.149999999999977,-248.23000000000002,0.0,other_tissue,0,268.76676490136356
55.639999999999986,409.93,0.0,other_tissue,0,129.44609271523018
477.16999999999996,195.7,0.0,other_tissue,0,83.58959746525296
-11.550000000000011,306.61,0.0,CD8_Tcell,1,141.39108890025582
181.01999999999998,362.94,0.0,other_tissue,0,222.87835393297954
208.30999999999995,252.28,0.0,other_tissue,0,102.71624603492799
437.83000000000004,287.24,0.0,other_tissue,0,298.17663162487065
-262.40999999999997,-223.53999999999996,0.0,other_tissue,0,217.13308110376326
-125.11000000000001,-18.67999999999995,0.0,other_tissue,0,167.55132991190055
436.64,-266.20000000000005,0.0,other_tissue,0,90.63357894102884
94.45000000000005,95.13,0.0,other_tissue,0,83.58959746525296
41.66999999999996,74.48000000000002,0.0,other_tissue,0,133.74358719538483
5.649999999999977,-66.84000000000003,0.0,other_tissue,0,124.86072070872815
-397.65999999999997,-120.73000000000002,0.0,other_tissue,0,267.36943653877427
-445.64,45.56999999999999,0.0,other_tissue,0,83.58959746525296
-61.589999999999975,353.57,0.0,other_tissue,0,96.11196171288101
-118.45999999999998,-466.44000000000005,0.0,other_tissue,0,146.6256336460614
160.45000000000005,-415.78,0.0,other_tissue,0,122.32298776533446
-345.63,-487.17999999999995,0.0,other_tissue,0,236.42338970977772
370.70000000000005,126.31,0.0,other_tissue,0,128.1264828876544
-453.7,-66.25,0.0,other_tissue,0,228.75121977004562
-274.41999999999996,-307.70000000000005,0.0,other_tissue,0,245.3723568754428
122.30999999999995,-248.49,0.0,other_tissue,0,108.85384444932701
433.71000000000004,112.48000000000002,0.0,other_tissue,0,83.99658218198793
-3.839999999999975,-236.89,0.0,other_tissue,0,83.58959746525296
139.47000000000003,279.03,0.0,other_tissue,0,175.43214328458853
-287.55,-405.69000000000005,0.0,other_tissue,0,137.50291393255768
-213.54000000000002,386.67,0.0,other_tissue,0,84.23796930924259
53.129999999999995,62.54000000000002,0.0,other_tissue,0,268.27362730785643
-379.89,-22.340000000000032,0.0,other_tissue,0,92.72787755411714
359.70000000000005,157.04000000000002,0.0,other_tissue,0,158.66673060784925
413.76,128.2,0.0,other_tissue,0,118.92297400928321
153.73000000000002,-114.40999999999997,0.0,other_tissue,0,187.40176137316269
-45.85000000000002,-427.95000000000005,0.0,other_tissue,0,116.32251594276643
62.01999999999998,252.65,0.0,other_tissue,0,132.49540305729118
402.15999999999997,122.32999999999998,0.0,other_tissue,0,115.23691764440893
259.87,89.49000000000001,0.0,other_tissue,0,263.79288064562076
240.41999999999996,-253.69000000000005,0.0,other_tissue,0,315.913910305856
-345.78,-139.76999999999998,0.0,other_tissue,0,265.8569731665931
8.720000000000027,-106.10000000000002,0.0,other_tissue,0,117.22947626670833
263.79999999999995,-352.6,0.0,other_tissue,0,136.6158840410356
117.51999999999998,-68.39999999999998,0.0,other_tissue,0,155.07988107292536
-96.89999999999998,-469.96000000000004,0.0,other_tissue,0,83.58959746525296
234.46000000000004,260.34000000000003,0.0,other_tissue,0,318.9857481869922
-452.27,-421.6,0.0,other_tissue,0,90.2438344625878
262.21000000000004,181.57999999999998,0.0,other_tissue,0,117.61795381339306
122.59000000000003,296.21000000000004,0.0,other_tissue,0,83.58959746525296
-213.68,-281.23,0.0,CD4_Tcell,1,170.76101074307158
129.91999999999996,-127.51999999999998,0.0,other_tissue,0,83.58959746525296
-51.49000000000001,353.47,0.0,other_tissue,0,83.58959746525296
-97.80000000000001,-152.5,0.0,other_tissue,0,95.83825414985014
72.17999999999995,-116.14999999999998,0.0,other_tissue,0,83.58959746525296
287.22,438.64,0.0,other_tissue,0,83.58959746525296
-186.10000000000002,231.64999999999998,0.0,other_tissue,0,219.87868181891523
187.59000000000003,80.26999999999998,0.0,other_tissue,0,271.48475816496983
-440.69,354.94,0.0,other_tissue,0,152.42896126726325
-349.91999999999996,-136.21000000000004,0.0,other_tissue,0,268.3239198116577
-25.980000000000018,-234.13,0.0,other_tissue,0,232.2965601707939
-421.27,14.95999999999998,0.0,other_tissue,0,315.1966376178227
-159.79000000000002,-179.39999999999998,0.0,other_tissue,0,349.6050045260517
-142.51999999999998,-83.52999999999997,0.0,other_tissue,0,194.05925506148287
97.66999999999996,-120.11000000000001,0.0,other_tissue,0,193.80811386752382
346.15,-0.6700000000000159,0.0,other_tissue,0,83.58959746525296
349.35,-42.40999999999997,0.0,other_tissue,0,384.63738589991686
71.94000000000005,275.15999999999997,0.0,other_tissue,0,165.05056899132583
106.58000000000004,-40.23000000000002,0.0,other_tissue,0,140.05656125255743
-142.39,-295.49,0.0,other_tissue,0,114.83656475039578
228.46000000000004,-311.03,0.0,other_tissue,0,170.85033516820607
458.24,42.19,0.0,other_tissue,0,221.99067633410183
344.34000000000003,53.44999999999999,0.0,other_tissue,0,124.89696708744522
358.71000000000004,342.38,0.0,other_tissue,0,206.49747470508981
285.35,167.01999999999998,0.0,other_tissue,0,226.38985030898627
-62.160000000000025,-98.50999999999999,0.0,other_tissue,0,136.6158840410356
125.5,331.4,0.0,other_tissue,0,175.7505914810874
420.44000000000005,246.22,0.0,CD8_Tcell,1,141.39765149430912
-32.410000000000025,-426.22,0.0,other_tissue,0,88.0914715725494
389.82000000000005,-379.87,0.0,other_tissue,0,127.10294683934666
354.85,235.89999999999998,0.0,other_tissue,0,199.9120796009899
157.82000000000005,-82.59000000000003,0.0,other_tissue,0,236.02607061692007
-475.6,-11.689999999999998,0.0,other_tissue,0,83.58959746525296
-303.57,22.80000000000001,0.0,other_tissue,0,266.02696483195587
392.35,184.41000000000003,0.0,other_tissue,0,129.53892701727395
-172.47000000000003,-334.35,0.0,CD8_Tcell,1,155.4710616344158
-125.72000000000003,-74.78999999999996,0.0,other_tissue,0,123.59651104548304
223.95000000000005,-56.51999999999998,0.0,other_tissue,0,83.58959746525296
-232.25,79.55000000000001,0.0,other_tissue,0,182.07643284097122
-437.31,-320.4,0.0,other_tissue,0,239.54338817347158
-165.94,-172.24,0.0,other_tissue,0,167.44846706916925
-217.66000000000003,350.05,0.0,other_tissue,0,83.58959746525296
-34.94,491.282,0.0,other_tissue,0,129.63180569376416
-231.54000000000002,-365.95000000000005,0.0,other_tissue,0,155.03102968946192
73.88999999999999,112.83999999999997,0.0,other_tissue,0,106.61475515331736
225.78999999999996,489.07,0.0,other_tissue,0,163.58526685898693
-228.62,-445.82000000000005,0.0,other_tissue,0,172.95843667296282
90.44000000000005,264.03999999999996,0.0,other_tissue,0,83.58959746525296
484.0,398.2,0.0,other_tissue,0,83.58959746525296
260.12,67.45999999999998,0.0,other_tissue,0,975.4484018366953
-407.34000000000003,-199.76,0.0,CD8_Tcell,1,152.14624706948655
172.58000000000004,91.87,0.0,other_tissue,0,171.80506801992112
234.74,-252.09000000000003,0.0,apCAF,1,515.8306536583126
195.60000000000002,303.2,0.0,other_tissue,0,113.50497471305947
-261.59000000000003,372.1,0.0,other_tissue,0,335.49547763756084
433.65,325.52,0.0,other_tissue,0,157.0494004495741
395.14,16.589999999999975,0.0,CD4_Tcell,1,135.03140441518408
99.85000000000002,203.38,0.0,other_tissue,0,88.60949549206659
-366.1,-462.11,0.0,other_tissue,0,122.23363424556636
395.5,223.07999999999998,0.0,other_tissue,0,250.04544669781728
-266.87,29.420000000000016,0.0,other_tissue,0,223.6347378594126
109.5,-314.98,0.0,other_tissue,0,132.06226144823387
-412.76,39.360000000000014,0.0,other_tissue,0,195.04972418873547
392.14,153.89999999999998,0.0,other_tissue,0,84.35883610231203
224.89999999999998,188.51999999999998,0.0,other_tissue,0,195.3996255714053
241.94000000000005,289.56,0.0,other_tissue,0,342.6912267635666
452.36,198.88,0.0,other_tissue,0,202.13582468198922
51.610000000000014,376.37,0.0,other_tissue,0,238.03569878326863
-36.19,483.07,0.0,other_tissue,0,216.76641047311682
-480.44,26.370000000000005,0.0,other_tissue,0,121.6509285147923
385.28999999999996,400.81,0.0,CD8_Tcell,1,145.55919642623064
-108.10000000000002,-481.84000000000003,0.0,other_tissue,0,208.75268268702112
-409.13,280.75,0.0,other_tissue,0,138.8341617962846
359.37,196.85000000000002,0.0,other_tissue,0,245.65677691977575
237.79999999999995,-193.59000000000003,0.0,other_tissue,0,403.09763115710956
-459.71,64.13,0.0,other_tissue,0,102.19211253753114
-70.57,-25.340000000000032,0.0,CD8_Tcell,1,144.59783990032207
-488.33,281.22,0.0,other_tissue,0,152.13935597187893
-317.8,-194.35000000000002,0.0,CD4_Tcell,1,212.81195135031967
-146.43,-467.39,0.0,other_tissue,0,169.29164941758967
132.03999999999996,420.18,0.0,other_tissue,0,262.26422580934366
-42.35000000000002,-307.67999999999995,0.0,other_tissue,0,83.58959746525296
147.53999999999996,157.79000000000002,0.0,other_tissue,0,340.0574535433497
79.57000000000005,-310.47,0.0,other_tissue,0,83.58959746525296
409.86,474.52,0.0,other_tissue,0,97.39103709112658
415.54999999999995,246.28,0.0,CD8_Tcell,1,105.54695452108103
-466.24,127.07,0.0,other_tissue,0,86.58264348283207
-222.24,-199.53999999999996,0.0,other_tissue,0,193.05599052687066
179.58000000000004,-46.76999999999998,0.0,other_tissue,0,222.71839764987934
314.48,-108.08000000000004,0.0,other_tissue,0,83.58959746525296
287.96000000000004,192.20999999999998,0.0,other_tissue,0,83.58959746525296
395.66999999999996,361.87,0.0,other_tissue,0,105.64455059961551
283.84000000000003,432.79,0.0,other_tissue,0,126.79146006646566
223.63,-283.20000000000005,0.0,other_tissue,0,248.48440300509873
429.34000000000003,-114.70000000000005,0.0,other_tissue,0,120.27884962922953
-250.49,92.85000000000002,0.0,other_tissue,0,449.3601131923696
299.69000000000005,209.43,0.0,other_tissue,0,126.34040440175272
-216.7,-110.12,0.0,other_tissue,0,124.02297479426036
-136.27999999999997,6.759999999999991,0.0,other_tissue,0,328.0790087591058
116.09000000000003,-311.98,0.0,other_tissue,0,144.1519887418248
-157.95999999999998,-5.759999999999991,0.0,apCAF,1,179.4481785826237
27.029999999999973,404.46,0.0,other_tissue,0,140.63120513789704
142.14,370.22,0.0,CD4_Tcell,1,104.46288755257336
-118.95999999999998,-152.70000000000005,0.0,other_tissue,0,305.1698781114653
92.17999999999995,-192.33000000000004,0.0,other_tissue,0,309.1325499370325
494.72,-172.85000000000002,0.0,other_tissue,0,302.85222517237514
345.53999999999996,199.51,0.0,other_tissue,0,114.40294696598626
-174.70999999999998,-212.41999999999996,0.0,other_tissue,0,206.32012700969992
-330.53999999999996,427.15999999999997,0.0,other_tissue,0,100.16033589209549
454.15,-384.51,0.0,other_tissue,0,93.49781869494716
205.02999999999997,-379.30999999999995,0.0,other_tissue,0,904.032447072215
-110.10000000000002,-283.11,0.0,apCAF,1,1223.6592043061469
148.73000000000002,450.33,0.0,other_tissue,0,489.1201588926356
221.49,-253.07000000000005,0.0,other_tissue,0,87.79977819537118
-8.480000000000018,318.06,0.0,other_tissue,0,89.47737478768636
481.53,-420.86,0.0,other_tissue,0,149.16141766376688
-281.41999999999996,-476.36,0.0,other_tissue,0,152.39446519130885
-107.75,-130.95000000000005,0.0,other_tissue,0,140.97150510838597
-306.11,-81.30999999999995,0.0,other_tissue,0,118.55496650846725
126.24000000000001,-174.01999999999998,0.0,other_tissue,0,101.82259117224513
-94.19,30.470000000000027,0.0,other_tissue,0,123.06331198815359
-446.55,362.72,0.0,other_tissue,0,102.50955579727854
340.4,-362.23,0.0,other_tissue,0,91.88337557316298
203.97000000000003,-45.66999999999996,0.0,other_tissue,0,180.4500916331581
-161.89,-449.32000000000005,0.0,other_tissue,0,152.14624706948655
-8.930000000000007,429.38,0.0,other_tissue,0,159.15621614589355
182.64,-325.73,0.0,other_tissue,0,103.07729321254841
-431.49,2.8000000000000114,0.0,other_tissue,0,83.58959746525296
111.38,-431.74,0.0,other_tissue,0,91.17620572799508
301.65999999999997,236.26,0.0,other_tissue,0,590.6780205734448
445.20000000000005,-274.05999999999995,0.0,other_tissue,0,105.40696924059463
291.65,161.69,0.0,other_tissue,0,136.03305073708336
-281.34000000000003,209.64,0.0,other_tissue,0,169.24725540127298
440.69000000000005,238.79000000000002,0.0,other_tissue,0,154.0631040699313
173.51999999999998,-423.14,0.0,other_tissue,0,109.84356961710874
-99.94999999999999,-141.61,0.0,other_tissue,0,83.58959746525296
335.83000000000004,-440.65,0.0,other_tissue,0,131.2112990612778
-220.95999999999998,-305.41999999999996,0.0,other_tissue,0,83.58959746525296
318.15,494.732,0.0,other_tissue,0,203.52982157964334
439.78999999999996,-354.24,0.0,other_tissue,0,124.75202365021445
99.5,-422.94000000000005,0.0,other_tissue,0,168.3610041414013
-138.45,322.33000000000004,0.0,other_tissue,0,161.47530521575968
290.4,-103.98000000000002,0.0,other_tissue,0,365.1660279267168
159.63,-203.42999999999995,0.0,other_tissue,0,92.08538917854844
-474.0,447.51,0.0,other_tissue,0,236.2570158751258
75.88,-279.99,0.0,CAF,1,203.75579841495585
-194.43,-273.96000000000004,0.0,other_tissue,0,147.04288451846645
18.090000000000032,337.58000000000004,0.0,other_tissue,0,150.34788465880996
-294.6,30.149999999999977,0.0,other_tissue,0,185.64150197475485
-388.11,-4.259999999999991,0.0,other_tissue,0,110.8392758877768
-494.345,326.12,0.0,other_tissue,0,147.58919419618124
392.57000000000005,-403.48,0.0,other_tissue,0,226.28208695796616
-337.74,480.38,0.0,other_tissue,0,83.58959746525296
360.41999999999996,89.77999999999997,0.0,other_tissue,0,200.1767396273539
-203.37,-102.37,0.0,CD4_Tcell,1,104.46288755257336
484.07000000000005,159.52999999999997,0.0,CD4_Tcell,1,104.46288755257336
86.12,-111.26999999999998,0.0,other_tissue,0,92.27288549292894
-242.32,-184.57000000000005,0.0,apCAF,1,327.66511119505105
-281.57,-286.63,0.0,other_tissue,0,98.67108389126973
-288.32,174.32,0.0,other_tissue,0,95.82812682465774
223.87,-158.10000000000002,0.0,other_tissue,0,142.3975288471148
443.85,177.24,0.0,CD8_Tcell,1,114.81371549201471
-263.65999999999997,243.43,0.0,other_tissue,0,269.75485230809824
312.66999999999996,262.11,0.0,other_tissue,0,215.7993399887092
-200.14,438.13,0.0,other_tissue,0,138.56204812606705
340.03,-90.55999999999995,0.0,other_tissue,0,88.21599600696
425.67999999999995,-152.37,0.0,other_tissue,0,132.20026190027545
-347.41999999999996,208.41000000000003,0.0,other_tissue,0,104.65339875527569
-238.83999999999997,-75.63,0.0,other_tissue,0,176.10740682796057
-362.73,-122.91999999999996,0.0,other_tissue,0,112.53279080578369
-194.89999999999998,157.64,0.0,other_tissue,0,567.3645279024678
488.36,-248.89999999999998,0.0,other_tissue,0,212.64823439062062
-52.579999999999984,-15.740000000000009,0.0,other_tissue,0,91.01465866282848
480.85,-402.14,0.0,other_tissue,0,129.1369653877286
-422.21,-192.28999999999996,0.0,other_tissue,0,176.53317863823696
221.61,-123.34000000000003,0.0,other_tissue,0,83.58959746525296
237.67999999999995,-49.889999999999986,0.0,CAF,1,516.9667984094037
-50.55000000000001,6.7099999999999795,0.0,other_tissue,0,93.93683733321207
194.07000000000005,-384.65,0.0,CD8_Tcell,1,233.83500364986716
-418.90999999999997,-148.36,0.0,other_tissue,0,170.4932242818468
461.83000000000004,498.858,0.0,other_tissue,0,640.9994945278563
104.02999999999997,-43.809999999999945,0.0,other_tissue,0,86.39348834263669
458.21000000000004,-326.0,0.0,other_tissue,0,102.960391404773
-376.25,-43.370000000000005,0.0,other_tissue,0,119.81399866365908
342.83000000000004,-457.33000000000004,0.0,apCAF,1,1261.5548628996441
-198.18,-83.71000000000004,0.0,CD8_Tcell,1,105.54695452108103
-496.735,-235.74,0.0,other_tissue,0,243.68931237614206
-7.7900000000000205,-57.200000000000045,0.0,CD8_Tcell,1,121.91826698365898
91.61000000000001,-27.649999999999977,0.0,other_tissue,0,141.5617823493244
211.14,-118.03999999999996,0.0,other_tissue,0,185.4841720098463
82.44000000000005,-311.78999999999996,0.0,other_tissue,0,89.0330874758632
-449.65999999999997,-2.0500000000000114,0.0,apCAF,1,354.82668386333273
-472.05,-13.850000000000023,0.0,other_tissue,0,83.58959746525296
-177.32999999999998,-187.19000000000005,0.0,apCAF,1,355.04486966114325
383.26,367.28999999999996,0.0,other_tissue,0,268.5150886492855
165.71000000000004,162.22000000000003,0.0,other_tissue,0,201.196201022292
-331.56,-485.92999999999995,0.0,other_tissue,0,112.34127443448422
-409.0,-343.1,0.0,other_tissue,0,520.3539532628275
69.95000000000005,67.01999999999998,0.0,other_tissue,0,158.33388821083156
111.63999999999999,-225.42999999999995,0.0,other_tissue,0,151.92583513826298
-81.57,-338.07000000000005,0.0,other_tissue,0,125.8721997000402
285.69000000000005,46.14999999999998,0.0,other_tissue,0,266.4072081887093
262.91999999999996,-220.60000000000002,0.0,other_tissue,0,119.8845316520848
305.52,500.5432,0.0,other_tissue,0,829.8173849701104
-193.95,405.94,0.0,other_tissue,0,83.58959746525296
440.28999999999996,-258.20000000000005,0.0,other_tissue,0,97.01276695751591
76.29999999999995,167.75,0.0,CD8_Tcell,1,105.54695452108103
379.88,363.03999999999996,0.0,other_tissue,0,281.61437356345857
107.65999999999997,-308.15999999999997,0.0,other_tissue,0,92.11497695799795
-471.8,41.95999999999998,0.0,other_tissue,0,183.18946789656255
63.690000000000055,68.49000000000001,0.0,other_tissue,0,139.34046048897093
-79.83999999999997,-177.62,0.0,CAF,1,177.5853300911096
210.51999999999998,-267.99,0.0,other_tissue,0,159.05681894904973
-219.33999999999997,361.78,0.0,other_tissue,0,284.66921539376654
-74.58999999999997,-0.2400000000000091,0.0,other_tissue,0,123.27880292770423
259.11,-162.86,0.0,other_tissue,0,245.713687290274
-480.5,72.29000000000002,0.0,other_tissue,0,83.58959746525296
-371.9,-200.75,0.0,CD8_Tcell,1,105.54695452108103
365.37,416.54,0.0,CAF,1,136.25162673451635
9.490000000000009,-256.92999999999995,0.0,CD4_Tcell,1,141.43046751058515
111.88,-336.29999999999995,0.0,other_tissue,0,189.43618553750917
313.78999999999996,357.26,0.0,other_tissue,0,121.44919884191123
-64.19999999999999,97.62,0.0,other_tissue,0,342.8451831930564
-176.36,468.02,0.0,other_tissue,0,276.0519442533694
85.71000000000004,266.43,0.0,other_tissue,0,83.58959746525296
355.65999999999997,227.38,0.0,other_tissue,0,339.33936243637675
94.5,-434.51,0.0,other_tissue,0,167.50724067978382
484.42999999999995,139.06,0.0,other_tissue,0,127.08460998182244
-459.7,-474.39,0.0,other_tissue,0,94.47750849116862
23.659999999999968,-131.51,0.0,other_tissue,0,180.38832802897656
151.62,-71.04999999999995,0.0,other_tissue,0,257.390710944707
466.5,134.82999999999998,0.0,other_tissue,0,337.5075327127929
489.59000000000003,-474.65999999999997,0.0,CD4_Tcell,1,104.46288755257336
-374.04,32.110000000000014,0.0,other_tissue,0,102.59431821638569
-52.170000000000016,500.3286,0.0,other_tissue,0,104.44411706208305
91.54999999999995,-31.659999999999968,0.0,other_tissue,0,83.58959746525296
-336.31,-260.90999999999997,0.0,other_tissue,0,196.5907849468524
-258.95,251.26,0.0,other_tissue,0,181.9366508289438
351.08000000000004,178.86,0.0,CD8_Tcell,1,414.1888823706215
49.559999999999945,-418.44000000000005,0.0,other_tissue,0,83.58959746525296
366.34000000000003,131.89999999999998,0.0,other_tissue,0,86.4360242047672
103.80999999999995,77.60000000000002,0.0,other_tissue,0,87.41820646528924
-368.65,-57.460000000000036,0.0,other_tissue,0,95.88383594305941
-169.52999999999997,-331.65,0.0,other_tissue,0,83.58959746525296
-230.60000000000002,74.27999999999997,0.0,other_tissue,0,83.58959746525296
75.54999999999995,266.03999999999996,0.0,other_tissue,0,207.3603235376687
31.99000000000001,-295.86,0.0,other_tissue,0,111.57738185672659
261.25,159.37,0.0,other_tissue,0,185.00486467743733
350.44000000000005,277.39,0.0,other_tissue,0,284.3972484486672
222.04999999999995,185.42000000000002,0.0,other_tissue,0,281.6247622987561
-164.08999999999997,397.1,0.0,other_tissue,0,83.58959746525296
-302.58000000000004,-40.35000000000002,0.0,other_tissue,0,177.8299028580905
-445.38,-20.0,0.0,CD4_Tcell,1,271.7179982886051
270.0,-339.08000000000004,0.0,other_tissue,0,110.0377898134778
448.04999999999995,447.6,0.0,apCAF,1,648.3617023046356
-123.37,9.5,0.0,other_tissue,0,101.02327136796353
-418.63,356.5,0.0,other_tissue,0,108.69956690373321
470.20000000000005,-481.85,0.0,other_tissue,0,164.12104975438174
305.78,17.55000000000001,0.0,other_tissue,0,92.94104880419884
30.039999999999964,-454.23,0.0,other_tissue,0,165.2980610930452
-64.44,-330.64,0.0,other_tissue,0,180.87509809797797
146.05999999999995,-208.84000000000003,0.0,other_tissue,0,85.8417913988537
-391.86,35.889999999999986,0.0,other_tissue,0,83.58959746525296
-426.15,-358.15999999999997,0.0,other_tissue,0,298.9867665732512
-185.66000000000003,-428.20000000000005,0.0,other_tissue,0,148.7673202521733
-49.670000000000016,-312.16999999999996,0.0,other_tissue,0,83.58959746525296
114.15999999999997,-387.65,0.0,other_tissue,0,83.58959746525296
149.26999999999998,360.88,0.0,other_tissue,0,125.847909035514
217.64,-83.76999999999998,0.0,other_tissue,0,98.98119672346436
310.12,206.32999999999998,0.0,other_tissue,0,87.11849803544983
-133.49,56.44,0.0,CD8_Tcell,1,153.7922534584341
-29.29000000000002,-409.35,0.0,other_tissue,0,277.10918079030466
-190.14999999999998,-450.69000000000005,0.0,other_tissue,0,83.58959746525296
205.71000000000004,-425.09000000000003,0.0,other_tissue,0,228.2812512576435
275.78,21.560000000000002,0.0,other_tissue,0,243.33101050652473
313.04999999999995,135.75,0.0,other_tissue,0,98.22257184141758
346.53999999999996,164.35000000000002,0.0,other_tissue,0,390.22727389167756
-198.60000000000002,299.09000000000003,0.0,other_tissue,0,155.78587942007718
-224.24,-169.86,0.0,other_tissue,0,164.73065197046233
-220.45999999999998,249.22,0.0,other_tissue,0,265.3374482252056
349.51,-469.30999999999995,0.0,other_tissue,0,83.58959746525296
268.13,120.11000000000001,0.0,other_tissue,0,155.575953724818
394.27,46.47000000000003,0.0,CD8_Tcell,1,262.3533998728665
-319.83000000000004,-293.66999999999996,0.0,other_tissue,0,83.58959746525296
107.91999999999996,493.864,0.0,other_tissue,0,134.25645893435507
435.26,-13.82000000000005,0.0,other_tissue,0,146.15549348698303
-304.12,-446.05999999999995,0.0,other_tissue,0,137.3934353862906
348.17999999999995,74.82,0.0,other_tissue,0,279.8830363001741
155.08000000000004,132.01,0.0,other_tissue,0,224.82168681526443
452.65999999999997,354.21000000000004,0.0,other_tissue,0,308.2821119255611
89.75999999999999,-137.86,0.0,other_tissue,0,203.9987005182609
-463.93,-12.960000000000036,0.0,other_tissue,0,132.97988097302826
-20.20999999999998,301.56,0.0,other_tissue,0,83.58959746525296
390.23,21.319999999999993,0.0,other_tissue,0,125.14483843446415
80.57000000000005,-474.16999999999996,0.0,other_tissue,0,115.29991471552805
-288.18,-485.52,0.0,other_tissue,0,107.94681011354517
315.49,90.11000000000001,0.0,other_tissue,0,175.37153013223988
-140.01,-143.75,0.0,other_tissue,0,156.0520562821851
-218.10000000000002,-255.99,0.0,other_tissue,0,84.52172389625537
-307.03999999999996,-96.44000000000005,0.0,other_tissue,0,144.49128454720596
331.16999999999996,-439.98,0.0,other_tissue,0,136.3723010839528
-276.41999999999996,138.82,0.0,other_tissue,0,120.98133537378078
-406.31,-14.600000000000023,0.0,other_tissue,0,191.03578463585242
-107.94999999999999,488.81,0.0,other_tissue,0,159.56133225062564
234.70000000000005,243.47000000000003,0.0,other_tissue,0,90.65797515961297
-27.180000000000007,-137.36,0.0,CD8_Tcell,1,150.5667681252855
-275.23,-219.85000000000002,0.0,other_tissue,0,217.96398005401804
-115.12,169.42000000000002,0.0,other_tissue,0,374.18299332603664
-241.33999999999997,439.23,0.0,other_tissue,0,137.74784094048707
455.11,397.51,0.0,other_tissue,0,95.14618053563436
231.12,-276.66999999999996,0.0,other_tissue,0,582.2076244269156
43.77999999999997,-441.78999999999996,0.0,other_tissue,0,120.03156427362939
322.22,-215.35000000000002,0.0,other_tissue,0,108.28704179011902
-267.99,284.06,0.0,other_tissue,0,136.33386710441587
-179.13,357.0,0.0,other_tissue,0,329.27667042820406
355.16999999999996,-16.309999999999945,0.0,other_tissue,0,228.73313214181206
424.20000000000005,242.48000000000002,0.0,other_tissue,0,132.13752251041203
179.32000000000005,-405.48,0.0,other_tissue,0,192.20110748872162
29.019999999999982,-441.24,0.0,other_tissue,0,114.28901872841844
-477.23,120.47000000000003,0.0,other_tissue,0,83.58959746525296
458.89,-477.92999999999995,0.0,other_tissue,0,222.63844821586838
201.58000000000004,289.73,0.0,other_tissue,0,103.33798337379348
160.57000000000005,324.78999999999996,0.0,other_tissue,0,192.76536923316505
-350.63,-122.54999999999995,0.0,other_tissue,0,227.18116048768812
202.60000000000002,393.34000000000003,0.0,other_tissue,0,109.66619698006552
331.23,-65.0,0.0,other_tissue,0,139.63311503143376
-180.07999999999998,-51.789999999999964,0.0,CAF,1,221.55657605649253
-189.67000000000002,-126.72000000000003,0.0,other_tissue,0,88.02446851839349
-248.12,-227.92999999999995,0.0,other_tissue,0,180.8905654400337
-183.3,498.3,0.0,other_tissue,0,274.87471567245194
477.78,-491.54999999999995,0.0,other_tissue,0,216.5570698545677
-232.60000000000002,-147.86,0.0,other_tissue,0,83.58959746525296
485.91999999999996,262.45,0.0,other_tissue,0,152.0635676308002
334.1,467.64,0.0,other_tissue,0,215.86024126959168
123.62,-208.14999999999998,0.0,other_tissue,0,144.03236421829988
474.42999999999995,-154.02999999999997,0.0,other_tissue,0,94.15686106617555
-209.10000000000002,-120.01999999999998,0.0,other_tissue,0,123.30276188196764
-452.75,171.47000000000003,0.0,other_tissue,0,217.90268370516412
13.269999999999982,-267.65,0.0,other_tissue,0,197.41763257456913
161.95000000000005,-395.77,0.0,other_tissue,0,156.01000821551187
-203.23000000000002,-437.24,0.0,other_tissue,0,293.5173711972979
429.47,137.54000000000002,0.0,CD8_Tcell,1,128.4463069102607
-371.83000000000004,492.605,0.0,other_tissue,0,300.6548409197422
-452.38,-466.70000000000005,0.0,other_tissue,0,116.83607614867049
9.70999999999998,216.73000000000002,0.0,CD8_Tcell,1,209.70713501961137
324.30999999999995,-373.75,0.0,CAF,1,412.0964813604704
-242.7,362.82,0.0,CD4_Tcell,1,104.46288755257336
-412.39,-495.6,0.0,other_tissue,0,246.06482880877098
-163.98000000000002,-211.74,0.0,other_tissue,0,109.28438719876856
-289.69,296.07,0.0,other_tissue,0,215.10413868778082
-175.22000000000003,463.29,0.0,other_tissue,0,142.67463950253463
-400.61,-283.98,0.0,other_tissue,0,384.0749634206666
103.47000000000003,-368.26,0.0,other_tissue,0,113.1029904902573
-169.74,2.009999999999991,0.0,CD4_Tcell,1,195.71733964673282
317.1,135.82999999999998,0.0,CD8_Tcell,1,148.0488679929632
357.14,159.89,0.0,other_tissue,0,287.73553080656865
63.549999999999955,269.85,0.0,other_tissue,0,128.3416905707619
-249.18,-313.69000000000005,0.0,other_tissue,0,352.5893969912887
-320.07,-233.86,0.0,other_tissue,0,99.92584574487648
-212.52999999999997,291.88,0.0,other_tissue,0,132.8854096909609
-222.91000000000003,-440.14,0.0,other_tissue,0,83.58959746525296
-342.36,39.19,0.0,other_tissue,0,128.16335853406522
-172.35000000000002,-71.89999999999998,0.0,other_tissue,0,93.22412787800891
-107.82999999999998,2.5600000000000023,0.0,CD4_Tcell,1,104.46288755257336
-211.95,149.52999999999997,0.0,other_tissue,0,130.50703624513523
-295.63,47.420000000000016,0.0,other_tissue,0,191.82286457372365
66.88,-304.40999999999997,0.0,other_tissue,0,108.39144926258432
-98.37,373.42,0.0,CD8_Tcell,1,110.67755358948124
3.910000000000025,488.67,0.0,CAF,1,286.819645676959
62.39999999999998,-49.77999999999997,0.0,CD8_Tcell,1,204.7285649519856
368.65,225.56,0.0,other_tissue,0,180.85189873813388
120.16999999999996,-253.96000000000004,0.0,other_tissue,0,167.91904107856143
8.509999999999991,-356.37,0.0,other_tissue,0,181.99876733199807
7.579999999999984,-299.70000000000005,0.0,other_tissue,0,224.28570251592194
-178.10000000000002,285.4,0.0,other_tissue,0,163.71548494050475
-158.24,446.17,0.0,other_tissue,0,104.93825506414471
353.49,348.43,0.0,other_tissue,0,309.099386743633
-313.51,195.7,0.0,other_tissue,0,272.80482836712196
-92.00999999999999,341.27,0.0,other_tissue,0,99.39050201146264
-25.930000000000007,256.57,0.0,other_tissue,0,83.58959746525296
337.89,294.98,0.0,other_tissue,0,239.7579575390784
69.74000000000001,493.384,0.0,other_tissue,0,133.78785779385765
-166.18,-322.28,0.0,other_tissue,0,202.62758504625407
-217.98000000000002,-180.16999999999996,0.0,other_tissue,0,127.83173232380342
-21.5,57.76999999999998,0.0,other_tissue,0,83.58959746525296
255.32000000000005,-303.69000000000005,0.0,other_tissue,0,160.93099079858627
-351.15999999999997,416.52,0.0,other_tissue,0,94.72852019674662
151.67999999999995,464.65999999999997,0.0,other_tissue,0,833.9666068150603
23.480000000000018,-317.64,0.0,other_tissue,0,101.69083545046416
178.16999999999996,-262.77,0.0,other_tissue,0,243.28389168660482
-146.3,65.64999999999998,0.0,other_tissue,0,182.22405817405948
139.89999999999998,-140.26,0.0,other_tissue,0,93.59747528291449
55.789999999999964,-64.89999999999998,0.0,other_tissue,0,111.06818645465044
444.03,-254.05999999999995,0.0,CD8_Tcell,1,168.5453840577237
228.73000000000002,-284.6,0.0,other_tissue,0,88.87889819335693
-162.47000000000003,488.13,0.0,other_tissue,0,230.17407596363128
-197.54000000000002,261.18,0.0,CD4_Tcell,1,751.8145290055681
299.12,227.81,0.0,other_tissue,0,309.5528223884796
293.99,-100.51999999999998,0.0,apCAF,1,398.6150122543527
-173.68,454.40999999999997,0.0,other_tissue,0,83.58959746525296
331.04999999999995,-460.62,0.0,other_tissue,0,150.9708912526318
123.24000000000001,237.07,0.0,other_tissue,0,183.14267620639365
102.88,-82.24000000000001,0.0,other_tissue,0,263.1866660804729
-123.69999999999999,321.84000000000003,0.0,other_tissue,0,83.58959746525296
-55.81999999999999,284.63,0.0,other_tissue,0,177.1502405012169
238.01,-475.73,0.0,other_tissue,0,209.7668846947886
337.91999999999996,-75.61000000000001,0.0,other_tissue,0,126.39520528968814
-482.19,-89.09000000000003,0.0,other_tissue,0,165.400041473647
-192.57,-212.58000000000004,0.0,other_tissue,0,191.53348245500794
4.810000000000002,-283.69000000000005,0.0,CD4_Tcell,1,104.46288755257336
-381.45,9.600000000000023,0.0,other_tissue,0,83.58959746525296
245.64999999999998,-371.17999999999995,0.0,other_tissue,0,241.2916457153528
-391.8,276.72,0.0,other_tissue,0,83.58959746525296
321.88,-78.38,0.0,other_tissue,0,168.5084973107345
87.86000000000001,189.98000000000002,0.0,apCAF,1,1261.5548628996441
169.39999999999998,420.32,0.0,other_tissue,0,95.64595694991337
-31.980000000000018,-63.39999999999998,0.0,other_tissue,0,150.84067107002886
-4.5400000000000205,-294.84000000000003,0.0,other_tissue,0,174.1772794496744
411.73,354.28,0.0,other_tissue,0,161.24597085201586
-379.81,-447.12,0.0,other_tissue,0,113.20481202502512
64.77999999999997,-201.42999999999995,0.0,apCAF,1,581.0956197343828
-85.75999999999999,276.43,0.0,other_tissue,0,131.38619746604346
-349.25,-67.73000000000002,0.0,other_tissue,0,230.71030133559873
252.14,-204.62,0.0,other_tissue,0,173.02600051649696
-367.78,367.01,0.0,other_tissue,0,174.23007415599858
35.549999999999955,-354.11,0.0,other_tissue,0,155.07290167564744
215.09000000000003,-217.79999999999995,0.0,other_tissue,0,389.38858445770677
393.39,-265.37,0.0,other_tissue,0,114.76231574284371
-327.84000000000003,-10.870000000000005,0.0,other_tissue,0,157.91672411759265
-97.0,418.0,0.0,other_tissue,0,83.58959746525296
-57.94,250.42,0.0,other_tissue,0,83.58959746525296
-212.89,-50.40999999999997,0.0,other_tissue,0,83.58959746525296
-133.39999999999998,183.04000000000002,0.0,other_tissue,0,110.6106800589692
459.33000000000004,492.096,0.0,other_tissue,0,157.8814049464208
-40.23000000000002,497.123,0.0,other_tissue,0,111.8858905721847
193.01999999999998,-332.29999999999995,0.0,other_tissue,0,197.6636767063551
329.82000000000005,4.680000000000007,0.0,other_tissue,0,84.19151283984432
46.23000000000002,-297.95000000000005,0.0,other_tissue,0,144.1519887418248
22.720000000000027,274.34000000000003,0.0,other_tissue,0,168.12519412918573
84.10000000000002,-395.12,0.0,other_tissue,0,196.23129727362556
-133.98000000000002,126.38999999999999,0.0,other_tissue,0,109.87684826386392
419.98,135.24,0.0,other_tissue,0,126.66944744285867
-295.63,40.889999999999986,0.0,other_tissue,0,249.78641842638342
-402.65999999999997,-360.48,0.0,other_tissue,0,570.8516662553717
93.21000000000004,264.36,0.0,other_tissue,0,83.58959746525296
470.04999999999995,476.03,0.0,other_tissue,0,135.9179617567121
41.60000000000002,300.83000000000004,0.0,CAF,1,136.25162673451635
50.08000000000004,-196.22000000000003,0.0,other_tissue,0,89.57415415823206
-431.7,125.22000000000003,0.0,other_tissue,0,83.58959746525296
35.64999999999998,-437.11,0.0,other_tissue,0,167.91904107856143
-35.56999999999999,36.20999999999998,0.0,other_tissue,0,150.9503251906128
414.24,-63.02999999999997,0.0,other_tissue,0,212.11458417377426
-380.45,133.94,0.0,other_tissue,0,158.31265876991625
496.53999999999996,-404.0,0.0,other_tissue,0,233.10156715974654
356.12,184.74,0.0,other_tissue,0,83.58959746525296
186.12,-52.24000000000001,0.0,other_tissue,0,137.3097557187267
483.61,400.38,0.0,other_tissue,0,134.66261691920639
-70.25999999999999,282.34000000000003,0.0,other_tissue,0,211.96841685297673
-460.02,311.82,0.0,other_tissue,0,83.58959746525296
-168.51,-406.26,0.0,other_tissue,0,188.97397781209241
326.33000000000004,-257.67999999999995,0.0,other_tissue,0,134.6943824642765
333.57000000000005,-248.39,0.0,other_tissue,0,179.28667984584303
266.85,-339.78,0.0,other_tissue,0,97.21200322557789
-496.005,333.27,0.0,other_tissue,0,135.03140441518408
-223.02999999999997,293.41999999999996,0.0,other_tissue,0,123.86669131802678
-398.03,209.70999999999998,0.0,other_tissue,0,110.14887550332946
-94.06,417.84000000000003,0.0,other_tissue,0,171.5137971007327
3.759999999999991,411.86,0.0,other_tissue,0,117.61795381339306
-224.11,94.38,0.0,other_tissue,0,159.76770754515834
114.47000000000003,-398.41999999999996,0.0,other_tissue,0,158.95746314491348
-481.63,10.129999999999995,0.0,other_tissue,0,223.4388040226242
111.64856326745405,502.0,0.0,duct_filler,0,1247.0
118.57676649772952,502.0,0.0,duct_filler,0,1247.0
125.504969728005,502.0,0.0,duct_filler,0,1247.0
108.18446165231626,496.0,0.0,duct_filler,0,1247.0
115.11266488259184,496.0,0.0,duct_filler,0,1247.0
122.0408681128672,496.0,0.0,duct_filler,0,1247.0
128.96907134314267,496.0,0.0,duct_filler,0,1247.0
135.89727457341814,496.0,0.0,duct_filler,0,1247.0
111.64856326745405,490.0,0.0,duct_filler,0,1247.0
118.57676649772952,490.0,0.0,duct_filler,0,1247.0
125.504969728005,490.0,0.0,duct_filler,0,1247.0
132.43317295828058,490.0,0.0,duct_filler,0,1247.0
139.36137618855605,490.0,0.0,duct_filler,0,1247.0
115.11266488259184,484.0,0.0,duct_filler,0,1247.0
122.0408681128672,484.0,0.0,duct_filler,0,1247.0
128.96907134314267,484.0,0.0,duct_filler,0,1247.0
135.89727457341814,484.0,0.0,duct_filler,0,1247.0
142.82547780369373,484.0,0.0,duct_filler,0,1247.0
118.57676649772952,478.0,0.0,duct_filler,0,1247.0
125.504969728005,478.0,0.0,duct_filler,0,1247.0
132.43317295828058,478.0,0.0,duct_filler,0,1247.0
139.36137618855605,478.0,0.0,duct_filler,0,1247.0
122.0408681128672,472.0,0.0,duct_filler,0,1247.0
128.96907134314267,472.0,0.0,duct_filler,0,1247.0
135.89727457341814,472.0,0.0,duct_filler,0,1247.0
118.57676649772952,466.0,0.0,duct_filler,0,1247.0
125.504969728005,466.0,0.0,duct_filler,0,1247.0
132.43317295828058,466.0,0.0,duct_filler,0,1247.0
139.36137618855605,466.0,0.0,duct_filler,0,1247.0
115.11266488259173,460.0,0.0,duct_filler,0,1247.0
122.0408681128672,460.0,0.0,duct_filler,0,1247.0
128.96907134314267,460.0,0.0,duct_filler,0,1247.0
135.89727457341814,460.0,0.0,duct_filler,0,1247.0
111.64856326745405,454.0,0.0,duct_filler,0,1247.0
118.57676649772952,454.0,0.0,duct_filler,0,1247.0
125.504969728005,454.0,0.0,duct_filler,0,1247.0
132.43317295828058,454.0,0.0,duct_filler,0,1247.0
139.36137618855605,454.0,0.0,duct_filler,0,1247.0
122.0408681128672,448.0,0.0,duct_filler,0,1247.0
128.96907134314267,448.0,0.0,duct_filler,0,1247.0
135.89727457341814,448.0,0.0,duct_filler,0,1247.0
125.504969728005,442.0,0.0,duct_filler,0,1247.0
132.43317295828058,442.0,0.0,duct_filler,0,1247.0
270.9972375637899,382.0,0.0,duct_filler,0,1247.0
277.9254407940655,382.0,0.0,duct_filler,0,1247.0
267.533135948652,376.0,0.0,duct_filler,0,1247.0
274.46133917892746,376.0,0.0,duct_filler,0,1247.0
281.38954240920305,376.0,0.0,duct_filler,0,1247.0
270.9972375637899,370.0,0.0,duct_filler,0,1247.0
277.9254407940655,370.0,0.0,duct_filler,0,1247.0
284.85364402434084,370.0,0.0,duct_filler,0,1247.0
267.533135948652,364.0,0.0,duct_filler,0,1247.0
274.46133917892746,364.0,0.0,duct_filler,0,1247.0
281.38954240920305,364.0,0.0,duct_filler,0,1247.0
288.3177456394784,364.0,0.0,duct_filler,0,1247.0
270.9972375637899,358.0,0.0,duct_filler,0,1247.0
277.9254407940655,358.0,0.0,duct_filler,0,1247.0
284.85364402434084,358.0,0.0,duct_filler,0,1247.0
291.7818472546163,358.0,0.0,duct_filler,0,1247.0
267.533135948652,352.0,0.0,duct_filler,0,1247.0
274.46133917892746,352.0,0.0,duct_filler,0,1247.0
281.38954240920305,352.0,0.0,duct_filler,0,1247.0
288.3177456394784,352.0,0.0,duct_filler,0,1247.0
295.245948869754,352.0,0.0,duct_filler,0,1247.0
270.9972375637899,346.0,0.0,duct_filler,0,1247.0
277.9254407940655,346.0,0.0,duct_filler,0,1247.0
284.85364402434084,346.0,0.0,duct_filler,0,1247.0
291.7818472546163,346.0,0.0,duct_filler,0,1247.0
267.533135948652,340.0,0.0,duct_filler,0,1247.0
274.46133917892746,340.0,0.0,duct_filler,0,1247.0
281.38954240920305,340.0,0.0,duct_filler,0,1247.0
288.3177456394784,340.0,0.0,duct_filler,0,1247.0
270.9972375637899,334.0,0.0,duct_filler,0,1247.0
277.9254407940655,334.0,0.0,duct_filler,0,1247.0
284.85364402434084,334.0,0.0,duct_filler,0,1247.0
291.7818472546163,334.0,0.0,duct_filler,0,1247.0
267.533135948652,328.0,0.0,duct_filler,0,1247.0
274.46133917892746,328.0,0.0,duct_filler,0,1247.0
281.38954240920305,328.0,0.0,duct_filler,0,1247.0
288.3177456394784,328.0,0.0,duct_filler,0,1247.0
284.85364402434084,322.0,0.0,duct_filler,0,1247.0
270.9972375637899,298.0,0.0,duct_filler,0,1247.0
291.7818472546163,298.0,0.0,duct_filler,0,1247.0
267.533135948652,292.0,0.0,duct_filler,0,1247.0
274.46133917892746,292.0,0.0,duct_filler,0,1247.0
281.38954240920305,292.0,0.0,duct_filler,0,1247.0
288.3177456394784,292.0,0.0,duct_filler,0,1247.0
295.245948869754,292.0,0.0,duct_filler,0,1247.0
302.17415210002946,292.0,0.0,duct_filler,0,1247.0
270.9972375637899,286.0,0.0,duct_filler,0,1247.0
277.9254407940655,286.0,0.0,duct_filler,0,1247.0
284.85364402434084,286.0,0.0,duct_filler,0,1247.0
291.7818472546163,286.0,0.0,duct_filler,0,1247.0
298.7100504848918,286.0,0.0,duct_filler,0,1247.0
281.38954240920305,280.0,0.0,duct_filler,0,1247.0
288.3177456394784,280.0,0.0,duct_filler,0,1247.0
295.245948869754,280.0,0.0,duct_filler,0,1247.0
284.85364402434084,274.0,0.0,duct_filler,0,1247.0
291.7818472546163,274.0,0.0,duct_filler,0,1247.0
298.7100504848918,274.0,0.0,duct_filler,0,1247.0
295.245948869754,268.00000000000006,0.0,duct_filler,0,1247.0
302.17415210002946,268.00000000000006,0.0,duct_filler,0,1247.0
312.5664569454426,262.0,0.0,duct_filler,0,1247.0
354.13567632709544,262.0,0.0,duct_filler,0,1247.0
361.0638795573708,262.0,0.0,duct_filler,0,1247.0
309.10235533030493,256.0,0.0,duct_filler,0,1247.0
316.0305585605803,256.0,0.0,duct_filler,0,1247.0
322.95876179085576,256.0,0.0,duct_filler,0,1247.0
329.88696502113135,256.0,0.0,duct_filler,0,1247.0
336.8151682514066,256.0,0.0,duct_filler,0,1247.0
343.7433714816823,256.0,0.0,duct_filler,0,1247.0
350.67157471195765,256.0,0.0,duct_filler,0,1247.0
357.5997779422331,256.0,0.0,duct_filler,0,1247.0
364.5279811725087,256.0,0.0,duct_filler,0,1247.0
371.4561844027843,256.0,0.0,duct_filler,0,1247.0
305.63825371516714,250.00000000000003,0.0,duct_filler,0,1247.0
312.5664569454426,250.00000000000003,0.0,duct_filler,0,1247.0
319.4946601757182,250.00000000000003,0.0,duct_filler,0,1247.0
326.42286340599367,250.00000000000003,0.0,duct_filler,0,1247.0
333.35106663626914,250.00000000000003,0.0,duct_filler,0,1247.0
340.2792698665445,250.00000000000003,0.0,duct_filler,0,1247.0
347.20747309681997,250.00000000000003,0.0,duct_filler,0,1247.0
354.13567632709544,250.00000000000003,0.0,duct_filler,0,1247.0
361.0638795573708,250.00000000000003,0.0,duct_filler,0,1247.0
367.9920827876464,250.00000000000003,0.0,duct_filler,0,1247.0
374.9202860179221,250.00000000000003,0.0,duct_filler,0,1247.0
302.17415210002946,244.0,0.0,duct_filler,0,1247.0
309.10235533030493,244.0,0.0,duct_filler,0,1247.0
316.0305585605803,244.0,0.0,duct_filler,0,1247.0
322.95876179085576,244.0,0.0,duct_filler,0,1247.0
329.88696502113135,244.0,0.0,duct_filler,0,1247.0
336.8151682514066,244.0,0.0,duct_filler,0,1247.0
343.7433714816823,244.0,0.0,duct_filler,0,1247.0
350.67157471195765,244.0,0.0,duct_filler,0,1247.0
357.5997779422331,244.0,0.0,duct_filler,0,1247.0
364.5279811725087,244.0,0.0,duct_filler,0,1247.0
371.4561844027843,244.0,0.0,duct_filler,0,1247.0
-317.90003700962757,238.0,0.0,duct_filler,0,1247.0
-310.9718337793521,238.0,0.0,duct_filler,0,1247.0
298.7100504848918,238.0,0.0,duct_filler,0,1247.0
305.63825371516714,238.0,0.0,duct_filler,0,1247.0
312.5664569454426,238.0,0.0,duct_filler,0,1247.0
319.4946601757182,238.0,0.0,duct_filler,0,1247.0
326.42286340599367,238.0,0.0,duct_filler,0,1247.0
333.35106663626914,238.0,0.0,duct_filler,0,1247.0
340.2792698665445,238.0,0.0,duct_filler,0,1247.0
347.20747309681997,238.0,0.0,duct_filler,0,1247.0
354.13567632709544,238.0,0.0,duct_filler,0,1247.0
361.0638795573708,238.0,0.0,duct_filler,0,1247.0
367.9920827876464,238.0,0.0,duct_filler,0,1247.0
374.9202860179221,238.0,0.0,duct_filler,0,1247.0
-314.4359353944899,232.0,0.0,duct_filler,0,1247.0
-307.50773216421436,232.0,0.0,duct_filler,0,1247.0
302.17415210002946,232.0,0.0,duct_filler,0,1247.0
309.10235533030493,232.0,0.0,duct_filler,0,1247.0
316.0305585605803,232.0,0.0,duct_filler,0,1247.0
322.95876179085576,232.0,0.0,duct_filler,0,1247.0
329.88696502113135,232.0,0.0,duct_filler,0,1247.0
336.8151682514066,232.0,0.0,duct_filler,0,1247.0
343.7433714816823,232.0,0.0,duct_filler,0,1247.0
350.67157471195765,232.0,0.0,duct_filler,0,1247.0
357.5997779422331,232.0,0.0,duct_filler,0,1247.0
-324.8282402399031,226.0,0.0,duct_filler,0,1247.0
-317.90003700962757,226.0,0.0,duct_filler,0,1247.0
-310.9718337793521,226.0,0.0,duct_filler,0,1247.0
-304.0436305490766,226.0,0.0,duct_filler,0,1247.0
305.63825371516714,226.0,0.0,duct_filler,0,1247.0
319.4946601757182,226.0,0.0,duct_filler,0,1247.0
326.42286340599367,226.0,0.0,duct_filler,0,1247.0
333.35106663626914,226.0,0.0,duct_filler,0,1247.0
-321.36413862476536,220.0,0.0,duct_filler,0,1247.0
-314.4359353944899,220.0,0.0,duct_filler,0,1247.0
-307.50773216421436,220.0,0.0,duct_filler,0,1247.0
-317.90003700962757,214.0,0.0,duct_filler,0,1247.0
-26.915501338055662,142.0,0.0,duct_filler,0,1247.0
-19.98729810778019,142.0,0.0,duct_filler,0,1247.0
-13.059094877504663,142.0,0.0,duct_filler,0,1247.0
-30.379602953193512,136.0,0.0,duct_filler,0,1247.0
-23.451399722917984,136.0,0.0,duct_filler,0,1247.0
-16.5231964926424,136.0,0.0,duct_filler,0,1247.0
-33.84370456833119,130.0,0.0,duct_filler,0,1247.0
-26.915501338055662,130.0,0.0,duct_filler,0,1247.0
-19.98729810778019,130.0,0.0,duct_filler,0,1247.0
-13.059094877504663,130.0,0.0,duct_filler,0,1247.0
-30.379602953193512,124.00000000000006,0.0,duct_filler,0,1247.0
-23.451399722917984,124.00000000000006,0.0,duct_filler,0,1247.0
-16.5231964926424,124.00000000000006,0.0,duct_filler,0,1247.0
-227.83339501604604,118.0,0.0,duct_filler,0,1247.0
-26.915501338055662,118.0,0.0,duct_filler,0,1247.0
-19.98729810778019,118.0,0.0,duct_filler,0,1247.0
-238.22569986145936,112.0,0.0,duct_filler,0,1247.0
-231.29749663118378,112.0,0.0,duct_filler,0,1247.0
-224.36929340090836,112.0,0.0,duct_filler,0,1247.0
-234.76159824632157,106.00000000000006,0.0,duct_filler,0,1247.0
-227.83339501604604,106.00000000000006,0.0,duct_filler,0,1247.0
7.725514813321979,106.00000000000006,0.0,duct_filler,0,1247.0
14.653718043597564,106.0,0.0,duct_filler,0,1247.0
-2.666790032091342,100.0,0.0,duct_filler,0,1247.0
4.261413198184243,100.0,0.0,duct_filler,0,1247.0
11.189616428459772,100.00000000000006,0.0,duct_filler,0,1247.0
18.117819658735243,100.0,0.0,duct_filler,0,1247.0
25.0460228890106,100.0,0.0,duct_filler,0,1247.0
-6.1308916472290775,94.0,0.0,duct_filler,0,1247.0
0.7973115830464508,94.0,0.0,duct_filler,0,1247.0
7.725514813321979,94.0,0.0,duct_filler,0,1247.0
14.653718043597564,94.0,0.0,duct_filler,0,1247.0
21.581921273872922,94.0,0.0,duct_filler,0,1247.0
28.510124504148507,94.0,0.0,duct_filler,0,1247.0
-2.666790032091342,88.0,0.0,duct_filler,0,1247.0
11.189616428459772,88.00000000000006,0.0,duct_filler,0,1247.0
18.117819658735243,88.00000000000006,0.0,duct_filler,0,1247.0
-6.1308916472290775,82.00000000000006,0.0,duct_filler,0,1247.0
0.7973115830464508,82.00000000000006,0.0,duct_filler,0,1247.0
-435.6794919243112,-26.0,0.0,duct_filler,0,1247.0
-428.75128869403574,-26.000000000000114,0.0,duct_filler,0,1247.0
-439.143593539449,-32.0,0.0,duct_filler,0,1247.0
-432.2153903091735,-32.0,0.0,duct_filler,0,1247.0
-425.28718707889794,-32.0,0.0,duct_filler,0,1247.0
-442.60769515458674,-38.0,0.0,duct_filler,0,1247.0
-435.6794919243112,-38.0,0.0,duct_filler,0,1247.0
-428.75128869403574,-38.000000000000114,0.0,duct_filler,0,1247.0
-421.8230854637602,-38.000000000000114,0.0,duct_filler,0,1247.0
-453.0,-44.0,0.0,duct_filler,0,1247.0
-446.0717967697245,-44.0,0.0,duct_filler,0,1247.0
-439.143593539449,-43.999999999999886,0.0,duct_filler,0,1247.0
-432.2153903091735,-44.0,0.0,duct_filler,0,1247.0
-425.28718707889794,-44.0,0.0,duct_filler,0,1247.0
-418.3589838486225,-44.0,0.0,duct_filler,0,1247.0
-456.46410161513774,-50.0,0.0,duct_filler,0,1247.0
-449.53589838486226,-49.999999999999886,0.0,duct_filler,0,1247.0
-442.60769515458674,-50.0,0.0,duct_filler,0,1247.0
-435.6794919243112,-50.0,0.0,duct_filler,0,1247.0
-428.75128869403574,-50.0,0.0,duct_filler,0,1247.0
-421.8230854637602,-50.0,0.0,duct_filler,0,1247.0
-414.8948822334847,-50.0,0.0,duct_filler,0,1247.0
-407.96667900320915,-50.0,0.0,duct_filler,0,1247.0
-453.0,-56.000000000000114,0.0,duct_filler,0,1247.0
-446.0717967697245,-56.0,0.0,duct_filler,0,1247.0
-439.143593539449,-56.0,0.0,duct_filler,0,1247.0
-432.2153903091735,-56.0,0.0,duct_filler,0,1247.0
-425.28718707889794,-56.0,0.0,duct_filler,0,1247.0
-418.3589838486225,-56.0,0.0,duct_filler,0,1247.0
-411.43078061834694,-56.0,0.0,duct_filler,0,1247.0
-449.53589838486226,-62.000000000000114,0.0,duct_filler,0,1247.0
-442.60769515458674,-62.0,0.0,duct_filler,0,1247.0
-435.6794919243112,-62.0,0.0,duct_filler,0,1247.0
-428.75128869403574,-61.999999999999886,0.0,duct_filler,0,1247.0
-421.8230854637602,-61.999999999999886,0.0,duct_filler,0,1247.0
-414.8948822334847,-61.999999999999886,0.0,duct_filler,0,1247.0
-407.96667900320915,-61.999999999999886,0.0,duct_filler,0,1247.0
-446.0717967697245,-68.0,0.0,duct_filler,0,1247.0
-439.143593539449,-67.99999999999989,0.0,duct_filler,0,1247.0
-432.2153903091735,-68.0,0.0,duct_filler,0,1247.0
-425.28718707889794,-68.0,0.0,duct_filler,0,1247.0
-418.3589838486225,-68.0,0.0,duct_filler,0,1247.0
-411.43078061834694,-68.0,0.0,duct_filler,0,1247.0
-442.60769515458674,-74.0,0.0,duct_filler,0,1247.0
-435.6794919243112,-74.0,0.0,duct_filler,0,1247.0
-428.75128869403574,-74.0,0.0,duct_filler,0,1247.0
-421.8230854637602,-74.0,0.0,duct_filler,0,1247.0
-414.8948822334847,-74.0,0.0,duct_filler,0,1247.0
-407.96667900320915,-74.0,0.0,duct_filler,0,1247.0
-439.143593539449,-79.99999999999989,0.0,duct_filler,0,1247.0
-432.2153903091735,-80.00000000000011,0.0,duct_filler,0,1247.0
-425.28718707889794,-80.00000000000011,0.0,duct_filler,0,1247.0
-418.3589838486225,-80.00000000000011,0.0,duct_filler,0,1247.0
-411.43078061834694,-80.00000000000011,0.0,duct_filler,0,1247.0
-404.5025773880714,-80.00000000000011,0.0,duct_filler,0,1247.0
-435.6794919243112,-86.0,0.0,duct_filler,0,1247.0
-428.75128869403574,-86.00000000000011,0.0,duct_filler,0,1247.0
-421.8230854637602,-86.00000000000011,0.0,duct_filler,0,1247.0
-414.8948822334847,-86.00000000000011,0.0,duct_filler,0,1247.0
-407.96667900320915,-86.00000000000011,0.0,duct_filler,0,1247.0
-401.0384757729337,-86.00000000000011,0.0,duct_filler,0,1247.0
-432.2153903091735,-92.0,0.0,duct_filler,0,1247.0
-425.28718707889794,-92.0,0.0,duct_filler,0,1247.0
-418.3589838486225,-92.0,0.0,duct_filler,0,1247.0
-411.43078061834694,-92.0,0.0,duct_filler,0,1247.0
-404.5025773880714,-92.0,0.0,duct_filler,0,1247.0
-421.8230854637602,-98.0,0.0,duct_filler,0,1247.0
-414.8948822334847,-98.0,0.0,duct_filler,0,1247.0
-407.96667900320915,-98.0,0.0,duct_filler,0,1247.0
-401.0384757729337,-98.0,0.0,duct_filler,0,1247.0
-127.37444817705091,-368.0000000000001,0.0,duct_filler,0,1247.0
-120.44624494677538,-368.0000000000001,0.0,duct_filler,0,1247.0
-113.51804171649985,-368.0000000000001,0.0,duct_filler,0,1247.0
-106.58983848622432,-368.0000000000001,0.0,duct_filler,0,1247.0
-130.83854979218864,-374.0000000000001,0.0,duct_filler,0,1247.0
-123.91034656191306,-374.0000000000001,0.0,duct_filler,0,1247.0
-116.98214333163759,-374.0000000000001,0.0,duct_filler,0,1247.0
-110.05394010136206,-374.0000000000001,0.0,duct_filler,0,1247.0
-103.12573687108659,-374.0000000000001,0.0,duct_filler,0,1247.0
-96.197533640811,-374.0000000000001,0.0,duct_filler,0,1247.0
-141.23085463760196,-379.9999999999999,0.0,duct_filler,0,1247.0
-134.30265140732644,-379.9999999999999,0.0,duct_filler,0,1247.0
-127.37444817705091,-379.9999999999999,0.0,duct_filler,0,1247.0
-120.44624494677538,-379.9999999999999,0.0,duct_filler,0,1247.0
-113.51804171649985,-379.9999999999999,0.0,duct_filler,0,1247.0
-106.58983848622432,-379.9999999999999,0.0,duct_filler,0,1247.0
-99.6616352559488,-379.9999999999999,0.0,duct_filler,0,1247.0
-92.73343202567327,-379.9999999999999,0.0,duct_filler,0,1247.0
-85.80522879539768,-379.9999999999999,0.0,duct_filler,0,1247.0
-193.1923788646684,-385.9999999999999,0.0,duct_filler,0,1247.0
-186.26417563439287,-385.9999999999999,0.0,duct_filler,0,1247.0
-179.33597240411734,-385.9999999999999,0.0,duct_filler,0,1247.0
-172.40776917384176,-385.9999999999999,0.0,duct_filler,0,1247.0
-165.47956594356629,-385.9999999999999,0.0,duct_filler,0,1247.0
-158.55136271329076,-385.9999999999999,0.0,duct_filler,0,1247.0
-151.62315948301529,-385.9999999999999,0.0,duct_filler,0,1247.0
-144.69495625273964,-385.9999999999999,0.0,duct_filler,0,1247.0
-137.76675302246417,-385.9999999999999,0.0,duct_filler,0,1247.0
-130.83854979218864,-385.9999999999999,0.0,duct_filler,0,1247.0
-123.91034656191306,-385.9999999999999,0.0,duct_filler,0,1247.0
-116.98214333163759,-385.9999999999999,0.0,duct_filler,0,1247.0
-110.05394010136206,-385.9999999999999,0.0,duct_filler,0,1247.0
-103.12573687108659,-385.9999999999999,0.0,duct_filler,0,1247.0
-96.197533640811,-385.9999999999999,0.0,duct_filler,0,1247.0
-89.26933041053547,-385.9999999999999,0.0,duct_filler,0,1247.0
-203.58468371008172,-392.0000000000001,0.0,duct_filler,0,1247.0
-196.6564804798062,-392.0000000000001,0.0,duct_filler,0,1247.0
-189.72827724953066,-392.0000000000001,0.0,duct_filler,0,1247.0
-182.80007401925508,-392.0000000000001,0.0,duct_filler,0,1247.0
-175.8718707889796,-392.0000000000001,0.0,duct_filler,0,1247.0
-168.94366755870402,-392.0000000000001,0.0,duct_filler,0,1247.0
-162.0154643284285,-392.0000000000001,0.0,duct_filler,0,1247.0
-155.08726109815302,-392.0000000000001,0.0,duct_filler,0,1247.0
-148.1590578678775,-392.0000000000001,0.0,duct_filler,0,1247.0
-141.23085463760196,-392.0000000000001,0.0,duct_filler,0,1247.0
-134.30265140732644,-392.0000000000001,0.0,duct_filler,0,1247.0
-127.37444817705091,-392.0000000000001,0.0,duct_filler,0,1247.0
-120.44624494677538,-392.0000000000001,0.0,duct_filler,0,1247.0
-113.51804171649985,-392.0000000000001,0.0,duct_filler,0,1247.0
-106.58983848622432,-392.0000000000001,0.0,duct_filler,0,1247.0
-99.6616352559488,-392.0000000000001,0.0,duct_filler,0,1247.0
-92.73343202567327,-392.0000000000001,0.0,duct_filler,0,1247.0
-85.80522879539768,-392.0000000000001,0.0,duct_filler,0,1247.0
-213.97698855549504,-398.0,0.0,duct_filler,0,1247.0
-207.0487853252195,-398.0,0.0,duct_filler,0,1247.0
-200.12058209494393,-398.0,0.0,duct_filler,0,1247.0
-193.1923788646684,-398.0,0.0,duct_filler,0,1247.0
-186.26417563439287,-398.0,0.0,duct_filler,0,1247.0
-179.33597240411734,-398.0,0.0,duct_filler,0,1247.0
-172.40776917384176,-398.0,0.0,duct_filler,0,1247.0
-165.47956594356629,-398.0,0.0,duct_filler,0,1247.0
-158.55136271329076,-398.0,0.0,duct_filler,0,1247.0
-151.62315948301529,-398.0,0.0,duct_filler,0,1247.0
-144.69495625273964,-398.0,0.0,duct_filler,0,1247.0
-137.76675302246417,-398.0,0.0,duct_filler,0,1247.0
-130.83854979218864,-398.0,0.0,duct_filler,0,1247.0
-123.91034656191306,-398.0,0.0,duct_filler,0,1247.0
-116.98214333163759,-398.0,0.0,duct_filler,0,1247.0
-110.05394010136206,-398.0,0.0,duct_filler,0,1247.0
-376.78976446696936,-404.0,0.0,duct_filler,0,1247.0
-369.8615612366939,-404.0000000000001,0.0,duct_filler,0,1247.0
-217.44109017063272,-404.0,0.0,duct_filler,0,1247.0
-210.51288694035725,-404.0,0.0,duct_filler,0,1247.0
-203.58468371008172,-404.0,0.0,duct_filler,0,1247.0
-196.6564804798062,-404.0,0.0,duct_filler,0,1247.0
-189.72827724953066,-404.0,0.0,duct_filler,0,1247.0
-182.80007401925508,-404.0,0.0,duct_filler,0,1247.0
-175.8718707889796,-404.0,0.0,duct_filler,0,1247.0
-168.94366755870402,-404.0,0.0,duct_filler,0,1247.0
-162.0154643284285,-404.0,0.0,duct_filler,0,1247.0
-155.08726109815302,-404.0,0.0,duct_filler,0,1247.0
-148.1590578678775,-404.0,0.0,duct_filler,0,1247.0
-141.23085463760196,-404.0,0.0,duct_filler,0,1247.0
-134.30265140732644,-404.0,0.0,duct_filler,0,1247.0
-127.37444817705091,-404.0,0.0,duct_filler,0,1247.0
-120.44624494677538,-404.0,0.0,duct_filler,0,1247.0
-113.51804171649985,-404.0,0.0,duct_filler,0,1247.0
-106.58983848622432,-404.0,0.0,duct_filler,0,1247.0
-99.6616352559488,-404.0,0.0,duct_filler,0,1247.0
-387.1820693123826,-410.0000000000001,0.0,duct_filler,0,1247.0
-380.2538660821071,-410.0000000000001,0.0,duct_filler,0,1247.0
-373.32566285183157,-410.0,0.0,duct_filler,0,1247.0
-366.3974596215561,-409.9999999999999,0.0,duct_filler,0,1247.0
-359.4692563912806,-409.9999999999999,0.0,duct_filler,0,1247.0
-213.97698855549504,-410.0,0.0,duct_filler,0,1247.0
-207.0487853252195,-410.0,0.0,duct_filler,0,1247.0
-200.12058209494393,-410.0,0.0,duct_filler,0,1247.0
-193.1923788646684,-410.0,0.0,duct_filler,0,1247.0
-186.26417563439287,-410.0,0.0,duct_filler,0,1247.0
-179.33597240411734,-410.0,0.0,duct_filler,0,1247.0
-172.40776917384176,-410.0,0.0,duct_filler,0,1247.0
-165.47956594356629,-410.0,0.0,duct_filler,0,1247.0
-158.55136271329076,-410.0,0.0,duct_filler,0,1247.0
-151.62315948301529,-410.0,0.0,duct_filler,0,1247.0
-144.69495625273964,-410.0,0.0,duct_filler,0,1247.0
-137.76675302246417,-410.0,0.0,duct_filler,0,1247.0
-130.83854979218864,-410.0,0.0,duct_filler,0,1247.0
-123.91034656191306,-410.0,0.0,duct_filler,0,1247.0
-116.98214333163759,-410.0,0.0,duct_filler,0,1247.0
-110.05394010136206,-410.0,0.0,duct_filler,0,1247.0
-103.12573687108659,-410.0,0.0,duct_filler,0,1247.0
-96.197533640811,-410.0,0.0,duct_filler,0,1247.0
-89.26933041053547,-410.0,0.0,duct_filler,0,1247.0
-390.64617092752036,-416.0000000000001,0.0,duct_filler,0,1247.0
-383.71796769724483,-416.0000000000001,0.0,duct_filler,0,1247.0
-376.78976446696936,-416.0000000000001,0.0,duct_filler,0,1247.0
-369.8615612366939,-416.0,0.0,duct_filler,0,1247.0
-362.9333580064183,-416.0,0.0,duct_filler,0,1247.0
-356.0051547761429,-416.0,0.0,duct_filler,0,1247.0
-349.07695154586736,-416.0,0.0,duct_filler,0,1247.0
-203.58468371008172,-416.0,0.0,duct_filler,0,1247.0
-196.6564804798062,-416.0,0.0,duct_filler,0,1247.0
-189.72827724953066,-416.0,0.0,duct_filler,0,1247.0
-182.80007401925508,-416.0,0.0,duct_filler,0,1247.0
-175.8718707889796,-416.0,0.0,duct_filler,0,1247.0
-168.94366755870402,-416.0,0.0,duct_filler,0,1247.0
-162.0154643284285,-416.0,0.0,duct_filler,0,1247.0
-155.08726109815302,-416.0,0.0,duct_filler,0,1247.0
-148.1590578678775,-416.0,0.0,duct_filler,0,1247.0
-141.23085463760196,-416.0,0.0,duct_filler,0,1247.0
-134.30265140732644,-416.0,0.0,duct_filler,0,1247.0
-127.37444817705091,-416.0,0.0,duct_filler,0,1247.0
-120.44624494677538,-416.0,0.0,duct_filler,0,1247.0
-113.51804171649985,-416.0,0.0,duct_filler,0,1247.0
-106.58983848622432,-416.0,0.0,duct_filler,0,1247.0
-99.6616352559488,-416.0,0.0,duct_filler,0,1247.0
-92.73343202567327,-416.0,0.0,duct_filler,0,1247.0
-85.80522879539768,-416.0,0.0,duct_filler,0,1247.0
-78.87702556512215,-416.0,0.0,duct_filler,0,1247.0
-394.11027254265815,-421.9999999999999,0.0,duct_filler,0,1247.0
-387.1820693123826,-421.9999999999999,0.0,duct_filler,0,1247.0
-380.2538660821071,-421.9999999999999,0.0,duct_filler,0,1247.0
-373.32566285183157,-421.9999999999999,0.0,duct_filler,0,1247.0
-366.3974596215561,-422.0,0.0,duct_filler,0,1247.0
-359.4692563912806,-422.0,0.0,duct_filler,0,1247.0
-352.5410531610051,-422.0,0.0,duct_filler,0,1247.0
-345.61284993072957,-422.0,0.0,duct_filler,0,1247.0
-213.97698855549504,-422.0,0.0,duct_filler,0,1247.0
-207.0487853252195,-422.0,0.0,duct_filler,0,1247.0
-200.12058209494393,-422.0,0.0,duct_filler,0,1247.0
-193.1923788646684,-422.0,0.0,duct_filler,0,1247.0
-186.26417563439287,-422.0,0.0,duct_filler,0,1247.0
-179.33597240411734,-422.0,0.0,duct_filler,0,1247.0
-165.47956594356629,-422.0,0.0,duct_filler,0,1247.0
-158.55136271329076,-422.0,0.0,duct_filler,0,1247.0
-151.62315948301529,-422.0,0.0,duct_filler,0,1247.0
-144.69495625273964,-422.0,0.0,duct_filler,0,1247.0
-137.76675302246417,-422.0,0.0,duct_filler,0,1247.0
-130.83854979218864,-422.0,0.0,duct_filler,0,1247.0
-123.91034656191306,-422.0,0.0,duct_filler,0,1247.0
-116.98214333163759,-422.0,0.0,duct_filler,0,1247.0
-110.05394010136206,-422.0,0.0,duct_filler,0,1247.0
-103.12573687108659,-422.0,0.0,duct_filler,0,1247.0
-96.197533640811,-422.0,0.0,duct_filler,0,1247.0
-89.26933041053547,-422.0,0.0,duct_filler,0,1247.0
-82.34112718025995,-422.0,0.0,duct_filler,0,1247.0
-75.41292394998436,-422.0,0.0,duct_filler,0,1247.0
-390.64617092752036,-428.0,0.0,duct_filler,0,1247.0
-383.71796769724483,-428.0,0.0,duct_filler,0,1247.0
-376.78976446696936,-428.0,0.0,duct_filler,0,1247.0
-369.8615612366939,-428.0000000000001,0.0,duct_filler,0,1247.0
-362.9333580064183,-428.0000000000001,0.0,duct_filler,0,1247.0
-356.0051547761429,-428.0000000000001,0.0,duct_filler,0,1247.0
-349.07695154586736,-428.0000000000001,0.0,duct_filler,0,1247.0
-342.1487483155919,-428.0000000000001,0.0,duct_filler,0,1247.0
-210.51288694035725,-428.0,0.0,duct_filler,0,1247.0
-203.58468371008172,-428.0,0.0,duct_filler,0,1247.0
-196.6564804798062,-428.0,0.0,duct_filler,0,1247.0
-189.72827724953066,-428.0,0.0,duct_filler,0,1247.0
-141.23085463760196,-428.0,0.0,duct_filler,0,1247.0
-134.30265140732644,-428.0,0.0,duct_filler,0,1247.0
-127.37444817705091,-428.0,0.0,duct_filler,0,1247.0
-120.44624494677538,-428.0,0.0,duct_filler,0,1247.0
-113.51804171649985,-428.0,0.0,duct_filler,0,1247.0
-106.58983848622432,-428.0,0.0,duct_filler,0,1247.0
-99.6616352559488,-428.0,0.0,duct_filler,0,1247.0
-92.73343202567327,-428.0,0.0,duct_filler,0,1247.0
-85.80522879539768,-428.0,0.0,duct_filler,0,1247.0
-78.87702556512215,-428.0,0.0,duct_filler,0,1247.0
-71.94882233484668,-428.0,0.0,duct_filler,0,1247.0
-387.1820693123826,-434.0,0.0,duct_filler,0,1247.0
-380.2538660821071,-434.0,0.0,duct_filler,0,1247.0
-373.32566285183157,-433.9999999999999,0.0,duct_filler,0,1247.0
-366.3974596215561,-434.0,0.0,duct_filler,0,1247.0
-359.4692563912806,-434.0,0.0,duct_filler,0,1247.0
-352.5410531610051,-434.0,0.0,duct_filler,0,1247.0
-345.61284993072957,-434.0,0.0,duct_filler,0,1247.0
-338.6846467004541,-434.0,0.0,duct_filler,0,1247.0
-207.0487853252195,-434.0,0.0,duct_filler,0,1247.0
-200.12058209494393,-434.0,0.0,duct_filler,0,1247.0
-116.98214333163759,-434.0,0.0,duct_filler,0,1247.0
-110.05394010136206,-434.0,0.0,duct_filler,0,1247.0
-103.12573687108659,-434.0,0.0,duct_filler,0,1247.0
-96.197533640811,-434.0,0.0,duct_filler,0,1247.0
-89.26933041053547,-434.0,0.0,duct_filler,0,1247.0
-82.34112718025995,-434.0,0.0,duct_filler,0,1247.0
-362.9333580064183,-440.0,0.0,duct_filler,0,1247.0
-356.0051547761429,-440.0,0.0,duct_filler,0,1247.0
-349.07695154586736,-440.0,0.0,duct_filler,0,1247.0
-342.1487483155919,-440.0,0.0,duct_filler,0,1247.0
-335.22054508531636,-440.0,0.0,duct_filler,0,1247.0
-106.58983848622432,-440.0,0.0,duct_filler,0,1247.0
-352.5410531610051,-445.9999999999999,0.0,duct_filler,0,1247.0
-345.61284993072957,-445.9999999999999,0.0,duct_filler,0,1247.0
-338.6846467004541,-445.9999999999999,0.0,duct_filler,0,1247.0
-342.1487483155919,-452.0,0.0,duct_filler,0,1247.0
