x,y,z,type,is_movable,volume
452.36,288.46000000000004,0.0,epithelial_tumor_class1,1,924.1646821047493
-113.69999999999999,117.32,0.0,other_tissue,0,1025.9954337830638
-405.6,-493.97,0.0,other_tissue,0,616.6514082175752
49.98000000000002,339.63,0.0,other_tissue,0,902.4508782991952
-171.64999999999998,27.74000000000001,0.0,epithelial_tumor_class1_class2,1,1026.0692269383505
156.20000000000005,12.360000000000014,0.0,epithelial_tumor_class1,1,1826.7919633180063
-47.25,-145.15999999999997,0.0,epithelial_tumor_class1,1,2139.95917527496
-257.44,-281.28999999999996,0.0,epithelial_tumor_class1,1,985.1527331002142
47.98000000000002,185.97000000000003,0.0,other_tissue,0,831.1633001247284
-60.31,17.670000000000016,0.0,CD4_Tcell,1,1099.4050313935506
287.13,-462.53,0.0,epithelial_tumor_class1,1,1656.8165073069113
59.50999999999999,187.51999999999998,0.0,other_tissue,0,879.4142306858075
-240.14999999999998,-294.02,0.0,epithelial_tumor_class1,1,1346.3572824310122
292.30999999999995,36.360000000000014,0.0,epithelial_tumor_class1,1,1240.5273799022295
-81.41000000000003,-362.27,0.0,other_tissue,0,537.4159075820721
-150.74,-343.85,0.0,CD4_Tcell,1,1335.8574759940618
-265.73,-452.48,0.0,epithelial_tumor_class1,1,1504.6050411044023
-75.75999999999999,-288.25,0.0,epithelial_tumor_class1,1,1047.6937083874664
-216.13,-214.40999999999997,0.0,epithelial_tumor_class1,1,879.5474057638431
124.52999999999997,-412.64,0.0,epithelial_tumor_class1,1,1642.031727841872
241.95000000000005,163.62,0.0,epithelial_tumor_class1,1,1057.275832307415
213.89999999999998,-402.11,0.0,CAF,1,893.5160091208938
-446.18,-383.17999999999995,0.0,other_tissue,0,1021.9422566220422
340.12,-244.17999999999995,0.0,other_tissue,0,1036.4847579121392
43.870000000000005,-366.36,0.0,CAF,1,327.05639572852624
24.120000000000005,82.57999999999998,0.0,other_tissue,0,1036.4847579121392
225.65999999999997,-170.20000000000005,0.0,epithelial_tumor_class1,1,3013.0937061530294
233.58000000000004,-289.97,0.0,other_tissue,0,650.6103536073518
-326.56,272.02,0.0,CD4_Tcell,1,614.202160144887
-326.91999999999996,-442.16999999999996,0.0,epithelial_tumor_class1,1,1373.2452572747916
-198.16000000000003,-180.16999999999996,0.0,other_tissue,0,1036.4847579121392
223.26999999999998,-87.64999999999998,0.0,other_tissue,0,678.2249107717018
-200.14,131.95,0.0,epithelial_tumor_class1,1,1254.7911153906934
-42.06,382.37,0.0,epithelial_tumor_class1,1,1872.846768931836
-450.3,475.41,0.0,other_tissue,0,1036.4847579121392
269.67999999999995,-111.52999999999997,0.0,epithelial_tumor_class1,1,1103.8928144327592
409.64,-490.57000000000005,0.0,CD4_Tcell,1,947.0399360345643
-257.19,206.23000000000002,0.0,epithelial_tumor_class1,1,1108.7294891192666
320.36,378.96,0.0,epithelial_tumor_class1,1,2273.630712162042
5.3799999999999955,58.19999999999999,0.0,epithelial_tumor_class1,1,1632.4253645080294
-228.33999999999997,-179.76,0.0,other_tissue,0,825.7883589152112
403.65,319.78,0.0,other_tissue,0,963.9522241027141
-413.83,-372.16999999999996,0.0,epithelial_tumor_class1,1,2008.7437931706827
228.39999999999998,-276.66999999999996,0.0,other_tissue,0,835.4242402956913
93.85000000000002,-281.87,0.0,other_tissue,0,699.5742873725618
144.64,-180.77999999999997,0.0,epithelial_tumor_class1_class2,1,465.02366959589466
-359.69,-438.34000000000003,0.0,epithelial_tumor_class1,1,1342.7342172241133
376.02,140.88,0.0,other_tissue,0,1033.0215934367295
-136.22000000000003,-324.69000000000005,0.0,epithelial_tumor_class1,1,1863.127907043745
64.25999999999999,357.3,0.0,epithelial_tumor_class1,1,2121.861010792965
-164.92000000000002,129.57,0.0,epithelial_tumor_class1_class2,1,2506.3286322715994
134.07000000000005,305.95,0.0,other_tissue,0,525.2498441505148
-92.88999999999999,171.82999999999998,0.0,CD4_Tcell,1,858.1042196794615
305.97,314.89,0.0,epithelial_tumor_class1,1,1199.722793759285
-175.37,385.92,0.0,other_tissue,0,615.8634411754435
428.45000000000005,107.77999999999997,0.0,epithelial_tumor_class1,1,1467.138591884703
-184.10000000000002,-128.07000000000005,0.0,epithelial_tumor_class1,1,1078.3430991944601
324.03,281.66999999999996,0.0,epithelial_tumor_class1,1,992.4243549731838
-232.22000000000003,-430.55999999999995,0.0,other_tissue,0,796.0374903024691
49.74000000000001,130.44,0.0,other_tissue,0,1036.4847579121392
484.29999999999995,233.89999999999998,0.0,epithelial_tumor_class1,1,1686.8573537179764
99.69000000000005,-53.84000000000003,0.0,other_tissue,0,545.4309958641688
-26.75999999999999,428.23,0.0,epithelial_tumor_class1,1,1792.822159894652
57.02999999999997,40.69999999999999,0.0,epithelial_tumor_class1,1,1495.195148319919
-240.37,449.65,0.0,epithelial_tumor_class1,1,915.0640324915927
412.13,-472.26,0.0,other_tissue,0,589.5552529070028
411.84000000000003,131.62,0.0,epithelial_tumor_class1,1,1127.9816379500976
319.97,-271.97,0.0,other_tissue,0,624.6564176115172
144.90999999999997,222.17000000000002,0.0,epithelial_tumor_class1,1,1418.8194439415872
357.40999999999997,-431.53999999999996,0.0,other_tissue,0,1036.4847579121392
442.84000000000003,389.28,0.0,epithelial_tumor_class1,1,1957.1468037298885
-270.15999999999997,173.75,0.0,CD4_Tcell,1,601.8980078138569
-202.17000000000002,-318.58000000000004,0.0,epithelial_tumor_class1,1,780.090950427553
405.76,-132.42999999999995,0.0,other_tissue,0,603.6751966347517
445.85,-278.33000000000004,0.0,other_tissue,0,1036.4847579121392
168.16999999999996,-356.42999999999995,0.0,other_tissue,0,798.0329528373188
349.78,185.51999999999998,0.0,epithelial_tumor_class1,1,1124.0037319903367
-0.5299999999999727,260.89,0.0,other_tissue,0,949.3503387514057
130.12,-165.21000000000004,0.0,epithelial_tumor_class1,1,1659.6620481323414
-121.73000000000002,-358.15999999999997,0.0,epithelial_tumor_class1,1,2758.188246393535
-264.28,95.26999999999998,0.0,CD8_Tcell,1,802.5558120171429
2.269999999999982,-376.71000000000004,0.0,CD4_Tcell,1,1032.5768899132668
-245.23,337.35,0.0,epithelial_tumor_class1,1,3013.0937061530294
-299.45,-277.6,0.0,epithelial_tumor_class1,1,1580.4562599861993
-414.74,-385.62,0.0,CD4_Tcell,1,1335.8574759940618
320.08000000000004,-368.37,0.0,other_tissue,0,609.8446493468533
341.49,-167.27999999999997,0.0,epithelial_tumor_class1,1,3013.0937061530294
22.460000000000036,195.64,0.0,other_tissue,0,1036.4847579121392
-59.110000000000014,1.2699999999999818,0.0,apCAF,1,686.075800821403
-403.93,347.64,0.0,epithelial_tumor_class1,1,1231.837852627255
-99.0,275.89,0.0,CAF,1,1267.2080891008602
-441.98,-246.04999999999995,0.0,CD4_Tcell,1,630.6654153689135
365.49,186.04000000000002,0.0,epithelial_tumor_class1,1,1630.9172936524315
-167.23000000000002,-322.15,0.0,epithelial_tumor_class1,1,3013.0937061530294
385.4,176.51999999999998,0.0,epithelial_tumor_class1,1,2247.5587174431835
465.05999999999995,-37.049999999999955,0.0,epithelial_tumor_class1_class2,1,840.5824037752005
-287.5,-272.32000000000005,0.0,CAF,1,893.1123053795097
492.61,-435.96000000000004,0.0,CD4_Tcell,1,946.6435777120146
178.02999999999997,-186.35000000000002,0.0,epithelial_tumor_class1,1,3013.0937061530294
320.79999999999995,-75.88999999999999,0.0,epithelial_tumor_class1,1,1914.0351087402528
413.82000000000005,-181.41999999999996,0.0,other_tissue,0,1036.4847579121392
223.34000000000003,-141.64999999999998,0.0,other_tissue,0,746.4892264252841
456.21000000000004,305.64,0.0,epithelial_tumor_class1,1,1465.3597631243274
290.73,-187.47000000000003,0.0,epithelial_tumor_class1,1,2284.308621547176
297.20000000000005,193.75,0.0,epithelial_tumor_class1,1,778.6779651152596
300.99,403.59000000000003,0.0,CAF,1,930.2114166841379
19.92999999999995,21.19999999999999,0.0,CAF,1,1267.2080891008602
322.92999999999995,-406.59000000000003,0.0,epithelial_tumor_class1_class2,1,1505.0813326618375
-404.43,-119.53999999999996,0.0,other_tissue,0,527.4566630040069
427.86,-343.54999999999995,0.0,epithelial_tumor_class1,1,1000.3361819984384
-318.19,-40.41999999999996,0.0,CAF,1,936.8399767572755
-116.07,-246.40999999999997,0.0,other_tissue,0,624.0735180398925
153.75,-326.03,0.0,CAF,1,492.35453949533684
-354.64,185.89999999999998,0.0,apCAF,1,124.3219022584304
-371.6,407.14,0.0,epithelial_tumor_class1,1,2017.3790075689253
416.35,-367.64,0.0,epithelial_tumor_class1,1,892.8656574092439
-283.68,-246.39999999999998,0.0,other_tissue,0,507.00120178615055
142.54999999999995,9.25,0.0,epithelial_tumor_class1,1,1770.682516097636
-16.20999999999998,-205.61,0.0,CD4_Tcell,1,488.50498268410047
96.17999999999995,-84.17999999999995,0.0,apCAF,1,429.15814198294237
-238.41000000000003,-115.00999999999999,0.0,epithelial_tumor_class1,1,732.686578376271
-139.2,-37.57000000000005,0.0,epithelial_tumor_class1,1,806.2575933111713
290.9,456.09000000000003,0.0,other_tissue,0,1036.4847579121392
74.86000000000001,-296.94000000000005,0.0,other_tissue,0,1011.5514439325609
236.62,387.5,0.0,epithelial_tumor_class1,1,1065.2255567439709
144.28999999999996,-293.38,0.0,CAF,1,713.8472237605972
94.05999999999995,-111.38,0.0,other_tissue,0,1035.9152789443067
437.65999999999997,272.89,0.0,epithelial_tumor_class1,1,1198.5765271013106
-483.56,-189.11,0.0,CD8_Tcell,1,551.4577438180742
203.51,-181.26,0.0,epithelial_tumor_class1_class2,1,1092.3883939865623
139.80999999999995,467.57,0.0,CAF,1,918.8524827047521
425.08000000000004,-97.09000000000003,0.0,epithelial_tumor_class1_class2,1,909.4916931755695
73.94000000000005,-154.99,0.0,other_tissue,0,883.2372500729343
-112.70999999999998,74.31,0.0,other_tissue,0,729.9975948895199
-24.5,-186.44000000000005,0.0,epithelial_tumor_class1,1,1374.470435214734
-261.56,-202.28999999999996,0.0,epithelial_tumor_class1,1,1063.6374740373137
332.05999999999995,-359.44000000000005,0.0,other_tissue,0,637.1782293279146
-83.76999999999998,-314.47,0.0,epithelial_tumor_class1,1,1786.5134276734702
-391.85,-437.59000000000003,0.0,epithelial_tumor_class1,1,1462.4917052599474
-41.31,363.34000000000003,0.0,epithelial_tumor_class1,1,869.5084212837145
147.99,-276.78,0.0,CD4_Tcell,1,1011.9657179008718
-280.48,303.12,0.0,epithelial_tumor_class1,1,3013.0937061530294
30.42999999999995,135.93,0.0,other_tissue,0,654.5033088758137
368.35,-42.02999999999997,0.0,epithelial_tumor_class1,1,1987.8369964062447
-181.74,150.64999999999998,0.0,CAF,1,774.7347648982626
-52.39999999999998,-132.24,0.0,other_tissue,0,593.0985031184633
-144.14,488.61,0.0,epithelial_tumor_class1,1,1281.3908816532717
310.82000000000005,-161.40999999999997,0.0,epithelial_tumor_class1,1,1724.96841707443
220.85000000000002,413.54,0.0,epithelial_tumor_class1,1,2174.7991098851644
-112.63999999999999,145.54000000000002,0.0,other_tissue,0,925.0596864114236
167.71000000000004,-272.67999999999995,0.0,other_tissue,0,545.8992370085194
-316.2,367.31,0.0,other_tissue,0,660.6102119362241
-368.11,-413.64,0.0,epithelial_tumor_class1,1,1581.3422333833869
122.39999999999998,-229.58000000000004,0.0,other_tissue,0,900.826047360676
348.73,-275.90999999999997,0.0,other_tissue,0,549.411480340813
-324.38,-395.96000000000004,0.0,other_tissue,0,406.37873978230084
188.33000000000004,351.03999999999996,0.0,other_tissue,0,776.326783009131
31.950000000000045,153.70999999999998,0.0,epithelial_tumor_class1,1,530.6358193198879
222.61,398.26,0.0,epithelial_tumor_class1,1,725.1662120252684
-299.19,302.46000000000004,0.0,other_tissue,0,1036.4847579121392
401.65999999999997,-124.19000000000005,0.0,CAF,1,1267.2080891008602
37.879999999999995,68.97000000000003,0.0,CAF,1,756.9642459912366
251.77999999999997,-130.61,0.0,other_tissue,0,1036.4847579121392
437.62,209.99,0.0,epithelial_tumor_class1,1,732.234682739367
90.21000000000004,-204.99,0.0,other_tissue,0,1036.4847579121392
441.26,406.94,0.0,epithelial_tumor_class1,1,1886.325292406912
-183.37,-96.44000000000005,0.0,epithelial_tumor_class1,1,1355.8136643782427
179.51,-115.59000000000003,0.0,epithelial_tumor_class1,1,1749.07688808819
-21.44999999999999,378.05,0.0,epithelial_tumor_class1,1,1759.839975165796
-391.96,-283.53999999999996,0.0,other_tissue,0,528.1673081131629
221.01,123.75999999999999,0.0,epithelial_tumor_class1,1,3013.0937061530294
-30.319999999999993,2.25,0.0,CD4_Tcell,1,979.0129661853767
305.96000000000004,22.50999999999999,0.0,epithelial_tumor_class1,1,2170.1348007176916
68.61000000000001,274.57,0.0,other_tissue,0,588.6207007582756
140.53999999999996,154.93,0.0,epithelial_tumor_class1,1,1336.2994935532288
-106.11000000000001,-409.05999999999995,0.0,CD4_Tcell,1,1298.3238306840983
-185.14999999999998,-378.55999999999995,0.0,CAF,1,1083.870135970426
286.34000000000003,-165.89999999999998,0.0,epithelial_tumor_class1,1,1161.5855199622024
-174.25,-125.61000000000001,0.0,epithelial_tumor_class1,1,1225.8181627975594
-245.6,383.35,0.0,other_tissue,0,856.9475000322115
-186.44,335.62,0.0,epithelial_tumor_class1,1,3013.0937061530294
-10.889999999999986,-91.88999999999999,0.0,epithelial_tumor_class1,1,912.1954239271647
330.46000000000004,288.8,0.0,epithelial_tumor_class1,1,1064.5447564513613
47.66999999999996,50.81999999999999,0.0,epithelial_tumor_class1,1,2531.935041263348
420.75,148.89999999999998,0.0,epithelial_tumor_class1,1,3013.0937061530294
17.5,460.89,0.0,other_tissue,0,997.5333093043427
-203.76999999999998,109.81,0.0,other_tissue,0,678.056936304347
-219.43,152.91000000000003,0.0,other_tissue,0,677.534526441247
360.69000000000005,-167.29999999999995,0.0,epithelial_tumor_class1,1,3013.0937061530294
-483.63,-421.13,0.0,epithelial_tumor_class1,1,1900.127979073142
22.470000000000027,265.36,0.0,other_tissue,0,568.7742727896092
195.61,436.93,0.0,CAF,1,1267.2080891008602
64.54999999999995,452.77,0.0,other_tissue,0,642.1686433587412
-0.660000000000025,27.189999999999998,0.0,epithelial_tumor_class1,1,2208.2925400333947
310.29999999999995,489.22,0.0,epithelial_tumor_class1_class2,1,1342.7342172241133
215.61,162.99,0.0,epithelial_tumor_class1,1,1248.724855838073
102.12,373.99,0.0,epithelial_tumor_class1,1,1589.6602251340967
172.37,-226.17999999999995,0.0,CAF,1,1267.2080891008602
-227.17000000000002,87.67000000000002,0.0,CD4_Tcell,1,737.6302265772705
123.42999999999995,77.98000000000002,0.0,other_tissue,0,859.349400120344
-437.99,-107.94000000000005,0.0,epithelial_tumor_class1,1,860.5739077795005
48.49000000000001,2.069999999999993,0.0,epithelial_tumor_class1,1,3013.0937061530294
380.55999999999995,-104.08000000000004,0.0,CD4_Tcell,1,1181.5511114925368
136.01,166.29000000000002,0.0,epithelial_tumor_class1,1,1629.0418807208305
-415.39,-433.53,0.0,epithelial_tumor_class1,1,1196.7767264620013
108.50999999999999,326.39,0.0,other_tissue,0,939.8991950095913
92.27999999999997,-190.62,0.0,other_tissue,0,609.5317064167351
227.23000000000002,-121.23000000000002,0.0,epithelial_tumor_class1,1,1994.7641849557328
270.08000000000004,411.06,0.0,epithelial_tumor_class1,1,2229.6007322800347
423.4,-1.259999999999991,0.0,epithelial_tumor_class1,1,1547.3897700464186
-63.93000000000001,-258.07000000000005,0.0,epithelial_tumor_class1,1,1409.9230951412562
492.78,-195.27999999999997,0.0,epithelial_tumor_class1,1,1655.6656660954063
-329.83000000000004,104.44999999999999,0.0,epithelial_tumor_class1,1,857.6457723740921
-145.06,448.45,0.0,epithelial_tumor_class1,1,1537.2545548384637
-31.689999999999998,-357.71000000000004,0.0,apCAF,1,320.36492412726716
55.47000000000003,293.65999999999997,0.0,CAF,1,721.3670559178322
-398.28,-174.01999999999998,0.0,other_tissue,0,509.3262560723245
-341.77,227.69,0.0,epithelial_tumor_class1,1,655.5245833364177
-102.22000000000003,-111.90999999999997,0.0,CD4_Tcell,1,292.9517313222615
306.09000000000003,205.18,0.0,epithelial_tumor_class1,1,2451.98379512816
-109.66000000000003,131.82,0.0,epithelial_tumor_class1,1,1007.1233579960425
487.48,-291.75,0.0,other_tissue,0,484.7650665902619
-79.38999999999999,-303.42999999999995,0.0,epithelial_tumor_class1,1,1528.5750305025783
-199.98000000000002,387.39,0.0,other_tissue,0,771.0285233833221
88.15999999999997,121.54000000000002,0.0,other_tissue,0,785.6364539943061
39.51999999999998,-327.78999999999996,0.0,other_tissue,0,1036.4847579121392
32.74000000000001,-145.76999999999998,0.0,epithelial_tumor_class1,1,821.9845533725213
205.23000000000002,-107.28999999999996,0.0,epithelial_tumor_class1,1,2485.728652523068
-151.82999999999998,-326.38,0.0,epithelial_tumor_class1,1,1356.5246725783884
-70.12,-69.16999999999996,0.0,epithelial_tumor_class1,1,819.3775477097681
433.97,-392.53999999999996,0.0,epithelial_tumor_class1,1,1178.7158220800477
88.45000000000005,29.439999999999998,0.0,apCAF,1,561.9793419740747
18.24000000000001,321.94,0.0,epithelial_tumor_class1,1,2057.795351389002
130.58000000000004,-25.67999999999995,0.0,CD4_Tcell,1,395.0893922431286
-180.75,181.22000000000003,0.0,epithelial_tumor_class1,1,1428.4277385708226
-87.33999999999997,-326.54999999999995,0.0,epithelial_tumor_class1,1,1715.5953073076093
280.36,-157.77999999999997,0.0,epithelial_tumor_class1,1,2232.2841793617017
-333.75,142.55,0.0,other_tissue,0,610.5404615330284
243.97000000000003,-105.60000000000002,0.0,epithelial_tumor_class1,1,1098.7097432908663
438.23,-357.22,0.0,epithelial_tumor_class1,1,908.3799469646216
197.72000000000003,-234.26,0.0,other_tissue,0,485.27256974924774
-84.11000000000001,359.12,0.0,epithelial_tumor_class1,1,1133.3351417912697
132.47000000000003,-327.64,0.0,CAF,1,1076.4372113894642
231.95000000000005,-339.61,0.0,other_tissue,0,572.9507918450124
216.11,-131.41999999999996,0.0,other_tissue,0,852.8093126059149
106.99000000000001,-286.97,0.0,other_tissue,0,1036.4847579121392
-10.79000000000002,-287.6,0.0,epithelial_tumor_class1,1,2650.388312726015
142.48000000000002,82.91000000000003,0.0,epithelial_tumor_class1,1,1268.6253056574676
465.78,-150.85000000000002,0.0,epithelial_tumor_class1,1,793.1334076824289
474.03999999999996,-420.03,0.0,CAF,1,727.5890101193855
216.42999999999995,-286.61,0.0,epithelial_tumor_class1,1,874.8942725654457
431.41999999999996,-471.72,0.0,other_tissue,0,802.4514068172787
-39.360000000000014,110.92000000000002,0.0,epithelial_tumor_class1,1,1699.3258275604287
214.11,486.04,0.0,epithelial_tumor_class1,1,2123.3785940373236
-189.74,143.51999999999998,0.0,other_tissue,0,1036.4847579121392
443.92999999999995,443.62,0.0,other_tissue,0,831.9330475090135
192.51999999999998,-258.01,0.0,CD4_Tcell,1,925.8863569413612
352.53999999999996,-287.94000000000005,0.0,other_tissue,0,469.90858649492424
168.04999999999995,447.62,0.0,CD4_Tcell,1,485.1232673639009
448.12,369.95,0.0,epithelial_tumor_class1,1,3013.0937061530294
-133.25,158.19,0.0,other_tissue,0,678.150252028426
78.86000000000001,392.42,0.0,other_tissue,0,867.9453890756773
153.61,28.399999999999977,0.0,other_tissue,0,1036.4847579121392
-84.88,171.86,0.0,epithelial_tumor_class1,1,644.9984494748636
274.67999999999995,-144.70000000000005,0.0,epithelial_tumor_class1,1,1427.3239558717235
310.61,-200.59000000000003,0.0,other_tissue,0,1036.4847579121392
-153.69,35.139999999999986,0.0,CD4_Tcell,1,521.8414533835821
-126.63999999999999,-194.54999999999995,0.0,epithelial_tumor_class1,1,557.1684541731674
419.49,-448.01,0.0,epithelial_tumor_class1,1,1270.1844400874222
-200.33999999999997,26.829999999999984,0.0,CD4_Tcell,1,526.4785965250205
228.97000000000003,161.16000000000003,0.0,epithelial_tumor_class1,1,2031.5027377624642
73.63,-373.83000000000004,0.0,other_tissue,0,470.46417219619656
420.87,208.62,0.0,epithelial_tumor_class1,1,991.3181163956633
132.60000000000002,31.860000000000014,0.0,epithelial_tumor_class1,1,2506.3286322715994
-53.410000000000025,404.5,0.0,epithelial_tumor_class1,1,1120.0873462084
-81.95999999999998,405.83,0.0,mesenchymal_tumor_class1,1,1121.887751829781
232.44000000000005,-302.53999999999996,0.0,other_tissue,0,657.3874906014647
-62.64999999999998,131.64,0.0,other_tissue,0,1036.4847579121392
383.45000000000005,-174.05999999999995,0.0,other_tissue,0,800.5528139055989
-77.72000000000003,152.20999999999998,0.0,other_tissue,0,542.7558710254259
-427.65,-42.84000000000003,0.0,epithelial_tumor_class1,1,1286.160640660339
-137.01,-142.49,0.0,epithelial_tumor_class1,1,1923.3690563652765
-221.27999999999997,-339.15999999999997,0.0,other_tissue,0,614.4118411141843
-436.68,-263.5,0.0,other_tissue,0,559.0369903702732
55.559999999999945,-389.71000000000004,0.0,other_tissue,0,481.8909434804194
131.45000000000005,-301.84000000000003,0.0,apCAF,1,343.93603904146335
-372.18,46.51999999999998,0.0,apCAF,1,941.454524895391
-161.81,-369.54999999999995,0.0,epithelial_tumor_class1,1,1373.066024034756
-253.6,110.56,0.0,CD4_Tcell,1,497.5439714543003
-105.63,394.92,0.0,other_tissue,0,693.4375392898462
-339.85,-10.189999999999998,0.0,CD4_Tcell,1,552.7270209682525
-102.81,356.95,0.0,epithelial_tumor_class1,1,1391.0967935564302
317.62,-239.66999999999996,0.0,epithelial_tumor_class1,1,1846.8832923591779
-53.49000000000001,-109.32000000000005,0.0,epithelial_tumor_class1_class2,1,808.1442126757777
172.16999999999996,48.45999999999998,0.0,CAF,1,283.19639513483565
370.13,-21.710000000000036,0.0,other_tissue,0,1036.4847579121392
292.78999999999996,-175.14999999999998,0.0,epithelial_tumor_class1,1,1798.4662144950332
437.38,-150.23000000000002,0.0,other_tissue,0,1036.4847579121392
188.37,-199.77999999999997,0.0,other_tissue,0,446.78325895568804
-292.11,-194.17999999999995,0.0,CD4_Tcell,1,520.3070256747823
-95.05000000000001,-479.83000000000004,0.0,CD4_Tcell,1,796.1205680874783
386.12,-479.77,0.0,CD4_Tcell,1,611.5677502734417
211.88,-303.92999999999995,0.0,other_tissue,0,1036.4847579121392
-46.05000000000001,281.31,0.0,CAF,1,735.3033605335212
-421.42,162.74,0.0,CD4_Tcell,1,577.8855253950796
-131.52999999999997,108.75,0.0,CD4_Tcell,1,497.5591540557554
254.64,-54.049999999999955,0.0,other_tissue,0,468.8862844837993
-462.97,434.14,0.0,epithelial_tumor_class1,1,1449.7866128861524
245.82000000000005,-350.82000000000005,0.0,epithelial_tumor_class1,1,677.0123849746612
424.5,90.05000000000001,0.0,epithelial_tumor_class1,1,2027.5879525983855
-101.99000000000001,250.69,0.0,other_tissue,0,436.8387987915433
-440.26,-254.12,0.0,other_tissue,0,448.99138614354484
-224.91000000000003,-239.32000000000005,0.0,epithelial_tumor_class1,1,2368.574094925478
389.14,-415.53,0.0,epithelial_tumor_class1_class2,1,490.8333627986686
322.54999999999995,-161.97000000000003,0.0,epithelial_tumor_class1_class2,1,1124.0037319903367
476.04999999999995,176.07,0.0,other_tissue,0,307.43323507579896
-55.54000000000002,-43.49000000000001,0.0,other_tissue,0,769.8905240772742
145.51999999999998,-192.13,0.0,epithelial_tumor_class1,1,808.1442126757777
468.9,442.04,0.0,epithelial_tumor_class1,1,911.6042359978908
-432.02,-476.61,0.0,epithelial_tumor_class1,1,1960.0613832888544
-380.34000000000003,-306.80999999999995,0.0,CD4_Tcell,1,473.4542774447482
376.45000000000005,-195.86,0.0,epithelial_tumor_class1,1,822.4302038035438
99.5,354.45,0.0,other_tissue,0,1000.408739647349
-193.39999999999998,-99.74000000000001,0.0,epithelial_tumor_class1,1,832.8958998655548
178.11,-323.51,0.0,CD4_Tcell,1,567.4639628086956
50.950000000000045,451.13,0.0,other_tissue,0,1036.4847579121392
265.49,-158.11,0.0,epithelial_tumor_class1,1,1493.4884851012364
293.73,-243.54999999999995,0.0,other_tissue,0,439.39128445821643
406.28999999999996,-414.01,0.0,epithelial_tumor_class1_class2,1,1219.2109119207535
188.87,-220.45000000000005,0.0,CD4_Tcell,1,1335.8574759940618
-287.88,440.6,0.0,epithelial_tumor_class1,1,1605.7535503752088
-332.26,-215.85000000000002,0.0,CD4_Tcell,1,513.2842920505448
-449.39,-140.87,0.0,epithelial_tumor_class1,1,1077.377168466161
90.23000000000002,-408.16999999999996,0.0,other_tissue,0,176.21378552617605
245.12,-361.65999999999997,0.0,epithelial_tumor_class1,1,1970.114192671835
-336.07,-291.15999999999997,0.0,epithelial_tumor_class1,1,2801.4985270899356
290.26,-53.27999999999997,0.0,other_tissue,0,1036.4847579121392
-30.639999999999986,-212.01999999999998,0.0,epithelial_tumor_class1_class2,1,1455.4310980798418
80.38999999999999,168.04000000000002,0.0,other_tissue,0,1036.4847579121392
-21.69999999999999,118.24000000000001,0.0,epithelial_tumor_class1,1,1572.4973862147397
382.6,98.30000000000001,0.0,epithelial_tumor_class1,1,1453.878958458429
-30.99000000000001,-298.48,0.0,CD4_Tcell,1,1082.798916504703
-323.87,-73.80999999999995,0.0,apCAF,1,308.21590961112906
330.63,320.16999999999996,0.0,other_tissue,0,738.1238360168416
419.35,-138.24,0.0,epithelial_tumor_class1,1,1334.2177717464408
156.04999999999995,347.81,0.0,CAF,1,739.8433133807254
310.47,342.83000000000004,0.0,epithelial_tumor_class1,1,1106.9690671618669
426.72,-381.66999999999996,0.0,epithelial_tumor_class1,1,1500.5447730493313
-196.02999999999997,-123.80999999999995,0.0,epithelial_tumor_class1,1,730.5858598189725
340.02,-147.77999999999997,0.0,CD4_Tcell,1,729.2920939070515
335.01,-371.30999999999995,0.0,epithelial_tumor_class1,1,1381.0570082746926
44.360000000000014,280.95,0.0,other_tissue,0,1036.4847579121392
-402.38,-20.17999999999995,0.0,epithelial_tumor_class1,1,1581.604807591896
-85.11000000000001,238.23000000000002,0.0,CD8_Tcell,1,1198.249156499985
-427.69,-436.19000000000005,0.0,epithelial_tumor_class1,1,1793.7144189792164
-398.52,-155.83000000000004,0.0,other_tissue,0,506.5554797135256
232.52999999999997,228.89,0.0,other_tissue,0,558.348097052406
-380.78,-438.77,0.0,epithelial_tumor_class1,1,1425.883762207829
204.42999999999995,-288.02,0.0,other_tissue,0,788.6460518804589
-294.38,429.65999999999997,0.0,epithelial_tumor_class1,1,1179.1205854173013
-389.29,-13.590000000000032,0.0,epithelial_tumor_class1,1,2270.3711868157957
113.38,271.22,0.0,CAF,1,592.6036429261824
51.47000000000003,-190.16999999999996,0.0,epithelial_tumor_class1,1,1385.0490783859627
277.38,403.87,0.0,epithelial_tumor_class1,1,1239.857508528982
-135.99,118.57,0.0,CAF,1,741.5654590493115
-446.13,-489.80999999999995,0.0,CAF,1,1014.5513896016824
192.16999999999996,-87.67999999999995,0.0,other_tissue,0,393.6979742240284
428.53,198.57999999999998,0.0,epithelial_tumor_class1,1,1032.6757018868113
-44.870000000000005,-72.58000000000004,0.0,CD4_Tcell,1,592.5012924377963
-413.15999999999997,-26.840000000000032,0.0,epithelial_tumor_class1,1,1423.2816175900805
336.05999999999995,-185.5,0.0,epithelial_tumor_class1,1,1362.1325506555545
312.35,12.310000000000002,0.0,epithelial_tumor_class1,1,840.5824037752005
-159.86,-22.730000000000018,0.0,CAF,1,464.6088063411261
56.51999999999998,156.10000000000002,0.0,epithelial_tumor_class1,1,1848.4488590041933
-300.08000000000004,-83.15999999999997,0.0,epithelial_tumor_class1_class2,1,1155.9302763776477
-108.08999999999997,-354.80999999999995,0.0,epithelial_tumor_class1,1,1780.6457508688793
123.87,298.87,0.0,CAF,1,1061.2205748134556
-120.38999999999999,-459.67999999999995,0.0,CAF,1,549.9144557951182
92.73000000000002,-268.4,0.0,CAF,1,1051.5395823965061
324.54999999999995,-377.84000000000003,0.0,other_tissue,0,1036.4847579121392
-303.36,373.74,0.0,epithelial_tumor_class1,1,1455.4310980798418
97.59000000000003,-136.94000000000005,0.0,other_tissue,0,801.8669050264443
-75.24000000000001,-163.67999999999995,0.0,other_tissue,0,618.2118105110876
436.83000000000004,133.97000000000003,0.0,epithelial_tumor_class1,1,3013.0937061530294
-114.62,93.25999999999999,0.0,CD4_Tcell,1,937.3725440828972
-96.02999999999997,142.48000000000002,0.0,other_tissue,0,815.8678976601348
-185.76999999999998,84.01999999999998,0.0,epithelial_tumor_class1,1,554.4387368055606
467.53,-298.14,0.0,epithelial_tumor_class1,1,865.6592602140777
-291.64,228.35000000000002,0.0,epithelial_tumor_class1,1,927.7941681546397
-358.53999999999996,-140.07000000000005,0.0,other_tissue,0,470.8299278257185
328.26,165.06,0.0,epithelial_tumor_class1,1,2385.2403846636726
-178.25,-103.65999999999997,0.0,other_tissue,0,428.67681747207774
-270.03999999999996,-268.92999999999995,0.0,epithelial_tumor_class1,1,863.9692344150102
159.74,-187.39999999999998,0.0,epithelial_tumor_class1,1,2062.5715727781276
220.17999999999995,-101.66999999999996,0.0,epithelial_tumor_class1,1,3013.0937061530294
-330.5,459.34000000000003,0.0,epithelial_tumor_class1,1,1068.2801158869902
-54.379999999999995,36.170000000000016,0.0,other_tissue,0,902.4960403599052
-149.10000000000002,176.38,0.0,epithelial_tumor_class1,1,1612.5603018799773
357.54999999999995,-56.210000000000036,0.0,epithelial_tumor_class1,1,1117.6116800094376
18.399999999999977,402.9,0.0,CAF,1,773.6338744712821
30.210000000000036,485.68,0.0,apCAF,1,1185.27401858627
-315.41999999999996,459.45,0.0,epithelial_tumor_class1,1,1470.6692965177465
414.79999999999995,86.00999999999999,0.0,epithelial_tumor_class1,1,1298.7267478501342
-254.63,-120.0,0.0,epithelial_tumor_class1,1,1539.0266245944701
-453.6,-156.0,0.0,epithelial_tumor_class1,1,895.0646671139316
370.40999999999997,199.76999999999998,0.0,other_tissue,0,1036.4847579121392
-329.78,235.42000000000002,0.0,other_tissue,0,673.9781012272082
-416.85,43.74000000000001,0.0,CAF,1,720.7643126608716
57.26999999999998,-58.379999999999995,0.0,other_tissue,0,1036.4847579121392
-237.76,238.17000000000002,0.0,CAF,1,1200.2142745359567
260.03999999999996,-458.34000000000003,0.0,other_tissue,0,556.3502360401059
324.86,-201.59000000000003,0.0,epithelial_tumor_class1,1,1218.272901786634
-249.12,88.62,0.0,epithelial_tumor_class1_class2,1,2062.5715727781276
-442.79,492.377,0.0,epithelial_tumor_class1,1,827.4069249354673
-431.06,178.73000000000002,0.0,other_tissue,0,1036.4847579121392
58.879999999999995,315.81,0.0,epithelial_tumor_class1,1,1625.2953690832687
195.26,-146.12,0.0,other_tissue,0,633.1582080858674
-196.54000000000002,-441.55999999999995,0.0,epithelial_tumor_class1,1,1082.008707415671
102.53999999999996,-200.80999999999995,0.0,other_tissue,0,697.7465968471093
-439.81,-426.67999999999995,0.0,epithelial_tumor_class1,1,1977.6096461112527
-172.10000000000002,-477.70000000000005,0.0,epithelial_tumor_class1,1,1825.3108783496918
-302.43,262.47,0.0,CD8_Tcell,1,466.42426868530265
-110.19,-457.65,0.0,CAF,1,316.68843803088924
484.9,-301.90999999999997,0.0,mesenchymal_tumor_class1,1,453.1583441007098
379.58000000000004,472.11,0.0,epithelial_tumor_class1,1,1985.3914470486443
124.33000000000004,25.819999999999993,0.0,other_tissue,0,399.7948629841009
207.42999999999995,115.57999999999998,0.0,epithelial_tumor_class1,1,824.8947944742914
-298.51,-20.710000000000036,0.0,apCAF,1,1174.4041086767318
-492.314,95.50999999999999,0.0,CAF,1,536.4574916133523
-135.24,416.18,0.0,other_tissue,0,839.893425369878
-369.78999999999996,426.55,0.0,other_tissue,0,1036.4847579121392
436.83000000000004,460.43,0.0,other_tissue,0,1036.4847579121392
-190.66000000000003,444.27,0.0,other_tissue,0,1036.4847579121392
-205.82,414.54,0.0,CD8_Tcell,1,338.85727956117125
361.5,-447.28,0.0,epithelial_tumor_class1,1,3013.0937061530294
-8.069999999999993,474.39,0.0,epithelial_tumor_class1,1,903.7385875526297
301.95000000000005,-67.75999999999999,0.0,other_tissue,0,676.8073313873464
-206.68,-104.25,0.0,epithelial_tumor_class1,1,1267.1807033658094
-488.37,327.25,0.0,CD4_Tcell,1,581.2976969945115
-163.64,-349.0,0.0,epithelial_tumor_class1,1,2158.20034025643
194.45000000000005,419.09000000000003,0.0,epithelial_tumor_class1,1,1740.5960486786414
-133.79000000000002,91.77999999999997,0.0,other_tissue,0,1036.4847579121392
-120.74000000000001,-17.840000000000032,0.0,other_tissue,0,1003.7501855365691
267.14,180.55,0.0,epithelial_tumor_class1,1,2675.706625008553
-27.899999999999977,-38.879999999999995,0.0,other_tissue,0,475.26324272445686
463.22,324.41999999999996,0.0,epithelial_tumor_class1,1,2282.757208780634
-255.73,353.03999999999996,0.0,CD4_Tcell,1,1335.8574759940618
-294.5,43.629999999999995,0.0,CAF,1,1267.2080891008602
205.78999999999996,-264.44000000000005,0.0,CAF,1,671.8613607094633
-341.99,400.27,0.0,CD4_Tcell,1,1335.8574759940618
332.15,-23.970000000000027,0.0,other_tissue,0,491.36014795208064
21.809999999999945,124.56,0.0,other_tissue,0,346.3512167338897
-259.34000000000003,426.36,0.0,epithelial_tumor_class1,1,1944.9145144040842
321.94000000000005,-135.91999999999996,0.0,epithelial_tumor_class1,1,1549.1696186839251
361.23,351.43,0.0,mesenchymal_tumor_class1,1,1239.1320867187278
-394.47,284.3,0.0,epithelial_tumor_class1,1,1285.417266837687
-485.67,156.99,0.0,CAF,1,607.6216033212808
-471.47,-411.03,0.0,other_tissue,0,1036.4847579121392
-81.75,-203.27999999999997,0.0,epithelial_tumor_class1,1,1857.5319801945518
-303.68,-225.26,0.0,CAF,1,467.9529068434231
370.62,26.19999999999999,0.0,epithelial_tumor_class1,1,2823.660781328132
366.33000000000004,-246.71000000000004,0.0,CAF,1,913.8566638759949
-412.28,489.92,0.0,other_tissue,0,504.42271424954254
-475.85,151.58999999999997,0.0,other_tissue,0,626.0533181228806
62.67999999999995,143.8,0.0,other_tissue,0,1036.4847579121392
-450.72,487.22,0.0,epithelial_tumor_class1,1,1030.207293118436
404.64,61.18000000000001,0.0,CAF,1,1092.542284018594
318.92999999999995,326.09000000000003,0.0,epithelial_tumor_class1,1,1078.800846768015
188.78999999999996,127.68,0.0,epithelial_tumor_class1,1,2594.2924540161034
394.01,-65.75,0.0,epithelial_tumor_class1,1,1464.9854561656769
230.5,443.29,0.0,other_tissue,0,645.9375395233017
-298.43,58.50999999999999,0.0,epithelial_tumor_class1,1,2430.852419583999
49.40999999999997,168.57,0.0,other_tissue,0,518.3230113142372
-197.98000000000002,-32.82000000000005,0.0,CD4_Tcell,1,1023.8569710249781
-168.88,36.579999999999984,0.0,other_tissue,0,1036.4847579121392
-121.32,164.06,0.0,other_tissue,0,1036.4847579121392
-171.07,346.65999999999997,0.0,epithelial_tumor_class1,1,1649.143047081967
-365.35,-66.20000000000005,0.0,other_tissue,0,423.2287615582127
160.04999999999995,-106.95000000000005,0.0,CAF,1,590.9844771411043
-25.779999999999973,444.26,0.0,other_tissue,0,494.72537558825474
369.62,-101.33000000000004,0.0,other_tissue,0,614.5866117049243
-99.64999999999998,-211.63,0.0,other_tissue,0,1036.4847579121392
-155.82,494.646,0.0,epithelial_tumor_class1,1,1489.3851791036102
-67.32,-122.60000000000002,0.0,other_tissue,0,429.80505861406766
298.75,54.170000000000016,0.0,other_tissue,0,596.9472994194525
139.39999999999998,-359.14,0.0,CAF,1,1267.2080891008602
108.94000000000005,52.93000000000001,0.0,other_tissue,0,1036.4847579121392
-291.2,-173.40999999999997,0.0,other_tissue,0,765.410420391109
-73.29000000000002,-29.83000000000004,0.0,CAF,1,895.6262164018669
-203.43,194.51,0.0,CAF,1,448.94885369919683
86.95000000000005,375.9,0.0,epithelial_tumor_class1,1,1301.5783270091065
-148.44,-125.96000000000004,0.0,epithelial_tumor_class1,1,911.3541949411364
-224.86,167.95,0.0,epithelial_tumor_class1,1,2030.1455590361763
-333.46000000000004,-196.95000000000005,0.0,epithelial_tumor_class1,1,649.213402914372
19.00999999999999,482.4,0.0,epithelial_tumor_class1,1,1601.8111149791328
-74.75,346.81,0.0,epithelial_tumor_class1,1,2467.4046623449553
43.25999999999999,-385.52,0.0,epithelial_tumor_class1_class2,1,1681.825538228656
17.629999999999995,38.139999999999986,0.0,epithelial_tumor_class1,1,1203.6857594904554
259.12,-259.70000000000005,0.0,CD4_Tcell,1,1003.1443001290617
-409.99,-167.65999999999997,0.0,other_tissue,0,482.32207930237007
347.28,-452.07000000000005,0.0,epithelial_tumor_class1,1,1361.5383945710842
-393.72,31.910000000000025,0.0,other_tissue,0,526.7781979714713
252.51,-449.26,0.0,other_tissue,0,525.0924502013593
263.65999999999997,-127.66999999999996,0.0,other_tissue,0,792.3256729775853
-349.68,-313.27,0.0,epithelial_tumor_class1,1,859.1527126535044
490.0,-268.26,0.0,other_tissue,0,508.04736836425377
316.28,225.45,0.0,epithelial_tumor_class1,1,3013.0937061530294
-450.25,-424.23,0.0,other_tissue,0,879.2366848273272
379.25,-249.96000000000004,0.0,CD4_Tcell,1,1169.2976215121196
-68.75,-272.75,0.0,epithelial_tumor_class1,1,1579.7673983969087
78.15999999999997,383.34000000000003,0.0,epithelial_tumor_class1,1,1047.3944243362225
-265.68,56.25999999999999,0.0,CD8_Tcell,1,855.7264356119848
67.97000000000003,-233.51,0.0,other_tissue,0,708.5107786217889
425.79999999999995,-157.54999999999995,0.0,epithelial_tumor_class1,1,2193.2782642621496
420.85,303.75,0.0,CAF,1,499.9923505826753
203.79999999999995,407.15999999999997,0.0,epithelial_tumor_class1,1,1324.2789246791215
119.94000000000005,-103.0,0.0,other_tissue,0,919.4467998826206
-203.81,-117.07000000000005,0.0,epithelial_tumor_class1,1,772.9208917122114
243.49,-178.30999999999995,0.0,other_tissue,0,837.1412765286713
-80.26999999999998,-47.15999999999997,0.0,other_tissue,0,451.9183769976599
379.53999999999996,68.5,0.0,other_tissue,0,562.4075794378228
86.32000000000005,-90.52999999999997,0.0,other_tissue,0,716.3415456980474
27.370000000000005,303.06,0.0,epithelial_tumor_class1,1,1176.5047530359393
-170.72000000000003,-464.69000000000005,0.0,epithelial_tumor_class1,1,2048.3040387172205
355.79999999999995,-413.65,0.0,epithelial_tumor_class1_class2,1,1245.6430847855966
408.76,-61.879999999999995,0.0,epithelial_tumor_class1,1,1539.671351084601
-164.8,-304.28999999999996,0.0,epithelial_tumor_class1,1,2282.589530568421
-338.62,475.19,0.0,epithelial_tumor_class1,1,748.0622493516852
-255.63,229.25,0.0,other_tissue,0,626.4426987800151
270.86,2.2799999999999727,0.0,epithelial_tumor_class1,1,2127.295700345396
45.65999999999997,-373.87,0.0,other_tissue,0,409.39757644689007
385.86,-314.58000000000004,0.0,other_tissue,0,230.13775180652362
-11.449999999999989,-228.96000000000004,0.0,other_tissue,0,520.7451262327342
-269.7,-34.200000000000045,0.0,epithelial_tumor_class1,1,1568.2505446569467
143.30999999999995,-239.51,0.0,CD4_Tcell,1,1335.8574759940618
-370.27,55.49000000000001,0.0,CAF,1,1267.2080891008602
-142.54000000000002,109.16000000000003,0.0,CAF,1,654.8132264116606
-438.63,-408.79999999999995,0.0,epithelial_tumor_class1,1,1043.6084249513165
392.32000000000005,-460.82000000000005,0.0,other_tissue,0,1036.4847579121392
-14.110000000000014,-275.79999999999995,0.0,epithelial_tumor_class1,1,1612.0283524760525
449.6,354.03999999999996,0.0,CAF,1,1267.2080891008602
-323.56,62.170000000000016,0.0,other_tissue,0,366.6380375399819
-479.54,99.80000000000001,0.0,other_tissue,0,311.7821797996686
-143.70999999999998,-399.94000000000005,0.0,epithelial_tumor_class1,1,1814.0663991829044
-79.91000000000003,-228.29999999999995,0.0,other_tissue,0,737.6894480871501
260.20000000000005,171.95,0.0,epithelial_tumor_class1,1,1333.8075467406145
-71.48000000000002,176.69,0.0,CAF,1,575.4564527117299
-216.68,133.19,0.0,epithelial_tumor_class1,1,1279.509083231559
7.920000000000016,-38.01999999999998,0.0,epithelial_tumor_class1,1,1683.0568930582879
-13.730000000000018,18.399999999999977,0.0,epithelial_tumor_class1,1,793.2370030978309
191.27999999999997,-80.50999999999999,0.0,other_tissue,0,413.51747164318346
-32.22000000000003,-73.42999999999995,0.0,other_tissue,0,886.5803095526692
-227.95999999999998,-33.32000000000005,0.0,other_tissue,0,549.6061441182687
122.25,237.64999999999998,0.0,other_tissue,0,952.6708054170042
-364.96000000000004,-180.38,0.0,epithelial_tumor_class1,1,774.8163538577891
16.75999999999999,232.12,0.0,other_tissue,0,956.8440045061542
-462.6,-434.38,0.0,epithelial_tumor_class1,1,3013.0937061530294
384.89,453.4,0.0,epithelial_tumor_class1,1,2022.4018462571448
1.2099999999999795,317.74,0.0,other_tissue,0,646.4616585223689
111.79999999999995,-234.73000000000002,0.0,CD4_Tcell,1,682.9207147255094
402.46000000000004,-205.54999999999995,0.0,other_tissue,0,572.9507918450124
168.71000000000004,127.43,0.0,epithelial_tumor_class1,1,1871.0104407429246
-35.839999999999975,-130.27999999999997,0.0,CAF,1,563.3801559087437
346.71000000000004,-192.24,0.0,epithelial_tumor_class1,1,2751.0610257340577
127.97000000000003,-182.53999999999996,0.0,epithelial_tumor_class1,1,3013.0937061530294
-303.58000000000004,-293.30999999999995,0.0,epithelial_tumor_class1,1,1505.0813326618375
83.21000000000004,-260.48,0.0,CAF,1,317.9933939010928
-215.29000000000002,44.589999999999975,0.0,other_tissue,0,1036.4847579121392
184.49,45.44999999999999,0.0,epithelial_tumor_class1,1,1442.79786347284
-12.329999999999984,385.31,0.0,CD8_Tcell,1,717.4261582890178
-452.86,22.05000000000001,0.0,epithelial_tumor_class1,1,1008.192697379566
337.28999999999996,-80.00999999999999,0.0,other_tissue,0,784.3195956937989
-260.2,470.78,0.0,other_tissue,0,1032.9968843364106
24.149999999999977,-121.82000000000005,0.0,epithelial_tumor_class1,1,886.2902444385497
-183.89,-317.97,0.0,other_tissue,0,1012.526386223884
-168.01999999999998,-148.10000000000002,0.0,other_tissue,0,522.5941092100674
330.37,298.1,0.0,epithelial_tumor_class1,1,1462.8032692384043
-314.53,-301.73,0.0,epithelial_tumor_class1,1,1161.6389589525315
-436.15999999999997,-51.629999999999995,0.0,other_tissue,0,486.28863843563033
29.91999999999996,-286.19000000000005,0.0,other_tissue,0,909.9911394539138
-397.18,9.370000000000005,0.0,epithelial_tumor_class1,1,1115.4517176438928
-412.8,160.91000000000003,0.0,apCAF,1,337.7771948093238
445.69000000000005,-364.03999999999996,0.0,other_tissue,0,584.8923683913334
487.79999999999995,-387.89,0.0,other_tissue,0,585.7891137136262
-102.31,-42.39999999999998,0.0,other_tissue,0,452.35994461785305
-486.62,-320.04999999999995,0.0,epithelial_tumor_class1,1,1807.9231969879545
70.76999999999998,310.85,0.0,other_tissue,0,1036.4847579121392
224.71000000000004,-310.95000000000005,0.0,epithelial_tumor_class1,1,1124.1867192712393
-281.76,-147.67999999999995,0.0,CAF,1,788.4809437113366
-186.12,-435.35,0.0,CAF,1,575.1553884599061
-159.29000000000002,348.71000000000004,0.0,epithelial_tumor_class1,1,1141.951786356449
-221.08999999999997,-46.389999999999986,0.0,other_tissue,0,473.16057132567596
-264.21000000000004,20.180000000000007,0.0,other_tissue,0,348.0832483353079
132.89,-351.1,0.0,epithelial_tumor_class1,1,1222.774211583242
-150.91000000000003,-111.75999999999999,0.0,epithelial_tumor_class1,1,1157.715558294697
-284.08000000000004,112.48000000000002,0.0,CD4_Tcell,1,627.1510771887727
110.21000000000004,451.11,0.0,other_tissue,0,754.737173860426
-9.360000000000014,-6.509999999999991,0.0,epithelial_tumor_class1,1,3013.0937061530294
424.25,274.14,0.0,epithelial_tumor_class1,1,550.7588457330403
-92.69999999999999,-192.47000000000003,0.0,epithelial_tumor_class1,1,1272.5965232993644
-81.49000000000001,396.46,0.0,epithelial_tumor_class1,1,638.2531012351996
-5.0400000000000205,85.26999999999998,0.0,epithelial_tumor_class1,1,1681.825538228656
141.64999999999998,204.12,0.0,epithelial_tumor_class1,1,1372.4686925361566
65.23000000000002,7.939999999999998,0.0,other_tissue,0,973.1836822781863
301.5,-193.95000000000005,0.0,epithelial_tumor_class1,1,1026.0692269383505
251.55999999999995,168.29000000000002,0.0,epithelial_tumor_class1,1,1088.4690790858617
-228.07999999999998,-286.37,0.0,CD8_Tcell,1,717.6974823926508
363.45000000000005,-439.02,0.0,other_tissue,0,1036.4847579121392
285.38,-202.61,0.0,other_tissue,0,1036.4847579121392
178.70000000000005,315.8,0.0,other_tissue,0,1036.4847579121392
84.52999999999997,-379.20000000000005,0.0,epithelial_tumor_class1,1,1834.209406989096
105.91999999999996,-240.70000000000005,0.0,CAF,1,464.6378165900254
-46.76999999999998,118.60000000000002,0.0,other_tissue,0,1021.8196000013074
108.92999999999995,219.89999999999998,0.0,other_tissue,0,775.2243845794876
166.47000000000003,-245.16999999999996,0.0,CAF,1,861.0771673619481
-453.57,-260.25,0.0,epithelial_tumor_class1,1,1136.0972125898493
231.91999999999996,32.29000000000002,0.0,epithelial_tumor_class1,1,999.731671353604
-50.43000000000001,344.02,0.0,epithelial_tumor_class1,1,1204.7805251192094
-122.45999999999998,208.23000000000002,0.0,other_tissue,0,746.2106930956247
-281.24,-448.33000000000004,0.0,epithelial_tumor_class1,1,1575.7039148305396
202.78999999999996,105.83999999999997,0.0,epithelial_tumor_class1,1,1668.2862388955439
34.01999999999998,-378.80999999999995,0.0,other_tissue,0,439.48911745516017
198.54999999999995,-315.94000000000005,0.0,other_tissue,0,540.1536542971502
-140.3,-224.16999999999996,0.0,other_tissue,0,821.7299682794239
376.01,-88.63,0.0,other_tissue,0,1036.4847579121392
155.04999999999995,-216.83000000000004,0.0,CD4_Tcell,1,647.5288445928724
-119.97000000000003,-201.12,0.0,epithelial_tumor_class1,1,821.7299682794239
-484.64,421.22,0.0,epithelial_tumor_class1,1,3013.0937061530294
23.210000000000036,100.38,0.0,other_tissue,0,577.1644681516087
399.57000000000005,14.0,0.0,other_tissue,0,300.31856226465715
340.72,-469.54999999999995,0.0,CD8_Tcell,1,471.2837280151282
-273.44,-245.39999999999998,0.0,other_tissue,0,998.378451372316
178.05999999999995,341.46000000000004,0.0,epithelial_tumor_class1,1,1591.6701035136223
-423.2,30.110000000000014,0.0,epithelial_tumor_class1,1,1139.7605658736047
-445.58,212.47000000000003,0.0,other_tissue,0,659.8218724664337
345.52,300.21000000000004,0.0,epithelial_tumor_class1,1,890.7150205387925
-80.06,0.37999999999999545,0.0,CD4_Tcell,1,905.978045552448
-107.75,-481.89,0.0,other_tissue,0,1036.4847579121392
-156.97000000000003,-408.6,0.0,other_tissue,0,754.4766317093245
450.61,341.93,0.0,epithelial_tumor_class1,1,2777.3976525385297
-428.58,331.07,0.0,epithelial_tumor_class1,1,1025.478980759143
-382.58,-169.92999999999995,0.0,apCAF,1,124.3219022584304
-104.07,-178.14999999999998,0.0,other_tissue,0,752.6745226640408
372.34000000000003,96.47000000000003,0.0,epithelial_tumor_class1,1,775.2651955286292
35.00999999999999,348.03999999999996,0.0,epithelial_tumor_class1,1,1208.7271774324922
457.64,-437.5,0.0,CD8_Tcell,1,887.5402065706953
408.4,-162.77999999999997,0.0,other_tissue,0,1036.4847579121392
27.5,33.629999999999995,0.0,other_tissue,0,583.4223374163349
-354.85,-67.44000000000005,0.0,epithelial_tumor_class1_class2,1,2170.1348007176916
287.78999999999996,389.02,0.0,epithelial_tumor_class1,1,1488.849149271384
-428.07,295.55,0.0,other_tissue,0,1036.4847579121392
9.860000000000014,146.82,0.0,other_tissue,0,779.5378397427598
346.76,-58.41999999999996,0.0,epithelial_tumor_class1,1,797.8665370687343
110.80999999999995,-169.89999999999998,0.0,epithelial_tumor_class1,1,1474.8634856190035
-467.14,156.64999999999998,0.0,CD4_Tcell,1,1304.665027136323
0.6499999999999773,114.60000000000002,0.0,other_tissue,0,655.4151102933348
-121.79000000000002,47.660000000000025,0.0,CAF,1,903.1058756575351
-303.0,356.45,0.0,epithelial_tumor_class1_class2,1,817.2832344362822
9.569999999999993,99.60000000000002,0.0,other_tissue,0,1028.7281376435158
365.55999999999995,339.87,0.0,epithelial_tumor_class1,1,694.6885584122907
156.83000000000004,123.08999999999997,0.0,epithelial_tumor_class1,1,806.3832764899493
-322.78,-34.5,0.0,CAF,1,603.15720825922
104.27999999999997,88.20999999999998,0.0,other_tissue,0,263.8028263367337
236.89999999999998,-245.53999999999996,0.0,apCAF,1,258.2722746709998
-131.35000000000002,484.22,0.0,epithelial_tumor_class1,1,1967.1516915870293
-309.78,299.15,0.0,other_tissue,0,565.8247718905277
-125.72000000000003,149.85000000000002,0.0,other_tissue,0,1036.4847579121392
-447.83,-477.89,0.0,CAF,1,838.6026057823179
374.97,-125.89999999999998,0.0,CAF,1,1150.2137828048708
-365.36,-26.5,0.0,CD8_Tcell,1,891.6106990443668
277.0,-257.40999999999997,0.0,other_tissue,0,925.9322975167694
448.72,-139.64,0.0,other_tissue,0,676.0806568500217
-5.529999999999973,344.3,0.0,other_tissue,0,642.4566517158731
-23.560000000000002,175.08999999999997,0.0,epithelial_tumor_class1,1,1467.6381708680299
-451.43,-206.40999999999997,0.0,other_tissue,0,1036.4847579121392
255.01999999999998,479.45,0.0,epithelial_tumor_class1,1,1791.4308266452513
147.76999999999998,40.06999999999999,0.0,other_tissue,0,842.4359000245653
-426.56,-349.87,0.0,other_tissue,0,574.2027111114546
-129.41000000000003,201.01999999999998,0.0,other_tissue,0,451.6336472161568
-5.449999999999989,-446.54999999999995,0.0,CD8_Tcell,1,522.5470470323381
-484.26,303.49,0.0,other_tissue,0,469.96704859117204
395.70000000000005,494.365,0.0,epithelial_tumor_class1_class2,1,871.8454526595895
56.799999999999955,331.27,0.0,CAF,1,714.8326577904326
6.939999999999998,-406.87,0.0,CAF,1,1267.2080891008602
-379.36,-351.70000000000005,0.0,CAF,1,1222.3318752811604
420.74,97.93,0.0,epithelial_tumor_class1,1,1334.3643010589296
122.90999999999997,-195.79999999999995,0.0,epithelial_tumor_class1,1,1624.1925828149595
298.16999999999996,-410.27,0.0,epithelial_tumor_class1_class2,1,1596.6526619707465
489.75,-491.97,0.0,other_tissue,0,872.2206487837301
50.72000000000003,485.26,0.0,epithelial_tumor_class1,1,858.3662629043455
-212.32,493.018,0.0,other_tissue,0,1036.4847579121392
283.28,22.910000000000025,0.0,epithelial_tumor_class1,1,2987.0901425306824
243.75,-372.9,0.0,epithelial_tumor_class1,1,1953.365950131858
78.13999999999999,335.68,0.0,other_tissue,0,849.6818921649385
24.49000000000001,178.36,0.0,other_tissue,0,1036.4847579121392
-500.0066,-391.28999999999996,0.0,epithelial_tumor_class1,1,587.4496599953718
317.5,311.65,0.0,other_tissue,0,622.2036272758997
380.01,-66.61000000000001,0.0,other_tissue,0,654.7767604483082
-89.06,75.94,0.0,epithelial_tumor_class1_class2,1,465.02366959589466
-125.83999999999997,-126.63,0.0,other_tissue,0,544.2535053589357
487.39,-98.07000000000005,0.0,other_tissue,0,270.2801256080488
-72.23000000000002,417.43,0.0,epithelial_tumor_class1,1,704.1383330841395
446.28999999999996,-449.35,0.0,epithelial_tumor_class1_class2,1,1006.0547750097103
69.01999999999998,324.03,0.0,other_tissue,0,654.8314599010433
-34.89999999999998,-174.63,0.0,epithelial_tumor_class1,1,1151.8071829779876
-229.01,324.11,0.0,other_tissue,0,592.4330653264329
-157.13,-313.63,0.0,epithelial_tumor_class1,1,1115.815853350738
450.4,-477.99,0.0,other_tissue,0,707.3007984265643
424.61,-399.61,0.0,epithelial_tumor_class1_class2,1,1442.79786347284
-169.33999999999997,-22.25999999999999,0.0,epithelial_tumor_class1_class2,1,2961.5049048442593
-210.37,278.34000000000003,0.0,epithelial_tumor_class1,1,1182.3890654120114
-479.95,-228.52999999999997,0.0,CAF,1,434.82337134112555
414.29999999999995,491.255,0.0,epithelial_tumor_class1_class2,1,1115.4517176438928
-245.16,63.420000000000016,0.0,apCAF,1,265.9269609617548
12.32000000000005,-6.839999999999975,0.0,epithelial_tumor_class1,1,2271.7916222757503
254.41999999999996,-174.5,0.0,CAF,1,944.7565656237391
399.67999999999995,-99.65999999999997,0.0,CAF,1,941.454524895391
-110.23000000000002,-187.51999999999998,0.0,other_tissue,0,600.9332345929838
-300.88,-322.61,0.0,other_tissue,0,894.1891190015473
116.13999999999999,214.47000000000003,0.0,epithelial_tumor_class1,1,1095.751614231813
-293.41999999999996,-217.34000000000003,0.0,other_tissue,0,1036.4847579121392
372.01,415.95,0.0,CD4_Tcell,1,440.9723639914304
-460.09000000000003,-164.03999999999996,0.0,epithelial_tumor_class1_class2,1,1307.9011889976857
-62.22000000000003,296.90999999999997,0.0,epithelial_tumor_class1,1,964.8491213914194
-444.93,-130.52999999999997,0.0,epithelial_tumor_class1,1,1027.9890911397913
-438.7,-121.66999999999996,0.0,mesenchymal_tumor_class1,1,666.8657167980398
233.37,143.68,0.0,other_tissue,0,485.9597552835116
419.69000000000005,-409.46000000000004,0.0,epithelial_tumor_class1_class2,1,2961.5049048442593
226.39,434.34000000000003,0.0,other_tissue,0,771.0285233833221
291.41999999999996,159.19,0.0,epithelial_tumor_class1,1,1331.1431336360574
436.86,-294.21000000000004,0.0,other_tissue,0,372.9664041363481
-138.14,-281.66999999999996,0.0,other_tissue,0,319.0986461773517
184.53999999999996,-380.62,0.0,other_tissue,0,1036.4847579121392
342.13,-393.39,0.0,CD8_Tcell,1,858.650203259921
263.63,-250.52999999999997,0.0,other_tissue,0,1036.4847579121392
154.15999999999997,-147.78999999999996,0.0,epithelial_tumor_class1,1,1803.4055124881065
-69.49000000000001,-155.63,0.0,other_tissue,0,1036.4847579121392
196.10000000000002,87.13,0.0,epithelial_tumor_class1,1,1931.2704815123382
175.12,-106.13,0.0,other_tissue,0,1036.4847579121392
-332.75,-333.65999999999997,0.0,other_tissue,0,275.8674609483392
-339.78999999999996,-223.78999999999996,0.0,other_tissue,0,495.5880045287049
468.12,-327.12,0.0,other_tissue,0,1036.4847579121392
339.25,2.1100000000000136,0.0,other_tissue,0,822.7061633465266
-230.20999999999998,429.47,0.0,other_tissue,0,776.6740505366434
-217.94,92.30000000000001,0.0,CD4_Tcell,1,305.14795839987875
210.09000000000003,152.93,0.0,epithelial_tumor_class1,1,871.8454526595895
50.049999999999955,94.63,0.0,other_tissue,0,675.8385476423871
-465.99,170.01999999999998,0.0,epithelial_tumor_class1,1,2559.11742460813
-117.86000000000001,-450.9,0.0,epithelial_tumor_class1,1,661.6011087391649
310.87,-18.74000000000001,0.0,CAF,1,1267.2080891008602
-405.38,183.66000000000003,0.0,other_tissue,0,383.52585323686543
-17.129999999999995,55.20999999999998,0.0,epithelial_tumor_class1,1,1981.040282153529
399.83000000000004,-182.19000000000005,0.0,other_tissue,0,443.569037079754
192.02999999999997,-291.97,0.0,other_tissue,0,410.4383267846182
109.23000000000002,-211.34000000000003,0.0,CAF,1,686.075800821403
-158.61,-426.11,0.0,epithelial_tumor_class1,1,1587.3558930068086
321.61,-40.450000000000045,0.0,CD4_Tcell,1,652.0093067983995
255.45000000000005,-79.99000000000001,0.0,other_tissue,0,641.1612919632389
-195.31,-108.30999999999995,0.0,other_tissue,0,449.92777967880204
-496.474,429.24,0.0,epithelial_tumor_class1_class2,1,655.5245833364177
-112.5,227.16000000000003,0.0,CD4_Tcell,1,700.794519148167
61.700000000000045,376.62,0.0,epithelial_tumor_class1,1,2001.592235209829
-248.32,157.51999999999998,0.0,epithelial_tumor_class1_class2,1,1549.1696186839251
294.0,-111.25,0.0,CAF,1,508.9408233364767
342.87,171.83999999999997,0.0,epithelial_tumor_class1,1,1905.7347522194298
-55.620000000000005,121.93,0.0,CAF,1,430.39748768974596
-131.52999999999997,-420.49,0.0,epithelial_tumor_class1,1,1413.148278900585
257.36,-138.5,0.0,other_tissue,0,1036.4847579121392
-348.36,233.79000000000002,0.0,CD4_Tcell,1,601.8980078138569
172.07000000000005,-416.13,0.0,epithelial_tumor_class1,1,1257.155511765613
-179.25,133.91000000000003,0.0,CD4_Tcell,1,1335.8574759940618
-113.41000000000003,-229.84000000000003,0.0,other_tissue,0,654.0841643499417
102.82000000000005,123.02999999999997,0.0,other_tissue,0,719.7151747812514
-471.95,-424.55999999999995,0.0,epithelial_tumor_class1,1,779.8246052276517
-409.56,444.53,0.0,CAF,1,726.2597117974257
164.29999999999995,-401.66999999999996,0.0,epithelial_tumor_class1,1,979.5136994159417
190.90999999999997,-351.30999999999995,0.0,other_tissue,0,578.6239728159791
-157.89,-177.37,0.0,other_tissue,0,1036.4847579121392
50.610000000000014,82.55000000000001,0.0,other_tissue,0,1036.4847579121392
147.24,-416.65,0.0,epithelial_tumor_class1,1,2862.3354358837896
-131.82,-247.61,0.0,CAF,1,1174.4041086767318
372.49,-455.79999999999995,0.0,CD8_Tcell,1,377.734901469129
-30.269999999999982,359.06,0.0,apCAF,1,195.81516706432052
-414.11,-52.41999999999996,0.0,CD8_Tcell,1,597.513185804255
-339.97,-17.620000000000005,0.0,other_tissue,0,462.9716880416556
333.95000000000005,-118.14999999999998,0.0,other_tissue,0,428.9793222718158
-102.0,-345.0,0.0,epithelial_tumor_class1,1,1854.7199729167853
444.15,85.95999999999998,0.0,other_tissue,0,457.52326624077676
388.67999999999995,-87.53999999999996,0.0,epithelial_tumor_class1,1,1731.5498665241998
419.39,-377.36,0.0,epithelial_tumor_class1,1,864.8907937191991
-490.499,441.84000000000003,0.0,other_tissue,0,905.6158625937192
-483.59,-392.34000000000003,0.0,other_tissue,0,706.9169660129436
471.70000000000005,36.30000000000001,0.0,epithelial_tumor_class1,1,622.1155172509265
427.21000000000004,435.42,0.0,other_tissue,0,838.6456117792901
332.57000000000005,313.88,0.0,other_tissue,0,491.36014795208064
-404.11,32.079999999999984,0.0,other_tissue,0,613.0846672917578
-381.86,8.740000000000009,0.0,epithelial_tumor_class1_class2,1,1254.7911153906934
-77.80000000000001,-321.59000000000003,0.0,epithelial_tumor_class1,1,780.3163668055928
382.13,-95.69000000000005,0.0,other_tissue,0,344.8745967260734
-319.89,-80.29999999999995,0.0,CD4_Tcell,1,518.7912203233
383.45000000000005,495.401,0.0,epithelial_tumor_class1_class2,1,1987.8369964062447
-348.27,-207.73000000000002,0.0,CD8_Tcell,1,320.9426411325358
446.91999999999996,-462.74,0.0,CAF,1,1116.9868262747686
231.61,-414.45000000000005,0.0,CD4_Tcell,1,521.2617746642613
388.29999999999995,392.61,0.0,epithelial_tumor_class1,1,1087.8551364940336
346.11,28.379999999999995,0.0,other_tissue,0,631.1278669580558
227.33000000000004,-5.730000000000018,0.0,epithelial_tumor_class1,1,2268.366874324491
227.92999999999995,220.51,0.0,CAF,1,410.5318136098876
406.69000000000005,-15.539999999999964,0.0,CD8_Tcell,1,675.7268244288156
425.39,-73.97000000000003,0.0,CAF,1,463.82598599347216
-258.03,-219.72000000000003,0.0,other_tissue,0,499.9466553324902
308.04999999999995,-8.04000000000002,0.0,CAF,1,796.3282878380627
113.77999999999997,-302.94000000000005,0.0,CAF,1,538.9197199038118
448.74,267.45,0.0,epithelial_tumor_class1,1,1766.4037702831756
-314.25,257.59000000000003,0.0,other_tissue,0,610.5404615330284
125.75999999999999,-243.14,0.0,other_tissue,0,1036.4847579121392
-55.14999999999998,-315.21000000000004,0.0,epithelial_tumor_class1,1,2039.3474186257156
170.49,-206.66999999999996,0.0,CAF,1,543.6251301965005
-4.939999999999998,-35.02999999999997,0.0,CD8_Tcell,1,534.448528479726
-190.24,482.46,0.0,other_tissue,0,534.0505219264328
-288.24,355.51,0.0,epithelial_tumor_class1,1,1216.9494714201996
-115.08999999999997,-366.44000000000005,0.0,epithelial_tumor_class1,1,1981.9557880172324
21.74000000000001,411.68,0.0,other_tissue,0,340.0456733980796
385.88,-443.88,0.0,epithelial_tumor_class1_class2,1,732.686578376271
287.61,323.5,0.0,other_tissue,0,432.4960186352022
159.89999999999998,485.14,0.0,epithelial_tumor_class1,1,1775.2517581254872
-367.46000000000004,232.77999999999997,0.0,apCAF,1,321.3168278680735
126.38,-65.67999999999995,0.0,CAF,1,419.2205541931655
316.07000000000005,-357.91999999999996,0.0,epithelial_tumor_class1,1,1042.2904551182633
159.47000000000003,-240.03999999999996,0.0,other_tissue,0,605.732805166925
-129.77999999999997,-7.7099999999999795,0.0,other_tissue,0,269.7043811555102
91.37,-230.59000000000003,0.0,CAF,1,1136.1235395760816
-325.93,-188.57000000000005,0.0,epithelial_tumor_class1,1,899.0229683636201
-275.56,-230.39,0.0,other_tissue,0,375.0374355077611
15.879999999999995,165.77999999999997,0.0,other_tissue,0,960.2525141890351
167.02999999999997,-75.88,0.0,other_tissue,0,331.8545515343296
-65.06,400.25,0.0,epithelial_tumor_class1,1,1433.5247653191873
-159.5,266.55,0.0,CD8_Tcell,1,1194.9242718067392
99.98000000000002,99.08999999999997,0.0,other_tissue,0,894.7278502354399
479.53,-199.19000000000005,0.0,epithelial_tumor_class1,1,1690.6292157941837
306.99,-489.79999999999995,0.0,CAF,1,374.5974868248289
42.75999999999999,233.32999999999998,0.0,other_tissue,0,764.621622510909
355.78999999999996,306.57,0.0,epithelial_tumor_class1,1,785.7805747313406
-192.95,-62.84000000000003,0.0,apCAF,1,162.29407596470688
-363.23,-93.09000000000003,0.0,CD4_Tcell,1,490.92364207181834
-316.78,61.25999999999999,0.0,other_tissue,0,332.89875094819286
-249.92,-179.70000000000005,0.0,other_tissue,0,653.7926911156951
367.57000000000005,-138.01,0.0,epithelial_tumor_class1,1,2189.688255416119
-32.06999999999999,25.100000000000023,0.0,other_tissue,0,571.767319545499
106.33000000000004,34.27999999999997,0.0,other_tissue,0,725.6151950769298
-366.47,-318.34000000000003,0.0,epithelial_tumor_class1,1,1838.5243388870817
-285.47,-56.299999999999955,0.0,CAF,1,280.18317709108464
235.65999999999997,426.27,0.0,CAF,1,326.3452708304744
-171.49,-227.75,0.0,other_tissue,0,277.8292295282013
66.61000000000001,-267.80999999999995,0.0,other_tissue,0,681.1783159818515
194.13,396.57,0.0,epithelial_tumor_class1,1,1794.7498103406288
-334.05,352.13,0.0,other_tissue,0,334.4109025809849
-53.97000000000003,79.24000000000001,0.0,epithelial_tumor_class1,1,817.2832344362822
410.25,-454.14,0.0,CAF,1,785.9864920716797
-100.75999999999999,157.85000000000002,0.0,other_tissue,0,631.3413823794169
-436.49,271.68,0.0,other_tissue,0,711.455045305257
344.72,-201.53999999999996,0.0,other_tissue,0,444.93460031565115
-224.0,248.23,0.0,epithelial_tumor_class1,1,902.5186219552692
-339.55,-417.70000000000005,0.0,other_tissue,0,385.54608862914904
-132.75,236.51,0.0,other_tissue,0,672.8820409865959
36.83000000000004,102.38,0.0,epithelial_tumor_class1,1,1407.6137222164823
-93.13,300.47,0.0,other_tissue,0,748.6203064241193
-296.15,388.09000000000003,0.0,CD4_Tcell,1,889.3949899531347
350.75,-39.960000000000036,0.0,CAF,1,1267.2080891008602
307.07000000000005,-416.05999999999995,0.0,epithelial_tumor_class1,1,1374.2313189060014
-178.13,377.38,0.0,other_tissue,0,708.8951876914857
-128.57999999999998,-343.08000000000004,0.0,epithelial_tumor_class1,1,1481.7981755852784
80.96000000000004,150.39999999999998,0.0,other_tissue,0,463.3045945763042
-212.14,377.07,0.0,epithelial_tumor_class1,1,1390.1026796396266
476.23,414.5,0.0,other_tissue,0,228.93214850032723
-121.51999999999998,-181.86,0.0,other_tissue,0,512.4941473389248
-281.24,248.35,0.0,CD8_Tcell,1,856.3150181911806
493.05999999999995,182.56,0.0,epithelial_tumor_class1,1,1025.9954337830638
-122.02999999999997,-274.74,0.0,apCAF,1,512.4941473389248
-331.74,-10.329999999999984,0.0,CD4_Tcell,1,572.650602237088
84.99000000000001,349.28,0.0,epithelial_tumor_class1,1,1317.1477894236323
117.96000000000004,304.49,0.0,other_tissue,0,243.96298978971302
137.0,180.14,0.0,epithelial_tumor_class1,1,1315.6375432336758
330.44000000000005,-155.35000000000002,0.0,CD4_Tcell,1,456.49034240326165
96.40999999999997,-24.840000000000032,0.0,CD4_Tcell,1,788.0476444114092
-91.07,157.0,0.0,CD4_Tcell,1,461.2951113467953
464.02,-420.33000000000004,0.0,CAF,1,460.4150894278454
191.49,-110.49000000000001,0.0,epithelial_tumor_class1,1,690.8077315009772
259.42999999999995,-240.12,0.0,other_tissue,0,1036.4847579121392
-189.91000000000003,74.33999999999997,0.0,other_tissue,0,518.7287761711469
-279.53,418.43,0.0,CD4_Tcell,1,555.9577760332687
161.24,282.03999999999996,0.0,CAF,1,467.12266096098466
8.560000000000002,-101.51999999999998,0.0,other_tissue,0,1036.4847579121392
328.64,-476.62,0.0,other_tissue,0,702.6848589161974
32.16999999999996,-369.78999999999996,0.0,other_tissue,0,899.9242068096072
-170.51,10.860000000000014,0.0,epithelial_tumor_class1,1,1555.8480895267123
-438.02,-272.78999999999996,0.0,other_tissue,0,501.3187243471574
-453.87,-338.54999999999995,0.0,other_tissue,0,1036.4847579121392
-316.85,103.38999999999999,0.0,CAF,1,422.05764078702134
-129.32,-113.03999999999996,0.0,other_tissue,0,485.3472324279371
316.52,-424.1,0.0,other_tissue,0,421.16034034392095
67.70000000000005,128.31,0.0,other_tissue,0,570.7019252161288
68.53999999999996,-396.29999999999995,0.0,epithelial_tumor_class1,1,669.8601201777878
321.74,-114.92999999999995,0.0,epithelial_tumor_class1,1,2401.8545711959578
-87.55000000000001,213.98000000000002,0.0,other_tissue,0,339.9278869080927
363.36,-127.91999999999996,0.0,CAF,1,1267.2080891008602
-313.48,489.21,0.0,CAF,1,366.8486469973964
1.8899999999999864,91.55000000000001,0.0,epithelial_tumor_class1_class2,1,1806.9903592969729
236.67999999999995,-267.35,0.0,other_tissue,0,1036.4847579121392
-63.45999999999998,-215.64,0.0,other_tissue,0,804.7085743866489
327.78999999999996,365.2,0.0,CD4_Tcell,1,1022.4820623631321
460.90999999999997,-340.03,0.0,other_tissue,0,1036.4847579121392
-26.110000000000014,388.64,0.0,epithelial_tumor_class1,1,544.6404383419248
-26.470000000000027,16.339999999999975,0.0,other_tissue,0,1036.4847579121392
364.1,-148.92999999999995,0.0,apCAF,1,124.3219022584304
311.87,-0.07999999999998408,0.0,other_tissue,0,768.1247828786835
-176.38,-86.19000000000005,0.0,other_tissue,0,906.4535572135501
-394.62,47.95999999999998,0.0,CD4_Tcell,1,689.5047604612055
447.92999999999995,-412.83000000000004,0.0,other_tissue,0,950.8459303949523
-6.819999999999993,43.55000000000001,0.0,epithelial_tumor_class1,1,2197.362580279641
-266.01,-315.69000000000005,0.0,other_tissue,0,451.4628667667219
129.89999999999998,-95.50999999999999,0.0,other_tissue,0,757.2052726286366
-224.06,74.57,0.0,other_tissue,0,726.787327446028
-472.33,-368.27,0.0,epithelial_tumor_class1,1,2040.8643078309465
-86.27999999999997,227.87,0.0,CAF,1,432.73114598268774
-80.19999999999999,-373.38,0.0,CAF,1,399.49312442398474
152.34000000000003,-38.610000000000014,0.0,CAF,1,346.84037959263577
-441.6,143.64999999999998,0.0,CAF,1,1267.2080891008602
15.730000000000018,245.92,0.0,other_tissue,0,1036.4847579121392
-40.389999999999986,-28.74000000000001,0.0,epithelial_tumor_class1,1,576.4607589629512
325.86,349.18,0.0,other_tissue,0,344.7438092847315
423.80999999999995,490.083,0.0,epithelial_tumor_class1,1,562.7701040896524
384.25,-452.12,0.0,other_tissue,0,552.4013798177809
-405.29,129.69,0.0,epithelial_tumor_class1,1,1428.4277385708226
-160.43,223.95,0.0,CAF,1,206.54816413515883
-65.66000000000003,450.34000000000003,0.0,CD4_Tcell,1,554.1776760167836
159.41999999999996,133.51,0.0,epithelial_tumor_class1_class2,1,1026.8073531074176
-400.67,229.47000000000003,0.0,CD8_Tcell,1,1262.6203362594867
-331.65,216.95999999999998,0.0,epithelial_tumor_class1,1,1214.6357751592209
280.92999999999995,63.27999999999997,0.0,other_tissue,0,261.6306818231973
-257.56,397.85,0.0,CAF,1,572.483875548819
292.44000000000005,-19.92999999999995,0.0,CD8_Tcell,1,842.6300279014885
-404.92,-108.0,0.0,CAF,1,512.4941473389248
7.329999999999984,-246.65999999999997,0.0,CAF,1,435.89285912647273
420.65,322.31,0.0,other_tissue,0,458.80222682744795
-480.75,-243.51999999999998,0.0,other_tissue,0,568.8240711090849
47.700000000000045,203.29000000000002,0.0,CAF,1,338.6340302077058
75.29999999999995,240.33999999999997,0.0,other_tissue,0,297.40028012960687
-242.48000000000002,-455.01,0.0,epithelial_tumor_class1,1,1535.9022543015633
-407.13,279.95,0.0,other_tissue,0,842.3927645458217
-437.1,-92.67999999999995,0.0,epithelial_tumor_class1,1,1084.2273660644723
363.84000000000003,-110.65999999999997,0.0,other_tissue,0,811.947320439362
475.35,-250.74,0.0,epithelial_tumor_class1,1,3013.0937061530294
184.99,-237.53999999999996,0.0,CD4_Tcell,1,820.881730959799
-298.01,219.97000000000003,0.0,other_tissue,0,351.7091698898238
-343.40999999999997,328.24,0.0,CAF,1,734.9488456071366
-164.63,406.2,0.0,other_tissue,0,332.968442017226
-17.930000000000007,-340.13,0.0,CAF,1,714.5427301725099
151.25,-376.79999999999995,0.0,other_tissue,0,513.7804835438686
210.87,-235.64999999999998,0.0,other_tissue,0,714.3108445300846
23.659999999999968,-206.29999999999995,0.0,CAF,1,1134.7024642489557
443.54999999999995,-22.659999999999968,0.0,epithelial_tumor_class1_class2,1,1518.7458541039239
-450.65,287.90999999999997,0.0,epithelial_tumor_class1,1,835.2097759951788
-16.339999999999975,469.73,0.0,epithelial_tumor_class1,1,707.9152192392829
-169.54000000000002,83.60000000000002,0.0,CAF,1,1267.2080891008602
210.76999999999998,-336.07000000000005,0.0,other_tissue,0,907.2011259412744
-93.42000000000002,-220.84000000000003,0.0,other_tissue,0,486.85705877824216
-383.21,-408.28999999999996,0.0,other_tissue,0,517.8394913737843
-300.65,-10.230000000000018,0.0,other_tissue,0,264.44983261596036
393.83000000000004,-12.879999999999995,0.0,epithelial_tumor_class1,1,1975.5531668350955
-177.12,107.32,0.0,apCAF,1,1185.27401858627
-211.81,10.329999999999984,0.0,epithelial_tumor_class1,1,612.9625238100608
94.89999999999998,70.13,0.0,other_tissue,0,1036.4847579121392
127.30999999999995,207.22000000000003,0.0,other_tissue,0,1036.4847579121392
93.01999999999998,-300.30999999999995,0.0,other_tissue,0,442.9505286082402
-32.68000000000001,-161.92999999999995,0.0,epithelial_tumor_class1,1,1290.6842298094327
-44.93000000000001,262.15,0.0,other_tissue,0,271.26178384792746
-332.97,246.01,0.0,apCAF,1,233.68819345474904
-254.48,296.72,0.0,epithelial_tumor_class1_class2,1,775.2651955286292
149.41999999999996,-247.90999999999997,0.0,CD4_Tcell,1,1335.8574759940618
436.38,-219.54999999999995,0.0,epithelial_tumor_class1_class2,1,1249.9309286378025
-456.4,-453.33000000000004,0.0,epithelial_tumor_class1,1,1154.0936217945755
-274.76,-167.20000000000005,0.0,other_tissue,0,464.3767678197209
113.95000000000005,-183.99,0.0,CAF,1,1267.2080891008602
-18.089999999999975,46.00999999999999,0.0,other_tissue,0,374.64774925115347
-48.04000000000002,129.58999999999997,0.0,other_tissue,0,760.2224238460839
-426.5,-106.45000000000005,0.0,CD4_Tcell,1,311.6821296589447
446.75,-296.58000000000004,0.0,CAF,1,644.168475069739
-95.79000000000002,-232.94000000000005,0.0,epithelial_tumor_class1,1,1173.4623251541088
47.42999999999995,-412.48,0.0,mesenchymal_tumor_class1_class2,1,324.4692019500611
-286.93,-203.73000000000002,0.0,other_tissue,0,897.6497385190786
-121.41000000000003,102.55000000000001,0.0,CD8_Tcell,1,1262.6203362594867
-112.20999999999998,297.69,0.0,CD4_Tcell,1,278.79811274285765
-171.45999999999998,302.38,0.0,CD4_Tcell,1,732.234682739367
103.42999999999995,-378.75,0.0,epithelial_tumor_class1,1,732.234682739367
-380.35,-272.38,0.0,CAF,1,353.0723354552166
116.59000000000003,-427.21000000000004,0.0,epithelial_tumor_class1,1,800.6779035400876
-265.24,31.24000000000001,0.0,epithelial_tumor_class1,1,998.6200081812597
-133.33999999999997,-76.91999999999996,0.0,epithelial_tumor_class1,1,1266.8692663241252
449.04999999999995,115.52999999999997,0.0,other_tissue,0,331.7734276701613
51.35000000000002,-216.76999999999998,0.0,CAF,1,537.4159075820721
357.6,56.379999999999995,0.0,CD4_Tcell,1,964.4478091274389
313.71000000000004,-382.01,0.0,epithelial_tumor_class1_class2,1,1409.9230951412562
442.03999999999996,435.43,0.0,other_tissue,0,456.11772454220056
112.36000000000001,-254.01999999999998,0.0,other_tissue,0,746.4295348779581
17.730000000000018,71.41000000000003,0.0,other_tissue,0,1036.4847579121392
-311.35,192.79000000000002,0.0,apCAF,1,1104.4094327485298
431.92999999999995,490.861,0.0,epithelial_tumor_class1_class2,1,2961.5049048442593
363.37,-76.86000000000001,0.0,other_tissue,0,1036.4847579121392
-158.22000000000003,307.1,0.0,CAF,1,716.0899170702769
219.27999999999997,443.69,0.0,other_tissue,0,693.1155505255398
108.48000000000002,-4.670000000000016,0.0,other_tissue,0,762.9648923954855
142.42999999999995,330.07,0.0,other_tissue,0,1036.4847579121392
37.299999999999955,224.37,0.0,other_tissue,0,753.0347146468708
-43.04000000000002,410.42,0.0,other_tissue,0,1036.4847579121392
-315.76,-159.26999999999998,0.0,CAF,1,439.83863956178715
-307.6,307.52,0.0,CD4_Tcell,1,692.0366685439501
-76.54000000000002,-23.58000000000004,0.0,other_tissue,0,477.0915732434047
72.5,-249.32000000000005,0.0,CAF,1,514.2304332079584
152.15999999999997,-28.350000000000023,0.0,epithelial_tumor_class1,1,1272.8804983929608
-130.29000000000002,220.23000000000002,0.0,epithelial_tumor_class1,1,670.6379074784468
-409.40999999999997,-127.23000000000002,0.0,apCAF,1,606.5814128733823
203.22000000000003,-201.39999999999998,0.0,other_tissue,0,593.2179933907137
-310.09000000000003,109.38999999999999,0.0,other_tissue,0,176.86057594185382
-445.37,18.310000000000002,0.0,other_tissue,0,763.7323475163902
71.89999999999998,-436.0,0.0,other_tissue,0,395.0112821774501
33.17999999999995,-104.19000000000005,0.0,epithelial_tumor_class1,1,1107.3831163220195
126.39999999999998,390.01,0.0,epithelial_tumor_class1,1,1988.7928343055225
-487.58,57.31999999999999,0.0,CAF,1,627.5586364810182
129.70000000000005,113.13999999999999,0.0,CAF,1,619.5639434992705
-131.85000000000002,140.44,0.0,CAF,1,506.8013630207549
102.70000000000005,145.42000000000002,0.0,other_tissue,0,300.080065078067
-101.5,-193.61,0.0,other_tissue,0,413.8530862354916
-129.57999999999998,-379.0,0.0,other_tissue,0,528.3727243580213
-165.89,461.17,0.0,other_tissue,0,745.0773798344643
246.26,-397.21000000000004,0.0,CAF,1,395.4931249578927
-82.61000000000001,-136.95000000000005,0.0,epithelial_tumor_class1,1,2821.2461992033896
-120.22000000000003,-158.97000000000003,0.0,other_tissue,0,593.7986030057824
317.46000000000004,-415.29999999999995,0.0,epithelial_tumor_class1,1,1104.4094327485298
-270.35,248.9,0.0,CD4_Tcell,1,633.5148566484816
333.4,-439.65,0.0,epithelial_tumor_class1,1,2241.548244791121
413.95000000000005,-146.01999999999998,0.0,epithelial_tumor_class1,1,813.4002592479558
321.25,271.19,0.0,epithelial_tumor_class1,1,1224.2955565122197
-266.52,295.76,0.0,CD8_Tcell,1,1262.6203362594867
328.13,339.68,0.0,other_tissue,0,178.01347972265023
341.41999999999996,-458.21000000000004,0.0,other_tissue,0,336.62919691143173
-28.189999999999998,459.43,0.0,epithelial_tumor_class1,1,1578.8820133707404
-267.56,-95.53999999999996,0.0,CD4_Tcell,1,1132.6256193360857
29.549999999999955,-318.01,0.0,other_tissue,0,1036.4847579121392
323.13,0.5699999999999932,0.0,epithelial_tumor_class1,1,1389.169246583163
-296.49,349.1,0.0,other_tissue,0,1036.4847579121392
330.4,-326.62,0.0,epithelial_tumor_class1,1,522.4388266259941
-30.5,-365.80999999999995,0.0,other_tissue,0,559.4308979853058
18.049999999999955,-231.82000000000005,0.0,CAF,1,324.80042114575997
17.139999999999986,-271.35,0.0,epithelial_tumor_class1,1,755.9203882610345
-378.87,152.55,0.0,epithelial_tumor_class1,1,1918.0636603126272
-103.36000000000001,202.44,0.0,epithelial_tumor_class1,1,999.2724061786644
486.82000000000005,-71.55999999999995,0.0,epithelial_tumor_class1,1,1533.9074509444106
-23.75,-168.94000000000005,0.0,other_tissue,0,780.9518647656164
-485.57,163.02999999999997,0.0,other_tissue,0,432.08129582257556
362.12,33.170000000000016,0.0,CAF,1,1267.2080891008602
-9.600000000000023,394.61,0.0,CAF,1,295.74427659853745
348.95000000000005,-116.49000000000001,0.0,other_tissue,0,325.39489574054346
-27.79000000000002,272.69,0.0,CAF,1,220.52234060088867
489.35,-420.59000000000003,0.0,CD4_Tcell,1,1042.4893228140934
-465.04,70.38,0.0,CAF,1,852.9180412265389
-331.57,-102.27999999999997,0.0,other_tissue,0,266.0769761674871
386.58000000000004,384.86,0.0,other_tissue,0,716.0512102046216
-429.52,-234.49,0.0,epithelial_tumor_class1,1,522.4388266259941
-304.1,-71.77999999999997,0.0,other_tissue,0,601.8980078138569
35.74000000000001,196.14999999999998,0.0,CAF,1,690.5621188137355
92.75,16.560000000000002,0.0,other_tissue,0,628.1082348488654
66.74000000000001,244.85,0.0,other_tissue,0,370.69085275158494
184.72000000000003,-75.41999999999996,0.0,other_tissue,0,364.5980733828128
-75.49000000000001,32.69999999999999,0.0,apCAF,1,155.0659224877787
-488.23,-475.72,0.0,other_tissue,0,289.11829720612604
138.63,-205.42999999999995,0.0,other_tissue,0,357.53607664948447
-341.68,65.88,0.0,other_tissue,0,239.97265499914525
489.67999999999995,153.18,0.0,epithelial_tumor_class1,1,648.9415025853557
259.58000000000004,-222.07000000000005,0.0,CAF,1,387.8433934682066
139.49,-367.80999999999995,0.0,CAF,1,312.5610785330353
120.5,-297.04999999999995,0.0,apCAF,1,433.47858632995553
26.99000000000001,377.61,0.0,other_tissue,0,1036.4847579121392
283.47,-421.49,0.0,epithelial_tumor_class1,1,3013.0937061530294
36.09000000000003,318.05,0.0,other_tissue,0,905.6158625937192
36.64999999999998,492.086,0.0,other_tissue,0,496.77006825822014
-159.76,278.40999999999997,0.0,epithelial_tumor_class1,1,3013.0937061530294
214.38,291.47,0.0,other_tissue,0,541.0522431782387
-368.53999999999996,-334.13,0.0,other_tissue,0,643.5915217004828
433.95000000000005,144.24,0.0,CAF,1,582.2076244269156
-246.19,-318.41999999999996,0.0,other_tissue,0,544.285742772371
266.40999999999997,-290.66999999999996,0.0,other_tissue,0,247.52993072854105
-372.9,-250.60000000000002,0.0,CAF,1,712.7469285247112
129.17999999999995,195.07999999999998,0.0,epithelial_tumor_class1,1,1665.6686710009176
-487.21,-172.24,0.0,epithelial_tumor_class1,1,717.9301003502197
116.01999999999998,72.5,0.0,other_tissue,0,645.3234160322149
-133.60000000000002,-17.590000000000032,0.0,other_tissue,0,330.17682695570676
-341.16999999999996,-318.23,0.0,epithelial_tumor_class1,1,1527.612660538712
74.99000000000001,141.39,0.0,apCAF,1,367.2205074692909
335.30999999999995,-65.44000000000005,0.0,epithelial_tumor_class1,1,2057.6388789327802
488.27,-176.62,0.0,CAF,1,307.08091395826835
263.94000000000005,-72.26999999999998,0.0,other_tissue,0,842.3064980057408
-107.69999999999999,213.24,0.0,CAF,1,678.3182419061415
-189.7,101.47000000000003,0.0,CAF,1,494.7556263118494
-498.278,-371.78999999999996,0.0,epithelial_tumor_class1,1,1084.7633583653053
456.71000000000004,-486.34000000000003,0.0,CD4_Tcell,1,1335.8574759940618
0.4300000000000068,106.77999999999997,0.0,other_tissue,0,402.9393173930409
-242.11,187.51,0.0,other_tissue,0,752.854604294752
449.32000000000005,415.32,0.0,epithelial_tumor_class1,1,1005.6663868625345
-253.62,-73.60000000000002,0.0,other_tissue,0,557.2830686893691
-416.69,-205.66999999999996,0.0,CAF,1,897.4922442674981
-427.53,484.86,0.0,CAF,1,501.45606915479317
-88.60000000000002,439.93,0.0,other_tissue,0,1036.4847579121392
-106.99000000000001,-463.74,0.0,other_tissue,0,190.04297701726597
-227.27999999999997,122.61000000000001,0.0,other_tissue,0,310.44993727624546
102.73000000000002,15.509999999999991,0.0,other_tissue,0,961.7830907431658
-278.39,496.003,0.0,other_tissue,0,436.89448487953507
301.26,169.52999999999997,0.0,other_tissue,0,427.0704309525107
-486.06,254.13,0.0,other_tissue,0,294.4260489352936
-203.19,143.51999999999998,0.0,epithelial_tumor_class1,1,1374.2612069278416
-121.55000000000001,255.74,0.0,other_tissue,0,303.8128399427695
-80.08999999999997,-438.71000000000004,0.0,other_tissue,0,429.1443848566003
-458.06,367.44,0.0,epithelial_tumor_class1,1,1080.073047451642
408.79999999999995,336.66999999999996,0.0,CD8_Tcell,1,255.76023942950823
-46.389999999999986,394.42,0.0,other_tissue,0,355.53004717805374
315.49,426.76,0.0,epithelial_tumor_class1,1,2668.024506978843
-298.13,-253.41999999999996,0.0,other_tissue,0,405.9013492410775
-492.037,-398.96000000000004,0.0,CAF,1,517.3406895220264
299.71000000000004,-370.78999999999996,0.0,epithelial_tumor_class1,1,737.6302265772705
-461.04,459.33,0.0,epithelial_tumor_class1,1,2555.5903938334855
200.01999999999998,-275.21000000000004,0.0,CD8_Tcell,1,814.8549303306634
5.5400000000000205,-323.9,0.0,other_tissue,0,678.5236005402118
364.30999999999995,-197.40999999999997,0.0,epithelial_tumor_class1,1,1245.6430847855966
341.37,-122.37,0.0,other_tissue,0,644.2586551691542
98.25,-337.58000000000004,0.0,other_tissue,0,279.9037287802076
-479.45,167.42000000000002,0.0,other_tissue,0,450.4390880973789
-232.74,-199.72000000000003,0.0,other_tissue,0,301.8501133856392
-338.98,205.60000000000002,0.0,CAF,1,1267.2080891008602
312.20000000000005,-292.11,0.0,CAF,1,351.81761177588123
55.59000000000003,-232.23000000000002,0.0,other_tissue,0,260.15966675252974
350.84000000000003,-67.24000000000001,0.0,other_tissue,0,806.4042249561846
-442.28,27.319999999999993,0.0,epithelial_tumor_class1,1,1020.2014523016202
249.27999999999997,-405.53999999999996,0.0,other_tissue,0,1036.4847579121392
-399.8,-460.0,0.0,other_tissue,0,942.9883175732413
63.42999999999995,-440.71000000000004,0.0,other_tissue,0,764.844049067076
270.96000000000004,-66.13,0.0,other_tissue,0,536.6171484122533
-4.550000000000011,226.32,0.0,other_tissue,0,268.57547661457113
432.75,413.83,0.0,epithelial_tumor_class1,1,1006.0547750097103
116.59000000000003,408.51,0.0,apCAF,1,423.31054840560233
-48.39999999999998,-59.66999999999996,0.0,apCAF,1,231.6301784199623
-385.7,236.99,0.0,apCAF,1,1046.895744250485
407.64,234.51,0.0,epithelial_tumor_class1,1,783.826153462874
142.80999999999995,192.64999999999998,0.0,epithelial_tumor_class1,1,974.2763907572527
-389.65999999999997,252.26,0.0,CD4_Tcell,1,212.2350077037308
38.02999999999997,-114.92999999999995,0.0,epithelial_tumor_class1,1,1766.0151355461248
90.30999999999995,-315.54999999999995,0.0,other_tissue,0,570.0865982783813
-365.40999999999997,-234.66999999999996,0.0,apCAF,1,220.78722166716923
-365.66999999999996,132.82,0.0,epithelial_tumor_class1,1,655.5245833364177
-341.53,-52.27999999999997,0.0,other_tissue,0,509.69645452983633
-143.77999999999997,-76.65999999999997,0.0,other_tissue,0,442.27644813089
-170.43,484.7,0.0,other_tissue,0,522.9550131190887
-346.61,-454.98,0.0,epithelial_tumor_class1,1,1309.0582566943956
-149.86,310.13,0.0,CAF,1,795.6221880708036
-126.39999999999998,119.54000000000002,0.0,other_tissue,0,767.4962637266436
20.110000000000014,-309.58000000000004,0.0,CAF,1,1267.2080891008602
413.88,202.10000000000002,0.0,CAF,1,461.38173140315473
-339.15999999999997,115.98000000000002,0.0,epithelial_tumor_class1_class2,1,1803.4055124881065
250.26,405.78,0.0,other_tissue,0,255.31234022751693
-365.58000000000004,-15.830000000000041,0.0,CAF,1,506.079307148701
453.45000000000005,328.72,0.0,epithelial_tumor_class1,1,1781.7471811990347
313.67999999999995,-42.059999999999945,0.0,CD4_Tcell,1,239.7486257729125
70.45000000000005,180.32999999999998,0.0,other_tissue,0,272.82517049064825
-469.43,210.44,0.0,CAF,1,659.5836608064843
-120.10000000000002,-283.37,0.0,other_tissue,0,343.91230021443573
146.5,-145.30999999999995,0.0,CAF,1,606.5814128733823
-156.33999999999997,25.45999999999998,0.0,other_tissue,0,273.81297778246943
314.44000000000005,406.29,0.0,CAF,1,366.0438106904808
-232.45,187.02999999999997,0.0,other_tissue,0,379.4178637551537
101.62,191.99,0.0,CAF,1,589.0283837840961
363.72,96.41000000000003,0.0,CAF,1,358.32839782607294
-5.839999999999975,59.379999999999995,0.0,epithelial_tumor_class1,1,1753.960546668981
403.34000000000003,-429.53,0.0,CD8_Tcell,1,618.4399545342402
-316.53,50.43000000000001,0.0,other_tissue,0,528.2937118081524
62.0,105.85000000000002,0.0,CAF,1,503.1673480161735
-315.36,184.89999999999998,0.0,CAF,1,884.0388165512959
138.11,-153.64,0.0,epithelial_tumor_class1,1,1806.3088731757155
254.41999999999996,431.64,0.0,other_tissue,0,555.5491598330667
73.60000000000002,27.24000000000001,0.0,other_tissue,0,399.0473542767271
-230.85000000000002,5.089999999999975,0.0,other_tissue,0,951.2902363461927
-216.57999999999998,102.99000000000001,0.0,other_tissue,0,413.9202309375209
1.6800000000000068,135.38,0.0,CAF,1,344.20911407266
-486.65,382.5,0.0,epithelial_tumor_class1,1,1653.2641575159291
283.47,-84.27999999999997,0.0,other_tissue,0,357.80411599744997
284.99,398.59000000000003,0.0,epithelial_tumor_class1,1,1395.5006816989771
-474.23,-147.83000000000004,0.0,epithelial_tumor_class1,1,1195.659576281386
-161.60000000000002,203.5,0.0,other_tissue,0,367.6422530257331
-348.03,0.9399999999999977,0.0,CD4_Tcell,1,406.75030221254343
191.92999999999995,-363.26,0.0,CAF,1,837.721306818123
-408.73,-182.95000000000005,0.0,other_tissue,0,652.9915862336932
284.4,-132.03999999999996,0.0,CD4_Tcell,1,1335.8574759940618
112.22000000000003,141.20999999999998,0.0,CAF,1,1194.89704409868
-68.0,55.25999999999999,0.0,other_tissue,0,521.0268921265907
-110.16000000000003,-296.58000000000004,0.0,other_tissue,0,351.81761177588123
241.76,-298.62,0.0,other_tissue,0,359.1218886926901
-72.44999999999999,395.72,0.0,epithelial_tumor_class1,1,597.2902181925136
-91.69,-209.07000000000005,0.0,other_tissue,0,605.732805166925
379.78999999999996,-417.86,0.0,epithelial_tumor_class1_class2,1,615.6534300578895
70.82000000000005,-403.96000000000004,0.0,epithelial_tumor_class1,1,1231.837852627255
-97.89999999999998,224.23000000000002,0.0,other_tissue,0,798.9902925897345
-418.07,-262.48,0.0,other_tissue,0,249.4413257553422
348.19000000000005,42.48000000000002,0.0,other_tissue,0,1014.5513896016824
-265.49,-129.45000000000005,0.0,other_tissue,0,873.3689756925388
-438.81,168.99,0.0,CD4_Tcell,1,473.18993647004345
177.27999999999997,-333.32000000000005,0.0,other_tissue,0,573.78520227322
268.25,-243.62,0.0,CD8_Tcell,1,461.8005478738373
-125.30000000000001,-211.30999999999995,0.0,other_tissue,0,521.1834726432825
-325.3,-108.12,0.0,epithelial_tumor_class1,1,912.9233906470407
-92.29000000000002,203.60000000000002,0.0,other_tissue,0,362.3567233137973
8.259999999999991,-231.20000000000005,0.0,CAF,1,679.027838357732
481.03999999999996,-209.32000000000005,0.0,epithelial_tumor_class1_class2,1,1629.0418807208305
-301.34000000000003,314.53,0.0,other_tissue,0,762.9245142688292
-97.42000000000002,209.76999999999998,0.0,CAF,1,602.915581788477
105.62,-30.269999999999982,0.0,epithelial_tumor_class1,1,804.6876552968243
-296.5,-466.09000000000003,0.0,CAF,1,689.3349286046786
77.90999999999997,487.76,0.0,CD4_Tcell,1,188.20265640747417
-300.32,30.19999999999999,0.0,CD4_Tcell,1,327.1941520183535
71.22000000000003,-415.92999999999995,0.0,CAF,1,333.14271224119716
-357.73,239.93,0.0,CD4_Tcell,1,352.81873781426265
310.04999999999995,-397.36,0.0,epithelial_tumor_class1_class2,1,964.8491213914194
-322.4,69.32999999999998,0.0,other_tissue,0,639.724046806269
432.11,178.51,0.0,CAF,1,286.6198837090463
-393.65999999999997,-167.63,0.0,apCAF,1,310.0842370914662
-167.95,-363.53,0.0,other_tissue,0,643.7537550005559
-448.02,281.56,0.0,epithelial_tumor_class1,1,2868.286505734845
-174.89,-259.20000000000005,0.0,other_tissue,0,549.4925846610884
214.64,59.670000000000016,0.0,other_tissue,0,1036.4847579121392
6.899999999999977,177.8,0.0,other_tissue,0,546.0607615869203
461.36,-394.17999999999995,0.0,other_tissue,0,681.4965973545931
481.65999999999997,-438.61,0.0,CD4_Tcell,1,251.34327448427186
237.80999999999995,-32.120000000000005,0.0,other_tissue,0,298.30615475084784
135.13,-49.34000000000003,0.0,epithelial_tumor_class1,1,846.2808579565474
-1.5699999999999932,-433.80999999999995,0.0,other_tissue,0,1036.4847579121392
372.49,269.33000000000004,0.0,other_tissue,0,215.07809772512056
-222.52999999999997,141.89,0.0,mesenchymal_tumor_class1,1,774.1434162262484
-74.36000000000001,-86.65999999999997,0.0,other_tissue,0,692.907257977304
416.02,-78.82000000000005,0.0,other_tissue,0,454.7722594715105
188.35000000000002,-388.78999999999996,0.0,CAF,1,1267.2080891008602
392.63,-200.77999999999997,0.0,epithelial_tumor_class1,1,1515.2661787820787
93.75,413.55,0.0,CD4_Tcell,1,445.87945905798546
441.38,18.860000000000014,0.0,CAF,1,768.4493140739195
452.25,-384.42999999999995,0.0,CD4_Tcell,1,369.13334765226307
368.19000000000005,69.05000000000001,0.0,other_tissue,0,747.5443018897512
20.83000000000004,48.44999999999999,0.0,other_tissue,0,366.898213882402
-86.49000000000001,164.27999999999997,0.0,CD4_Tcell,1,807.2424611355433
-375.98,-177.02999999999997,0.0,other_tissue,0,679.607086069755
160.14999999999998,410.45,0.0,other_tissue,0,727.7650681142953
-415.8,168.98000000000002,0.0,CD4_Tcell,1,317.66681950834896
187.92999999999995,-147.74,0.0,other_tissue,0,814.2855048443598
-204.76999999999998,100.82999999999998,0.0,other_tissue,0,258.48807374996085
214.89,48.5,0.0,other_tissue,0,242.4649976660999
464.23,-263.37,0.0,CAF,1,346.61363714203054
-483.92,314.08000000000004,0.0,other_tissue,0,491.0289818810343
279.17999999999995,9.360000000000014,0.0,other_tissue,0,374.27089062606274
367.20000000000005,-51.559999999999945,0.0,epithelial_tumor_class1,1,634.8356208284749
99.89999999999998,-10.779999999999973,0.0,other_tissue,0,290.20861610844486
215.95000000000005,-255.59000000000003,0.0,other_tissue,0,341.92213593101087
-108.08999999999997,-203.70000000000005,0.0,other_tissue,0,650.4288183249282
-234.10000000000002,102.47000000000003,0.0,CAF,1,432.4130528522237
-229.51999999999998,263.83000000000004,0.0,other_tissue,0,830.0949944277698
-55.44999999999999,-190.05999999999995,0.0,apCAF,1,339.1982177137146
238.83000000000004,454.11,0.0,other_tissue,0,576.5445038553121
-224.39999999999998,257.78999999999996,0.0,apCAF,1,430.39748768974596
86.04999999999995,478.33,0.0,CAF,1,445.32930413071944
-378.22,-219.96000000000004,0.0,other_tissue,0,198.8475345460655
-20.029999999999973,-123.88999999999999,0.0,other_tissue,0,388.02345473172716
-190.49,269.64,0.0,epithelial_tumor_class1,1,1518.7458541039239
-288.95,104.0,0.0,epithelial_tumor_class1,1,935.7754473376898
-59.69999999999999,68.52999999999997,0.0,other_tissue,0,400.83242647241315
-158.5,-164.42999999999995,0.0,other_tissue,0,378.582086103553
-491.483,-376.61,0.0,other_tissue,0,391.558738786728
312.82000000000005,-262.87,0.0,epithelial_tumor_class1_class2,1,1518.7458541039239
467.22,-464.76,0.0,other_tissue,0,859.7865908494532
-176.57,-303.01,0.0,epithelial_tumor_class1,1,1782.9201705477974
235.10000000000002,-436.38,0.0,other_tissue,0,532.5557855890731
305.82000000000005,-178.13,0.0,other_tissue,0,865.0005467913223
-399.27,-162.07000000000005,0.0,other_tissue,0,351.60075028965286
369.9,-203.77999999999997,0.0,other_tissue,0,625.1159273737741
309.80999999999995,-369.61,0.0,epithelial_tumor_class1_class2,1,1095.751614231813
-376.45,-152.71000000000004,0.0,CAF,1,259.86415765581984
334.75,-47.379999999999995,0.0,epithelial_tumor_class1,1,2701.6546746633594
422.12,-222.88,0.0,other_tissue,0,455.34447392601686
12.539999999999964,221.13,0.0,other_tissue,0,426.5495632634858
-83.32999999999998,-95.91999999999996,0.0,other_tissue,0,1036.4847579121392
159.14999999999998,-412.61,0.0,epithelial_tumor_class1,1,754.6369582435367
-216.22000000000003,452.51,0.0,other_tissue,0,760.2224238460839
-143.32,439.64,0.0,other_tissue,0,343.4733289195872
93.63999999999999,187.70999999999998,0.0,CAF,1,229.5570849188607
446.96000000000004,98.61000000000001,0.0,other_tissue,0,296.32425140937767
122.67999999999995,-130.98000000000002,0.0,other_tissue,0,444.3993039861902
-177.39999999999998,-60.879999999999995,0.0,other_tissue,0,431.5977877245835
336.03,358.27,0.0,epithelial_tumor_class1,1,926.5296632921933
-173.75,-433.21000000000004,0.0,epithelial_tumor_class1,1,1088.6481891761687
-142.0,-390.5,0.0,other_tissue,0,666.1461771463296
480.03999999999996,-20.610000000000014,0.0,CAF,1,594.0890498265746
337.77,233.33999999999997,0.0,other_tissue,0,546.5455264880359
458.08000000000004,-300.37,0.0,epithelial_tumor_class1_class2,1,1575.7039148305396
488.69000000000005,-156.13,0.0,other_tissue,0,306.4320277568653
-402.05,451.17,0.0,epithelial_tumor_class1,1,1183.3085670913956
-83.10000000000002,281.02,0.0,other_tissue,0,463.11641041133737
-314.53,-139.42999999999995,0.0,epithelial_tumor_class1,1,749.2384789877816
-494.936,372.45,0.0,CAF,1,630.7009805451547
-473.47,445.09000000000003,0.0,epithelial_tumor_class1,1,1682.9200461845542
186.88,490.791,0.0,other_tissue,0,645.5040001634079
263.14,-441.95000000000005,0.0,CAF,1,1267.2080891008602
177.66999999999996,-246.21000000000004,0.0,CAF,1,398.8638982895869
315.15,28.939999999999998,0.0,epithelial_tumor_class1,1,1317.1768439406446
-12.529999999999973,304.2,0.0,other_tissue,0,380.1152840399608
32.559999999999945,413.4,0.0,CD4_Tcell,1,408.41182565629043
92.20000000000005,-31.58000000000004,0.0,CD4_Tcell,1,390.1885386657715
43.76999999999998,40.47000000000003,0.0,other_tissue,0,472.0162780820735
-112.93,486.72,0.0,epithelial_tumor_class1,1,681.8711729427181
-487.79,-222.64999999999998,0.0,CAF,1,397.22838999918395
322.9,246.23,0.0,epithelial_tumor_class1_class2,1,1537.2545548384637
-315.28999999999996,-228.86,0.0,other_tissue,0,799.5733958211039
270.46000000000004,-364.14,0.0,other_tissue,0,205.07312672709014
-203.64999999999998,32.73000000000002,0.0,other_tissue,0,481.7274764361639
232.14,-224.24,0.0,CAF,1,1267.2080891008602
402.94000000000005,442.51,0.0,CD8_Tcell,1,761.5323411393222
34.51999999999998,186.35000000000002,0.0,other_tissue,0,573.3512078211044
37.940000000000055,-341.71000000000004,0.0,other_tissue,0,933.3716584321338
-310.51,227.91000000000003,0.0,other_tissue,0,1036.4847579121392
253.05999999999995,21.529999999999973,0.0,epithelial_tumor_class1,1,1249.9309286378025
-337.7,-207.25,0.0,CD8_Tcell,1,440.1183906359713
208.10000000000002,-39.52999999999997,0.0,CD4_Tcell,1,471.6645593870678
-45.160000000000025,-335.47,0.0,CAF,1,1267.2080891008602
282.20000000000005,-78.09000000000003,0.0,other_tissue,0,333.0381428119515
341.67999999999995,-97.38,0.0,epithelial_tumor_class1,1,1605.3888525338075
60.210000000000036,-43.82000000000005,0.0,other_tissue,0,561.9299439520718
-248.42,439.35,0.0,epithelial_tumor_class1,1,960.1583779384465
232.13,-234.29999999999995,0.0,mesenchymal_tumor_class1,1,397.3329283705059
-474.44,237.05,0.0,other_tissue,0,459.50738993976336
-304.11,-233.61,0.0,other_tissue,0,135.3626133729285
338.94000000000005,-39.77999999999997,0.0,other_tissue,0,1036.4847579121392
-41.75999999999999,223.67000000000002,0.0,CAF,1,773.8580452885802
284.94000000000005,-442.51,0.0,other_tissue,0,347.2344304114252
-322.63,248.09,0.0,CAF,1,693.7406786184026
207.28999999999996,-223.76,0.0,other_tissue,0,422.04403582584
-490.871,-430.54999999999995,0.0,epithelial_tumor_class1_class2,1,2282.589530568421
-20.360000000000014,-161.01999999999998,0.0,epithelial_tumor_class1,1,568.2266830868161
-323.51,-162.53999999999996,0.0,other_tissue,0,475.26324272445686
115.13999999999999,-420.17999999999995,0.0,epithelial_tumor_class1,1,1026.8073531074176
-82.43,-66.21000000000004,0.0,CD4_Tcell,1,267.1386919657439
410.32000000000005,480.21,0.0,other_tissue,0,271.109825924495
-37.04000000000002,-49.89999999999998,0.0,CD4_Tcell,1,957.5955325665402
-9.399999999999977,247.78,0.0,CAF,1,605.0406512338881
40.47000000000003,-205.77999999999997,0.0,epithelial_tumor_class1,1,1780.9654741894353
-145.79000000000002,-5.519999999999982,0.0,other_tissue,0,418.82789883236194
-101.06,-53.700000000000045,0.0,CAF,1,228.48000545245083
269.62,-166.74,0.0,other_tissue,0,607.4308127871731
93.25,140.72000000000003,0.0,other_tissue,0,745.5941873039326
98.13,151.26999999999998,0.0,other_tissue,0,560.811031741693
-273.47,228.16000000000003,0.0,CAF,1,141.37140233644337
-66.45999999999998,-357.46000000000004,0.0,epithelial_tumor_class1,1,1955.1423442710784
212.23000000000002,-65.53999999999996,0.0,epithelial_tumor_class1,1,3013.0937061530294
260.34000000000003,442.26,0.0,CD4_Tcell,1,693.9870443642907
119.85000000000002,347.73,0.0,CAF,1,339.1982177137146
344.16999999999996,54.360000000000014,0.0,CD8_Tcell,1,586.1108115038045
15.92999999999995,29.25,0.0,other_tissue,0,722.7682721100255
-341.49,218.97000000000003,0.0,other_tissue,0,382.39098604673586
-295.91999999999996,-481.80999999999995,0.0,CAF,1,1267.2080891008602
331.70000000000005,-344.30999999999995,0.0,epithelial_tumor_class1_class2,1,822.4302038035438
378.16999999999996,292.14,0.0,CD4_Tcell,1,184.1426283290668
31.159999999999968,-6.0400000000000205,0.0,epithelial_tumor_class1,1,2429.2353380377467
-346.99,121.76999999999998,0.0,epithelial_tumor_class1,1,1095.828715285895
-209.45999999999998,-308.75,0.0,other_tissue,0,737.6894480871501
-202.62,472.0,0.0,other_tissue,0,876.6428063708197
429.28,121.81,0.0,epithelial_tumor_class1,1,1019.8584286162221
-110.32999999999998,-172.78999999999996,0.0,other_tissue,0,362.2829894823088
407.96000000000004,426.19,0.0,other_tissue,0,1036.4847579121392
432.80999999999995,-244.28999999999996,0.0,other_tissue,0,862.763420799257
-334.78,-474.04999999999995,0.0,CAF,1,656.9671154916241
276.85,90.38,0.0,other_tissue,0,467.6032098294896
-243.79000000000002,38.76999999999998,0.0,other_tissue,0,927.1502765566695
133.5,-146.34000000000003,0.0,other_tissue,0,763.7121447384833
-418.28,208.06,0.0,apCAF,1,224.45533860394778
-425.11,-249.86,0.0,CD4_Tcell,1,962.6786422399789
127.09000000000003,345.31,0.0,other_tissue,0,350.6620469447607
447.49,-32.33000000000004,0.0,CD4_Tcell,1,811.1689214686052
281.05999999999995,-312.48,0.0,other_tissue,0,724.2298005862222
495.5,56.01999999999998,0.0,CD8_Tcell,1,316.91317523148643
-136.97000000000003,-347.9,0.0,CD4_Tcell,1,583.9289660749462
61.76999999999998,-79.90999999999997,0.0,epithelial_tumor_class1,1,2226.094855221884
-178.17000000000002,211.72000000000003,0.0,CAF,1,706.4565504472788
-472.9,-454.03,0.0,epithelial_tumor_class1,1,2446.7553741840525
265.87,24.079999999999984,0.0,other_tissue,0,693.1913036185389
-293.28,200.73000000000002,0.0,other_tissue,0,1036.4847579121392
-379.95,-182.74,0.0,other_tissue,0,465.17472403798166
-61.339999999999975,153.66000000000003,0.0,other_tissue,0,453.6720966621291
-449.69,100.87,0.0,CAF,1,539.8970974840719
81.57000000000005,-238.65999999999997,0.0,CAF,1,884.5734635380555
-377.98,-67.37,0.0,epithelial_tumor_class1,1,555.876036769692
22.129999999999995,-62.90999999999997,0.0,other_tissue,0,314.74889398819397
-390.05,3.930000000000007,0.0,epithelial_tumor_class1,1,1931.2329830563078
-18.0,-349.59000000000003,0.0,other_tissue,0,378.62004934376637
165.39999999999998,-290.9,0.0,epithelial_tumor_class1,1,835.5529364966644
-448.24,-345.77,0.0,other_tissue,0,1036.4847579121392
-355.59000000000003,448.36,0.0,other_tissue,0,629.3504435727828
288.84000000000003,358.07,0.0,other_tissue,0,523.6144837186469
432.03999999999996,187.49,0.0,epithelial_tumor_class1,1,1035.618242306992
-25.879999999999995,-447.5,0.0,CAF,1,193.18524925164334
-62.43000000000001,-477.38,0.0,other_tissue,0,520.463461941226
59.42999999999995,-208.71000000000004,0.0,epithelial_tumor_class1,1,522.4388266259941
215.74,-317.15999999999997,0.0,apCAF,1,124.3219022584304
272.98,-7.720000000000027,0.0,other_tissue,0,858.2789092360823
98.37,-385.28999999999996,0.0,other_tissue,0,410.4783908288094
-477.91,355.0,0.0,CD4_Tcell,1,740.3774867347737
-373.93,-188.79999999999995,0.0,other_tissue,0,287.55641170335645
79.86000000000001,-339.69000000000005,0.0,other_tissue,0,254.32103839531803
-243.54000000000002,275.88,0.0,CD4_Tcell,1,263.24625251601657
166.46000000000004,424.86,0.0,CAF,1,363.1684558601683
-484.6,287.64,0.0,CD8_Tcell,1,422.57484599084046
130.12,175.48000000000002,0.0,CAF,1,1267.2080891008602
-284.25,-139.62,0.0,CAF,1,464.14480656882836
-272.40999999999997,-149.92999999999995,0.0,other_tissue,0,842.9104874814169
47.629999999999995,-276.71000000000004,0.0,apCAF,1,1185.27401858627
292.21000000000004,-73.30999999999995,0.0,other_tissue,0,1036.4847579121392
129.44000000000005,493.396,0.0,other_tissue,0,459.50738993976336
-478.61,-359.64,0.0,other_tissue,0,630.7009805451547
-226.14999999999998,282.66999999999996,0.0,epithelial_tumor_class1,1,1412.3263034903944
-29.629999999999995,-84.02999999999997,0.0,other_tissue,0,406.57776293067684
314.05999999999995,163.32999999999998,0.0,other_tissue,0,502.43346685858637
-478.74,-168.87,0.0,epithelial_tumor_class1,1,542.6754309695801
-210.51,36.70999999999998,0.0,other_tissue,0,570.9015857551084
-100.72000000000003,55.120000000000005,0.0,other_tissue,0,598.1480896274292
485.77,275.05,0.0,other_tissue,0,945.0592503231877
-352.78,308.65,0.0,CAF,1,967.8743420006259
-128.86,97.54000000000002,0.0,apCAF,1,343.93603904146335
-2.019999999999982,333.32,0.0,other_tissue,0,722.2815332636088
-338.66999999999996,-42.10000000000002,0.0,other_tissue,0,696.9099703213358
240.0,-192.30999999999995,0.0,epithelial_tumor_class1,1,2579.028822536904
476.67999999999995,-467.46000000000004,0.0,epithelial_tumor_class1,1,979.7999093340133
50.889999999999986,258.73,0.0,other_tissue,0,623.1910279966169
-57.56999999999999,-401.78999999999996,0.0,epithelial_tumor_class1,1,920.590437713266
61.83000000000004,-400.38,0.0,other_tissue,0,1036.4847579121392
242.28999999999996,474.61,0.0,CAF,1,608.958255799728
-358.61,-291.72,0.0,other_tissue,0,722.6709068524386
-27.079999999999984,163.43,0.0,other_tissue,0,322.06607364108515
-15.550000000000011,-176.89,0.0,other_tissue,0,511.84404913230946
39.35000000000002,23.060000000000002,0.0,other_tissue,0,717.6587176188882
151.17999999999995,134.45999999999998,0.0,epithelial_tumor_class1,1,1896.5320846140194
-358.45,-262.64,0.0,other_tissue,0,346.625568490839
-187.82,-386.6,0.0,other_tissue,0,242.06093640372396
-219.19,-102.88,0.0,other_tissue,0,413.50405083488766
62.25,-250.58000000000004,0.0,other_tissue,0,962.9615634277735
-296.09000000000003,-93.60000000000002,0.0,CAF,1,438.511440751814
103.74000000000001,278.24,0.0,other_tissue,0,579.9513998125075
-415.35,405.79,0.0,CAF,1,381.11852779128355
-274.5,152.83999999999997,0.0,CAF,1,437.6745870832283
100.71000000000004,-178.05999999999995,0.0,epithelial_tumor_class1,1,2031.8906141791279
-429.12,47.31999999999999,0.0,epithelial_tumor_class1,1,2317.38960320161
-436.37,-65.08000000000004,0.0,epithelial_tumor_class1,1,1270.836820372617
-374.21,228.16000000000003,0.0,apCAF,1,139.0936486679521
63.860000000000014,-195.66999999999996,0.0,other_tissue,0,271.8803310523849
113.53999999999996,155.37,0.0,CAF,1,1049.1410516993626
-48.579999999999984,-458.47,0.0,epithelial_tumor_class1_class2,1,1470.6692965177465
-181.76999999999998,-114.27999999999997,0.0,other_tissue,0,905.0727691631363
-177.8,436.56,0.0,other_tissue,0,178.02113149917648
397.15,-45.83000000000004,0.0,other_tissue,0,1022.6538585904274
-77.19,109.98000000000002,0.0,other_tissue,0,401.3453025464891
-297.53999999999996,363.06,0.0,CAF,1,774.9999499600406
88.75,-308.14,0.0,other_tissue,0,1036.4847579121392
-482.39,320.18,0.0,other_tissue,0,204.86298212663144
-211.97000000000003,402.71,0.0,other_tissue,0,799.3651121110329
-429.6,460.22,0.0,CAF,1,635.1214326141577
160.60000000000002,-68.17999999999995,0.0,epithelial_tumor_class1,1,2531.800289005199
240.12,438.53,0.0,CAF,1,433.5893913786462
-271.03999999999996,141.26999999999998,0.0,epithelial_tumor_class1,1,1169.941833033296
-480.04,-434.27,0.0,epithelial_tumor_class1,1,2643.448108279382
270.99,495.901,0.0,CD8_Tcell,1,487.2462330674057
15.75,-362.34000000000003,0.0,other_tissue,0,1036.4847579121392
-490.579,321.52,0.0,other_tissue,0,418.81436336719054
-246.46,-200.94000000000005,0.0,other_tissue,0,987.1171129061515
-346.05,37.60000000000002,0.0,CAF,1,242.06093640372396
409.9,210.85000000000002,0.0,other_tissue,0,849.1397173789986
458.75,-3.990000000000009,0.0,other_tissue,0,285.84274752323046
101.48000000000002,-212.39999999999998,0.0,epithelial_tumor_class1,1,1073.9502373939902
481.25,473.22,0.0,CD4_Tcell,1,1050.489775905673
-104.64999999999998,47.05000000000001,0.0,CAF,1,1091.0296595951204
-288.08000000000004,375.14,0.0,other_tissue,0,942.6395821596531
17.200000000000045,212.26,0.0,CAF,1,363.0453882373201
472.97,-316.17999999999995,0.0,other_tissue,0,568.0276467319748
311.32000000000005,479.67,0.0,other_tissue,0,447.47605565798676
130.42999999999995,131.39999999999998,0.0,epithelial_tumor_class1,1,2448.775562318443
362.95000000000005,128.92000000000002,0.0,CAF,1,578.0700783137686
414.19000000000005,-116.22000000000003,0.0,epithelial_tumor_class1,1,2716.315075819714
255.04999999999995,-183.22000000000003,0.0,CAF,1,726.3573991273844
262.19000000000005,93.82999999999998,0.0,epithelial_tumor_class1,1,952.2260696673569
191.87,36.19999999999999,0.0,other_tissue,0,521.9041470826123
-414.98,-244.92999999999995,0.0,other_tissue,0,532.4922417303036
-380.65,19.230000000000018,0.0,other_tissue,0,436.5047816283987
-495.059,-321.20000000000005,0.0,epithelial_tumor_class1,1,1806.9903592969729
457.83000000000004,-426.78,0.0,other_tissue,0,494.30199492202314
-367.4,219.86,0.0,other_tissue,0,857.3184100033163
-211.05,97.07999999999998,0.0,CD4_Tcell,1,332.70134572924024
-181.26999999999998,-492.20000000000005,0.0,other_tissue,0,263.54431960302253
-341.46000000000004,491.078,0.0,CD4_Tcell,1,422.95621481763396
122.04999999999995,-259.64,0.0,CAF,1,261.6999259475361
201.14999999999998,199.7,0.0,other_tissue,0,470.3032997460326
330.14,-194.05999999999995,0.0,epithelial_tumor_class1,1,988.5321223202004
-398.7,-449.53,0.0,CD4_Tcell,1,1055.119167823617
31.389999999999986,356.19,0.0,other_tissue,0,418.47607150773825
-370.85,102.54000000000002,0.0,apCAF,1,1185.27401858627
424.4,361.02,0.0,CD4_Tcell,1,510.2829688796374
125.09000000000003,311.59000000000003,0.0,other_tissue,0,454.3434133712477
-194.72000000000003,-158.16999999999996,0.0,other_tissue,0,232.2326052211873
95.67999999999995,379.55,0.0,CAF,1,580.018665250937
-8.370000000000005,189.57999999999998,0.0,CAF,1,685.0981904228839
47.289999999999964,350.34000000000003,0.0,other_tissue,0,349.8210446898163
208.91999999999996,140.2,0.0,other_tissue,0,585.9922775662836
-439.04,-450.46000000000004,0.0,other_tissue,0,812.4524940469927
-122.13,-220.59000000000003,0.0,other_tissue,0,465.16020759039793
367.46000000000004,108.37,0.0,other_tissue,0,288.9808785449886
-447.68,266.81,0.0,other_tissue,0,1036.4847579121392
-77.81,215.95,0.0,other_tissue,0,404.7359688681147
172.54999999999995,138.73000000000002,0.0,other_tissue,0,310.37234049639585
-344.37,-158.09000000000003,0.0,apCAF,1,868.6936494383863
-406.02,218.58999999999997,0.0,apCAF,1,307.08091395826835
93.17999999999995,-242.85000000000002,0.0,other_tissue,0,535.9787112302259
-196.05,-84.86000000000001,0.0,epithelial_tumor_class1,1,600.4856548329316
356.78,-344.12,0.0,other_tissue,0,177.96757366793358
-72.73000000000002,366.69,0.0,epithelial_tumor_class1,1,1264.6058045849659
84.65999999999997,-61.97000000000003,0.0,other_tissue,0,1036.4847579121392
-395.88,74.30000000000001,0.0,CAF,1,460.9775972283012
242.92999999999995,-46.09000000000003,0.0,other_tissue,0,561.6336166081181
142.17999999999995,-269.5,0.0,CD4_Tcell,1,977.7499697925386
-311.49,349.58000000000004,0.0,other_tissue,0,347.48534535304407
-144.14,60.01999999999998,0.0,epithelial_tumor_class1,1,959.828949510965
402.29999999999995,481.48,0.0,other_tissue,0,275.90845013306443
9.639999999999986,-270.97,0.0,CAF,1,415.2781094187043
115.89999999999998,-267.94000000000005,0.0,CAF,1,151.52688127711787
296.69000000000005,-203.45000000000005,0.0,other_tissue,0,492.2188617226345
-189.11,427.78,0.0,CD8_Tcell,1,216.31300953101933
-476.94,-233.57000000000005,0.0,other_tissue,0,373.3047771036531
462.71000000000004,-445.0,0.0,CD4_Tcell,1,391.4810947776765
335.1,-484.58000000000004,0.0,apCAF,1,238.39808114934416
-287.97,-64.91999999999996,0.0,CAF,1,469.09062614930383
50.89999999999998,306.73,0.0,other_tissue,0,562.259318782619
-336.5,-88.62,0.0,apCAF,1,139.72424661265518
264.83000000000004,425.43,0.0,epithelial_tumor_class1,1,1537.769925664502
-82.75999999999999,205.76,0.0,CAF,1,486.00459425168685
43.889999999999986,473.78,0.0,other_tissue,0,355.3601848022866
-377.77,-13.029999999999973,0.0,epithelial_tumor_class1,1,1038.2192389031973
230.51999999999998,14.519999999999982,0.0,CAF,1,974.1100562952698
254.25,438.69,0.0,other_tissue,0,374.8991288244762
89.20000000000005,148.36,0.0,other_tissue,0,622.1683822676597
197.73000000000002,229.39999999999998,0.0,other_tissue,0,374.4718504270214
-73.55000000000001,319.9,0.0,other_tissue,0,262.1255507674103
-109.50999999999999,345.21000000000004,0.0,other_tissue,0,789.9057596543597
278.52,-68.16999999999996,0.0,other_tissue,0,478.02227678526236
94.42999999999995,-360.34000000000003,0.0,other_tissue,0,620.6892935088011
304.95000000000005,-386.32000000000005,0.0,epithelial_tumor_class1_class2,1,597.2902181925136
301.15,-213.51999999999998,0.0,CAF,1,1122.5144318116677
-272.57,-65.59000000000003,0.0,other_tissue,0,160.6950251363287
-273.40999999999997,-308.77,0.0,other_tissue,0,563.8586127032868
469.46000000000004,-114.23000000000002,0.0,other_tissue,0,681.8149778567944
148.51,473.55,0.0,CAF,1,519.4784367749215
-83.36000000000001,312.53999999999996,0.0,other_tissue,0,813.1053200218861
436.33000000000004,-56.809999999999945,0.0,other_tissue,0,1036.4847579121392
-131.89999999999998,64.06,0.0,epithelial_tumor_class1,1,1919.333076916613
127.97000000000003,-141.0,0.0,apCAF,1,715.838347375643
-134.75,387.94,0.0,epithelial_tumor_class1,1,1596.6526619707465
-367.73,295.36,0.0,epithelial_tumor_class1,1,522.4388266259941
144.89,-376.23,0.0,other_tissue,0,331.40274408009157
-21.680000000000007,304.88,0.0,CD4_Tcell,1,220.80488794259892
342.84000000000003,460.39,0.0,other_tissue,0,1036.4847579121392
-428.04,-91.29999999999995,0.0,other_tissue,0,736.5647813204424
-485.72,45.829999999999984,0.0,CAF,1,577.3656330562108
171.33000000000004,-86.23000000000002,0.0,apCAF,1,317.9933939010928
-150.14999999999998,-258.86,0.0,other_tissue,0,288.9069019204185
-173.2,463.17,0.0,other_tissue,0,362.5411016606219
418.79999999999995,-461.78999999999996,0.0,apCAF,1,186.99821378578326
-499.7913,-173.39,0.0,epithelial_tumor_class1,1,1550.5296944989066
204.01999999999998,146.24,0.0,epithelial_tumor_class1,1,522.4388266259941
184.08000000000004,-292.44000000000005,0.0,epithelial_tumor_class1,1,771.9031050097075
-353.8,133.64,0.0,other_tissue,0,604.0725218336989
-88.44,-433.86,0.0,other_tissue,0,727.1001091201266
-197.66000000000003,406.1,0.0,other_tissue,0,208.75268268702112
-5.009999999999991,-412.61,0.0,CAF,1,402.95250862323013
-447.03,-234.51999999999998,0.0,other_tissue,0,493.1087589407696
-123.55000000000001,220.62,0.0,epithelial_tumor_class1,1,522.4388266259941
-142.63,70.51999999999998,0.0,other_tissue,0,709.5874743591603
217.92999999999995,41.18000000000001,0.0,epithelial_tumor_class1,1,522.4388266259941
-428.5,-221.86,0.0,other_tissue,0,169.77308228748285
245.5,426.67,0.0,other_tissue,0,228.48000545245083
76.09000000000003,-76.10000000000002,0.0,epithelial_tumor_class1,1,3013.0937061530294
-480.97,437.76,0.0,CD4_Tcell,1,1026.0200311083622
245.15999999999997,-74.38,0.0,other_tissue,0,708.2801998981495
-0.5799999999999841,-195.51999999999998,0.0,apCAF,1,734.9488456071366
176.76999999999998,59.81999999999999,0.0,other_tissue,0,249.62341836320329
-43.06999999999999,-190.77999999999997,0.0,other_tissue,0,388.1135062586522
401.28999999999996,-437.17999999999995,0.0,epithelial_tumor_class1_class2,1,755.9203882610345
259.61,-390.65999999999997,0.0,epithelial_tumor_class1,1,959.3819886086889
273.24,-86.49000000000001,0.0,other_tissue,0,780.9518647656164
81.07000000000005,-160.61,0.0,CAF,1,1267.2080891008602
325.38,-340.09000000000003,0.0,epithelial_tumor_class1_class2,1,800.6779035400876
-16.160000000000025,73.83999999999997,0.0,CAF,1,918.6468172129844
-204.13,-84.96000000000004,0.0,other_tissue,0,685.9629521889974
487.69000000000005,248.22,0.0,epithelial_tumor_class1,1,3013.0937061530294
17.889999999999986,389.19,0.0,other_tissue,0,651.336832514806
-306.0,-448.09000000000003,0.0,other_tissue,0,169.1806789298804
-311.1,278.64,0.0,epithelial_tumor_class1,1,1219.0453457465958
-168.61,183.60000000000002,0.0,apCAF,1,191.78265519462047
-93.88,-335.32000000000005,0.0,epithelial_tumor_class1,1,1374.2612069278416
-6.699999999999989,-178.10000000000002,0.0,CAF,1,617.1770927966693
-32.27999999999997,-229.76999999999998,0.0,other_tissue,0,506.84747499722386
-463.28,-339.92999999999995,0.0,epithelial_tumor_class1,1,1624.02553751565
-390.8,183.43,0.0,other_tissue,0,303.96585205455233
51.92999999999995,72.33999999999997,0.0,other_tissue,0,319.9462303242722
462.54999999999995,-49.10000000000002,0.0,other_tissue,0,603.7961032459588
291.77,-365.73,0.0,other_tissue,0,362.2338391519807
-454.93,258.51,0.0,CAF,1,439.05596726619444
-428.13,153.76999999999998,0.0,other_tissue,0,752.4544618942117
410.70000000000005,-422.58000000000004,0.0,other_tissue,0,565.5105411839594
-405.06,267.46000000000004,0.0,other_tissue,0,392.71166411910326
401.61,-224.29999999999995,0.0,other_tissue,0,1036.4847579121392
-346.86,393.54,0.0,epithelial_tumor_class1,1,522.4388266259941
-56.44999999999999,-239.04999999999995,0.0,other_tissue,0,1036.4847579121392
170.19000000000005,-408.05999999999995,0.0,other_tissue,0,575.6572205689088
336.26,-109.64999999999998,0.0,other_tissue,0,372.86618476186436
437.85,161.38,0.0,CAF,1,1267.2080891008602
-431.90999999999997,-420.77,0.0,other_tissue,0,1036.4847579121392
228.80999999999995,-33.07000000000005,0.0,other_tissue,0,487.1114954295941
424.54999999999995,-365.65,0.0,CD4_Tcell,1,769.4234560890152
-500.0207,57.160000000000025,0.0,CAF,1,475.5725502114152
-389.03,269.06,0.0,CAF,1,1267.2080891008602
-106.66000000000003,263.01,0.0,CAF,1,1147.7734244440162
-90.88,-259.85,0.0,other_tissue,0,665.0954735906682
-460.78,64.33999999999997,0.0,CAF,1,502.83089717457807
302.23,-458.57000000000005,0.0,epithelial_tumor_class1,1,905.706399282322
-330.97,322.34000000000003,0.0,epithelial_tumor_class1,1,1078.826280986302
-394.0,-296.01,0.0,other_tissue,0,503.32032981787137
-221.26,326.98,0.0,other_tissue,0,738.1435849734434
-66.69999999999999,491.576,0.0,other_tissue,0,398.8245936090585
317.85,-91.95000000000005,0.0,CAF,1,181.07624232894398
-344.09000000000003,-33.57000000000005,0.0,CD4_Tcell,1,469.98166487283686
-350.91999999999996,-257.36,0.0,epithelial_tumor_class1,1,1169.9686803136228
131.89999999999998,-285.55999999999995,0.0,other_tissue,0,430.93527764488624
-478.91,-328.96000000000004,0.0,CAF,1,547.289389757196
-279.63,-191.41999999999996,0.0,other_tissue,0,385.648567293926
337.16999999999996,116.57,0.0,other_tissue,0,438.5393542301789
-254.26,167.08999999999997,0.0,other_tissue,0,237.72935453515066
339.86,483.91,0.0,apCAF,1,282.98789676650335
361.80999999999995,-29.07000000000005,0.0,CD8_Tcell,1,488.91004069164563
131.36,-123.11000000000001,0.0,CAF,1,700.0126449778837
15.779999999999973,376.24,0.0,other_tissue,0,142.28546709916066
-153.2,432.6,0.0,other_tissue,0,241.46037457070477
-369.63,-126.05999999999995,0.0,other_tissue,0,208.83778365730961
32.389999999999986,26.029999999999973,0.0,CAF,1,387.54769948019936
10.639999999999986,-86.50999999999999,0.0,CAF,1,778.4528643952759
-264.62,483.82,0.0,CAF,1,308.0835334169706
-282.02,-33.75,0.0,other_tissue,0,180.3651703113735
-405.21,-227.28999999999996,0.0,other_tissue,0,770.7845720501829
308.29999999999995,-120.57000000000005,0.0,CAF,1,516.7176377750499
148.89999999999998,484.32,0.0,CAF,1,309.69668720424835
438.70000000000005,-115.39999999999998,0.0,other_tissue,0,1005.7634745265248
472.82000000000005,-487.44000000000005,0.0,other_tissue,0,543.2064822398255
174.33000000000004,-257.44000000000005,0.0,epithelial_tumor_class1,1,1615.3882453997849
-117.43,-110.27999999999997,0.0,other_tissue,0,925.2892677355941
-408.37,174.95999999999998,0.0,other_tissue,0,446.317084770197
-136.25,-133.76,0.0,epithelial_tumor_class1,1,1307.9011889976857
-166.76,264.13,0.0,CD8_Tcell,1,437.1172765554484
-157.99,178.3,0.0,apCAF,1,127.73971556408648
-476.0,-470.61,0.0,other_tissue,0,161.81253413803344
-297.64,-156.05999999999995,0.0,other_tissue,0,649.6123274308865
-28.310000000000002,-152.15999999999997,0.0,epithelial_tumor_class1,1,1284.1027687823357
320.08000000000004,304.65,0.0,other_tissue,0,1036.4847579121392
-410.04,36.920000000000016,0.0,other_tissue,0,541.6304333895215
78.04999999999995,-221.83000000000004,0.0,other_tissue,0,502.64744176554865
-33.579999999999984,123.60000000000002,0.0,other_tissue,0,346.12468754596006
60.860000000000014,-430.22,0.0,other_tissue,0,1036.4847579121392
-256.18,148.56,0.0,apCAF,1,203.82278662211763
-220.37,-21.659999999999968,0.0,other_tissue,0,1016.7746748602702
-389.25,209.18,0.0,other_tissue,0,605.4385752821369
329.14,-419.53,0.0,epithelial_tumor_class1,1,1160.6773078625765
-330.62,4.550000000000011,0.0,CAF,1,376.40976799061997
-323.86,-145.78999999999996,0.0,CAF,1,195.66028870274585
490.04999999999995,-247.13,0.0,other_tissue,0,345.2552573561345
149.66999999999996,372.48,0.0,other_tissue,0,836.3683193766906
-377.25,195.94,0.0,CD4_Tcell,1,296.7435933336791
-462.36,110.24000000000001,0.0,CAF,1,555.4347831865647
24.49000000000001,-193.02999999999997,0.0,CAF,1,875.6243897229984
-24.620000000000005,66.01999999999998,0.0,other_tissue,0,734.9488456071366
128.09000000000003,17.339999999999975,0.0,other_tissue,0,374.9494182288884
-221.63,-66.66999999999996,0.0,CD4_Tcell,1,486.6027107435407
488.55999999999995,-311.58000000000004,0.0,other_tissue,0,711.3972363310993
-4.399999999999977,414.02,0.0,other_tissue,0,342.75043531928196
405.26,278.56,0.0,CAF,1,597.5474934380278
87.5,-360.58000000000004,0.0,other_tissue,0,480.7326117825592
-146.66000000000003,-316.48,0.0,other_tissue,0,613.1195684094534
-391.22,170.04000000000002,0.0,CD8_Tcell,1,480.154142661876
-78.07999999999998,-15.330000000000041,0.0,CAF,1,272.28644579967266
98.11000000000001,301.99,0.0,CD4_Tcell,1,343.28361924332603
460.76,-159.90999999999997,0.0,other_tissue,0,504.33078746171066
113.23000000000002,-38.72000000000003,0.0,CAF,1,652.6276640881008
-53.94,477.47,0.0,CAF,1,195.63584169248236
-269.82,-135.96000000000004,0.0,epithelial_tumor_class1,1,522.4388266259941
363.92999999999995,46.129999999999995,0.0,other_tissue,0,637.482653748
-340.28,383.96,0.0,epithelial_tumor_class1,1,930.3266283631579
50.200000000000045,298.81,0.0,other_tissue,0,479.0874191840511
-178.5,158.58999999999997,0.0,CAF,1,302.8958454892027
367.15,-283.1,0.0,other_tissue,0,689.8256300704794
136.87,-413.33000000000004,0.0,other_tissue,0,752.7145383222191
-313.66999999999996,33.579999999999984,0.0,CAF,1,1267.2080891008602
-77.48000000000002,-39.59000000000003,0.0,epithelial_tumor_class1,1,522.4388266259941
125.23000000000002,-217.24,0.0,CD4_Tcell,1,815.8256739366261
478.6,-146.74,0.0,other_tissue,0,483.8554333267226
-366.38,-220.16999999999996,0.0,CAF,1,239.13326443008913
262.82000000000005,-42.98000000000002,0.0,CAF,1,880.679936810571
424.27,-277.15999999999997,0.0,other_tissue,0,405.3316229293524
-158.33999999999997,-101.92999999999995,0.0,epithelial_tumor_class1,1,522.4388266259941
400.9,43.0,0.0,epithelial_tumor_class1,1,897.4922442674981
14.100000000000023,301.03,0.0,other_tissue,0,436.19874884102103
88.90999999999997,-370.13,0.0,other_tissue,0,299.4410824419687
14.149999999999977,396.09000000000003,0.0,other_tissue,0,331.3216938670288
42.120000000000005,-231.15999999999997,0.0,CD4_Tcell,1,825.2563976263734
452.6,-395.13,0.0,other_tissue,0,473.74810508062427
487.88,-260.53,0.0,other_tissue,0,737.432844435484
-246.33,-101.42999999999995,0.0,CAF,1,754.0158194182347
5.0400000000000205,252.14,0.0,other_tissue,0,882.4361682664182
316.14,-103.85000000000002,0.0,CAF,1,306.8278494876401
191.97000000000003,137.2,0.0,other_tissue,0,334.34101037640795
87.65999999999997,-178.70000000000005,0.0,other_tissue,0,311.47098298927017
-94.11000000000001,269.16999999999996,0.0,other_tissue,0,569.0897112376288
463.82000000000005,-313.14,0.0,epithelial_tumor_class1_class2,1,1203.6857594904554
487.83000000000004,-105.13999999999999,0.0,epithelial_tumor_class1,1,1165.0089205263184
-112.33999999999997,-208.36,0.0,other_tissue,0,350.25339198688545
485.23,-336.11,0.0,other_tissue,0,476.5455330771036
54.960000000000036,-367.07000000000005,0.0,CAF,1,1240.555296444297
-363.73,71.79000000000002,0.0,CAF,1,843.2341720103449
393.98,-24.710000000000036,0.0,other_tissue,0,927.6331673160084
46.25999999999999,496.775,0.0,CAF,1,479.59095261864303
-31.25,179.23000000000002,0.0,other_tissue,0,832.7674766501087
-259.24,72.82999999999998,0.0,apCAF,1,679.027838357732
483.88,-219.54999999999995,0.0,CD4_Tcell,1,208.94844949142336
-63.94,456.52,0.0,CAF,1,257.1853018010943
94.51999999999998,322.45,0.0,CAF,1,755.3386538878149
-158.33999999999997,-32.0,0.0,other_tissue,0,486.46809177231665
-150.86,-13.0,0.0,CAF,1,1154.226647277992
-435.42,366.65999999999997,0.0,other_tissue,0,756.3819761240927
-81.27999999999997,422.22,0.0,other_tissue,0,920.3387560712906
83.47000000000003,236.45999999999998,0.0,other_tissue,0,237.82215835244898
7.389999999999986,-311.25,0.0,other_tissue,0,1036.4847579121392
428.09000000000003,-460.83000000000004,0.0,other_tissue,0,1036.4847579121392
-53.22000000000003,66.74000000000001,0.0,CAF,1,297.57268608481195
-22.25,205.05,0.0,other_tissue,0,444.3570620448365
-371.8,141.22000000000003,0.0,other_tissue,0,405.76880714077566
-347.62,291.69,0.0,CAF,1,917.8472987050234
330.16999999999996,-495.74,0.0,other_tissue,0,457.17878535373114
115.63,-122.92999999999995,0.0,other_tissue,0,1036.4847579121392
-286.16999999999996,39.24000000000001,0.0,other_tissue,0,531.4444977042621
-250.25,217.01999999999998,0.0,CAF,1,818.784854267769
-79.66000000000003,46.55000000000001,0.0,CAF,1,658.5581736964768
291.01,411.17,0.0,other_tissue,0,579.2454266669474
-439.63,59.56,0.0,CD4_Tcell,1,378.29111889816954
-230.60000000000002,243.68,0.0,epithelial_tumor_class1,1,590.660998315622
368.61,461.69,0.0,other_tissue,0,1036.4847579121392
434.49,24.50999999999999,0.0,CAF,1,402.42508394070006
-436.12,-350.74,0.0,other_tissue,0,276.7290866935718
141.15999999999997,272.74,0.0,epithelial_tumor_class1,1,1256.9020416376545
411.83000000000004,-405.67999999999995,0.0,other_tissue,0,587.2122472185229
-304.48,11.410000000000025,0.0,other_tissue,0,996.6645180447952
-430.02,-495.77,0.0,CAF,1,480.6139135939534
121.83000000000004,-204.98000000000002,0.0,other_tissue,0,704.8849723637571
29.409999999999968,337.28,0.0,epithelial_tumor_class1,1,632.4809446344243
-104.61000000000001,482.76,0.0,other_tissue,0,342.12317152532125
107.72000000000003,-79.92999999999995,0.0,CAF,1,412.0964813604704
22.059999999999945,-219.54999999999995,0.0,CAF,1,290.6221696866001
-223.48000000000002,-450.97,0.0,epithelial_tumor_class1,1,3013.0937061530294
-173.98000000000002,-47.64999999999998,0.0,CAF,1,710.2994607256828
368.96000000000004,285.98,0.0,other_tissue,0,213.7787276217955
117.54999999999995,-65.76999999999998,0.0,CAF,1,499.2311265184831
-446.22,151.79000000000002,0.0,CAF,1,310.33908869221415
-62.75999999999999,-190.58000000000004,0.0,CAF,1,434.3655554753615
-455.81,-228.42999999999995,0.0,CAF,1,465.9590607758511
-357.46000000000004,303.05,0.0,CAF,1,563.6935970143417
32.370000000000005,205.35000000000002,0.0,other_tissue,0,703.4687212593819
-185.39,-4.1200000000000045,0.0,apCAF,1,387.14939326025694
10.220000000000027,334.31,0.0,CAF,1,418.47607150773825
-387.90999999999997,-101.40999999999997,0.0,other_tissue,0,507.70874537937914
-333.31,-140.58000000000004,0.0,CAF,1,320.6933447695795
-332.21000000000004,285.51,0.0,CAF,1,422.9834642247866
495.48,439.14,0.0,other_tissue,0,435.837258183584
-197.56,54.51999999999998,0.0,apCAF,1,568.6414914804138
243.64,8.449999999999989,0.0,other_tissue,0,528.6730438962117
-55.85000000000002,291.86,0.0,CAF,1,515.5974056121
402.02,268.57,0.0,CAF,1,347.15081894732253
-16.0,-187.66999999999996,0.0,other_tissue,0,476.7668504685679
75.09000000000003,270.1,0.0,other_tissue,0,481.65318545653275
377.59000000000003,374.87,0.0,epithelial_tumor_class1,1,545.6731561157136
265.09000000000003,-62.01999999999998,0.0,other_tissue,0,333.64262386574944
332.41999999999996,-233.13,0.0,CAF,1,1088.417908382932
160.32000000000005,338.82,0.0,epithelial_tumor_class1,1,1493.172578943789
331.96000000000004,-390.38,0.0,other_tissue,0,1036.4847579121392
-124.64999999999998,-48.48000000000002,0.0,CD4_Tcell,1,627.8599894169541
480.72,42.64999999999998,0.0,CAF,1,436.96409914419536
339.28,310.71000000000004,0.0,other_tissue,0,401.7269554116838
-393.2,-409.1,0.0,other_tissue,0,640.3525769841863
220.34000000000003,148.26999999999998,0.0,CAF,1,715.838347375643
250.95000000000005,-69.99000000000001,0.0,other_tissue,0,1036.4847579121392
-354.99,102.01999999999998,0.0,CAF,1,564.6841742307149
127.14999999999998,-437.54999999999995,0.0,CAF,1,513.5013365003878
85.00999999999999,425.59000000000003,0.0,epithelial_tumor_class1,1,1161.1847797739322
-327.57,-262.0,0.0,apCAF,1,596.6559216799617
416.24,-268.70000000000005,0.0,other_tissue,0,414.4576500225441
290.33000000000004,-39.700000000000045,0.0,other_tissue,0,545.8992370085194
-286.65,328.07,0.0,other_tissue,0,375.36447742445546
-50.329999999999984,-4.639999999999986,0.0,other_tissue,0,361.96359179542196
143.49,-431.01,0.0,epithelial_tumor_class1,1,3013.0937061530294
-388.59000000000003,38.170000000000016,0.0,other_tissue,0,380.4960550680872
399.80999999999995,238.45999999999998,0.0,CAF,1,426.71400201688294
-347.72,-121.80999999999995,0.0,CAF,1,483.81072664646496
167.35000000000002,83.08999999999997,0.0,CAF,1,614.13227709112
-392.48,153.56,0.0,epithelial_tumor_class1,1,2090.9096940824456
-223.55,29.779999999999973,0.0,other_tissue,0,168.81851330417436
414.88,43.420000000000016,0.0,other_tissue,0,332.55044146466025
33.07000000000005,389.5,0.0,other_tissue,0,430.53533987073763
40.690000000000055,445.44,0.0,other_tissue,0,538.311458426361
71.40999999999997,96.57999999999998,0.0,other_tissue,0,342.33611861584245
-278.58000000000004,119.38,0.0,CAF,1,531.3810422762991
-98.02999999999997,403.51,0.0,other_tissue,0,508.04736836425377
99.47000000000003,129.42000000000002,0.0,other_tissue,0,260.86980243779556
188.66999999999996,-340.92999999999995,0.0,other_tissue,0,633.9786999712118
436.71000000000004,-14.470000000000027,0.0,epithelial_tumor_class1_class2,1,465.02366959589466
157.28999999999996,396.81,0.0,CAF,1,387.14939326025694
310.59000000000003,-96.14999999999998,0.0,CAF,1,702.5701962192684
423.83000000000004,-124.03999999999996,0.0,apCAF,1,316.68843803088924
362.33000000000004,321.15,0.0,CAF,1,263.1072314877605
-282.47,-123.38999999999999,0.0,other_tissue,0,393.9837929399673
-212.02999999999997,-109.75,0.0,epithelial_tumor_class1,1,852.7005932260496
328.17999999999995,-426.47,0.0,epithelial_tumor_class1,1,830.4153899602184
-427.28,38.410000000000025,0.0,other_tissue,0,422.5884623569927
-222.27999999999997,-321.1,0.0,CAF,1,882.8366485948567
-210.22000000000003,150.13,0.0,other_tissue,0,174.39606982712317
-98.05000000000001,490.375,0.0,epithelial_tumor_class1,1,522.4388266259941
-389.81,-250.21000000000004,0.0,CAF,1,300.8827851549854
-425.69,495.04,0.0,CAF,1,1104.4094327485298
456.88,419.90999999999997,0.0,epithelial_tumor_class1,1,818.3405218013346
460.98,114.45999999999998,0.0,CAF,1,542.546743412381
438.54999999999995,-328.24,0.0,apCAF,1,898.7301954758738
77.53999999999996,-22.399999999999977,0.0,other_tissue,0,1036.4847579121392
-168.41000000000003,-263.94000000000005,0.0,other_tissue,0,527.2041428875684
386.28,422.85,0.0,epithelial_tumor_class1,1,1095.314776569179
206.95000000000005,425.40999999999997,0.0,other_tissue,0,244.21797702260602
-368.98,197.48000000000002,0.0,CAF,1,683.6898117610172
285.92999999999995,-103.33000000000004,0.0,other_tissue,0,519.6503356606139
-361.3,138.56,0.0,other_tissue,0,333.41004466797165
218.38,387.09000000000003,0.0,other_tissue,0,349.40104828284433
299.83000000000004,163.26999999999998,0.0,epithelial_tumor_class1_class2,1,1770.682516097636
67.20000000000005,-113.38,0.0,other_tissue,0,862.8510784802271
165.61,345.27,0.0,epithelial_tumor_class1,1,922.9034779337691
113.96000000000004,368.49,0.0,other_tissue,0,552.1735071304574
-19.75,399.17,0.0,other_tissue,0,928.2082558499335
57.35000000000002,-454.24,0.0,CAF,1,378.97449530974416
95.90999999999997,-404.1,0.0,other_tissue,0,143.26965816364412
-209.82999999999998,-278.14,0.0,other_tissue,0,208.83778365730961
-470.21,-380.13,0.0,other_tissue,0,1036.4847579121392
-75.75,-214.67999999999995,0.0,other_tissue,0,507.2318502462807
453.20000000000005,-189.13,0.0,other_tissue,0,572.6339281117605
119.25,-76.39999999999998,0.0,epithelial_tumor_class1,1,590.371669966679
241.97000000000003,282.15999999999997,0.0,other_tissue,0,558.0858104411933
144.26,142.83999999999997,0.0,other_tissue,0,1036.4847579121392
-225.54000000000002,460.53,0.0,other_tissue,0,464.95700903359284
-335.94,29.120000000000005,0.0,CAF,1,1267.2080891008602
-447.35,34.389999999999986,0.0,other_tissue,0,603.6061143899675
-335.93,59.24000000000001,0.0,other_tissue,0,388.02345473172716
-146.17000000000002,7.589999999999975,0.0,CAF,1,837.5709028767967
-345.97,-444.32000000000005,0.0,other_tissue,0,549.9956096062378
-88.62,-441.74,0.0,other_tissue,0,487.6206346439886
-178.83999999999997,306.52,0.0,other_tissue,0,534.9104637589995
140.67999999999995,397.73,0.0,CAF,1,396.2753242732045
-171.82,-153.89999999999998,0.0,other_tissue,0,402.0429889711627
253.27999999999997,267.93,0.0,other_tissue,0,360.9207171985504
-28.00999999999999,-46.84000000000003,0.0,epithelial_tumor_class1,1,909.4916931755695
-171.49,-269.78999999999996,0.0,CD8_Tcell,1,130.91806865036642
111.17999999999995,466.98,0.0,CAF,1,691.6016474196364
-438.90999999999997,468.48,0.0,other_tissue,0,1036.4847579121392
133.48000000000002,366.93,0.0,CAF,1,859.349400120344
-180.87,25.170000000000016,0.0,CAF,1,228.69695974581552
116.87,-147.62,0.0,other_tissue,0,460.2853449532813
222.32000000000005,-263.64,0.0,other_tissue,0,660.3168030078293
-324.99,-471.53999999999996,0.0,epithelial_tumor_class1,1,1219.2109119207535
82.10000000000002,134.72000000000003,0.0,apCAF,1,295.74427659853745
-235.76999999999998,-186.99,0.0,other_tissue,0,235.95219993301748
63.51999999999998,335.91999999999996,0.0,other_tissue,0,599.3676778561019
-482.47,-6.3799999999999955,0.0,other_tissue,0,470.52268036329747
208.25,-50.549999999999955,0.0,epithelial_tumor_class1,1,1754.804687503956
237.37,341.84000000000003,0.0,other_tissue,0,679.9061814767877
349.76,499.9664,0.0,epithelial_tumor_class1_class2,1,2594.2924540161034
29.450000000000045,323.86,0.0,other_tissue,0,870.3016611109881
152.34000000000003,449.72,0.0,CD4_Tcell,1,802.9108574346375
39.139999999999986,-348.83000000000004,0.0,apCAF,1,124.3219022584304
-64.51999999999998,-280.53,0.0,CD4_Tcell,1,573.367895867435
-78.63,-252.55999999999995,0.0,other_tissue,0,375.47772852314944
-358.74,205.45,0.0,epithelial_tumor_class1,1,522.4388266259941
-214.39,-188.96000000000004,0.0,other_tissue,0,426.8373588123511
-33.75,58.579999999999984,0.0,other_tissue,0,390.22727389167756
193.89,373.76,0.0,other_tissue,0,163.92542606213624
161.78999999999996,-421.15999999999997,0.0,epithelial_tumor_class1,1,571.7506625706251
-51.370000000000005,305.07,0.0,other_tissue,0,316.9356547975034
-379.99,-455.90999999999997,0.0,CAF,1,1267.2080891008602
478.72,-101.97000000000003,0.0,CAF,1,583.034120627088
-474.69,30.20999999999998,0.0,other_tissue,0,865.3079047885096
94.85000000000002,330.39,0.0,CAF,1,235.95219993301748
-168.89999999999998,-35.51999999999998,0.0,apCAF,1,573.6349486494827
284.76,191.04000000000002,0.0,other_tissue,0,376.8889816554361
58.039999999999964,392.14,0.0,CAF,1,1267.2080891008602
-60.70999999999998,81.54000000000002,0.0,other_tissue,0,289.38268629285255
247.87,-254.03999999999996,0.0,other_tissue,0,214.76577008940708
331.5,-208.85000000000002,0.0,epithelial_tumor_class1,1,1075.6754855007493
-423.07,112.52999999999997,0.0,other_tissue,0,1036.4847579121392
358.95000000000005,-142.0,0.0,apCAF,1,124.3219022584304
-153.87,75.57999999999998,0.0,other_tissue,0,347.1747065673162
412.05999999999995,262.28999999999996,0.0,epithelial_tumor_class1,1,556.2521037289058
-185.7,20.860000000000014,0.0,CAF,1,252.08552422161245
-146.76,-162.26999999999998,0.0,other_tissue,0,202.2191178343463
-64.30000000000001,-201.48000000000002,0.0,other_tissue,0,421.09241490880464
-83.94,-341.9,0.0,epithelial_tumor_class1,1,1399.8533373146058
-103.24000000000001,-252.12,0.0,epithelial_tumor_class1,1,901.6382188226605
445.39,-129.45000000000005,0.0,other_tissue,0,273.9149489484795
-323.59000000000003,-276.44000000000005,0.0,other_tissue,0,383.20684385972476
117.01999999999998,489.91,0.0,epithelial_tumor_class1,1,1269.050397531238
-443.05,317.08000000000004,0.0,CAF,1,444.2303522820103
-380.08,-36.690000000000055,0.0,other_tissue,0,463.290117061762
-211.37,-67.44000000000005,0.0,other_tissue,0,237.35838069421095
346.33000000000004,489.12,0.0,CAF,1,640.5322326205606
-408.7,252.46,0.0,CD4_Tcell,1,650.4651226795929
354.78999999999996,297.89,0.0,CAF,1,453.2011419924586
-362.22,478.11,0.0,other_tissue,0,415.7493533107622
-479.67,365.98,0.0,CAF,1,635.3358477402045
-253.98,-261.08000000000004,0.0,other_tissue,0,590.9674489960846
447.51,398.39,0.0,other_tissue,0,516.8889271090242
-281.75,-495.39,0.0,CAF,1,857.0129469577821
-44.0,447.81,0.0,CAF,1,382.41646405850156
-175.14999999999998,142.43,0.0,CAF,1,706.84021619765
-439.68,-338.74,0.0,CAF,1,454.3577038958861
455.91999999999996,490.198,0.0,other_tissue,0,571.0846488192827
151.01,493.183,0.0,other_tissue,0,620.9708437708971
176.73000000000002,-407.74,0.0,other_tissue,0,238.28653973840133
387.87,-472.73,0.0,other_tissue,0,313.6425523607549
159.55999999999995,-428.77,0.0,other_tissue,0,421.1195842063718
72.41999999999996,435.21,0.0,CD4_Tcell,1,192.46697920437936
-133.26,4.839999999999975,0.0,other_tissue,0,287.6301576228332
278.09000000000003,-174.62,0.0,epithelial_tumor_class1,1,1461.2770284602855
-354.7,485.48,0.0,other_tissue,0,181.68056965021648
-345.58000000000004,-482.72,0.0,other_tissue,0,909.1285743244513
30.720000000000027,48.379999999999995,0.0,other_tissue,0,372.8536586025359
-156.82,-387.05999999999995,0.0,other_tissue,0,278.9735764725156
-128.39999999999998,-182.78999999999996,0.0,other_tissue,0,716.7481472216011
-174.11,-30.83000000000004,0.0,apCAF,1,153.27227948960189
-327.65,225.64,0.0,other_tissue,0,744.3224755111767
-52.329999999999984,-120.78999999999996,0.0,CAF,1,395.72767657279246
-146.11,244.71,0.0,CAF,1,423.31054840560233
-80.95999999999998,100.01999999999998,0.0,other_tissue,0,228.19997595665097
-23.189999999999998,-98.54999999999995,0.0,other_tissue,0,473.9538567416944
387.70000000000005,-465.28,0.0,other_tissue,0,426.8647746617108
125.44000000000005,287.65,0.0,other_tissue,0,591.495473605619
388.51,-152.57000000000005,0.0,other_tissue,0,149.87663924769856
-43.75999999999999,-421.78,0.0,other_tissue,0,395.97535942016594
2.4499999999999886,357.31,0.0,CD4_Tcell,1,153.13381798499162
156.0,330.76,0.0,epithelial_tumor_class1,1,522.4388266259941
-118.91000000000003,15.189999999999998,0.0,other_tissue,0,276.8009697126149
-433.14,-80.16999999999996,0.0,other_tissue,0,599.6427433304054
261.76,-306.32000000000005,0.0,CAF,1,199.53203965729546
-64.42000000000002,217.82,0.0,CAF,1,110.83370365748279
-155.11,162.82,0.0,epithelial_tumor_class1,1,541.8714674989466
117.55999999999995,-132.48000000000002,0.0,other_tissue,0,294.74720592507674
-194.99,16.230000000000018,0.0,other_tissue,0,252.67457653976098
103.55999999999995,-116.39999999999998,0.0,CAF,1,561.7159193067869
-258.27,-211.79999999999995,0.0,other_tissue,0,491.14938868480914
-114.43,412.58,0.0,other_tissue,0,193.12061267967883
376.29999999999995,495.691,0.0,epithelial_tumor_class1_class2,1,1886.325292406912
481.47,149.83999999999997,0.0,epithelial_tumor_class1,1,2156.1415410408445
490.72,45.64999999999998,0.0,epithelial_tumor_class1,1,572.6839514587807
113.59000000000003,356.98,0.0,other_tissue,0,575.4731815832865
-166.57,192.91000000000003,0.0,other_tissue,0,756.9039973247583
-14.589999999999975,207.91000000000003,0.0,other_tissue,0,419.30182386128405
-403.35,257.33000000000004,0.0,apCAF,1,263.1072314877605
411.28999999999996,21.620000000000005,0.0,other_tissue,0,503.65699892365217
397.03,-108.11000000000001,0.0,CD8_Tcell,1,821.5814845869165
90.74000000000001,-454.82000000000005,0.0,other_tissue,0,226.37188737505136
257.21000000000004,-64.70000000000005,0.0,CAF,1,626.1771944610142
446.29999999999995,-323.88,0.0,other_tissue,0,1036.4847579121392
-89.57999999999998,-227.86,0.0,other_tissue,0,539.865033595643
89.69000000000005,-289.03999999999996,0.0,CD8_Tcell,1,818.7425299621625
-185.63,403.31,0.0,CD4_Tcell,1,198.00026751122243
266.71000000000004,-258.78,0.0,CAF,1,318.5005902632545
-493.817,305.68,0.0,other_tissue,0,349.04131903562296
48.450000000000045,-396.15999999999997,0.0,other_tissue,0,598.7147345112467
-1.7900000000000205,245.63,0.0,other_tissue,0,476.3390319823201
388.95000000000005,-261.63,0.0,other_tissue,0,640.3885054236652
-365.28999999999996,-153.62,0.0,CAF,1,189.1332747587919
-270.64,436.74,0.0,other_tissue,0,580.5233218339476
-404.6,-438.64,0.0,CD4_Tcell,1,1044.7283276989228
13.379999999999995,279.78,0.0,other_tissue,0,398.7590915463176
480.33000000000004,-152.75,0.0,other_tissue,0,145.84709208878712
256.53,449.34000000000003,0.0,other_tissue,0,539.4162724455538
491.5,-337.0,0.0,other_tissue,0,507.84725477171077
-290.28,10.680000000000007,0.0,epithelial_tumor_class1,1,847.8827602147855
-194.12,293.23,0.0,CD8_Tcell,1,266.4472548696512
232.51,377.59000000000003,0.0,other_tissue,0,363.2546197423681
-480.12,-16.950000000000045,0.0,other_tissue,0,217.14181639285997
11.100000000000023,112.29000000000002,0.0,other_tissue,0,420.79362975827127
-382.24,-359.77,0.0,epithelial_tumor_class1,1,1524.8881393843224
251.84000000000003,-241.84000000000003,0.0,other_tissue,0,434.6291071608209
40.75999999999999,395.6,0.0,other_tissue,0,209.22102424410076
469.24,-231.72000000000003,0.0,other_tissue,0,771.6589692248608
433.34000000000003,-371.01,0.0,other_tissue,0,669.7305474565173
431.82000000000005,49.06,0.0,CD4_Tcell,1,155.3871819158934
-59.389999999999986,106.14999999999998,0.0,other_tissue,0,366.7495266204719
-433.44,-240.44000000000005,0.0,CD4_Tcell,1,320.18382255039256
-193.39999999999998,80.56,0.0,CAF,1,368.6234377744621
90.94000000000005,-343.38,0.0,epithelial_tumor_class1,1,1207.054281119697
-181.55,-282.88,0.0,other_tissue,0,501.92933772212
149.01,429.69,0.0,other_tissue,0,241.34787993048076
127.84000000000003,-343.99,0.0,other_tissue,0,178.53430017514984
190.90999999999997,19.649999999999977,0.0,other_tissue,0,1036.4847579121392
349.99,448.15,0.0,epithelial_tumor_class1,1,2020.546289972943
-394.3,-191.96000000000004,0.0,epithelial_tumor_class1,1,522.4388266259941
115.03999999999996,-57.14999999999998,0.0,other_tissue,0,414.53830298454824
-222.13,392.2,0.0,other_tissue,0,201.57003773499716
97.61000000000001,427.79,0.0,other_tissue,0,181.0220734509871
96.35000000000002,-257.48,0.0,apCAF,1,140.76856796984586
223.24,-320.38,0.0,other_tissue,0,427.811340518935
-430.15999999999997,-244.08000000000004,0.0,CD4_Tcell,1,480.7622893830559
239.89999999999998,3.089999999999975,0.0,other_tissue,0,255.96488919098596
366.51,-116.76999999999998,0.0,CAF,1,471.13730901242144
48.66999999999996,-31.370000000000005,0.0,epithelial_tumor_class1_class2,1,2823.660781328132
-266.71000000000004,288.46000000000004,0.0,CAF,1,519.3221979607337
-29.410000000000025,145.39,0.0,CAF,1,246.64446793531584
-68.30000000000001,-131.20000000000005,0.0,other_tissue,0,414.09484115043176
438.33000000000004,-468.16999999999996,0.0,other_tissue,0,605.732805166925
433.25,-318.90999999999997,0.0,epithelial_tumor_class1,1,1065.6291308880193
-361.65999999999997,0.8100000000000023,0.0,other_tissue,0,189.56382361443403
406.82000000000005,-70.22000000000003,0.0,other_tissue,0,623.5968700169595
-295.07,69.86000000000001,0.0,CAF,1,808.8577007564452
308.65,-214.5,0.0,CAF,1,606.4428105745776
45.73000000000002,-343.59000000000003,0.0,other_tissue,0,434.2407523986027
-357.5,-479.16999999999996,0.0,CAF,1,197.49962458516782
473.03,-356.29999999999995,0.0,CAF,1,240.45853033430646
-382.49,-231.10000000000002,0.0,apCAF,1,189.1332747587919
-410.14,-448.63,0.0,CAF,1,660.9037077684104
-393.58,214.76999999999998,0.0,other_tissue,0,173.66497150377177
-57.27999999999997,212.44,0.0,epithelial_tumor_class1,1,741.0703162721151
-32.01999999999998,-54.82000000000005,0.0,CAF,1,530.8894339658749
295.78,-266.21000000000004,0.0,other_tissue,0,231.66665944337595
224.04999999999995,-425.26,0.0,CAF,1,1044.5042830868297
-130.13,210.91000000000003,0.0,CAF,1,368.7975005106264
303.52,-108.39999999999998,0.0,CAF,1,754.3764391578356
389.19000000000005,-140.49,0.0,other_tissue,0,606.2003073589638
-442.8,459.92,0.0,epithelial_tumor_class1,1,573.9521815138711
239.05999999999995,-57.059999999999945,0.0,other_tissue,0,493.89396382356847
442.97,123.48000000000002,0.0,other_tissue,0,163.97612838075932
394.30999999999995,140.14,0.0,other_tissue,0,899.3608622344387
-207.99,136.79000000000002,0.0,CAF,1,709.5874743591603
245.90999999999997,412.92,0.0,other_tissue,0,303.7035770214112
403.5,496.418,0.0,epithelial_tumor_class1_class2,1,465.02366959589466
-475.89,66.44,0.0,CAF,1,848.4894121385876
106.38999999999999,-469.27,0.0,other_tissue,0,222.58515922406113
-375.18,-54.0,0.0,CAF,1,600.1931267227206
-194.3,-275.4,0.0,epithelial_tumor_class1,1,794.7090316620407
234.90999999999997,267.14,0.0,other_tissue,0,243.78366076540112
250.03999999999996,11.649999999999977,0.0,CAF,1,561.9793419740747
223.51999999999998,470.68,0.0,other_tissue,0,189.96306211109808
405.03,26.170000000000016,0.0,CAF,1,249.6809396975718
17.269999999999982,434.14,0.0,epithelial_tumor_class1,1,1181.2268485518048
-362.05,10.20999999999998,0.0,other_tissue,0,729.5076154034944
-407.46,467.43,0.0,CAF,1,339.85722807161545
-38.629999999999995,4.600000000000023,0.0,other_tissue,0,580.8767555574248
-248.4,-287.52,0.0,other_tissue,0,340.7647602459446
248.21000000000004,-169.40999999999997,0.0,other_tissue,0,374.6980161733231
401.15,128.0,0.0,other_tissue,0,522.5156738169346
-76.54000000000002,-111.04999999999995,0.0,other_tissue,0,416.2209535693832
79.51999999999998,465.22,0.0,other_tissue,0,565.4774710367279
377.82000000000005,420.73,0.0,other_tissue,0,389.37569093828347
76.24000000000001,321.6,0.0,other_tissue,0,295.4223956117784
-135.79000000000002,16.600000000000023,0.0,CAF,1,185.0127155098011
-5.3700000000000045,-71.00999999999999,0.0,CAF,1,320.36492412726716
157.82000000000005,475.68,0.0,other_tissue,0,831.1419250334307
-459.31,51.20999999999998,0.0,CAF,1,188.56817550302776
-175.36,-78.20000000000005,0.0,epithelial_tumor_class1,1,1046.023435021498
-223.0,-264.32000000000005,0.0,CAF,1,217.64011522982702
231.82000000000005,487.98,0.0,other_tissue,0,245.07868688294943
-236.48000000000002,-9.70999999999998,0.0,other_tissue,0,180.67410287971322
-399.40999999999997,-77.73000000000002,0.0,other_tissue,0,122.06695745160708
-207.66000000000003,-52.559999999999945,0.0,other_tissue,0,147.7851150088412
359.53999999999996,235.02999999999997,0.0,CAF,1,220.78722166716923
429.64,-15.330000000000041,0.0,epithelial_tumor_class1,1,1410.6224818543546
325.6,64.24000000000001,0.0,other_tissue,0,148.5162763003684
484.26,-124.28999999999996,0.0,CAF,1,1211.335584668645
168.24,-160.66999999999996,0.0,other_tissue,0,301.33901920328674
-358.15,-20.649999999999977,0.0,apCAF,1,297.57268608481195
167.22000000000003,-216.15999999999997,0.0,other_tissue,0,1007.9982157640953
-365.75,209.36,0.0,epithelial_tumor_class1,1,651.3186639544527
-397.13,-107.40999999999997,0.0,other_tissue,0,242.596649461524
-199.3,-485.15,0.0,CAF,1,734.9488456071366
286.87,-411.53,0.0,other_tissue,0,422.92896658081264
-193.32,-288.9,0.0,other_tissue,0,370.3415915901944
-302.57,-30.269999999999982,0.0,other_tissue,0,312.5276705819598
404.42999999999995,225.81,0.0,epithelial_tumor_class1,1,744.5806748430653
-316.01,78.45999999999998,0.0,other_tissue,0,1036.4847579121392
179.92999999999995,-10.949999999999989,0.0,epithelial_tumor_class1,1,3013.0937061530294
-90.67000000000002,471.44,0.0,other_tissue,0,165.56038108820172
262.46000000000004,157.38,0.0,other_tissue,0,312.30501174194364
392.46000000000004,106.00999999999999,0.0,other_tissue,0,379.5953079127779
-364.4,175.18,0.0,apCAF,1,246.8632564844708
454.95000000000005,-346.53999999999996,0.0,CAF,1,435.9623669546653
-424.63,-131.57000000000005,0.0,other_tissue,0,340.6114273112333
210.76999999999998,416.33,0.0,other_tissue,0,378.26582445005516
86.12,487.01,0.0,other_tissue,0,238.89113875886565
-267.47,183.89999999999998,0.0,epithelial_tumor_class1_class2,1,2961.5049048442593
300.98,-259.53,0.0,other_tissue,0,1036.4847579121392
-401.32,-146.70000000000005,0.0,CAF,1,327.7455639976931
444.51,-164.38,0.0,CAF,1,1267.2080891008602
-434.77,-456.34000000000003,0.0,CAF,1,310.0842370914662
-409.92,421.15,0.0,epithelial_tumor_class1,1,3013.0937061530294
-475.76,-173.24,0.0,epithelial_tumor_class1_class2,1,584.8923683913334
490.72,221.01,0.0,epithelial_tumor_class1,1,925.5188870416197
49.120000000000005,-239.48000000000002,0.0,other_tissue,0,321.9070454976956
80.38999999999999,182.25,0.0,other_tissue,0,337.3200263620282
-9.269999999999982,153.38,0.0,other_tissue,0,147.46767531097558
312.89,-254.60000000000002,0.0,other_tissue,0,565.5105411839594
-375.08,-261.47,0.0,other_tissue,0,251.85401712200118
407.59000000000003,-88.63999999999999,0.0,other_tissue,0,1036.4847579121392
454.72,34.0,0.0,CAF,1,216.9671551195647
123.74000000000001,282.09000000000003,0.0,CAF,1,402.02981759817953
320.47,-438.17999999999995,0.0,other_tissue,0,542.6271707512481
146.66999999999996,-96.11000000000001,0.0,mesenchymal_tumor_class1_class2,1,1239.1320867187278
29.110000000000014,66.94999999999999,0.0,other_tissue,0,594.8754395885254
-347.71000000000004,-9.25,0.0,CD4_Tcell,1,257.4200640332696
-84.61000000000001,253.88,0.0,other_tissue,0,376.6367132691287
-371.18,6.779999999999973,0.0,other_tissue,0,228.1096926945405
114.65999999999997,289.0,0.0,other_tissue,0,256.21841630091285
-449.37,411.18,0.0,CAF,1,776.9805490490747
-356.56,-319.27,0.0,other_tissue,0,603.3471029111034
-95.70999999999998,-319.79999999999995,0.0,other_tissue,0,704.2148871950303
-479.51,-210.52999999999997,0.0,CAF,1,248.86687787242465
-387.33,-80.85000000000002,0.0,other_tissue,0,393.7239520296679
367.57000000000005,118.60000000000002,0.0,CAF,1,351.69712216708683
40.51999999999998,404.79,0.0,CAF,1,638.8806677298686
-462.06,-232.54999999999995,0.0,CAF,1,482.0990459239109
361.47,60.829999999999984,0.0,other_tissue,0,1036.4847579121392
-471.01,94.83999999999997,0.0,CAF,1,360.77364940234315
-61.23000000000002,489.39,0.0,CAF,1,565.444402178781
172.99,277.55,0.0,other_tissue,0,287.4616140445553
74.51999999999998,83.27999999999997,0.0,other_tissue,0,347.0672209063091
-154.73000000000002,95.20999999999998,0.0,CAF,1,438.14867331397636
179.02999999999997,276.41999999999996,0.0,other_tissue,0,291.0679742520106
-81.86000000000001,-124.67999999999995,0.0,other_tissue,0,555.7943055182764
72.88,-62.65999999999997,0.0,CAF,1,766.6857780133039
118.55999999999995,-440.85,0.0,CD4_Tcell,1,145.89399472290307
-318.23,-50.52999999999997,0.0,CAF,1,568.6414914804138
387.44000000000005,331.51,0.0,CAF,1,597.4960324798152
-102.64999999999998,346.16999999999996,0.0,other_tissue,0,554.2103041328809
444.74,-488.51,0.0,other_tissue,0,200.02783963979707
404.51,-235.69000000000005,0.0,other_tissue,0,254.12696687223735
98.39999999999998,-364.77,0.0,other_tissue,0,621.639866850571
211.72000000000003,-294.37,0.0,other_tissue,0,269.8558135023355
241.91999999999996,26.19999999999999,0.0,epithelial_tumor_class1,1,1093.3632749532915
-338.68,428.68,0.0,CAF,1,692.547578237065
91.36000000000001,297.03,0.0,CD4_Tcell,1,582.0559039607356
174.32000000000005,-151.85000000000002,0.0,other_tissue,0,553.5416836895937
127.76999999999998,-59.120000000000005,0.0,other_tissue,0,154.3203586923117
-424.21,223.75,0.0,CAF,1,1101.5700256765433
378.47,462.71,0.0,other_tissue,0,442.0519067050626
-310.41999999999996,-415.29999999999995,0.0,other_tissue,0,293.61349550998364
-433.86,282.1,0.0,other_tissue,0,912.149938860867
-363.09000000000003,105.5,0.0,other_tissue,0,422.52038345114846
-209.99,-294.32000000000005,0.0,CAF,1,739.6455366192134
-440.04,-115.62,0.0,other_tissue,0,583.2872859498765
71.39999999999998,232.33999999999997,0.0,other_tissue,0,365.9324646846799
185.12,63.329999999999984,0.0,other_tissue,0,274.9462772186397
96.45000000000005,196.8,0.0,CAF,1,315.4878985606003
-187.36,66.19,0.0,epithelial_tumor_class1_class2,1,1095.751614231813
-475.82,55.170000000000016,0.0,other_tissue,0,228.02845812122737
-84.70999999999998,37.35000000000002,0.0,other_tissue,0,537.8795508828763
-208.67000000000002,-9.20999999999998,0.0,other_tissue,0,355.1903765388193
476.89,-481.99,0.0,other_tissue,0,361.22723679796934
-305.68,-175.88,0.0,CAF,1,364.166328782312
153.0,-368.54999999999995,0.0,other_tissue,0,609.3752751065033
473.89,-123.98000000000002,0.0,other_tissue,0,438.511440751814
-367.21000000000004,-272.09000000000003,0.0,other_tissue,0,287.57748067966037
-245.87,-233.72000000000003,0.0,other_tissue,0,315.90269456011544
-418.9,482.1,0.0,CAF,1,318.02719022785305
-308.45,-117.15999999999997,0.0,other_tissue,0,466.6715362806527
-172.95,205.67000000000002,0.0,apCAF,1,1104.4094327485298
314.07000000000005,298.40999999999997,0.0,other_tissue,0,420.34571708760683
383.98,326.57,0.0,other_tissue,0,331.6343889492701
-141.05,335.18,0.0,other_tissue,0,525.0924502013593
418.65,-337.21000000000004,0.0,other_tissue,0,259.4311492265506
-0.9700000000000273,153.95,0.0,CD4_Tcell,1,617.3173257901603
256.04999999999995,-211.08000000000004,0.0,CAF,1,723.8983482794569
464.1,135.7,0.0,other_tissue,0,338.68102192041704
107.66999999999996,-338.0,0.0,other_tissue,0,186.70580686092754
-164.81,443.31,0.0,CAF,1,587.805899131102
-334.78,-188.49,0.0,apCAF,1,603.15720825922
-30.629999999999995,154.87,0.0,other_tissue,0,489.61567568569075
275.07000000000005,-136.08000000000004,0.0,other_tissue,0,773.5931207926204
439.27,-302.64,0.0,other_tissue,0,160.32366873320265
69.61000000000001,265.32,0.0,other_tissue,0,304.29390813165674
112.58000000000004,294.85,0.0,CAF,1,257.99779504984144
-324.95,-268.78999999999996,0.0,other_tissue,0,228.66079116361186
-365.28,85.33999999999997,0.0,CAF,1,251.352904740771
-401.8,42.39999999999998,0.0,other_tissue,0,292.8984066133926
229.74,462.8,0.0,CD4_Tcell,1,179.09454581935265
-242.14,318.69,0.0,other_tissue,0,288.83293792184645
65.17999999999995,-181.57000000000005,0.0,CAF,1,812.5156554771218
338.84000000000003,-450.6,0.0,other_tissue,0,699.9554575171275
-447.62,-434.03,0.0,epithelial_tumor_class1,1,1293.8111083647173
-275.48,-140.21000000000004,0.0,other_tissue,0,558.5612654245376
-264.33000000000004,418.75,0.0,CD4_Tcell,1,514.8514843887333
-427.0,-191.26999999999998,0.0,other_tissue,0,374.1578823396575
24.980000000000018,-475.72,0.0,other_tissue,0,523.0491892840213
-375.18,474.4,0.0,other_tissue,0,315.25263540954876
245.08000000000004,433.35,0.0,other_tissue,0,234.9380404947149
-235.76,181.76999999999998,0.0,other_tissue,0,649.8481323501212
-394.25,-309.22,0.0,other_tissue,0,242.73775783032454
55.47000000000003,-252.91999999999996,0.0,other_tissue,0,423.31054840560233
-387.8,-185.51,0.0,other_tissue,0,217.2816128823506
205.89,125.91000000000003,0.0,other_tissue,0,337.3200263620282
-165.87,-388.20000000000005,0.0,other_tissue,0,222.57627855221318
-389.28,-194.82000000000005,0.0,other_tissue,0,290.5903439334231
-226.29000000000002,-87.21000000000004,0.0,CD4_Tcell,1,277.9527915586475
-136.04000000000002,409.0,0.0,other_tissue,0,947.0399360345643
-323.85,-156.34000000000003,0.0,other_tissue,0,149.60390492320911
445.86,-439.32000000000005,0.0,other_tissue,0,393.4901929139234
203.92999999999995,-32.48000000000002,0.0,other_tissue,0,671.5275442064388
-106.47000000000003,17.560000000000002,0.0,other_tissue,0,256.23792531737405
-76.88,494.526,0.0,CAF,1,618.2995515710363
-56.26999999999998,61.19999999999999,0.0,epithelial_tumor_class1,1,584.8923683913334
-61.93000000000001,-163.47000000000003,0.0,other_tissue,0,127.9974738286087
-215.51,190.32999999999998,0.0,CAF,1,343.65124520632736
206.21000000000004,-83.94000000000005,0.0,CAF,1,206.0838214100516
453.54999999999995,-218.40999999999997,0.0,epithelial_tumor_class1_class2,1,1782.9201705477974
-398.03,-211.19000000000005,0.0,other_tissue,0,377.696997420621
-350.84000000000003,-58.76999999999998,0.0,apCAF,1,692.547578237065
303.42999999999995,188.66000000000003,0.0,epithelial_tumor_class1,1,782.3060095152463
415.83000000000004,-351.24,0.0,other_tissue,0,624.6564176115172
73.91999999999996,-354.12,0.0,other_tissue,0,1015.894745545306
220.72000000000003,454.84000000000003,0.0,CAF,1,337.5544201551895
415.28999999999996,332.94,0.0,epithelial_tumor_class1,1,522.4388266259941
352.15999999999997,268.49,0.0,other_tissue,0,443.9910773442761
-143.38,149.55,0.0,other_tissue,0,257.86062819542553
-237.17000000000002,161.73000000000002,0.0,other_tissue,0,172.90589917845497
360.38,-63.629999999999995,0.0,other_tissue,0,593.1667813090505
-6.300000000000011,298.15,0.0,CAF,1,577.1141842275172
228.64,-241.54999999999995,0.0,other_tissue,0,320.73866177536786
-358.87,-233.78999999999996,0.0,other_tissue,0,356.73276185033524
93.17999999999995,59.25999999999999,0.0,CAF,1,264.0814071923954
-90.19999999999999,291.91999999999996,0.0,other_tissue,0,1036.4847579121392
-443.4,87.37,0.0,other_tissue,0,568.7244773766503
-363.13,-495.53,0.0,other_tissue,0,489.28529399153894
-326.41999999999996,205.91000000000003,0.0,other_tissue,0,1003.6289889434214
-240.89999999999998,118.66000000000003,0.0,other_tissue,0,621.217270082683
200.92999999999995,392.34000000000003,0.0,other_tissue,0,471.29837158364575
153.39,-14.120000000000005,0.0,CAF,1,616.8441245560068
-309.03999999999996,326.89,0.0,other_tissue,0,884.5289013914903
-310.15999999999997,-265.44000000000005,0.0,other_tissue,0,321.79348602313763
-361.52,-173.22000000000003,0.0,CAF,1,260.09069460253346
211.70000000000005,35.160000000000025,0.0,other_tissue,0,491.2999248674616
417.19000000000005,429.14,0.0,other_tissue,0,418.1244412682654
-58.55000000000001,-447.28999999999996,0.0,other_tissue,0,192.5153458432562
416.84000000000003,18.819999999999993,0.0,CAF,1,138.2514967253263
-85.76999999999998,-156.57000000000005,0.0,other_tissue,0,407.7466743913654
203.94000000000005,256.4,0.0,other_tissue,0,542.7558710254259
333.03,-381.03,0.0,CAF,1,567.2651046126937
311.53,-143.55999999999995,0.0,CD4_Tcell,1,408.78462613484726
-388.58,193.38,0.0,other_tissue,0,1036.4847579121392
-175.22000000000003,223.45,0.0,CAF,1,596.6559216799617
485.1,450.95,0.0,other_tissue,0,574.2361205650654
-108.81,431.76,0.0,other_tissue,0,792.5534400343487
-405.32,317.56,0.0,epithelial_tumor_class1,1,1357.0877303271623
-375.79,35.839999999999975,0.0,CAF,1,745.5146629124215
361.45000000000005,332.21000000000004,0.0,other_tissue,0,177.7305181074927
-218.97000000000003,221.47000000000003,0.0,CAF,1,233.68819345474904
414.98,-279.89,0.0,apCAF,1,200.69847147286
119.34000000000003,367.07,0.0,CAF,1,375.7420696679951
23.610000000000014,57.31999999999999,0.0,other_tissue,0,258.2330513834282
322.48,-350.5,0.0,other_tissue,0,490.6528374578604
-145.26999999999998,-365.88,0.0,other_tissue,0,147.1237340728568
26.129999999999995,312.55,0.0,other_tissue,0,284.75293239955863
-438.36,388.55,0.0,CAF,1,323.92147200527586
-119.92000000000002,490.042,0.0,CAF,1,375.930960710945
78.63999999999999,253.77,0.0,other_tissue,0,174.35078782895212
-113.79000000000002,425.3,0.0,other_tissue,0,396.79736303448493
-497.53,111.54000000000002,0.0,other_tissue,0,387.68909958586175
-43.860000000000014,232.57999999999998,0.0,other_tissue,0,237.81287688406113
82.37,-4.220000000000027,0.0,other_tissue,0,272.7946576845523
-167.16000000000003,-29.5,0.0,other_tissue,0,291.2910473950876
-276.76,-272.78,0.0,CAF,1,643.717700800286
464.05999999999995,95.63,0.0,other_tissue,0,796.1205680874783
-410.77,-230.26,0.0,apCAF,1,884.0388165512959
141.77999999999997,-281.98,0.0,other_tissue,0,383.23235809762275
315.15,-30.769999999999982,0.0,other_tissue,0,334.9354046156346
-487.46,134.14999999999998,0.0,other_tissue,0,450.33963669363305
-464.06,280.28,0.0,CAF,1,814.0957553165184
-399.17,481.07,0.0,apCAF,1,565.444402178781
102.15999999999997,387.69,0.0,CAF,1,328.24006300507017
456.5,484.79,0.0,epithelial_tumor_class1,1,522.4388266259941
-112.72000000000003,-26.309999999999945,0.0,CD8_Tcell,1,165.06512050720832
-89.82999999999998,329.45,0.0,other_tissue,0,515.9239725698712
-110.33999999999997,64.41000000000003,0.0,other_tissue,0,167.9264007840775
380.53999999999996,394.62,0.0,epithelial_tumor_class1,1,550.3527812280896
239.08000000000004,-125.13999999999999,0.0,other_tissue,0,657.7348922219701
279.61,-89.28999999999996,0.0,other_tissue,0,431.5287445984986
129.39999999999998,228.31,0.0,CAF,1,237.43254456521214
-254.21,446.62,0.0,epithelial_tumor_class1,1,1155.9302763776477
223.07000000000005,-395.22,0.0,CAF,1,540.1215802516762
477.87,-358.80999999999995,0.0,CAF,1,162.29407596470688
112.74000000000001,-197.32000000000005,0.0,other_tissue,0,351.2154388317533
86.14999999999998,109.98000000000002,0.0,other_tissue,0,214.9132204332577
-429.89,-213.54999999999995,0.0,other_tissue,0,164.8105924342754
275.26,-18.870000000000005,0.0,CAF,1,1267.2080891008602
18.279999999999973,-103.39999999999998,0.0,apCAF,1,435.89285912647273
402.19000000000005,96.54000000000002,0.0,other_tissue,0,209.05063726293108
-232.61,-302.77,0.0,other_tissue,0,609.9489874548342
-395.79,261.13,0.0,apCAF,1,184.5655724416046
215.86,-186.61,0.0,other_tissue,0,139.37945744578192
355.83000000000004,215.18,0.0,CAF,1,789.926421769112
-193.88,-41.870000000000005,0.0,CD4_Tcell,1,446.98112785012125
-92.31,-116.42999999999995,0.0,other_tissue,0,227.46035605767383
-484.69,180.73000000000002,0.0,epithelial_tumor_class1,1,1741.0509326549677
-114.16000000000003,-134.77999999999997,0.0,CAF,1,181.68832615321034
-183.20999999999998,232.63,0.0,CAF,1,231.01969047856994
168.14,-349.32000000000005,0.0,other_tissue,0,267.0885476756083
457.21000000000004,-444.71000000000004,0.0,other_tissue,0,287.08263175330353
25.279999999999973,400.1,0.0,CAF,1,883.2372500729343
-471.08,142.87,0.0,CAF,1,1267.2080891008602
-289.19,368.26,0.0,other_tissue,0,516.0173027356324
286.59000000000003,-224.63,0.0,epithelial_tumor_class1,1,3013.0937061530294
-413.34000000000003,-103.36000000000001,0.0,other_tissue,0,196.84432380706727
83.82000000000005,331.2,0.0,CAF,1,764.4194539752938
186.38,-322.65,0.0,CD4_Tcell,1,272.6217947553876
-414.95,-220.86,0.0,other_tissue,0,234.5423877420842
-182.20999999999998,222.64,0.0,epithelial_tumor_class1,1,698.0509906030316
-8.990000000000009,486.71,0.0,other_tissue,0,414.0814078525301
-304.96000000000004,87.08999999999997,0.0,other_tissue,0,293.4960130884096
-173.07,397.19,0.0,other_tissue,0,676.6395910704382
-402.56,-245.73000000000002,0.0,other_tissue,0,129.15549913386891
-174.32,268.77,0.0,epithelial_tumor_class1,1,1045.126708333904
-460.2,45.97000000000003,0.0,CD4_Tcell,1,207.91991631321054
-131.38,443.2,0.0,CAF,1,326.448434617893
197.90999999999997,-386.55999999999995,0.0,CAF,1,341.42579742412323
-145.12,-432.09000000000003,0.0,other_tissue,0,1036.4847579121392
-87.08999999999997,49.47000000000003,0.0,CAF,1,337.7771948093238
413.78,62.31999999999999,0.0,other_tissue,0,294.0088937293135
80.53999999999996,-182.29999999999995,0.0,CAF,1,657.2778102462154
77.38,2.1999999999999886,0.0,other_tissue,0,108.9200080593251
445.5,-115.92999999999995,0.0,other_tissue,0,407.4941063929785
423.11,-442.01,0.0,epithelial_tumor_class1,1,522.4388266259941
-337.03,-451.28,0.0,CAF,1,918.1213670554727
-187.60000000000002,216.5,0.0,CAF,1,198.99584828552548
7.509999999999991,-205.76999999999998,0.0,other_tissue,0,561.7159193067869
-422.55,-454.03,0.0,epithelial_tumor_class1,1,1756.9162244375339
-22.829999999999984,499.7885,0.0,CAF,1,825.2989461198924
138.46000000000004,408.90999999999997,0.0,other_tissue,0,216.51347419703976
93.85000000000002,116.91000000000003,0.0,CD4_Tcell,1,204.48508371015546
-409.56,-285.6,0.0,other_tissue,0,169.4693031139984
-268.41999999999996,39.05000000000001,0.0,apCAF,1,364.166328782312
-284.38,-226.76,0.0,other_tissue,0,167.2135101068268
44.23000000000002,-137.46000000000004,0.0,other_tissue,0,361.77940932088313
-434.9,351.44,0.0,CAF,1,366.13042875338715
-111.11000000000001,453.07,0.0,other_tissue,0,650.8282405290543
472.44000000000005,-399.09000000000003,0.0,other_tissue,0,674.2011742950897
60.799999999999955,-174.09000000000003,0.0,other_tissue,0,464.6523221673153
163.75,-37.389999999999986,0.0,other_tissue,0,515.970636245934
147.38,-11.129999999999995,0.0,other_tissue,0,427.5642755297139
-383.1,-114.51999999999998,0.0,CAF,1,685.906532513546
-199.48000000000002,355.21000000000004,0.0,other_tissue,0,233.82582621180143
119.42999999999995,398.55,0.0,apCAF,1,658.5581736964768
382.03,29.189999999999998,0.0,epithelial_tumor_class1,1,522.4388266259941
434.01,-30.960000000000036,0.0,other_tissue,0,595.8508414039414
-258.90999999999997,-469.14,0.0,CAF,1,558.5448659315286
414.4,-260.09000000000003,0.0,other_tissue,0,133.38977393681608
235.88,-325.48,0.0,other_tissue,0,824.6608722601859
-116.30000000000001,-121.52999999999997,0.0,CAF,1,398.6150122543527
-269.78999999999996,223.58999999999997,0.0,other_tissue,0,230.49207539207939
-491.434,363.99,0.0,other_tissue,0,542.8363190298936
83.38999999999999,362.61,0.0,other_tissue,0,338.7162685577301
-370.34000000000003,-455.44000000000005,0.0,other_tissue,0,422.9834642247866
235.21000000000004,-75.04999999999995,0.0,other_tissue,0,1008.5331003968533
260.41999999999996,-216.82000000000005,0.0,CAF,1,386.5588613050096
312.97,275.99,0.0,other_tissue,0,234.43205235515336
19.600000000000023,-421.03,0.0,CD8_Tcell,1,230.46480682888594
42.22000000000003,141.27999999999997,0.0,other_tissue,0,313.4639933941451
-393.90999999999997,-186.20000000000005,0.0,other_tissue,0,158.85105642106464
-241.95999999999998,-24.0,0.0,other_tissue,0,143.15052234165117
417.47,-395.0,0.0,other_tissue,0,657.7531799073446
433.04999999999995,-186.08000000000004,0.0,other_tissue,0,356.18573767378496
-380.8,-44.77999999999997,0.0,other_tissue,0,229.87451595022833
-25.470000000000027,229.39999999999998,0.0,CAF,1,139.08066665178268
-221.08999999999997,-143.48000000000002,0.0,other_tissue,0,426.53586194126973
-397.12,419.29,0.0,CAF,1,797.6169567972305
-282.46000000000004,-420.14,0.0,other_tissue,0,186.21651131064294
-70.60000000000002,-193.27999999999997,0.0,CAF,1,1025.2085269270806
-256.76,-87.78999999999996,0.0,other_tissue,0,214.96527783998056
-131.06,465.89,0.0,CAF,1,211.35009969194968
347.4,366.68,0.0,CAF,1,1046.895744250485
-164.98000000000002,242.27999999999997,0.0,CAF,1,898.7301954758738
493.01,206.23000000000002,0.0,epithelial_tumor_class1,1,1254.3129675836697
338.46000000000004,-426.33000000000004,0.0,other_tissue,0,349.56900648200144
402.21000000000004,-269.03,0.0,CAF,1,707.3199936935209
-353.37,10.25,0.0,other_tissue,0,184.30702973061258
475.66999999999996,495.138,0.0,CAF,1,543.7862058989751
140.46000000000004,375.05,0.0,other_tissue,0,438.55331141355896
-139.73000000000002,-372.54999999999995,0.0,other_tissue,0,248.7999164588421
153.5,-405.57000000000005,0.0,epithelial_tumor_class1,1,903.1284674242796
297.75,-482.76,0.0,CAF,1,539.9291626420431
-51.77999999999997,-357.70000000000005,0.0,other_tissue,0,310.1396277400796
-167.61,-100.54999999999995,0.0,epithelial_tumor_class1,1,879.9248081640578
-146.16000000000003,290.81,0.0,other_tissue,0,185.28763458870554
-63.56,322.33000000000004,0.0,other_tissue,0,588.9604235448967
-301.21000000000004,-241.16999999999996,0.0,other_tissue,0,164.6507373606153
-196.06,67.66000000000003,0.0,apCAF,1,339.1982177137146
115.85000000000002,342.19,0.0,other_tissue,0,690.1088329695104
-126.23000000000002,-171.91999999999996,0.0,other_tissue,0,683.7461098140541
-59.170000000000016,-145.38,0.0,other_tissue,0,390.3047520340522
279.77,-181.97000000000003,0.0,CAF,1,549.3466026309178
74.46000000000004,-209.22000000000003,0.0,other_tissue,0,202.26077298970384
-472.0,389.32,0.0,other_tissue,0,364.2896495834261
-369.52,76.36000000000001,0.0,CAF,1,120.66812671867709
-86.92000000000002,303.39,0.0,other_tissue,0,268.4547097366496
-488.29,-338.67999999999995,0.0,other_tissue,0,964.8491213914194
239.63,432.78,0.0,CAF,1,224.45533860394778
360.78,291.58000000000004,0.0,other_tissue,0,148.75374308166144
105.52999999999997,-47.83000000000004,0.0,other_tissue,0,607.8471345451703
-404.9,438.68,0.0,mesenchymal_tumor_class1,1,582.5111444505326
326.1,-249.54999999999995,0.0,other_tissue,0,515.7839984226472
-75.64999999999998,474.55,0.0,epithelial_tumor_class1,1,3013.0937061530294
434.28,-101.60000000000002,0.0,other_tissue,0,435.61490169375196
-119.57999999999998,-336.32000000000005,0.0,other_tissue,0,760.9275771095024
133.48000000000002,-292.25,0.0,apCAF,1,407.3346435127818
353.13,-443.24,0.0,other_tissue,0,1036.4847579121392
-369.35,190.16000000000003,0.0,other_tissue,0,380.5214488405937
305.1,-240.35000000000002,0.0,other_tissue,0,342.9636425877636
-148.10000000000002,80.22000000000003,0.0,other_tissue,0,217.46518681336818
-108.17000000000002,277.36,0.0,other_tissue,0,1017.4838762097827
-398.63,-68.79999999999995,0.0,CAF,1,310.68280521411316
472.13,153.10000000000002,0.0,epithelial_tumor_class1,1,615.6534300578895
182.39,-207.71000000000004,0.0,other_tissue,0,575.9919374248968
-463.51,88.50999999999999,0.0,CAF,1,320.19513939889936
-28.75999999999999,341.49,0.0,CAF,1,200.25949376296205
436.13,-493.28999999999996,0.0,epithelial_tumor_class1,1,1057.6271951277258
-357.15999999999997,72.48000000000002,0.0,other_tissue,0,190.05096974035936
-493.083,-194.15999999999997,0.0,apCAF,1,280.18317709108464
281.24,182.07,0.0,epithelial_tumor_class1,1,1030.9967554679786
14.850000000000023,107.54000000000002,0.0,CAF,1,389.38858445770677
367.15999999999997,-82.26999999999998,0.0,other_tissue,0,645.215081721492
479.29999999999995,-95.39999999999998,0.0,CAF,1,490.54755145328807
-400.06,491.984,0.0,other_tissue,0,477.5937074924724
305.26,-43.49000000000001,0.0,CAF,1,341.8275582022251
-340.84000000000003,-464.64,0.0,other_tissue,0,465.45059392769167
-330.32,-175.86,0.0,other_tissue,0,117.75150938786645
381.79999999999995,-121.87,0.0,CAF,1,216.54835025493966
-434.17,321.52,0.0,CAF,1,407.3346435127818
246.36,-385.80999999999995,0.0,other_tissue,0,1036.4847579121392
65.5,-284.01,0.0,other_tissue,0,144.65113721610675
-150.01999999999998,474.59,0.0,CAF,1,706.4565504472788
-202.17000000000002,-475.15999999999997,0.0,CAF,1,159.86027834354422
-81.25999999999999,-471.16999999999996,0.0,other_tissue,0,1036.4847579121392
-349.33000000000004,-219.86,0.0,other_tissue,0,123.35068910282853
-458.99,469.78,0.0,CAF,1,203.50472336096314
456.0,-101.45000000000005,0.0,CAF,1,503.44273758268343
6.170000000000016,283.22,0.0,other_tissue,0,339.53938447746424
467.37,-77.83000000000004,0.0,epithelial_tumor_class1,1,2283.889251505713
326.28999999999996,413.35,0.0,CAF,1,937.7663104977124
-399.2,-288.74,0.0,other_tissue,0,327.331946984755
45.41999999999996,-270.23,0.0,other_tissue,0,521.0738629881929
154.32000000000005,-90.08000000000004,0.0,other_tissue,0,221.40610217122278
-413.48,97.44,0.0,other_tissue,0,416.15356028039974
167.70000000000005,-379.75,0.0,other_tissue,0,268.58554215561867
-485.1,-179.13,0.0,apCAF,1,645.0345514814308
260.29999999999995,-97.15999999999997,0.0,other_tissue,0,292.2696636595899
-349.25,-374.59000000000003,0.0,other_tissue,0,206.47213310030267
-267.83000000000004,-187.58000000000004,0.0,epithelial_tumor_class1,1,973.8249555505336
422.78,11.509999999999991,0.0,CAF,1,391.9730135597873
-223.32999999999998,-113.75,0.0,other_tissue,0,292.3442131908334
-197.27999999999997,-54.39999999999998,0.0,other_tissue,0,291.7588082607408
136.70000000000005,73.13,0.0,other_tissue,0,398.3007779105088
-88.61000000000001,403.57,0.0,other_tissue,0,453.88627477995277
-402.54,-28.909999999999968,0.0,epithelial_tumor_class1,1,1127.5100810277422
-353.87,2.829999999999984,0.0,other_tissue,0,339.0100856397265
-322.28999999999996,-176.01,0.0,CD4_Tcell,1,157.47913854527116
404.35,-295.78999999999996,0.0,other_tissue,0,189.61968329689108
298.09000000000003,5.990000000000009,0.0,other_tissue,0,475.0718338863851
8.029999999999973,200.60000000000002,0.0,epithelial_tumor_class1,1,1364.7488909749059
54.24000000000001,120.66000000000003,0.0,CAF,1,639.957452838334
-264.19,-88.53999999999996,0.0,other_tissue,0,299.1057096147845
-240.51,-69.92999999999995,0.0,other_tissue,0,251.98904569681744
-377.11,174.07999999999998,0.0,CAF,1,469.96704859117204
216.52999999999997,-39.14999999999998,0.0,other_tissue,0,246.00786422989975
230.34000000000003,348.56,0.0,other_tissue,0,348.5979931195856
-434.49,463.98,0.0,CAF,1,306.3770794549275
286.78,-398.85,0.0,other_tissue,0,1036.4847579121392
-226.10000000000002,472.28,0.0,CAF,1,602.0876380944633
-119.00999999999999,21.930000000000007,0.0,other_tissue,0,130.45727267550427
-166.82999999999998,208.61,0.0,apCAF,1,185.0127155098011
161.75,-312.36,0.0,other_tissue,0,229.9017379323521
394.75,-261.30999999999995,0.0,CAF,1,409.6242565316241
-260.91999999999996,187.47000000000003,0.0,apCAF,1,387.8433934682066
124.53999999999996,339.21000000000004,0.0,other_tissue,0,204.46829901992677
488.6,106.80000000000001,0.0,other_tissue,0,190.73918261460176
234.09000000000003,-313.35,0.0,other_tissue,0,209.05915441413444
138.01999999999998,-18.350000000000023,0.0,epithelial_tumor_class1,1,545.3341518275271
226.64999999999998,-443.54999999999995,0.0,CAF,1,327.3434316446097
-223.86,52.45999999999998,0.0,apCAF,1,169.72119187306566
415.52,-246.01999999999998,0.0,CAF,1,725.8104628894125
270.26,150.89999999999998,0.0,other_tissue,0,361.90219069319676
-33.389999999999986,481.62,0.0,other_tissue,0,480.36174482074557
-116.5,202.64,0.0,epithelial_tumor_class1_class2,1,2777.3976525385297
194.24,-345.12,0.0,apCAF,1,590.0824361158939
-100.91000000000003,-396.11,0.0,other_tissue,0,502.06679402732976
-429.9,-168.83000000000004,0.0,other_tissue,0,227.7938888058489
-418.0,-35.639999999999986,0.0,CD4_Tcell,1,330.7547123601271
12.039999999999964,353.35,0.0,CAF,1,136.31465282291862
-235.51999999999998,298.93,0.0,CAF,1,334.45750279494763
-319.6,270.02,0.0,epithelial_tumor_class1,1,522.484301857301
-15.610000000000014,360.28999999999996,0.0,other_tissue,0,466.17708844913375
-403.08,415.71,0.0,CAF,1,218.98142238095954
330.72,261.51,0.0,other_tissue,0,478.03705960778655
32.66999999999996,-63.85000000000002,0.0,CAF,1,217.07194063960583
-358.24,26.170000000000016,0.0,epithelial_tumor_class1,1,2158.4830227847806
41.33000000000004,-197.10000000000002,0.0,CAF,1,864.6493696403301
454.69000000000005,-61.539999999999964,0.0,other_tissue,0,945.6415179793272
-200.24,-78.89999999999998,0.0,other_tissue,0,465.61035791460256
415.59000000000003,78.30000000000001,0.0,other_tissue,0,310.1728652952696
-230.48000000000002,141.99,0.0,other_tissue,0,175.02327542914952
-478.63,386.14,0.0,CAF,1,215.59062256192573
-223.56,190.95999999999998,0.0,epithelial_tumor_class1,1,522.4388266259941
-199.41000000000003,265.96000000000004,0.0,other_tissue,0,506.44793077976294
278.29999999999995,-30.210000000000036,0.0,epithelial_tumor_class1,1,1369.424996497923
84.26999999999998,294.39,0.0,other_tissue,0,469.04683365272575
-219.76,466.62,0.0,other_tissue,0,538.8076373264721
-368.82,-106.19000000000005,0.0,other_tissue,0,184.26787766812015
323.01,492.252,0.0,CD4_Tcell,1,284.5541313050441
468.87,-219.89999999999998,0.0,CAF,1,267.6203965211578
303.78,-76.04999999999995,0.0,other_tissue,0,204.61939430149528
-40.829999999999984,-197.47000000000003,0.0,CAF,1,268.8775522545011
386.9,-227.46000000000004,0.0,epithelial_tumor_class1,1,1322.9089207642817
281.27,-427.77,0.0,other_tissue,0,968.7499964586192
-470.69,383.95,0.0,CAF,1,297.86377220117265
185.19000000000005,-134.15999999999997,0.0,CAF,1,218.7443218105584
172.14999999999998,5.800000000000011,0.0,CAF,1,698.1651610812147
-105.83999999999997,-1.6200000000000045,0.0,other_tissue,0,360.4796336750089
415.71000000000004,296.37,0.0,CAF,1,304.9616832287312
-390.62,-320.63,0.0,other_tissue,0,155.23348079991104
-499.9644,-422.87,0.0,epithelial_tumor_class1,1,908.4026266017723
-241.12,-259.15999999999997,0.0,other_tissue,0,442.4870247632595
-13.160000000000025,-344.94000000000005,0.0,CAF,1,422.50676854743904
437.65999999999997,470.75,0.0,CAF,1,441.0564209916473
-297.15,-289.09000000000003,0.0,other_tissue,0,285.979169606609
-102.74000000000001,-236.71000000000004,0.0,epithelial_tumor_class1,1,522.4388266259941
7.519999999999982,499.4409,0.0,other_tissue,0,536.48942043935
-195.45999999999998,-300.80999999999995,0.0,other_tissue,0,1036.4847579121392
481.55999999999995,-186.27999999999997,0.0,other_tissue,0,325.90993000846385
447.6,34.04000000000002,0.0,other_tissue,0,147.33273257935542
-459.4,155.32,0.0,CAF,1,383.76841873536694
-182.29000000000002,266.12,0.0,other_tissue,0,591.1036833151163
222.51,167.89999999999998,0.0,other_tissue,0,363.83350164379425
45.27999999999997,29.04000000000002,0.0,other_tissue,0,666.2937328062194
-213.20999999999998,-466.66999999999996,0.0,CAF,1,339.85722807161545
-280.89,-215.19000000000005,0.0,CAF,1,524.4474637414248
-103.26999999999998,416.25,0.0,CAF,1,844.2921189304531
334.15999999999997,-141.42999999999995,0.0,other_tissue,0,246.51135560937044
-134.11,-199.40999999999997,0.0,other_tissue,0,238.27724619161066
430.22,-123.12,0.0,CAF,1,219.63213172011191
-50.339999999999975,489.98,0.0,other_tissue,0,367.7663572610594
-434.01,-148.51999999999998,0.0,other_tissue,0,474.7627435682426
287.65,-88.89999999999998,0.0,other_tissue,0,403.15041162529434
75.51999999999998,118.07,0.0,other_tissue,0,167.4778521556735
167.29999999999995,-123.39999999999998,0.0,other_tissue,0,1032.2557945313526
-342.40999999999997,-152.92999999999995,0.0,other_tissue,0,431.4735153994829
-69.94,206.10000000000002,0.0,CAF,1,180.4500916331581
46.35000000000002,408.15999999999997,0.0,CAF,1,331.9704657069272
105.09000000000003,-363.47,0.0,CAF,1,288.79067844820617
84.36000000000001,-432.84000000000003,0.0,epithelial_tumor_class1_class2,1,1179.1205854173013
448.11,489.69,0.0,CAF,1,244.73794492707003
-327.6,397.61,0.0,other_tissue,0,158.77305501092778
127.19000000000005,-444.90999999999997,0.0,other_tissue,0,281.28206891386867
12.690000000000055,257.58000000000004,0.0,other_tissue,0,324.76614664304105
-446.97,119.44,0.0,other_tissue,0,450.3822569311544
85.25,439.74,0.0,other_tissue,0,133.74358719538483
-9.319999999999993,-348.67999999999995,0.0,CAF,1,228.2812512576435
-457.6,71.06,0.0,other_tissue,0,395.5973586746619
-76.51999999999998,6.089999999999975,0.0,apCAF,1,139.72424661265518
-371.83000000000004,-14.059999999999945,0.0,other_tissue,0,362.2952777595441
181.71000000000004,-459.08000000000004,0.0,other_tissue,0,134.90416035607262
123.88999999999999,-424.89,0.0,epithelial_tumor_class1_class2,1,1073.9502373939902
-217.51999999999998,112.38,0.0,other_tissue,0,194.91963503295364
18.32000000000005,114.57,0.0,other_tissue,0,497.31626949384133
-49.19,-170.88,0.0,apCAF,1,410.5318136098876
-36.420000000000016,194.79000000000002,0.0,other_tissue,0,127.7029212278457
260.41999999999996,271.75,0.0,other_tissue,0,262.50206822754706
-35.19999999999999,492.476,0.0,CAF,1,807.871519331585
285.09000000000003,-260.47,0.0,other_tissue,0,197.88529113930986
-389.35,-353.55999999999995,0.0,other_tissue,0,438.55331141355896
-137.07999999999998,25.629999999999995,0.0,CAF,1,190.81130077558865
-94.86000000000001,-161.76999999999998,0.0,CD4_Tcell,1,215.7993399887092
-454.9,-146.97000000000003,0.0,epithelial_tumor_class1,1,522.4388266259941
10.029999999999973,287.43,0.0,CAF,1,297.5080260455691
-259.84000000000003,-21.309999999999945,0.0,other_tissue,0,387.76624141085006
-207.07,-262.46000000000004,0.0,other_tissue,0,210.46765483814775
416.47,-92.25,0.0,apCAF,1,239.13326443008913
-349.18,-87.70000000000005,0.0,other_tissue,0,154.0909015866869
166.04999999999995,-180.63,0.0,other_tissue,0,454.68646867271246
-388.27,291.9,0.0,apCAF,1,229.99249339393393
-173.14999999999998,172.44,0.0,other_tissue,0,276.7393549342643
-453.89,-366.45000000000005,0.0,other_tissue,0,475.99990970523976
21.00999999999999,-12.090000000000032,0.0,other_tissue,0,600.6749883681554
209.99,444.19,0.0,other_tissue,0,259.87400435195224
-454.86,112.95999999999998,0.0,CAF,1,454.81515891739065
391.42999999999995,-220.76,0.0,other_tissue,0,518.2762059132076
6.160000000000025,17.649999999999977,0.0,other_tissue,0,206.5819616965844
-385.08,128.04000000000002,0.0,other_tissue,0,191.75853226451756
-148.25,249.38,0.0,CAF,1,273.0897101251341
255.14999999999998,-341.62,0.0,CAF,1,746.5887194091985
-237.51,16.70999999999998,0.0,other_tissue,0,187.43343669475433
-461.92,-178.60000000000002,0.0,other_tissue,0,185.83828950711876
-357.72,-178.29999999999995,0.0,CAF,1,220.38997955008182
-457.72,276.90999999999997,0.0,other_tissue,0,418.78729331171843
0.19999999999998863,-386.17999999999995,0.0,CAF,1,781.2184665623548
37.85000000000002,271.09000000000003,0.0,other_tissue,0,581.2134924436976
206.34000000000003,-168.80999999999995,0.0,other_tissue,0,201.1878987939765
348.16999999999996,420.46,0.0,CAF,1,802.848194753608
-106.13999999999999,33.95999999999998,0.0,CAF,1,285.4756729571474
-296.61,14.379999999999995,0.0,CAF,1,590.0824361158939
-204.89,-280.30999999999995,0.0,other_tissue,0,108.1607435289597
334.69000000000005,212.77999999999997,0.0,CAF,1,290.9617889862875
397.74,463.33,0.0,other_tissue,0,176.74632164699506
-162.02999999999997,-356.39,0.0,epithelial_tumor_class1,1,620.0912818000454
180.85000000000002,-283.29999999999995,0.0,other_tissue,0,691.1668086392666
-50.69,-229.59000000000003,0.0,CD4_Tcell,1,375.0122863084061
-274.25,-315.38,0.0,other_tissue,0,182.29401380553068
-379.42,221.48000000000002,0.0,CAF,1,868.6936494383863
-437.01,157.0,0.0,other_tissue,0,690.3732255978744
-47.45999999999998,-273.44000000000005,0.0,other_tissue,0,461.65609978358816
323.67999999999995,39.879999999999995,0.0,other_tissue,0,280.1210614002619
-300.8,-197.88,0.0,CD8_Tcell,1,160.86661363435118
-302.85,39.660000000000025,0.0,other_tissue,0,606.2522668904278
436.66999999999996,-385.01,0.0,other_tissue,0,212.25221478494967
232.85000000000002,-210.85000000000002,0.0,CAF,1,233.77994262337143
-382.79,-3.7099999999999795,0.0,other_tissue,0,392.01186679413934
185.33000000000004,-360.21000000000004,0.0,other_tissue,0,272.44900486750123
-93.79000000000002,-345.55999999999995,0.0,epithelial_tumor_class1,1,1295.3620731216934
335.02,-398.35,0.0,other_tissue,0,1036.4847579121392
272.5,433.45,0.0,other_tissue,0,722.1842117248175
425.78999999999996,56.589999999999975,0.0,other_tissue,0,290.5266993976536
-172.2,68.69,0.0,apCAF,1,268.4748350350534
-486.38,-44.889999999999986,0.0,other_tissue,0,155.40814901637998
-281.7,-166.98000000000002,0.0,other_tissue,0,263.0079607253425
-136.18,-339.32000000000005,0.0,CAF,1,342.13499960187045
-393.7,-3.5,0.0,CAF,1,776.7557755905601
164.51,437.21,0.0,other_tissue,0,305.54267383021715
199.79999999999995,15.920000000000016,0.0,other_tissue,0,194.26194624263871
-59.70999999999998,336.97,0.0,other_tissue,0,479.76875450238117
-80.92000000000002,-446.37,0.0,other_tissue,0,235.61074850770927
208.30999999999995,198.64,0.0,other_tissue,0,179.93325663719395
51.389999999999986,-287.03,0.0,other_tissue,0,353.4227414571855
-205.57,54.160000000000025,0.0,apCAF,1,249.6809396975718
487.59000000000003,195.48000000000002,0.0,other_tissue,0,374.20810543591216
304.96000000000004,177.64,0.0,epithelial_tumor_class1,1,677.0496718942687
137.02999999999997,-136.74,0.0,other_tissue,0,238.8539031681249
237.42999999999995,43.44999999999999,0.0,other_tissue,0,162.82703735830742
-232.61,276.25,0.0,CAF,1,416.76036183352835
-146.29000000000002,193.24,0.0,other_tissue,0,279.08715104764207
230.22000000000003,-90.72000000000003,0.0,other_tissue,0,127.48230357702776
441.80999999999995,-314.70000000000005,0.0,CAF,1,864.6054791807157
-106.35000000000002,-328.87,0.0,other_tissue,0,402.60963019517436
431.61,-402.6,0.0,other_tissue,0,331.28696210717334
431.49,320.41999999999996,0.0,CAF,1,1071.9988758740587
412.48,-359.53,0.0,other_tissue,0,195.77440167964653
-429.89,216.32,0.0,other_tissue,0,370.6409448616821
-1.3199999999999932,-138.94000000000005,0.0,CD4_Tcell,1,215.26042860631088
-45.45999999999998,-176.0,0.0,other_tissue,0,273.4970280024425
-182.3,-77.09000000000003,0.0,CAF,1,285.3184515372993
-449.94,369.69,0.0,CAF,1,347.2344304114252
120.28999999999996,288.96000000000004,0.0,CAF,1,367.2205074692909
220.16999999999996,-198.89,0.0,other_tissue,0,725.4980512019376
114.33000000000004,18.220000000000027,0.0,other_tissue,0,334.7255380403675
-274.84000000000003,-194.65999999999997,0.0,other_tissue,0,176.31260409653297
101.73000000000002,-167.98000000000002,0.0,other_tissue,0,405.4905626542052
33.139999999999986,-123.61000000000001,0.0,other_tissue,0,503.8866320972674
-323.46000000000004,-291.77,0.0,other_tissue,0,281.00189028517525
420.95000000000005,114.82999999999998,0.0,other_tissue,0,406.44507361350543
-492.264,-331.78,0.0,CD4_Tcell,1,230.84676247244332
-219.07999999999998,203.10000000000002,0.0,CAF,1,218.26186869431908
-418.07,-230.12,0.0,apCAF,1,244.81363804987623
472.41999999999996,-72.51999999999998,0.0,other_tissue,0,214.58371868004545
60.91999999999996,-116.39999999999998,0.0,other_tissue,0,262.4029497524663
411.91999999999996,-436.02,0.0,apCAF,1,266.18702316772885
-476.47,452.92,0.0,other_tissue,0,256.05262964000667
-448.18,-164.53999999999996,0.0,apCAF,1,1185.27401858627
-403.69,-66.71000000000004,0.0,other_tissue,0,240.59880845754617
-361.28,-158.88,0.0,other_tissue,0,141.5158129141064
-72.43,-385.72,0.0,other_tissue,0,245.28707369152423
-175.19,-149.64999999999998,0.0,other_tissue,0,200.5575974924115
-116.69999999999999,310.39,0.0,CAF,1,389.8787491340727
472.6,-175.27999999999997,0.0,epithelial_tumor_class1,1,1356.5246725783884
-390.35,363.36,0.0,other_tissue,0,203.87303741163527
161.08000000000004,142.95,0.0,apCAF,1,352.1068991093412
372.79999999999995,-116.5,0.0,CAF,1,161.61157532386784
62.190000000000055,-366.0,0.0,other_tissue,0,417.5973653229283
306.48,-51.870000000000005,0.0,other_tissue,0,131.4111956326102
50.870000000000005,373.43,0.0,CAF,1,531.3969056597199
445.07000000000005,-46.10000000000002,0.0,other_tissue,0,244.5487803832187
-160.14999999999998,16.620000000000005,0.0,other_tissue,0,166.6783373525699
438.74,-51.00999999999999,0.0,other_tissue,0,264.0117436009719
-80.82,58.43000000000001,0.0,CAF,1,455.17275922096246
-209.0,85.29000000000002,0.0,other_tissue,0,386.7641955637292
-329.68,181.04000000000002,0.0,other_tissue,0,1036.4847579121392
469.19000000000005,-306.0,0.0,other_tissue,0,273.4970280024425
249.71000000000004,-322.36,0.0,other_tissue,0,196.15781973370076
47.039999999999964,-220.51,0.0,other_tissue,0,266.8178769380059
-121.74000000000001,362.45,0.0,other_tissue,0,335.7523862983257
220.53999999999996,-213.24,0.0,other_tissue,0,398.66740070791457
-463.46,213.49,0.0,other_tissue,0,146.7130562441208
-443.89,344.77,0.0,other_tissue,0,196.88523757560267
-73.43,197.14999999999998,0.0,CAF,1,479.57613777821575
149.07000000000005,52.64999999999998,0.0,other_tissue,0,910.6724971839554
-444.06,296.94,0.0,other_tissue,0,236.46037227712364
339.41999999999996,-257.40999999999997,0.0,other_tissue,0,237.50672388319828
166.26999999999998,56.420000000000016,0.0,other_tissue,0,140.67044253873854
97.02999999999997,-123.45000000000005,0.0,other_tissue,0,380.94060922125004
-356.11,192.14,0.0,other_tissue,0,169.52114217681859
-429.07,311.96000000000004,0.0,other_tissue,0,167.60277712653942
336.51,322.13,0.0,other_tissue,0,321.2260892395389
-54.170000000000016,-486.27,0.0,other_tissue,0,90.91195540374524
494.88,214.62,0.0,epithelial_tumor_class1,1,934.0877412604709
-431.22,197.68,0.0,other_tissue,0,660.5735310678876
-200.82,379.18,0.0,apCAF,1,181.07624232894398
212.42999999999995,75.89999999999998,0.0,other_tissue,0,127.52518153770252
494.42999999999995,-374.77,0.0,CAF,1,400.5433046144306
-357.53999999999996,-468.39,0.0,other_tissue,0,226.23719565662404
305.49,-253.74,0.0,CAF,1,429.15814198294237
-190.17000000000002,123.13999999999999,0.0,CAF,1,362.18469326728246
-214.26,-43.940000000000055,0.0,CD4_Tcell,1,202.82785114555827
55.49000000000001,100.77999999999997,0.0,CD8_Tcell,1,182.64406053329125
178.07000000000005,-76.49000000000001,0.0,CAF,1,269.8255224994638
-442.15999999999997,260.81,0.0,CAF,1,642.4566517158731
480.05999999999995,-111.50999999999999,0.0,other_tissue,0,182.18520166878685
489.36,-207.58000000000004,0.0,other_tissue,0,350.01315509276924
-34.35000000000002,342.31,0.0,CD4_Tcell,1,523.1276780577925
60.110000000000014,118.25999999999999,0.0,CAF,1,262.04632983862405
-158.35000000000002,59.139999999999986,0.0,other_tissue,0,109.44474983215648
493.46000000000004,-124.25,0.0,other_tissue,0,270.35088750615455
473.52,-457.6,0.0,CAF,1,757.2052726286366
-444.09000000000003,436.09000000000003,0.0,CAF,1,468.56529606246045
-451.46,-177.38,0.0,CAF,1,132.7028921034761
131.44000000000005,258.28,0.0,other_tissue,0,140.99115453061873
119.28999999999996,-141.19000000000005,0.0,other_tissue,0,280.9500257799009
-34.379999999999995,-134.71000000000004,0.0,CAF,1,450.33963669363305
-57.75,452.73,0.0,other_tissue,0,304.47991130644544
475.33000000000004,-41.15999999999997,0.0,epithelial_tumor_class1_class2,1,1356.5246725783884
-205.75,-447.15,0.0,other_tissue,0,324.1382080074853
-435.68,440.61,0.0,epithelial_tumor_class1,1,748.7798022633159
29.57000000000005,251.56,0.0,other_tissue,0,112.61735247188588
-108.20999999999998,-136.34000000000003,0.0,other_tissue,0,113.0577560797589
42.440000000000055,157.11,0.0,other_tissue,0,213.02749639669491
-436.51,328.57,0.0,CAF,1,165.2470866259757
266.02,-92.0,0.0,other_tissue,0,327.3434316446097
-122.54000000000002,200.3,0.0,apCAF,1,464.14480656882836
455.72,-74.30999999999995,0.0,CAF,1,709.0874443565094
-87.54000000000002,60.49000000000001,0.0,CAF,1,280.18317709108464
23.379999999999995,147.48000000000002,0.0,other_tissue,0,323.70483263873314
143.67999999999995,128.79000000000002,0.0,other_tissue,0,624.5327419309812
408.80999999999995,-104.34000000000003,0.0,other_tissue,0,113.76592297522782
-62.25,-177.30999999999995,0.0,other_tissue,0,489.28529399153894
-474.02,-242.86,0.0,apCAF,1,573.6349486494827
67.17999999999995,-410.59000000000003,0.0,other_tissue,0,196.28029249271523
399.6,116.30000000000001,0.0,other_tissue,0,165.67705677935265
408.22,-41.860000000000014,0.0,CAF,1,1267.2080891008602
304.21000000000004,-153.85000000000002,0.0,CAF,1,288.69560970408276
-320.15999999999997,-218.12,0.0,other_tissue,0,261.86814111226374
362.92999999999995,261.03999999999996,0.0,CAF,1,135.31799604063187
103.55999999999995,291.85,0.0,other_tissue,0,170.67171745725267
89.13,67.70999999999998,0.0,other_tissue,0,269.4722949378293
233.60000000000002,-422.78,0.0,epithelial_tumor_class1,1,1061.9251251388864
302.21000000000004,472.6,0.0,CAF,1,360.4061547111087
-161.57,170.92000000000002,0.0,apCAF,1,416.76036183352835
-423.75,-239.24,0.0,other_tissue,0,164.7960558812805
452.70000000000005,28.720000000000027,0.0,CAF,1,240.842086424375
82.69000000000005,341.93,0.0,other_tissue,0,644.9623488153865
-3.319999999999993,313.19,0.0,other_tissue,0,201.69475280066294
209.12,-28.870000000000005,0.0,other_tissue,0,275.6625759175749
9.829999999999984,-253.91999999999996,0.0,other_tissue,0,171.5735181217328
262.24,6.839999999999975,0.0,other_tissue,0,760.3634196321094
477.53999999999996,-369.87,0.0,other_tissue,0,198.19747346244364
441.51,145.04000000000002,0.0,other_tissue,0,210.288040881073
-145.51,94.43,0.0,other_tissue,0,150.0814073757685
-395.61,-23.539999999999964,0.0,CAF,1,282.98789676650335
-321.69,24.50999999999999,0.0,CAF,1,157.02828598328753
-342.34000000000003,-258.40999999999997,0.0,other_tissue,0,470.6397112495572
455.73,149.14,0.0,CAF,1,141.3845265092625
182.46000000000004,-252.87,0.0,CAF,1,294.5651883061412
-41.75999999999999,478.04,0.0,other_tissue,0,372.3653571797308
51.17999999999995,421.88,0.0,CAF,1,573.6349486494827
251.26999999999998,447.48,0.0,other_tissue,0,600.1415139790716
28.00999999999999,190.35000000000002,0.0,other_tissue,0,334.9354046156346
-317.33000000000004,-325.36,0.0,other_tissue,0,136.8212313616765
3.160000000000025,-131.39999999999998,0.0,CAF,1,523.0020997883754
150.05999999999995,-308.28999999999996,0.0,other_tissue,0,79.97223808733933
418.48,-67.23000000000002,0.0,other_tissue,0,219.03413465326176
174.48000000000002,-373.38,0.0,CAF,1,187.75831455486934
-70.27999999999997,78.39999999999998,0.0,other_tissue,0,212.22640451187272
102.22000000000003,-437.74,0.0,other_tissue,0,256.8431961313446
476.45000000000005,-229.94000000000005,0.0,other_tissue,0,271.109825924495
-394.48,-117.55999999999995,0.0,other_tissue,0,237.2842322685862
350.15999999999997,10.310000000000002,0.0,other_tissue,0,130.65017699698583
179.29999999999995,37.129999999999995,0.0,CAF,1,184.5655724416046
172.98000000000002,18.30000000000001,0.0,other_tissue,0,494.72537558825474
-284.94,192.35000000000002,0.0,CAF,1,473.8803671683219
-292.81,-24.57000000000005,0.0,other_tissue,0,190.85137427435347
492.6,-51.39999999999998,0.0,CAF,1,369.8679452932702
-245.49,-223.23000000000002,0.0,other_tissue,0,393.0359261998908
-169.7,224.3,0.0,other_tissue,0,77.31377049822326
-453.85,423.40999999999997,0.0,CAF,1,284.1045547499648
-363.82,224.88,0.0,CAF,1,269.0891399161379
494.66999999999996,-226.25,0.0,other_tissue,0,240.97315015165822
-365.22,150.57999999999998,0.0,other_tissue,0,152.1944905792508
169.53999999999996,440.45,0.0,other_tissue,0,378.21523893650516
25.0,-142.71000000000004,0.0,other_tissue,0,213.72686196134143
319.66999999999996,108.54000000000002,0.0,other_tissue,0,87.69950835957638
418.34000000000003,-434.53999999999996,0.0,other_tissue,0,190.7151472663686
-454.59000000000003,-167.30999999999995,0.0,apCAF,1,353.0723354552166
447.23,-220.08000000000004,0.0,other_tissue,0,306.421037570927
-237.89,407.76,0.0,CD8_Tcell,1,125.61834343633636
-486.07,406.26,0.0,other_tissue,0,229.15844354072874
-413.81,-118.40999999999997,0.0,CAF,1,177.34098167063854
49.84000000000003,196.64,0.0,other_tissue,0,195.9293402461907
48.610000000000014,386.08,0.0,CAF,1,420.902262545496
-374.98,-58.91999999999996,0.0,other_tissue,0,282.50873893659355
39.059999999999945,-372.04999999999995,0.0,other_tissue,0,369.3822547235867
-449.33,425.68,0.0,CAF,1,189.22889588288868
378.25,-21.460000000000036,0.0,CAF,1,308.21590961112906
142.84000000000003,-386.26,0.0,other_tissue,0,98.0013962548525
361.90999999999997,108.25,0.0,other_tissue,0,110.50485206891199
-408.0,-459.49,0.0,other_tissue,0,239.478109872853
-267.41999999999996,-172.86,0.0,other_tissue,0,154.6405878957139
-209.72000000000003,247.36,0.0,other_tissue,0,131.85544089130497
-191.01,-481.54999999999995,0.0,CAF,1,361.36216038247596
-90.58999999999997,148.75,0.0,other_tissue,0,264.6192239881488
194.41999999999996,-453.78,0.0,other_tissue,0,260.9981589485593
361.40999999999997,326.59000000000003,0.0,CAF,1,139.72424661265518
415.5,-43.25,0.0,CAF,1,670.6564335580821
116.88,283.44,0.0,CAF,1,304.31578692526824
-489.68,-368.85,0.0,CAF,1,712.3032700975004
360.48,-292.49,0.0,other_tissue,0,197.46682505723032
33.629999999999995,-427.16999999999996,0.0,CAF,1,816.1423873749555
-245.89,-474.55999999999995,0.0,other_tissue,0,194.1889611665419
-97.70999999999998,385.8,0.0,other_tissue,0,190.99568532629638
401.51,71.32,0.0,other_tissue,0,199.6641727845034
296.34000000000003,17.389999999999986,0.0,other_tissue,0,852.7005932260496
414.91999999999996,456.38,0.0,other_tissue,0,190.55496321018157
-341.89,296.62,0.0,CAF,1,147.57568880240325
-364.99,389.84000000000003,0.0,other_tissue,0,123.37465736982813
-202.72000000000003,95.45999999999998,0.0,CD4_Tcell,1,181.26204623430513
-449.87,-368.65,0.0,other_tissue,0,284.75293239955863
442.04999999999995,260.63,0.0,other_tissue,0,464.36226797788913
82.92999999999995,65.19,0.0,other_tissue,0,135.64967328156968
339.23,-208.64,0.0,CAF,1,490.7280509695826
313.29999999999995,-137.29999999999995,0.0,CAF,1,207.58064915930152
-25.54000000000002,-376.51,0.0,other_tissue,0,134.91052065971397
0.7699999999999818,231.73000000000002,0.0,other_tissue,0,186.255938901304
-180.19,-467.73,0.0,other_tissue,0,183.97050317776998
490.65,378.89,0.0,other_tissue,0,194.05115034819204
-97.48000000000002,-390.78999999999996,0.0,other_tissue,0,334.9354046156346
-97.80000000000001,318.43,0.0,other_tissue,0,115.59802986925551
108.94000000000005,-86.33000000000004,0.0,other_tissue,0,249.20186516406744
96.54999999999995,396.85,0.0,CAF,1,530.5248883156407
-492.967,277.91999999999996,0.0,CAF,1,243.7553536920974
-390.28,-214.46000000000004,0.0,other_tissue,0,122.12646747271813
357.84000000000003,16.769999999999982,0.0,other_tissue,0,256.0038824711491
270.35,-222.90999999999997,0.0,other_tissue,0,106.05575878312473
-419.2,-50.07000000000005,0.0,other_tissue,0,169.1806789298804
-66.25,199.82,0.0,CAF,1,401.60848553831426
-154.62,-434.95000000000005,0.0,other_tissue,0,379.9376778626594
215.86,-219.29999999999995,0.0,other_tissue,0,105.72021946548112
495.0,-260.86,0.0,other_tissue,0,634.1036195379205
242.85000000000002,89.61000000000001,0.0,other_tissue,0,91.28891210904075
440.42999999999995,118.02999999999997,0.0,other_tissue,0,111.14642316173142
-52.89999999999998,380.9,0.0,epithelial_tumor_class1,1,620.7948648817763
-407.86,-474.39,0.0,other_tissue,0,142.12736239063477
485.37,-481.92999999999995,0.0,other_tissue,0,90.32169379242448
279.74,430.61,0.0,other_tissue,0,337.9766025636756
31.840000000000032,270.65999999999997,0.0,other_tissue,0,381.0676882625315
-194.36,376.83,0.0,other_tissue,0,142.9521094364091
-4.769999999999982,-389.65,0.0,other_tissue,0,155.07290167564744
-117.86000000000001,-412.70000000000005,0.0,other_tissue,0,97.4473502419612
-370.07,-20.5,0.0,other_tissue,0,449.6438867132813
192.97000000000003,498.913,0.0,epithelial_tumor_class1,1,1099.9975451641376
-242.14999999999998,-275.17999999999995,0.0,other_tissue,0,412.9942752675757
278.6,-459.04999999999995,0.0,epithelial_tumor_class1,1,522.4388266259941
192.46000000000004,-315.85,0.0,CAF,1,238.31442182867468
-49.639999999999986,-308.04999999999995,0.0,other_tissue,0,456.8344774223692
395.15,-255.97000000000003,0.0,CD4_Tcell,1,352.85495861157364
25.700000000000045,468.06,0.0,CAF,1,110.83370365748279
-468.6,-173.13,0.0,apCAF,1,169.72119187306566
485.89,494.349,0.0,other_tissue,0,118.09457070296739
42.0,-354.75,0.0,other_tissue,0,162.45240227592166
299.45000000000005,-437.12,0.0,other_tissue,0,168.28728984241116
-223.26999999999998,372.36,0.0,other_tissue,0,182.37953944398382
-470.08,-187.22000000000003,0.0,other_tissue,0,220.46938982299707
423.74,457.69,0.0,other_tissue,0,182.01429866658398
-429.98,469.66,0.0,CAF,1,195.81516706432052
-356.46000000000004,91.35000000000002,0.0,CAF,1,139.9522490215528
183.24,131.92000000000002,0.0,other_tissue,0,363.90744569755645
332.33000000000004,497.239,0.0,other_tissue,0,490.48739478507935
-185.41000000000003,454.31,0.0,other_tissue,0,137.34837288051006
-14.370000000000005,213.64999999999998,0.0,CAF,1,210.02308327989292
-351.07,-23.58000000000004,0.0,other_tissue,0,193.31456565947522
-338.99,-33.74000000000001,0.0,other_tissue,0,271.8701833609673
-369.15,34.89999999999998,0.0,other_tissue,0,259.27381095521037
209.55999999999995,-14.970000000000027,0.0,CAF,1,132.8539292093115
-329.22,264.82,0.0,CD4_Tcell,1,213.92572589232623
-323.31,-46.879999999999995,0.0,mesenchymal_tumor_class1,1,324.4692019500611
486.05999999999995,-63.950000000000045,0.0,other_tissue,0,219.85225691593672
-42.24000000000001,-130.76,0.0,other_tissue,0,193.66238942921592
234.72000000000003,-113.19000000000005,0.0,other_tissue,0,295.5725776590107
460.15,32.329999999999984,0.0,CAF,1,263.2065272264685
142.41999999999996,-46.860000000000014,0.0,epithelial_tumor_class1,1,522.4388266259941
94.27999999999997,-1.4399999999999977,0.0,other_tissue,0,251.37216599173252
102.49000000000001,-275.6,0.0,other_tissue,0,313.07363195001733
-267.15,-242.14999999999998,0.0,other_tissue,0,243.28389168660482
126.75999999999999,1.420000000000016,0.0,other_tissue,0,255.28314758776918
132.73000000000002,-362.20000000000005,0.0,CAF,1,928.047207108841
-477.78,-6.399999999999977,0.0,other_tissue,0,80.4940096458056
65.19000000000005,79.26999999999998,0.0,other_tissue,0,133.4023993669732
187.98000000000002,434.33,0.0,apCAF,1,286.6198837090463
-126.26999999999998,474.53,0.0,CAF,1,221.92862732402565
-388.3,69.66000000000003,0.0,other_tissue,0,145.71313995527183
403.91999999999996,396.82,0.0,CAF,1,156.40976993287185
55.90999999999997,-284.01,0.0,CAF,1,195.39148358109122
15.409999999999968,-424.08000000000004,0.0,other_tissue,0,165.91787348844232
-144.22000000000003,-92.70000000000005,0.0,other_tissue,0,207.14015387329056
426.75,468.11,0.0,other_tissue,0,87.02824441870989
-470.45,369.93,0.0,CAF,1,459.5361874448431
433.04999999999995,-333.46000000000004,0.0,other_tissue,0,216.35657827584248
17.409999999999968,62.110000000000014,0.0,other_tissue,0,77.31377049822326
197.30999999999995,-82.63999999999999,0.0,other_tissue,0,178.94093746879363
77.95000000000005,326.82,0.0,other_tissue,0,281.40665250557356
27.779999999999973,-129.59000000000003,0.0,other_tissue,0,805.9853245593989
464.26,-220.39999999999998,0.0,other_tissue,0,77.31377049822326
-396.31,-222.02999999999997,0.0,other_tissue,0,196.30479316025654
109.94000000000005,316.82,0.0,other_tissue,0,164.01959583132108
-288.85,-480.89,0.0,other_tissue,0,226.27310822267003
-185.45,278.06,0.0,other_tissue,0,198.73223037736892
-11.819999999999993,-77.63,0.0,CAF,1,215.38203975716277
-253.76,-62.48000000000002,0.0,CAF,1,202.61924348746683
-34.420000000000016,316.21000000000004,0.0,other_tissue,0,110.56611267393629
394.14,-228.66999999999996,0.0,CAF,1,182.94779659623495
-435.45,192.76999999999998,0.0,other_tissue,0,237.6087456704137
-417.94,281.68,0.0,other_tissue,0,279.82096497906656
-116.13999999999999,-218.12,0.0,other_tissue,0,108.30901673638452
-424.88,-197.02999999999997,0.0,other_tissue,0,248.551307798225
-97.43,344.46000000000004,0.0,other_tissue,0,169.01800995105776
-499.2583,405.67,0.0,other_tissue,0,353.1810573478552
301.25,-93.23000000000002,0.0,other_tissue,0,705.7663020028772
-105.70999999999998,-368.51,0.0,other_tissue,0,310.58299041548594
466.96000000000004,-164.64999999999998,0.0,other_tissue,0,421.908002293986
-307.72,187.64,0.0,CAF,1,258.2722746709998
456.78999999999996,-125.69000000000005,0.0,other_tissue,0,268.5150886492855
456.4,124.69999999999999,0.0,other_tissue,0,214.09009780328836
406.88,48.24000000000001,0.0,other_tissue,0,259.7657043742634
51.24000000000001,-269.22,0.0,apCAF,1,244.81363804987623
387.73,480.87,0.0,other_tissue,0,108.98068158244868
144.14999999999998,-18.17999999999995,0.0,other_tissue,0,135.681593855912
63.39999999999998,-237.82000000000005,0.0,other_tissue,0,194.35117505641625
95.98000000000002,-440.77,0.0,other_tissue,0,136.75062002742825
407.03999999999996,343.86,0.0,CAF,1,158.88652005108622
-385.8,-283.84000000000003,0.0,other_tissue,0,101.92807765240413
-197.86,-19.279999999999973,0.0,other_tissue,0,135.05049792235528
313.20000000000005,181.07,0.0,epithelial_tumor_class1,1,522.4388266259941
131.55999999999995,-17.730000000000018,0.0,other_tissue,0,114.72234876757099
459.55999999999995,138.82,0.0,other_tissue,0,195.83962901120773
307.16999999999996,-405.53999999999996,0.0,apCAF,1,1185.27401858627
-258.28,-494.54999999999995,0.0,other_tissue,0,217.74511729384932
214.26999999999998,144.60000000000002,0.0,other_tissue,0,290.0284720115734
-42.56999999999999,-229.89999999999998,0.0,CAF,1,310.63844044161425
69.66999999999996,408.5,0.0,other_tissue,0,150.21802302479745
230.80999999999995,-440.28,0.0,other_tissue,0,291.76944500515907
341.45000000000005,376.43,0.0,other_tissue,0,82.10033370986177
312.83000000000004,-448.95000000000005,0.0,other_tissue,0,131.86170500612428
-410.14,383.72,0.0,other_tissue,0,357.195129308622
94.42999999999995,24.379999999999995,0.0,CAF,1,475.3516026028578
290.26,-229.01,0.0,CAF,1,1267.2080891008602
393.53999999999996,84.30000000000001,0.0,other_tissue,0,325.17759984518375
442.48,-344.88,0.0,other_tissue,0,166.55387222447155
448.52,19.129999999999995,0.0,other_tissue,0,188.5443228877429
339.4,450.14,0.0,other_tissue,0,299.71172693250605
369.9,319.15,0.0,CAF,1,135.0123127077308
-163.83999999999997,-115.13999999999999,0.0,other_tissue,0,161.51832960261802
102.63,78.80000000000001,0.0,other_tissue,0,144.00578998142623
-360.3,-219.70000000000005,0.0,CAF,1,110.83370365748279
-408.23,-11.75,0.0,other_tissue,0,225.39434386572572
-481.34,257.8,0.0,other_tissue,0,140.59851287801914
375.55999999999995,16.0,0.0,CAF,1,153.27227948960189
-115.64999999999998,52.910000000000025,0.0,other_tissue,0,183.71251661800574
89.72000000000003,-335.33000000000004,0.0,other_tissue,0,228.48904247407668
-481.72,281.07,0.0,CAF,1,244.482595828225
-82.19999999999999,443.8,0.0,other_tissue,0,266.18702316772885
-315.36,321.36,0.0,other_tissue,0,319.0986461773517
34.33000000000004,-275.24,0.0,other_tissue,0,170.62708248989003
493.55999999999995,-459.65,0.0,other_tissue,0,602.4152751114549
-60.73000000000002,-139.96000000000004,0.0,other_tissue,0,156.96495393951355
-85.10000000000002,499.0916,0.0,CAF,1,1267.2080891008602
-339.03,174.88,0.0,other_tissue,0,459.4354014406454
360.83000000000004,314.03,0.0,epithelial_tumor_class1,1,522.4388266259941
-479.09,-309.99,0.0,other_tissue,0,104.86295982976264
-430.79,90.0,0.0,other_tissue,0,169.55076924421425
18.700000000000045,365.12,0.0,CAF,1,277.48962277341104
-114.88,-36.879999999999995,0.0,CAF,1,194.71648654554906
-94.5,-386.02,0.0,other_tissue,0,169.81756820278306
-322.4,168.86,0.0,other_tissue,0,116.86497260424748
-87.82,-348.51,0.0,other_tissue,0,324.65191571505267
495.01,408.68,0.0,epithelial_tumor_class1,1,522.4388266259941
-4.3700000000000045,-327.96000000000004,0.0,other_tissue,0,114.45993946591821
440.61,-134.02999999999997,0.0,other_tissue,0,146.96206458924453
-48.610000000000014,-419.03,0.0,other_tissue,0,166.34900593611817
-148.77999999999997,-460.19000000000005,0.0,other_tissue,0,491.72158981185856
113.60000000000002,-161.08000000000004,0.0,other_tissue,0,238.1843240136624
449.21000000000004,440.57,0.0,other_tissue,0,234.5699769970608
-64.29000000000002,-232.96000000000004,0.0,apCAF,1,207.44504570187783
-146.45999999999998,-414.95000000000005,0.0,other_tissue,0,175.5913192553413
-279.5,78.88999999999999,0.0,other_tissue,0,131.6676096832272
-373.73,-332.58000000000004,0.0,other_tissue,0,411.5075937397038
231.21000000000004,263.98,0.0,other_tissue,0,89.23090297007465
232.29999999999995,-393.1,0.0,other_tissue,0,241.10426141931845
-85.36000000000001,-371.11,0.0,other_tissue,0,156.3746758228059
486.35,77.33999999999997,0.0,other_tissue,0,131.76150297386863
-90.97000000000003,-102.75,0.0,other_tissue,0,229.66588547338702
493.62,-466.03999999999996,0.0,other_tissue,0,937.9748197069052
98.26999999999998,-47.789999999999964,0.0,other_tissue,0,182.92442033739889
392.57000000000005,209.45,0.0,CAF,1,1021.3290716625073
85.99000000000001,-392.69000000000005,0.0,other_tissue,0,143.6937875026013
-118.5,-207.37,0.0,other_tissue,0,280.20388436175205
125.58000000000004,185.22000000000003,0.0,other_tissue,0,185.78317498701236
374.74,-446.03,0.0,other_tissue,0,760.3432763097073
-364.31,-136.91999999999996,0.0,other_tissue,0,127.29864974966519
-362.88,198.83999999999997,0.0,other_tissue,0,127.01128018784136
-494.228,60.410000000000025,0.0,CAF,1,136.98180205511906
375.39,-237.16999999999996,0.0,other_tissue,0,413.1552117357835
82.69000000000005,404.32,0.0,other_tissue,0,377.3433485696089
187.76999999999998,-266.70000000000005,0.0,CAF,1,306.9268581507964
-338.55,-163.33000000000004,0.0,other_tissue,0,119.47934474978724
202.39999999999998,-17.269999999999982,0.0,other_tissue,0,141.34515642738657
-412.9,-234.96000000000004,0.0,apCAF,1,129.0875507331418
427.59000000000003,-300.64,0.0,other_tissue,0,174.74349231482694
-188.76999999999998,-34.25,0.0,CAF,1,119.40897079199235
-498.273,48.410000000000025,0.0,other_tissue,0,308.21590961112906
38.75999999999999,-18.860000000000014,0.0,other_tissue,0,153.6951025198406
41.309999999999945,-427.78999999999996,0.0,other_tissue,0,119.37965646728595
-321.34000000000003,195.94,0.0,other_tissue,0,188.345629312553
-352.34000000000003,-468.34000000000003,0.0,other_tissue,0,112.29061532193249
409.41999999999996,255.86,0.0,other_tissue,0,123.41660930775649
297.83000000000004,176.61,0.0,CAF,1,204.84617676319934
157.89,-170.87,0.0,other_tissue,0,112.99557846048319
-367.74,-473.5,0.0,other_tissue,0,200.67360656672594
430.35,374.63,0.0,other_tissue,0,117.8851660259555
-489.02,-481.13,0.0,CAF,1,238.39808114934416
274.78,-78.02999999999997,0.0,other_tissue,0,168.89238263699207
-104.60000000000002,101.76999999999998,0.0,other_tissue,0,287.73553080656865
-113.23000000000002,209.72000000000003,0.0,CAF,1,203.82278662211763
321.64,-420.36,0.0,other_tissue,0,222.81613961433996
-429.29,-427.46000000000004,0.0,other_tissue,0,332.34157243941837
-66.75999999999999,9.449999999999989,0.0,other_tissue,0,324.22949418716917
-283.36,-240.69000000000005,0.0,other_tissue,0,245.42922331215013
335.82000000000005,218.39999999999998,0.0,other_tissue,0,269.5933667805863
-401.74,192.45,0.0,other_tissue,0,140.84710116159084
-150.32,-236.01,0.0,other_tissue,0,81.44436019924501
136.24,199.75,0.0,other_tissue,0,319.67484030807236
49.35000000000002,478.55,0.0,other_tissue,0,443.02078468738335
-413.75,-279.22,0.0,other_tissue,0,147.17765023689145
-467.36,323.94,0.0,other_tissue,0,158.83687244675122
-202.67000000000002,186.29000000000002,0.0,CD8_Tcell,1,125.61834343633636
102.09000000000003,-314.94000000000005,0.0,CAF,1,265.9269609617548
-394.07,447.07,0.0,other_tissue,0,174.33569557159586
144.64,406.46,0.0,other_tissue,0,144.398091565681
319.09000000000003,-35.49000000000001,0.0,other_tissue,0,534.0823551766211
-67.17000000000002,-221.83000000000004,0.0,CAF,1,244.482595828225
-111.91000000000003,314.57,0.0,other_tissue,0,123.4405861130206
188.78999999999996,250.88,0.0,other_tissue,0,161.10274720012148
210.99,428.49,0.0,other_tissue,0,103.31668608741654
394.47,113.49000000000001,0.0,other_tissue,0,122.00151876047322
288.53,186.02999999999997,0.0,other_tissue,0,612.0731109320767
-343.72,-58.200000000000045,0.0,other_tissue,0,116.10370229759388
-143.43,473.43,0.0,other_tissue,0,302.8958454892027
115.55999999999995,-176.70000000000005,0.0,CAF,1,213.56267604779745
360.65999999999997,-4.389999999999986,0.0,other_tissue,0,118.24596153860261
281.65,-139.35000000000002,0.0,other_tissue,0,462.65340496362023
126.21000000000004,-295.54999999999995,0.0,apCAF,1,178.35036535842784
66.25999999999999,488.25,0.0,other_tissue,0,122.49586135796321
-70.16000000000003,430.25,0.0,other_tissue,0,254.55405461544635
-219.81,370.03999999999996,0.0,other_tissue,0,157.13387724212484
380.79999999999995,336.28999999999996,0.0,other_tissue,0,133.62347337401866
-487.96,278.65999999999997,0.0,other_tissue,0,77.31377049822326
332.98,113.23000000000002,0.0,other_tissue,0,211.05853504146603
99.86000000000001,-404.33000000000004,0.0,other_tissue,0,77.31377049822326
227.72000000000003,-211.39,0.0,CAF,1,124.72787731840299
324.75,-127.88999999999999,0.0,CAF,1,522.7196221650695
-171.41000000000003,100.74000000000001,0.0,other_tissue,0,165.70623426473966
-350.94,-5.439999999999998,0.0,other_tissue,0,161.38211192315165
170.76999999999998,367.72,0.0,other_tissue,0,163.01457069459485
-421.78,80.49000000000001,0.0,other_tissue,0,137.66401741930125
-499.7979,275.7,0.0,other_tissue,0,117.97238786508954
296.70000000000005,186.42000000000002,0.0,other_tissue,0,274.6294560699936
188.53999999999996,-164.88,0.0,epithelial_tumor_class1,1,522.4388266259941
-473.42,-432.90999999999997,0.0,other_tissue,0,370.9279764115287
160.05999999999995,-24.210000000000036,0.0,other_tissue,0,147.79187398963182
405.16999999999996,241.98000000000002,0.0,CAF,1,229.99249339393393
-312.15,265.43,0.0,other_tissue,0,155.24046501446625
424.82000000000005,136.88,0.0,other_tissue,0,445.6254851308911
30.809999999999945,462.43,0.0,other_tissue,0,127.20688901701035
150.87,434.04,0.0,CAF,1,130.65640288104467
-13.439999999999998,-242.5,0.0,other_tissue,0,356.1006953173577
-374.24,-405.28,0.0,other_tissue,0,171.26759437596013
3.1100000000000136,-243.63,0.0,CAF,1,248.52263284510335
492.53999999999996,-403.49,0.0,CD4_Tcell,1,130.2952319451234
487.21000000000004,-235.35000000000002,0.0,other_tissue,0,297.57268608481195
-105.69,-33.99000000000001,0.0,other_tissue,0,238.45386490551294
113.50999999999999,349.69,0.0,other_tissue,0,148.3400361004239
168.83000000000004,350.83000000000004,0.0,other_tissue,0,343.8054890102092
-434.6,-247.78999999999996,0.0,other_tissue,0,176.73109145987317
-255.08,-5.699999999999989,0.0,other_tissue,0,137.95432071269047
-388.01,-171.52999999999997,0.0,apCAF,1,132.7028921034761
182.58000000000004,-366.40999999999997,0.0,CAF,1,162.33724566105766
458.23,377.85,0.0,other_tissue,0,105.85002156895754
-452.78,467.75,0.0,CAF,1,300.4270118383116
-296.88,186.81,0.0,CAF,1,114.785158181512
-400.14,212.36,0.0,other_tissue,0,112.9390731382568
-62.72000000000003,-58.50999999999999,0.0,CAF,1,177.94462360043156
-418.87,-212.05999999999995,0.0,other_tissue,0,516.6242231811378
231.48000000000002,137.98000000000002,0.0,other_tissue,0,293.5494103034147
-485.34,392.31,0.0,other_tissue,0,160.8022536409212
-374.54,201.41000000000003,0.0,other_tissue,0,158.64547142496417
-237.14,-277.44000000000005,0.0,other_tissue,0,168.2578101484778
-422.56,-272.96000000000004,0.0,CAF,1,158.58170527024356
253.66999999999996,-217.26999999999998,0.0,other_tissue,0,226.77628326730834
-415.3,-74.99000000000001,0.0,CAF,1,127.73971556408648
-454.71,63.85000000000002,0.0,other_tissue,0,153.11997642266329
-233.5,26.339999999999975,0.0,CAF,1,136.98180205511906
257.29999999999995,488.84,0.0,other_tissue,0,263.633783582913
203.59000000000003,227.89,0.0,other_tissue,0,90.92173333605717
-305.90999999999997,271.05,0.0,other_tissue,0,214.17664314442408
130.14,-228.07000000000005,0.0,other_tissue,0,229.23994624661873
-0.7699999999999818,299.18,0.0,other_tissue,0,273.8741574446077
-463.79,410.56,0.0,other_tissue,0,84.19151283984432
157.20000000000005,278.03999999999996,0.0,CAF,1,178.35036535842784
320.55999999999995,212.81,0.0,other_tissue,0,220.2753094899126
115.51999999999998,198.24,0.0,other_tissue,0,127.45780620103311
351.39,4.610000000000014,0.0,other_tissue,0,116.08068525800236
-178.82999999999998,-238.78999999999996,0.0,other_tissue,0,124.98156924923221
458.58000000000004,-450.38,0.0,CD4_Tcell,1,183.45477135850373
248.45000000000005,-124.08000000000004,0.0,other_tissue,0,193.8972036675983
-439.52,265.75,0.0,CAF,1,433.47858632995553
461.30999999999995,-124.95000000000005,0.0,other_tissue,0,203.8897895100173
-252.22,-477.48,0.0,CAF,1,146.8274305261712
460.66999999999996,44.660000000000025,0.0,CAF,1,159.09941267869965
-153.69,-464.28,0.0,other_tissue,0,144.5312366679316
456.77,92.23000000000002,0.0,other_tissue,0,171.81254083793402
-74.69,-437.85,0.0,other_tissue,0,501.8682540849206
9.819999999999993,-69.02999999999997,0.0,other_tissue,0,113.90222852293218
-487.01,-449.63,0.0,other_tissue,0,121.49071317663264
-8.339999999999975,-137.46000000000004,0.0,CD4_Tcell,1,130.2952319451234
438.57000000000005,-43.73000000000002,0.0,other_tissue,0,175.6064838912475
382.01,414.64,0.0,other_tissue,0,204.09088627422858
76.00999999999999,-430.17999999999995,0.0,other_tissue,0,100.97607485138145
408.52,79.82999999999998,0.0,other_tissue,0,172.67336101606054
-105.56,-470.79999999999995,0.0,other_tissue,0,97.65230832029435
-274.81,40.18000000000001,0.0,other_tissue,0,153.03694456402746
289.85,494.187,0.0,other_tissue,0,182.4417567073016
-420.76,400.45,0.0,other_tissue,0,91.1811040753944
-452.54,192.94,0.0,other_tissue,0,125.93294003567178
-424.44,-229.38,0.0,apCAF,1,1101.5700256765433
-302.2,-451.30999999999995,0.0,other_tissue,0,95.14114119130419
-28.910000000000025,495.509,0.0,CAF,1,321.3168278680735
-364.65,-455.28999999999996,0.0,CAF,1,129.0875507331418
66.63999999999999,345.35,0.0,CAF,1,110.83370365748279
-70.45999999999998,-281.53,0.0,other_tissue,0,276.30830748389144
-169.77999999999997,-84.34000000000003,0.0,CAF,1,203.1953482952503
367.15999999999997,-218.55999999999995,0.0,other_tissue,0,448.9630308821843
350.83000000000004,-171.66999999999996,0.0,other_tissue,0,232.33311112754916
293.40999999999997,-425.16999999999996,0.0,other_tissue,0,155.86289946453994
-248.44,447.38,0.0,CAF,1,173.25134040147492
412.09000000000003,161.57999999999998,0.0,other_tissue,0,103.99965182097789
-387.68,-118.87,0.0,CAF,1,134.4086723334577
-422.02,-462.19000000000005,0.0,other_tissue,0,77.31377049822326
-284.33000000000004,-196.89999999999998,0.0,other_tissue,0,185.0833829960051
-41.23000000000002,-409.97,0.0,other_tissue,0,433.36780016057793
358.55999999999995,-469.08000000000004,0.0,other_tissue,0,145.65958207540282
-171.41000000000003,456.77,0.0,other_tissue,0,142.52284394173972
87.47000000000003,-237.59000000000003,0.0,CAF,1,227.81192688548617
-483.74,171.74,0.0,other_tissue,0,224.87533216159264
-334.99,-463.49,0.0,other_tissue,0,93.73212397018068
156.95000000000005,-372.66999999999996,0.0,other_tissue,0,223.37648544667613
-478.21,-427.48,0.0,other_tissue,0,222.80725279976414
-228.24,-307.83000000000004,0.0,other_tissue,0,94.68330531877642
438.36,-367.61,0.0,other_tissue,0,133.64875451544705
-458.54,90.31,0.0,other_tissue,0,77.31377049822326
-465.47,-168.35000000000002,0.0,apCAF,1,816.1423873749555
-472.13,360.12,0.0,CD4_Tcell,1,133.16265239164278
325.15,111.75999999999999,0.0,other_tissue,0,107.3394671060557
-41.74000000000001,-317.0,0.0,other_tissue,0,142.9851655138749
-338.49,-229.73000000000002,0.0,other_tissue,0,90.81910000823264
107.58000000000004,-437.35,0.0,other_tissue,0,86.80999385303768
-52.73000000000002,-431.85,0.0,other_tissue,0,120.04921626266079
397.02,-86.49000000000001,0.0,other_tissue,0,164.59263388083002
-93.94,-51.48000000000002,0.0,other_tissue,0,96.80870504204917
-289.48,188.82,0.0,other_tissue,0,230.85586179430197
-171.01999999999998,-143.17999999999995,0.0,other_tissue,0,238.212198129961
-33.19,159.05,0.0,other_tissue,0,185.23262900054402
53.77999999999997,-19.74000000000001,0.0,other_tissue,0,130.86820064183036
-140.54000000000002,-70.51999999999998,0.0,other_tissue,0,115.18539165732086
-137.14,-161.78999999999996,0.0,other_tissue,0,97.31939719071465
-499.4235,390.13,0.0,other_tissue,0,119.79636974026377
203.95000000000005,485.25,0.0,other_tissue,0,676.9937420282411
169.60000000000002,-13.110000000000014,0.0,other_tissue,0,177.94462360043156
333.30999999999995,224.12,0.0,other_tissue,0,115.31137119458387
97.32000000000005,-314.09000000000003,0.0,other_tissue,0,103.54045358481332
-434.25,146.69,0.0,apCAF,1,1185.27401858627
367.96000000000004,100.72000000000003,0.0,CAF,1,200.69847147286
27.600000000000023,279.15999999999997,0.0,other_tissue,0,102.51485208019132
-67.74000000000001,372.58,0.0,CAF,1,207.44504570187783
-496.993,-446.03999999999996,0.0,other_tissue,0,158.8936134104136
-77.16000000000003,-187.20000000000005,0.0,other_tissue,0,206.04164297763847
-402.90999999999997,428.86,0.0,CAF,1,355.38444754276856
-129.01,413.51,0.0,other_tissue,0,515.8617587117403
-87.60000000000002,-64.44000000000005,0.0,other_tissue,0,112.11623939757268
-494.067,408.32,0.0,other_tissue,0,92.66349466119517
239.66999999999996,-172.32000000000005,0.0,other_tissue,0,114.11257947834206
-378.13,27.560000000000002,0.0,other_tissue,0,77.31377049822326
204.24,-209.42999999999995,0.0,other_tissue,0,130.85573561867974
-380.08,270.11,0.0,other_tissue,0,94.00680766283129
283.99,496.089,0.0,other_tissue,0,173.16869307451867
465.53999999999996,-492.71000000000004,0.0,CD8_Tcell,1,416.1670383561724
364.21000000000004,-469.79999999999995,0.0,other_tissue,0,102.61551611945922
495.22,-331.92999999999995,0.0,CAF,1,475.74935758534497
437.69000000000005,431.0,0.0,other_tissue,0,90.2438344625878
60.960000000000036,78.06,0.0,other_tissue,0,178.00582816538835
330.55999999999995,477.99,0.0,other_tissue,0,208.23406736215858
74.52999999999997,278.25,0.0,other_tissue,0,82.4708619318957
-93.85000000000002,-151.96000000000004,0.0,other_tissue,0,84.45188919107544
-201.98000000000002,350.74,0.0,other_tissue,0,172.2538207463366
-205.38,-471.61,0.0,other_tissue,0,81.57163592889442
167.94000000000005,-282.78999999999996,0.0,other_tissue,0,239.90729873152634
220.14,-443.95000000000005,0.0,other_tissue,0,216.1649195504442
-414.6,-61.49000000000001,0.0,apCAF,1,178.35036535842784
370.38,-303.02,0.0,other_tissue,0,106.16956995102102
211.12,405.04,0.0,other_tissue,0,553.6394969746609
-44.410000000000025,-355.27,0.0,other_tissue,0,84.19151283984432
91.89999999999998,496.991,0.0,other_tissue,0,146.67942805679309
-371.99,-475.89,0.0,other_tissue,0,91.31342578026026
-501.553,371.58000000000004,0.0,other_tissue,0,257.52771111747626
134.64999999999998,20.470000000000027,0.0,other_tissue,0,136.2634235651006
465.29999999999995,-437.4,0.0,CD8_Tcell,1,208.7016332036676
-360.0,-244.64,0.0,CAF,1,110.83370365748279
278.79999999999995,-443.30999999999995,0.0,other_tissue,0,112.68503229727956
-180.13,36.860000000000014,0.0,apCAF,1,310.68280521411316
453.25,499.9173,0.0,epithelial_tumor_class1,1,924.6235865242587
-69.51999999999998,-216.45000000000005,0.0,CAF,1,159.6467073559917
-40.49000000000001,427.31,0.0,other_tissue,0,119.51454209507334
-448.61,-149.14999999999998,0.0,epithelial_tumor_class1,1,522.4388266259941
334.4,56.29000000000002,0.0,other_tissue,0,77.31377049822326
-67.47000000000003,94.99000000000001,0.0,other_tissue,0,159.6182456046359
481.04999999999995,-457.73,0.0,other_tissue,0,147.1102570895913
-484.48,-479.40999999999997,0.0,other_tissue,0,91.42624519163128
199.05999999999995,96.45999999999998,0.0,epithelial_tumor_class1,1,973.0412153486644
399.20000000000005,456.17,0.0,other_tissue,0,226.59649235343053
-172.91000000000003,416.76,0.0,CD8_Tcell,1,125.61834343633636
190.54999999999995,-193.80999999999995,0.0,other_tissue,0,164.68705897850293
-183.25,-87.42999999999995,0.0,other_tissue,0,187.686967770188
321.87,-20.450000000000045,0.0,other_tissue,0,82.87007662259848
488.82000000000005,-427.89,0.0,CD4_Tcell,1,780.6238227512935
-429.62,-145.27999999999997,0.0,other_tissue,0,127.54356074938721
-460.14,411.68,0.0,other_tissue,0,77.31377049822326
-391.43,-222.62,0.0,other_tissue,0,160.45215036358277
92.25999999999999,469.64,0.0,other_tissue,0,105.64455059961551
155.60000000000002,320.11,0.0,other_tissue,0,92.31732976054536
329.90999999999997,-39.0,0.0,other_tissue,0,751.2748679320027
-428.61,-450.16999999999996,0.0,other_tissue,0,397.8951363596661
286.53999999999996,-31.50999999999999,0.0,CAF,1,110.83370365748279
101.04999999999995,382.92,0.0,other_tissue,0,77.35327153450038
134.0,346.34000000000003,0.0,other_tissue,0,96.00545804488016
65.60000000000002,43.5,0.0,other_tissue,0,149.74704915070942
377.30999999999995,457.5,0.0,other_tissue,0,434.0189392930873
164.84000000000003,-89.52999999999997,0.0,apCAF,1,638.8806677298686
-308.32,-437.78,0.0,other_tissue,0,220.4870391403862
221.20000000000005,439.11,0.0,CAF,1,244.81363804987623
-363.23,63.98000000000002,0.0,other_tissue,0,101.95973779709146
122.05999999999995,-188.10000000000002,0.0,other_tissue,0,272.0528804428715
160.45000000000005,400.8,0.0,other_tissue,0,202.9614351598044
427.07000000000005,-439.05999999999995,0.0,CAF,1,110.83370365748279
20.480000000000018,241.82999999999998,0.0,other_tissue,0,250.99674905094517
-376.25,76.92000000000002,0.0,other_tissue,0,77.31377049822326
112.91999999999996,-389.47,0.0,other_tissue,0,130.7124447382875
23.389999999999986,-385.61,0.0,other_tissue,0,140.31103943594545
87.66999999999996,405.98,0.0,other_tissue,0,131.7677641131913
85.15999999999997,-337.15999999999997,0.0,other_tissue,0,154.07005313568192
367.1,38.829999999999984,0.0,other_tissue,0,222.03500413579218
-499.8368,-475.33000000000004,0.0,CD8_Tcell,1,241.99520150605545
-359.22,178.8,0.0,other_tissue,0,84.11721802087347
-439.09000000000003,499.5912,0.0,CAF,1,295.37949580126246
472.95000000000005,-219.78999999999996,0.0,CAF,1,163.83853211957103
57.379999999999995,307.32,0.0,mesenchymal_tumor_class1,1,190.49091471039492
-475.4,-190.23000000000002,0.0,other_tissue,0,264.7886876798191
320.49,-395.79999999999995,0.0,other_tissue,0,101.81731875956487
376.83000000000004,-116.34000000000003,0.0,other_tissue,0,120.04333207404001
495.36,-71.60000000000002,0.0,CD4_Tcell,1,176.67017946059542
-485.78,449.40999999999997,0.0,other_tissue,0,77.31377049822326
-284.12,491.84,0.0,other_tissue,0,90.40933905334137
77.46000000000004,-260.04999999999995,0.0,CAF,1,110.83370365748279
-392.32,232.29000000000002,0.0,apCAF,1,643.717700800286
387.98,-70.77999999999997,0.0,other_tissue,0,267.4396895121559
-84.45999999999998,-334.38,0.0,other_tissue,0,383.98553769805574
463.75,340.41999999999996,0.0,other_tissue,0,100.66180701336576
-102.89999999999998,-401.67999999999995,0.0,other_tissue,0,161.27462576487457
-247.35,301.5,0.0,CAF,1,656.3277581501643
25.649999999999977,-149.64,0.0,other_tissue,0,93.91185634655105
-434.63,-255.84000000000003,0.0,other_tissue,0,209.05063726293108
55.59000000000003,426.26,0.0,other_tissue,0,123.73455404511975
-439.59000000000003,-487.19000000000005,0.0,other_tissue,0,254.00087334135665
403.53,246.32,0.0,other_tissue,0,275.94944337778304
495.30999999999995,-216.26,0.0,other_tissue,0,311.48209359376807
-153.5,5.490000000000009,0.0,CAF,1,140.86673902229768
352.29999999999995,458.54,0.0,other_tissue,0,235.53696451121797
-29.529999999999973,466.92,0.0,other_tissue,0,188.79089692917825
494.88,170.07,0.0,other_tissue,0,191.3086087949504
429.54999999999995,-168.10000000000002,0.0,CAF,1,110.83370365748279
91.84000000000003,334.05,0.0,other_tissue,0,182.09973680145904
6.670000000000016,-140.02999999999997,0.0,other_tissue,0,77.31377049822326
311.80999999999995,-410.20000000000005,0.0,other_tissue,0,119.12775129831843
406.12,124.47000000000003,0.0,other_tissue,0,184.29136824018235
-443.43,415.13,0.0,CAF,1,163.33948780159224
82.86000000000001,434.24,0.0,other_tissue,0,79.89147618334636
-221.95999999999998,-306.16999999999996,0.0,other_tissue,0,109.31755281375644
196.05999999999995,-225.26,0.0,CAF,1,527.0463587498409
33.40999999999997,-132.55999999999995,0.0,other_tissue,0,307.2460309475414
26.57000000000005,410.31,0.0,CD4_Tcell,1,156.63449657947066
98.21000000000004,-30.409999999999968,0.0,CD4_Tcell,1,282.9253672174697
216.37,436.56,0.0,other_tissue,0,133.9207282033399
247.0,481.7,0.0,CAF,1,110.83370365748279
-402.65,499.1718,0.0,other_tissue,0,402.6228142289959
152.58000000000004,481.05,0.0,CAF,1,121.4136226544803
-40.379999999999995,264.77,0.0,other_tissue,0,114.5454637010869
40.85000000000002,-214.57000000000005,0.0,other_tissue,0,148.7876875569348
-151.57,501.348,0.0,other_tissue,0,256.16964809207093
379.08000000000004,-226.94000000000005,0.0,CAF,1,400.5433046144306
9.110000000000014,-376.40999999999997,0.0,other_tissue,0,131.75524203288734
-320.68,89.77999999999997,0.0,CD4_Tcell,1,130.2952319451234
326.21000000000004,497.278,0.0,other_tissue,0,175.5761554924962
224.55999999999995,35.20999999999998,0.0,CAF,1,231.6301784199623
314.13,20.660000000000025,0.0,other_tissue,0,295.6262264369063
197.28999999999996,-456.87,0.0,other_tissue,0,126.49266821418169
-398.65999999999997,-125.57000000000005,0.0,other_tissue,0,178.58030363064896
173.69000000000005,-273.11,0.0,other_tissue,0,125.46574317967793
-499.8352,-471.04999999999995,0.0,CD8_Tcell,1,197.54062910237684
492.67999999999995,40.889999999999986,0.0,CAF,1,110.83370365748279
107.75,-303.11,0.0,other_tissue,0,206.32012700969992
169.51999999999998,70.07,0.0,other_tissue,0,82.51668331908708
-142.23000000000002,-119.21000000000004,0.0,other_tissue,0,182.9088372711586
-217.16000000000003,212.55,0.0,other_tissue,0,115.43744255518402
397.25,97.94,0.0,other_tissue,0,129.07519903946218
-326.59000000000003,242.43,0.0,apCAF,1,203.50472336096314
137.25,388.55,0.0,other_tissue,0,232.32397302894017
252.99,-390.89,0.0,other_tissue,0,289.0548677966343
-436.55,35.44,0.0,other_tissue,0,122.37662077317209
-211.32,-449.62,0.0,CAF,1,176.77678464617776
-246.86,-115.13,0.0,other_tissue,0,304.0751778685849
110.27999999999997,-441.48,0.0,other_tissue,0,77.31377049822326
33.620000000000005,82.31,0.0,other_tissue,0,171.9919534839334
-217.5,76.36000000000001,0.0,other_tissue,0,131.9180909674957
96.16999999999996,-372.53999999999996,0.0,other_tissue,0,190.84335912578632
149.37,-200.76999999999998,0.0,other_tissue,0,148.42813876176243
-299.94,-124.57000000000005,0.0,other_tissue,0,77.31377049822326
171.95000000000005,477.93,0.0,other_tissue,0,140.37633986745536
-90.32,-216.39999999999998,0.0,other_tissue,0,297.7559404054557
-373.82,-138.70000000000005,0.0,other_tissue,0,172.80835777407577
-193.64,158.25,0.0,CD4_Tcell,1,197.7703592862784
87.98000000000002,324.5,0.0,other_tissue,0,141.36484055461113
-499.6523,364.86,0.0,other_tissue,0,209.00805497681884
296.97,-38.33000000000004,0.0,other_tissue,0,88.80668328971983
-454.29,133.72000000000003,0.0,other_tissue,0,77.31377049822326
484.96000000000004,-46.110000000000014,0.0,other_tissue,0,115.79322888520375
-492.676,44.45999999999998,0.0,CAF,1,166.19546651522728
-63.94999999999999,-147.30999999999995,0.0,other_tissue,0,103.29539172739547
164.24,-409.35,0.0,other_tissue,0,128.92086934248627
474.01,-443.90999999999997,0.0,other_tissue,0,110.65525941864745
361.92999999999995,470.31,0.0,other_tissue,0,103.72183516464064
-460.7,-487.86,0.0,other_tissue,0,134.23110121245884
-49.139999999999986,160.43,0.0,CAF,1,139.0936486679521
102.0,326.23,0.0,other_tissue,0,122.50182541956973
328.19000000000005,109.39999999999998,0.0,other_tissue,0,77.31377049822326
194.77999999999997,-201.71000000000004,0.0,other_tissue,0,114.23777570778202
-106.45999999999998,-489.23,0.0,other_tissue,0,237.7571931448707
140.05999999999995,-96.09000000000003,0.0,other_tissue,0,334.56236910444466
-19.45999999999998,210.06,0.0,other_tissue,0,260.09069460253346
421.4,-268.15999999999997,0.0,apCAF,1,549.9144557951182
356.40999999999997,322.2,0.0,other_tissue,0,77.31377049822326
-6.639999999999986,325.59000000000003,0.0,other_tissue,0,91.08806547077478
316.84000000000003,-491.23,0.0,other_tissue,0,150.64205835252025
401.49,-80.86000000000001,0.0,other_tissue,0,113.37465035179888
-499.9444,-221.26999999999998,0.0,other_tissue,0,456.07474322630907
128.09000000000003,305.86,0.0,other_tissue,0,81.4943455776528
118.74000000000001,-116.25999999999999,0.0,other_tissue,0,181.14590390638148
93.77999999999997,-90.42999999999995,0.0,other_tissue,0,429.3094897777892
-148.75,106.32999999999998,0.0,other_tissue,0,182.8309352148199
-62.94,-196.65999999999997,0.0,other_tissue,0,137.85105505366636
-91.80000000000001,-95.34000000000003,0.0,CAF,1,383.48756276722065
335.45000000000005,438.64,0.0,other_tissue,0,123.0752771138429
137.72000000000003,-102.25,0.0,other_tissue,0,77.31377049822326
328.54999999999995,372.95,0.0,CAF,1,294.47955889147204
-77.77999999999997,119.36000000000001,0.0,other_tissue,0,199.11949938904405
464.12,-304.28999999999996,0.0,other_tissue,0,87.00450383167872
255.92999999999995,27.889999999999986,0.0,other_tissue,0,179.12527803460975
201.39999999999998,-243.85000000000002,0.0,other_tissue,0,83.27057755154196
-62.06999999999999,10.269999999999982,0.0,other_tissue,0,189.06158005925207
-478.64,314.23,0.0,other_tissue,0,191.17216426950844
87.58000000000004,339.74,0.0,other_tissue,0,275.54993240370965
-258.78,-63.98000000000002,0.0,other_tissue,0,159.73923141394752
-392.59000000000003,-218.01999999999998,0.0,other_tissue,0,173.9511372203896
-266.35,105.81,0.0,other_tissue,0,95.1058707631319
136.65999999999997,-12.279999999999973,0.0,other_tissue,0,113.71483644381199
98.58000000000004,137.22000000000003,0.0,other_tissue,0,200.0443804352604
-256.45,94.44999999999999,0.0,other_tissue,0,131.93062336367146
-39.06,56.829999999999984,0.0,other_tissue,0,140.60505092462245
-478.19,284.52,0.0,other_tissue,0,79.93185033529487
-400.14,203.14999999999998,0.0,other_tissue,0,77.31377049822326
-415.1,-457.17999999999995,0.0,other_tissue,0,270.5025617319892
255.15999999999997,-441.07000000000005,0.0,CAF,1,268.4748350350534
119.57000000000005,416.45,0.0,other_tissue,0,77.31377049822326
488.40999999999997,476.27,0.0,CAF,1,169.72119187306566
115.00999999999999,-294.14,0.0,CAF,1,150.4367804645998
-475.53,262.31,0.0,other_tissue,0,189.73143558053138
-92.23000000000002,231.7,0.0,other_tissue,0,197.82781964847277
165.41999999999996,279.36,0.0,CAF,1,185.8540385146958
-432.06,269.53999999999996,0.0,other_tissue,0,110.66640612979381
21.779999999999973,372.53,0.0,other_tissue,0,243.31216224855424
-489.52,-165.19000000000005,0.0,other_tissue,0,175.19734509273465
160.26,-89.33000000000004,0.0,other_tissue,0,99.18829917427733
-150.25,-405.08000000000004,0.0,other_tissue,0,182.49620841869816
64.42999999999995,-456.28,0.0,other_tissue,0,136.4427821390146
427.73,456.63,0.0,other_tissue,0,152.8433203048077
-45.610000000000014,-224.37,0.0,other_tissue,0,154.07700241038927
-152.49,68.29000000000002,0.0,other_tissue,0,105.81756108826097
-71.47000000000003,-306.57000000000005,0.0,other_tissue,0,136.80197131505966
-76.88999999999999,-120.50999999999999,0.0,CAF,1,112.58916054466229
248.48000000000002,-158.55999999999995,0.0,other_tissue,0,120.50877564182674
353.40999999999997,128.14,0.0,other_tissue,0,89.11989726199421
122.64999999999998,-444.42999999999995,0.0,other_tissue,0,145.92750276014536
-396.90999999999997,-121.39999999999998,0.0,CAF,1,110.83370365748279
90.49000000000001,-434.27,0.0,CAF,1,110.83370365748279
-319.56,222.29000000000002,0.0,apCAF,1,353.0723354552166
443.13,490.022,0.0,other_tissue,0,92.82698638042959
-66.31,-19.789999999999964,0.0,CD4_Tcell,1,130.2952319451234
-309.76,-239.42999999999995,0.0,other_tissue,0,77.31377049822326
119.69000000000005,266.74,0.0,other_tissue,0,220.63709636993212
128.99,-292.24,0.0,other_tissue,0,102.73746072914194
-153.63,88.89999999999998,0.0,other_tissue,0,102.35604293263057
-371.15,-428.6,0.0,other_tissue,0,93.81197668850935
-268.91999999999996,9.910000000000025,0.0,other_tissue,0,78.81539600425823
118.89999999999998,499.8876,0.0,other_tissue,0,448.50950904596345
351.21000000000004,-50.24000000000001,0.0,other_tissue,0,157.7190045873412
-421.90999999999997,278.96000000000004,0.0,other_tissue,0,127.31700718991489
-236.35000000000002,264.03999999999996,0.0,other_tissue,0,180.62774052354217
-494.078,-472.19000000000005,0.0,other_tissue,0,160.5807006181462
-372.02,210.45,0.0,other_tissue,0,89.52575575456837
-434.03,360.21000000000004,0.0,other_tissue,0,115.05378392002413
-45.47000000000003,54.74000000000001,0.0,other_tissue,0,147.33947776000596
-499.847,-202.08000000000004,0.0,apCAF,1,437.6745870832283
124.07000000000005,494.628,0.0,CAF,1,266.18702316772885
91.90999999999997,501.295,0.0,CAF,1,282.10292035810016
41.32000000000005,499.7228,0.0,other_tissue,0,239.2823461294721
-153.76999999999998,199.89999999999998,0.0,other_tissue,0,81.73547089970616
-163.63,-31.700000000000045,0.0,other_tissue,0,77.31377049822326
326.69000000000005,275.73,0.0,other_tissue,0,148.3400361004239
482.07000000000005,-41.73000000000002,0.0,other_tissue,0,210.05725884426224
-297.64,66.41000000000003,0.0,CAF,1,354.5601337466025
157.82000000000005,-203.88,0.0,other_tissue,0,144.1453411979595
-431.55,491.097,0.0,other_tissue,0,180.63546703205455
-456.89,372.99,0.0,other_tissue,0,138.5102572972148
456.73,-35.639999999999986,0.0,other_tissue,0,139.50299580918812
-438.14,-179.09000000000003,0.0,other_tissue,0,289.2028841854629
496.54999999999995,-313.15,0.0,other_tissue,0,125.67189516987021
-287.12,-152.66999999999996,0.0,other_tissue,0,172.84586935633914
-97.63,420.07,0.0,CAF,1,186.86382677597445
283.77,-20.809999999999945,0.0,CD8_Tcell,1,397.738187793987
-465.36,-181.87,0.0,other_tissue,0,127.35984808030838
-420.9,37.73000000000002,0.0,other_tissue,0,179.3251231335069
204.33000000000004,-336.71000000000004,0.0,other_tissue,0,366.53895510536626
99.50999999999999,-187.04999999999995,0.0,other_tissue,0,259.1361921624593
422.27,60.139999999999986,0.0,other_tissue,0,124.77617309818424
-272.57,-42.02999999999997,0.0,CAF,1,781.5466751355511
-251.58,260.65999999999997,0.0,CAF,1,179.2174957742908
-175.07999999999998,-25.460000000000036,0.0,other_tissue,0,142.7472754638616
7.449999999999989,-355.78999999999996,0.0,other_tissue,0,93.93683733321207
134.29999999999995,-195.46000000000004,0.0,other_tissue,0,186.6584182641333
341.13,362.33000000000004,0.0,other_tissue,0,135.87322246748704
-333.39,-279.72,0.0,other_tissue,0,125.44150483667462
147.51,-17.970000000000027,0.0,other_tissue,0,140.95185751188342
-339.55,-27.99000000000001,0.0,other_tissue,0,287.1983965357194
-467.22,-394.72,0.0,other_tissue,0,85.01164508271975
-114.30000000000001,-198.85000000000002,0.0,CAF,1,276.5956226775071
-196.04000000000002,396.98,0.0,other_tissue,0,115.66689856976878
46.02999999999997,333.71000000000004,0.0,other_tissue,0,121.76969731191197
-303.02,-482.86,0.0,CAF,1,234.90121683148158
-216.61,-323.30999999999995,0.0,other_tissue,0,107.55806618452257
-90.67000000000002,208.7,0.0,other_tissue,0,144.25837724055685
82.37,489.88,0.0,CD4_Tcell,1,130.2952319451234
179.02999999999997,-269.4,0.0,other_tissue,0,280.02790507864404
-421.5,-107.38,0.0,CD4_Tcell,1,130.2952319451234
-223.35000000000002,-315.91999999999996,0.0,CAF,1,416.66593176549765
416.75,-86.63,0.0,other_tissue,0,259.30330703409135
227.63,-198.26,0.0,other_tissue,0,224.79486734175123
6.360000000000014,107.22000000000003,0.0,other_tissue,0,179.6944583399042
-493.053,413.13,0.0,other_tissue,0,190.03498451826854
-318.90999999999997,-280.28,0.0,other_tissue,0,85.09582119576869
-74.77999999999997,426.07,0.0,other_tissue,0,266.32712686515714
-381.07,1.2099999999999795,0.0,other_tissue,0,149.53577307940532
-484.56,193.89,0.0,other_tissue,0,123.99291007636687
28.41999999999996,498.313,0.0,CAF,1,237.08040372520816
250.62,487.33,0.0,other_tissue,0,88.80668328971983
-226.02999999999997,146.56,0.0,apCAF,1,467.12266096098466
-354.61,233.02999999999997,0.0,CD4_Tcell,1,590.0654253024848
-198.07,-270.53999999999996,0.0,CAF,1,364.3883262672762
146.30999999999995,488.68,0.0,other_tissue,0,182.20851490903357
18.230000000000018,254.13,0.0,CAF,1,167.69834989203497
165.73000000000002,138.14,0.0,other_tissue,0,215.29516997704633
139.17999999999995,-145.85000000000002,0.0,other_tissue,0,89.68069203924551
-284.74,-61.360000000000014,0.0,CAF,1,110.83370365748279
-241.19,-219.89999999999998,0.0,other_tissue,0,128.9393824072709
119.50999999999999,-251.88,0.0,other_tissue,0,189.6356452214836
417.70000000000005,-159.36,0.0,other_tissue,0,674.8520852103924
-105.69,362.6,0.0,CAF,1,343.93603904146335
257.65,30.370000000000005,0.0,other_tissue,0,158.3480422257707
-71.62,486.05,0.0,other_tissue,0,169.23245912070254
437.25,120.39999999999998,0.0,other_tissue,0,114.28901872841844
29.269999999999982,100.76999999999998,0.0,other_tissue,0,147.67024386245237
-484.08,-234.38,0.0,other_tissue,0,276.70855097418604
-431.87,-107.45000000000005,0.0,CAF,1,110.91740507373291
204.26999999999998,-192.35000000000002,0.0,other_tissue,0,386.4433927282333
240.40999999999997,427.90999999999997,0.0,CAF,1,110.83370365748279
-55.50999999999999,487.82,0.0,other_tissue,0,165.2470866259757
-237.95999999999998,98.39999999999998,0.0,other_tissue,0,236.09995671724607
409.12,-235.45000000000005,0.0,other_tissue,0,116.75519141497273
-121.74000000000001,-121.34000000000003,0.0,other_tissue,0,97.68820550471159
-323.13,264.68,0.0,CD4_Tcell,1,184.1034995532215
-309.65999999999997,268.13,0.0,other_tissue,0,177.63881121007913
-231.17000000000002,-455.20000000000005,0.0,other_tissue,0,232.8086225233758
-446.85,-254.91999999999996,0.0,other_tissue,0,244.1140718985951
-501.345,-446.96000000000004,0.0,other_tissue,0,230.80126944968666
-166.06,-16.279999999999973,0.0,CAF,1,408.5582559440791
-384.14,-207.75,0.0,CAF,1,119.39724448631554
147.96000000000004,275.76,0.0,CAF,1,323.0327261135173
-442.9,478.3,0.0,other_tissue,0,188.87844259130307
-342.41999999999996,-284.30999999999995,0.0,other_tissue,0,172.07422600439074
440.21000000000004,416.45,0.0,CAF,1,431.9292972442943
51.710000000000036,-27.230000000000018,0.0,other_tissue,0,490.27688517645674
-289.88,241.83999999999997,0.0,other_tissue,0,77.31377049822326
-302.3,365.86,0.0,other_tissue,0,153.05078112210026
11.579999999999984,17.819999999999993,0.0,other_tissue,0,84.44723491225638
408.15,-272.87,0.0,apCAF,1,320.36492412726716
404.15999999999997,-422.45000000000005,0.0,other_tissue,0,104.34226046728209
428.26,-228.29999999999995,0.0,other_tissue,0,144.16528444267806
-70.22000000000003,327.33000000000004,0.0,CAF,1,110.83370365748279
-404.85,-161.60000000000002,0.0,other_tissue,0,127.37821140345736
155.94000000000005,-134.45000000000005,0.0,other_tissue,0,99.1623955846035
257.6,-73.90999999999997,0.0,other_tissue,0,168.8111275557663
70.28999999999996,238.75,0.0,other_tissue,0,144.00578998142623
-64.60000000000002,203.76,0.0,other_tissue,0,183.71251661800574
356.85,44.54000000000002,0.0,other_tissue,0,149.34511397031434
-499.2521,-397.49,0.0,other_tissue,0,157.7684189885863
183.89999999999998,-105.97000000000003,0.0,other_tissue,0,286.53580116311537
468.87,494.869,0.0,other_tissue,0,259.22465579457923
293.42999999999995,-258.58000000000004,0.0,other_tissue,0,258.06639671447385
451.45000000000005,124.38999999999999,0.0,other_tissue,0,77.31377049822326
35.07000000000005,-364.9,0.0,other_tissue,0,196.60713571908806
494.19000000000005,-46.139999999999986,0.0,other_tissue,0,144.9244915237439
236.82000000000005,139.79000000000002,0.0,CAF,1,408.5981975506497
-499.366,94.50999999999999,0.0,other_tissue,0,155.73687987773758
-404.59000000000003,-169.07000000000005,0.0,other_tissue,0,153.9727852288081
-499.5661,290.19,0.0,other_tissue,0,167.06677367528422
48.110000000000014,416.67,0.0,other_tissue,0,153.97973157840687
-86.16000000000003,-119.00999999999999,0.0,other_tissue,0,141.50268061788262
139.42999999999995,-450.34000000000003,0.0,other_tissue,0,93.27882325441888
-338.93,333.07,0.0,other_tissue,0,128.13877398375647
367.40999999999997,316.59000000000003,0.0,other_tissue,0,204.79576618727802
-40.19,-152.46000000000004,0.0,other_tissue,0,82.55335264659452
274.04999999999995,60.079999999999984,0.0,other_tissue,0,102.93383514465437
494.9,174.19,0.0,other_tissue,0,109.20702685204304
163.95000000000005,-332.24,0.0,other_tissue,0,81.0542698057043
-267.9,86.05000000000001,0.0,other_tissue,0,77.31377049822326
-499.5293,282.47,0.0,other_tissue,0,250.57365068304352
277.73,-81.57000000000005,0.0,other_tissue,0,113.7545690907077
266.13,-222.04999999999995,0.0,other_tissue,0,82.84709843263857
-484.4,447.40999999999997,0.0,other_tissue,0,108.79321801628343
-137.47000000000003,99.13999999999999,0.0,other_tissue,0,165.80838244026802
186.11,463.34000000000003,0.0,other_tissue,0,108.45742538977213
227.75,-71.57000000000005,0.0,other_tissue,0,139.88056441528624
-372.27,-65.13,0.0,other_tissue,0,229.7837915294198
107.76999999999998,341.44,0.0,other_tissue,0,104.47093244186331
-420.48,156.70999999999998,0.0,other_tissue,0,156.2133105283325
330.94000000000005,-129.14,0.0,other_tissue,0,327.52722273784923
150.52999999999997,-291.65,0.0,other_tissue,0,178.63398431588317
-212.48000000000002,244.55,0.0,other_tissue,0,80.06203735067996
-166.64,224.29000000000002,0.0,other_tissue,0,77.31377049822326
-81.89999999999998,211.83999999999997,0.0,other_tissue,0,101.85950315749957
-99.68,265.74,0.0,other_tissue,0,151.0188859949388
-273.19,-76.53999999999996,0.0,other_tissue,0,110.28227698651015
-383.39,-302.54999999999995,0.0,other_tissue,0,453.85771380368743
-46.72000000000003,-367.80999999999995,0.0,other_tissue,0,77.31377049822326
440.45000000000005,-30.110000000000014,0.0,other_tissue,0,192.0642388786852
203.22000000000003,445.51,0.0,CAF,1,327.98700141893664
473.34000000000003,-226.04999999999995,0.0,other_tissue,0,77.31377049822326
-97.75999999999999,498.699,0.0,epithelial_tumor_class1,1,1092.3883939865623
-470.19,429.32,0.0,other_tissue,0,304.77548387982193
-142.33999999999997,480.55,0.0,other_tissue,0,101.58551274514306
-463.39,49.95999999999998,0.0,CAF,1,130.26455832903633
185.59000000000003,-345.65999999999997,0.0,other_tissue,0,146.26286535950769
-397.51,444.26,0.0,other_tissue,0,154.4456130694126
9.740000000000009,-13.100000000000023,0.0,other_tissue,0,106.61475515331736
220.26999999999998,-59.39999999999998,0.0,CAF,1,901.3674407853982
413.97,-263.98,0.0,other_tissue,0,99.38012595641791
-172.42000000000002,-458.12,0.0,other_tissue,0,139.50299580918812
-124.97000000000003,498.386,0.0,other_tissue,0,224.7501729591595
60.50999999999999,430.0,0.0,other_tissue,0,110.85043495306348
-378.82,24.819999999999993,0.0,CAF,1,110.83370365748279
329.91999999999996,-483.82000000000005,0.0,apCAF,1,709.0874443565094
-435.15999999999997,91.32999999999998,0.0,other_tissue,0,111.81853114023279
494.0,-203.36,0.0,CAF,1,381.79257849028056
418.47,-152.32000000000005,0.0,other_tissue,0,350.5177795078532
492.14,-242.67999999999995,0.0,other_tissue,0,77.31377049822326
-64.25,208.39999999999998,0.0,CAF,1,178.34270415056403
-166.81,-81.48000000000002,0.0,other_tissue,0,77.31377049822326
-490.813,404.68,0.0,other_tissue,0,112.84305732833252
205.33000000000004,-281.15999999999997,0.0,other_tissue,0,247.17739642974345
-395.23,-249.75,0.0,other_tissue,0,77.31377049822326
-213.67000000000002,82.66000000000003,0.0,other_tissue,0,160.0241450312214
-165.8,303.08000000000004,0.0,CD4_Tcell,1,141.21397560719916
-366.66999999999996,6.269999999999982,0.0,other_tissue,0,106.50062599875659
429.82000000000005,-222.01,0.0,other_tissue,0,231.72138816024002
-38.379999999999995,120.23000000000002,0.0,other_tissue,0,157.69783014577325
247.45000000000005,477.82,0.0,other_tissue,0,164.08481140926108
468.15,-223.88,0.0,other_tissue,0,102.24497417135719
297.14,-50.66999999999996,0.0,other_tissue,0,226.4347618011401
-439.99,347.28,0.0,other_tissue,0,149.63116345425473
-482.51,430.51,0.0,CAF,1,232.04994147778174
59.72000000000003,401.65999999999997,0.0,other_tissue,0,77.31377049822326
433.01,-337.73,0.0,other_tissue,0,108.19917172854471
451.72,-439.42999999999995,0.0,other_tissue,0,142.1405333073524
220.24,290.15,0.0,CAF,1,160.7450591710177
486.17999999999995,-252.54999999999995,0.0,CAF,1,364.4623454729453
162.79999999999995,417.58,0.0,other_tissue,0,183.95486075764586
372.32000000000005,500.0139,0.0,CAF,1,474.92463129482127
441.57000000000005,-492.53,0.0,CAF,1,154.83572674607558
133.0,391.03,0.0,other_tissue,0,167.1988325988161
215.51999999999998,-407.72,0.0,CAF,1,264.3900646894749
-138.60000000000002,64.88999999999999,0.0,other_tissue,0,117.57152338329075
96.97000000000003,-377.39,0.0,other_tissue,0,301.045672984324
372.78,-78.94000000000005,0.0,other_tissue,0,178.38101238394015
490.70000000000005,-227.27999999999997,0.0,other_tissue,0,115.52345296483774
243.44000000000005,-342.95000000000005,0.0,other_tissue,0,117.71085134226715
-70.63,7.449999999999989,0.0,apCAF,1,429.15814198294237
413.49,219.17000000000002,0.0,other_tissue,0,183.68126191899546
-135.06,-6.1299999999999955,0.0,other_tissue,0,77.31377049822326
-303.61,-268.74,0.0,other_tissue,0,148.5162763003684
-247.74,500.0555,0.0,other_tissue,0,150.97774702172623
341.52,-430.83000000000004,0.0,other_tissue,0,196.05987821583037
-472.07,264.6,0.0,other_tissue,0,104.87909148976561
136.26,190.54000000000002,0.0,other_tissue,0,272.3677172484846
87.32000000000005,114.54000000000002,0.0,other_tissue,0,129.66896959158026
144.07000000000005,-28.92999999999995,0.0,other_tissue,0,289.89076507309693
28.649999999999977,22.49000000000001,0.0,other_tissue,0,149.03903718224922
-179.41000000000003,370.77,0.0,other_tissue,0,447.87226084923174
176.96000000000004,1.6200000000000045,0.0,other_tissue,0,255.6336061627429
491.69000000000005,-446.19000000000005,0.0,other_tissue,0,246.3972974562566
121.57000000000005,-137.16999999999996,0.0,other_tissue,0,77.31377049822326
-405.53,-113.78999999999996,0.0,CAF,1,177.654093501731
-275.61,245.05,0.0,other_tissue,0,105.34762960833788
114.11000000000001,278.40999999999997,0.0,CAF,1,110.83370365748279
429.75,-490.0,0.0,other_tissue,0,150.3820712077617
-282.47,-267.26,0.0,CAF,1,286.3466755624977
-75.12,-124.64999999999998,0.0,CAF,1,110.83370365748279
-76.17000000000002,-154.5,0.0,apCAF,1,1101.5700256765433
42.889999999999986,-219.41999999999996,0.0,other_tissue,0,218.59512410513307
419.78,57.829999999999984,0.0,other_tissue,0,187.49679804528967
-194.57999999999998,120.85000000000002,0.0,CAF,1,160.62356595598598
371.92999999999995,-216.85000000000002,0.0,other_tissue,0,276.8112397314018
-46.839999999999975,477.38,0.0,other_tissue,0,135.64967328156968
-407.40999999999997,451.90999999999997,0.0,other_tissue,0,359.56186418608445
-164.12,178.55,0.0,other_tissue,0,114.59109404112901
-184.85000000000002,212.63,0.0,other_tissue,0,101.15969946628607
-429.19,324.90999999999997,0.0,other_tissue,0,112.17246995660828
239.89,417.89,0.0,other_tissue,0,90.21951260133916
90.87,394.56,0.0,other_tissue,0,100.4108627492411
-192.08999999999997,-53.82000000000005,0.0,other_tissue,0,205.88141742035336
310.72,384.61,0.0,other_tissue,0,108.15525452903536
-208.33999999999997,408.78,0.0,other_tissue,0,286.682956412058
-444.55,290.93,0.0,CAF,1,191.78265519462047
111.02999999999997,-124.34000000000003,0.0,other_tissue,0,196.94252637530278
315.48,-6.1299999999999955,0.0,other_tissue,0,374.23321866930917
59.98000000000002,-283.6,0.0,other_tissue,0,77.31377049822326
433.75,-51.83000000000004,0.0,other_tissue,0,77.31377049822326
-408.15,41.97000000000003,0.0,CAF,1,161.4179512526258
-273.84000000000003,109.51999999999998,0.0,other_tissue,0,85.77123135027409
-220.5,366.59000000000003,0.0,other_tissue,0,125.64763028269607
-344.32,-4.25,0.0,CD4_Tcell,1,147.83919262555523
89.99000000000001,109.23000000000002,0.0,other_tissue,0,77.31377049822326
-353.47,-220.38,0.0,other_tissue,0,77.31377049822326
235.51999999999998,22.430000000000007,0.0,other_tissue,0,182.877673793726
461.40999999999997,-305.87,0.0,other_tissue,0,136.25702081049374
409.78,-246.58000000000004,0.0,other_tissue,0,257.34179408920966
-495.375,285.94,0.0,other_tissue,0,93.32358992614981
-292.28,327.4,0.0,other_tissue,0,242.49320475446007
407.48,218.82999999999998,0.0,other_tissue,0,428.26454015932023
99.12,-1.740000000000009,0.0,other_tissue,0,100.19684507478377
405.69000000000005,257.84000000000003,0.0,other_tissue,0,77.31377049822326
460.03,-219.82000000000005,0.0,other_tissue,0,77.31377049822326
-42.19999999999999,268.69,0.0,other_tissue,0,217.0806742888446
301.87,-9.350000000000023,0.0,CAF,1,317.5092429620384
407.83000000000004,252.48,0.0,other_tissue,0,123.61451082861322
139.24,380.65999999999997,0.0,other_tissue,0,382.2763489976201
403.40999999999997,-453.67999999999995,0.0,other_tissue,0,152.11868392752496
249.17999999999995,-209.46000000000004,0.0,other_tissue,0,268.2132845990351
233.47000000000003,438.5,0.0,other_tissue,0,118.97560859474757
-363.06,-473.86,0.0,other_tissue,0,129.5513082767176
-82.5,276.24,0.0,other_tissue,0,77.31377049822326
-150.45,61.910000000000025,0.0,other_tissue,0,289.01258667802995
-419.61,-219.92999999999995,0.0,other_tissue,0,77.31377049822326
233.26999999999998,-318.23,0.0,other_tissue,0,390.3434949506903
8.20999999999998,355.31,0.0,other_tissue,0,110.48814855928103
-335.07,-282.86,0.0,other_tissue,0,95.86864040648814
-339.82,406.90999999999997,0.0,CAF,1,352.1068991093412
-148.41000000000003,-379.52,0.0,other_tissue,0,77.31377049822326
114.25,499.4995,0.0,other_tissue,0,371.1652011721494
-272.44,-236.79999999999995,0.0,other_tissue,0,210.78436632032574
-381.44,-20.5,0.0,other_tissue,0,516.2817993278001
460.22,-492.64,0.0,other_tissue,0,222.10594089194524
60.26999999999998,2.4399999999999977,0.0,CAF,1,623.8616444996749
-110.68,205.49,0.0,other_tissue,0,187.92486069600267
471.88,-223.54999999999995,0.0,other_tissue,0,77.31377049822326
-9.930000000000007,195.75,0.0,other_tissue,0,132.7658103115367
291.04999999999995,405.11,0.0,other_tissue,0,202.6692962743124
-44.45999999999998,-133.61,0.0,other_tissue,0,146.44417461599173
482.48,-430.1,0.0,other_tissue,0,133.48448408234103
38.299999999999955,155.98000000000002,0.0,CD4_Tcell,1,130.2952319451234
395.53999999999996,-479.61,0.0,other_tissue,0,84.74545364262865
13.110000000000014,-180.30999999999995,0.0,other_tissue,0,109.08001412432496
176.52999999999997,51.80000000000001,0.0,other_tissue,0,123.20095776122439
-148.95,-91.97000000000003,0.0,other_tissue,0,108.85384444932701
-409.69,-119.69000000000005,0.0,other_tissue,0,77.31377049822326
445.15999999999997,230.25,0.0,other_tissue,0,90.80932943572034
358.15,320.09000000000003,0.0,other_tissue,0,77.31377049822326
93.87,-466.05999999999995,0.0,other_tissue,0,99.42163450990878
101.78999999999996,-325.9,0.0,other_tissue,0,222.98503399208516
48.15999999999997,23.470000000000027,0.0,CAF,1,291.89710610376716
197.83000000000004,34.079999999999984,0.0,other_tissue,0,165.44376018803513
448.13,123.76999999999998,0.0,other_tissue,0,108.09488778596871
495.11,-442.37,0.0,other_tissue,0,131.09270644106502
-168.14,448.3,0.0,other_tissue,0,196.87705436840037
256.01,7.800000000000011,0.0,other_tissue,0,152.4910673216133
-335.12,-105.70000000000005,0.0,other_tissue,0,98.20198334453097
444.52,155.23000000000002,0.0,CAF,1,273.0490005943808
448.64,422.78,0.0,epithelial_tumor_class1,1,550.8075868916656
305.75,-377.09000000000003,0.0,other_tissue,0,300.5463365211647
44.09000000000003,-93.80999999999995,0.0,other_tissue,0,109.59419392374222
-11.769999999999982,184.49,0.0,CAF,1,517.8083068690225
91.24000000000001,-441.91999999999996,0.0,other_tissue,0,198.6087396691042
410.01,-137.91999999999996,0.0,other_tissue,0,208.38701195198158
54.67999999999995,-257.80999999999995,0.0,other_tissue,0,191.15611623893804
204.97000000000003,-25.889999999999986,0.0,other_tissue,0,252.01798666907547
233.51,337.98,0.0,other_tissue,0,291.02549704612545
-304.12,-464.24,0.0,other_tissue,0,331.79660456784666
80.26999999999998,-50.33000000000004,0.0,other_tissue,0,100.58334207119277
127.77999999999997,-154.14,0.0,other_tissue,0,82.21000389996023
24.269999999999982,382.57,0.0,other_tissue,0,356.5989931464305
-287.63,70.08999999999997,0.0,CAF,1,159.57555932060333
-12.269999999999982,484.98,0.0,other_tissue,0,508.60180342089586
393.01,464.07,0.0,other_tissue,0,138.64623575524328
-348.69,-20.149999999999977,0.0,other_tissue,0,101.22795955151832
-343.99,-43.35000000000002,0.0,other_tissue,0,388.71849879121413
410.5,27.45999999999998,0.0,CAF,1,246.8632564844708
360.58000000000004,499.6393,0.0,other_tissue,0,709.1643567544814
-108.02999999999997,-193.12,0.0,other_tissue,0,109.57758231076689
89.75,132.27999999999997,0.0,other_tissue,0,111.65025085140113
237.53999999999996,-395.55999999999995,0.0,other_tissue,0,77.31377049822326
456.47,-314.38,0.0,other_tissue,0,170.21086467385638
-415.83,412.92,0.0,other_tissue,0,123.74656263939293
-351.83000000000004,106.36000000000001,0.0,other_tissue,0,182.8309352148199
-353.7,120.68,0.0,CAF,1,463.8549636472673
120.90999999999997,-436.49,0.0,other_tissue,0,80.04407212302328
340.91999999999996,369.46000000000004,0.0,other_tissue,0,108.31451093743536
430.32000000000005,-305.57000000000005,0.0,other_tissue,0,105.58512182699826
77.63999999999999,400.44,0.0,CAF,1,110.83370365748279
-334.55,-97.99000000000001,0.0,other_tissue,0,181.277535627828
-110.18,-35.89999999999998,0.0,other_tissue,0,164.752451350933
-396.05,-215.95000000000005,0.0,other_tissue,0,108.79321801628343
322.84000000000003,14.0,0.0,other_tissue,0,93.8369399605148
487.92999999999995,-483.9,0.0,CAF,1,110.83370365748279
-465.8,96.87,0.0,CAF,1,317.01434164986745
-149.68,94.81,0.0,other_tissue,0,111.93081188542683
-499.8361,-193.39,0.0,other_tissue,0,121.7815784415076
34.190000000000055,402.3,0.0,other_tissue,0,223.93776994392027
45.00999999999999,-427.71000000000004,0.0,other_tissue,0,86.9902615520692
153.63,-222.86,0.0,other_tissue,0,179.04845408762262
84.14999999999998,144.92000000000002,0.0,other_tissue,0,162.89914853412367
270.9,-251.83000000000004,0.0,other_tissue,0,160.22378600839158
169.39999999999998,340.1,0.0,other_tissue,0,344.8627055920388
-337.81,-218.13,0.0,other_tissue,0,77.31377049822326
-265.78,-343.78999999999996,0.0,other_tissue,0,118.02474161380998
-209.37,143.81,0.0,other_tissue,0,135.5220410486208
-400.99,323.65999999999997,0.0,CAF,1,491.2999248674616
-372.87,479.24,0.0,other_tissue,0,125.96331752976025
381.53,-433.78,0.0,other_tissue,0,77.31377049822326
420.07000000000005,200.11,0.0,other_tissue,0,115.46610794654279
-378.58,-364.88,0.0,other_tissue,0,465.02957315210864
330.65,3.990000000000009,0.0,other_tissue,0,153.41082443239975
-44.52999999999997,-413.76,0.0,other_tissue,0,153.25150494534006
383.71000000000004,24.600000000000023,0.0,other_tissue,0,77.31377049822326
296.96000000000004,172.88,0.0,other_tissue,0,146.61891026966296
62.17999999999995,398.7,0.0,apCAF,1,364.3883262672762
479.40999999999997,139.57999999999998,0.0,other_tissue,0,77.31377049822326
-322.9,-255.22000000000003,0.0,other_tissue,0,122.93772498493242
493.13,195.86,0.0,other_tissue,0,383.7811881728855
-430.32,-36.809999999999945,0.0,other_tissue,0,133.0554902281995
387.72,-97.30999999999995,0.0,other_tissue,0,286.4307211075044
418.14,-264.4,0.0,other_tissue,0,96.82399975018676
374.28,-242.63,0.0,other_tissue,0,341.3431210670466
485.11,-307.16999999999996,0.0,other_tissue,0,215.90374919893023
-83.63,273.77,0.0,other_tissue,0,77.31377049822326
295.63,-445.99,0.0,other_tissue,0,77.31377049822326
39.950000000000045,-377.77,0.0,other_tissue,0,218.57757589539534
3.680000000000007,-193.22000000000003,0.0,other_tissue,0,91.84891500011048
-279.0,193.89999999999998,0.0,other_tissue,0,81.45799054754025
427.83000000000004,-495.37,0.0,other_tissue,0,217.22918216963518
86.02999999999997,417.22,0.0,other_tissue,0,77.31377049822326
-368.66999999999996,170.89,0.0,other_tissue,0,116.95169055742963
-436.25,458.81,0.0,CAF,1,255.41939894715142
213.96000000000004,478.47,0.0,other_tissue,0,80.99088485043565
145.07000000000005,-368.01,0.0,other_tissue,0,114.27193601925507
-485.85,368.12,0.0,CAF,1,332.515623884935
472.66999999999996,-101.03999999999996,0.0,other_tissue,0,161.32478003082457
324.33000000000004,107.94,0.0,other_tissue,0,77.31377049822326
-305.03999999999996,362.63,0.0,other_tissue,0,162.5460071149996
-370.83000000000004,156.93,0.0,CAF,1,495.10359827039514
-134.32,-44.15999999999997,0.0,other_tissue,0,88.49420404376137
61.15999999999997,-393.44000000000005,0.0,other_tissue,0,213.3726711168518
-88.82,273.34000000000003,0.0,other_tissue,0,92.747693673058
-209.64999999999998,193.49,0.0,other_tissue,0,77.31377049822326
-241.62,161.05,0.0,other_tissue,0,77.31377049822326
32.059999999999945,496.025,0.0,other_tissue,0,123.13511437579548
443.79999999999995,117.72000000000003,0.0,other_tissue,0,88.03403830242017
-466.32,372.99,0.0,other_tissue,0,132.60855206775645
219.48000000000002,-219.36,0.0,other_tissue,0,86.08669915860725
150.83000000000004,-399.86,0.0,other_tissue,0,470.49342567343234
-52.85000000000002,284.24,0.0,other_tissue,0,77.31377049822326
-385.36,53.89999999999998,0.0,other_tissue,0,213.2777109274583
-500.0379,-459.17999999999995,0.0,other_tissue,0,122.74651865543065
326.26,308.75,0.0,other_tissue,0,218.32323238103749
83.57000000000005,-411.53999999999996,0.0,other_tissue,0,122.93772498493242
-123.39999999999998,-8.019999999999982,0.0,other_tissue,0,100.83981193594285
128.48000000000002,-203.59000000000003,0.0,other_tissue,0,183.92357857749732
375.26,330.06,0.0,other_tissue,0,170.90990208726302
-336.0,389.8,0.0,other_tissue,0,92.99067029210183
482.64,-235.08000000000004,0.0,other_tissue,0,90.02023815604213
103.53999999999996,-85.34000000000003,0.0,apCAF,1,407.3346435127818
399.85,437.75,0.0,other_tissue,0,179.59438003021648
-11.389999999999986,479.48,0.0,other_tissue,0,216.82749355610014
358.05999999999995,462.15,0.0,other_tissue,0,995.8203436368386
275.74,16.600000000000023,0.0,CAF,1,378.1520133868305
-49.20999999999998,61.360000000000014,0.0,other_tissue,0,294.5544837216339
-476.08,285.98,0.0,other_tissue,0,77.31377049822326
27.899999999999977,147.61,0.0,other_tissue,0,148.4891533425672
334.80999999999995,501.555,0.0,other_tissue,0,238.07284929284427
-394.46,-455.01,0.0,other_tissue,0,141.93647551914202
-178.48000000000002,8.379999999999995,0.0,other_tissue,0,279.3970565541366
-408.56,-63.48000000000002,0.0,other_tissue,0,165.87407128687343
-306.4,366.03,0.0,other_tissue,0,137.81234372138655
378.08000000000004,-317.76,0.0,other_tissue,0,164.89055875623606
-417.78,35.75999999999999,0.0,other_tissue,0,88.85963705932754
354.19000000000005,-277.90999999999997,0.0,other_tissue,0,208.9910236816042
-210.94,501.355,0.0,other_tissue,0,528.4991608237556
3.1899999999999977,496.016,0.0,other_tissue,0,151.77442548358502
176.89,124.88,0.0,CAF,1,321.3508592586828
98.02999999999997,144.16000000000003,0.0,other_tissue,0,126.86470523559166
-499.6454,-216.04999999999995,0.0,other_tissue,0,273.384975239899
488.22,-448.48,0.0,other_tissue,0,77.31377049822326
-308.27,-230.01,0.0,other_tissue,0,125.47786352195065
-4.1299999999999955,251.39,0.0,CAF,1,110.83370365748279
-23.870000000000005,466.18,0.0,CAF,1,246.1787843461276
-435.02,-168.16999999999996,0.0,other_tissue,0,77.31377049822326
132.14999999999998,-439.67999999999995,0.0,other_tissue,0,183.07250361207593
53.76999999999998,-236.54999999999995,0.0,other_tissue,0,255.25395717338125
138.44000000000005,-99.75999999999999,0.0,other_tissue,0,83.12772269039912
-4.5,119.60000000000002,0.0,other_tissue,0,77.31377049822326
212.21000000000004,41.05000000000001,0.0,other_tissue,0,143.23655825199154
-448.28,260.32,0.0,CAF,1,110.83370365748279
225.95000000000005,446.99,0.0,CAF,1,135.9051781006682
-184.25,450.15999999999997,0.0,other_tissue,0,106.16956995102102
-101.51999999999998,281.78,0.0,other_tissue,0,173.31146406225963
-180.45999999999998,20.529999999999973,0.0,CAF,1,110.83370365748279
169.84000000000003,403.64,0.0,other_tissue,0,77.31377049822326
-119.88,499.7699,0.0,other_tissue,0,449.2182712157885
17.57000000000005,372.71,0.0,other_tissue,0,77.31377049822326
234.40999999999997,435.2,0.0,other_tissue,0,77.31377049822326
483.57000000000005,-191.35000000000002,0.0,other_tissue,0,205.63702280383197
-155.58999999999997,339.45,0.0,other_tissue,0,79.13140495309356
421.0,-245.30999999999995,0.0,other_tissue,0,237.81287688406113
85.63,232.45999999999998,0.0,other_tissue,0,77.31377049822326
-56.27999999999997,301.64,0.0,CAF,1,155.0659224877787
403.87,456.31,0.0,other_tissue,0,157.7684189885863
491.52,-100.25999999999999,0.0,other_tissue,0,108.90346464407138
-127.19999999999999,391.93,0.0,other_tissue,0,94.91455481645988
-346.12,-465.38,0.0,other_tissue,0,253.29358432502627
417.51,-357.87,0.0,other_tissue,0,150.60098784518306
-409.51,-239.14999999999998,0.0,other_tissue,0,263.0079607253425
357.99,-69.05999999999995,0.0,CAF,1,220.12541636012048
-104.75999999999999,489.77,0.0,epithelial_tumor_class1,1,522.4388266259941
181.48000000000002,-318.85,0.0,other_tissue,0,169.1584906532322
19.230000000000018,258.57,0.0,other_tissue,0,160.78080412511648
-374.35,211.95999999999998,0.0,other_tissue,0,87.38487163723102
199.55999999999995,-194.73000000000002,0.0,other_tissue,0,181.85902507764243
-200.52999999999997,-277.72,0.0,other_tissue,0,147.66348859054756
157.44000000000005,491.909,0.0,other_tissue,0,111.62222056160141
488.95000000000005,-219.99,0.0,other_tissue,0,107.05027981965867
-320.33000000000004,-147.54999999999995,0.0,apCAF,1,714.8326577904326
376.51,-133.96000000000004,0.0,other_tissue,0,155.80688236981786
-369.69,136.57999999999998,0.0,other_tissue,0,106.94673552088643
105.70000000000005,-280.12,0.0,other_tissue,0,152.31169584431217
485.67999999999995,-120.38,0.0,other_tissue,0,120.50877564182674
117.10000000000002,296.48,0.0,other_tissue,0,194.15652922364364
490.92999999999995,-239.20000000000005,0.0,other_tissue,0,113.78863301068833
-61.93000000000001,217.57999999999998,0.0,other_tissue,0,148.26551493097728
465.26,46.129999999999995,0.0,other_tissue,0,135.47101058043117
-104.44,-185.16999999999996,0.0,other_tissue,0,158.51087402991678
-364.27,77.13999999999999,0.0,other_tissue,0,228.38964834144025
-185.23000000000002,78.07,0.0,CAF,1,180.0103334516806
-90.49000000000001,484.67,0.0,other_tissue,0,126.29170580108035
140.40999999999997,-14.009999999999991,0.0,other_tissue,0,77.31377049822326
-470.11,277.14,0.0,CAF,1,216.1300846746017
221.86,-93.64999999999998,0.0,other_tissue,0,131.50496699744386
333.33000000000004,-430.74,0.0,other_tissue,0,225.04526538874956
220.29999999999995,36.910000000000025,0.0,other_tissue,0,77.31377049822326
-40.50999999999999,123.64999999999998,0.0,other_tissue,0,141.11564327441252
377.80999999999995,426.94,0.0,other_tissue,0,375.9435556975105
27.75,185.95999999999998,0.0,other_tissue,0,77.31377049822326
-435.14,150.42000000000002,0.0,apCAF,1,124.72787731840299
-287.63,-212.84000000000003,0.0,other_tissue,0,171.50633294767212
69.20000000000005,334.19,0.0,other_tissue,0,132.13752251041203
-53.06,-397.36,0.0,CAF,1,268.7969766153689
388.94000000000005,-17.350000000000023,0.0,other_tissue,0,306.7618555426079
409.86,-427.98,0.0,other_tissue,0,167.8822457765014
475.87,-111.98000000000002,0.0,other_tissue,0,258.18402785868653
255.96000000000004,-48.07000000000005,0.0,apCAF,1,639.957452838334
-201.95999999999998,-110.27999999999997,0.0,other_tissue,0,103.19960331556341
478.77,246.04,0.0,other_tissue,0,77.31377049822326
-102.10000000000002,-47.379999999999995,0.0,other_tissue,0,118.33336123069525
74.19000000000005,399.87,0.0,other_tissue,0,122.21576876484355
283.05999999999995,-72.86000000000001,0.0,other_tissue,0,259.6475932646565
219.65999999999997,156.39999999999998,0.0,other_tissue,0,137.62534111252177
-400.3,149.60000000000002,0.0,CAF,1,1187.5878007830534
-226.91000000000003,-26.059999999999945,0.0,other_tissue,0,254.68033114180264
381.67999999999995,-72.41999999999996,0.0,other_tissue,0,184.7615990192024
431.75,-309.05999999999995,0.0,other_tissue,0,77.31377049822326
147.59000000000003,-387.79999999999995,0.0,other_tissue,0,77.31377049822326
-193.89999999999998,-295.67999999999995,0.0,other_tissue,0,201.8611195616148
-477.73,183.81,0.0,CAF,1,218.3670706268367
174.02999999999997,-268.85,0.0,other_tissue,0,229.39394852371268
138.07000000000005,-293.09000000000003,0.0,other_tissue,0,120.84534815586309
-136.64,-377.63,0.0,other_tissue,0,196.12516893775702
145.39,-201.20000000000005,0.0,other_tissue,0,144.29828641883688
-436.65,276.78,0.0,other_tissue,0,220.08134309020411
-118.94999999999999,223.64,0.0,apCAF,1,342.13499960187045
459.46000000000004,147.91000000000003,0.0,other_tissue,0,77.31377049822326
-202.85000000000002,-311.63,0.0,other_tissue,0,132.2379150649311
351.78,52.639999999999986,0.0,other_tissue,0,140.67698281502754
371.48,-305.0,0.0,other_tissue,0,335.71734557897116
451.30999999999995,-166.5,0.0,CAF,1,632.6413054670187
462.86,-459.30999999999995,0.0,CAF,1,621.1644589571412
-180.47000000000003,218.17000000000002,0.0,other_tissue,0,145.80689783268846
408.46000000000004,456.24,0.0,other_tissue,0,171.498869011171
-487.51,438.02,0.0,other_tissue,0,167.80131503345513
237.54999999999995,446.53,0.0,other_tissue,0,223.24298466204152
-73.94999999999999,-434.15,0.0,other_tissue,0,1036.4847579121392
-338.85,-158.09000000000003,0.0,other_tissue,0,124.20346516474112
493.13,-234.25,0.0,other_tissue,0,182.17743103063668
433.87,-41.98000000000002,0.0,other_tissue,0,77.31377049822326
-392.53,-107.04999999999995,0.0,other_tissue,0,117.26423037697691
114.23000000000002,-441.24,0.0,other_tissue,0,77.31377049822326
154.11,-138.60000000000002,0.0,other_tissue,0,178.04408814437247
-183.51999999999998,-82.16999999999996,0.0,other_tissue,0,183.6187631559949
283.02,-447.14,0.0,other_tissue,0,140.73585442429538
129.63,300.65999999999997,0.0,other_tissue,0,118.89373928179042
-274.39,148.32,0.0,other_tissue,0,101.65923099883491
-403.77,212.62,0.0,other_tissue,0,77.31377049822326
-254.27,-493.05999999999995,0.0,other_tissue,0,135.94992440397007
-196.91000000000003,473.96,0.0,other_tissue,0,164.0630709628883
-413.38,177.24,0.0,other_tissue,0,104.84145352301628
405.83000000000004,69.37,0.0,other_tissue,0,125.49604549889423
-10.70999999999998,198.82,0.0,other_tissue,0,166.8761446858431
-253.52,454.4,0.0,other_tissue,0,319.58441108525926
-312.32,-60.309999999999945,0.0,other_tissue,0,110.85043495306348
92.37,107.92000000000002,0.0,other_tissue,0,77.31377049822326
9.060000000000002,-71.02999999999997,0.0,other_tissue,0,234.58837103563292
261.04999999999995,-92.36000000000001,0.0,other_tissue,0,77.31377049822326
168.05999999999995,283.05,0.0,CAF,1,135.5156615393931
-162.25,28.120000000000005,0.0,other_tissue,0,84.18686813254074
266.30999999999995,434.98,0.0,other_tissue,0,231.74875575064053
-17.980000000000018,-95.11000000000001,0.0,other_tissue,0,98.6091391557028
374.35,264.35,0.0,other_tissue,0,77.31377049822326
197.44000000000005,-31.720000000000027,0.0,other_tissue,0,156.1361750798983
-228.26999999999998,238.39999999999998,0.0,other_tissue,0,155.08686067961554
377.66999999999996,-312.01,0.0,other_tissue,0,127.77651696721426
403.33000000000004,260.26,0.0,other_tissue,0,77.31377049822326
343.54999999999995,-71.27999999999997,0.0,CAF,1,645.0345514814308
497.5,52.44,0.0,other_tissue,0,101.62236741563663
419.4,423.42,0.0,other_tissue,0,465.75562962361556
-348.06,-61.65999999999997,0.0,CAF,1,127.00517064528684
55.460000000000036,302.48,0.0,other_tissue,0,121.0700776290282
-478.5,287.88,0.0,other_tissue,0,77.31377049822326
99.85000000000002,-347.13,0.0,other_tissue,0,214.57505213244232
244.16999999999996,-128.41999999999996,0.0,other_tissue,0,196.2639598469666
84.15999999999997,-459.34000000000003,0.0,other_tissue,0,78.58892362693824
-225.93,-54.870000000000005,0.0,other_tissue,0,108.02357423631649
-499.7686,-343.37,0.0,CAF,1,310.70498918429695
398.6,244.47,0.0,CAF,1,158.93617799990355
81.13999999999999,1.9700000000000273,0.0,CAF,1,110.83370365748279
174.02999999999997,-79.57000000000005,0.0,other_tissue,0,113.1312681229245
451.73,-442.78999999999996,0.0,other_tissue,0,115.3400157123371
114.63,-203.27999999999997,0.0,other_tissue,0,202.60256105669157
296.42999999999995,11.120000000000005,0.0,other_tissue,0,441.42079142779
75.92999999999995,180.14999999999998,0.0,other_tissue,0,79.97672645495588
23.66999999999996,28.560000000000002,0.0,CD4_Tcell,1,130.2952319451234
90.53999999999996,-259.66999999999996,0.0,other_tissue,0,178.20483992326936
344.48,-47.700000000000045,0.0,CAF,1,502.8614774152298
-58.29000000000002,-481.28,0.0,CAF,1,129.95412881200815
-356.39,-112.15999999999997,0.0,other_tissue,0,95.4993770065311
478.03,-116.00999999999999,0.0,other_tissue,0,194.76522930333772
361.9,-91.98000000000002,0.0,other_tissue,0,77.31377049822326
395.92999999999995,-73.59000000000003,0.0,other_tissue,0,420.99733156995507
-342.90999999999997,-121.79999999999995,0.0,apCAF,1,407.3346435127818
455.91999999999996,-44.33000000000004,0.0,other_tissue,0,120.2965258534083
242.35000000000002,272.49,0.0,other_tissue,0,167.91168158808426
231.55999999999995,21.649999999999977,0.0,other_tissue,0,186.2480529379893
196.10000000000002,-198.22000000000003,0.0,other_tissue,0,113.73753968036964
-214.82999999999998,107.87,0.0,other_tissue,0,83.5151922169497
-164.19,-296.35,0.0,other_tissue,0,100.19684507478377
-320.08000000000004,-156.24,0.0,other_tissue,0,77.31377049822326
-49.829999999999984,-481.91999999999996,0.0,other_tissue,0,77.31377049822326
-392.31,-173.30999999999995,0.0,apCAF,1,124.3219022584304
451.89,-309.40999999999997,0.0,other_tissue,0,316.1046186020911
-186.95,-63.370000000000005,0.0,other_tissue,0,236.6823486740716
-153.18,168.06,0.0,epithelial_tumor_class1,1,522.4388266259941
-180.31,-26.470000000000027,0.0,CAF,1,158.270205581151
-304.16999999999996,382.69,0.0,other_tissue,0,77.31377049822326
376.32000000000005,-97.83000000000004,0.0,other_tissue,0,135.8923952462206
20.980000000000018,310.9,0.0,other_tissue,0,516.2351168925646
121.79999999999995,-60.559999999999945,0.0,other_tissue,0,160.97391844854343
181.49,-345.86,0.0,other_tissue,0,340.0574535433497
-465.78,451.71,0.0,epithelial_tumor_class1_class2,1,1425.883762207829
383.49,-432.05999999999995,0.0,other_tissue,0,77.31377049822326
-38.639999999999986,227.45999999999998,0.0,other_tissue,0,114.85370368346793
-481.34,-404.12,0.0,other_tissue,0,124.5890963733546
319.03999999999996,414.46,0.0,other_tissue,0,104.13339391956477
45.72000000000003,-234.38,0.0,other_tissue,0,188.32179546842877
-190.43,-292.87,0.0,other_tissue,0,183.67344879816852
-25.980000000000018,268.81,0.0,other_tissue,0,77.31377049822326
334.44000000000005,479.84,0.0,other_tissue,0,188.60793433217552
-239.07999999999998,43.26999999999998,0.0,other_tissue,0,132.94208708912407
-52.48000000000002,72.19,0.0,other_tissue,0,145.60603732085664
-23.329999999999984,1.740000000000009,0.0,other_tissue,0,117.97238786508954
-399.55,-299.09000000000003,0.0,other_tissue,0,111.13524424062722
20.269999999999982,60.06999999999999,0.0,other_tissue,0,77.31377049822326
-45.360000000000014,64.76999999999998,0.0,other_tissue,0,77.66536266419425
441.36,255.73,0.0,other_tissue,0,189.00583004302442
88.79999999999995,-0.4900000000000091,0.0,other_tissue,0,87.98619631754109
-222.91000000000003,-56.49000000000001,0.0,other_tissue,0,92.69815866831557
321.88,-428.34000000000003,0.0,CAF,1,133.45922366152575
-356.47,-220.08000000000004,0.0,other_tissue,0,77.31377049822326
223.14,-220.03999999999996,0.0,other_tissue,0,77.31377049822326
-172.0,392.18,0.0,other_tissue,0,179.8407935060959
488.41999999999996,260.06,0.0,epithelial_tumor_class1,1,1020.0299308460294
-366.37,-113.95000000000005,0.0,other_tissue,0,77.31377049822326
-450.05,442.13,0.0,other_tissue,0,106.36486419051599
274.86,-60.57000000000005,0.0,other_tissue,0,297.72359594230073
328.08000000000004,-351.86,0.0,other_tissue,0,184.9342171801977
-377.4,-62.0,0.0,other_tissue,0,134.31352548467268
310.86,-111.41999999999996,0.0,other_tissue,0,248.83817865277103
391.40999999999997,-75.19000000000005,0.0,other_tissue,0,297.1094961045986
-28.20999999999998,62.27999999999997,0.0,other_tissue,0,161.45379588777874
486.76,-50.14999999999998,0.0,other_tissue,0,86.30845848743333
158.10000000000002,-348.27,0.0,other_tissue,0,92.45569207740168
-499.9525,377.35,0.0,other_tissue,0,385.9561122409009
-146.38,-356.16999999999996,0.0,other_tissue,0,146.11524258631007
411.01,-76.14999999999998,0.0,other_tissue,0,125.79326646674228
494.85,-426.25,0.0,CD4_Tcell,1,449.0197425987732
-120.38999999999999,-187.29999999999995,0.0,other_tissue,0,142.56903118729912
-407.84000000000003,-245.84000000000003,0.0,other_tissue,0,77.31377049822326
462.47,146.20999999999998,0.0,other_tissue,0,77.31377049822326
292.92999999999995,-262.20000000000005,0.0,other_tissue,0,260.0315853202471
-448.62,296.76,0.0,other_tissue,0,176.03904313507508
95.42999999999995,-455.45000000000005,0.0,other_tissue,0,77.31377049822326
-433.15999999999997,-251.80999999999995,0.0,other_tissue,0,157.23247178104603
-372.1,-181.48000000000002,0.0,other_tissue,0,77.31377049822326
368.49,268.52,0.0,other_tissue,0,77.31377049822326
-306.0,-78.15999999999997,0.0,apCAF,1,508.9408233364767
194.95000000000005,-195.47000000000003,0.0,other_tissue,0,253.35166808195459
321.44000000000005,-360.01,0.0,other_tissue,0,130.45105311891456
337.39,-405.07000000000005,0.0,other_tissue,0,182.3406608383923
471.67999999999995,-7.550000000000011,0.0,other_tissue,0,115.39158779775777
-49.43000000000001,464.08,0.0,CD4_Tcell,1,161.56136163123708
157.89999999999998,-132.15999999999997,0.0,other_tissue,0,119.47347919750874
86.65999999999997,139.79000000000002,0.0,other_tissue,0,114.48274176470223
-180.5,231.14999999999998,0.0,apCAF,1,389.38858445770677
131.35000000000002,405.15,0.0,other_tissue,0,340.3166855765233
-104.69,224.43,0.0,CAF,1,194.48101119083904
335.25,475.55,0.0,other_tissue,0,215.599316433308
-441.88,-495.80999999999995,0.0,other_tissue,0,421.364160476058
-69.95999999999998,323.68,0.0,other_tissue,0,119.2507304344327
-140.44,10.600000000000023,0.0,CAF,1,226.39883213228885
383.86,-53.809999999999945,0.0,other_tissue,0,77.31377049822326
294.79999999999995,-197.83000000000004,0.0,other_tissue,0,157.52145016241087
-146.01,-420.01,0.0,other_tissue,0,216.0168971745208
238.90999999999997,-355.87,0.0,other_tissue,0,366.1551792809148
-351.61,482.33,0.0,other_tissue,0,110.8392758877768
49.91999999999996,492.443,0.0,other_tissue,0,108.70507430439606
-209.62,104.10000000000002,0.0,other_tissue,0,178.6800048929901
-124.66000000000003,416.12,0.0,other_tissue,0,244.91774157479063
-308.88,40.579999999999984,0.0,other_tissue,0,262.4227714510631
-309.41999999999996,87.94999999999999,0.0,other_tissue,0,77.31377049822326
-495.346,-403.92999999999995,0.0,other_tissue,0,443.23159749710163
-106.63,254.26,0.0,other_tissue,0,509.5884614561078
-177.89,34.06999999999999,0.0,other_tissue,0,101.45922152387448
-183.83999999999997,-56.129999999999995,0.0,other_tissue,0,150.52571130428103
392.05999999999995,-315.64,0.0,other_tissue,0,153.31383421028798
368.46000000000004,50.06999999999999,0.0,other_tissue,0,325.77253443821536
489.52,51.25999999999999,0.0,other_tissue,0,97.98083867782869
238.14,421.21,0.0,other_tissue,0,78.67768454426967
-466.73,85.19,0.0,other_tissue,0,77.31377049822326
-294.11,370.3,0.0,other_tissue,0,367.62984413800575
-375.61,-170.58000000000004,0.0,other_tissue,0,214.82647676628363
373.84000000000003,-423.98,0.0,CAF,1,110.83370365748279
123.78999999999996,-249.23000000000002,0.0,other_tissue,0,123.92077457780827
-469.3,-166.32000000000005,0.0,other_tissue,0,225.950031913904
-407.96,388.57,0.0,other_tissue,0,148.69265603699057
234.54999999999995,40.329999999999984,0.0,other_tissue,0,108.48492334243005
454.41999999999996,-323.34000000000003,0.0,other_tissue,0,163.62143161939963
-481.83,-237.70000000000005,0.0,other_tissue,0,112.65118899612997
-426.25,-215.83000000000004,0.0,other_tissue,0,99.33344264529097
466.42999999999995,492.37,0.0,other_tissue,0,77.31377049822326
63.98000000000002,341.83000000000004,0.0,CAF,1,110.83370365748279
86.62,224.99,0.0,other_tissue,0,504.80586277193476
-453.48,-233.96000000000004,0.0,other_tissue,0,147.04288451846645
22.32000000000005,252.15,0.0,other_tissue,0,94.50258968367113
-107.79000000000002,-112.11000000000001,0.0,CD4_Tcell,1,149.88346184936577
-174.67000000000002,-94.12,0.0,other_tissue,0,175.67473555763132
-499.8597,-360.38,0.0,CAF,1,187.75038624161328
-414.08,-211.46000000000004,0.0,other_tissue,0,206.1428808852459
-97.35000000000002,-225.08000000000004,0.0,other_tissue,0,108.96413202397387
-317.26,-146.17999999999995,0.0,CAF,1,110.83370365748279
-380.05,273.81,0.0,other_tissue,0,77.31377049822326
-227.10000000000002,-142.09000000000003,0.0,other_tissue,0,77.31377049822326
-127.33999999999997,-14.259999999999991,0.0,other_tissue,0,151.92583513826298
-362.15999999999997,187.55,0.0,other_tissue,0,331.69231702788534
-465.44,-146.20000000000005,0.0,other_tissue,0,223.83078620585837
-116.38,-170.37,0.0,other_tissue,0,104.47093244186331
-3.6999999999999886,137.51,0.0,other_tissue,0,77.31377049822326
210.02999999999997,-282.45000000000005,0.0,CAF,1,110.83370365748279
482.30999999999995,-115.73000000000002,0.0,other_tissue,0,112.2118425325764
-462.06,-148.67999999999995,0.0,other_tissue,0,77.31377049822326
-80.55000000000001,-120.04999999999995,0.0,other_tissue,0,79.66294610245372
364.20000000000005,103.32,0.0,other_tissue,0,104.02639107415621
-404.36,-126.96000000000004,0.0,other_tissue,0,152.6705795694715
415.51,478.56,0.0,other_tissue,0,77.31377049822326
-177.25,298.90999999999997,0.0,CD4_Tcell,1,130.2952319451234
-440.84000000000003,-235.20000000000005,0.0,other_tissue,0,85.109855947903
450.0,120.95999999999998,0.0,other_tissue,0,77.31377049822326
-320.23,86.42000000000002,0.0,other_tissue,0,77.31377049822326
241.83000000000004,276.96000000000004,0.0,other_tissue,0,107.93584677992659
-65.55000000000001,-143.92999999999995,0.0,other_tissue,0,95.06053587969959
-482.66,325.35,0.0,CD4_Tcell,1,130.2952319451234
467.94000000000005,-433.94000000000005,0.0,other_tissue,0,284.67967912203176
114.25,-62.889999999999986,0.0,other_tissue,0,263.79288064562076
28.610000000000014,388.81,0.0,other_tissue,0,191.40496165579208
-33.670000000000016,272.34000000000003,0.0,other_tissue,0,136.38511401545875
-124.88999999999999,91.99000000000001,0.0,apCAF,1,200.69847147286
142.37,-371.78,0.0,CAF,1,112.64554910482254
424.0,-229.01999999999998,0.0,other_tissue,0,115.67263886250075
-73.85000000000002,359.08000000000004,0.0,other_tissue,0,151.4925214402245
61.99000000000001,308.25,0.0,other_tissue,0,101.99668291783894
-197.82,381.81,0.0,apCAF,1,875.6243897229984
-361.35,91.87,0.0,other_tissue,0,94.27701869076756
38.120000000000005,-9.740000000000009,0.0,other_tissue,0,77.31377049822326
-318.44,56.120000000000005,0.0,CAF,1,134.37060820369638
-467.53,389.06,0.0,other_tissue,0,150.69683064322837
-44.04000000000002,499.4657,0.0,other_tissue,0,233.53227496560672
92.57000000000005,132.05,0.0,other_tissue,0,77.31377049822326
340.28999999999996,365.8,0.0,other_tissue,0,105.2883122507176
70.55999999999995,249.66,0.0,other_tissue,0,234.07370133577083
273.65999999999997,-81.77999999999997,0.0,other_tissue,0,77.31377049822326
-142.44,-415.5,0.0,other_tissue,0,139.06768544340463
451.47,95.87,0.0,other_tissue,0,106.90315790423233
-311.78,59.56999999999999,0.0,other_tissue,0,99.41644530876279
-3.910000000000025,323.56,0.0,other_tissue,0,103.8019237450273
343.33000000000004,-255.23000000000002,0.0,other_tissue,0,163.91818372706837
135.89999999999998,-239.99,0.0,other_tissue,0,77.31377049822326
-424.92,-223.49,0.0,other_tissue,0,87.24210407154266
-465.84000000000003,-245.64,0.0,other_tissue,0,77.31377049822326
-487.53,-235.88,0.0,other_tissue,0,175.47003359618213
467.37,-123.84000000000003,0.0,other_tissue,0,189.50797490344894
328.09000000000003,-44.72000000000003,0.0,other_tissue,0,423.56960960005296
-354.13,95.12,0.0,other_tissue,0,194.53783267797226
297.0,471.02,0.0,other_tissue,0,160.6450014852223
311.35,-11.730000000000018,0.0,other_tissue,0,117.89097947728229
-364.0,202.35000000000002,0.0,other_tissue,0,184.34618733856593
9.620000000000005,-237.57000000000005,0.0,other_tissue,0,257.3515769644464
93.58000000000004,-235.78999999999996,0.0,CAF,1,133.9460468228188
-121.69,495.231,0.0,other_tissue,0,77.31377049822326
151.14,-97.33000000000004,0.0,apCAF,1,383.76841873536694
-200.48000000000002,-104.22000000000003,0.0,other_tissue,0,118.31005043663973
-200.31,100.69,0.0,other_tissue,0,105.08895364482582
-204.22000000000003,407.36,0.0,other_tissue,0,131.06774868261175
174.78999999999996,-211.10000000000002,0.0,other_tissue,0,281.7286637042015
-41.160000000000025,397.72,0.0,other_tissue,0,124.87884302137027
284.35,57.910000000000025,0.0,other_tissue,0,77.31377049822326
-431.92,-351.70000000000005,0.0,other_tissue,0,77.31377049822326
238.71000000000004,145.99,0.0,other_tissue,0,134.04102006648694
-256.28,214.24,0.0,CAF,1,433.7279242409943
-168.32999999999998,-309.34000000000003,0.0,other_tissue,0,212.86366889511032
-179.60000000000002,73.69999999999999,0.0,other_tissue,0,114.11257947834206
27.83000000000004,-151.28999999999996,0.0,other_tissue,0,97.86268839838331
-146.32999999999998,299.65999999999997,0.0,other_tissue,0,438.17657139572236
-32.44999999999999,116.75999999999999,0.0,other_tissue,0,233.70654136770375
-14.04000000000002,200.05,0.0,other_tissue,0,133.83846472477788
-330.58000000000004,-156.04999999999995,0.0,other_tissue,0,126.53532399364218
301.0,-266.02,0.0,other_tissue,0,109.32860950969359
-3.9499999999999886,305.78,0.0,other_tissue,0,108.90346464407138
-395.15999999999997,256.5,0.0,CAF,1,140.76856796984586
246.21000000000004,18.779999999999973,0.0,other_tissue,0,155.72288189591313
-424.8,312.37,0.0,other_tissue,0,102.53603903610248
48.82000000000005,-228.15999999999997,0.0,other_tissue,0,108.5509373910979
281.77,-252.85000000000002,0.0,other_tissue,0,149.20222604008444
232.04999999999995,466.46,0.0,other_tissue,0,142.05493689196044
-264.1,151.31,0.0,other_tissue,0,109.09657541393398
397.75,101.13999999999999,0.0,other_tissue,0,80.23733921363649
489.22,-298.36,0.0,other_tissue,0,239.5154103065499
-400.29,267.07,0.0,other_tissue,0,156.88757123631464
-6.860000000000014,306.55,0.0,other_tissue,0,176.53317863823696
161.0,-128.66999999999996,0.0,other_tissue,0,144.97786907141935
473.69000000000005,-27.960000000000036,0.0,other_tissue,0,183.36110561405124
95.58000000000004,-293.94000000000005,0.0,CAF,1,118.08293060926887
84.94000000000005,420.54,0.0,other_tissue,0,116.2821875267814
-112.70999999999998,309.93,0.0,other_tissue,0,77.31377049822326
-171.05,211.44,0.0,CAF,1,135.7582236645693
-357.3,298.26,0.0,CAF,1,186.99821378578326
-245.98,-72.02999999999997,0.0,other_tissue,0,145.0179108321224
-474.0,164.92000000000002,0.0,other_tissue,0,117.13683221190936
-66.76999999999998,-227.44000000000005,0.0,other_tissue,0,149.72659438746734
4.660000000000025,287.85,0.0,other_tissue,0,91.59810514427585
173.37,-351.19000000000005,0.0,CAF,1,1002.3449047909522
124.90999999999997,488.69,0.0,other_tissue,0,119.08092435258943
-335.73,420.12,0.0,other_tissue,0,77.31377049822326
366.28,498.908,0.0,other_tissue,0,137.0075050185512
89.29999999999995,-392.01,0.0,other_tissue,0,79.13586180496259
44.83000000000004,-141.51,0.0,CAF,1,343.27176470850964
7.829999999999984,71.13,0.0,other_tissue,0,548.2120693257749
173.72000000000003,-377.86,0.0,other_tissue,0,94.01180687263982
449.73,-132.89999999999998,0.0,other_tissue,0,93.094932900142
-348.33000000000004,-223.23000000000002,0.0,other_tissue,0,77.31377049822326
-317.28,-32.15999999999997,0.0,other_tissue,0,174.39606982712317
-423.78,43.99000000000001,0.0,other_tissue,0,246.4733323149143
-200.51999999999998,395.18,0.0,other_tissue,0,201.00530754910045
-370.09000000000003,-58.82000000000005,0.0,apCAF,1,592.6036429261824
147.07000000000005,448.22,0.0,other_tissue,0,530.4139727727763
226.19000000000005,-50.17999999999995,0.0,other_tissue,0,293.46397786779875
-430.17,-218.35000000000002,0.0,other_tissue,0,77.31377049822326
173.23000000000002,351.15999999999997,0.0,other_tissue,0,192.4911615110736
-88.5,257.03999999999996,0.0,other_tissue,0,171.58845054279686
-399.52,215.69,0.0,other_tissue,0,113.27272698701758
-69.0,-438.63,0.0,other_tissue,0,692.850458162029
-123.72000000000003,-107.80999999999995,0.0,other_tissue,0,579.4302689878922
449.62,-54.370000000000005,0.0,other_tissue,0,96.74754231625573
-6.100000000000023,254.11,0.0,CAF,1,110.83370365748279
-428.51,-491.09000000000003,0.0,other_tissue,0,125.61123880861751
-34.24000000000001,312.34000000000003,0.0,other_tissue,0,77.31377049822326
-287.84000000000003,-84.05999999999995,0.0,other_tissue,0,77.31377049822326
76.67999999999995,-1.8799999999999955,0.0,CAF,1,123.86068303847219
171.72000000000003,55.589999999999975,0.0,other_tissue,0,133.1752634864864
-417.37,489.05,0.0,other_tissue,0,153.52172047902235
-155.57,-467.39,0.0,other_tissue,0,86.49276040263567
-89.60000000000002,111.32999999999998,0.0,other_tissue,0,151.56811993884585
27.730000000000018,493.504,0.0,other_tissue,0,91.9276946881161
129.67999999999995,21.839999999999975,0.0,other_tissue,0,87.7424717932525
-404.45,-231.91999999999996,0.0,other_tissue,0,135.57946564152192
-146.12,102.72000000000003,0.0,other_tissue,0,156.5221063685615
-202.29000000000002,-96.34000000000003,0.0,other_tissue,0,105.25596671536698
276.1,65.08999999999997,0.0,other_tissue,0,95.37313524913255
430.32000000000005,500.0913,0.0,other_tissue,0,446.486565117863
-59.579999999999984,222.16000000000003,0.0,other_tissue,0,89.15367185635276
285.63,62.25999999999999,0.0,other_tissue,0,77.31377049822326
-495.925,275.32,0.0,CAF,1,110.83370365748279
216.03999999999996,-53.049999999999955,0.0,CAF,1,279.7485600376509
285.72,-196.14999999999998,0.0,other_tissue,0,262.96825941303274
-214.26999999999998,146.57999999999998,0.0,other_tissue,0,255.6530854824827
45.08000000000004,-119.70000000000005,0.0,other_tissue,0,216.3042964840059
492.75,-251.37,0.0,other_tissue,0,114.18654800643411
259.4,-58.129999999999995,0.0,other_tissue,0,162.03521849633276
-251.73,-236.12,0.0,other_tissue,0,77.31377049822326
82.58000000000004,-393.5,0.0,other_tissue,0,126.79756275349956
-114.39999999999998,-182.41999999999996,0.0,other_tissue,0,172.29873894874757
-121.39999999999998,-10.360000000000014,0.0,other_tissue,0,99.88419696110708
49.549999999999955,411.1,0.0,other_tissue,0,105.26674782431236
-351.87,-480.65,0.0,CAF,1,110.83370365748279
-133.87,102.07,0.0,other_tissue,0,198.01669634190702
147.99,-99.54999999999995,0.0,other_tissue,0,77.31377049822326
103.50999999999999,135.69,0.0,other_tissue,0,328.56232960306517
-172.26,449.73,0.0,other_tissue,0,83.75102796882189
293.55999999999995,-443.84000000000003,0.0,other_tissue,0,77.31377049822326
187.17999999999995,431.01,0.0,CAF,1,110.83370365748279
246.41999999999996,444.3,0.0,other_tissue,0,231.90387946640013
-142.70999999999998,477.27,0.0,other_tissue,0,77.31377049822326
-296.5,8.189999999999998,0.0,other_tissue,0,466.49698537952276
-41.51999999999998,1.3199999999999932,0.0,other_tissue,0,265.0978959353218
415.88,58.670000000000016,0.0,other_tissue,0,80.88230182249899
325.12,-231.33000000000004,0.0,other_tissue,0,277.56163743083175
213.45000000000005,-31.809999999999945,0.0,other_tissue,0,89.43868256655246
106.84000000000003,-185.69000000000005,0.0,other_tissue,0,230.69211058159564
145.82000000000005,495.329,0.0,other_tissue,0,143.50812807053913
80.99000000000001,144.06,0.0,apCAF,1,422.9834642247866
317.36,-128.14,0.0,CAF,1,378.8352223107231
209.57000000000005,-446.02,0.0,other_tissue,0,85.21750698480187
-74.05000000000001,-128.15999999999997,0.0,other_tissue,0,265.7070406723822
81.58000000000004,-406.28,0.0,other_tissue,0,115.59229204513997
215.45000000000005,-297.96000000000004,0.0,other_tissue,0,166.37826225753602
321.82000000000005,-23.940000000000055,0.0,other_tissue,0,99.37493819971338
-349.19,484.36,0.0,other_tissue,0,148.7741091472249
474.58000000000004,-118.03999999999996,0.0,other_tissue,0,116.95169055742963
489.99,145.81,0.0,CAF,1,363.0084733727636
489.25,-286.80999999999995,0.0,other_tissue,0,131.06774868261175
115.65999999999997,-240.04999999999995,0.0,other_tissue,0,570.3692611079139
295.33000000000004,-461.78999999999996,0.0,CAF,1,152.24274428617872
466.90999999999997,155.12,0.0,other_tissue,0,164.37486757589036
31.690000000000055,405.52,0.0,other_tissue,0,205.42649308636837
-212.06,92.5,0.0,CD4_Tcell,1,131.18632625264163
408.02,492.414,0.0,CAF,1,128.31708321967213
-14.480000000000018,-74.25,0.0,other_tissue,0,178.30440140217317
-245.19,453.38,0.0,other_tissue,0,183.01793732175926
328.59000000000003,-5.930000000000007,0.0,other_tissue,0,161.33911173072562
-104.19,96.83999999999997,0.0,other_tissue,0,80.12493681598204
-337.78999999999996,394.15,0.0,other_tissue,0,101.82786376693672
-42.73000000000002,347.59000000000003,0.0,other_tissue,0,128.4032227116466
131.39,399.58,0.0,other_tissue,0,234.35851465791762
-396.97,265.59000000000003,0.0,other_tissue,0,95.32771546593378
367.48,275.11,0.0,other_tissue,0,113.04644936193284
418.07000000000005,-361.49,0.0,other_tissue,0,122.77040859671345
65.5,100.58999999999997,0.0,other_tissue,0,158.1782497098173
-187.22000000000003,264.40999999999997,0.0,CAF,1,183.25967037444786
-431.33,353.86,0.0,other_tissue,0,299.1057096147845
-162.75,209.45999999999998,0.0,other_tissue,0,141.54864720931522
-234.82,118.18,0.0,other_tissue,0,201.07169157747813
57.950000000000045,337.61,0.0,CAF,1,110.83370365748279
-32.44,231.70999999999998,0.0,other_tissue,0,107.96325650590283
420.5,-341.61,0.0,other_tissue,0,157.0212482484342
457.54999999999995,-385.94000000000005,0.0,other_tissue,0,108.90346464407138
85.34000000000003,-265.96000000000004,0.0,CD4_Tcell,1,142.76708954917044
413.42999999999995,-69.05999999999995,0.0,other_tissue,0,125.48392398579075
70.08000000000004,344.09000000000003,0.0,other_tissue,0,122.54954488163054
-371.96000000000004,416.6,0.0,other_tissue,0,451.32058261725797
108.38,368.51,0.0,other_tissue,0,139.05470504279296
-184.89,127.92000000000002,0.0,other_tissue,0,117.27002339640923
109.82000000000005,460.92,0.0,CAF,1,293.4426223491693
-28.279999999999973,56.70999999999998,0.0,CAF,1,278.2618569027355
-443.96,148.54000000000002,0.0,other_tissue,0,113.7545690907077
-377.14,139.24,0.0,other_tissue,0,98.4801709021674
-161.48000000000002,-296.22,0.0,other_tissue,0,96.3556943823313
-396.65999999999997,247.68,0.0,other_tissue,0,77.31377049822326
-277.88,-258.22,0.0,other_tissue,0,314.7936492579137
445.59000000000003,120.24000000000001,0.0,other_tissue,0,77.31377049822326
482.33000000000004,-25.49000000000001,0.0,CAF,1,110.83370365748279
-222.61,125.16000000000003,0.0,other_tissue,0,132.21908758903538
-147.38,70.14999999999998,0.0,other_tissue,0,90.06881459432697
-153.49,-236.03999999999996,0.0,other_tissue,0,77.31377049822326
459.69000000000005,338.40999999999997,0.0,other_tissue,0,143.52138415194744
-34.870000000000005,488.37,0.0,other_tissue,0,199.77157389303332
-360.23,62.589999999999975,0.0,other_tissue,0,89.45802728252873
-219.12,-56.92999999999995,0.0,other_tissue,0,194.85461215155505
443.87,112.00999999999999,0.0,other_tissue,0,128.23098226085204
105.74000000000001,127.11000000000001,0.0,other_tissue,0,135.3116229364833
285.92999999999995,67.77999999999997,0.0,other_tissue,0,132.26929816306733
391.37,-99.82000000000005,0.0,CAF,1,156.49401721871493
234.17999999999995,431.74,0.0,CAF,1,110.83370365748279
-139.82999999999998,102.44999999999999,0.0,other_tissue,0,112.0150717523259
-40.610000000000014,271.90999999999997,0.0,other_tissue,0,341.89848986352735
435.98,499.837,0.0,other_tissue,0,265.5571645593137
83.46000000000004,-462.05999999999995,0.0,CAF,1,110.83370365748279
43.48000000000002,487.72,0.0,other_tissue,0,245.20181027094097
466.28,-317.16999999999996,0.0,other_tissue,0,136.79555170120264
456.15999999999997,105.81,0.0,other_tissue,0,88.7008388719212
-30.779999999999973,316.14,0.0,other_tissue,0,77.31377049822326
92.29999999999995,428.32,0.0,other_tissue,0,97.87295856314483
494.57000000000005,157.41000000000003,0.0,CAF,1,110.83370365748279
-42.39999999999998,-416.21000000000004,0.0,other_tissue,0,93.51276267133926
-366.43,142.29000000000002,0.0,other_tissue,0,397.17612769024294
-167.69,274.63,0.0,other_tissue,0,663.9906640598799
-344.18,-61.5,0.0,other_tissue,0,114.40864536444609
-70.14999999999998,-20.049999999999955,0.0,CD4_Tcell,1,136.0266552010836
-461.65,-312.05999999999995,0.0,other_tissue,0,104.88446907739159
107.22000000000003,268.27,0.0,other_tissue,0,126.74264561928773
271.78999999999996,-430.77,0.0,other_tissue,0,157.19021193011181
141.88,489.75,0.0,other_tissue,0,217.96398005401804
-120.10000000000002,215.25,0.0,other_tissue,0,116.10370229759388
-333.05,-469.22,0.0,other_tissue,0,261.01790984029475
-101.94999999999999,496.419,0.0,other_tissue,0,182.71412360895596
135.97000000000003,373.68,0.0,other_tissue,0,104.60507818955308
185.55999999999995,-284.87,0.0,other_tissue,0,268.76676490136356
-44.77999999999997,491.943,0.0,other_tissue,0,117.46130008729828
-496.53589838486226,502.0,0.0,duct_filler,0,1247.0
-489.60769515458674,502.0,0.0,duct_filler,0,1247.0
-482.6794919243112,502.0,0.0,duct_filler,0,1247.0
-475.75128869403574,502.0,0.0,duct_filler,0,1247.0
-468.8230854637602,502.0,0.0,duct_filler,0,1247.0
-461.89488223348474,502.0,0.0,duct_filler,0,1247.0
-454.9666790032092,502.0,0.0,duct_filler,0,1247.0
-260.97698855549504,502.0,0.0,duct_filler,0,1247.0
-254.04878532521954,502.0,0.0,duct_filler,0,1247.0
-247.12058209494404,502.0,0.0,duct_filler,0,1247.0
-240.19237886466857,502.0,0.0,duct_filler,0,1247.0
-233.26417563439304,502.0,0.0,duct_filler,0,1247.0
-226.33597240411746,502.0,0.0,duct_filler,0,1247.0
-219.40776917384193,502.0,0.0,duct_filler,0,1247.0
-212.4795659435664,502.0,0.0,duct_filler,0,1247.0
494.19716354453374,502.0,0.0,duct_filler,0,1247.0
501.125366774809,502.0,0.0,duct_filler,0,1247.0
-500.0,496.0,0.0,duct_filler,0,1247.0
-493.0717967697245,496.0,0.0,duct_filler,0,1247.0
-486.143593539449,496.0,0.0,duct_filler,0,1247.0
-479.2153903091735,496.0,0.0,duct_filler,0,1247.0
-472.28718707889794,496.0,0.0,duct_filler,0,1247.0
-465.3589838486225,496.0,0.0,duct_filler,0,1247.0
-458.43078061834694,496.0,0.0,duct_filler,0,1247.0
-451.5025773880715,496.0,0.0,duct_filler,0,1247.0
-264.44109017063283,496.0,0.0,duct_filler,0,1247.0
-257.51288694035725,496.0,0.0,duct_filler,0,1247.0
-250.58468371008178,496.0,0.0,duct_filler,0,1247.0
-243.6564804798063,496.0,0.0,duct_filler,0,1247.0
-236.72827724953078,496.0,0.0,duct_filler,0,1247.0
-229.80007401925525,496.0,0.0,duct_filler,0,1247.0
-222.87187078897972,496.0,0.0,duct_filler,0,1247.0
-215.9436675587042,496.0,0.0,duct_filler,0,1247.0
40.39985196149007,496.0,0.0,duct_filler,0,1247.0
47.32805519176554,496.0,0.0,duct_filler,0,1247.0
497.6612651596713,496.0,0.0,duct_filler,0,1247.0
-496.53589838486226,490.0,0.0,duct_filler,0,1247.0
-489.60769515458674,490.0,0.0,duct_filler,0,1247.0
-482.6794919243112,490.0,0.0,duct_filler,0,1247.0
-475.75128869403574,490.0,0.0,duct_filler,0,1247.0
-468.8230854637602,490.0,0.0,duct_filler,0,1247.0
-461.89488223348474,490.0,0.0,duct_filler,0,1247.0
-260.97698855549504,490.0,0.0,duct_filler,0,1247.0
-254.04878532521954,490.0,0.0,duct_filler,0,1247.0
-247.12058209494404,490.0,0.0,duct_filler,0,1247.0
-240.19237886466857,490.0,0.0,duct_filler,0,1247.0
-233.26417563439304,490.0,0.0,duct_filler,0,1247.0
-226.33597240411746,490.0,0.0,duct_filler,0,1247.0
-219.40776917384193,490.0,0.0,duct_filler,0,1247.0
-212.4795659435664,490.0,0.0,duct_filler,0,1247.0
23.079343885801563,490.0,0.0,duct_filler,0,1247.0
30.00754711607692,490.0,0.0,duct_filler,0,1247.0
36.93575034635239,490.0,0.0,duct_filler,0,1247.0
43.863953576627864,490.0,0.0,duct_filler,0,1247.0
-500.0,484.0,0.0,duct_filler,0,1247.0
-493.0717967697245,484.0,0.0,duct_filler,0,1247.0
-486.143593539449,484.0,0.0,duct_filler,0,1247.0
-479.2153903091735,484.0,0.0,duct_filler,0,1247.0
-472.28718707889794,484.0,0.0,duct_filler,0,1247.0
-465.3589838486225,484.0,0.0,duct_filler,0,1247.0
-257.51288694035725,484.0,0.0,duct_filler,0,1247.0
-250.58468371008178,484.0,0.0,duct_filler,0,1247.0
-243.6564804798063,484.0,0.0,duct_filler,0,1247.0
-236.72827724953078,484.0,0.0,duct_filler,0,1247.0
-229.80007401925525,484.0,0.0,duct_filler,0,1247.0
-222.87187078897972,484.0,0.0,duct_filler,0,1247.0
-215.9436675587042,484.0,0.0,duct_filler,0,1247.0
12.6870390403883,484.0,0.0,duct_filler,0,1247.0
19.615242270663657,484.0,0.0,duct_filler,0,1247.0
26.54344550093913,484.0,0.0,duct_filler,0,1247.0
33.4716487312146,484.0,0.0,duct_filler,0,1247.0
40.39985196149007,484.0,0.0,duct_filler,0,1247.0
47.32805519176554,484.0,0.0,duct_filler,0,1247.0
-496.53589838486226,478.0,0.0,duct_filler,0,1247.0
-489.60769515458674,478.0,0.0,duct_filler,0,1247.0
-482.6794919243112,478.0,0.0,duct_filler,0,1247.0
-475.75128869403574,478.0,0.0,duct_filler,0,1247.0
-468.8230854637602,478.0,0.0,duct_filler,0,1247.0
-461.89488223348474,478.0,0.0,duct_filler,0,1247.0
-254.04878532521957,478.0,0.0,duct_filler,0,1247.0
-247.12058209494404,478.0,0.0,duct_filler,0,1247.0
-240.19237886466857,478.0,0.0,duct_filler,0,1247.0
-233.26417563439304,478.0,0.0,duct_filler,0,1247.0
-226.3359724041175,478.0,0.0,duct_filler,0,1247.0
-219.40776917384198,478.0,0.0,duct_filler,0,1247.0
-212.4795659435664,478.0,0.0,duct_filler,0,1247.0
2.2947341949749784,478.0,0.0,duct_filler,0,1247.0
9.222937425250507,478.0,0.0,duct_filler,0,1247.0
16.151140655525978,478.0,0.0,duct_filler,0,1247.0
23.079343885801563,478.0,0.0,duct_filler,0,1247.0
30.00754711607692,478.0,0.0,duct_filler,0,1247.0
36.93575034635239,478.0,0.0,duct_filler,0,1247.0
43.863953576627864,478.0,0.0,duct_filler,0,1247.0
-500.0,472.0,0.0,duct_filler,0,1247.0
-493.0717967697245,472.0,0.0,duct_filler,0,1247.0
-486.143593539449,472.0,0.0,duct_filler,0,1247.0
-479.2153903091735,472.0,0.0,duct_filler,0,1247.0
-472.28718707889794,472.0,0.0,duct_filler,0,1247.0
-465.3589838486225,472.0,0.0,duct_filler,0,1247.0
-458.43078061834694,472.0,0.0,duct_filler,0,1247.0
-250.58468371008178,472.0,0.0,duct_filler,0,1247.0
-243.6564804798063,472.0,0.0,duct_filler,0,1247.0
-236.72827724953078,472.0,0.0,duct_filler,0,1247.0
-229.80007401925525,472.0,0.0,duct_filler,0,1247.0
-222.87187078897972,472.0,0.0,duct_filler,0,1247.0
-215.9436675587042,472.0,0.0,duct_filler,0,1247.0
-209.01546432842866,472.0,0.0,duct_filler,0,1247.0
-8.097570650438342,472.0,0.0,duct_filler,0,1247.0
-1.1693674201628141,472.0,0.0,duct_filler,0,1247.0
5.758835810112714,472.0,0.0,duct_filler,0,1247.0
12.6870390403883,472.0,0.0,duct_filler,0,1247.0
19.615242270663657,472.0,0.0,duct_filler,0,1247.0
26.54344550093913,472.0,0.0,duct_filler,0,1247.0
33.4716487312146,472.0,0.0,duct_filler,0,1247.0
40.39985196149007,472.0,0.0,duct_filler,0,1247.0
47.32805519176554,472.0,0.0,duct_filler,0,1247.0
-496.53589838486226,466.0,0.0,duct_filler,0,1247.0
-489.60769515458674,466.0,0.0,duct_filler,0,1247.0
-482.6794919243112,466.0,0.0,duct_filler,0,1247.0
-475.75128869403574,466.0,0.0,duct_filler,0,1247.0
-468.8230854637602,466.0,0.0,duct_filler,0,1247.0
-254.04878532521957,466.0,0.0,duct_filler,0,1247.0
-247.12058209494404,466.0,0.0,duct_filler,0,1247.0
-240.19237886466857,466.0,0.0,duct_filler,0,1247.0
-233.26417563439304,466.0,0.0,duct_filler,0,1247.0
-226.3359724041175,466.0,0.0,duct_filler,0,1247.0
-219.40776917384198,466.0,0.0,duct_filler,0,1247.0
-212.4795659435664,466.0,0.0,duct_filler,0,1247.0
-18.489875495851663,466.0,0.0,duct_filler,0,1247.0
-11.561672265576135,466.0,0.0,duct_filler,0,1247.0
-4.633469035300607,466.0,0.0,duct_filler,0,1247.0
2.2947341949749784,466.0,0.0,duct_filler,0,1247.0
9.222937425250507,466.0,0.0,duct_filler,0,1247.0
16.151140655525978,466.0,0.0,duct_filler,0,1247.0
23.079343885801563,466.0,0.0,duct_filler,0,1247.0
30.00754711607692,466.0,0.0,duct_filler,0,1247.0
36.93575034635239,466.0,0.0,duct_filler,0,1247.0
43.863953576627864,466.0,0.0,duct_filler,0,1247.0
501.125366774809,466.0,0.0,duct_filler,0,1247.0
-500.0,460.0,0.0,duct_filler,0,1247.0
-493.0717967697245,460.0,0.0,duct_filler,0,1247.0
-486.143593539449,460.0,0.0,duct_filler,0,1247.0
-243.6564804798063,460.0,0.0,duct_filler,0,1247.0
-236.72827724953078,460.0,0.0,duct_filler,0,1247.0
-229.80007401925525,460.0,0.0,duct_filler,0,1247.0
-222.87187078897972,460.0,0.0,duct_filler,0,1247.0
-215.9436675587042,460.0,0.0,duct_filler,0,1247.0
-28.882180341264927,460.0,0.0,duct_filler,0,1247.0
-21.953977110989342,460.0,0.0,duct_filler,0,1247.0
-15.025773880713814,460.0,0.0,duct_filler,0,1247.0
-8.097570650438342,460.0,0.0,duct_filler,0,1247.0
-1.1693674201628141,460.0,0.0,duct_filler,0,1247.0
5.758835810112714,460.0,0.0,duct_filler,0,1247.0
12.6870390403883,460.0,0.0,duct_filler,0,1247.0
19.615242270663657,460.0,0.0,duct_filler,0,1247.0
26.54344550093913,460.0,0.0,duct_filler,0,1247.0
33.4716487312146,460.0,0.0,duct_filler,0,1247.0
40.39985196149007,460.0,0.0,duct_filler,0,1247.0
47.32805519176554,460.0,0.0,duct_filler,0,1247.0
497.6612651596713,460.0,0.0,duct_filler,0,1247.0
-496.53589838486226,454.0,0.0,duct_filler,0,1247.0
-489.60769515458674,454.0,0.0,duct_filler,0,1247.0
-482.6794919243112,454.0,0.0,duct_filler,0,1247.0
-247.12058209494404,454.0,0.0,duct_filler,0,1247.0
-240.19237886466857,454.0,0.0,duct_filler,0,1247.0
-233.26417563439304,454.0,0.0,duct_filler,0,1247.0
-226.3359724041175,454.0,0.0,duct_filler,0,1247.0
-219.40776917384198,454.0,0.0,duct_filler,0,1247.0
-212.4795659435664,454.0,0.0,duct_filler,0,1247.0
-39.27448518667825,454.0,0.0,duct_filler,0,1247.0
-32.34628195640266,454.0,0.0,duct_filler,0,1247.0
-25.41807872612725,454.0,0.0,duct_filler,0,1247.0
-18.489875495851663,454.0,0.0,duct_filler,0,1247.0
-11.561672265576135,454.0,0.0,duct_filler,0,1247.0
-4.633469035300607,454.0,0.0,duct_filler,0,1247.0
2.2947341949749784,454.0,0.0,duct_filler,0,1247.0
9.222937425250507,454.0,0.0,duct_filler,0,1247.0
16.151140655525978,454.0,0.0,duct_filler,0,1247.0
23.079343885801563,454.0,0.0,duct_filler,0,1247.0
30.00754711607692,454.0,0.0,duct_filler,0,1247.0
36.93575034635239,454.0,0.0,duct_filler,0,1247.0
43.863953576627864,454.0,0.0,duct_filler,0,1247.0
466.4843506234315,454.0,0.0,duct_filler,0,1247.0
473.412553853707,454.0,0.0,duct_filler,0,1247.0
480.3407570839827,454.0,0.0,duct_filler,0,1247.0
487.2689603142578,454.0,0.0,duct_filler,0,1247.0
494.1971635445336,454.0,0.0,duct_filler,0,1247.0
501.125366774809,454.0,0.0,duct_filler,0,1247.0
-500.0,448.0,0.0,duct_filler,0,1247.0
-493.0717967697245,448.0,0.0,duct_filler,0,1247.0
-486.143593539449,448.0,0.0,duct_filler,0,1247.0
-243.6564804798063,448.0,0.0,duct_filler,0,1247.0
-236.72827724953078,448.0,0.0,duct_filler,0,1247.0
-229.80007401925525,448.0,0.0,duct_filler,0,1247.0
-222.87187078897972,448.0,0.0,duct_filler,0,1247.0
-49.66679003209157,448.0,0.0,duct_filler,0,1247.0
-42.738586801815984,448.0,0.0,duct_filler,0,1247.0
-35.810383571540456,448.0,0.0,duct_filler,0,1247.0
-28.882180341264927,448.0,0.0,duct_filler,0,1247.0
-21.953977110989342,448.0,0.0,duct_filler,0,1247.0
-15.025773880713814,448.0,0.0,duct_filler,0,1247.0
-8.097570650438342,448.0,0.0,duct_filler,0,1247.0
-1.1693674201628141,448.0,0.0,duct_filler,0,1247.0
5.758835810112714,448.0,0.0,duct_filler,0,1247.0
12.6870390403883,448.0,0.0,duct_filler,0,1247.0
19.615242270663657,448.0,0.0,duct_filler,0,1247.0
26.54344550093913,448.0,0.0,duct_filler,0,1247.0
33.4716487312146,448.0,0.0,duct_filler,0,1247.0
40.39985196149007,448.0,0.0,duct_filler,0,1247.0
47.32805519176554,448.0,0.0,duct_filler,0,1247.0
463.02024900829383,448.0,0.0,duct_filler,0,1247.0
469.9484522385692,448.0,0.0,duct_filler,0,1247.0
476.87665546884466,448.0,0.0,duct_filler,0,1247.0
483.80485869912013,448.0,0.0,duct_filler,0,1247.0
490.7330619293955,448.0,0.0,duct_filler,0,1247.0
497.6612651596713,448.0,0.0,duct_filler,0,1247.0
-496.53589838486226,442.0,0.0,duct_filler,0,1247.0
-60.059094877504776,442.0,0.0,duct_filler,0,1247.0
-53.130891647229305,442.0,0.0,duct_filler,0,1247.0
-46.20268841695378,442.0,0.0,duct_filler,0,1247.0
-39.27448518667825,442.0,0.0,duct_filler,0,1247.0
-32.34628195640266,442.0,0.0,duct_filler,0,1247.0
-25.41807872612725,442.0,0.0,duct_filler,0,1247.0
-18.489875495851663,442.0,0.0,duct_filler,0,1247.0
-11.561672265576135,442.0,0.0,duct_filler,0,1247.0
-4.633469035300607,442.0,0.0,duct_filler,0,1247.0
2.2947341949749784,442.0,0.0,duct_filler,0,1247.0
9.222937425250507,442.0,0.0,duct_filler,0,1247.0
16.151140655525978,442.0,0.0,duct_filler,0,1247.0
23.079343885801563,442.0,0.0,duct_filler,0,1247.0
30.00754711607692,442.0,0.0,duct_filler,0,1247.0
36.93575034635239,442.0,0.0,duct_filler,0,1247.0
43.863953576627864,442.0,0.0,duct_filler,0,1247.0
459.55614739315604,442.0,0.0,duct_filler,0,1247.0
466.4843506234315,442.0,0.0,duct_filler,0,1247.0
473.412553853707,442.0,0.0,duct_filler,0,1247.0
480.3407570839827,442.0,0.0,duct_filler,0,1247.0
487.2689603142578,442.0,0.0,duct_filler,0,1247.0
494.1971635445336,442.0,0.0,duct_filler,0,1247.0
501.125366774809,442.0,0.0,duct_filler,0,1247.0
-63.523196492642626,436.0,0.0,duct_filler,0,1247.0
-56.5949932623671,436.0,0.0,duct_filler,0,1247.0
-49.66679003209157,436.0,0.0,duct_filler,0,1247.0
-42.738586801815984,436.0,0.0,duct_filler,0,1247.0
-35.810383571540456,436.0,0.0,duct_filler,0,1247.0
-28.882180341264927,436.0,0.0,duct_filler,0,1247.0
-21.953977110989342,436.0,0.0,duct_filler,0,1247.0
-15.025773880713814,436.0,0.0,duct_filler,0,1247.0
-8.097570650438342,436.0,0.0,duct_filler,0,1247.0
-1.1693674201628141,436.0,0.0,duct_filler,0,1247.0
5.758835810112714,436.0,0.0,duct_filler,0,1247.0
12.6870390403883,436.0,0.0,duct_filler,0,1247.0
19.615242270663657,436.0,0.0,duct_filler,0,1247.0
26.54344550093913,436.0,0.0,duct_filler,0,1247.0
33.4716487312146,436.0,0.0,duct_filler,0,1247.0
463.02024900829383,436.0,0.0,duct_filler,0,1247.0
469.9484522385692,436.0,0.0,duct_filler,0,1247.0
476.87665546884466,436.0,0.0,duct_filler,0,1247.0
483.80485869912013,436.0,0.0,duct_filler,0,1247.0
490.7330619293955,436.0,0.0,duct_filler,0,1247.0
497.6612651596713,436.0,0.0,duct_filler,0,1247.0
-66.9872981077803,430.0,0.0,duct_filler,0,1247.0
-60.059094877504776,430.0,0.0,duct_filler,0,1247.0
-53.130891647229305,430.0,0.0,duct_filler,0,1247.0
-46.20268841695378,430.0,0.0,duct_filler,0,1247.0
-39.27448518667825,430.0,0.0,duct_filler,0,1247.0
-32.34628195640266,430.0,0.0,duct_filler,0,1247.0
-25.41807872612725,430.0,0.0,duct_filler,0,1247.0
-18.489875495851663,430.0,0.0,duct_filler,0,1247.0
-11.561672265576135,430.0,0.0,duct_filler,0,1247.0
-4.633469035300607,430.0,0.0,duct_filler,0,1247.0
2.2947341949749784,430.0,0.0,duct_filler,0,1247.0
9.222937425250507,430.0,0.0,duct_filler,0,1247.0
16.151140655525978,430.0,0.0,duct_filler,0,1247.0
23.079343885801563,430.0,0.0,duct_filler,0,1247.0
452.6279441628807,430.0,0.0,duct_filler,0,1247.0
459.55614739315604,430.0,0.0,duct_filler,0,1247.0
466.4843506234315,430.0,0.0,duct_filler,0,1247.0
473.412553853707,430.0,0.0,duct_filler,0,1247.0
480.3407570839827,430.0,0.0,duct_filler,0,1247.0
487.2689603142578,430.0,0.0,duct_filler,0,1247.0
494.1971635445336,430.0,0.0,duct_filler,0,1247.0
501.125366774809,430.0,0.0,duct_filler,0,1247.0
-70.4513997229181,424.0,0.0,duct_filler,0,1247.0
-63.523196492642626,424.0,0.0,duct_filler,0,1247.0
-56.5949932623671,424.0,0.0,duct_filler,0,1247.0
-49.66679003209157,424.0,0.0,duct_filler,0,1247.0
-42.738586801815984,424.0,0.0,duct_filler,0,1247.0
-35.810383571540456,424.0,0.0,duct_filler,0,1247.0
-28.882180341264927,424.0,0.0,duct_filler,0,1247.0
-21.953977110989342,424.0,0.0,duct_filler,0,1247.0
-15.025773880713814,424.0,0.0,duct_filler,0,1247.0
-8.097570650438342,424.0,0.0,duct_filler,0,1247.0
-1.1693674201628141,424.0,0.0,duct_filler,0,1247.0
5.758835810112714,424.0,0.0,duct_filler,0,1247.0
12.6870390403883,424.0,0.0,duct_filler,0,1247.0
172.03571333672403,424.0,0.0,duct_filler,0,1247.0
178.9639165669995,424.0,0.0,duct_filler,0,1247.0
206.6767294881015,424.0,0.0,duct_filler,0,1247.0
213.60493271837686,424.0,0.0,duct_filler,0,1247.0
220.53313594865233,424.0,0.0,duct_filler,0,1247.0
456.09204577801836,424.0,0.0,duct_filler,0,1247.0
463.02024900829383,424.0,0.0,duct_filler,0,1247.0
469.9484522385692,424.0,0.0,duct_filler,0,1247.0
476.87665546884466,424.0,0.0,duct_filler,0,1247.0
483.80485869912013,424.0,0.0,duct_filler,0,1247.0
490.7330619293955,424.0,0.0,duct_filler,0,1247.0
497.6612651596713,424.0,0.0,duct_filler,0,1247.0
-66.9872981077803,418.0,0.0,duct_filler,0,1247.0
-60.059094877504776,418.0,0.0,duct_filler,0,1247.0
-53.130891647229305,418.0,0.0,duct_filler,0,1247.0
-46.20268841695378,418.0,0.0,duct_filler,0,1247.0
-39.27448518667825,418.0,0.0,duct_filler,0,1247.0
-32.34628195640266,418.0,0.0,duct_filler,0,1247.0
-25.41807872612725,418.0,0.0,duct_filler,0,1247.0
-18.489875495851663,418.0,0.0,duct_filler,0,1247.0
-11.561672265576135,418.0,0.0,duct_filler,0,1247.0
-4.633469035300607,418.0,0.0,duct_filler,0,1247.0
168.57161172158635,418.0,0.0,duct_filler,0,1247.0
175.49981495186182,418.0,0.0,duct_filler,0,1247.0
182.4280181821373,418.0,0.0,duct_filler,0,1247.0
189.35622141241265,418.0,0.0,duct_filler,0,1247.0
196.28442464268812,418.0,0.0,duct_filler,0,1247.0
203.2126278729637,418.0,0.0,duct_filler,0,1247.0
210.14083110323918,418.0,0.0,duct_filler,0,1247.0
217.06903433351465,418.0,0.0,duct_filler,0,1247.0
223.99723756379012,418.0,0.0,duct_filler,0,1247.0
230.9254407940656,418.0,0.0,duct_filler,0,1247.0
452.6279441628807,418.0,0.0,duct_filler,0,1247.0
459.55614739315604,418.0,0.0,duct_filler,0,1247.0
466.4843506234315,418.0,0.0,duct_filler,0,1247.0
473.412553853707,418.0,0.0,duct_filler,0,1247.0
480.3407570839827,418.0,0.0,duct_filler,0,1247.0
487.2689603142578,418.0,0.0,duct_filler,0,1247.0
494.1971635445336,418.0,0.0,duct_filler,0,1247.0
501.125366774809,418.0,0.0,duct_filler,0,1247.0
-63.523196492642626,412.0,0.0,duct_filler,0,1247.0
-56.5949932623671,412.0,0.0,duct_filler,0,1247.0
-49.66679003209157,412.0,0.0,duct_filler,0,1247.0
-42.738586801815984,412.0,0.0,duct_filler,0,1247.0
-35.810383571540456,412.0,0.0,duct_filler,0,1247.0
-28.882180341264927,412.0,0.0,duct_filler,0,1247.0
-21.953977110989342,412.0,0.0,duct_filler,0,1247.0
-15.025773880713814,412.0,0.0,duct_filler,0,1247.0
165.10751010644856,412.0,0.0,duct_filler,0,1247.0
172.03571333672403,412.0,0.0,duct_filler,0,1247.0
178.9639165669995,412.0,0.0,duct_filler,0,1247.0
185.89211979727497,412.0,0.0,duct_filler,0,1247.0
192.82032302755056,412.0,0.0,duct_filler,0,1247.0
199.7485262578258,412.0,0.0,duct_filler,0,1247.0
206.6767294881015,412.0,0.0,duct_filler,0,1247.0
213.60493271837686,412.0,0.0,duct_filler,0,1247.0
220.53313594865233,412.0,0.0,duct_filler,0,1247.0
227.4613391789278,412.0,0.0,duct_filler,0,1247.0
234.38954240920327,412.0,0.0,duct_filler,0,1247.0
269.03055856058074,412.0,0.0,duct_filler,0,1247.0
275.9587617908561,412.0,0.0,duct_filler,0,1247.0
456.09204577801836,412.0,0.0,duct_filler,0,1247.0
463.02024900829383,412.0,0.0,duct_filler,0,1247.0
469.9484522385692,412.0,0.0,duct_filler,0,1247.0
476.87665546884466,412.0,0.0,duct_filler,0,1247.0
483.80485869912013,412.0,0.0,duct_filler,0,1247.0
490.7330619293955,412.0,0.0,duct_filler,0,1247.0
497.6612651596713,412.0,0.0,duct_filler,0,1247.0
-60.059094877504776,406.0,0.0,duct_filler,0,1247.0
-53.130891647229305,406.0,0.0,duct_filler,0,1247.0
-46.20268841695378,406.0,0.0,duct_filler,0,1247.0
161.64340849131088,406.0,0.0,duct_filler,0,1247.0
168.57161172158635,406.0,0.0,duct_filler,0,1247.0
175.49981495186182,406.0,0.0,duct_filler,0,1247.0
182.4280181821373,406.0,0.0,duct_filler,0,1247.0
189.35622141241265,406.0,0.0,duct_filler,0,1247.0
196.28442464268812,406.0,0.0,duct_filler,0,1247.0
203.2126278729637,406.0,0.0,duct_filler,0,1247.0
210.14083110323918,406.0,0.0,duct_filler,0,1247.0
217.06903433351465,406.0,0.0,duct_filler,0,1247.0
223.99723756379012,406.0,0.0,duct_filler,0,1247.0
230.9254407940656,406.0,0.0,duct_filler,0,1247.0
237.85364402434107,406.0,0.0,duct_filler,0,1247.0
265.56645694544295,406.0,0.0,duct_filler,0,1247.0
272.49466017571854,406.0,0.0,duct_filler,0,1247.0
279.4228634059939,406.0,0.0,duct_filler,0,1247.0
445.6997409326052,406.0,0.0,duct_filler,0,1247.0
452.6279441628807,406.0,0.0,duct_filler,0,1247.0
459.55614739315604,406.0,0.0,duct_filler,0,1247.0
466.4843506234315,406.0,0.0,duct_filler,0,1247.0
473.412553853707,406.0,0.0,duct_filler,0,1247.0
480.3407570839827,406.0,0.0,duct_filler,0,1247.0
487.2689603142578,406.0,0.0,duct_filler,0,1247.0
494.1971635445336,406.0,0.0,duct_filler,0,1247.0
501.125366774809,406.0,0.0,duct_filler,0,1247.0
165.10751010644856,400.0,0.0,duct_filler,0,1247.0
172.03571333672403,400.0,0.0,duct_filler,0,1247.0
178.9639165669995,400.0,0.0,duct_filler,0,1247.0
185.89211979727497,400.0,0.0,duct_filler,0,1247.0
192.82032302755056,400.0,0.0,duct_filler,0,1247.0
199.7485262578258,400.0,0.0,duct_filler,0,1247.0
206.6767294881015,400.0,0.0,duct_filler,0,1247.0
213.60493271837686,400.0,0.0,duct_filler,0,1247.0
220.53313594865233,400.0,0.0,duct_filler,0,1247.0
227.4613391789278,400.0,0.0,duct_filler,0,1247.0
234.38954240920327,400.0,0.0,duct_filler,0,1247.0
241.31774563947874,400.0,0.0,duct_filler,0,1247.0
248.24594886975422,400.0,0.0,duct_filler,0,1247.0
255.1741521000298,400.0,0.0,duct_filler,0,1247.0
262.10235533030504,400.0,0.0,duct_filler,0,1247.0
269.03055856058074,400.0,0.0,duct_filler,0,1247.0
275.9587617908561,400.0,0.0,duct_filler,0,1247.0
282.8869650211316,400.0,0.0,duct_filler,0,1247.0
442.2356393174673,400.0,0.0,duct_filler,0,1247.0
449.1638425477428,400.0,0.0,duct_filler,0,1247.0
456.09204577801836,400.0,0.0,duct_filler,0,1247.0
463.02024900829383,400.0,0.0,duct_filler,0,1247.0
469.9484522385692,400.0,0.0,duct_filler,0,1247.0
476.87665546884466,400.0,0.0,duct_filler,0,1247.0
483.80485869912013,400.0,0.0,duct_filler,0,1247.0
490.7330619293955,400.0,0.0,duct_filler,0,1247.0
497.6612651596713,400.0,0.0,duct_filler,0,1247.0
-32.34628195640266,394.0,0.0,duct_filler,0,1247.0
-25.41807872612725,394.0,0.0,duct_filler,0,1247.0
-18.489875495851663,394.0,0.0,duct_filler,0,1247.0
-11.561672265576135,394.0,0.0,duct_filler,0,1247.0
161.64340849131088,394.0,0.0,duct_filler,0,1247.0
168.57161172158635,394.0,0.0,duct_filler,0,1247.0
175.49981495186182,394.0,0.0,duct_filler,0,1247.0
182.4280181821373,394.0,0.0,duct_filler,0,1247.0
189.35622141241265,394.0,0.0,duct_filler,0,1247.0
196.28442464268812,394.0,0.0,duct_filler,0,1247.0
203.2126278729637,394.0,0.0,duct_filler,0,1247.0
210.14083110323918,394.0,0.0,duct_filler,0,1247.0
217.06903433351465,394.0,0.0,duct_filler,0,1247.0
223.99723756379012,394.0,0.0,duct_filler,0,1247.0
230.9254407940656,394.0,0.0,duct_filler,0,1247.0
237.85364402434107,394.0,0.0,duct_filler,0,1247.0
244.78184725461665,394.0,0.0,duct_filler,0,1247.0
251.7100504848919,394.0,0.0,duct_filler,0,1247.0
258.6382537151676,394.0,0.0,duct_filler,0,1247.0
265.56645694544295,394.0,0.0,duct_filler,0,1247.0
272.49466017571854,394.0,0.0,duct_filler,0,1247.0
279.4228634059939,394.0,0.0,duct_filler,0,1247.0
286.35106663626937,394.0,0.0,duct_filler,0,1247.0
438.77153770232974,394.0,0.0,duct_filler,0,1247.0
445.6997409326052,394.0,0.0,duct_filler,0,1247.0
452.6279441628807,394.0,0.0,duct_filler,0,1247.0
459.55614739315604,394.0,0.0,duct_filler,0,1247.0
466.4843506234315,394.0,0.0,duct_filler,0,1247.0
473.412553853707,394.0,0.0,duct_filler,0,1247.0
480.3407570839827,394.0,0.0,duct_filler,0,1247.0
487.2689603142578,394.0,0.0,duct_filler,0,1247.0
494.1971635445336,394.0,0.0,duct_filler,0,1247.0
501.125366774809,394.0,0.0,duct_filler,0,1247.0
-35.810383571540456,388.0,0.0,duct_filler,0,1247.0
-28.882180341264927,388.0,0.0,duct_filler,0,1247.0
-21.953977110989342,388.0,0.0,duct_filler,0,1247.0
-15.025773880713814,388.0,0.0,duct_filler,0,1247.0
165.10751010644856,388.0,0.0,duct_filler,0,1247.0
172.03571333672403,388.0,0.0,duct_filler,0,1247.0
178.9639165669995,388.0,0.0,duct_filler,0,1247.0
185.89211979727497,388.0,0.0,duct_filler,0,1247.0
192.82032302755056,388.0,0.0,duct_filler,0,1247.0
199.7485262578258,388.0,0.0,duct_filler,0,1247.0
206.6767294881015,388.0,0.0,duct_filler,0,1247.0
213.60493271837686,388.0,0.0,duct_filler,0,1247.0
220.53313594865233,388.0,0.0,duct_filler,0,1247.0
227.4613391789278,388.0,0.0,duct_filler,0,1247.0
234.38954240920327,388.0,0.0,duct_filler,0,1247.0
241.31774563947874,388.0,0.0,duct_filler,0,1247.0
248.24594886975422,388.0,0.0,duct_filler,0,1247.0
255.1741521000298,388.0,0.0,duct_filler,0,1247.0
262.10235533030504,388.0,0.0,duct_filler,0,1247.0
269.03055856058074,388.0,0.0,duct_filler,0,1247.0
275.9587617908561,388.0,0.0,duct_filler,0,1247.0
282.8869650211316,388.0,0.0,duct_filler,0,1247.0
289.81516825140704,388.0,0.0,duct_filler,0,1247.0
296.7433714816825,388.0,0.0,duct_filler,0,1247.0
303.671574711958,388.0,0.0,duct_filler,0,1247.0
435.30743608719183,388.0,0.0,duct_filler,0,1247.0
442.2356393174673,388.0,0.0,duct_filler,0,1247.0
449.1638425477428,388.0,0.0,duct_filler,0,1247.0
456.09204577801836,388.0,0.0,duct_filler,0,1247.0
463.02024900829383,388.0,0.0,duct_filler,0,1247.0
469.9484522385692,388.0,0.0,duct_filler,0,1247.0
476.87665546884466,388.0,0.0,duct_filler,0,1247.0
483.80485869912013,388.0,0.0,duct_filler,0,1247.0
490.7330619293955,388.0,0.0,duct_filler,0,1247.0
497.6612651596713,388.0,0.0,duct_filler,0,1247.0
-53.130891647229305,382.0,0.0,duct_filler,0,1247.0
-32.34628195640266,382.0,0.0,duct_filler,0,1247.0
-25.41807872612725,382.0,0.0,duct_filler,0,1247.0
161.64340849131088,382.0,0.0,duct_filler,0,1247.0
168.57161172158635,382.0,0.0,duct_filler,0,1247.0
175.49981495186182,382.0,0.0,duct_filler,0,1247.0
182.4280181821373,382.0,0.0,duct_filler,0,1247.0
189.35622141241265,382.0,0.0,duct_filler,0,1247.0
196.28442464268812,382.0,0.0,duct_filler,0,1247.0
203.2126278729637,382.0,0.0,duct_filler,0,1247.0
210.14083110323918,382.0,0.0,duct_filler,0,1247.0
217.06903433351465,382.0,0.0,duct_filler,0,1247.0
223.99723756379012,382.0,0.0,duct_filler,0,1247.0
230.9254407940656,382.0,0.0,duct_filler,0,1247.0
237.85364402434107,382.0,0.0,duct_filler,0,1247.0
244.78184725461665,382.0,0.0,duct_filler,0,1247.0
251.7100504848919,382.0,0.0,duct_filler,0,1247.0
258.6382537151676,382.0,0.0,duct_filler,0,1247.0
265.56645694544295,382.0,0.0,duct_filler,0,1247.0
272.49466017571854,382.0,0.0,duct_filler,0,1247.0
279.4228634059939,382.0,0.0,duct_filler,0,1247.0
286.35106663626937,382.0,0.0,duct_filler,0,1247.0
293.27926986654484,382.0,0.0,duct_filler,0,1247.0
300.2074730968204,382.0,0.0,duct_filler,0,1247.0
307.13567632709567,382.0,0.0,duct_filler,0,1247.0
314.06387955737125,382.0,0.0,duct_filler,0,1247.0
431.8433344720544,382.0,0.0,duct_filler,0,1247.0
438.77153770232974,382.0,0.0,duct_filler,0,1247.0
445.6997409326052,382.0,0.0,duct_filler,0,1247.0
452.6279441628807,382.0,0.0,duct_filler,0,1247.0
459.55614739315604,382.0,0.0,duct_filler,0,1247.0
466.4843506234315,382.0,0.0,duct_filler,0,1247.0
473.412553853707,382.0,0.0,duct_filler,0,1247.0
480.3407570839827,382.0,0.0,duct_filler,0,1247.0
487.2689603142578,382.0,0.0,duct_filler,0,1247.0
494.1971635445336,382.0,0.0,duct_filler,0,1247.0
501.125366774809,382.0,0.0,duct_filler,0,1247.0
-63.523196492642626,376.0,0.0,duct_filler,0,1247.0
-56.5949932623671,376.0,0.0,duct_filler,0,1247.0
-49.66679003209157,376.0,0.0,duct_filler,0,1247.0
-42.738586801815984,376.0,0.0,duct_filler,0,1247.0
-35.810383571540456,376.0,0.0,duct_filler,0,1247.0
-28.882180341264927,376.0,0.0,duct_filler,0,1247.0
165.10751010644856,376.0,0.0,duct_filler,0,1247.0
172.03571333672403,376.0,0.0,duct_filler,0,1247.0
178.9639165669995,376.0,0.0,duct_filler,0,1247.0
185.89211979727497,376.0,0.0,duct_filler,0,1247.0
192.82032302755056,376.0,0.0,duct_filler,0,1247.0
199.7485262578258,376.0,0.0,duct_filler,0,1247.0
206.6767294881015,376.0,0.0,duct_filler,0,1247.0
213.60493271837686,376.0,0.0,duct_filler,0,1247.0
220.53313594865233,376.0,0.0,duct_filler,0,1247.0
227.4613391789278,376.0,0.0,duct_filler,0,1247.0
234.38954240920327,376.0,0.0,duct_filler,0,1247.0
241.31774563947874,376.0,0.0,duct_filler,0,1247.0
248.24594886975422,376.0,0.0,duct_filler,0,1247.0
255.1741521000298,376.0,0.0,duct_filler,0,1247.0
262.10235533030504,376.0,0.0,duct_filler,0,1247.0
269.03055856058074,376.0,0.0,duct_filler,0,1247.0
275.9587617908561,376.0,0.0,duct_filler,0,1247.0
282.8869650211316,376.0,0.0,duct_filler,0,1247.0
289.81516825140704,376.0,0.0,duct_filler,0,1247.0
296.7433714816825,376.0,0.0,duct_filler,0,1247.0
303.671574711958,376.0,0.0,duct_filler,0,1247.0
310.5997779422336,376.0,0.0,duct_filler,0,1247.0
317.5279811725088,376.0,0.0,duct_filler,0,1247.0
435.30743608719183,376.0,0.0,duct_filler,0,1247.0
442.2356393174673,376.0,0.0,duct_filler,0,1247.0
449.1638425477428,376.0,0.0,duct_filler,0,1247.0
456.09204577801836,376.0,0.0,duct_filler,0,1247.0
463.02024900829383,376.0,0.0,duct_filler,0,1247.0
469.9484522385692,376.0,0.0,duct_filler,0,1247.0
476.87665546884466,376.0,0.0,duct_filler,0,1247.0
483.80485869912013,376.0,0.0,duct_filler,0,1247.0
490.7330619293955,376.0,0.0,duct_filler,0,1247.0
497.6612651596713,376.0,0.0,duct_filler,0,1247.0
-66.9872981077803,370.0,0.0,duct_filler,0,1247.0
-60.059094877504776,370.0,0.0,duct_filler,0,1247.0
-53.130891647229305,370.0,0.0,duct_filler,0,1247.0
-46.20268841695378,370.0,0.0,duct_filler,0,1247.0
-39.27448518667825,370.0,0.0,duct_filler,0,1247.0
-32.34628195640266,370.0,0.0,duct_filler,0,1247.0
-25.41807872612725,370.0,0.0,duct_filler,0,1247.0
161.64340849131088,370.0,0.0,duct_filler,0,1247.0
168.57161172158635,370.0,0.0,duct_filler,0,1247.0
175.49981495186182,370.0,0.0,duct_filler,0,1247.0
182.4280181821373,370.0,0.0,duct_filler,0,1247.0
189.35622141241265,370.0,0.0,duct_filler,0,1247.0
196.28442464268812,370.0,0.0,duct_filler,0,1247.0
203.2126278729637,370.0,0.0,duct_filler,0,1247.0
210.14083110323918,370.0,0.0,duct_filler,0,1247.0
217.06903433351465,370.0,0.0,duct_filler,0,1247.0
223.99723756379012,370.0,0.0,duct_filler,0,1247.0
230.9254407940656,370.0,0.0,duct_filler,0,1247.0
237.85364402434107,370.0,0.0,duct_filler,0,1247.0
244.78184725461665,370.0,0.0,duct_filler,0,1247.0
251.7100504848919,370.0,0.0,duct_filler,0,1247.0
258.6382537151676,370.0,0.0,duct_filler,0,1247.0
265.56645694544295,370.0,0.0,duct_filler,0,1247.0
272.49466017571854,370.0,0.0,duct_filler,0,1247.0
279.4228634059939,370.0,0.0,duct_filler,0,1247.0
286.35106663626937,370.0,0.0,duct_filler,0,1247.0
293.27926986654484,370.0,0.0,duct_filler,0,1247.0
300.2074730968204,370.0,0.0,duct_filler,0,1247.0
307.13567632709567,370.0,0.0,duct_filler,0,1247.0
314.06387955737125,370.0,0.0,duct_filler,0,1247.0
320.9920827876467,370.0,0.0,duct_filler,0,1247.0
431.8433344720544,370.0,0.0,duct_filler,0,1247.0
438.77153770232974,370.0,0.0,duct_filler,0,1247.0
445.6997409326052,370.0,0.0,duct_filler,0,1247.0
452.6279441628807,370.0,0.0,duct_filler,0,1247.0
459.55614739315604,370.0,0.0,duct_filler,0,1247.0
466.4843506234315,370.0,0.0,duct_filler,0,1247.0
473.412553853707,370.0,0.0,duct_filler,0,1247.0
480.3407570839827,370.0,0.0,duct_filler,0,1247.0
487.2689603142578,370.0,0.0,duct_filler,0,1247.0
494.1971635445336,370.0,0.0,duct_filler,0,1247.0
501.125366774809,370.0,0.0,duct_filler,0,1247.0
-70.4513997229181,364.0,0.0,duct_filler,0,1247.0
-63.523196492642626,364.0,0.0,duct_filler,0,1247.0
-56.5949932623671,364.0,0.0,duct_filler,0,1247.0
-49.66679003209157,364.0,0.0,duct_filler,0,1247.0
-42.738586801815984,364.0,0.0,duct_filler,0,1247.0
-35.810383571540456,364.0,0.0,duct_filler,0,1247.0
-28.882180341264927,364.0,0.0,duct_filler,0,1247.0
165.10751010644856,364.0,0.0,duct_filler,0,1247.0
172.03571333672403,364.0,0.0,duct_filler,0,1247.0
178.9639165669995,364.0,0.0,duct_filler,0,1247.0
185.89211979727497,364.0,0.0,duct_filler,0,1247.0
192.82032302755056,364.0,0.0,duct_filler,0,1247.0
199.7485262578258,364.0,0.0,duct_filler,0,1247.0
206.6767294881015,364.0,0.0,duct_filler,0,1247.0
213.60493271837686,364.0,0.0,duct_filler,0,1247.0
220.53313594865233,364.0,0.0,duct_filler,0,1247.0
227.4613391789278,364.0,0.0,duct_filler,0,1247.0
234.38954240920327,364.0,0.0,duct_filler,0,1247.0
241.31774563947874,364.0,0.0,duct_filler,0,1247.0
248.24594886975422,364.0,0.0,duct_filler,0,1247.0
255.1741521000298,364.0,0.0,duct_filler,0,1247.0
262.10235533030504,364.0,0.0,duct_filler,0,1247.0
269.03055856058074,364.0,0.0,duct_filler,0,1247.0
275.9587617908561,364.0,0.0,duct_filler,0,1247.0
282.8869650211316,364.0,0.0,duct_filler,0,1247.0
289.81516825140704,364.0,0.0,duct_filler,0,1247.0
296.7433714816825,364.0,0.0,duct_filler,0,1247.0
303.671574711958,364.0,0.0,duct_filler,0,1247.0
310.5997779422336,364.0,0.0,duct_filler,0,1247.0
317.5279811725088,364.0,0.0,duct_filler,0,1247.0
435.30743608719183,364.0,0.0,duct_filler,0,1247.0
442.2356393174673,364.0,0.0,duct_filler,0,1247.0
449.1638425477428,364.0,0.0,duct_filler,0,1247.0
456.09204577801836,364.0,0.0,duct_filler,0,1247.0
463.02024900829383,364.0,0.0,duct_filler,0,1247.0
469.9484522385692,364.0,0.0,duct_filler,0,1247.0
476.87665546884466,364.0,0.0,duct_filler,0,1247.0
483.80485869912013,364.0,0.0,duct_filler,0,1247.0
490.7330619293955,364.0,0.0,duct_filler,0,1247.0
497.6612651596713,364.0,0.0,duct_filler,0,1247.0
-73.91550133805589,358.0,0.0,duct_filler,0,1247.0
-66.9872981077803,358.0,0.0,duct_filler,0,1247.0
-60.059094877504776,358.0,0.0,duct_filler,0,1247.0
-53.130891647229305,358.0,0.0,duct_filler,0,1247.0
-46.20268841695378,358.0,0.0,duct_filler,0,1247.0
-39.27448518667825,358.0,0.0,duct_filler,0,1247.0
161.64340849131088,358.0,0.0,duct_filler,0,1247.0
168.57161172158635,358.0,0.0,duct_filler,0,1247.0
175.49981495186182,358.0,0.0,duct_filler,0,1247.0
182.4280181821373,358.0,0.0,duct_filler,0,1247.0
189.35622141241265,358.0,0.0,duct_filler,0,1247.0
196.28442464268812,358.0,0.0,duct_filler,0,1247.0
203.2126278729637,358.0,0.0,duct_filler,0,1247.0
210.14083110323918,358.0,0.0,duct_filler,0,1247.0
217.06903433351465,358.0,0.0,duct_filler,0,1247.0
223.99723756379012,358.0,0.0,duct_filler,0,1247.0
230.9254407940656,358.0,0.0,duct_filler,0,1247.0
237.85364402434107,358.0,0.0,duct_filler,0,1247.0
244.78184725461665,358.0,0.0,duct_filler,0,1247.0
251.7100504848919,358.0,0.0,duct_filler,0,1247.0
258.6382537151676,358.0,0.0,duct_filler,0,1247.0
265.56645694544295,358.0,0.0,duct_filler,0,1247.0
272.49466017571854,358.0,0.0,duct_filler,0,1247.0
279.4228634059939,358.0,0.0,duct_filler,0,1247.0
286.35106663626937,358.0,0.0,duct_filler,0,1247.0
293.27926986654484,358.0,0.0,duct_filler,0,1247.0
300.2074730968204,358.0,0.0,duct_filler,0,1247.0
307.13567632709567,358.0,0.0,duct_filler,0,1247.0
314.06387955737125,358.0,0.0,duct_filler,0,1247.0
320.9920827876467,358.0,0.0,duct_filler,0,1247.0
327.92028601792254,358.0,0.0,duct_filler,0,1247.0
438.77153770232974,358.0,0.0,duct_filler,0,1247.0
445.6997409326052,358.0,0.0,duct_filler,0,1247.0
452.6279441628807,358.0,0.0,duct_filler,0,1247.0
459.55614739315604,358.0,0.0,duct_filler,0,1247.0
466.4843506234315,358.0,0.0,duct_filler,0,1247.0
473.412553853707,358.0,0.0,duct_filler,0,1247.0
480.3407570839827,358.0,0.0,duct_filler,0,1247.0
487.2689603142578,358.0,0.0,duct_filler,0,1247.0
494.1971635445336,358.0,0.0,duct_filler,0,1247.0
501.125366774809,358.0,0.0,duct_filler,0,1247.0
-77.37960295319363,352.0,0.0,duct_filler,0,1247.0
-70.4513997229181,352.0,0.0,duct_filler,0,1247.0
-63.523196492642626,352.0,0.0,duct_filler,0,1247.0
-56.5949932623671,352.0,0.0,duct_filler,0,1247.0
-49.66679003209157,352.0,0.0,duct_filler,0,1247.0
-42.738586801815984,352.0,0.0,duct_filler,0,1247.0
165.10751010644856,352.0,0.0,duct_filler,0,1247.0
172.03571333672403,352.0,0.0,duct_filler,0,1247.0
178.9639165669995,352.0,0.0,duct_filler,0,1247.0
185.89211979727497,352.0,0.0,duct_filler,0,1247.0
192.82032302755056,352.0,0.0,duct_filler,0,1247.0
199.7485262578258,352.0,0.0,duct_filler,0,1247.0
206.6767294881015,352.0,0.0,duct_filler,0,1247.0
213.60493271837686,352.0,0.0,duct_filler,0,1247.0
220.53313594865233,352.0,0.0,duct_filler,0,1247.0
227.4613391789278,352.0,0.0,duct_filler,0,1247.0
234.38954240920327,352.0,0.0,duct_filler,0,1247.0
241.31774563947874,352.0,0.0,duct_filler,0,1247.0
248.24594886975422,352.0,0.0,duct_filler,0,1247.0
255.1741521000298,352.0,0.0,duct_filler,0,1247.0
262.10235533030504,352.0,0.0,duct_filler,0,1247.0
269.03055856058074,352.0,0.0,duct_filler,0,1247.0
275.9587617908561,352.0,0.0,duct_filler,0,1247.0
282.8869650211316,352.0,0.0,duct_filler,0,1247.0
289.81516825140704,352.0,0.0,duct_filler,0,1247.0
296.7433714816825,352.0,0.0,duct_filler,0,1247.0
303.671574711958,352.0,0.0,duct_filler,0,1247.0
310.5997779422336,352.0,0.0,duct_filler,0,1247.0
317.5279811725088,352.0,0.0,duct_filler,0,1247.0
324.4561844027844,352.0,0.0,duct_filler,0,1247.0
331.3843876330599,352.0,0.0,duct_filler,0,1247.0
338.31259086333534,352.0,0.0,duct_filler,0,1247.0
345.2407940936107,352.0,0.0,duct_filler,0,1247.0
442.2356393174673,352.0,0.0,duct_filler,0,1247.0
449.1638425477428,352.0,0.0,duct_filler,0,1247.0
456.09204577801836,352.0,0.0,duct_filler,0,1247.0
463.02024900829383,352.0,0.0,duct_filler,0,1247.0
469.9484522385692,352.0,0.0,duct_filler,0,1247.0
476.87665546884466,352.0,0.0,duct_filler,0,1247.0
483.80485869912013,352.0,0.0,duct_filler,0,1247.0
490.7330619293955,352.0,0.0,duct_filler,0,1247.0
497.6612651596713,352.0,0.0,duct_filler,0,1247.0
-66.9872981077803,346.0,0.0,duct_filler,0,1247.0
-60.059094877504776,346.0,0.0,duct_filler,0,1247.0
-53.130891647229305,346.0,0.0,duct_filler,0,1247.0
-46.20268841695378,346.0,0.0,duct_filler,0,1247.0
175.49981495186182,346.0,0.0,duct_filler,0,1247.0
182.4280181821373,346.0,0.0,duct_filler,0,1247.0
189.35622141241265,346.0,0.0,duct_filler,0,1247.0
196.28442464268812,346.0,0.0,duct_filler,0,1247.0
203.2126278729637,346.0,0.0,duct_filler,0,1247.0
210.14083110323918,346.0,0.0,duct_filler,0,1247.0
217.06903433351465,346.0,0.0,duct_filler,0,1247.0
223.99723756379012,346.0,0.0,duct_filler,0,1247.0
230.9254407940656,346.0,0.0,duct_filler,0,1247.0
237.85364402434107,346.0,0.0,duct_filler,0,1247.0
244.78184725461665,346.0,0.0,duct_filler,0,1247.0
251.7100504848919,346.0,0.0,duct_filler,0,1247.0
258.6382537151676,346.0,0.0,duct_filler,0,1247.0
265.56645694544295,346.0,0.0,duct_filler,0,1247.0
272.49466017571854,346.0,0.0,duct_filler,0,1247.0
279.4228634059939,346.0,0.0,duct_filler,0,1247.0
286.35106663626937,346.0,0.0,duct_filler,0,1247.0
293.27926986654484,346.0,0.0,duct_filler,0,1247.0
300.2074730968204,346.0,0.0,duct_filler,0,1247.0
307.13567632709567,346.0,0.0,duct_filler,0,1247.0
314.06387955737125,346.0,0.0,duct_filler,0,1247.0
320.9920827876467,346.0,0.0,duct_filler,0,1247.0
327.92028601792254,346.0,0.0,duct_filler,0,1247.0
334.84848924819755,346.0,0.0,duct_filler,0,1247.0
341.77669247847336,346.0,0.0,duct_filler,0,1247.0
348.70489570874884,346.0,0.0,duct_filler,0,1247.0
355.6330989390242,346.0,0.0,duct_filler,0,1247.0
438.77153770232974,346.0,0.0,duct_filler,0,1247.0
445.6997409326052,346.0,0.0,duct_filler,0,1247.0
452.6279441628807,346.0,0.0,duct_filler,0,1247.0
459.55614739315604,346.0,0.0,duct_filler,0,1247.0
466.4843506234315,346.0,0.0,duct_filler,0,1247.0
473.412553853707,346.0,0.0,duct_filler,0,1247.0
480.3407570839827,346.0,0.0,duct_filler,0,1247.0
487.2689603142578,346.0,0.0,duct_filler,0,1247.0
494.1971635445336,346.0,0.0,duct_filler,0,1247.0
501.125366774809,346.0,0.0,duct_filler,0,1247.0
-70.4513997229181,340.0,0.0,duct_filler,0,1247.0
-63.523196492642626,340.0,0.0,duct_filler,0,1247.0
-56.5949932623671,340.0,0.0,duct_filler,0,1247.0
178.9639165669995,340.0,0.0,duct_filler,0,1247.0
185.89211979727497,340.0,0.0,duct_filler,0,1247.0
192.82032302755056,340.0,0.0,duct_filler,0,1247.0
199.7485262578258,340.0,0.0,duct_filler,0,1247.0
206.6767294881015,340.0,0.0,duct_filler,0,1247.0
213.60493271837686,340.0,0.0,duct_filler,0,1247.0
220.53313594865233,340.0,0.0,duct_filler,0,1247.0
227.4613391789278,340.0,0.0,duct_filler,0,1247.0
234.38954240920327,340.0,0.0,duct_filler,0,1247.0
241.31774563947874,340.0,0.0,duct_filler,0,1247.0
248.24594886975422,340.0,0.0,duct_filler,0,1247.0
255.1741521000298,340.0,0.0,duct_filler,0,1247.0
262.10235533030504,340.0,0.0,duct_filler,0,1247.0
269.03055856058074,340.0,0.0,duct_filler,0,1247.0
275.9587617908561,340.0,0.0,duct_filler,0,1247.0
282.8869650211316,340.0,0.0,duct_filler,0,1247.0
289.81516825140704,340.0,0.0,duct_filler,0,1247.0
296.7433714816825,340.0,0.0,duct_filler,0,1247.0
303.671574711958,340.0,0.0,duct_filler,0,1247.0
310.5997779422336,340.0,0.0,duct_filler,0,1247.0
317.5279811725088,340.0,0.0,duct_filler,0,1247.0
324.4561844027844,340.0,0.0,duct_filler,0,1247.0
331.3843876330599,340.0,0.0,duct_filler,0,1247.0
338.31259086333534,340.0,0.0,duct_filler,0,1247.0
345.2407940936107,340.0,0.0,duct_filler,0,1247.0
352.1689973238865,340.0,0.0,duct_filler,0,1247.0
359.097200554162,340.0,0.0,duct_filler,0,1247.0
442.2356393174673,340.0,0.0,duct_filler,0,1247.0
449.1638425477428,340.0,0.0,duct_filler,0,1247.0
456.09204577801836,340.0,0.0,duct_filler,0,1247.0
463.02024900829383,340.0,0.0,duct_filler,0,1247.0
469.9484522385692,340.0,0.0,duct_filler,0,1247.0
476.87665546884466,340.0,0.0,duct_filler,0,1247.0
483.80485869912013,340.0,0.0,duct_filler,0,1247.0
490.7330619293955,340.0,0.0,duct_filler,0,1247.0
497.6612651596713,340.0,0.0,duct_filler,0,1247.0
-60.059094877504776,334.0,0.0,duct_filler,0,1247.0
175.49981495186182,334.0,0.0,duct_filler,0,1247.0
182.4280181821373,334.0,0.0,duct_filler,0,1247.0
189.35622141241265,334.0,0.0,duct_filler,0,1247.0
196.28442464268812,334.0,0.0,duct_filler,0,1247.0
203.2126278729637,334.0,0.0,duct_filler,0,1247.0
210.14083110323918,334.0,0.0,duct_filler,0,1247.0
217.06903433351465,334.0,0.0,duct_filler,0,1247.0
223.99723756379012,334.0,0.0,duct_filler,0,1247.0
230.9254407940656,334.0,0.0,duct_filler,0,1247.0
237.85364402434107,334.0,0.0,duct_filler,0,1247.0
244.78184725461665,334.0,0.0,duct_filler,0,1247.0
251.7100504848919,334.0,0.0,duct_filler,0,1247.0
258.6382537151676,334.0,0.0,duct_filler,0,1247.0
265.56645694544295,334.0,0.0,duct_filler,0,1247.0
272.49466017571854,334.0,0.0,duct_filler,0,1247.0
279.4228634059939,334.0,0.0,duct_filler,0,1247.0
286.35106663626937,334.0,0.0,duct_filler,0,1247.0
293.27926986654484,334.0,0.0,duct_filler,0,1247.0
300.2074730968204,334.0,0.0,duct_filler,0,1247.0
307.13567632709567,334.0,0.0,duct_filler,0,1247.0
314.06387955737125,334.0,0.0,duct_filler,0,1247.0
320.9920827876467,334.0,0.0,duct_filler,0,1247.0
327.92028601792254,334.0,0.0,duct_filler,0,1247.0
334.84848924819755,334.0,0.0,duct_filler,0,1247.0
341.77669247847336,334.0,0.0,duct_filler,0,1247.0
348.70489570874884,334.0,0.0,duct_filler,0,1247.0
355.6330989390242,334.0,0.0,duct_filler,0,1247.0
438.77153770232974,334.0,0.0,duct_filler,0,1247.0
445.6997409326052,334.0,0.0,duct_filler,0,1247.0
452.6279441628807,334.0,0.0,duct_filler,0,1247.0
459.55614739315604,334.0,0.0,duct_filler,0,1247.0
466.4843506234315,334.0,0.0,duct_filler,0,1247.0
473.412553853707,334.0,0.0,duct_filler,0,1247.0
480.3407570839827,334.0,0.0,duct_filler,0,1247.0
487.2689603142578,334.0,0.0,duct_filler,0,1247.0
494.1971635445336,334.0,0.0,duct_filler,0,1247.0
501.125366774809,334.0,0.0,duct_filler,0,1247.0
172.03571333672403,328.0,0.0,duct_filler,0,1247.0
178.9639165669995,328.0,0.0,duct_filler,0,1247.0
185.89211979727497,328.0,0.0,duct_filler,0,1247.0
192.82032302755056,328.0,0.0,duct_filler,0,1247.0
199.7485262578258,328.0,0.0,duct_filler,0,1247.0
206.6767294881015,328.0,0.0,duct_filler,0,1247.0
213.60493271837686,328.0,0.0,duct_filler,0,1247.0
220.53313594865233,328.0,0.0,duct_filler,0,1247.0
227.4613391789278,328.0,0.0,duct_filler,0,1247.0
234.38954240920327,328.0,0.0,duct_filler,0,1247.0
241.31774563947874,328.0,0.0,duct_filler,0,1247.0
248.24594886975422,328.0,0.0,duct_filler,0,1247.0
255.1741521000298,328.0,0.0,duct_filler,0,1247.0
262.10235533030504,328.0,0.0,duct_filler,0,1247.0
269.03055856058074,328.0,0.0,duct_filler,0,1247.0
275.9587617908561,328.0,0.0,duct_filler,0,1247.0
282.8869650211316,328.0,0.0,duct_filler,0,1247.0
289.81516825140704,328.0,0.0,duct_filler,0,1247.0
296.7433714816825,328.0,0.0,duct_filler,0,1247.0
303.671574711958,328.0,0.0,duct_filler,0,1247.0
310.5997779422336,328.0,0.0,duct_filler,0,1247.0
317.5279811725088,328.0,0.0,duct_filler,0,1247.0
324.4561844027844,328.0,0.0,duct_filler,0,1247.0
331.3843876330599,328.0,0.0,duct_filler,0,1247.0
338.31259086333534,328.0,0.0,duct_filler,0,1247.0
345.2407940936107,328.0,0.0,duct_filler,0,1247.0
352.1689973238865,328.0,0.0,duct_filler,0,1247.0
442.2356393174673,328.0,0.0,duct_filler,0,1247.0
449.1638425477428,328.0,0.0,duct_filler,0,1247.0
456.09204577801836,328.0,0.0,duct_filler,0,1247.0
463.02024900829383,328.0,0.0,duct_filler,0,1247.0
469.9484522385692,328.0,0.0,duct_filler,0,1247.0
476.87665546884466,328.0,0.0,duct_filler,0,1247.0
483.80485869912013,328.0,0.0,duct_filler,0,1247.0
490.7330619293955,328.0,0.0,duct_filler,0,1247.0
497.6612651596713,328.0,0.0,duct_filler,0,1247.0
161.64340849131088,322.0,0.0,duct_filler,0,1247.0
168.57161172158635,322.0,0.0,duct_filler,0,1247.0
175.49981495186182,322.0,0.0,duct_filler,0,1247.0
182.4280181821373,322.0,0.0,duct_filler,0,1247.0
189.35622141241265,322.0,0.0,duct_filler,0,1247.0
196.28442464268812,322.0,0.0,duct_filler,0,1247.0
203.2126278729637,322.0,0.0,duct_filler,0,1247.0
210.14083110323918,322.0,0.0,duct_filler,0,1247.0
217.06903433351465,322.0,0.0,duct_filler,0,1247.0
223.99723756379012,322.0,0.0,duct_filler,0,1247.0
230.9254407940656,322.0,0.0,duct_filler,0,1247.0
237.85364402434107,322.0,0.0,duct_filler,0,1247.0
244.78184725461665,322.0,0.0,duct_filler,0,1247.0
251.7100504848919,322.0,0.0,duct_filler,0,1247.0
258.6382537151676,322.0,0.0,duct_filler,0,1247.0
265.56645694544295,322.0,0.0,duct_filler,0,1247.0
272.49466017571854,322.0,0.0,duct_filler,0,1247.0
279.4228634059939,322.0,0.0,duct_filler,0,1247.0
286.35106663626937,322.0,0.0,duct_filler,0,1247.0
293.27926986654484,322.0,0.0,duct_filler,0,1247.0
300.2074730968204,322.0,0.0,duct_filler,0,1247.0
307.13567632709567,322.0,0.0,duct_filler,0,1247.0
314.06387955737125,322.0,0.0,duct_filler,0,1247.0
320.9920827876467,322.0,0.0,duct_filler,0,1247.0
327.92028601792254,322.0,0.0,duct_filler,0,1247.0
334.84848924819755,322.0,0.0,duct_filler,0,1247.0
341.77669247847336,322.0,0.0,duct_filler,0,1247.0
348.70489570874884,322.0,0.0,duct_filler,0,1247.0
355.6330989390242,322.0,0.0,duct_filler,0,1247.0
438.77153770232974,322.0,0.0,duct_filler,0,1247.0
445.6997409326052,322.0,0.0,duct_filler,0,1247.0
452.6279441628807,322.0,0.0,duct_filler,0,1247.0
459.55614739315604,322.0,0.0,duct_filler,0,1247.0
466.4843506234315,322.0,0.0,duct_filler,0,1247.0
473.412553853707,322.0,0.0,duct_filler,0,1247.0
480.3407570839827,322.0,0.0,duct_filler,0,1247.0
487.2689603142578,322.0,0.0,duct_filler,0,1247.0
494.1971635445336,322.0,0.0,duct_filler,0,1247.0
501.125366774809,322.0,0.0,duct_filler,0,1247.0
158.1793068761731,316.0,0.0,duct_filler,0,1247.0
165.10751010644856,316.0,0.0,duct_filler,0,1247.0
172.03571333672403,316.0,0.0,duct_filler,0,1247.0
178.9639165669995,316.0,0.0,duct_filler,0,1247.0
185.89211979727497,316.0,0.0,duct_filler,0,1247.0
192.82032302755056,316.0,0.0,duct_filler,0,1247.0
199.7485262578258,316.0,0.0,duct_filler,0,1247.0
206.6767294881015,316.0,0.0,duct_filler,0,1247.0
213.60493271837686,316.0,0.0,duct_filler,0,1247.0
220.53313594865233,316.0,0.0,duct_filler,0,1247.0
227.4613391789278,316.0,0.0,duct_filler,0,1247.0
234.38954240920327,316.0,0.0,duct_filler,0,1247.0
241.31774563947874,316.0,0.0,duct_filler,0,1247.0
248.24594886975422,316.0,0.0,duct_filler,0,1247.0
255.1741521000298,316.0,0.0,duct_filler,0,1247.0
262.10235533030504,316.0,0.0,duct_filler,0,1247.0
269.03055856058074,316.0,0.0,duct_filler,0,1247.0
275.9587617908561,316.0,0.0,duct_filler,0,1247.0
282.8869650211316,316.0,0.0,duct_filler,0,1247.0
289.81516825140704,316.0,0.0,duct_filler,0,1247.0
296.7433714816825,316.0,0.0,duct_filler,0,1247.0
303.671574711958,316.0,0.0,duct_filler,0,1247.0
310.5997779422336,316.0,0.0,duct_filler,0,1247.0
317.5279811725088,316.0,0.0,duct_filler,0,1247.0
324.4561844027844,316.0,0.0,duct_filler,0,1247.0
345.2407940936107,316.0,0.0,duct_filler,0,1247.0
442.2356393174673,316.0,0.0,duct_filler,0,1247.0
449.1638425477428,316.0,0.0,duct_filler,0,1247.0
456.09204577801836,316.0,0.0,duct_filler,0,1247.0
463.02024900829383,316.0,0.0,duct_filler,0,1247.0
469.9484522385692,316.0,0.0,duct_filler,0,1247.0
476.87665546884466,316.0,0.0,duct_filler,0,1247.0
483.80485869912013,316.0,0.0,duct_filler,0,1247.0
490.7330619293955,316.0,0.0,duct_filler,0,1247.0
497.6612651596713,316.0,0.0,duct_filler,0,1247.0
154.7152052610354,310.0,0.0,duct_filler,0,1247.0
161.64340849131088,310.0,0.0,duct_filler,0,1247.0
168.57161172158635,310.0,0.0,duct_filler,0,1247.0
175.49981495186182,310.0,0.0,duct_filler,0,1247.0
182.4280181821373,310.0,0.0,duct_filler,0,1247.0
189.35622141241265,310.0,0.0,duct_filler,0,1247.0
196.28442464268812,310.0,0.0,duct_filler,0,1247.0
203.2126278729637,310.0,0.0,duct_filler,0,1247.0
210.14083110323918,310.0,0.0,duct_filler,0,1247.0
217.06903433351465,310.0,0.0,duct_filler,0,1247.0
223.99723756379012,310.0,0.0,duct_filler,0,1247.0
230.9254407940656,310.0,0.0,duct_filler,0,1247.0
237.85364402434107,310.0,0.0,duct_filler,0,1247.0
244.78184725461665,310.0,0.0,duct_filler,0,1247.0
251.7100504848919,310.0,0.0,duct_filler,0,1247.0
258.6382537151676,310.0,0.0,duct_filler,0,1247.0
265.56645694544295,310.0,0.0,duct_filler,0,1247.0
272.49466017571854,310.0,0.0,duct_filler,0,1247.0
279.4228634059939,310.0,0.0,duct_filler,0,1247.0
286.35106663626937,310.0,0.0,duct_filler,0,1247.0
293.27926986654484,310.0,0.0,duct_filler,0,1247.0
300.2074730968204,310.0,0.0,duct_filler,0,1247.0
307.13567632709567,310.0,0.0,duct_filler,0,1247.0
314.06387955737125,310.0,0.0,duct_filler,0,1247.0
438.77153770232974,310.0,0.0,duct_filler,0,1247.0
445.6997409326052,310.0,0.0,duct_filler,0,1247.0
452.6279441628807,310.0,0.0,duct_filler,0,1247.0
459.55614739315604,310.0,0.0,duct_filler,0,1247.0
466.4843506234315,310.0,0.0,duct_filler,0,1247.0
473.412553853707,310.0,0.0,duct_filler,0,1247.0
480.3407570839827,310.0,0.0,duct_filler,0,1247.0
487.2689603142578,310.0,0.0,duct_filler,0,1247.0
494.1971635445336,310.0,0.0,duct_filler,0,1247.0
501.125366774809,310.0,0.0,duct_filler,0,1247.0
151.25110364589762,304.0,0.0,duct_filler,0,1247.0
158.1793068761731,304.0,0.0,duct_filler,0,1247.0
165.10751010644856,304.0,0.0,duct_filler,0,1247.0
172.03571333672403,304.0,0.0,duct_filler,0,1247.0
178.9639165669995,304.0,0.0,duct_filler,0,1247.0
185.89211979727497,304.0,0.0,duct_filler,0,1247.0
192.82032302755056,304.0,0.0,duct_filler,0,1247.0
199.7485262578258,304.0,0.0,duct_filler,0,1247.0
206.6767294881015,304.0,0.0,duct_filler,0,1247.0
213.60493271837686,304.0,0.0,duct_filler,0,1247.0
220.53313594865233,304.0,0.0,duct_filler,0,1247.0
227.4613391789278,304.0,0.0,duct_filler,0,1247.0
234.38954240920327,304.0,0.0,duct_filler,0,1247.0
241.31774563947874,304.0,0.0,duct_filler,0,1247.0
248.24594886975422,304.0,0.0,duct_filler,0,1247.0
255.1741521000298,304.0,0.0,duct_filler,0,1247.0
262.10235533030504,304.0,0.0,duct_filler,0,1247.0
269.03055856058074,304.0,0.0,duct_filler,0,1247.0
275.9587617908561,304.0,0.0,duct_filler,0,1247.0
282.8869650211316,304.0,0.0,duct_filler,0,1247.0
289.81516825140704,304.0,0.0,duct_filler,0,1247.0
296.7433714816825,304.0,0.0,duct_filler,0,1247.0
303.671574711958,304.0,0.0,duct_filler,0,1247.0
310.5997779422336,304.0,0.0,duct_filler,0,1247.0
442.2356393174673,304.0,0.0,duct_filler,0,1247.0
449.1638425477428,304.0,0.0,duct_filler,0,1247.0
456.09204577801836,304.0,0.0,duct_filler,0,1247.0
463.02024900829383,304.0,0.0,duct_filler,0,1247.0
469.9484522385692,304.0,0.0,duct_filler,0,1247.0
476.87665546884466,304.0,0.0,duct_filler,0,1247.0
483.80485869912013,304.0,0.0,duct_filler,0,1247.0
490.7330619293955,304.0,0.0,duct_filler,0,1247.0
497.6612651596713,304.0,0.0,duct_filler,0,1247.0
147.78700203076005,298.0,0.0,duct_filler,0,1247.0
154.7152052610354,298.0,0.0,duct_filler,0,1247.0
161.64340849131088,298.0,0.0,duct_filler,0,1247.0
168.57161172158635,298.0,0.0,duct_filler,0,1247.0
175.49981495186182,298.0,0.0,duct_filler,0,1247.0
182.4280181821373,298.0,0.0,duct_filler,0,1247.0
189.35622141241265,298.0,0.0,duct_filler,0,1247.0
196.28442464268812,298.0,0.0,duct_filler,0,1247.0
203.2126278729637,298.0,0.0,duct_filler,0,1247.0
210.14083110323918,298.0,0.0,duct_filler,0,1247.0
217.06903433351465,298.0,0.0,duct_filler,0,1247.0
223.99723756379012,298.0,0.0,duct_filler,0,1247.0
230.9254407940656,298.0,0.0,duct_filler,0,1247.0
237.85364402434107,298.0,0.0,duct_filler,0,1247.0
244.78184725461665,298.0,0.0,duct_filler,0,1247.0
251.7100504848919,298.0,0.0,duct_filler,0,1247.0
258.6382537151676,298.0,0.0,duct_filler,0,1247.0
265.56645694544295,298.0,0.0,duct_filler,0,1247.0
272.49466017571854,298.0,0.0,duct_filler,0,1247.0
279.4228634059939,298.0,0.0,duct_filler,0,1247.0
286.35106663626937,298.0,0.0,duct_filler,0,1247.0
293.27926986654484,298.0,0.0,duct_filler,0,1247.0
300.2074730968204,298.0,0.0,duct_filler,0,1247.0
307.13567632709567,298.0,0.0,duct_filler,0,1247.0
314.06387955737125,298.0,0.0,duct_filler,0,1247.0
438.77153770232974,298.0,0.0,duct_filler,0,1247.0
445.6997409326052,298.0,0.0,duct_filler,0,1247.0
452.6279441628807,298.0,0.0,duct_filler,0,1247.0
459.55614739315604,298.0,0.0,duct_filler,0,1247.0
466.4843506234315,298.0,0.0,duct_filler,0,1247.0
473.412553853707,298.0,0.0,duct_filler,0,1247.0
480.3407570839827,298.0,0.0,duct_filler,0,1247.0
487.2689603142578,298.0,0.0,duct_filler,0,1247.0
494.1971635445336,298.0,0.0,duct_filler,0,1247.0
501.125366774809,298.0,0.0,duct_filler,0,1247.0
144.32290041562203,292.0,0.0,duct_filler,0,1247.0
151.25110364589762,292.0,0.0,duct_filler,0,1247.0
158.1793068761731,292.0,0.0,duct_filler,0,1247.0
165.10751010644856,292.0,0.0,duct_filler,0,1247.0
172.03571333672403,292.0,0.0,duct_filler,0,1247.0
178.9639165669995,292.0,0.0,duct_filler,0,1247.0
185.89211979727497,292.0,0.0,duct_filler,0,1247.0
192.82032302755056,292.0,0.0,duct_filler,0,1247.0
199.7485262578258,292.0,0.0,duct_filler,0,1247.0
206.6767294881015,292.0,0.0,duct_filler,0,1247.0
213.60493271837686,292.0,0.0,duct_filler,0,1247.0
220.53313594865233,292.0,0.0,duct_filler,0,1247.0
227.4613391789278,292.0,0.0,duct_filler,0,1247.0
234.38954240920327,292.0,0.0,duct_filler,0,1247.0
241.31774563947874,292.0,0.0,duct_filler,0,1247.0
248.24594886975422,292.0,0.0,duct_filler,0,1247.0
255.1741521000298,292.0,0.0,duct_filler,0,1247.0
262.10235533030504,292.0,0.0,duct_filler,0,1247.0
269.03055856058074,292.0,0.0,duct_filler,0,1247.0
275.9587617908561,292.0,0.0,duct_filler,0,1247.0
282.8869650211316,292.0,0.0,duct_filler,0,1247.0
289.81516825140704,292.0,0.0,duct_filler,0,1247.0
296.7433714816825,292.0,0.0,duct_filler,0,1247.0
303.671574711958,292.0,0.0,duct_filler,0,1247.0
310.5997779422336,292.0,0.0,duct_filler,0,1247.0
428.3792328569165,292.0,0.0,duct_filler,0,1247.0
435.30743608719183,292.0,0.0,duct_filler,0,1247.0
442.2356393174673,292.0,0.0,duct_filler,0,1247.0
449.1638425477428,292.0,0.0,duct_filler,0,1247.0
456.09204577801836,292.0,0.0,duct_filler,0,1247.0
463.02024900829383,292.0,0.0,duct_filler,0,1247.0
469.9484522385692,292.0,0.0,duct_filler,0,1247.0
476.87665546884466,292.0,0.0,duct_filler,0,1247.0
483.80485869912013,292.0,0.0,duct_filler,0,1247.0
490.7330619293955,292.0,0.0,duct_filler,0,1247.0
497.6612651596713,292.0,0.0,duct_filler,0,1247.0
147.78700203076005,286.0,0.0,duct_filler,0,1247.0
154.7152052610354,286.0,0.0,duct_filler,0,1247.0
161.64340849131088,286.0,0.0,duct_filler,0,1247.0
168.57161172158635,286.0,0.0,duct_filler,0,1247.0
175.49981495186182,286.0,0.0,duct_filler,0,1247.0
182.4280181821373,286.0,0.0,duct_filler,0,1247.0
189.35622141241265,286.0,0.0,duct_filler,0,1247.0
196.28442464268812,286.0,0.0,duct_filler,0,1247.0
203.2126278729637,286.0,0.0,duct_filler,0,1247.0
210.14083110323918,286.0,0.0,duct_filler,0,1247.0
217.06903433351465,286.0,0.0,duct_filler,0,1247.0
223.99723756379012,286.0,0.0,duct_filler,0,1247.0
230.9254407940656,286.0,0.0,duct_filler,0,1247.0
237.85364402434107,286.0,0.0,duct_filler,0,1247.0
244.78184725461665,286.0,0.0,duct_filler,0,1247.0
251.7100504848919,286.0,0.0,duct_filler,0,1247.0
258.6382537151676,286.0,0.0,duct_filler,0,1247.0
265.56645694544295,286.0,0.0,duct_filler,0,1247.0
272.49466017571854,286.0,0.0,duct_filler,0,1247.0
279.4228634059939,286.0,0.0,duct_filler,0,1247.0
286.35106663626937,286.0,0.0,duct_filler,0,1247.0
293.27926986654484,286.0,0.0,duct_filler,0,1247.0
300.2074730968204,286.0,0.0,duct_filler,0,1247.0
307.13567632709567,286.0,0.0,duct_filler,0,1247.0
314.06387955737125,286.0,0.0,duct_filler,0,1247.0
424.9151312417787,286.0,0.0,duct_filler,0,1247.0
431.8433344720544,286.0,0.0,duct_filler,0,1247.0
438.77153770232974,286.0,0.0,duct_filler,0,1247.0
445.6997409326052,286.0,0.0,duct_filler,0,1247.0
452.6279441628807,286.0,0.0,duct_filler,0,1247.0
459.55614739315604,286.0,0.0,duct_filler,0,1247.0
466.4843506234315,286.0,0.0,duct_filler,0,1247.0
473.412553853707,286.0,0.0,duct_filler,0,1247.0
480.3407570839827,286.0,0.0,duct_filler,0,1247.0
487.2689603142578,286.0,0.0,duct_filler,0,1247.0
494.1971635445336,286.0,0.0,duct_filler,0,1247.0
501.125366774809,286.0,0.0,duct_filler,0,1247.0
151.25110364589762,280.0,0.0,duct_filler,0,1247.0
158.1793068761731,280.0,0.0,duct_filler,0,1247.0
178.9639165669995,280.0,0.0,duct_filler,0,1247.0
185.89211979727497,280.0,0.0,duct_filler,0,1247.0
192.82032302755056,280.0,0.0,duct_filler,0,1247.0
199.7485262578258,280.0,0.0,duct_filler,0,1247.0
206.6767294881015,280.0,0.0,duct_filler,0,1247.0
213.60493271837686,280.0,0.0,duct_filler,0,1247.0
220.53313594865233,280.0,0.0,duct_filler,0,1247.0
227.4613391789278,280.0,0.0,duct_filler,0,1247.0
234.38954240920327,280.0,0.0,duct_filler,0,1247.0
241.31774563947874,280.0,0.0,duct_filler,0,1247.0
248.24594886975422,280.0,0.0,duct_filler,0,1247.0
255.1741521000298,280.0,0.0,duct_filler,0,1247.0
262.10235533030504,280.0,0.0,duct_filler,0,1247.0
269.03055856058074,280.0,0.0,duct_filler,0,1247.0
275.9587617908561,280.0,0.0,duct_filler,0,1247.0
282.8869650211316,280.0,0.0,duct_filler,0,1247.0
289.81516825140704,280.0,0.0,duct_filler,0,1247.0
296.7433714816825,280.0,0.0,duct_filler,0,1247.0
303.671574711958,280.0,0.0,duct_filler,0,1247.0
310.5997779422336,280.0,0.0,duct_filler,0,1247.0
428.3792328569165,280.0,0.0,duct_filler,0,1247.0
435.30743608719183,280.0,0.0,duct_filler,0,1247.0
442.2356393174673,280.0,0.0,duct_filler,0,1247.0
449.1638425477428,280.0,0.0,duct_filler,0,1247.0
456.09204577801836,280.0,0.0,duct_filler,0,1247.0
463.02024900829383,280.0,0.0,duct_filler,0,1247.0
469.9484522385692,280.0,0.0,duct_filler,0,1247.0
476.87665546884466,280.0,0.0,duct_filler,0,1247.0
483.80485869912013,280.0,0.0,duct_filler,0,1247.0
490.7330619293955,280.0,0.0,duct_filler,0,1247.0
497.6612651596713,280.0,0.0,duct_filler,0,1247.0
154.7152052610354,274.0,0.0,duct_filler,0,1247.0
161.64340849131088,274.0,0.0,duct_filler,0,1247.0
168.57161172158635,274.0,0.0,duct_filler,0,1247.0
175.49981495186182,274.0,0.0,duct_filler,0,1247.0
182.4280181821373,274.0,0.0,duct_filler,0,1247.0
189.35622141241265,274.0,0.0,duct_filler,0,1247.0
196.28442464268812,274.0,0.0,duct_filler,0,1247.0
203.2126278729637,274.0,0.0,duct_filler,0,1247.0
210.14083110323918,274.0,0.0,duct_filler,0,1247.0
217.06903433351465,274.0,0.0,duct_filler,0,1247.0
223.99723756379012,274.0,0.0,duct_filler,0,1247.0
230.9254407940656,274.0,0.0,duct_filler,0,1247.0
237.85364402434107,274.0,0.0,duct_filler,0,1247.0
244.78184725461665,274.0,0.0,duct_filler,0,1247.0
251.7100504848919,274.0,0.0,duct_filler,0,1247.0
258.6382537151676,274.0,0.0,duct_filler,0,1247.0
265.56645694544295,274.0,0.0,duct_filler,0,1247.0
272.49466017571854,274.0,0.0,duct_filler,0,1247.0
279.4228634059939,274.0,0.0,duct_filler,0,1247.0
286.35106663626937,274.0,0.0,duct_filler,0,1247.0
293.27926986654484,274.0,0.0,duct_filler,0,1247.0
300.2074730968204,274.0,0.0,duct_filler,0,1247.0
307.13567632709567,274.0,0.0,duct_filler,0,1247.0
424.9151312417787,274.0,0.0,duct_filler,0,1247.0
431.8433344720544,274.0,0.0,duct_filler,0,1247.0
438.77153770232974,274.0,0.0,duct_filler,0,1247.0
445.6997409326052,274.0,0.0,duct_filler,0,1247.0
452.6279441628807,274.0,0.0,duct_filler,0,1247.0
459.55614739315604,274.0,0.0,duct_filler,0,1247.0
466.4843506234315,274.0,0.0,duct_filler,0,1247.0
473.412553853707,274.0,0.0,duct_filler,0,1247.0
480.3407570839827,274.0,0.0,duct_filler,0,1247.0
487.2689603142578,274.0,0.0,duct_filler,0,1247.0
494.1971635445336,274.0,0.0,duct_filler,0,1247.0
501.125366774809,274.0,0.0,duct_filler,0,1247.0
151.25110364589762,268.00000000000006,0.0,duct_filler,0,1247.0
158.1793068761731,268.00000000000006,0.0,duct_filler,0,1247.0
165.10751010644856,268.00000000000006,0.0,duct_filler,0,1247.0
172.03571333672403,268.00000000000006,0.0,duct_filler,0,1247.0
178.9639165669995,268.00000000000006,0.0,duct_filler,0,1247.0
185.89211979727497,268.00000000000006,0.0,duct_filler,0,1247.0
192.82032302755056,268.00000000000006,0.0,duct_filler,0,1247.0
199.7485262578258,268.00000000000006,0.0,duct_filler,0,1247.0
206.6767294881015,268.00000000000006,0.0,duct_filler,0,1247.0
213.60493271837686,268.00000000000006,0.0,duct_filler,0,1247.0
220.53313594865233,268.00000000000006,0.0,duct_filler,0,1247.0
227.4613391789278,268.00000000000006,0.0,duct_filler,0,1247.0
234.38954240920327,268.00000000000006,0.0,duct_filler,0,1247.0
241.31774563947874,268.00000000000006,0.0,duct_filler,0,1247.0
248.24594886975422,268.00000000000006,0.0,duct_filler,0,1247.0
255.1741521000298,268.00000000000006,0.0,duct_filler,0,1247.0
262.10235533030504,268.00000000000006,0.0,duct_filler,0,1247.0
269.03055856058074,268.00000000000006,0.0,duct_filler,0,1247.0
275.9587617908561,268.00000000000006,0.0,duct_filler,0,1247.0
282.8869650211316,268.00000000000006,0.0,duct_filler,0,1247.0
289.81516825140704,268.00000000000006,0.0,duct_filler,0,1247.0
296.7433714816825,268.00000000000006,0.0,duct_filler,0,1247.0
303.671574711958,268.00000000000006,0.0,duct_filler,0,1247.0
421.451029626641,268.00000000000006,0.0,duct_filler,0,1247.0
428.3792328569165,268.00000000000006,0.0,duct_filler,0,1247.0
435.30743608719183,268.00000000000006,0.0,duct_filler,0,1247.0
442.2356393174673,268.00000000000006,0.0,duct_filler,0,1247.0
449.1638425477428,268.00000000000006,0.0,duct_filler,0,1247.0
456.09204577801836,268.00000000000006,0.0,duct_filler,0,1247.0
463.02024900829383,268.00000000000006,0.0,duct_filler,0,1247.0
469.9484522385692,268.00000000000006,0.0,duct_filler,0,1247.0
476.87665546884466,268.00000000000006,0.0,duct_filler,0,1247.0
483.80485869912013,268.00000000000006,0.0,duct_filler,0,1247.0
490.7330619293955,268.00000000000006,0.0,duct_filler,0,1247.0
497.6612651596713,268.00000000000006,0.0,duct_filler,0,1247.0
147.78700203076005,262.0,0.0,duct_filler,0,1247.0
154.7152052610354,262.0,0.0,duct_filler,0,1247.0
161.64340849131088,262.0,0.0,duct_filler,0,1247.0
168.57161172158635,262.0,0.0,duct_filler,0,1247.0
175.49981495186182,262.0,0.0,duct_filler,0,1247.0
182.4280181821373,262.0,0.0,duct_filler,0,1247.0
189.35622141241265,262.0,0.0,duct_filler,0,1247.0
196.28442464268812,262.0,0.0,duct_filler,0,1247.0
203.2126278729637,262.0,0.0,duct_filler,0,1247.0
210.14083110323918,262.0,0.0,duct_filler,0,1247.0
217.06903433351465,262.0,0.0,duct_filler,0,1247.0
223.99723756379012,262.0,0.0,duct_filler,0,1247.0
230.9254407940656,262.0,0.0,duct_filler,0,1247.0
237.85364402434107,262.0,0.0,duct_filler,0,1247.0
244.78184725461665,262.0,0.0,duct_filler,0,1247.0
251.7100504848919,262.0,0.0,duct_filler,0,1247.0
258.6382537151676,262.0,0.0,duct_filler,0,1247.0
265.56645694544295,262.0,0.0,duct_filler,0,1247.0
272.49466017571854,262.0,0.0,duct_filler,0,1247.0
279.4228634059939,262.0,0.0,duct_filler,0,1247.0
286.35106663626937,262.0,0.0,duct_filler,0,1247.0
293.27926986654484,262.0,0.0,duct_filler,0,1247.0
300.2074730968204,262.0,0.0,duct_filler,0,1247.0
307.13567632709567,262.0,0.0,duct_filler,0,1247.0
417.9869280115033,262.0,0.0,duct_filler,0,1247.0
424.9151312417787,262.0,0.0,duct_filler,0,1247.0
431.8433344720544,262.0,0.0,duct_filler,0,1247.0
438.77153770232974,262.0,0.0,duct_filler,0,1247.0
445.6997409326052,262.0,0.0,duct_filler,0,1247.0
452.6279441628807,262.0,0.0,duct_filler,0,1247.0
459.55614739315604,262.0,0.0,duct_filler,0,1247.0
466.4843506234315,262.0,0.0,duct_filler,0,1247.0
473.412553853707,262.0,0.0,duct_filler,0,1247.0
480.3407570839827,262.0,0.0,duct_filler,0,1247.0
487.2689603142578,262.0,0.0,duct_filler,0,1247.0
494.1971635445336,262.0,0.0,duct_filler,0,1247.0
501.125366774809,262.0,0.0,duct_filler,0,1247.0
144.32290041562203,256.0,0.0,duct_filler,0,1247.0
151.25110364589762,256.0,0.0,duct_filler,0,1247.0
158.1793068761731,256.0,0.0,duct_filler,0,1247.0
165.10751010644856,256.0,0.0,duct_filler,0,1247.0
172.03571333672403,256.0,0.0,duct_filler,0,1247.0
178.9639165669995,256.0,0.0,duct_filler,0,1247.0
185.89211979727497,256.0,0.0,duct_filler,0,1247.0
192.82032302755056,256.0,0.0,duct_filler,0,1247.0
199.7485262578258,256.0,0.0,duct_filler,0,1247.0
206.6767294881015,256.0,0.0,duct_filler,0,1247.0
213.60493271837686,256.0,0.0,duct_filler,0,1247.0
220.53313594865233,256.0,0.0,duct_filler,0,1247.0
227.4613391789278,256.0,0.0,duct_filler,0,1247.0
234.38954240920327,256.0,0.0,duct_filler,0,1247.0
241.31774563947874,256.0,0.0,duct_filler,0,1247.0
248.24594886975422,256.0,0.0,duct_filler,0,1247.0
255.1741521000298,256.0,0.0,duct_filler,0,1247.0
262.10235533030504,256.0,0.0,duct_filler,0,1247.0
269.03055856058074,256.0,0.0,duct_filler,0,1247.0
275.9587617908561,256.0,0.0,duct_filler,0,1247.0
282.8869650211316,256.0,0.0,duct_filler,0,1247.0
289.81516825140704,256.0,0.0,duct_filler,0,1247.0
296.7433714816825,256.0,0.0,duct_filler,0,1247.0
303.671574711958,256.0,0.0,duct_filler,0,1247.0
310.5997779422336,256.0,0.0,duct_filler,0,1247.0
414.52282639636553,256.0,0.0,duct_filler,0,1247.0
421.451029626641,256.0,0.0,duct_filler,0,1247.0
428.3792328569165,256.0,0.0,duct_filler,0,1247.0
435.30743608719183,256.0,0.0,duct_filler,0,1247.0
442.2356393174673,256.0,0.0,duct_filler,0,1247.0
449.1638425477428,256.0,0.0,duct_filler,0,1247.0
456.09204577801836,256.0,0.0,duct_filler,0,1247.0
463.02024900829383,256.0,0.0,duct_filler,0,1247.0
469.9484522385692,256.0,0.0,duct_filler,0,1247.0
476.87665546884466,256.0,0.0,duct_filler,0,1247.0
483.80485869912013,256.0,0.0,duct_filler,0,1247.0
490.7330619293955,256.0,0.0,duct_filler,0,1247.0
497.6612651596713,256.0,0.0,duct_filler,0,1247.0
140.85879880048446,250.00000000000003,0.0,duct_filler,0,1247.0
147.78700203076005,250.00000000000003,0.0,duct_filler,0,1247.0
154.7152052610354,250.00000000000003,0.0,duct_filler,0,1247.0
161.64340849131088,250.00000000000003,0.0,duct_filler,0,1247.0
168.57161172158635,250.00000000000003,0.0,duct_filler,0,1247.0
175.49981495186182,250.00000000000003,0.0,duct_filler,0,1247.0
182.4280181821373,250.00000000000003,0.0,duct_filler,0,1247.0
189.35622141241265,250.00000000000003,0.0,duct_filler,0,1247.0
196.28442464268812,250.00000000000003,0.0,duct_filler,0,1247.0
203.2126278729637,250.00000000000003,0.0,duct_filler,0,1247.0
210.14083110323918,250.00000000000003,0.0,duct_filler,0,1247.0
217.06903433351465,250.00000000000003,0.0,duct_filler,0,1247.0
223.99723756379012,250.00000000000003,0.0,duct_filler,0,1247.0
230.9254407940656,250.00000000000003,0.0,duct_filler,0,1247.0
237.85364402434107,250.00000000000003,0.0,duct_filler,0,1247.0
244.78184725461665,250.00000000000003,0.0,duct_filler,0,1247.0
251.7100504848919,250.00000000000003,0.0,duct_filler,0,1247.0
258.6382537151676,250.00000000000003,0.0,duct_filler,0,1247.0
265.56645694544295,250.00000000000003,0.0,duct_filler,0,1247.0
272.49466017571854,250.00000000000003,0.0,duct_filler,0,1247.0
279.4228634059939,250.00000000000003,0.0,duct_filler,0,1247.0
286.35106663626937,250.00000000000003,0.0,duct_filler,0,1247.0
293.27926986654484,250.00000000000003,0.0,duct_filler,0,1247.0
300.2074730968204,250.00000000000003,0.0,duct_filler,0,1247.0
307.13567632709567,250.00000000000003,0.0,duct_filler,0,1247.0
417.9869280115033,250.00000000000003,0.0,duct_filler,0,1247.0
424.9151312417787,250.00000000000003,0.0,duct_filler,0,1247.0
431.8433344720544,250.00000000000003,0.0,duct_filler,0,1247.0
438.77153770232974,250.00000000000003,0.0,duct_filler,0,1247.0
445.6997409326052,250.00000000000003,0.0,duct_filler,0,1247.0
452.6279441628807,250.00000000000003,0.0,duct_filler,0,1247.0
459.55614739315604,250.00000000000003,0.0,duct_filler,0,1247.0
466.4843506234315,250.00000000000003,0.0,duct_filler,0,1247.0
473.412553853707,250.00000000000003,0.0,duct_filler,0,1247.0
480.3407570839827,250.00000000000003,0.0,duct_filler,0,1247.0
487.2689603142578,250.00000000000003,0.0,duct_filler,0,1247.0
494.1971635445336,250.00000000000003,0.0,duct_filler,0,1247.0
501.125366774809,250.00000000000003,0.0,duct_filler,0,1247.0
137.39469718534656,244.0,0.0,duct_filler,0,1247.0
144.32290041562203,244.0,0.0,duct_filler,0,1247.0
151.25110364589762,244.0,0.0,duct_filler,0,1247.0
158.1793068761731,244.0,0.0,duct_filler,0,1247.0
165.10751010644856,244.0,0.0,duct_filler,0,1247.0
172.03571333672403,244.0,0.0,duct_filler,0,1247.0
178.9639165669995,244.0,0.0,duct_filler,0,1247.0
185.89211979727497,244.0,0.0,duct_filler,0,1247.0
192.82032302755056,244.0,0.0,duct_filler,0,1247.0
199.7485262578258,244.0,0.0,duct_filler,0,1247.0
206.6767294881015,244.0,0.0,duct_filler,0,1247.0
213.60493271837686,244.0,0.0,duct_filler,0,1247.0
220.53313594865233,244.0,0.0,duct_filler,0,1247.0
227.4613391789278,244.0,0.0,duct_filler,0,1247.0
234.38954240920327,244.0,0.0,duct_filler,0,1247.0
241.31774563947874,244.0,0.0,duct_filler,0,1247.0
248.24594886975422,244.0,0.0,duct_filler,0,1247.0
255.1741521000298,244.0,0.0,duct_filler,0,1247.0
262.10235533030504,244.0,0.0,duct_filler,0,1247.0
269.03055856058074,244.0,0.0,duct_filler,0,1247.0
275.9587617908561,244.0,0.0,duct_filler,0,1247.0
282.8869650211316,244.0,0.0,duct_filler,0,1247.0
289.81516825140704,244.0,0.0,duct_filler,0,1247.0
296.7433714816825,244.0,0.0,duct_filler,0,1247.0
414.52282639636553,244.0,0.0,duct_filler,0,1247.0
421.451029626641,244.0,0.0,duct_filler,0,1247.0
428.3792328569165,244.0,0.0,duct_filler,0,1247.0
435.30743608719183,244.0,0.0,duct_filler,0,1247.0
442.2356393174673,244.0,0.0,duct_filler,0,1247.0
449.1638425477428,244.0,0.0,duct_filler,0,1247.0
456.09204577801836,244.0,0.0,duct_filler,0,1247.0
463.02024900829383,244.0,0.0,duct_filler,0,1247.0
469.9484522385692,244.0,0.0,duct_filler,0,1247.0
476.87665546884466,244.0,0.0,duct_filler,0,1247.0
483.80485869912013,244.0,0.0,duct_filler,0,1247.0
490.7330619293955,244.0,0.0,duct_filler,0,1247.0
497.6612651596713,244.0,0.0,duct_filler,0,1247.0
140.85879880048446,238.0,0.0,duct_filler,0,1247.0
147.78700203076005,238.0,0.0,duct_filler,0,1247.0
154.7152052610354,238.0,0.0,duct_filler,0,1247.0
161.64340849131088,238.0,0.0,duct_filler,0,1247.0
168.57161172158635,238.0,0.0,duct_filler,0,1247.0
175.49981495186182,238.0,0.0,duct_filler,0,1247.0
182.4280181821373,238.0,0.0,duct_filler,0,1247.0
189.35622141241265,238.0,0.0,duct_filler,0,1247.0
196.28442464268812,238.0,0.0,duct_filler,0,1247.0
203.2126278729637,238.0,0.0,duct_filler,0,1247.0
210.14083110323918,238.0,0.0,duct_filler,0,1247.0
217.06903433351465,238.0,0.0,duct_filler,0,1247.0
223.99723756379012,238.0,0.0,duct_filler,0,1247.0
230.9254407940656,238.0,0.0,duct_filler,0,1247.0
237.85364402434107,238.0,0.0,duct_filler,0,1247.0
244.78184725461665,238.0,0.0,duct_filler,0,1247.0
251.7100504848919,238.0,0.0,duct_filler,0,1247.0
258.6382537151676,238.0,0.0,duct_filler,0,1247.0
265.56645694544295,238.0,0.0,duct_filler,0,1247.0
272.49466017571854,238.0,0.0,duct_filler,0,1247.0
279.4228634059939,238.0,0.0,duct_filler,0,1247.0
286.35106663626937,238.0,0.0,duct_filler,0,1247.0
293.27926986654484,238.0,0.0,duct_filler,0,1247.0
300.2074730968204,238.0,0.0,duct_filler,0,1247.0
411.05872478122785,238.0,0.0,duct_filler,0,1247.0
417.9869280115033,238.0,0.0,duct_filler,0,1247.0
424.9151312417787,238.0,0.0,duct_filler,0,1247.0
431.8433344720544,238.0,0.0,duct_filler,0,1247.0
438.77153770232974,238.0,0.0,duct_filler,0,1247.0
445.6997409326052,238.0,0.0,duct_filler,0,1247.0
452.6279441628807,238.0,0.0,duct_filler,0,1247.0
459.55614739315604,238.0,0.0,duct_filler,0,1247.0
466.4843506234315,238.0,0.0,duct_filler,0,1247.0
473.412553853707,238.0,0.0,duct_filler,0,1247.0
480.3407570839827,238.0,0.0,duct_filler,0,1247.0
487.2689603142578,238.0,0.0,duct_filler,0,1247.0
494.1971635445336,238.0,0.0,duct_filler,0,1247.0
501.125366774809,238.0,0.0,duct_filler,0,1247.0
137.39469718534656,232.0,0.0,duct_filler,0,1247.0
144.32290041562203,232.0,0.0,duct_filler,0,1247.0
151.25110364589762,232.0,0.0,duct_filler,0,1247.0
158.1793068761731,232.0,0.0,duct_filler,0,1247.0
165.10751010644856,232.0,0.0,duct_filler,0,1247.0
172.03571333672403,232.0,0.0,duct_filler,0,1247.0
178.9639165669995,232.0,0.0,duct_filler,0,1247.0
185.89211979727497,232.0,0.0,duct_filler,0,1247.0
192.82032302755056,232.0,0.0,duct_filler,0,1247.0
199.7485262578258,232.0,0.0,duct_filler,0,1247.0
206.6767294881015,232.0,0.0,duct_filler,0,1247.0
213.60493271837686,232.0,0.0,duct_filler,0,1247.0
220.53313594865233,232.0,0.0,duct_filler,0,1247.0
227.4613391789278,232.0,0.0,duct_filler,0,1247.0
234.38954240920327,232.0,0.0,duct_filler,0,1247.0
241.31774563947874,232.0,0.0,duct_filler,0,1247.0
248.24594886975422,232.0,0.0,duct_filler,0,1247.0
255.1741521000298,232.0,0.0,duct_filler,0,1247.0
262.10235533030504,232.0,0.0,duct_filler,0,1247.0
269.03055856058074,232.0,0.0,duct_filler,0,1247.0
275.9587617908561,232.0,0.0,duct_filler,0,1247.0
282.8869650211316,232.0,0.0,duct_filler,0,1247.0
289.81516825140704,232.0,0.0,duct_filler,0,1247.0
296.7433714816825,232.0,0.0,duct_filler,0,1247.0
303.671574711958,232.0,0.0,duct_filler,0,1247.0
414.52282639636553,232.0,0.0,duct_filler,0,1247.0
421.451029626641,232.0,0.0,duct_filler,0,1247.0
428.3792328569165,232.0,0.0,duct_filler,0,1247.0
435.30743608719183,232.0,0.0,duct_filler,0,1247.0
442.2356393174673,232.0,0.0,duct_filler,0,1247.0
449.1638425477428,232.0,0.0,duct_filler,0,1247.0
456.09204577801836,232.0,0.0,duct_filler,0,1247.0
463.02024900829383,232.0,0.0,duct_filler,0,1247.0
469.9484522385692,232.0,0.0,duct_filler,0,1247.0
476.87665546884466,232.0,0.0,duct_filler,0,1247.0
483.80485869912013,232.0,0.0,duct_filler,0,1247.0
490.7330619293955,232.0,0.0,duct_filler,0,1247.0
497.6612651596713,232.0,0.0,duct_filler,0,1247.0
-357.9718337793521,226.0,0.0,duct_filler,0,1247.0
-351.0436305490765,226.0,0.0,duct_filler,0,1247.0
140.85879880048446,226.0,0.0,duct_filler,0,1247.0
147.78700203076005,226.0,0.0,duct_filler,0,1247.0
154.7152052610354,226.0,0.0,duct_filler,0,1247.0
161.64340849131088,226.0,0.0,duct_filler,0,1247.0
168.57161172158635,226.0,0.0,duct_filler,0,1247.0
175.49981495186182,226.0,0.0,duct_filler,0,1247.0
182.4280181821373,226.0,0.0,duct_filler,0,1247.0
189.35622141241265,226.0,0.0,duct_filler,0,1247.0
196.28442464268812,226.0,0.0,duct_filler,0,1247.0
203.2126278729637,226.0,0.0,duct_filler,0,1247.0
210.14083110323918,226.0,0.0,duct_filler,0,1247.0
217.06903433351465,226.0,0.0,duct_filler,0,1247.0
223.99723756379012,226.0,0.0,duct_filler,0,1247.0
230.9254407940656,226.0,0.0,duct_filler,0,1247.0
237.85364402434107,226.0,0.0,duct_filler,0,1247.0
244.78184725461665,226.0,0.0,duct_filler,0,1247.0
251.7100504848919,226.0,0.0,duct_filler,0,1247.0
258.6382537151676,226.0,0.0,duct_filler,0,1247.0
265.56645694544295,226.0,0.0,duct_filler,0,1247.0
272.49466017571854,226.0,0.0,duct_filler,0,1247.0
279.4228634059939,226.0,0.0,duct_filler,0,1247.0
286.35106663626937,226.0,0.0,duct_filler,0,1247.0
293.27926986654484,226.0,0.0,duct_filler,0,1247.0
300.2074730968204,226.0,0.0,duct_filler,0,1247.0
307.13567632709567,226.0,0.0,duct_filler,0,1247.0
411.05872478122785,226.0,0.0,duct_filler,0,1247.0
417.9869280115033,226.0,0.0,duct_filler,0,1247.0
424.9151312417787,226.0,0.0,duct_filler,0,1247.0
431.8433344720544,226.0,0.0,duct_filler,0,1247.0
438.77153770232974,226.0,0.0,duct_filler,0,1247.0
445.6997409326052,226.0,0.0,duct_filler,0,1247.0
452.6279441628807,226.0,0.0,duct_filler,0,1247.0
459.55614739315604,226.0,0.0,duct_filler,0,1247.0
466.4843506234315,226.0,0.0,duct_filler,0,1247.0
473.412553853707,226.0,0.0,duct_filler,0,1247.0
480.3407570839827,226.0,0.0,duct_filler,0,1247.0
487.2689603142578,226.0,0.0,duct_filler,0,1247.0
494.1971635445336,226.0,0.0,duct_filler,0,1247.0
501.125366774809,226.0,0.0,duct_filler,0,1247.0
-361.4359353944898,220.0,0.0,duct_filler,0,1247.0
-354.5077321642143,220.0,0.0,duct_filler,0,1247.0
-347.57952893393883,220.0,0.0,duct_filler,0,1247.0
151.25110364589762,219.99999999999994,0.0,duct_filler,0,1247.0
158.1793068761731,219.99999999999994,0.0,duct_filler,0,1247.0
165.10751010644856,219.99999999999994,0.0,duct_filler,0,1247.0
172.03571333672403,219.99999999999994,0.0,duct_filler,0,1247.0
178.9639165669995,219.99999999999994,0.0,duct_filler,0,1247.0
185.89211979727497,219.99999999999994,0.0,duct_filler,0,1247.0
192.82032302755056,219.99999999999994,0.0,duct_filler,0,1247.0
199.7485262578258,219.99999999999994,0.0,duct_filler,0,1247.0
206.6767294881015,219.99999999999994,0.0,duct_filler,0,1247.0
213.60493271837686,219.99999999999994,0.0,duct_filler,0,1247.0
220.53313594865233,219.99999999999994,0.0,duct_filler,0,1247.0
227.4613391789278,219.99999999999994,0.0,duct_filler,0,1247.0
234.38954240920327,219.99999999999994,0.0,duct_filler,0,1247.0
241.31774563947874,219.99999999999994,0.0,duct_filler,0,1247.0
248.24594886975422,219.99999999999994,0.0,duct_filler,0,1247.0
255.1741521000298,219.99999999999994,0.0,duct_filler,0,1247.0
262.10235533030504,219.99999999999994,0.0,duct_filler,0,1247.0
269.03055856058074,219.99999999999994,0.0,duct_filler,0,1247.0
275.9587617908561,219.99999999999994,0.0,duct_filler,0,1247.0
282.8869650211316,219.99999999999994,0.0,duct_filler,0,1247.0
289.81516825140704,219.99999999999994,0.0,duct_filler,0,1247.0
296.7433714816825,219.99999999999994,0.0,duct_filler,0,1247.0
414.52282639636553,219.99999999999994,0.0,duct_filler,0,1247.0
421.451029626641,219.99999999999994,0.0,duct_filler,0,1247.0
428.3792328569165,219.99999999999994,0.0,duct_filler,0,1247.0
435.30743608719183,219.99999999999994,0.0,duct_filler,0,1247.0
442.2356393174673,219.99999999999994,0.0,duct_filler,0,1247.0
449.1638425477428,219.99999999999994,0.0,duct_filler,0,1247.0
456.09204577801836,219.99999999999994,0.0,duct_filler,0,1247.0
463.02024900829383,219.99999999999994,0.0,duct_filler,0,1247.0
469.9484522385692,219.99999999999994,0.0,duct_filler,0,1247.0
476.87665546884466,219.99999999999994,0.0,duct_filler,0,1247.0
483.80485869912013,219.99999999999994,0.0,duct_filler,0,1247.0
490.7330619293955,219.99999999999994,0.0,duct_filler,0,1247.0
497.6612651596713,219.99999999999994,0.0,duct_filler,0,1247.0
-364.90003700962757,214.0,0.0,duct_filler,0,1247.0
-357.9718337793521,214.0,0.0,duct_filler,0,1247.0
-351.0436305490765,214.0,0.0,duct_filler,0,1247.0
154.7152052610354,214.0,0.0,duct_filler,0,1247.0
161.64340849131088,214.0,0.0,duct_filler,0,1247.0
168.57161172158635,214.0,0.0,duct_filler,0,1247.0
175.49981495186182,214.0,0.0,duct_filler,0,1247.0
182.4280181821373,214.0,0.0,duct_filler,0,1247.0
189.35622141241265,214.0,0.0,duct_filler,0,1247.0
196.28442464268812,214.0,0.0,duct_filler,0,1247.0
203.2126278729637,214.0,0.0,duct_filler,0,1247.0
210.14083110323918,214.0,0.0,duct_filler,0,1247.0
217.06903433351465,214.0,0.0,duct_filler,0,1247.0
223.99723756379012,214.0,0.0,duct_filler,0,1247.0
230.9254407940656,214.0,0.0,duct_filler,0,1247.0
237.85364402434107,214.0,0.0,duct_filler,0,1247.0
244.78184725461665,214.0,0.0,duct_filler,0,1247.0
251.7100504848919,214.0,0.0,duct_filler,0,1247.0
258.6382537151676,214.0,0.0,duct_filler,0,1247.0
265.56645694544295,214.0,0.0,duct_filler,0,1247.0
272.49466017571854,214.0,0.0,duct_filler,0,1247.0
279.4228634059939,214.0,0.0,duct_filler,0,1247.0
286.35106663626937,214.0,0.0,duct_filler,0,1247.0
293.27926986654484,214.0,0.0,duct_filler,0,1247.0
300.2074730968204,214.0,0.0,duct_filler,0,1247.0
417.9869280115033,214.0,0.0,duct_filler,0,1247.0
424.9151312417787,214.0,0.0,duct_filler,0,1247.0
431.8433344720544,214.0,0.0,duct_filler,0,1247.0
438.77153770232974,214.0,0.0,duct_filler,0,1247.0
445.6997409326052,214.0,0.0,duct_filler,0,1247.0
452.6279441628807,214.0,0.0,duct_filler,0,1247.0
459.55614739315604,214.0,0.0,duct_filler,0,1247.0
466.4843506234315,214.0,0.0,duct_filler,0,1247.0
473.412553853707,214.0,0.0,duct_filler,0,1247.0
480.3407570839827,214.0,0.0,duct_filler,0,1247.0
487.2689603142578,214.0,0.0,duct_filler,0,1247.0
494.1971635445336,214.0,0.0,duct_filler,0,1247.0
501.125366774809,214.0,0.0,duct_filler,0,1247.0
-361.4359353944898,208.0,0.0,duct_filler,0,1247.0
-354.5077321642143,208.0,0.0,duct_filler,0,1247.0
-347.57952893393883,208.0,0.0,duct_filler,0,1247.0
137.39469718534656,208.0,0.0,duct_filler,0,1247.0
144.32290041562203,208.0,0.0,duct_filler,0,1247.0
151.25110364589762,208.0,0.0,duct_filler,0,1247.0
158.1793068761731,208.0,0.0,duct_filler,0,1247.0
165.10751010644856,208.0,0.0,duct_filler,0,1247.0
172.03571333672403,208.0,0.0,duct_filler,0,1247.0
178.9639165669995,208.0,0.0,duct_filler,0,1247.0
185.89211979727497,208.0,0.0,duct_filler,0,1247.0
192.82032302755056,208.0,0.0,duct_filler,0,1247.0
199.7485262578258,208.0,0.0,duct_filler,0,1247.0
206.6767294881015,208.0,0.0,duct_filler,0,1247.0
213.60493271837686,208.0,0.0,duct_filler,0,1247.0
220.53313594865233,208.0,0.0,duct_filler,0,1247.0
227.4613391789278,208.0,0.0,duct_filler,0,1247.0
234.38954240920327,208.0,0.0,duct_filler,0,1247.0
241.31774563947874,208.0,0.0,duct_filler,0,1247.0
248.24594886975422,208.0,0.0,duct_filler,0,1247.0
255.1741521000298,208.0,0.0,duct_filler,0,1247.0
262.10235533030504,208.0,0.0,duct_filler,0,1247.0
269.03055856058074,208.0,0.0,duct_filler,0,1247.0
275.9587617908561,208.0,0.0,duct_filler,0,1247.0
282.8869650211316,208.0,0.0,duct_filler,0,1247.0
289.81516825140704,208.0,0.0,duct_filler,0,1247.0
428.3792328569165,208.0,0.0,duct_filler,0,1247.0
435.30743608719183,208.0,0.0,duct_filler,0,1247.0
442.2356393174673,208.0,0.0,duct_filler,0,1247.0
449.1638425477428,208.0,0.0,duct_filler,0,1247.0
456.09204577801836,208.0,0.0,duct_filler,0,1247.0
463.02024900829383,208.0,0.0,duct_filler,0,1247.0
469.9484522385692,208.0,0.0,duct_filler,0,1247.0
476.87665546884466,208.0,0.0,duct_filler,0,1247.0
483.80485869912013,208.0,0.0,duct_filler,0,1247.0
490.7330619293955,208.0,0.0,duct_filler,0,1247.0
497.6612651596713,208.0,0.0,duct_filler,0,1247.0
-413.39745962155615,202.00000000000006,0.0,duct_filler,0,1247.0
-406.4692563912806,202.00000000000006,0.0,duct_filler,0,1247.0
-399.54105316100515,202.00000000000006,0.0,duct_filler,0,1247.0
133.9305955702091,202.0,0.0,duct_filler,0,1247.0
140.85879880048446,202.0,0.0,duct_filler,0,1247.0
147.78700203076005,202.0,0.0,duct_filler,0,1247.0
154.7152052610354,202.0,0.0,duct_filler,0,1247.0
161.64340849131088,202.0,0.0,duct_filler,0,1247.0
168.57161172158635,202.0,0.0,duct_filler,0,1247.0
175.49981495186182,202.0,0.0,duct_filler,0,1247.0
182.4280181821373,202.0,0.0,duct_filler,0,1247.0
189.35622141241265,202.0,0.0,duct_filler,0,1247.0
196.28442464268812,202.0,0.0,duct_filler,0,1247.0
203.2126278729637,202.0,0.0,duct_filler,0,1247.0
210.14083110323918,202.0,0.0,duct_filler,0,1247.0
217.06903433351465,202.0,0.0,duct_filler,0,1247.0
223.99723756379012,202.0,0.0,duct_filler,0,1247.0
230.9254407940656,202.0,0.0,duct_filler,0,1247.0
237.85364402434107,202.0,0.0,duct_filler,0,1247.0
244.78184725461665,202.0,0.0,duct_filler,0,1247.0
251.7100504848919,202.0,0.0,duct_filler,0,1247.0
258.6382537151676,202.0,0.0,duct_filler,0,1247.0
265.56645694544295,202.0,0.0,duct_filler,0,1247.0
272.49466017571854,202.0,0.0,duct_filler,0,1247.0
279.4228634059939,202.0,0.0,duct_filler,0,1247.0
431.8433344720544,202.0,0.0,duct_filler,0,1247.0
438.77153770232974,202.0,0.0,duct_filler,0,1247.0
445.6997409326052,202.0,0.0,duct_filler,0,1247.0
452.6279441628807,202.0,0.0,duct_filler,0,1247.0
459.55614739315604,202.0,0.0,duct_filler,0,1247.0
466.4843506234315,202.0,0.0,duct_filler,0,1247.0
473.412553853707,202.0,0.0,duct_filler,0,1247.0
480.3407570839827,202.0,0.0,duct_filler,0,1247.0
487.2689603142578,202.0,0.0,duct_filler,0,1247.0
494.1971635445336,202.0,0.0,duct_filler,0,1247.0
501.125366774809,202.0,0.0,duct_filler,0,1247.0
-416.8615612366939,196.0,0.0,duct_filler,0,1247.0
-409.93335800641836,196.0,0.0,duct_filler,0,1247.0
-403.00515477614283,196.0,0.0,duct_filler,0,1247.0
130.4664939550712,196.0,0.0,duct_filler,0,1247.0
137.39469718534656,196.0,0.0,duct_filler,0,1247.0
144.32290041562203,196.0,0.0,duct_filler,0,1247.0
151.25110364589762,196.0,0.0,duct_filler,0,1247.0
158.1793068761731,196.0,0.0,duct_filler,0,1247.0
165.10751010644856,196.0,0.0,duct_filler,0,1247.0
172.03571333672403,196.0,0.0,duct_filler,0,1247.0
178.9639165669995,196.0,0.0,duct_filler,0,1247.0
185.89211979727497,196.0,0.0,duct_filler,0,1247.0
192.82032302755056,196.0,0.0,duct_filler,0,1247.0
199.7485262578258,196.0,0.0,duct_filler,0,1247.0
206.6767294881015,196.0,0.0,duct_filler,0,1247.0
213.60493271837686,196.0,0.0,duct_filler,0,1247.0
220.53313594865233,196.0,0.0,duct_filler,0,1247.0
227.4613391789278,196.0,0.0,duct_filler,0,1247.0
234.38954240920327,196.0,0.0,duct_filler,0,1247.0
241.31774563947874,196.0,0.0,duct_filler,0,1247.0
248.24594886975422,196.0,0.0,duct_filler,0,1247.0
255.1741521000298,196.0,0.0,duct_filler,0,1247.0
262.10235533030504,196.0,0.0,duct_filler,0,1247.0
435.30743608719183,196.0,0.0,duct_filler,0,1247.0
442.2356393174673,196.0,0.0,duct_filler,0,1247.0
449.1638425477428,196.0,0.0,duct_filler,0,1247.0
456.09204577801836,196.0,0.0,duct_filler,0,1247.0
463.02024900829383,196.0,0.0,duct_filler,0,1247.0
469.9484522385692,196.0,0.0,duct_filler,0,1247.0
476.87665546884466,196.0,0.0,duct_filler,0,1247.0
483.80485869912013,196.0,0.0,duct_filler,0,1247.0
490.7330619293955,196.0,0.0,duct_filler,0,1247.0
497.6612651596713,196.0,0.0,duct_filler,0,1247.0
-413.39745962155615,190.0,0.0,duct_filler,0,1247.0
-406.4692563912806,190.0,0.0,duct_filler,0,1247.0
-399.54105316100515,190.0,0.0,duct_filler,0,1247.0
120.07418910965805,190.0,0.0,duct_filler,0,1247.0
127.00239233993341,190.0,0.0,duct_filler,0,1247.0
133.9305955702091,190.0,0.0,duct_filler,0,1247.0
140.85879880048446,190.0,0.0,duct_filler,0,1247.0
147.78700203076005,190.0,0.0,duct_filler,0,1247.0
154.7152052610354,190.0,0.0,duct_filler,0,1247.0
161.64340849131088,190.0,0.0,duct_filler,0,1247.0
168.57161172158635,190.0,0.0,duct_filler,0,1247.0
175.49981495186182,190.0,0.0,duct_filler,0,1247.0
182.4280181821373,190.0,0.0,duct_filler,0,1247.0
189.35622141241265,190.0,0.0,duct_filler,0,1247.0
196.28442464268812,190.0,0.0,duct_filler,0,1247.0
203.2126278729637,190.0,0.0,duct_filler,0,1247.0
210.14083110323918,190.0,0.0,duct_filler,0,1247.0
217.06903433351465,190.0,0.0,duct_filler,0,1247.0
223.99723756379012,190.0,0.0,duct_filler,0,1247.0
230.9254407940656,190.0,0.0,duct_filler,0,1247.0
237.85364402434107,190.0,0.0,duct_filler,0,1247.0
244.78184725461665,190.0,0.0,duct_filler,0,1247.0
251.7100504848919,190.0,0.0,duct_filler,0,1247.0
438.77153770232974,190.0,0.0,duct_filler,0,1247.0
445.6997409326052,190.0,0.0,duct_filler,0,1247.0
452.6279441628807,190.0,0.0,duct_filler,0,1247.0
459.55614739315604,190.0,0.0,duct_filler,0,1247.0
466.4843506234315,190.0,0.0,duct_filler,0,1247.0
473.412553853707,190.0,0.0,duct_filler,0,1247.0
480.3407570839827,190.0,0.0,duct_filler,0,1247.0
487.2689603142578,190.0,0.0,duct_filler,0,1247.0
494.1971635445336,190.0,0.0,duct_filler,0,1247.0
501.125366774809,190.0,0.0,duct_filler,0,1247.0
123.53829072479573,183.9999999999999,0.0,duct_filler,0,1247.0
130.4664939550712,183.9999999999999,0.0,duct_filler,0,1247.0
137.39469718534656,183.9999999999999,0.0,duct_filler,0,1247.0
144.32290041562203,183.9999999999999,0.0,duct_filler,0,1247.0
165.10751010644856,183.9999999999999,0.0,duct_filler,0,1247.0
172.03571333672403,183.9999999999999,0.0,duct_filler,0,1247.0
178.9639165669995,183.9999999999999,0.0,duct_filler,0,1247.0
185.89211979727497,183.9999999999999,0.0,duct_filler,0,1247.0
192.82032302755056,183.9999999999999,0.0,duct_filler,0,1247.0
199.7485262578258,183.9999999999999,0.0,duct_filler,0,1247.0
206.6767294881015,183.9999999999999,0.0,duct_filler,0,1247.0
213.60493271837686,183.9999999999999,0.0,duct_filler,0,1247.0
220.53313594865233,183.9999999999999,0.0,duct_filler,0,1247.0
227.4613391789278,183.9999999999999,0.0,duct_filler,0,1247.0
234.38954240920327,183.9999999999999,0.0,duct_filler,0,1247.0
241.31774563947874,183.9999999999999,0.0,duct_filler,0,1247.0
248.24594886975422,183.9999999999999,0.0,duct_filler,0,1247.0
359.097200554162,183.9999999999999,0.0,duct_filler,0,1247.0
366.02540378443734,183.9999999999999,0.0,duct_filler,0,1247.0
372.9536070147128,183.9999999999999,0.0,duct_filler,0,1247.0
393.7382167055391,183.9999999999999,0.0,duct_filler,0,1247.0
442.2356393174673,183.9999999999999,0.0,duct_filler,0,1247.0
449.1638425477428,183.9999999999999,0.0,duct_filler,0,1247.0
456.09204577801836,183.9999999999999,0.0,duct_filler,0,1247.0
463.02024900829383,183.9999999999999,0.0,duct_filler,0,1247.0
469.9484522385692,183.9999999999999,0.0,duct_filler,0,1247.0
476.87665546884466,183.9999999999999,0.0,duct_filler,0,1247.0
483.80485869912013,183.9999999999999,0.0,duct_filler,0,1247.0
490.7330619293955,183.9999999999999,0.0,duct_filler,0,1247.0
497.6612651596713,183.9999999999999,0.0,duct_filler,0,1247.0
120.07418910965805,178.0,0.0,duct_filler,0,1247.0
127.00239233993341,178.0,0.0,duct_filler,0,1247.0
133.9305955702091,178.0,0.0,duct_filler,0,1247.0
168.57161172158635,178.0,0.0,duct_filler,0,1247.0
175.49981495186182,178.0,0.0,duct_filler,0,1247.0
182.4280181821373,178.0,0.0,duct_filler,0,1247.0
189.35622141241265,178.0,0.0,duct_filler,0,1247.0
196.28442464268812,178.0,0.0,duct_filler,0,1247.0
203.2126278729637,178.0,0.0,duct_filler,0,1247.0
210.14083110323918,178.0,0.0,duct_filler,0,1247.0
217.06903433351465,178.0,0.0,duct_filler,0,1247.0
223.99723756379012,178.0,0.0,duct_filler,0,1247.0
230.9254407940656,178.0,0.0,duct_filler,0,1247.0
237.85364402434107,178.0,0.0,duct_filler,0,1247.0
355.6330989390242,178.0,0.0,duct_filler,0,1247.0
362.56130216929967,178.0,0.0,duct_filler,0,1247.0
369.48950539957514,178.0,0.0,duct_filler,0,1247.0
376.4177086298505,178.0,0.0,duct_filler,0,1247.0
383.34591186012597,178.0,0.0,duct_filler,0,1247.0
390.27411509040144,178.0,0.0,duct_filler,0,1247.0
397.2023183206768,178.0,0.0,duct_filler,0,1247.0
404.1305215509524,178.0,0.0,duct_filler,0,1247.0
445.6997409326052,178.0,0.0,duct_filler,0,1247.0
452.6279441628807,178.0,0.0,duct_filler,0,1247.0
459.55614739315604,178.0,0.0,duct_filler,0,1247.0
466.4843506234315,178.0,0.0,duct_filler,0,1247.0
473.412553853707,178.0,0.0,duct_filler,0,1247.0
480.3407570839827,178.0,0.0,duct_filler,0,1247.0
487.2689603142578,178.0,0.0,duct_filler,0,1247.0
494.1971635445336,178.0,0.0,duct_filler,0,1247.0
501.125366774809,178.0,0.0,duct_filler,0,1247.0
123.53829072479573,172.00000000000006,0.0,duct_filler,0,1247.0
130.4664939550712,172.00000000000006,0.0,duct_filler,0,1247.0
172.03571333672403,172.00000000000006,0.0,duct_filler,0,1247.0
178.9639165669995,172.00000000000006,0.0,duct_filler,0,1247.0
185.89211979727497,172.00000000000006,0.0,duct_filler,0,1247.0
192.82032302755056,172.00000000000006,0.0,duct_filler,0,1247.0
199.7485262578258,172.00000000000006,0.0,duct_filler,0,1247.0
352.1689973238865,172.00000000000006,0.0,duct_filler,0,1247.0
359.097200554162,172.00000000000006,0.0,duct_filler,0,1247.0
366.02540378443734,172.00000000000006,0.0,duct_filler,0,1247.0
372.9536070147128,172.00000000000006,0.0,duct_filler,0,1247.0
379.8818102449883,172.00000000000006,0.0,duct_filler,0,1247.0
386.81001347526364,172.00000000000006,0.0,duct_filler,0,1247.0
393.7382167055391,172.00000000000006,0.0,duct_filler,0,1247.0
400.6664199358146,172.00000000000006,0.0,duct_filler,0,1247.0
407.5946231660902,172.00000000000006,0.0,duct_filler,0,1247.0
449.1638425477428,172.00000000000006,0.0,duct_filler,0,1247.0
456.09204577801836,172.00000000000006,0.0,duct_filler,0,1247.0
463.02024900829383,172.00000000000006,0.0,duct_filler,0,1247.0
469.9484522385692,172.00000000000006,0.0,duct_filler,0,1247.0
476.87665546884466,172.00000000000006,0.0,duct_filler,0,1247.0
483.80485869912013,172.00000000000006,0.0,duct_filler,0,1247.0
490.7330619293955,172.00000000000006,0.0,duct_filler,0,1247.0
497.6612651596713,172.00000000000006,0.0,duct_filler,0,1247.0
341.77669247847336,166.0,0.0,duct_filler,0,1247.0
348.70489570874884,166.0,0.0,duct_filler,0,1247.0
355.6330989390242,166.0,0.0,duct_filler,0,1247.0
362.56130216929967,166.0,0.0,duct_filler,0,1247.0
369.48950539957514,166.0,0.0,duct_filler,0,1247.0
376.4177086298505,166.0,0.0,duct_filler,0,1247.0
383.34591186012597,166.0,0.0,duct_filler,0,1247.0
390.27411509040144,166.0,0.0,duct_filler,0,1247.0
397.2023183206768,166.0,0.0,duct_filler,0,1247.0
404.1305215509524,166.0,0.0,duct_filler,0,1247.0
411.05872478122785,166.0,0.0,duct_filler,0,1247.0
452.6279441628807,166.0,0.0,duct_filler,0,1247.0
459.55614739315604,166.0,0.0,duct_filler,0,1247.0
466.4843506234315,166.0,0.0,duct_filler,0,1247.0
473.412553853707,166.0,0.0,duct_filler,0,1247.0
480.3407570839827,166.0,0.0,duct_filler,0,1247.0
487.2689603142578,166.0,0.0,duct_filler,0,1247.0
494.1971635445336,166.0,0.0,duct_filler,0,1247.0
501.125366774809,166.0,0.0,duct_filler,0,1247.0
303.671574711958,159.99999999999994,0.0,duct_filler,0,1247.0
310.5997779422336,159.99999999999994,0.0,duct_filler,0,1247.0
317.5279811725088,159.99999999999994,0.0,duct_filler,0,1247.0
324.4561844027844,159.99999999999994,0.0,duct_filler,0,1247.0
331.3843876330599,159.99999999999994,0.0,duct_filler,0,1247.0
338.31259086333534,159.99999999999994,0.0,duct_filler,0,1247.0
345.2407940936107,159.99999999999994,0.0,duct_filler,0,1247.0
352.1689973238865,159.99999999999994,0.0,duct_filler,0,1247.0
359.097200554162,159.99999999999994,0.0,duct_filler,0,1247.0
366.02540378443734,159.99999999999994,0.0,duct_filler,0,1247.0
372.9536070147128,159.99999999999994,0.0,duct_filler,0,1247.0
379.8818102449883,159.99999999999994,0.0,duct_filler,0,1247.0
386.81001347526364,159.99999999999994,0.0,duct_filler,0,1247.0
393.7382167055391,159.99999999999994,0.0,duct_filler,0,1247.0
400.6664199358146,159.99999999999994,0.0,duct_filler,0,1247.0
407.5946231660902,159.99999999999994,0.0,duct_filler,0,1247.0
414.52282639636553,159.99999999999994,0.0,duct_filler,0,1247.0
463.02024900829383,159.99999999999994,0.0,duct_filler,0,1247.0
469.9484522385692,159.99999999999994,0.0,duct_filler,0,1247.0
476.87665546884466,159.99999999999994,0.0,duct_filler,0,1247.0
483.80485869912013,159.99999999999994,0.0,duct_filler,0,1247.0
490.7330619293955,159.99999999999994,0.0,duct_filler,0,1247.0
497.6612651596713,159.99999999999994,0.0,duct_filler,0,1247.0
244.78184725461665,154.0,0.0,duct_filler,0,1247.0
251.7100504848919,154.0,0.0,duct_filler,0,1247.0
258.6382537151676,154.0,0.0,duct_filler,0,1247.0
265.56645694544295,154.0,0.0,duct_filler,0,1247.0
272.49466017571854,154.0,0.0,duct_filler,0,1247.0
279.4228634059939,154.0,0.0,duct_filler,0,1247.0
286.35106663626937,154.0,0.0,duct_filler,0,1247.0
293.27926986654484,154.0,0.0,duct_filler,0,1247.0
300.2074730968204,154.0,0.0,duct_filler,0,1247.0
307.13567632709567,154.0,0.0,duct_filler,0,1247.0
314.06387955737125,154.0,0.0,duct_filler,0,1247.0
320.9920827876467,154.0,0.0,duct_filler,0,1247.0
327.92028601792254,154.0,0.0,duct_filler,0,1247.0
334.84848924819755,154.0,0.0,duct_filler,0,1247.0
341.77669247847336,154.0,0.0,duct_filler,0,1247.0
348.70489570874884,154.0,0.0,duct_filler,0,1247.0
355.6330989390242,154.0,0.0,duct_filler,0,1247.0
362.56130216929967,154.0,0.0,duct_filler,0,1247.0
369.48950539957514,154.0,0.0,duct_filler,0,1247.0
376.4177086298505,154.0,0.0,duct_filler,0,1247.0
383.34591186012597,154.0,0.0,duct_filler,0,1247.0
390.27411509040144,154.0,0.0,duct_filler,0,1247.0
397.2023183206768,154.0,0.0,duct_filler,0,1247.0
404.1305215509524,154.0,0.0,duct_filler,0,1247.0
411.05872478122785,154.0,0.0,duct_filler,0,1247.0
417.9869280115033,154.0,0.0,duct_filler,0,1247.0
473.412553853707,154.0,0.0,duct_filler,0,1247.0
480.3407570839827,154.0,0.0,duct_filler,0,1247.0
487.2689603142578,154.0,0.0,duct_filler,0,1247.0
494.1971635445336,154.0,0.0,duct_filler,0,1247.0
501.125366774809,154.0,0.0,duct_filler,0,1247.0
241.31774563947874,148.0,0.0,duct_filler,0,1247.0
248.24594886975422,148.0,0.0,duct_filler,0,1247.0
255.1741521000298,148.0,0.0,duct_filler,0,1247.0
262.10235533030504,148.0,0.0,duct_filler,0,1247.0
269.03055856058074,148.0,0.0,duct_filler,0,1247.0
275.9587617908561,148.0,0.0,duct_filler,0,1247.0
282.8869650211316,148.0,0.0,duct_filler,0,1247.0
289.81516825140704,148.0,0.0,duct_filler,0,1247.0
296.7433714816825,148.0,0.0,duct_filler,0,1247.0
303.671574711958,148.0,0.0,duct_filler,0,1247.0
310.5997779422336,148.0,0.0,duct_filler,0,1247.0
317.5279811725088,148.0,0.0,duct_filler,0,1247.0
324.4561844027844,148.0,0.0,duct_filler,0,1247.0
331.3843876330599,148.0,0.0,duct_filler,0,1247.0
338.31259086333534,148.0,0.0,duct_filler,0,1247.0
345.2407940936107,148.0,0.0,duct_filler,0,1247.0
352.1689973238865,148.0,0.0,duct_filler,0,1247.0
359.097200554162,148.0,0.0,duct_filler,0,1247.0
366.02540378443734,148.0,0.0,duct_filler,0,1247.0
372.9536070147128,148.0,0.0,duct_filler,0,1247.0
379.8818102449883,148.0,0.0,duct_filler,0,1247.0
386.81001347526364,148.0,0.0,duct_filler,0,1247.0
393.7382167055391,148.0,0.0,duct_filler,0,1247.0
400.6664199358146,148.0,0.0,duct_filler,0,1247.0
407.5946231660902,148.0,0.0,duct_filler,0,1247.0
414.52282639636553,148.0,0.0,duct_filler,0,1247.0
421.451029626641,148.0,0.0,duct_filler,0,1247.0
497.6612651596713,148.0,0.0,duct_filler,0,1247.0
237.85364402434107,141.99999999999994,0.0,duct_filler,0,1247.0
244.78184725461665,141.99999999999994,0.0,duct_filler,0,1247.0
251.7100504848919,141.99999999999994,0.0,duct_filler,0,1247.0
258.6382537151676,141.99999999999994,0.0,duct_filler,0,1247.0
265.56645694544295,141.99999999999994,0.0,duct_filler,0,1247.0
272.49466017571854,141.99999999999994,0.0,duct_filler,0,1247.0
279.4228634059939,141.99999999999994,0.0,duct_filler,0,1247.0
286.35106663626937,141.99999999999994,0.0,duct_filler,0,1247.0
293.27926986654484,141.99999999999994,0.0,duct_filler,0,1247.0
300.2074730968204,141.99999999999994,0.0,duct_filler,0,1247.0
307.13567632709567,141.99999999999994,0.0,duct_filler,0,1247.0
314.06387955737125,141.99999999999994,0.0,duct_filler,0,1247.0
320.9920827876467,141.99999999999994,0.0,duct_filler,0,1247.0
327.92028601792254,141.99999999999994,0.0,duct_filler,0,1247.0
334.84848924819755,141.99999999999994,0.0,duct_filler,0,1247.0
341.77669247847336,141.99999999999994,0.0,duct_filler,0,1247.0
348.70489570874884,141.99999999999994,0.0,duct_filler,0,1247.0
355.6330989390242,141.99999999999994,0.0,duct_filler,0,1247.0
362.56130216929967,141.99999999999994,0.0,duct_filler,0,1247.0
369.48950539957514,141.99999999999994,0.0,duct_filler,0,1247.0
376.4177086298505,141.99999999999994,0.0,duct_filler,0,1247.0
383.34591186012597,141.99999999999994,0.0,duct_filler,0,1247.0
390.27411509040144,141.99999999999994,0.0,duct_filler,0,1247.0
397.2023183206768,141.99999999999994,0.0,duct_filler,0,1247.0
404.1305215509524,141.99999999999994,0.0,duct_filler,0,1247.0
411.05872478122785,141.99999999999994,0.0,duct_filler,0,1247.0
417.9869280115033,141.99999999999994,0.0,duct_filler,0,1247.0
424.9151312417787,141.99999999999994,0.0,duct_filler,0,1247.0
501.125366774809,141.99999999999994,0.0,duct_filler,0,1247.0
234.38954240920327,136.0,0.0,duct_filler,0,1247.0
241.31774563947874,136.0,0.0,duct_filler,0,1247.0
248.24594886975422,136.0,0.0,duct_filler,0,1247.0
255.1741521000298,136.0,0.0,duct_filler,0,1247.0
262.10235533030504,136.0,0.0,duct_filler,0,1247.0
269.03055856058074,136.0,0.0,duct_filler,0,1247.0
275.9587617908561,136.0,0.0,duct_filler,0,1247.0
282.8869650211316,136.0,0.0,duct_filler,0,1247.0
289.81516825140704,136.0,0.0,duct_filler,0,1247.0
296.7433714816825,136.0,0.0,duct_filler,0,1247.0
303.671574711958,136.0,0.0,duct_filler,0,1247.0
310.5997779422336,136.0,0.0,duct_filler,0,1247.0
317.5279811725088,136.0,0.0,duct_filler,0,1247.0
324.4561844027844,136.0,0.0,duct_filler,0,1247.0
331.3843876330599,136.0,0.0,duct_filler,0,1247.0
338.31259086333534,136.0,0.0,duct_filler,0,1247.0
345.2407940936107,136.0,0.0,duct_filler,0,1247.0
352.1689973238865,136.0,0.0,duct_filler,0,1247.0
359.097200554162,136.0,0.0,duct_filler,0,1247.0
366.02540378443734,136.0,0.0,duct_filler,0,1247.0
372.9536070147128,136.0,0.0,duct_filler,0,1247.0
379.8818102449883,136.0,0.0,duct_filler,0,1247.0
386.81001347526364,136.0,0.0,duct_filler,0,1247.0
393.7382167055391,136.0,0.0,duct_filler,0,1247.0
400.6664199358146,136.0,0.0,duct_filler,0,1247.0
407.5946231660902,136.0,0.0,duct_filler,0,1247.0
414.52282639636553,136.0,0.0,duct_filler,0,1247.0
421.451029626641,136.0,0.0,duct_filler,0,1247.0
428.3792328569165,136.0,0.0,duct_filler,0,1247.0
230.9254407940656,130.0,0.0,duct_filler,0,1247.0
237.85364402434107,130.0,0.0,duct_filler,0,1247.0
244.78184725461665,130.0,0.0,duct_filler,0,1247.0
251.7100504848919,130.0,0.0,duct_filler,0,1247.0
258.6382537151676,130.0,0.0,duct_filler,0,1247.0
265.56645694544295,130.0,0.0,duct_filler,0,1247.0
272.49466017571854,130.0,0.0,duct_filler,0,1247.0
279.4228634059939,130.0,0.0,duct_filler,0,1247.0
286.35106663626937,130.0,0.0,duct_filler,0,1247.0
293.27926986654484,130.0,0.0,duct_filler,0,1247.0
300.2074730968204,130.0,0.0,duct_filler,0,1247.0
307.13567632709567,130.0,0.0,duct_filler,0,1247.0
314.06387955737125,130.0,0.0,duct_filler,0,1247.0
320.9920827876467,130.0,0.0,duct_filler,0,1247.0
327.92028601792254,130.0,0.0,duct_filler,0,1247.0
334.84848924819755,130.0,0.0,duct_filler,0,1247.0
341.77669247847336,130.0,0.0,duct_filler,0,1247.0
348.70489570874884,130.0,0.0,duct_filler,0,1247.0
355.6330989390242,130.0,0.0,duct_filler,0,1247.0
362.56130216929967,130.0,0.0,duct_filler,0,1247.0
369.48950539957514,130.0,0.0,duct_filler,0,1247.0
376.4177086298505,130.0,0.0,duct_filler,0,1247.0
383.34591186012597,130.0,0.0,duct_filler,0,1247.0
390.27411509040144,130.0,0.0,duct_filler,0,1247.0
397.2023183206768,130.0,0.0,duct_filler,0,1247.0
404.1305215509524,130.0,0.0,duct_filler,0,1247.0
411.05872478122785,130.0,0.0,duct_filler,0,1247.0
417.9869280115033,130.0,0.0,duct_filler,0,1247.0
424.9151312417787,130.0,0.0,duct_filler,0,1247.0
-15.025773880713814,124.00000000000006,0.0,duct_filler,0,1247.0
-8.097570650438342,124.00000000000006,0.0,duct_filler,0,1247.0
-1.1693674201628141,124.00000000000006,0.0,duct_filler,0,1247.0
220.53313594865233,123.99999999999994,0.0,duct_filler,0,1247.0
227.4613391789278,123.99999999999994,0.0,duct_filler,0,1247.0
234.38954240920327,123.99999999999994,0.0,duct_filler,0,1247.0
241.31774563947874,123.99999999999994,0.0,duct_filler,0,1247.0
248.24594886975422,123.99999999999994,0.0,duct_filler,0,1247.0
255.1741521000298,123.99999999999994,0.0,duct_filler,0,1247.0
262.10235533030504,123.99999999999994,0.0,duct_filler,0,1247.0
269.03055856058074,123.99999999999994,0.0,duct_filler,0,1247.0
275.9587617908561,123.99999999999994,0.0,duct_filler,0,1247.0
282.8869650211316,123.99999999999994,0.0,duct_filler,0,1247.0
289.81516825140704,123.99999999999994,0.0,duct_filler,0,1247.0
296.7433714816825,123.99999999999994,0.0,duct_filler,0,1247.0
303.671574711958,123.99999999999994,0.0,duct_filler,0,1247.0
310.5997779422336,123.99999999999994,0.0,duct_filler,0,1247.0
317.5279811725088,123.99999999999994,0.0,duct_filler,0,1247.0
324.4561844027844,123.99999999999994,0.0,duct_filler,0,1247.0
331.3843876330599,123.99999999999994,0.0,duct_filler,0,1247.0
338.31259086333534,123.99999999999994,0.0,duct_filler,0,1247.0
345.2407940936107,123.99999999999994,0.0,duct_filler,0,1247.0
352.1689973238865,123.99999999999994,0.0,duct_filler,0,1247.0
359.097200554162,123.99999999999994,0.0,duct_filler,0,1247.0
366.02540378443734,123.99999999999994,0.0,duct_filler,0,1247.0
372.9536070147128,123.99999999999994,0.0,duct_filler,0,1247.0
379.8818102449883,123.99999999999994,0.0,duct_filler,0,1247.0
386.81001347526364,123.99999999999994,0.0,duct_filler,0,1247.0
393.7382167055391,123.99999999999994,0.0,duct_filler,0,1247.0
400.6664199358146,123.99999999999994,0.0,duct_filler,0,1247.0
407.5946231660902,123.99999999999994,0.0,duct_filler,0,1247.0
414.52282639636553,123.99999999999994,0.0,duct_filler,0,1247.0
421.451029626641,123.99999999999994,0.0,duct_filler,0,1247.0
428.3792328569165,123.99999999999994,0.0,duct_filler,0,1247.0
-25.41807872612725,118.0,0.0,duct_filler,0,1247.0
-18.489875495851663,118.0,0.0,duct_filler,0,1247.0
-11.561672265576135,118.0,0.0,duct_filler,0,1247.0
-4.633469035300607,118.0,0.0,duct_filler,0,1247.0
2.2947341949749784,118.0,0.0,duct_filler,0,1247.0
217.06903433351465,118.0,0.0,duct_filler,0,1247.0
223.99723756379012,118.0,0.0,duct_filler,0,1247.0
230.9254407940656,118.0,0.0,duct_filler,0,1247.0
237.85364402434107,118.0,0.0,duct_filler,0,1247.0
244.78184725461665,118.0,0.0,duct_filler,0,1247.0
251.7100504848919,118.0,0.0,duct_filler,0,1247.0
258.6382537151676,118.0,0.0,duct_filler,0,1247.0
265.56645694544295,118.0,0.0,duct_filler,0,1247.0
272.49466017571854,118.0,0.0,duct_filler,0,1247.0
279.4228634059939,118.0,0.0,duct_filler,0,1247.0
286.35106663626937,118.0,0.0,duct_filler,0,1247.0
293.27926986654484,118.0,0.0,duct_filler,0,1247.0
300.2074730968204,118.0,0.0,duct_filler,0,1247.0
307.13567632709567,118.0,0.0,duct_filler,0,1247.0
314.06387955737125,118.0,0.0,duct_filler,0,1247.0
320.9920827876467,118.0,0.0,duct_filler,0,1247.0
327.92028601792254,118.0,0.0,duct_filler,0,1247.0
334.84848924819755,118.0,0.0,duct_filler,0,1247.0
341.77669247847336,118.0,0.0,duct_filler,0,1247.0
348.70489570874884,118.0,0.0,duct_filler,0,1247.0
355.6330989390242,118.0,0.0,duct_filler,0,1247.0
362.56130216929967,118.0,0.0,duct_filler,0,1247.0
369.48950539957514,118.0,0.0,duct_filler,0,1247.0
376.4177086298505,118.0,0.0,duct_filler,0,1247.0
383.34591186012597,118.0,0.0,duct_filler,0,1247.0
390.27411509040144,118.0,0.0,duct_filler,0,1247.0
397.2023183206768,118.0,0.0,duct_filler,0,1247.0
404.1305215509524,118.0,0.0,duct_filler,0,1247.0
411.05872478122785,118.0,0.0,duct_filler,0,1247.0
417.9869280115033,118.0,0.0,duct_filler,0,1247.0
424.9151312417787,118.0,0.0,duct_filler,0,1247.0
-35.810383571540456,112.0,0.0,duct_filler,0,1247.0
-28.882180341264927,112.0,0.0,duct_filler,0,1247.0
-21.953977110989342,112.0,0.0,duct_filler,0,1247.0
-15.025773880713814,112.0,0.0,duct_filler,0,1247.0
-8.097570650438342,112.0,0.0,duct_filler,0,1247.0
-1.1693674201628141,112.0,0.0,duct_filler,0,1247.0
5.758835810112714,112.0,0.0,duct_filler,0,1247.0
213.60493271837686,112.0,0.0,duct_filler,0,1247.0
220.53313594865233,112.0,0.0,duct_filler,0,1247.0
227.4613391789278,112.0,0.0,duct_filler,0,1247.0
234.38954240920327,112.0,0.0,duct_filler,0,1247.0
241.31774563947874,112.0,0.0,duct_filler,0,1247.0
248.24594886975422,112.0,0.0,duct_filler,0,1247.0
255.1741521000298,112.0,0.0,duct_filler,0,1247.0
262.10235533030504,112.0,0.0,duct_filler,0,1247.0
269.03055856058074,112.0,0.0,duct_filler,0,1247.0
275.9587617908561,112.0,0.0,duct_filler,0,1247.0
282.8869650211316,112.0,0.0,duct_filler,0,1247.0
289.81516825140704,112.0,0.0,duct_filler,0,1247.0
296.7433714816825,112.0,0.0,duct_filler,0,1247.0
303.671574711958,112.0,0.0,duct_filler,0,1247.0
310.5997779422336,112.0,0.0,duct_filler,0,1247.0
317.5279811725088,112.0,0.0,duct_filler,0,1247.0
324.4561844027844,112.0,0.0,duct_filler,0,1247.0
331.3843876330599,112.0,0.0,duct_filler,0,1247.0
338.31259086333534,112.0,0.0,duct_filler,0,1247.0
345.2407940936107,112.0,0.0,duct_filler,0,1247.0
352.1689973238865,112.0,0.0,duct_filler,0,1247.0
359.097200554162,112.0,0.0,duct_filler,0,1247.0
366.02540378443734,112.0,0.0,duct_filler,0,1247.0
372.9536070147128,112.0,0.0,duct_filler,0,1247.0
379.8818102449883,112.0,0.0,duct_filler,0,1247.0
386.81001347526364,112.0,0.0,duct_filler,0,1247.0
393.7382167055391,112.0,0.0,duct_filler,0,1247.0
400.6664199358146,112.0,0.0,duct_filler,0,1247.0
407.5946231660902,112.0,0.0,duct_filler,0,1247.0
414.52282639636553,112.0,0.0,duct_filler,0,1247.0
421.451029626641,112.0,0.0,duct_filler,0,1247.0
428.3792328569165,112.0,0.0,duct_filler,0,1247.0
-46.20268841695378,106.00000000000006,0.0,duct_filler,0,1247.0
-39.27448518667825,106.00000000000006,0.0,duct_filler,0,1247.0
-32.34628195640266,106.00000000000006,0.0,duct_filler,0,1247.0
-25.41807872612725,106.00000000000006,0.0,duct_filler,0,1247.0
-18.489875495851663,106.00000000000006,0.0,duct_filler,0,1247.0
-11.561672265576135,106.00000000000006,0.0,duct_filler,0,1247.0
-4.633469035300607,106.00000000000006,0.0,duct_filler,0,1247.0
2.2947341949749784,106.00000000000006,0.0,duct_filler,0,1247.0
9.222937425250507,106.00000000000006,0.0,duct_filler,0,1247.0
210.14083110323918,106.00000000000006,0.0,duct_filler,0,1247.0
217.06903433351465,106.00000000000006,0.0,duct_filler,0,1247.0
223.99723756379012,106.00000000000006,0.0,duct_filler,0,1247.0
230.9254407940656,106.00000000000006,0.0,duct_filler,0,1247.0
237.85364402434107,106.00000000000006,0.0,duct_filler,0,1247.0
244.78184725461665,106.00000000000006,0.0,duct_filler,0,1247.0
251.7100504848919,106.00000000000006,0.0,duct_filler,0,1247.0
258.6382537151676,106.00000000000006,0.0,duct_filler,0,1247.0
265.56645694544295,106.00000000000006,0.0,duct_filler,0,1247.0
272.49466017571854,106.00000000000006,0.0,duct_filler,0,1247.0
279.4228634059939,106.00000000000006,0.0,duct_filler,0,1247.0
286.35106663626937,106.00000000000006,0.0,duct_filler,0,1247.0
293.27926986654484,106.00000000000006,0.0,duct_filler,0,1247.0
300.2074730968204,106.00000000000006,0.0,duct_filler,0,1247.0
307.13567632709567,106.00000000000006,0.0,duct_filler,0,1247.0
314.06387955737125,106.00000000000006,0.0,duct_filler,0,1247.0
320.9920827876467,106.00000000000006,0.0,duct_filler,0,1247.0
327.92028601792254,106.00000000000006,0.0,duct_filler,0,1247.0
334.84848924819755,106.00000000000006,0.0,duct_filler,0,1247.0
341.77669247847336,106.00000000000006,0.0,duct_filler,0,1247.0
348.70489570874884,106.00000000000006,0.0,duct_filler,0,1247.0
355.6330989390242,106.00000000000006,0.0,duct_filler,0,1247.0
362.56130216929967,106.00000000000006,0.0,duct_filler,0,1247.0
369.48950539957514,106.00000000000006,0.0,duct_filler,0,1247.0
376.4177086298505,106.00000000000006,0.0,duct_filler,0,1247.0
383.34591186012597,106.00000000000006,0.0,duct_filler,0,1247.0
390.27411509040144,106.00000000000006,0.0,duct_filler,0,1247.0
397.2023183206768,106.00000000000006,0.0,duct_filler,0,1247.0
404.1305215509524,106.00000000000006,0.0,duct_filler,0,1247.0
411.05872478122785,106.00000000000006,0.0,duct_filler,0,1247.0
417.9869280115033,106.00000000000006,0.0,duct_filler,0,1247.0
-49.66679003209157,100.0,0.0,duct_filler,0,1247.0
-42.738586801815984,100.0,0.0,duct_filler,0,1247.0
-35.810383571540456,100.0,0.0,duct_filler,0,1247.0
-28.882180341264927,100.0,0.0,duct_filler,0,1247.0
-21.953977110989342,100.0,0.0,duct_filler,0,1247.0
-15.025773880713814,100.0,0.0,duct_filler,0,1247.0
-8.097570650438342,100.0,0.0,duct_filler,0,1247.0
-1.1693674201628141,100.0,0.0,duct_filler,0,1247.0
5.758835810112714,100.0,0.0,duct_filler,0,1247.0
12.6870390403883,100.00000000000006,0.0,duct_filler,0,1247.0
206.6767294881015,100.0,0.0,duct_filler,0,1247.0
213.60493271837686,100.0,0.0,duct_filler,0,1247.0
220.53313594865233,100.0,0.0,duct_filler,0,1247.0
227.4613391789278,100.0,0.0,duct_filler,0,1247.0
234.38954240920327,100.0,0.0,duct_filler,0,1247.0
241.31774563947874,100.0,0.0,duct_filler,0,1247.0
248.24594886975422,100.0,0.0,duct_filler,0,1247.0
255.1741521000298,100.0,0.0,duct_filler,0,1247.0
262.10235533030504,100.0,0.0,duct_filler,0,1247.0
269.03055856058074,100.0,0.0,duct_filler,0,1247.0
275.9587617908561,100.0,0.0,duct_filler,0,1247.0
282.8869650211316,100.0,0.0,duct_filler,0,1247.0
289.81516825140704,100.0,0.0,duct_filler,0,1247.0
296.7433714816825,100.0,0.0,duct_filler,0,1247.0
303.671574711958,100.0,0.0,duct_filler,0,1247.0
310.5997779422336,100.0,0.0,duct_filler,0,1247.0
317.5279811725088,100.0,0.0,duct_filler,0,1247.0
324.4561844027844,100.0,0.0,duct_filler,0,1247.0
331.3843876330599,100.0,0.0,duct_filler,0,1247.0
338.31259086333534,100.0,0.0,duct_filler,0,1247.0
345.2407940936107,100.0,0.0,duct_filler,0,1247.0
352.1689973238865,100.0,0.0,duct_filler,0,1247.0
359.097200554162,100.0,0.0,duct_filler,0,1247.0
366.02540378443734,100.0,0.0,duct_filler,0,1247.0
372.9536070147128,100.0,0.0,duct_filler,0,1247.0
379.8818102449883,100.0,0.0,duct_filler,0,1247.0
386.81001347526364,100.0,0.0,duct_filler,0,1247.0
393.7382167055391,100.0,0.0,duct_filler,0,1247.0
400.6664199358146,100.0,0.0,duct_filler,0,1247.0
407.5946231660902,100.0,0.0,duct_filler,0,1247.0
414.52282639636553,100.0,0.0,duct_filler,0,1247.0
-53.130891647229305,94.0,0.0,duct_filler,0,1247.0
-46.20268841695378,94.0,0.0,duct_filler,0,1247.0
-39.27448518667825,94.0,0.0,duct_filler,0,1247.0
-32.34628195640266,94.0,0.0,duct_filler,0,1247.0
-25.41807872612725,94.0,0.0,duct_filler,0,1247.0
-18.489875495851663,94.0,0.0,duct_filler,0,1247.0
-11.561672265576135,94.0,0.0,duct_filler,0,1247.0
-4.633469035300607,94.0,0.0,duct_filler,0,1247.0
2.2947341949749784,94.0,0.0,duct_filler,0,1247.0
203.2126278729637,94.0,0.0,duct_filler,0,1247.0
210.14083110323918,94.0,0.0,duct_filler,0,1247.0
217.06903433351465,94.0,0.0,duct_filler,0,1247.0
223.99723756379012,94.0,0.0,duct_filler,0,1247.0
230.9254407940656,94.0,0.0,duct_filler,0,1247.0
237.85364402434107,94.0,0.0,duct_filler,0,1247.0
244.78184725461665,94.0,0.0,duct_filler,0,1247.0
251.7100504848919,94.0,0.0,duct_filler,0,1247.0
258.6382537151676,94.0,0.0,duct_filler,0,1247.0
265.56645694544295,94.0,0.0,duct_filler,0,1247.0
272.49466017571854,94.0,0.0,duct_filler,0,1247.0
279.4228634059939,94.0,0.0,duct_filler,0,1247.0
286.35106663626937,94.0,0.0,duct_filler,0,1247.0
293.27926986654484,94.0,0.0,duct_filler,0,1247.0
300.2074730968204,94.0,0.0,duct_filler,0,1247.0
307.13567632709567,94.0,0.0,duct_filler,0,1247.0
314.06387955737125,94.0,0.0,duct_filler,0,1247.0
320.9920827876467,94.0,0.0,duct_filler,0,1247.0
327.92028601792254,94.0,0.0,duct_filler,0,1247.0
334.84848924819755,94.0,0.0,duct_filler,0,1247.0
341.77669247847336,94.0,0.0,duct_filler,0,1247.0
348.70489570874884,94.0,0.0,duct_filler,0,1247.0
355.6330989390242,94.0,0.0,duct_filler,0,1247.0
362.56130216929967,94.0,0.0,duct_filler,0,1247.0
369.48950539957514,94.0,0.0,duct_filler,0,1247.0
376.4177086298505,94.0,0.0,duct_filler,0,1247.0
383.34591186012597,94.0,0.0,duct_filler,0,1247.0
390.27411509040144,94.0,0.0,duct_filler,0,1247.0
397.2023183206768,94.0,0.0,duct_filler,0,1247.0
404.1305215509524,94.0,0.0,duct_filler,0,1247.0
501.125366774809,94.0,0.0,duct_filler,0,1247.0
-56.5949932623671,88.0,0.0,duct_filler,0,1247.0
-49.66679003209157,88.0,0.0,duct_filler,0,1247.0
-42.738586801815984,88.0,0.0,duct_filler,0,1247.0
-35.810383571540456,88.0,0.0,duct_filler,0,1247.0
-28.882180341264927,88.0,0.0,duct_filler,0,1247.0
-21.953977110989342,88.0,0.0,duct_filler,0,1247.0
-15.025773880713814,88.0,0.0,duct_filler,0,1247.0
-8.097570650438342,88.0,0.0,duct_filler,0,1247.0
-1.1693674201628141,88.0,0.0,duct_filler,0,1247.0
199.7485262578258,88.00000000000006,0.0,duct_filler,0,1247.0
206.6767294881015,88.00000000000006,0.0,duct_filler,0,1247.0
213.60493271837686,88.00000000000006,0.0,duct_filler,0,1247.0
220.53313594865233,88.00000000000006,0.0,duct_filler,0,1247.0
227.4613391789278,88.00000000000006,0.0,duct_filler,0,1247.0
234.38954240920327,88.00000000000006,0.0,duct_filler,0,1247.0
241.31774563947874,88.00000000000006,0.0,duct_filler,0,1247.0
248.24594886975422,88.00000000000006,0.0,duct_filler,0,1247.0
255.1741521000298,88.00000000000006,0.0,duct_filler,0,1247.0
262.10235533030504,88.00000000000006,0.0,duct_filler,0,1247.0
269.03055856058074,88.00000000000006,0.0,duct_filler,0,1247.0
275.9587617908561,88.00000000000006,0.0,duct_filler,0,1247.0
282.8869650211316,88.00000000000006,0.0,duct_filler,0,1247.0
289.81516825140704,88.00000000000006,0.0,duct_filler,0,1247.0
296.7433714816825,88.00000000000006,0.0,duct_filler,0,1247.0
303.671574711958,88.00000000000006,0.0,duct_filler,0,1247.0
310.5997779422336,88.00000000000006,0.0,duct_filler,0,1247.0
317.5279811725088,88.00000000000006,0.0,duct_filler,0,1247.0
324.4561844027844,88.00000000000006,0.0,duct_filler,0,1247.0
331.3843876330599,88.00000000000006,0.0,duct_filler,0,1247.0
338.31259086333534,88.00000000000006,0.0,duct_filler,0,1247.0
345.2407940936107,88.00000000000006,0.0,duct_filler,0,1247.0
352.1689973238865,88.00000000000006,0.0,duct_filler,0,1247.0
359.097200554162,88.00000000000006,0.0,duct_filler,0,1247.0
366.02540378443734,88.00000000000006,0.0,duct_filler,0,1247.0
372.9536070147128,88.00000000000006,0.0,duct_filler,0,1247.0
379.8818102449883,88.00000000000006,0.0,duct_filler,0,1247.0
386.81001347526364,88.00000000000006,0.0,duct_filler,0,1247.0
393.7382167055391,88.00000000000006,0.0,duct_filler,0,1247.0
400.6664199358146,88.00000000000006,0.0,duct_filler,0,1247.0
497.6612651596713,88.00000000000006,0.0,duct_filler,0,1247.0
-60.059094877504776,82.00000000000006,0.0,duct_filler,0,1247.0
-53.130891647229305,82.00000000000006,0.0,duct_filler,0,1247.0
-46.20268841695378,82.00000000000006,0.0,duct_filler,0,1247.0
-39.27448518667825,82.00000000000006,0.0,duct_filler,0,1247.0
-32.34628195640266,82.00000000000006,0.0,duct_filler,0,1247.0
-25.41807872612725,82.00000000000006,0.0,duct_filler,0,1247.0
-18.489875495851663,82.00000000000006,0.0,duct_filler,0,1247.0
-11.561672265576135,82.00000000000006,0.0,duct_filler,0,1247.0
-4.633469035300607,82.00000000000006,0.0,duct_filler,0,1247.0
196.28442464268812,82.00000000000006,0.0,duct_filler,0,1247.0
203.2126278729637,82.00000000000006,0.0,duct_filler,0,1247.0
210.14083110323918,82.00000000000006,0.0,duct_filler,0,1247.0
217.06903433351465,82.00000000000006,0.0,duct_filler,0,1247.0
223.99723756379012,82.00000000000006,0.0,duct_filler,0,1247.0
230.9254407940656,82.00000000000006,0.0,duct_filler,0,1247.0
237.85364402434107,82.00000000000006,0.0,duct_filler,0,1247.0
244.78184725461665,82.00000000000006,0.0,duct_filler,0,1247.0
251.7100504848919,82.00000000000006,0.0,duct_filler,0,1247.0
258.6382537151676,82.00000000000006,0.0,duct_filler,0,1247.0
265.56645694544295,82.00000000000006,0.0,duct_filler,0,1247.0
272.49466017571854,82.00000000000006,0.0,duct_filler,0,1247.0
279.4228634059939,82.00000000000006,0.0,duct_filler,0,1247.0
286.35106663626937,82.00000000000006,0.0,duct_filler,0,1247.0
293.27926986654484,82.00000000000006,0.0,duct_filler,0,1247.0
300.2074730968204,82.00000000000006,0.0,duct_filler,0,1247.0
307.13567632709567,82.00000000000006,0.0,duct_filler,0,1247.0
314.06387955737125,82.00000000000006,0.0,duct_filler,0,1247.0
320.9920827876467,82.00000000000006,0.0,duct_filler,0,1247.0
327.92028601792254,82.00000000000006,0.0,duct_filler,0,1247.0
334.84848924819755,82.00000000000006,0.0,duct_filler,0,1247.0
341.77669247847336,82.00000000000006,0.0,duct_filler,0,1247.0
348.70489570874884,82.00000000000006,0.0,duct_filler,0,1247.0
355.6330989390242,82.00000000000006,0.0,duct_filler,0,1247.0
362.56130216929967,82.00000000000006,0.0,duct_filler,0,1247.0
369.48950539957514,82.00000000000006,0.0,duct_filler,0,1247.0
376.4177086298505,82.00000000000006,0.0,duct_filler,0,1247.0
501.125366774809,82.00000000000006,0.0,duct_filler,0,1247.0
-63.523196492642626,76.00000000000006,0.0,duct_filler,0,1247.0
-56.5949932623671,76.00000000000006,0.0,duct_filler,0,1247.0
-49.66679003209157,76.00000000000006,0.0,duct_filler,0,1247.0
-42.738586801815984,76.00000000000006,0.0,duct_filler,0,1247.0
-35.810383571540456,76.00000000000006,0.0,duct_filler,0,1247.0
-28.882180341264927,76.00000000000006,0.0,duct_filler,0,1247.0
-21.953977110989342,76.00000000000006,0.0,duct_filler,0,1247.0
-15.025773880713814,76.00000000000006,0.0,duct_filler,0,1247.0
-8.097570650438342,76.00000000000006,0.0,duct_filler,0,1247.0
-1.1693674201628141,76.00000000000006,0.0,duct_filler,0,1247.0
192.82032302755056,76.0,0.0,duct_filler,0,1247.0
199.7485262578258,76.0,0.0,duct_filler,0,1247.0
206.6767294881015,76.0,0.0,duct_filler,0,1247.0
213.60493271837686,76.0,0.0,duct_filler,0,1247.0
220.53313594865233,76.0,0.0,duct_filler,0,1247.0
227.4613391789278,76.0,0.0,duct_filler,0,1247.0
234.38954240920327,76.0,0.0,duct_filler,0,1247.0
241.31774563947874,76.0,0.0,duct_filler,0,1247.0
248.24594886975422,76.0,0.0,duct_filler,0,1247.0
255.1741521000298,76.0,0.0,duct_filler,0,1247.0
262.10235533030504,76.0,0.0,duct_filler,0,1247.0
269.03055856058074,76.0,0.0,duct_filler,0,1247.0
275.9587617908561,76.0,0.0,duct_filler,0,1247.0
282.8869650211316,76.0,0.0,duct_filler,0,1247.0
289.81516825140704,76.0,0.0,duct_filler,0,1247.0
296.7433714816825,76.0,0.0,duct_filler,0,1247.0
303.671574711958,76.0,0.0,duct_filler,0,1247.0
310.5997779422336,76.0,0.0,duct_filler,0,1247.0
317.5279811725088,76.0,0.0,duct_filler,0,1247.0
324.4561844027844,76.0,0.0,duct_filler,0,1247.0
331.3843876330599,76.0,0.0,duct_filler,0,1247.0
338.31259086333534,76.0,0.0,duct_filler,0,1247.0
345.2407940936107,76.0,0.0,duct_filler,0,1247.0
352.1689973238865,76.0,0.0,duct_filler,0,1247.0
359.097200554162,76.0,0.0,duct_filler,0,1247.0
366.02540378443734,76.0,0.0,duct_filler,0,1247.0
372.9536070147128,76.0,0.0,duct_filler,0,1247.0
379.8818102449883,76.0,0.0,duct_filler,0,1247.0
497.6612651596713,76.0,0.0,duct_filler,0,1247.0
-53.130891647229305,70.00000000000006,0.0,duct_filler,0,1247.0
-46.20268841695378,70.00000000000006,0.0,duct_filler,0,1247.0
-39.27448518667825,70.00000000000006,0.0,duct_filler,0,1247.0
-32.34628195640266,70.00000000000006,0.0,duct_filler,0,1247.0
-25.41807872612725,70.00000000000006,0.0,duct_filler,0,1247.0
-18.489875495851663,70.00000000000006,0.0,duct_filler,0,1247.0
-11.561672265576135,70.00000000000006,0.0,duct_filler,0,1247.0
-4.633469035300607,70.00000000000006,0.0,duct_filler,0,1247.0
189.35622141241265,70.0,0.0,duct_filler,0,1247.0
196.28442464268812,70.0,0.0,duct_filler,0,1247.0
203.2126278729637,70.0,0.0,duct_filler,0,1247.0
210.14083110323918,70.0,0.0,duct_filler,0,1247.0
217.06903433351465,70.0,0.0,duct_filler,0,1247.0
223.99723756379012,70.0,0.0,duct_filler,0,1247.0
230.9254407940656,70.0,0.0,duct_filler,0,1247.0
237.85364402434107,70.0,0.0,duct_filler,0,1247.0
244.78184725461665,70.0,0.0,duct_filler,0,1247.0
251.7100504848919,70.0,0.0,duct_filler,0,1247.0
258.6382537151676,70.0,0.0,duct_filler,0,1247.0
265.56645694544295,70.0,0.0,duct_filler,0,1247.0
272.49466017571854,70.0,0.0,duct_filler,0,1247.0
279.4228634059939,70.0,0.0,duct_filler,0,1247.0
286.35106663626937,70.0,0.0,duct_filler,0,1247.0
293.27926986654484,70.0,0.0,duct_filler,0,1247.0
300.2074730968204,70.0,0.0,duct_filler,0,1247.0
307.13567632709567,70.0,0.0,duct_filler,0,1247.0
314.06387955737125,70.0,0.0,duct_filler,0,1247.0
320.9920827876467,70.0,0.0,duct_filler,0,1247.0
327.92028601792254,70.0,0.0,duct_filler,0,1247.0
334.84848924819755,70.0,0.0,duct_filler,0,1247.0
341.77669247847336,70.0,0.0,duct_filler,0,1247.0
348.70489570874884,70.0,0.0,duct_filler,0,1247.0
355.6330989390242,70.0,0.0,duct_filler,0,1247.0
362.56130216929967,70.0,0.0,duct_filler,0,1247.0
369.48950539957514,70.0,0.0,duct_filler,0,1247.0
376.4177086298505,70.0,0.0,duct_filler,0,1247.0
501.125366774809,70.0,0.0,duct_filler,0,1247.0
-49.66679003209157,64.0,0.0,duct_filler,0,1247.0
-42.738586801815984,64.0,0.0,duct_filler,0,1247.0
-35.810383571540456,64.0,0.0,duct_filler,0,1247.0
-28.882180341264927,64.0,0.0,duct_filler,0,1247.0
-21.953977110989342,64.0,0.0,duct_filler,0,1247.0
-15.025773880713814,64.0,0.0,duct_filler,0,1247.0
185.89211979727497,64.00000000000006,0.0,duct_filler,0,1247.0
192.82032302755056,64.00000000000006,0.0,duct_filler,0,1247.0
199.7485262578258,64.00000000000006,0.0,duct_filler,0,1247.0
206.6767294881015,64.00000000000006,0.0,duct_filler,0,1247.0
213.60493271837686,64.00000000000006,0.0,duct_filler,0,1247.0
220.53313594865233,64.00000000000006,0.0,duct_filler,0,1247.0
227.4613391789278,64.00000000000006,0.0,duct_filler,0,1247.0
234.38954240920327,64.00000000000006,0.0,duct_filler,0,1247.0
241.31774563947874,64.00000000000006,0.0,duct_filler,0,1247.0
248.24594886975422,64.00000000000006,0.0,duct_filler,0,1247.0
255.1741521000298,64.00000000000006,0.0,duct_filler,0,1247.0
262.10235533030504,64.00000000000006,0.0,duct_filler,0,1247.0
269.03055856058074,64.00000000000006,0.0,duct_filler,0,1247.0
275.9587617908561,64.00000000000006,0.0,duct_filler,0,1247.0
282.8869650211316,64.00000000000006,0.0,duct_filler,0,1247.0
289.81516825140704,64.00000000000006,0.0,duct_filler,0,1247.0
296.7433714816825,64.00000000000006,0.0,duct_filler,0,1247.0
303.671574711958,64.00000000000006,0.0,duct_filler,0,1247.0
310.5997779422336,64.00000000000006,0.0,duct_filler,0,1247.0
317.5279811725088,64.00000000000006,0.0,duct_filler,0,1247.0
324.4561844027844,64.00000000000006,0.0,duct_filler,0,1247.0
331.3843876330599,64.00000000000006,0.0,duct_filler,0,1247.0
338.31259086333534,64.00000000000006,0.0,duct_filler,0,1247.0
345.2407940936107,64.00000000000006,0.0,duct_filler,0,1247.0
352.1689973238865,64.00000000000006,0.0,duct_filler,0,1247.0
359.097200554162,64.00000000000006,0.0,duct_filler,0,1247.0
366.02540378443734,64.00000000000006,0.0,duct_filler,0,1247.0
189.35622141241265,58.0,0.0,duct_filler,0,1247.0
196.28442464268812,58.0,0.0,duct_filler,0,1247.0
203.2126278729637,58.0,0.0,duct_filler,0,1247.0
210.14083110323918,58.0,0.0,duct_filler,0,1247.0
217.06903433351465,58.0,0.0,duct_filler,0,1247.0
223.99723756379012,58.0,0.0,duct_filler,0,1247.0
230.9254407940656,58.0,0.0,duct_filler,0,1247.0
237.85364402434107,58.0,0.0,duct_filler,0,1247.0
244.78184725461665,58.0,0.0,duct_filler,0,1247.0
251.7100504848919,58.0,0.0,duct_filler,0,1247.0
258.6382537151676,58.0,0.0,duct_filler,0,1247.0
265.56645694544295,58.0,0.0,duct_filler,0,1247.0
272.49466017571854,58.0,0.0,duct_filler,0,1247.0
279.4228634059939,58.0,0.0,duct_filler,0,1247.0
286.35106663626937,58.0,0.0,duct_filler,0,1247.0
293.27926986654484,58.0,0.0,duct_filler,0,1247.0
300.2074730968204,58.0,0.0,duct_filler,0,1247.0
307.13567632709567,58.0,0.0,duct_filler,0,1247.0
314.06387955737125,58.0,0.0,duct_filler,0,1247.0
320.9920827876467,58.0,0.0,duct_filler,0,1247.0
327.92028601792254,58.0,0.0,duct_filler,0,1247.0
334.84848924819755,58.0,0.0,duct_filler,0,1247.0
341.77669247847336,58.0,0.0,duct_filler,0,1247.0
348.70489570874884,58.0,0.0,duct_filler,0,1247.0
355.6330989390242,58.0,0.0,duct_filler,0,1247.0
362.56130216929967,58.0,0.0,duct_filler,0,1247.0
185.89211979727497,52.0,0.0,duct_filler,0,1247.0
192.82032302755056,52.0,0.0,duct_filler,0,1247.0
199.7485262578258,52.0,0.0,duct_filler,0,1247.0
206.6767294881015,52.0,0.0,duct_filler,0,1247.0
213.60493271837686,52.0,0.0,duct_filler,0,1247.0
220.53313594865233,52.0,0.0,duct_filler,0,1247.0
227.4613391789278,52.0,0.0,duct_filler,0,1247.0
234.38954240920327,52.0,0.0,duct_filler,0,1247.0
241.31774563947874,52.0,0.0,duct_filler,0,1247.0
248.24594886975422,52.0,0.0,duct_filler,0,1247.0
255.1741521000298,52.0,0.0,duct_filler,0,1247.0
262.10235533030504,52.0,0.0,duct_filler,0,1247.0
269.03055856058074,52.0,0.0,duct_filler,0,1247.0
275.9587617908561,52.0,0.0,duct_filler,0,1247.0
282.8869650211316,52.0,0.0,duct_filler,0,1247.0
289.81516825140704,52.0,0.0,duct_filler,0,1247.0
296.7433714816825,52.0,0.0,duct_filler,0,1247.0
303.671574711958,52.0,0.0,duct_filler,0,1247.0
310.5997779422336,52.0,0.0,duct_filler,0,1247.0
317.5279811725088,52.0,0.0,duct_filler,0,1247.0
324.4561844027844,52.0,0.0,duct_filler,0,1247.0
331.3843876330599,52.0,0.0,duct_filler,0,1247.0
338.31259086333534,52.0,0.0,duct_filler,0,1247.0
-427.25386608210715,46.00000000000006,0.0,duct_filler,0,1247.0
189.35622141241265,46.0,0.0,duct_filler,0,1247.0
196.28442464268812,46.0,0.0,duct_filler,0,1247.0
203.2126278729637,46.0,0.0,duct_filler,0,1247.0
210.14083110323918,46.0,0.0,duct_filler,0,1247.0
217.06903433351465,46.0,0.0,duct_filler,0,1247.0
223.99723756379012,46.0,0.0,duct_filler,0,1247.0
230.9254407940656,46.0,0.0,duct_filler,0,1247.0
237.85364402434107,46.0,0.0,duct_filler,0,1247.0
244.78184725461665,46.0,0.0,duct_filler,0,1247.0
251.7100504848919,46.0,0.0,duct_filler,0,1247.0
258.6382537151676,46.0,0.0,duct_filler,0,1247.0
265.56645694544295,46.0,0.0,duct_filler,0,1247.0
272.49466017571854,46.0,0.0,duct_filler,0,1247.0
279.4228634059939,46.0,0.0,duct_filler,0,1247.0
286.35106663626937,46.0,0.0,duct_filler,0,1247.0
293.27926986654484,46.0,0.0,duct_filler,0,1247.0
300.2074730968204,46.0,0.0,duct_filler,0,1247.0
307.13567632709567,46.0,0.0,duct_filler,0,1247.0
314.06387955737125,46.0,0.0,duct_filler,0,1247.0
320.9920827876467,46.0,0.0,duct_filler,0,1247.0
327.92028601792254,46.0,0.0,duct_filler,0,1247.0
334.84848924819755,46.0,0.0,duct_filler,0,1247.0
341.77669247847336,46.0,0.0,duct_filler,0,1247.0
348.70489570874884,46.0,0.0,duct_filler,0,1247.0
501.125366774809,46.0,0.0,duct_filler,0,1247.0
-500.0,40.0,0.0,duct_filler,0,1247.0
-493.0717967697245,40.0,0.0,duct_filler,0,1247.0
-486.143593539449,40.0,0.0,duct_filler,0,1247.0
-437.6461709275204,40.0,0.0,duct_filler,0,1247.0
-430.71796769724494,40.0,0.0,duct_filler,0,1247.0
-423.7897644669694,40.0,0.0,duct_filler,0,1247.0
-416.8615612366939,40.0,0.0,duct_filler,0,1247.0
192.82032302755056,39.99999999999994,0.0,duct_filler,0,1247.0
199.7485262578258,39.99999999999994,0.0,duct_filler,0,1247.0
206.6767294881015,39.99999999999994,0.0,duct_filler,0,1247.0
213.60493271837686,39.99999999999994,0.0,duct_filler,0,1247.0
220.53313594865233,39.99999999999994,0.0,duct_filler,0,1247.0
227.4613391789278,39.99999999999994,0.0,duct_filler,0,1247.0
234.38954240920327,39.99999999999994,0.0,duct_filler,0,1247.0
241.31774563947874,39.99999999999994,0.0,duct_filler,0,1247.0
248.24594886975422,39.99999999999994,0.0,duct_filler,0,1247.0
255.1741521000298,39.99999999999994,0.0,duct_filler,0,1247.0
262.10235533030504,39.99999999999994,0.0,duct_filler,0,1247.0
269.03055856058074,39.99999999999994,0.0,duct_filler,0,1247.0
275.9587617908561,39.99999999999994,0.0,duct_filler,0,1247.0
282.8869650211316,39.99999999999994,0.0,duct_filler,0,1247.0
289.81516825140704,39.99999999999994,0.0,duct_filler,0,1247.0
296.7433714816825,39.99999999999994,0.0,duct_filler,0,1247.0
303.671574711958,39.99999999999994,0.0,duct_filler,0,1247.0
310.5997779422336,39.99999999999994,0.0,duct_filler,0,1247.0
317.5279811725088,39.99999999999994,0.0,duct_filler,0,1247.0
324.4561844027844,39.99999999999994,0.0,duct_filler,0,1247.0
331.3843876330599,39.99999999999994,0.0,duct_filler,0,1247.0
338.31259086333534,39.99999999999994,0.0,duct_filler,0,1247.0
345.2407940936107,39.99999999999994,0.0,duct_filler,0,1247.0
352.1689973238865,39.99999999999994,0.0,duct_filler,0,1247.0
359.097200554162,39.99999999999994,0.0,duct_filler,0,1247.0
490.7330619293955,39.99999999999994,0.0,duct_filler,0,1247.0
497.6612651596713,39.99999999999994,0.0,duct_filler,0,1247.0
-496.53589838486226,34.00000000000006,0.0,duct_filler,0,1247.0
-489.60769515458674,33.99999999999994,0.0,duct_filler,0,1247.0
-482.6794919243112,34.00000000000006,0.0,duct_filler,0,1247.0
-475.75128869403574,34.00000000000006,0.0,duct_filler,0,1247.0
-468.8230854637602,33.99999999999994,0.0,duct_filler,0,1247.0
-461.89488223348474,33.99999999999994,0.0,duct_filler,0,1247.0
-454.9666790032092,34.0,0.0,duct_filler,0,1247.0
-448.0384757729337,33.99999999999994,0.0,duct_filler,0,1247.0
-441.1102725426582,34.0,0.0,duct_filler,0,1247.0
-434.1820693123827,34.0,0.0,duct_filler,0,1247.0
-427.25386608210715,34.0,0.0,duct_filler,0,1247.0
-420.3256628518316,34.0,0.0,duct_filler,0,1247.0
-413.39745962155615,34.0,0.0,duct_filler,0,1247.0
-406.4692563912806,34.0,0.0,duct_filler,0,1247.0
196.28442464268812,34.0,0.0,duct_filler,0,1247.0
203.2126278729637,34.0,0.0,duct_filler,0,1247.0
237.85364402434107,34.0,0.0,duct_filler,0,1247.0
244.78184725461665,34.0,0.0,duct_filler,0,1247.0
251.7100504848919,34.0,0.0,duct_filler,0,1247.0
258.6382537151676,34.0,0.0,duct_filler,0,1247.0
265.56645694544295,34.0,0.0,duct_filler,0,1247.0
272.49466017571854,34.0,0.0,duct_filler,0,1247.0
279.4228634059939,34.0,0.0,duct_filler,0,1247.0
286.35106663626937,34.0,0.0,duct_filler,0,1247.0
293.27926986654484,34.0,0.0,duct_filler,0,1247.0
300.2074730968204,34.0,0.0,duct_filler,0,1247.0
307.13567632709567,34.0,0.0,duct_filler,0,1247.0
314.06387955737125,34.0,0.0,duct_filler,0,1247.0
320.9920827876467,34.0,0.0,duct_filler,0,1247.0
327.92028601792254,34.0,0.0,duct_filler,0,1247.0
334.84848924819755,34.0,0.0,duct_filler,0,1247.0
341.77669247847336,34.0,0.0,duct_filler,0,1247.0
348.70489570874884,34.0,0.0,duct_filler,0,1247.0
355.6330989390242,34.0,0.0,duct_filler,0,1247.0
362.56130216929967,34.0,0.0,duct_filler,0,1247.0
480.3407570839827,34.0,0.0,duct_filler,0,1247.0
487.2689603142578,34.0,0.0,duct_filler,0,1247.0
494.1971635445336,34.0,0.0,duct_filler,0,1247.0
501.125366774809,34.0,0.0,duct_filler,0,1247.0
-500.0,28.0,0.0,duct_filler,0,1247.0
-493.0717967697245,28.000000000000114,0.0,duct_filler,0,1247.0
-486.143593539449,28.0,0.0,duct_filler,0,1247.0
-479.2153903091735,28.0,0.0,duct_filler,0,1247.0
-472.28718707889794,28.0,0.0,duct_filler,0,1247.0
-465.3589838486225,28.0,0.0,duct_filler,0,1247.0
-458.43078061834694,28.000000000000057,0.0,duct_filler,0,1247.0
-451.5025773880715,28.0,0.0,duct_filler,0,1247.0
-444.57437415779594,28.000000000000057,0.0,duct_filler,0,1247.0
-437.6461709275204,27.999999999999943,0.0,duct_filler,0,1247.0
-430.71796769724494,27.999999999999943,0.0,duct_filler,0,1247.0
-423.7897644669694,27.999999999999943,0.0,duct_filler,0,1247.0
-416.8615612366939,27.999999999999943,0.0,duct_filler,0,1247.0
-409.93335800641836,27.999999999999943,0.0,duct_filler,0,1247.0
-403.00515477614283,27.999999999999943,0.0,duct_filler,0,1247.0
248.24594886975422,28.0,0.0,duct_filler,0,1247.0
255.1741521000298,28.0,0.0,duct_filler,0,1247.0
262.10235533030504,28.0,0.0,duct_filler,0,1247.0
269.03055856058074,28.0,0.0,duct_filler,0,1247.0
275.9587617908561,28.0,0.0,duct_filler,0,1247.0
282.8869650211316,28.0,0.0,duct_filler,0,1247.0
289.81516825140704,28.0,0.0,duct_filler,0,1247.0
296.7433714816825,28.0,0.0,duct_filler,0,1247.0
303.671574711958,28.0,0.0,duct_filler,0,1247.0
310.5997779422336,28.0,0.0,duct_filler,0,1247.0
317.5279811725088,28.0,0.0,duct_filler,0,1247.0
324.4561844027844,28.0,0.0,duct_filler,0,1247.0
331.3843876330599,28.0,0.0,duct_filler,0,1247.0
338.31259086333534,28.0,0.0,duct_filler,0,1247.0
345.2407940936107,28.0,0.0,duct_filler,0,1247.0
352.1689973238865,28.0,0.0,duct_filler,0,1247.0
359.097200554162,28.0,0.0,duct_filler,0,1247.0
366.02540378443734,28.0,0.0,duct_filler,0,1247.0
469.9484522385692,28.0,0.0,duct_filler,0,1247.0
476.87665546884466,28.0,0.0,duct_filler,0,1247.0
483.80485869912013,28.0,0.0,duct_filler,0,1247.0
490.7330619293955,28.0,0.0,duct_filler,0,1247.0
497.6612651596713,28.0,0.0,duct_filler,0,1247.0
-496.53589838486226,21.999999999999943,0.0,duct_filler,0,1247.0
-489.60769515458674,22.000000000000057,0.0,duct_filler,0,1247.0
-482.6794919243112,22.000000000000057,0.0,duct_filler,0,1247.0
-475.75128869403574,22.000000000000057,0.0,duct_filler,0,1247.0
-468.8230854637602,22.000000000000057,0.0,duct_filler,0,1247.0
-461.89488223348474,22.000000000000057,0.0,duct_filler,0,1247.0
-454.9666790032092,22.0,0.0,duct_filler,0,1247.0
-448.0384757729337,22.000000000000057,0.0,duct_filler,0,1247.0
-441.1102725426582,22.0,0.0,duct_filler,0,1247.0
-434.1820693123827,22.000000000000057,0.0,duct_filler,0,1247.0
-427.25386608210715,22.0,0.0,duct_filler,0,1247.0
-420.3256628518316,22.0,0.0,duct_filler,0,1247.0
-413.39745962155615,22.0,0.0,duct_filler,0,1247.0
-406.4692563912806,22.0,0.0,duct_filler,0,1247.0
-399.54105316100515,22.0,0.0,duct_filler,0,1247.0
265.56645694544295,21.999999999999943,0.0,duct_filler,0,1247.0
272.49466017571854,21.999999999999943,0.0,duct_filler,0,1247.0
293.27926986654484,21.999999999999943,0.0,duct_filler,0,1247.0
300.2074730968204,21.999999999999943,0.0,duct_filler,0,1247.0
307.13567632709567,21.999999999999943,0.0,duct_filler,0,1247.0
314.06387955737125,21.999999999999943,0.0,duct_filler,0,1247.0
320.9920827876467,21.999999999999943,0.0,duct_filler,0,1247.0
327.92028601792254,21.999999999999943,0.0,duct_filler,0,1247.0
334.84848924819755,21.999999999999943,0.0,duct_filler,0,1247.0
341.77669247847336,21.999999999999943,0.0,duct_filler,0,1247.0
348.70489570874884,21.999999999999943,0.0,duct_filler,0,1247.0
355.6330989390242,21.999999999999943,0.0,duct_filler,0,1247.0
362.56130216929967,21.999999999999943,0.0,duct_filler,0,1247.0
459.55614739315604,21.999999999999943,0.0,duct_filler,0,1247.0
466.4843506234315,21.999999999999943,0.0,duct_filler,0,1247.0
473.412553853707,21.999999999999943,0.0,duct_filler,0,1247.0
480.3407570839827,21.999999999999943,0.0,duct_filler,0,1247.0
487.2689603142578,21.999999999999943,0.0,duct_filler,0,1247.0
494.1971635445336,21.999999999999943,0.0,duct_filler,0,1247.0
501.125366774809,21.999999999999943,0.0,duct_filler,0,1247.0
-500.0,15.999999999999943,0.0,duct_filler,0,1247.0
-493.0717967697245,16.0,0.0,duct_filler,0,1247.0
-486.143593539449,16.0,0.0,duct_filler,0,1247.0
-479.2153903091735,16.0,0.0,duct_filler,0,1247.0
-472.28718707889794,16.0,0.0,duct_filler,0,1247.0
-465.3589838486225,16.0,0.0,duct_filler,0,1247.0
-458.43078061834694,16.0,0.0,duct_filler,0,1247.0
-451.5025773880715,16.0,0.0,duct_filler,0,1247.0
-444.57437415779594,16.0,0.0,duct_filler,0,1247.0
-437.6461709275204,16.0,0.0,duct_filler,0,1247.0
-430.71796769724494,16.000000000000057,0.0,duct_filler,0,1247.0
-423.7897644669694,16.000000000000057,0.0,duct_filler,0,1247.0
-416.8615612366939,16.000000000000057,0.0,duct_filler,0,1247.0
-409.93335800641836,16.000000000000057,0.0,duct_filler,0,1247.0
-403.00515477614283,16.000000000000057,0.0,duct_filler,0,1247.0
303.671574711958,16.000000000000057,0.0,duct_filler,0,1247.0
310.5997779422336,16.000000000000057,0.0,duct_filler,0,1247.0
317.5279811725088,16.000000000000057,0.0,duct_filler,0,1247.0
324.4561844027844,16.000000000000057,0.0,duct_filler,0,1247.0
331.3843876330599,16.000000000000057,0.0,duct_filler,0,1247.0
338.31259086333534,16.000000000000057,0.0,duct_filler,0,1247.0
345.2407940936107,16.000000000000057,0.0,duct_filler,0,1247.0
352.1689973238865,16.000000000000057,0.0,duct_filler,0,1247.0
359.097200554162,16.000000000000057,0.0,duct_filler,0,1247.0
456.09204577801836,16.000000000000057,0.0,duct_filler,0,1247.0
463.02024900829383,16.000000000000057,0.0,duct_filler,0,1247.0
469.9484522385692,16.000000000000057,0.0,duct_filler,0,1247.0
476.87665546884466,16.000000000000057,0.0,duct_filler,0,1247.0
483.80485869912013,16.000000000000057,0.0,duct_filler,0,1247.0
490.7330619293955,16.000000000000057,0.0,duct_filler,0,1247.0
497.6612651596713,16.000000000000057,0.0,duct_filler,0,1247.0
-496.53589838486226,10.000000000000057,0.0,duct_filler,0,1247.0
-489.60769515458674,9.999999999999943,0.0,duct_filler,0,1247.0
-482.6794919243112,9.999999999999943,0.0,duct_filler,0,1247.0
-475.75128869403574,10.000000000000057,0.0,duct_filler,0,1247.0
-468.8230854637602,9.999999999999943,0.0,duct_filler,0,1247.0
-461.89488223348474,9.999999999999943,0.0,duct_filler,0,1247.0
-454.9666790032092,10.000000000000057,0.0,duct_filler,0,1247.0
-448.0384757729337,9.999999999999943,0.0,duct_filler,0,1247.0
-441.1102725426582,10.000000000000057,0.0,duct_filler,0,1247.0
-434.1820693123827,10.000000000000057,0.0,duct_filler,0,1247.0
-427.25386608210715,10.0,0.0,duct_filler,0,1247.0
-420.3256628518316,10.0,0.0,duct_filler,0,1247.0
-413.39745962155615,10.0,0.0,duct_filler,0,1247.0
-406.4692563912806,10.0,0.0,duct_filler,0,1247.0
-399.54105316100515,10.0,0.0,duct_filler,0,1247.0
307.13567632709567,10.0,0.0,duct_filler,0,1247.0
314.06387955737125,10.0,0.0,duct_filler,0,1247.0
320.9920827876467,10.0,0.0,duct_filler,0,1247.0
327.92028601792254,10.0,0.0,duct_filler,0,1247.0
334.84848924819755,10.0,0.0,duct_filler,0,1247.0
341.77669247847336,10.0,0.0,duct_filler,0,1247.0
348.70489570874884,10.0,0.0,duct_filler,0,1247.0
452.6279441628807,10.0,0.0,duct_filler,0,1247.0
459.55614739315604,10.0,0.0,duct_filler,0,1247.0
466.4843506234315,10.0,0.0,duct_filler,0,1247.0
473.412553853707,10.0,0.0,duct_filler,0,1247.0
480.3407570839827,10.0,0.0,duct_filler,0,1247.0
487.2689603142578,10.0,0.0,duct_filler,0,1247.0
494.1971635445336,10.0,0.0,duct_filler,0,1247.0
501.125366774809,10.0,0.0,duct_filler,0,1247.0
-500.0,4.0,0.0,duct_filler,0,1247.0
-493.0717967697245,4.000000000000114,0.0,duct_filler,0,1247.0
-486.143593539449,4.0,0.0,duct_filler,0,1247.0
-479.2153903091735,4.0,0.0,duct_filler,0,1247.0
-472.28718707889794,4.0,0.0,duct_filler,0,1247.0
-465.3589838486225,4.0,0.0,duct_filler,0,1247.0
-458.43078061834694,4.0,0.0,duct_filler,0,1247.0
-451.5025773880715,4.0,0.0,duct_filler,0,1247.0
-444.57437415779594,4.0,0.0,duct_filler,0,1247.0
-437.6461709275204,3.999999999999943,0.0,duct_filler,0,1247.0
-430.71796769724494,4.0,0.0,duct_filler,0,1247.0
-423.7897644669694,4.0,0.0,duct_filler,0,1247.0
-416.8615612366939,4.0,0.0,duct_filler,0,1247.0
-409.93335800641836,4.0,0.0,duct_filler,0,1247.0
-403.00515477614283,4.0,0.0,duct_filler,0,1247.0
-396.07695154586736,4.0,0.0,duct_filler,0,1247.0
317.5279811725088,4.0,0.0,duct_filler,0,1247.0
324.4561844027844,4.0,0.0,duct_filler,0,1247.0
331.3843876330599,4.0,0.0,duct_filler,0,1247.0
338.31259086333534,4.0,0.0,duct_filler,0,1247.0
345.2407940936107,4.0,0.0,duct_filler,0,1247.0
449.1638425477428,4.0,0.0,duct_filler,0,1247.0
456.09204577801836,4.0,0.0,duct_filler,0,1247.0
463.02024900829383,4.0,0.0,duct_filler,0,1247.0
469.9484522385692,4.0,0.0,duct_filler,0,1247.0
476.87665546884466,4.0,0.0,duct_filler,0,1247.0
483.80485869912013,4.0,0.0,duct_filler,0,1247.0
490.7330619293955,4.0,0.0,duct_filler,0,1247.0
497.6612651596713,4.0,0.0,duct_filler,0,1247.0
-496.53589838486226,-1.9999999999999432,0.0,duct_filler,0,1247.0
-489.60769515458674,-2.000000000000057,0.0,duct_filler,0,1247.0
-482.6794919243112,-1.9999999999999432,0.0,duct_filler,0,1247.0
-475.75128869403574,-2.000000000000057,0.0,duct_filler,0,1247.0
-468.8230854637602,-1.9999999999999432,0.0,duct_filler,0,1247.0
-461.89488223348474,-1.9999999999999432,0.0,duct_filler,0,1247.0
-454.9666790032092,-1.9999999999999432,0.0,duct_filler,0,1247.0
-448.0384757729337,-1.9999999999999432,0.0,duct_filler,0,1247.0
-441.1102725426582,-1.9999999999999432,0.0,duct_filler,0,1247.0
-434.1820693123827,-2.000000000000057,0.0,duct_filler,0,1247.0
-427.25386608210715,-1.9999999999999432,0.0,duct_filler,0,1247.0
-420.3256628518316,-1.9999999999999432,0.0,duct_filler,0,1247.0
-413.39745962155615,-1.9999999999999432,0.0,duct_filler,0,1247.0
-406.4692563912806,-1.9999999999999432,0.0,duct_filler,0,1247.0
-399.54105316100515,-1.9999999999999432,0.0,duct_filler,0,1247.0
445.6997409326052,-2.0,0.0,duct_filler,0,1247.0
452.6279441628807,-2.0,0.0,duct_filler,0,1247.0
459.55614739315604,-2.0,0.0,duct_filler,0,1247.0
466.4843506234315,-2.0,0.0,duct_filler,0,1247.0
473.412553853707,-2.0,0.0,duct_filler,0,1247.0
480.3407570839827,-2.0,0.0,duct_filler,0,1247.0
487.2689603142578,-2.0,0.0,duct_filler,0,1247.0
494.1971635445336,-2.0,0.0,duct_filler,0,1247.0
501.125366774809,-2.0,0.0,duct_filler,0,1247.0
-500.0,-8.000000000000114,0.0,duct_filler,0,1247.0
-493.0717967697245,-8.0,0.0,duct_filler,0,1247.0
-486.143593539449,-7.999999999999886,0.0,duct_filler,0,1247.0
-479.2153903091735,-8.0,0.0,duct_filler,0,1247.0
-472.28718707889794,-8.0,0.0,duct_filler,0,1247.0
-465.3589838486225,-8.0,0.0,duct_filler,0,1247.0
-458.43078061834694,-8.0,0.0,duct_filler,0,1247.0
-451.5025773880715,-8.0,0.0,duct_filler,0,1247.0
-444.57437415779594,-8.0,0.0,duct_filler,0,1247.0
-437.6461709275204,-8.0,0.0,duct_filler,0,1247.0
-430.71796769724494,-8.0,0.0,duct_filler,0,1247.0
-423.7897644669694,-8.0,0.0,duct_filler,0,1247.0
-416.8615612366939,-8.0,0.0,duct_filler,0,1247.0
-409.93335800641836,-8.0,0.0,duct_filler,0,1247.0
-403.00515477614283,-8.0,0.0,duct_filler,0,1247.0
449.1638425477428,-8.000000000000057,0.0,duct_filler,0,1247.0
456.09204577801836,-8.000000000000057,0.0,duct_filler,0,1247.0
463.02024900829383,-8.000000000000057,0.0,duct_filler,0,1247.0
469.9484522385692,-8.000000000000057,0.0,duct_filler,0,1247.0
476.87665546884466,-8.000000000000057,0.0,duct_filler,0,1247.0
483.80485869912013,-8.000000000000057,0.0,duct_filler,0,1247.0
490.7330619293955,-8.000000000000057,0.0,duct_filler,0,1247.0
497.6612651596713,-8.000000000000057,0.0,duct_filler,0,1247.0
-496.53589838486226,-14.0,0.0,duct_filler,0,1247.0
-489.60769515458674,-14.0,0.0,duct_filler,0,1247.0
-482.6794919243112,-14.0,0.0,duct_filler,0,1247.0
-475.75128869403574,-14.0,0.0,duct_filler,0,1247.0
-468.8230854637602,-14.0,0.0,duct_filler,0,1247.0
-461.89488223348474,-14.0,0.0,duct_filler,0,1247.0
-454.9666790032092,-14.0,0.0,duct_filler,0,1247.0
-448.0384757729337,-14.0,0.0,duct_filler,0,1247.0
-441.1102725426582,-14.0,0.0,duct_filler,0,1247.0
-434.1820693123827,-14.0,0.0,duct_filler,0,1247.0
-427.25386608210715,-14.0,0.0,duct_filler,0,1247.0
-420.3256628518316,-14.0,0.0,duct_filler,0,1247.0
-413.39745962155615,-14.0,0.0,duct_filler,0,1247.0
-406.4692563912806,-14.0,0.0,duct_filler,0,1247.0
452.6279441628807,-14.0,0.0,duct_filler,0,1247.0
459.55614739315604,-14.0,0.0,duct_filler,0,1247.0
466.4843506234315,-14.0,0.0,duct_filler,0,1247.0
473.412553853707,-14.0,0.0,duct_filler,0,1247.0
480.3407570839827,-14.0,0.0,duct_filler,0,1247.0
487.2689603142578,-14.0,0.0,duct_filler,0,1247.0
494.1971635445336,-14.0,0.0,duct_filler,0,1247.0
501.125366774809,-14.0,0.0,duct_filler,0,1247.0
-500.0,-20.0,0.0,duct_filler,0,1247.0
-493.0717967697245,-19.999999999999886,0.0,duct_filler,0,1247.0
-486.143593539449,-20.0,0.0,duct_filler,0,1247.0
-479.2153903091735,-20.0,0.0,duct_filler,0,1247.0
-472.28718707889794,-20.0,0.0,duct_filler,0,1247.0
-465.3589838486225,-20.0,0.0,duct_filler,0,1247.0
-458.43078061834694,-20.0,0.0,duct_filler,0,1247.0
-451.5025773880715,-20.0,0.0,duct_filler,0,1247.0
-444.57437415779594,-20.0,0.0,duct_filler,0,1247.0
-437.6461709275204,-20.0,0.0,duct_filler,0,1247.0
-430.71796769724494,-20.0,0.0,duct_filler,0,1247.0
-423.7897644669694,-20.0,0.0,duct_filler,0,1247.0
-416.8615612366939,-20.0,0.0,duct_filler,0,1247.0
463.02024900829383,-20.0,0.0,duct_filler,0,1247.0
469.9484522385692,-20.0,0.0,duct_filler,0,1247.0
476.87665546884466,-20.0,0.0,duct_filler,0,1247.0
483.80485869912013,-20.0,0.0,duct_filler,0,1247.0
490.7330619293955,-20.0,0.0,duct_filler,0,1247.0
497.6612651596713,-20.0,0.0,duct_filler,0,1247.0
-496.53589838486226,-26.0,0.0,duct_filler,0,1247.0
-489.60769515458674,-26.0,0.0,duct_filler,0,1247.0
-482.6794919243112,-26.0,0.0,duct_filler,0,1247.0
-475.75128869403574,-26.0,0.0,duct_filler,0,1247.0
-468.8230854637602,-26.0,0.0,duct_filler,0,1247.0
-461.89488223348474,-26.0,0.0,duct_filler,0,1247.0
-454.9666790032092,-26.0,0.0,duct_filler,0,1247.0
-448.0384757729337,-26.0,0.0,duct_filler,0,1247.0
-441.1102725426582,-26.0,0.0,duct_filler,0,1247.0
-434.1820693123827,-26.0,0.0,duct_filler,0,1247.0
-427.25386608210715,-26.000000000000114,0.0,duct_filler,0,1247.0
480.3407570839827,-26.0,0.0,duct_filler,0,1247.0
487.2689603142578,-26.0,0.0,duct_filler,0,1247.0
494.1971635445336,-26.0,0.0,duct_filler,0,1247.0
501.125366774809,-26.0,0.0,duct_filler,0,1247.0
-500.0,-32.000000000000114,0.0,duct_filler,0,1247.0
-493.0717967697245,-32.0,0.0,duct_filler,0,1247.0
-486.143593539449,-32.000000000000114,0.0,duct_filler,0,1247.0
-479.2153903091735,-32.0,0.0,duct_filler,0,1247.0
-472.28718707889794,-32.0,0.0,duct_filler,0,1247.0
-465.3589838486225,-32.0,0.0,duct_filler,0,1247.0
-458.43078061834694,-32.000000000000114,0.0,duct_filler,0,1247.0
-451.5025773880715,-32.0,0.0,duct_filler,0,1247.0
-444.57437415779594,-32.000000000000114,0.0,duct_filler,0,1247.0
-437.6461709275204,-32.0,0.0,duct_filler,0,1247.0
-430.71796769724494,-32.0,0.0,duct_filler,0,1247.0
483.80485869912013,-32.0,0.0,duct_filler,0,1247.0
490.7330619293955,-32.0,0.0,duct_filler,0,1247.0
497.6612651596713,-32.0,0.0,duct_filler,0,1247.0
-496.53589838486226,-38.0,0.0,duct_filler,0,1247.0
-489.60769515458674,-38.0,0.0,duct_filler,0,1247.0
-482.6794919243112,-37.999999999999886,0.0,duct_filler,0,1247.0
-475.75128869403574,-38.0,0.0,duct_filler,0,1247.0
-468.8230854637602,-38.0,0.0,duct_filler,0,1247.0
-461.89488223348474,-38.0,0.0,duct_filler,0,1247.0
-454.9666790032092,-37.999999999999886,0.0,duct_filler,0,1247.0
-448.0384757729337,-38.0,0.0,duct_filler,0,1247.0
-441.1102725426582,-37.999999999999886,0.0,duct_filler,0,1247.0
-434.1820693123827,-38.0,0.0,duct_filler,0,1247.0
494.1971635445336,-38.0,0.0,duct_filler,0,1247.0
501.125366774809,-38.0,0.0,duct_filler,0,1247.0
-500.0,-44.000000000000114,0.0,duct_filler,0,1247.0
-493.0717967697245,-44.0,0.0,duct_filler,0,1247.0
-486.143593539449,-44.0,0.0,duct_filler,0,1247.0
-479.2153903091735,-43.999999999999886,0.0,duct_filler,0,1247.0
-472.28718707889794,-43.999999999999886,0.0,duct_filler,0,1247.0
-465.3589838486225,-43.999999999999886,0.0,duct_filler,0,1247.0
-458.43078061834694,-44.0,0.0,duct_filler,0,1247.0
-451.5025773880715,-44.0,0.0,duct_filler,0,1247.0
-444.57437415779594,-44.0,0.0,duct_filler,0,1247.0
-437.6461709275204,-43.999999999999886,0.0,duct_filler,0,1247.0
-496.53589838486226,-50.0,0.0,duct_filler,0,1247.0
-489.60769515458674,-50.0,0.0,duct_filler,0,1247.0
-482.6794919243112,-50.0,0.0,duct_filler,0,1247.0
-475.75128869403574,-50.0,0.0,duct_filler,0,1247.0
-468.8230854637602,-50.0,0.0,duct_filler,0,1247.0
-461.89488223348474,-50.0,0.0,duct_filler,0,1247.0
-454.9666790032092,-49.999999999999886,0.0,duct_filler,0,1247.0
-448.0384757729337,-50.0,0.0,duct_filler,0,1247.0
-441.1102725426582,-49.999999999999886,0.0,duct_filler,0,1247.0
286.35106663626937,-50.0,0.0,duct_filler,0,1247.0
293.27926986654484,-50.0,0.0,duct_filler,0,1247.0
300.2074730968204,-50.0,0.0,duct_filler,0,1247.0
-500.0,-56.0,0.0,duct_filler,0,1247.0
-493.0717967697245,-55.999999999999886,0.0,duct_filler,0,1247.0
-486.143593539449,-56.0,0.0,duct_filler,0,1247.0
-479.2153903091735,-56.0,0.0,duct_filler,0,1247.0
-472.28718707889794,-56.0,0.0,duct_filler,0,1247.0
-465.3589838486225,-56.0,0.0,duct_filler,0,1247.0
-458.43078061834694,-56.0,0.0,duct_filler,0,1247.0
-451.5025773880715,-56.000000000000114,0.0,duct_filler,0,1247.0
-444.57437415779594,-56.0,0.0,duct_filler,0,1247.0
-437.6461709275204,-56.0,0.0,duct_filler,0,1247.0
262.10235533030504,-56.0,0.0,duct_filler,0,1247.0
269.03055856058074,-56.0,0.0,duct_filler,0,1247.0
275.9587617908561,-56.0,0.0,duct_filler,0,1247.0
282.8869650211316,-56.0,0.0,duct_filler,0,1247.0
289.81516825140704,-56.0,0.0,duct_filler,0,1247.0
296.7433714816825,-56.0,0.0,duct_filler,0,1247.0
303.671574711958,-56.0,0.0,duct_filler,0,1247.0
-496.53589838486226,-62.0,0.0,duct_filler,0,1247.0
-489.60769515458674,-62.0,0.0,duct_filler,0,1247.0
-482.6794919243112,-62.0,0.0,duct_filler,0,1247.0
-475.75128869403574,-62.000000000000114,0.0,duct_filler,0,1247.0
-468.8230854637602,-62.000000000000114,0.0,duct_filler,0,1247.0
-461.89488223348474,-62.0,0.0,duct_filler,0,1247.0
-454.9666790032092,-62.000000000000114,0.0,duct_filler,0,1247.0
-448.0384757729337,-62.0,0.0,duct_filler,0,1247.0
-441.1102725426582,-62.000000000000114,0.0,duct_filler,0,1247.0
-434.1820693123827,-62.0,0.0,duct_filler,0,1247.0
258.6382537151676,-62.0,0.0,duct_filler,0,1247.0
265.56645694544295,-62.0,0.0,duct_filler,0,1247.0
272.49466017571854,-62.0,0.0,duct_filler,0,1247.0
279.4228634059939,-62.0,0.0,duct_filler,0,1247.0
286.35106663626937,-62.0,0.0,duct_filler,0,1247.0
293.27926986654484,-62.0,0.0,duct_filler,0,1247.0
300.2074730968204,-62.0,0.0,duct_filler,0,1247.0
307.13567632709567,-62.0,0.0,duct_filler,0,1247.0
348.70489570874884,-62.0,0.0,duct_filler,0,1247.0
-500.0,-68.0,0.0,duct_filler,0,1247.0
-493.0717967697245,-67.99999999999989,0.0,duct_filler,0,1247.0
-486.143593539449,-67.99999999999989,0.0,duct_filler,0,1247.0
-479.2153903091735,-67.99999999999989,0.0,duct_filler,0,1247.0
-472.28718707889794,-67.99999999999989,0.0,duct_filler,0,1247.0
-465.3589838486225,-68.0,0.0,duct_filler,0,1247.0
-458.43078061834694,-68.0,0.0,duct_filler,0,1247.0
-451.5025773880715,-68.0,0.0,duct_filler,0,1247.0
-444.57437415779594,-68.0,0.0,duct_filler,0,1247.0
-437.6461709275204,-67.99999999999989,0.0,duct_filler,0,1247.0
275.9587617908561,-68.0,0.0,duct_filler,0,1247.0
282.8869650211316,-68.0,0.0,duct_filler,0,1247.0
289.81516825140704,-68.0,0.0,duct_filler,0,1247.0
296.7433714816825,-68.0,0.0,duct_filler,0,1247.0
303.671574711958,-68.0,0.0,duct_filler,0,1247.0
310.5997779422336,-68.0,0.0,duct_filler,0,1247.0
338.31259086333534,-68.0,0.0,duct_filler,0,1247.0
345.2407940936107,-68.0,0.0,duct_filler,0,1247.0
352.1689973238865,-68.0,0.0,duct_filler,0,1247.0
359.097200554162,-68.0,0.0,duct_filler,0,1247.0
366.02540378443734,-68.0,0.0,duct_filler,0,1247.0
-496.53589838486226,-74.0,0.0,duct_filler,0,1247.0
-489.60769515458674,-73.99999999999989,0.0,duct_filler,0,1247.0
-482.6794919243112,-74.0,0.0,duct_filler,0,1247.0
-475.75128869403574,-74.0,0.0,duct_filler,0,1247.0
-468.8230854637602,-74.0,0.0,duct_filler,0,1247.0
-461.89488223348474,-74.0,0.0,duct_filler,0,1247.0
-454.9666790032092,-74.00000000000011,0.0,duct_filler,0,1247.0
-448.0384757729337,-74.0,0.0,duct_filler,0,1247.0
-441.1102725426582,-74.00000000000011,0.0,duct_filler,0,1247.0
286.35106663626937,-74.00000000000011,0.0,duct_filler,0,1247.0
293.27926986654484,-74.00000000000011,0.0,duct_filler,0,1247.0
300.2074730968204,-74.00000000000011,0.0,duct_filler,0,1247.0
307.13567632709567,-74.00000000000011,0.0,duct_filler,0,1247.0
314.06387955737125,-74.00000000000011,0.0,duct_filler,0,1247.0
341.77669247847336,-74.00000000000011,0.0,duct_filler,0,1247.0
348.70489570874884,-74.00000000000011,0.0,duct_filler,0,1247.0
355.6330989390242,-74.00000000000011,0.0,duct_filler,0,1247.0
362.56130216929967,-74.00000000000011,0.0,duct_filler,0,1247.0
369.48950539957514,-74.00000000000011,0.0,duct_filler,0,1247.0
376.4177086298505,-74.00000000000011,0.0,duct_filler,0,1247.0
-500.0,-80.00000000000011,0.0,duct_filler,0,1247.0
-493.0717967697245,-80.0,0.0,duct_filler,0,1247.0
-486.143593539449,-79.99999999999989,0.0,duct_filler,0,1247.0
-479.2153903091735,-79.99999999999989,0.0,duct_filler,0,1247.0
-472.28718707889794,-79.99999999999989,0.0,duct_filler,0,1247.0
-465.3589838486225,-80.0,0.0,duct_filler,0,1247.0
-458.43078061834694,-80.0,0.0,duct_filler,0,1247.0
-451.5025773880715,-80.0,0.0,duct_filler,0,1247.0
-444.57437415779594,-80.0,0.0,duct_filler,0,1247.0
-437.6461709275204,-79.99999999999989,0.0,duct_filler,0,1247.0
241.31774563947874,-80.0,0.0,duct_filler,0,1247.0
248.24594886975422,-80.0,0.0,duct_filler,0,1247.0
289.81516825140704,-80.0,0.0,duct_filler,0,1247.0
296.7433714816825,-80.0,0.0,duct_filler,0,1247.0
303.671574711958,-80.0,0.0,duct_filler,0,1247.0
310.5997779422336,-80.0,0.0,duct_filler,0,1247.0
317.5279811725088,-80.0,0.0,duct_filler,0,1247.0
338.31259086333534,-80.0,0.0,duct_filler,0,1247.0
345.2407940936107,-80.0,0.0,duct_filler,0,1247.0
352.1689973238865,-80.0,0.0,duct_filler,0,1247.0
359.097200554162,-80.0,0.0,duct_filler,0,1247.0
366.02540378443734,-80.0,0.0,duct_filler,0,1247.0
372.9536070147128,-80.0,0.0,duct_filler,0,1247.0
379.8818102449883,-80.0,0.0,duct_filler,0,1247.0
386.81001347526364,-80.0,0.0,duct_filler,0,1247.0
393.7382167055391,-80.0,0.0,duct_filler,0,1247.0
400.6664199358146,-80.0,0.0,duct_filler,0,1247.0
407.5946231660902,-80.0,0.0,duct_filler,0,1247.0
-496.53589838486226,-86.0,0.0,duct_filler,0,1247.0
-489.60769515458674,-86.0,0.0,duct_filler,0,1247.0
-482.6794919243112,-86.0,0.0,duct_filler,0,1247.0
-475.75128869403574,-86.0,0.0,duct_filler,0,1247.0
-468.8230854637602,-86.0,0.0,duct_filler,0,1247.0
-461.89488223348474,-86.0,0.0,duct_filler,0,1247.0
-454.9666790032092,-86.0,0.0,duct_filler,0,1247.0
-448.0384757729337,-86.0,0.0,duct_filler,0,1247.0
-441.1102725426582,-86.0,0.0,duct_filler,0,1247.0
230.9254407940656,-86.0,0.0,duct_filler,0,1247.0
237.85364402434107,-86.0,0.0,duct_filler,0,1247.0
244.78184725461665,-86.0,0.0,duct_filler,0,1247.0
251.7100504848919,-86.0,0.0,duct_filler,0,1247.0
258.6382537151676,-86.0,0.0,duct_filler,0,1247.0
293.27926986654484,-86.0,0.0,duct_filler,0,1247.0
300.2074730968204,-86.0,0.0,duct_filler,0,1247.0
307.13567632709567,-86.0,0.0,duct_filler,0,1247.0
314.06387955737125,-86.0,0.0,duct_filler,0,1247.0
320.9920827876467,-86.0,0.0,duct_filler,0,1247.0
327.92028601792254,-86.0,0.0,duct_filler,0,1247.0
334.84848924819755,-86.0,0.0,duct_filler,0,1247.0
341.77669247847336,-86.0,0.0,duct_filler,0,1247.0
348.70489570874884,-86.0,0.0,duct_filler,0,1247.0
355.6330989390242,-86.0,0.0,duct_filler,0,1247.0
362.56130216929967,-86.0,0.0,duct_filler,0,1247.0
369.48950539957514,-86.0,0.0,duct_filler,0,1247.0
376.4177086298505,-86.0,0.0,duct_filler,0,1247.0
383.34591186012597,-86.0,0.0,duct_filler,0,1247.0
390.27411509040144,-86.0,0.0,duct_filler,0,1247.0
397.2023183206768,-86.0,0.0,duct_filler,0,1247.0
404.1305215509524,-86.0,0.0,duct_filler,0,1247.0
411.05872478122785,-86.0,0.0,duct_filler,0,1247.0
-500.0,-92.0,0.0,duct_filler,0,1247.0
-493.0717967697245,-91.99999999999989,0.0,duct_filler,0,1247.0
-486.143593539449,-92.0,0.0,duct_filler,0,1247.0
-479.2153903091735,-91.99999999999989,0.0,duct_filler,0,1247.0
-472.28718707889794,-91.99999999999989,0.0,duct_filler,0,1247.0
-465.3589838486225,-91.99999999999989,0.0,duct_filler,0,1247.0
-458.43078061834694,-92.0,0.0,duct_filler,0,1247.0
-451.5025773880715,-92.0,0.0,duct_filler,0,1247.0
-444.57437415779594,-92.0,0.0,duct_filler,0,1247.0
220.53313594865233,-91.99999999999989,0.0,duct_filler,0,1247.0
227.4613391789278,-91.99999999999989,0.0,duct_filler,0,1247.0
234.38954240920327,-91.99999999999989,0.0,duct_filler,0,1247.0
241.31774563947874,-91.99999999999989,0.0,duct_filler,0,1247.0
248.24594886975422,-91.99999999999989,0.0,duct_filler,0,1247.0
255.1741521000298,-91.99999999999989,0.0,duct_filler,0,1247.0
262.10235533030504,-91.99999999999989,0.0,duct_filler,0,1247.0
289.81516825140704,-91.99999999999989,0.0,duct_filler,0,1247.0
296.7433714816825,-91.99999999999989,0.0,duct_filler,0,1247.0
303.671574711958,-91.99999999999989,0.0,duct_filler,0,1247.0
310.5997779422336,-91.99999999999989,0.0,duct_filler,0,1247.0
317.5279811725088,-91.99999999999989,0.0,duct_filler,0,1247.0
324.4561844027844,-91.99999999999989,0.0,duct_filler,0,1247.0
331.3843876330599,-91.99999999999989,0.0,duct_filler,0,1247.0
338.31259086333534,-91.99999999999989,0.0,duct_filler,0,1247.0
345.2407940936107,-91.99999999999989,0.0,duct_filler,0,1247.0
352.1689973238865,-91.99999999999989,0.0,duct_filler,0,1247.0
359.097200554162,-91.99999999999989,0.0,duct_filler,0,1247.0
366.02540378443734,-91.99999999999989,0.0,duct_filler,0,1247.0
372.9536070147128,-91.99999999999989,0.0,duct_filler,0,1247.0
379.8818102449883,-91.99999999999989,0.0,duct_filler,0,1247.0
386.81001347526364,-91.99999999999989,0.0,duct_filler,0,1247.0
393.7382167055391,-91.99999999999989,0.0,duct_filler,0,1247.0
400.6664199358146,-91.99999999999989,0.0,duct_filler,0,1247.0
407.5946231660902,-91.99999999999989,0.0,duct_filler,0,1247.0
414.52282639636553,-91.99999999999989,0.0,duct_filler,0,1247.0
-496.53589838486226,-98.0,0.0,duct_filler,0,1247.0
-489.60769515458674,-98.0,0.0,duct_filler,0,1247.0
-482.6794919243112,-98.00000000000011,0.0,duct_filler,0,1247.0
-475.75128869403574,-97.99999999999989,0.0,duct_filler,0,1247.0
-468.8230854637602,-97.99999999999989,0.0,duct_filler,0,1247.0
-461.89488223348474,-97.99999999999989,0.0,duct_filler,0,1247.0
-454.9666790032092,-98.0,0.0,duct_filler,0,1247.0
-448.0384757729337,-97.99999999999989,0.0,duct_filler,0,1247.0
-441.1102725426582,-98.0,0.0,duct_filler,0,1247.0
203.2126278729637,-98.00000000000011,0.0,duct_filler,0,1247.0
210.14083110323918,-98.00000000000011,0.0,duct_filler,0,1247.0
217.06903433351465,-98.00000000000011,0.0,duct_filler,0,1247.0
223.99723756379012,-98.00000000000011,0.0,duct_filler,0,1247.0
230.9254407940656,-98.00000000000011,0.0,duct_filler,0,1247.0
237.85364402434107,-98.00000000000011,0.0,duct_filler,0,1247.0
244.78184725461665,-98.00000000000011,0.0,duct_filler,0,1247.0
251.7100504848919,-98.00000000000011,0.0,duct_filler,0,1247.0
258.6382537151676,-98.00000000000011,0.0,duct_filler,0,1247.0
265.56645694544295,-98.00000000000011,0.0,duct_filler,0,1247.0
272.49466017571854,-98.00000000000011,0.0,duct_filler,0,1247.0
293.27926986654484,-98.00000000000011,0.0,duct_filler,0,1247.0
300.2074730968204,-98.00000000000011,0.0,duct_filler,0,1247.0
307.13567632709567,-98.00000000000011,0.0,duct_filler,0,1247.0
314.06387955737125,-98.00000000000011,0.0,duct_filler,0,1247.0
320.9920827876467,-98.00000000000011,0.0,duct_filler,0,1247.0
327.92028601792254,-98.00000000000011,0.0,duct_filler,0,1247.0
334.84848924819755,-98.00000000000011,0.0,duct_filler,0,1247.0
341.77669247847336,-98.00000000000011,0.0,duct_filler,0,1247.0
348.70489570874884,-98.00000000000011,0.0,duct_filler,0,1247.0
355.6330989390242,-98.00000000000011,0.0,duct_filler,0,1247.0
362.56130216929967,-98.00000000000011,0.0,duct_filler,0,1247.0
369.48950539957514,-98.00000000000011,0.0,duct_filler,0,1247.0
376.4177086298505,-98.00000000000011,0.0,duct_filler,0,1247.0
383.34591186012597,-98.00000000000011,0.0,duct_filler,0,1247.0
390.27411509040144,-98.00000000000011,0.0,duct_filler,0,1247.0
397.2023183206768,-98.00000000000011,0.0,duct_filler,0,1247.0
404.1305215509524,-98.00000000000011,0.0,duct_filler,0,1247.0
411.05872478122785,-98.00000000000011,0.0,duct_filler,0,1247.0
417.9869280115033,-98.00000000000011,0.0,duct_filler,0,1247.0
-500.0,-104.0,0.0,duct_filler,0,1247.0
-493.0717967697245,-104.0,0.0,duct_filler,0,1247.0
-486.143593539449,-103.99999999999989,0.0,duct_filler,0,1247.0
-479.2153903091735,-104.0,0.0,duct_filler,0,1247.0
-472.28718707889794,-104.0,0.0,duct_filler,0,1247.0
-465.3589838486225,-104.0,0.0,duct_filler,0,1247.0
-458.43078061834694,-103.99999999999989,0.0,duct_filler,0,1247.0
-451.5025773880715,-104.00000000000011,0.0,duct_filler,0,1247.0
-444.57437415779594,-103.99999999999989,0.0,duct_filler,0,1247.0
199.7485262578258,-104.0,0.0,duct_filler,0,1247.0
206.6767294881015,-104.0,0.0,duct_filler,0,1247.0
213.60493271837686,-104.0,0.0,duct_filler,0,1247.0
220.53313594865233,-104.0,0.0,duct_filler,0,1247.0
227.4613391789278,-104.0,0.0,duct_filler,0,1247.0
234.38954240920327,-104.0,0.0,duct_filler,0,1247.0
241.31774563947874,-104.0,0.0,duct_filler,0,1247.0
248.24594886975422,-104.0,0.0,duct_filler,0,1247.0
255.1741521000298,-104.0,0.0,duct_filler,0,1247.0
262.10235533030504,-104.0,0.0,duct_filler,0,1247.0
269.03055856058074,-104.0,0.0,duct_filler,0,1247.0
275.9587617908561,-104.0,0.0,duct_filler,0,1247.0
282.8869650211316,-104.0,0.0,duct_filler,0,1247.0
310.5997779422336,-104.0,0.0,duct_filler,0,1247.0
317.5279811725088,-104.0,0.0,duct_filler,0,1247.0
324.4561844027844,-104.0,0.0,duct_filler,0,1247.0
331.3843876330599,-104.0,0.0,duct_filler,0,1247.0
338.31259086333534,-104.0,0.0,duct_filler,0,1247.0
345.2407940936107,-104.0,0.0,duct_filler,0,1247.0
352.1689973238865,-104.0,0.0,duct_filler,0,1247.0
359.097200554162,-104.0,0.0,duct_filler,0,1247.0
366.02540378443734,-104.0,0.0,duct_filler,0,1247.0
372.9536070147128,-104.0,0.0,duct_filler,0,1247.0
379.8818102449883,-104.0,0.0,duct_filler,0,1247.0
393.7382167055391,-104.0,0.0,duct_filler,0,1247.0
400.6664199358146,-104.0,0.0,duct_filler,0,1247.0
407.5946231660902,-104.0,0.0,duct_filler,0,1247.0
414.52282639636553,-104.0,0.0,duct_filler,0,1247.0
-496.53589838486226,-110.0,0.0,duct_filler,0,1247.0
-489.60769515458674,-110.0,0.0,duct_filler,0,1247.0
-482.6794919243112,-110.0,0.0,duct_filler,0,1247.0
-475.75128869403574,-110.0,0.0,duct_filler,0,1247.0
-468.8230854637602,-110.0,0.0,duct_filler,0,1247.0
-461.89488223348474,-110.0,0.0,duct_filler,0,1247.0
-454.9666790032092,-109.99999999999989,0.0,duct_filler,0,1247.0
-448.0384757729337,-110.0,0.0,duct_filler,0,1247.0
-226.3359724041175,-110.0,0.0,duct_filler,0,1247.0
-219.40776917384198,-110.0,0.0,duct_filler,0,1247.0
196.28442464268812,-109.99999999999989,0.0,duct_filler,0,1247.0
203.2126278729637,-109.99999999999989,0.0,duct_filler,0,1247.0
210.14083110323918,-109.99999999999989,0.0,duct_filler,0,1247.0
217.06903433351465,-109.99999999999989,0.0,duct_filler,0,1247.0
223.99723756379012,-109.99999999999989,0.0,duct_filler,0,1247.0
230.9254407940656,-109.99999999999989,0.0,duct_filler,0,1247.0
237.85364402434107,-109.99999999999989,0.0,duct_filler,0,1247.0
244.78184725461665,-109.99999999999989,0.0,duct_filler,0,1247.0
251.7100504848919,-109.99999999999989,0.0,duct_filler,0,1247.0
258.6382537151676,-109.99999999999989,0.0,duct_filler,0,1247.0
265.56645694544295,-109.99999999999989,0.0,duct_filler,0,1247.0
272.49466017571854,-109.99999999999989,0.0,duct_filler,0,1247.0
279.4228634059939,-109.99999999999989,0.0,duct_filler,0,1247.0
286.35106663626937,-109.99999999999989,0.0,duct_filler,0,1247.0
293.27926986654484,-109.99999999999989,0.0,duct_filler,0,1247.0
320.9920827876467,-109.99999999999989,0.0,duct_filler,0,1247.0
327.92028601792254,-109.99999999999989,0.0,duct_filler,0,1247.0
334.84848924819755,-109.99999999999989,0.0,duct_filler,0,1247.0
341.77669247847336,-109.99999999999989,0.0,duct_filler,0,1247.0
348.70489570874884,-109.99999999999989,0.0,duct_filler,0,1247.0
355.6330989390242,-109.99999999999989,0.0,duct_filler,0,1247.0
362.56130216929967,-109.99999999999989,0.0,duct_filler,0,1247.0
369.48950539957514,-109.99999999999989,0.0,duct_filler,0,1247.0
376.4177086298505,-109.99999999999989,0.0,duct_filler,0,1247.0
383.34591186012597,-109.99999999999989,0.0,duct_filler,0,1247.0
-500.0,-116.0,0.0,duct_filler,0,1247.0
-493.0717967697245,-115.99999999999989,0.0,duct_filler,0,1247.0
-486.143593539449,-116.0,0.0,duct_filler,0,1247.0
-479.2153903091735,-116.0,0.0,duct_filler,0,1247.0
-472.28718707889794,-116.0,0.0,duct_filler,0,1247.0
-465.3589838486225,-116.0,0.0,duct_filler,0,1247.0
-458.43078061834694,-116.0,0.0,duct_filler,0,1247.0
-451.5025773880715,-116.0,0.0,duct_filler,0,1247.0
-243.6564804798063,-116.0,0.0,duct_filler,0,1247.0
-236.72827724953078,-116.0,0.0,duct_filler,0,1247.0
-229.80007401925525,-116.0,0.0,duct_filler,0,1247.0
-222.87187078897972,-116.0,0.0,duct_filler,0,1247.0
-215.9436675587042,-116.0,0.0,duct_filler,0,1247.0
-209.01546432842866,-116.0,0.0,duct_filler,0,1247.0
-160.51804171649997,-116.0,0.0,duct_filler,0,1247.0
172.03571333672403,-116.0,0.0,duct_filler,0,1247.0
178.9639165669995,-116.0,0.0,duct_filler,0,1247.0
185.89211979727497,-116.0,0.0,duct_filler,0,1247.0
192.82032302755056,-116.0,0.0,duct_filler,0,1247.0
199.7485262578258,-116.0,0.0,duct_filler,0,1247.0
206.6767294881015,-116.0,0.0,duct_filler,0,1247.0
213.60493271837686,-116.0,0.0,duct_filler,0,1247.0
220.53313594865233,-116.0,0.0,duct_filler,0,1247.0
227.4613391789278,-116.0,0.0,duct_filler,0,1247.0
234.38954240920327,-116.0,0.0,duct_filler,0,1247.0
241.31774563947874,-116.0,0.0,duct_filler,0,1247.0
248.24594886975422,-116.0,0.0,duct_filler,0,1247.0
255.1741521000298,-116.0,0.0,duct_filler,0,1247.0
262.10235533030504,-116.0,0.0,duct_filler,0,1247.0
269.03055856058074,-116.0,0.0,duct_filler,0,1247.0
275.9587617908561,-116.0,0.0,duct_filler,0,1247.0
282.8869650211316,-116.0,0.0,duct_filler,0,1247.0
289.81516825140704,-116.0,0.0,duct_filler,0,1247.0
296.7433714816825,-116.0,0.0,duct_filler,0,1247.0
303.671574711958,-116.0,0.0,duct_filler,0,1247.0
310.5997779422336,-116.0,0.0,duct_filler,0,1247.0
317.5279811725088,-116.0,0.0,duct_filler,0,1247.0
324.4561844027844,-116.0,0.0,duct_filler,0,1247.0
331.3843876330599,-116.0,0.0,duct_filler,0,1247.0
338.31259086333534,-116.0,0.0,duct_filler,0,1247.0
345.2407940936107,-116.0,0.0,duct_filler,0,1247.0
352.1689973238865,-116.0,0.0,duct_filler,0,1247.0
359.097200554162,-116.0,0.0,duct_filler,0,1247.0
366.02540378443734,-116.0,0.0,duct_filler,0,1247.0
372.9536070147128,-116.0,0.0,duct_filler,0,1247.0
379.8818102449883,-116.0,0.0,duct_filler,0,1247.0
386.81001347526364,-116.0,0.0,duct_filler,0,1247.0
393.7382167055391,-116.0,0.0,duct_filler,0,1247.0
-496.53589838486226,-122.0,0.0,duct_filler,0,1247.0
-489.60769515458674,-122.0,0.0,duct_filler,0,1247.0
-482.6794919243112,-122.0,0.0,duct_filler,0,1247.0
-475.75128869403574,-122.0,0.0,duct_filler,0,1247.0
-468.8230854637602,-122.0,0.0,duct_filler,0,1247.0
-461.89488223348474,-121.99999999999989,0.0,duct_filler,0,1247.0
-454.9666790032092,-122.0,0.0,duct_filler,0,1247.0
-260.97698855549504,-121.99999999999989,0.0,duct_filler,0,1247.0
-254.04878532521957,-121.99999999999989,0.0,duct_filler,0,1247.0
-247.12058209494404,-121.99999999999989,0.0,duct_filler,0,1247.0
-240.19237886466857,-122.0,0.0,duct_filler,0,1247.0
-233.26417563439304,-122.0,0.0,duct_filler,0,1247.0
-226.3359724041175,-122.0,0.0,duct_filler,0,1247.0
-219.40776917384198,-122.0,0.0,duct_filler,0,1247.0
-212.4795659435664,-122.0,0.0,duct_filler,0,1247.0
-205.55136271329087,-122.0,0.0,duct_filler,0,1247.0
-170.9103465619133,-122.0,0.0,duct_filler,0,1247.0
-163.98214333163776,-122.0,0.0,duct_filler,0,1247.0
-157.05394010136217,-122.0,0.0,duct_filler,0,1247.0
168.57161172158635,-122.0,0.0,duct_filler,0,1247.0
175.49981495186182,-122.0,0.0,duct_filler,0,1247.0
182.4280181821373,-122.0,0.0,duct_filler,0,1247.0
189.35622141241265,-122.0,0.0,duct_filler,0,1247.0
196.28442464268812,-122.0,0.0,duct_filler,0,1247.0
203.2126278729637,-122.0,0.0,duct_filler,0,1247.0
210.14083110323918,-122.0,0.0,duct_filler,0,1247.0
217.06903433351465,-122.0,0.0,duct_filler,0,1247.0
223.99723756379012,-122.0,0.0,duct_filler,0,1247.0
230.9254407940656,-122.0,0.0,duct_filler,0,1247.0
237.85364402434107,-122.0,0.0,duct_filler,0,1247.0
244.78184725461665,-122.0,0.0,duct_filler,0,1247.0
251.7100504848919,-122.0,0.0,duct_filler,0,1247.0
258.6382537151676,-122.0,0.0,duct_filler,0,1247.0
265.56645694544295,-122.0,0.0,duct_filler,0,1247.0
272.49466017571854,-122.0,0.0,duct_filler,0,1247.0
279.4228634059939,-122.0,0.0,duct_filler,0,1247.0
286.35106663626937,-122.0,0.0,duct_filler,0,1247.0
293.27926986654484,-122.0,0.0,duct_filler,0,1247.0
300.2074730968204,-122.0,0.0,duct_filler,0,1247.0
307.13567632709567,-122.0,0.0,duct_filler,0,1247.0
314.06387955737125,-122.0,0.0,duct_filler,0,1247.0
320.9920827876467,-122.0,0.0,duct_filler,0,1247.0
327.92028601792254,-122.0,0.0,duct_filler,0,1247.0
334.84848924819755,-122.0,0.0,duct_filler,0,1247.0
341.77669247847336,-122.0,0.0,duct_filler,0,1247.0
348.70489570874884,-122.0,0.0,duct_filler,0,1247.0
355.6330989390242,-122.0,0.0,duct_filler,0,1247.0
362.56130216929967,-122.0,0.0,duct_filler,0,1247.0
369.48950539957514,-122.0,0.0,duct_filler,0,1247.0
376.4177086298505,-122.0,0.0,duct_filler,0,1247.0
383.34591186012597,-122.0,0.0,duct_filler,0,1247.0
390.27411509040144,-122.0,0.0,duct_filler,0,1247.0
397.2023183206768,-122.0,0.0,duct_filler,0,1247.0
404.1305215509524,-122.0,0.0,duct_filler,0,1247.0
-500.0,-128.0000000000001,0.0,duct_filler,0,1247.0
-493.0717967697245,-128.0,0.0,duct_filler,0,1247.0
-486.143593539449,-127.99999999999989,0.0,duct_filler,0,1247.0
-479.2153903091735,-128.0,0.0,duct_filler,0,1247.0
-472.28718707889794,-128.0,0.0,duct_filler,0,1247.0
-465.3589838486225,-128.0,0.0,duct_filler,0,1247.0
-458.43078061834694,-128.0,0.0,duct_filler,0,1247.0
-264.44109017063283,-128.0,0.0,duct_filler,0,1247.0
-257.51288694035725,-128.0,0.0,duct_filler,0,1247.0
-250.58468371008178,-128.0,0.0,duct_filler,0,1247.0
-243.6564804798063,-128.0,0.0,duct_filler,0,1247.0
-236.72827724953078,-128.0,0.0,duct_filler,0,1247.0
-229.80007401925525,-128.0,0.0,duct_filler,0,1247.0
-222.87187078897972,-128.0,0.0,duct_filler,0,1247.0
-215.9436675587042,-128.0,0.0,duct_filler,0,1247.0
-209.01546432842866,-128.0,0.0,duct_filler,0,1247.0
-202.0872610981532,-128.0,0.0,duct_filler,0,1247.0
-195.15905786787755,-128.0,0.0,duct_filler,0,1247.0
-188.23085463760208,-128.0,0.0,duct_filler,0,1247.0
-181.30265140732655,-128.0,0.0,duct_filler,0,1247.0
-174.37444817705102,-128.0,0.0,duct_filler,0,1247.0
-167.4462449467755,-128.0,0.0,duct_filler,0,1247.0
-160.51804171649997,-128.0,0.0,duct_filler,0,1247.0
-153.58983848622438,-128.0,0.0,duct_filler,0,1247.0
165.10751010644856,-128.0,0.0,duct_filler,0,1247.0
172.03571333672403,-128.0,0.0,duct_filler,0,1247.0
178.9639165669995,-128.0,0.0,duct_filler,0,1247.0
185.89211979727497,-128.0,0.0,duct_filler,0,1247.0
192.82032302755056,-128.0,0.0,duct_filler,0,1247.0
199.7485262578258,-128.0,0.0,duct_filler,0,1247.0
206.6767294881015,-128.0,0.0,duct_filler,0,1247.0
213.60493271837686,-128.0,0.0,duct_filler,0,1247.0
220.53313594865233,-128.0,0.0,duct_filler,0,1247.0
227.4613391789278,-128.0,0.0,duct_filler,0,1247.0
234.38954240920327,-128.0,0.0,duct_filler,0,1247.0
241.31774563947874,-128.0,0.0,duct_filler,0,1247.0
248.24594886975422,-128.0,0.0,duct_filler,0,1247.0
255.1741521000298,-128.0,0.0,duct_filler,0,1247.0
262.10235533030504,-128.0,0.0,duct_filler,0,1247.0
269.03055856058074,-128.0,0.0,duct_filler,0,1247.0
275.9587617908561,-128.0,0.0,duct_filler,0,1247.0
282.8869650211316,-128.0,0.0,duct_filler,0,1247.0
289.81516825140704,-128.0,0.0,duct_filler,0,1247.0
296.7433714816825,-128.0,0.0,duct_filler,0,1247.0
303.671574711958,-128.0,0.0,duct_filler,0,1247.0
310.5997779422336,-128.0,0.0,duct_filler,0,1247.0
317.5279811725088,-128.0,0.0,duct_filler,0,1247.0
324.4561844027844,-128.0,0.0,duct_filler,0,1247.0
331.3843876330599,-128.0,0.0,duct_filler,0,1247.0
338.31259086333534,-128.0,0.0,duct_filler,0,1247.0
345.2407940936107,-128.0,0.0,duct_filler,0,1247.0
352.1689973238865,-128.0,0.0,duct_filler,0,1247.0
359.097200554162,-128.0,0.0,duct_filler,0,1247.0
366.02540378443734,-128.0,0.0,duct_filler,0,1247.0
372.9536070147128,-128.0,0.0,duct_filler,0,1247.0
379.8818102449883,-128.0,0.0,duct_filler,0,1247.0
386.81001347526364,-128.0,0.0,duct_filler,0,1247.0
393.7382167055391,-128.0,0.0,duct_filler,0,1247.0
400.6664199358146,-128.0,0.0,duct_filler,0,1247.0
407.5946231660902,-128.0,0.0,duct_filler,0,1247.0
414.52282639636553,-128.0,0.0,duct_filler,0,1247.0
421.451029626641,-128.0,0.0,duct_filler,0,1247.0
428.3792328569165,-128.0,0.0,duct_filler,0,1247.0
435.30743608719183,-128.0,0.0,duct_filler,0,1247.0
442.2356393174673,-128.0,0.0,duct_filler,0,1247.0
463.02024900829383,-128.0,0.0,duct_filler,0,1247.0
469.9484522385692,-128.0,0.0,duct_filler,0,1247.0
476.87665546884466,-128.0,0.0,duct_filler,0,1247.0
490.7330619293955,-128.0,0.0,duct_filler,0,1247.0
497.6612651596713,-128.0,0.0,duct_filler,0,1247.0
-496.53589838486226,-134.0,0.0,duct_filler,0,1247.0
-489.60769515458674,-134.0,0.0,duct_filler,0,1247.0
-482.6794919243112,-133.9999999999999,0.0,duct_filler,0,1247.0
-475.75128869403574,-134.0,0.0,duct_filler,0,1247.0
-468.8230854637602,-133.9999999999999,0.0,duct_filler,0,1247.0
-461.89488223348474,-134.0,0.0,duct_filler,0,1247.0
-454.9666790032092,-134.0,0.0,duct_filler,0,1247.0
-267.9051917857706,-134.0,0.0,duct_filler,0,1247.0
-260.97698855549504,-134.0,0.0,duct_filler,0,1247.0
-254.04878532521957,-134.0,0.0,duct_filler,0,1247.0
-247.12058209494404,-134.0,0.0,duct_filler,0,1247.0
-240.19237886466857,-134.0,0.0,duct_filler,0,1247.0
-233.26417563439304,-134.0,0.0,duct_filler,0,1247.0
-226.3359724041175,-134.0,0.0,duct_filler,0,1247.0
-219.40776917384198,-134.0,0.0,duct_filler,0,1247.0
-212.4795659435664,-134.0,0.0,duct_filler,0,1247.0
-205.55136271329087,-134.0,0.0,duct_filler,0,1247.0
-198.6231594830154,-134.0,0.0,duct_filler,0,1247.0
-191.69495625273993,-134.0,0.0,duct_filler,0,1247.0
-184.76675302246434,-134.0,0.0,duct_filler,0,1247.0
-177.83854979218881,-134.0,0.0,duct_filler,0,1247.0
-170.9103465619133,-134.0,0.0,duct_filler,0,1247.0
-163.98214333163776,-134.0,0.0,duct_filler,0,1247.0
-157.05394010136217,-134.0,0.0,duct_filler,0,1247.0
-150.1257368710867,-134.0,0.0,duct_filler,0,1247.0
-143.19753364081112,-134.0,0.0,duct_filler,0,1247.0
161.64340849131088,-134.0,0.0,duct_filler,0,1247.0
168.57161172158635,-134.0,0.0,duct_filler,0,1247.0
175.49981495186182,-134.0,0.0,duct_filler,0,1247.0
182.4280181821373,-134.0,0.0,duct_filler,0,1247.0
189.35622141241265,-134.0,0.0,duct_filler,0,1247.0
196.28442464268812,-134.0,0.0,duct_filler,0,1247.0
203.2126278729637,-134.0,0.0,duct_filler,0,1247.0
210.14083110323918,-134.0,0.0,duct_filler,0,1247.0
217.06903433351465,-134.0,0.0,duct_filler,0,1247.0
223.99723756379012,-134.0,0.0,duct_filler,0,1247.0
230.9254407940656,-134.0,0.0,duct_filler,0,1247.0
237.85364402434107,-134.0,0.0,duct_filler,0,1247.0
244.78184725461665,-134.0,0.0,duct_filler,0,1247.0
251.7100504848919,-134.0,0.0,duct_filler,0,1247.0
258.6382537151676,-134.0,0.0,duct_filler,0,1247.0
265.56645694544295,-134.0,0.0,duct_filler,0,1247.0
272.49466017571854,-134.0,0.0,duct_filler,0,1247.0
279.4228634059939,-134.0,0.0,duct_filler,0,1247.0
286.35106663626937,-134.0,0.0,duct_filler,0,1247.0
293.27926986654484,-134.0,0.0,duct_filler,0,1247.0
300.2074730968204,-134.0,0.0,duct_filler,0,1247.0
307.13567632709567,-134.0,0.0,duct_filler,0,1247.0
314.06387955737125,-134.0,0.0,duct_filler,0,1247.0
320.9920827876467,-134.0,0.0,duct_filler,0,1247.0
327.92028601792254,-134.0,0.0,duct_filler,0,1247.0
334.84848924819755,-134.0,0.0,duct_filler,0,1247.0
341.77669247847336,-134.0,0.0,duct_filler,0,1247.0
348.70489570874884,-134.0,0.0,duct_filler,0,1247.0
355.6330989390242,-134.0,0.0,duct_filler,0,1247.0
362.56130216929967,-134.0,0.0,duct_filler,0,1247.0
369.48950539957514,-134.0,0.0,duct_filler,0,1247.0
376.4177086298505,-134.0,0.0,duct_filler,0,1247.0
383.34591186012597,-134.0,0.0,duct_filler,0,1247.0
390.27411509040144,-134.0,0.0,duct_filler,0,1247.0
397.2023183206768,-134.0,0.0,duct_filler,0,1247.0
404.1305215509524,-134.0,0.0,duct_filler,0,1247.0
411.05872478122785,-134.0,0.0,duct_filler,0,1247.0
417.9869280115033,-134.0,0.0,duct_filler,0,1247.0
424.9151312417787,-134.0,0.0,duct_filler,0,1247.0
431.8433344720544,-134.0,0.0,duct_filler,0,1247.0
438.77153770232974,-134.0,0.0,duct_filler,0,1247.0
445.6997409326052,-134.0,0.0,duct_filler,0,1247.0
459.55614739315604,-134.0,0.0,duct_filler,0,1247.0
466.4843506234315,-134.0,0.0,duct_filler,0,1247.0
473.412553853707,-134.0,0.0,duct_filler,0,1247.0
480.3407570839827,-134.0,0.0,duct_filler,0,1247.0
487.2689603142578,-134.0,0.0,duct_filler,0,1247.0
494.1971635445336,-134.0,0.0,duct_filler,0,1247.0
501.125366774809,-134.0,0.0,duct_filler,0,1247.0
-500.0,-140.0000000000001,0.0,duct_filler,0,1247.0
-493.0717967697245,-140.0,0.0,duct_filler,0,1247.0
-486.143593539449,-140.0,0.0,duct_filler,0,1247.0
-479.2153903091735,-140.0,0.0,duct_filler,0,1247.0
-472.28718707889794,-140.0,0.0,duct_filler,0,1247.0
-465.3589838486225,-140.0,0.0,duct_filler,0,1247.0
-271.3692934009083,-140.0000000000001,0.0,duct_filler,0,1247.0
-264.44109017063283,-140.0000000000001,0.0,duct_filler,0,1247.0
-257.51288694035725,-140.0000000000001,0.0,duct_filler,0,1247.0
-250.58468371008178,-140.0000000000001,0.0,duct_filler,0,1247.0
-243.6564804798063,-139.9999999999999,0.0,duct_filler,0,1247.0
-236.72827724953078,-140.0,0.0,duct_filler,0,1247.0
-229.80007401925525,-140.0,0.0,duct_filler,0,1247.0
-222.87187078897972,-140.0,0.0,duct_filler,0,1247.0
-215.9436675587042,-140.0,0.0,duct_filler,0,1247.0
-209.01546432842866,-140.0,0.0,duct_filler,0,1247.0
-202.0872610981532,-140.0,0.0,duct_filler,0,1247.0
-195.15905786787755,-140.0,0.0,duct_filler,0,1247.0
-188.23085463760208,-140.0,0.0,duct_filler,0,1247.0
-181.30265140732655,-140.0,0.0,duct_filler,0,1247.0
-174.37444817705102,-140.0,0.0,duct_filler,0,1247.0
-167.4462449467755,-140.0,0.0,duct_filler,0,1247.0
-160.51804171649997,-140.0,0.0,duct_filler,0,1247.0
-153.58983848622438,-140.0,0.0,duct_filler,0,1247.0
-146.6616352559489,-140.0,0.0,duct_filler,0,1247.0
-139.73343202567332,-140.0,0.0,duct_filler,0,1247.0
158.1793068761731,-140.0,0.0,duct_filler,0,1247.0
165.10751010644856,-140.0,0.0,duct_filler,0,1247.0
172.03571333672403,-140.0,0.0,duct_filler,0,1247.0
178.9639165669995,-140.0,0.0,duct_filler,0,1247.0
185.89211979727497,-140.0,0.0,duct_filler,0,1247.0
192.82032302755056,-140.0,0.0,duct_filler,0,1247.0
199.7485262578258,-140.0,0.0,duct_filler,0,1247.0
206.6767294881015,-140.0,0.0,duct_filler,0,1247.0
213.60493271837686,-140.0,0.0,duct_filler,0,1247.0
220.53313594865233,-140.0,0.0,duct_filler,0,1247.0
227.4613391789278,-140.0,0.0,duct_filler,0,1247.0
234.38954240920327,-140.0,0.0,duct_filler,0,1247.0
241.31774563947874,-140.0,0.0,duct_filler,0,1247.0
248.24594886975422,-140.0,0.0,duct_filler,0,1247.0
255.1741521000298,-140.0,0.0,duct_filler,0,1247.0
262.10235533030504,-140.0,0.0,duct_filler,0,1247.0
269.03055856058074,-140.0,0.0,duct_filler,0,1247.0
275.9587617908561,-140.0,0.0,duct_filler,0,1247.0
282.8869650211316,-140.0,0.0,duct_filler,0,1247.0
289.81516825140704,-140.0,0.0,duct_filler,0,1247.0
296.7433714816825,-140.0,0.0,duct_filler,0,1247.0
303.671574711958,-140.0,0.0,duct_filler,0,1247.0
310.5997779422336,-140.0,0.0,duct_filler,0,1247.0
317.5279811725088,-140.0,0.0,duct_filler,0,1247.0
324.4561844027844,-140.0,0.0,duct_filler,0,1247.0
331.3843876330599,-140.0,0.0,duct_filler,0,1247.0
338.31259086333534,-140.0,0.0,duct_filler,0,1247.0
345.2407940936107,-140.0,0.0,duct_filler,0,1247.0
352.1689973238865,-140.0,0.0,duct_filler,0,1247.0
359.097200554162,-140.0,0.0,duct_filler,0,1247.0
366.02540378443734,-140.0,0.0,duct_filler,0,1247.0
372.9536070147128,-140.0,0.0,duct_filler,0,1247.0
379.8818102449883,-140.0,0.0,duct_filler,0,1247.0
386.81001347526364,-140.0,0.0,duct_filler,0,1247.0
393.7382167055391,-140.0,0.0,duct_filler,0,1247.0
400.6664199358146,-140.0,0.0,duct_filler,0,1247.0
407.5946231660902,-140.0,0.0,duct_filler,0,1247.0
414.52282639636553,-140.0,0.0,duct_filler,0,1247.0
421.451029626641,-140.0,0.0,duct_filler,0,1247.0
428.3792328569165,-140.0,0.0,duct_filler,0,1247.0
435.30743608719183,-140.0,0.0,duct_filler,0,1247.0
442.2356393174673,-140.0,0.0,duct_filler,0,1247.0
449.1638425477428,-140.0,0.0,duct_filler,0,1247.0
456.09204577801836,-140.0,0.0,duct_filler,0,1247.0
463.02024900829383,-140.0,0.0,duct_filler,0,1247.0
469.9484522385692,-140.0,0.0,duct_filler,0,1247.0
476.87665546884466,-140.0,0.0,duct_filler,0,1247.0
483.80485869912013,-140.0,0.0,duct_filler,0,1247.0
490.7330619293955,-140.0,0.0,duct_filler,0,1247.0
497.6612651596713,-140.0,0.0,duct_filler,0,1247.0
-496.53589838486226,-146.0,0.0,duct_filler,0,1247.0
-489.60769515458674,-146.0,0.0,duct_filler,0,1247.0
-482.6794919243112,-146.0,0.0,duct_filler,0,1247.0
-475.75128869403574,-146.0000000000001,0.0,duct_filler,0,1247.0
-468.8230854637602,-145.9999999999999,0.0,duct_filler,0,1247.0
-274.8333950160461,-145.9999999999999,0.0,duct_filler,0,1247.0
-267.9051917857706,-145.9999999999999,0.0,duct_filler,0,1247.0
-260.97698855549504,-145.9999999999999,0.0,duct_filler,0,1247.0
-254.04878532521957,-145.9999999999999,0.0,duct_filler,0,1247.0
-247.12058209494404,-145.9999999999999,0.0,duct_filler,0,1247.0
-240.19237886466857,-146.0000000000001,0.0,duct_filler,0,1247.0
-233.26417563439304,-146.0000000000001,0.0,duct_filler,0,1247.0
-226.3359724041175,-146.0000000000001,0.0,duct_filler,0,1247.0
-219.40776917384198,-146.0000000000001,0.0,duct_filler,0,1247.0
-212.4795659435664,-146.0000000000001,0.0,duct_filler,0,1247.0
-205.55136271329087,-146.0000000000001,0.0,duct_filler,0,1247.0
-198.6231594830154,-146.0000000000001,0.0,duct_filler,0,1247.0
-191.69495625273993,-146.0000000000001,0.0,duct_filler,0,1247.0
-184.76675302246434,-146.0000000000001,0.0,duct_filler,0,1247.0
-177.83854979218881,-146.0000000000001,0.0,duct_filler,0,1247.0
-170.9103465619133,-146.0000000000001,0.0,duct_filler,0,1247.0
-163.98214333163776,-146.0000000000001,0.0,duct_filler,0,1247.0
-157.05394010136217,-146.0000000000001,0.0,duct_filler,0,1247.0
-150.1257368710867,-146.0000000000001,0.0,duct_filler,0,1247.0
-143.19753364081112,-146.0000000000001,0.0,duct_filler,0,1247.0
-136.26933041053564,-146.0000000000001,0.0,duct_filler,0,1247.0
147.78700203076005,-146.0,0.0,duct_filler,0,1247.0
154.7152052610354,-146.0,0.0,duct_filler,0,1247.0
161.64340849131088,-146.0,0.0,duct_filler,0,1247.0
168.57161172158635,-146.0,0.0,duct_filler,0,1247.0
175.49981495186182,-146.0,0.0,duct_filler,0,1247.0
182.4280181821373,-146.0,0.0,duct_filler,0,1247.0
189.35622141241265,-146.0,0.0,duct_filler,0,1247.0
196.28442464268812,-146.0,0.0,duct_filler,0,1247.0
203.2126278729637,-146.0,0.0,duct_filler,0,1247.0
210.14083110323918,-146.0,0.0,duct_filler,0,1247.0
217.06903433351465,-146.0,0.0,duct_filler,0,1247.0
223.99723756379012,-146.0,0.0,duct_filler,0,1247.0
230.9254407940656,-146.0,0.0,duct_filler,0,1247.0
237.85364402434107,-146.0,0.0,duct_filler,0,1247.0
244.78184725461665,-146.0,0.0,duct_filler,0,1247.0
251.7100504848919,-146.0,0.0,duct_filler,0,1247.0
258.6382537151676,-146.0,0.0,duct_filler,0,1247.0
265.56645694544295,-146.0,0.0,duct_filler,0,1247.0
272.49466017571854,-146.0,0.0,duct_filler,0,1247.0
279.4228634059939,-146.0,0.0,duct_filler,0,1247.0
286.35106663626937,-146.0,0.0,duct_filler,0,1247.0
293.27926986654484,-146.0,0.0,duct_filler,0,1247.0
300.2074730968204,-146.0,0.0,duct_filler,0,1247.0
307.13567632709567,-146.0,0.0,duct_filler,0,1247.0
314.06387955737125,-146.0,0.0,duct_filler,0,1247.0
320.9920827876467,-146.0,0.0,duct_filler,0,1247.0
327.92028601792254,-146.0,0.0,duct_filler,0,1247.0
334.84848924819755,-146.0,0.0,duct_filler,0,1247.0
341.77669247847336,-146.0,0.0,duct_filler,0,1247.0
348.70489570874884,-146.0,0.0,duct_filler,0,1247.0
355.6330989390242,-146.0,0.0,duct_filler,0,1247.0
362.56130216929967,-146.0,0.0,duct_filler,0,1247.0
369.48950539957514,-146.0,0.0,duct_filler,0,1247.0
376.4177086298505,-146.0,0.0,duct_filler,0,1247.0
383.34591186012597,-146.0,0.0,duct_filler,0,1247.0
390.27411509040144,-146.0,0.0,duct_filler,0,1247.0
397.2023183206768,-146.0,0.0,duct_filler,0,1247.0
404.1305215509524,-146.0,0.0,duct_filler,0,1247.0
411.05872478122785,-146.0,0.0,duct_filler,0,1247.0
417.9869280115033,-146.0,0.0,duct_filler,0,1247.0
424.9151312417787,-146.0,0.0,duct_filler,0,1247.0
431.8433344720544,-146.0,0.0,duct_filler,0,1247.0
438.77153770232974,-146.0,0.0,duct_filler,0,1247.0
445.6997409326052,-146.0,0.0,duct_filler,0,1247.0
452.6279441628807,-146.0,0.0,duct_filler,0,1247.0
459.55614739315604,-146.0,0.0,duct_filler,0,1247.0
466.4843506234315,-146.0,0.0,duct_filler,0,1247.0
473.412553853707,-146.0,0.0,duct_filler,0,1247.0
480.3407570839827,-146.0,0.0,duct_filler,0,1247.0
487.2689603142578,-146.0,0.0,duct_filler,0,1247.0
494.1971635445336,-146.0,0.0,duct_filler,0,1247.0
501.125366774809,-146.0,0.0,duct_filler,0,1247.0
-500.0,-152.0,0.0,duct_filler,0,1247.0
-493.0717967697245,-151.9999999999999,0.0,duct_filler,0,1247.0
-486.143593539449,-152.0,0.0,duct_filler,0,1247.0
-479.2153903091735,-152.0,0.0,duct_filler,0,1247.0
-472.28718707889794,-152.0,0.0,duct_filler,0,1247.0
-271.3692934009083,-152.0,0.0,duct_filler,0,1247.0
-264.44109017063283,-152.0,0.0,duct_filler,0,1247.0
-257.51288694035725,-152.0,0.0,duct_filler,0,1247.0
-250.58468371008178,-152.0,0.0,duct_filler,0,1247.0
-243.6564804798063,-152.0,0.0,duct_filler,0,1247.0
-236.72827724953078,-152.0,0.0,duct_filler,0,1247.0
-229.80007401925525,-152.0,0.0,duct_filler,0,1247.0
-222.87187078897972,-152.0,0.0,duct_filler,0,1247.0
-215.9436675587042,-152.0,0.0,duct_filler,0,1247.0
-209.01546432842866,-152.0,0.0,duct_filler,0,1247.0
-202.0872610981532,-152.0,0.0,duct_filler,0,1247.0
-195.15905786787755,-152.0,0.0,duct_filler,0,1247.0
-188.23085463760208,-152.0,0.0,duct_filler,0,1247.0
-181.30265140732655,-152.0,0.0,duct_filler,0,1247.0
-174.37444817705102,-152.0,0.0,duct_filler,0,1247.0
-167.4462449467755,-152.0,0.0,duct_filler,0,1247.0
-160.51804171649997,-152.0,0.0,duct_filler,0,1247.0
-153.58983848622438,-152.0,0.0,duct_filler,0,1247.0
-146.6616352559489,-152.0,0.0,duct_filler,0,1247.0
-139.73343202567332,-152.0,0.0,duct_filler,0,1247.0
-132.8052287953978,-152.0,0.0,duct_filler,0,1247.0
137.39469718534656,-152.0,0.0,duct_filler,0,1247.0
144.32290041562203,-152.0,0.0,duct_filler,0,1247.0
151.25110364589762,-152.0,0.0,duct_filler,0,1247.0
158.1793068761731,-152.0,0.0,duct_filler,0,1247.0
165.10751010644856,-152.0,0.0,duct_filler,0,1247.0
172.03571333672403,-152.0,0.0,duct_filler,0,1247.0
178.9639165669995,-152.0,0.0,duct_filler,0,1247.0
185.89211979727497,-152.0,0.0,duct_filler,0,1247.0
192.82032302755056,-152.0,0.0,duct_filler,0,1247.0
199.7485262578258,-152.0,0.0,duct_filler,0,1247.0
206.6767294881015,-152.0,0.0,duct_filler,0,1247.0
213.60493271837686,-152.0,0.0,duct_filler,0,1247.0
220.53313594865233,-152.0,0.0,duct_filler,0,1247.0
227.4613391789278,-152.0,0.0,duct_filler,0,1247.0
234.38954240920327,-152.0,0.0,duct_filler,0,1247.0
241.31774563947874,-152.0,0.0,duct_filler,0,1247.0
248.24594886975422,-152.0,0.0,duct_filler,0,1247.0
255.1741521000298,-152.0,0.0,duct_filler,0,1247.0
262.10235533030504,-152.0,0.0,duct_filler,0,1247.0
269.03055856058074,-152.0,0.0,duct_filler,0,1247.0
275.9587617908561,-152.0,0.0,duct_filler,0,1247.0
282.8869650211316,-152.0,0.0,duct_filler,0,1247.0
289.81516825140704,-152.0,0.0,duct_filler,0,1247.0
296.7433714816825,-152.0,0.0,duct_filler,0,1247.0
303.671574711958,-152.0,0.0,duct_filler,0,1247.0
310.5997779422336,-152.0,0.0,duct_filler,0,1247.0
317.5279811725088,-152.0,0.0,duct_filler,0,1247.0
324.4561844027844,-152.0,0.0,duct_filler,0,1247.0
331.3843876330599,-152.0,0.0,duct_filler,0,1247.0
338.31259086333534,-152.0,0.0,duct_filler,0,1247.0
345.2407940936107,-152.0,0.0,duct_filler,0,1247.0
352.1689973238865,-152.0,0.0,duct_filler,0,1247.0
359.097200554162,-152.0,0.0,duct_filler,0,1247.0
366.02540378443734,-152.0,0.0,duct_filler,0,1247.0
372.9536070147128,-152.0,0.0,duct_filler,0,1247.0
379.8818102449883,-152.0,0.0,duct_filler,0,1247.0
386.81001347526364,-152.0,0.0,duct_filler,0,1247.0
393.7382167055391,-152.0,0.0,duct_filler,0,1247.0
400.6664199358146,-152.0,0.0,duct_filler,0,1247.0
407.5946231660902,-152.0,0.0,duct_filler,0,1247.0
414.52282639636553,-152.0,0.0,duct_filler,0,1247.0
421.451029626641,-152.0,0.0,duct_filler,0,1247.0
428.3792328569165,-152.0,0.0,duct_filler,0,1247.0
435.30743608719183,-152.0,0.0,duct_filler,0,1247.0
442.2356393174673,-152.0,0.0,duct_filler,0,1247.0
449.1638425477428,-152.0,0.0,duct_filler,0,1247.0
456.09204577801836,-152.0,0.0,duct_filler,0,1247.0
463.02024900829383,-152.0,0.0,duct_filler,0,1247.0
469.9484522385692,-152.0,0.0,duct_filler,0,1247.0
476.87665546884466,-152.0,0.0,duct_filler,0,1247.0
483.80485869912013,-152.0,0.0,duct_filler,0,1247.0
490.7330619293955,-152.0,0.0,duct_filler,0,1247.0
497.6612651596713,-152.0,0.0,duct_filler,0,1247.0
-496.53589838486226,-158.0,0.0,duct_filler,0,1247.0
-489.60769515458674,-158.0,0.0,duct_filler,0,1247.0
-482.6794919243112,-158.0,0.0,duct_filler,0,1247.0
-267.9051917857706,-158.0000000000001,0.0,duct_filler,0,1247.0
-260.97698855549504,-158.0000000000001,0.0,duct_filler,0,1247.0
-254.04878532521957,-158.0000000000001,0.0,duct_filler,0,1247.0
-247.12058209494404,-158.0000000000001,0.0,duct_filler,0,1247.0
-240.19237886466857,-158.0,0.0,duct_filler,0,1247.0
-233.26417563439304,-158.0,0.0,duct_filler,0,1247.0
-226.3359724041175,-158.0,0.0,duct_filler,0,1247.0
-219.40776917384198,-158.0,0.0,duct_filler,0,1247.0
-212.4795659435664,-158.0,0.0,duct_filler,0,1247.0
-205.55136271329087,-158.0,0.0,duct_filler,0,1247.0
-198.6231594830154,-158.0,0.0,duct_filler,0,1247.0
-191.69495625273993,-158.0,0.0,duct_filler,0,1247.0
-184.76675302246434,-158.0,0.0,duct_filler,0,1247.0
-177.83854979218881,-158.0,0.0,duct_filler,0,1247.0
-170.9103465619133,-158.0,0.0,duct_filler,0,1247.0
-163.98214333163776,-158.0,0.0,duct_filler,0,1247.0
-157.05394010136217,-158.0,0.0,duct_filler,0,1247.0
-150.1257368710867,-158.0,0.0,duct_filler,0,1247.0
-143.19753364081112,-158.0,0.0,duct_filler,0,1247.0
-136.26933041053564,-158.0,0.0,duct_filler,0,1247.0
127.00239233993341,-158.0,0.0,duct_filler,0,1247.0
133.9305955702091,-158.0,0.0,duct_filler,0,1247.0
140.85879880048446,-158.0,0.0,duct_filler,0,1247.0
147.78700203076005,-158.0,0.0,duct_filler,0,1247.0
154.7152052610354,-158.0,0.0,duct_filler,0,1247.0
161.64340849131088,-158.0,0.0,duct_filler,0,1247.0
168.57161172158635,-158.0,0.0,duct_filler,0,1247.0
175.49981495186182,-158.0,0.0,duct_filler,0,1247.0
182.4280181821373,-158.0,0.0,duct_filler,0,1247.0
189.35622141241265,-158.0,0.0,duct_filler,0,1247.0
196.28442464268812,-158.0,0.0,duct_filler,0,1247.0
203.2126278729637,-158.0,0.0,duct_filler,0,1247.0
210.14083110323918,-158.0,0.0,duct_filler,0,1247.0
217.06903433351465,-158.0,0.0,duct_filler,0,1247.0
223.99723756379012,-158.0,0.0,duct_filler,0,1247.0
230.9254407940656,-158.0,0.0,duct_filler,0,1247.0
237.85364402434107,-158.0,0.0,duct_filler,0,1247.0
244.78184725461665,-158.0,0.0,duct_filler,0,1247.0
251.7100504848919,-158.0,0.0,duct_filler,0,1247.0
258.6382537151676,-158.0,0.0,duct_filler,0,1247.0
265.56645694544295,-158.0,0.0,duct_filler,0,1247.0
272.49466017571854,-158.0,0.0,duct_filler,0,1247.0
279.4228634059939,-158.0,0.0,duct_filler,0,1247.0
286.35106663626937,-158.0,0.0,duct_filler,0,1247.0
293.27926986654484,-158.0,0.0,duct_filler,0,1247.0
300.2074730968204,-158.0,0.0,duct_filler,0,1247.0
307.13567632709567,-158.0,0.0,duct_filler,0,1247.0
314.06387955737125,-158.0,0.0,duct_filler,0,1247.0
320.9920827876467,-158.0,0.0,duct_filler,0,1247.0
327.92028601792254,-158.0,0.0,duct_filler,0,1247.0
334.84848924819755,-158.0,0.0,duct_filler,0,1247.0
341.77669247847336,-158.0,0.0,duct_filler,0,1247.0
348.70489570874884,-158.0,0.0,duct_filler,0,1247.0
355.6330989390242,-158.0,0.0,duct_filler,0,1247.0
362.56130216929967,-158.0,0.0,duct_filler,0,1247.0
369.48950539957514,-158.0,0.0,duct_filler,0,1247.0
376.4177086298505,-158.0,0.0,duct_filler,0,1247.0
383.34591186012597,-158.0,0.0,duct_filler,0,1247.0
390.27411509040144,-158.0,0.0,duct_filler,0,1247.0
397.2023183206768,-158.0,0.0,duct_filler,0,1247.0
404.1305215509524,-158.0,0.0,duct_filler,0,1247.0
411.05872478122785,-158.0,0.0,duct_filler,0,1247.0
417.9869280115033,-158.0,0.0,duct_filler,0,1247.0
424.9151312417787,-158.0,0.0,duct_filler,0,1247.0
431.8433344720544,-158.0,0.0,duct_filler,0,1247.0
438.77153770232974,-158.0,0.0,duct_filler,0,1247.0
445.6997409326052,-158.0,0.0,duct_filler,0,1247.0
452.6279441628807,-158.0,0.0,duct_filler,0,1247.0
459.55614739315604,-158.0,0.0,duct_filler,0,1247.0
466.4843506234315,-158.0,0.0,duct_filler,0,1247.0
473.412553853707,-158.0,0.0,duct_filler,0,1247.0
480.3407570839827,-158.0,0.0,duct_filler,0,1247.0
487.2689603142578,-158.0,0.0,duct_filler,0,1247.0
494.1971635445336,-158.0,0.0,duct_filler,0,1247.0
501.125366774809,-158.0,0.0,duct_filler,0,1247.0
-500.0,-164.0,0.0,duct_filler,0,1247.0
-493.0717967697245,-163.9999999999999,0.0,duct_filler,0,1247.0
-264.44109017063283,-164.0,0.0,duct_filler,0,1247.0
-257.51288694035725,-164.0,0.0,duct_filler,0,1247.0
-250.58468371008178,-164.0,0.0,duct_filler,0,1247.0
-243.6564804798063,-164.0,0.0,duct_filler,0,1247.0
-236.72827724953078,-164.0,0.0,duct_filler,0,1247.0
-229.80007401925525,-164.0,0.0,duct_filler,0,1247.0
-222.87187078897972,-164.0,0.0,duct_filler,0,1247.0
-215.9436675587042,-164.0,0.0,duct_filler,0,1247.0
-209.01546432842866,-164.0,0.0,duct_filler,0,1247.0
-202.0872610981532,-164.0,0.0,duct_filler,0,1247.0
-195.15905786787755,-164.0,0.0,duct_filler,0,1247.0
-188.23085463760208,-164.0,0.0,duct_filler,0,1247.0
-181.30265140732655,-164.0,0.0,duct_filler,0,1247.0
-174.37444817705102,-164.0,0.0,duct_filler,0,1247.0
-167.4462449467755,-164.0,0.0,duct_filler,0,1247.0
-160.51804171649997,-164.0,0.0,duct_filler,0,1247.0
-153.58983848622438,-164.0,0.0,duct_filler,0,1247.0
-146.6616352559489,-164.0,0.0,duct_filler,0,1247.0
-139.73343202567332,-164.0,0.0,duct_filler,0,1247.0
-132.8052287953978,-164.0,0.0,duct_filler,0,1247.0
123.53829072479573,-164.0,0.0,duct_filler,0,1247.0
130.4664939550712,-164.0,0.0,duct_filler,0,1247.0
137.39469718534656,-164.0,0.0,duct_filler,0,1247.0
144.32290041562203,-164.0,0.0,duct_filler,0,1247.0
151.25110364589762,-164.0,0.0,duct_filler,0,1247.0
158.1793068761731,-164.0,0.0,duct_filler,0,1247.0
165.10751010644856,-164.0,0.0,duct_filler,0,1247.0
172.03571333672403,-164.0,0.0,duct_filler,0,1247.0
178.9639165669995,-164.0,0.0,duct_filler,0,1247.0
185.89211979727497,-164.0,0.0,duct_filler,0,1247.0
192.82032302755056,-164.0,0.0,duct_filler,0,1247.0
199.7485262578258,-164.0,0.0,duct_filler,0,1247.0
206.6767294881015,-164.0,0.0,duct_filler,0,1247.0
213.60493271837686,-164.0,0.0,duct_filler,0,1247.0
220.53313594865233,-164.0,0.0,duct_filler,0,1247.0
227.4613391789278,-164.0,0.0,duct_filler,0,1247.0
234.38954240920327,-164.0,0.0,duct_filler,0,1247.0
241.31774563947874,-164.0,0.0,duct_filler,0,1247.0
248.24594886975422,-164.0,0.0,duct_filler,0,1247.0
255.1741521000298,-164.0,0.0,duct_filler,0,1247.0
262.10235533030504,-164.0,0.0,duct_filler,0,1247.0
269.03055856058074,-164.0,0.0,duct_filler,0,1247.0
275.9587617908561,-164.0,0.0,duct_filler,0,1247.0
282.8869650211316,-164.0,0.0,duct_filler,0,1247.0
289.81516825140704,-164.0,0.0,duct_filler,0,1247.0
296.7433714816825,-164.0,0.0,duct_filler,0,1247.0
303.671574711958,-164.0,0.0,duct_filler,0,1247.0
310.5997779422336,-164.0,0.0,duct_filler,0,1247.0
317.5279811725088,-164.0,0.0,duct_filler,0,1247.0
324.4561844027844,-164.0,0.0,duct_filler,0,1247.0
331.3843876330599,-164.0,0.0,duct_filler,0,1247.0
338.31259086333534,-164.0,0.0,duct_filler,0,1247.0
345.2407940936107,-164.0,0.0,duct_filler,0,1247.0
352.1689973238865,-164.0,0.0,duct_filler,0,1247.0
359.097200554162,-164.0,0.0,duct_filler,0,1247.0
366.02540378443734,-164.0,0.0,duct_filler,0,1247.0
372.9536070147128,-164.0,0.0,duct_filler,0,1247.0
379.8818102449883,-164.0,0.0,duct_filler,0,1247.0
386.81001347526364,-164.0,0.0,duct_filler,0,1247.0
393.7382167055391,-164.0,0.0,duct_filler,0,1247.0
400.6664199358146,-164.0,0.0,duct_filler,0,1247.0
407.5946231660902,-164.0,0.0,duct_filler,0,1247.0
414.52282639636553,-164.0,0.0,duct_filler,0,1247.0
421.451029626641,-164.0,0.0,duct_filler,0,1247.0
428.3792328569165,-164.0,0.0,duct_filler,0,1247.0
435.30743608719183,-164.0,0.0,duct_filler,0,1247.0
442.2356393174673,-164.0,0.0,duct_filler,0,1247.0
449.1638425477428,-164.0,0.0,duct_filler,0,1247.0
456.09204577801836,-164.0,0.0,duct_filler,0,1247.0
463.02024900829383,-164.0,0.0,duct_filler,0,1247.0
469.9484522385692,-164.0,0.0,duct_filler,0,1247.0
476.87665546884466,-164.0,0.0,duct_filler,0,1247.0
483.80485869912013,-164.0,0.0,duct_filler,0,1247.0
490.7330619293955,-164.0,0.0,duct_filler,0,1247.0
497.6612651596713,-164.0,0.0,duct_filler,0,1247.0
-496.53589838486226,-170.0,0.0,duct_filler,0,1247.0
-267.9051917857706,-170.0,0.0,duct_filler,0,1247.0
-260.97698855549504,-170.0,0.0,duct_filler,0,1247.0
-254.04878532521957,-170.0,0.0,duct_filler,0,1247.0
-247.12058209494404,-170.0,0.0,duct_filler,0,1247.0
-240.19237886466857,-170.0,0.0,duct_filler,0,1247.0
-233.26417563439304,-170.0,0.0,duct_filler,0,1247.0
-226.3359724041175,-170.0,0.0,duct_filler,0,1247.0
-219.40776917384198,-170.0,0.0,duct_filler,0,1247.0
-212.4795659435664,-170.0,0.0,duct_filler,0,1247.0
-205.55136271329087,-170.0,0.0,duct_filler,0,1247.0
-198.6231594830154,-170.0,0.0,duct_filler,0,1247.0
-191.69495625273993,-170.0,0.0,duct_filler,0,1247.0
-184.76675302246434,-170.0,0.0,duct_filler,0,1247.0
-177.83854979218881,-170.0,0.0,duct_filler,0,1247.0
-170.9103465619133,-170.0,0.0,duct_filler,0,1247.0
-163.98214333163776,-170.0,0.0,duct_filler,0,1247.0
-157.05394010136217,-170.0,0.0,duct_filler,0,1247.0
-150.1257368710867,-170.0,0.0,duct_filler,0,1247.0
-143.19753364081112,-170.0,0.0,duct_filler,0,1247.0
-136.26933041053564,-170.0,0.0,duct_filler,0,1247.0
-129.34112718026006,-170.0,0.0,duct_filler,0,1247.0
120.07418910965805,-170.0000000000001,0.0,duct_filler,0,1247.0
127.00239233993341,-170.0000000000001,0.0,duct_filler,0,1247.0
133.9305955702091,-170.0000000000001,0.0,duct_filler,0,1247.0
140.85879880048446,-170.0000000000001,0.0,duct_filler,0,1247.0
147.78700203076005,-170.0000000000001,0.0,duct_filler,0,1247.0
154.7152052610354,-170.0000000000001,0.0,duct_filler,0,1247.0
161.64340849131088,-170.0000000000001,0.0,duct_filler,0,1247.0
168.57161172158635,-170.0000000000001,0.0,duct_filler,0,1247.0
175.49981495186182,-170.0000000000001,0.0,duct_filler,0,1247.0
182.4280181821373,-170.0000000000001,0.0,duct_filler,0,1247.0
189.35622141241265,-170.0000000000001,0.0,duct_filler,0,1247.0
196.28442464268812,-170.0000000000001,0.0,duct_filler,0,1247.0
203.2126278729637,-170.0000000000001,0.0,duct_filler,0,1247.0
210.14083110323918,-170.0000000000001,0.0,duct_filler,0,1247.0
217.06903433351465,-170.0000000000001,0.0,duct_filler,0,1247.0
223.99723756379012,-170.0000000000001,0.0,duct_filler,0,1247.0
230.9254407940656,-170.0000000000001,0.0,duct_filler,0,1247.0
237.85364402434107,-170.0000000000001,0.0,duct_filler,0,1247.0
244.78184725461665,-170.0000000000001,0.0,duct_filler,0,1247.0
251.7100504848919,-170.0000000000001,0.0,duct_filler,0,1247.0
258.6382537151676,-170.0000000000001,0.0,duct_filler,0,1247.0
265.56645694544295,-170.0000000000001,0.0,duct_filler,0,1247.0
272.49466017571854,-170.0000000000001,0.0,duct_filler,0,1247.0
279.4228634059939,-170.0000000000001,0.0,duct_filler,0,1247.0
286.35106663626937,-170.0000000000001,0.0,duct_filler,0,1247.0
293.27926986654484,-170.0000000000001,0.0,duct_filler,0,1247.0
300.2074730968204,-170.0000000000001,0.0,duct_filler,0,1247.0
307.13567632709567,-170.0000000000001,0.0,duct_filler,0,1247.0
314.06387955737125,-170.0000000000001,0.0,duct_filler,0,1247.0
320.9920827876467,-170.0000000000001,0.0,duct_filler,0,1247.0
327.92028601792254,-170.0000000000001,0.0,duct_filler,0,1247.0
334.84848924819755,-170.0000000000001,0.0,duct_filler,0,1247.0
341.77669247847336,-170.0000000000001,0.0,duct_filler,0,1247.0
348.70489570874884,-170.0000000000001,0.0,duct_filler,0,1247.0
355.6330989390242,-170.0000000000001,0.0,duct_filler,0,1247.0
362.56130216929967,-170.0000000000001,0.0,duct_filler,0,1247.0
369.48950539957514,-170.0000000000001,0.0,duct_filler,0,1247.0
376.4177086298505,-170.0000000000001,0.0,duct_filler,0,1247.0
383.34591186012597,-170.0000000000001,0.0,duct_filler,0,1247.0
390.27411509040144,-170.0000000000001,0.0,duct_filler,0,1247.0
397.2023183206768,-170.0000000000001,0.0,duct_filler,0,1247.0
404.1305215509524,-170.0000000000001,0.0,duct_filler,0,1247.0
411.05872478122785,-170.0000000000001,0.0,duct_filler,0,1247.0
417.9869280115033,-170.0000000000001,0.0,duct_filler,0,1247.0
424.9151312417787,-170.0000000000001,0.0,duct_filler,0,1247.0
431.8433344720544,-170.0000000000001,0.0,duct_filler,0,1247.0
438.77153770232974,-170.0000000000001,0.0,duct_filler,0,1247.0
445.6997409326052,-170.0000000000001,0.0,duct_filler,0,1247.0
452.6279441628807,-170.0000000000001,0.0,duct_filler,0,1247.0
459.55614739315604,-170.0000000000001,0.0,duct_filler,0,1247.0
466.4843506234315,-170.0000000000001,0.0,duct_filler,0,1247.0
473.412553853707,-170.0000000000001,0.0,duct_filler,0,1247.0
480.3407570839827,-170.0000000000001,0.0,duct_filler,0,1247.0
487.2689603142578,-170.0000000000001,0.0,duct_filler,0,1247.0
494.1971635445336,-170.0000000000001,0.0,duct_filler,0,1247.0
501.125366774809,-170.0000000000001,0.0,duct_filler,0,1247.0
-500.0,-176.0000000000001,0.0,duct_filler,0,1247.0
-264.44109017063283,-176.0,0.0,duct_filler,0,1247.0
-257.51288694035725,-176.0,0.0,duct_filler,0,1247.0
-250.58468371008178,-176.0,0.0,duct_filler,0,1247.0
-243.6564804798063,-176.0,0.0,duct_filler,0,1247.0
-236.72827724953078,-175.9999999999999,0.0,duct_filler,0,1247.0
-229.80007401925525,-175.9999999999999,0.0,duct_filler,0,1247.0
-222.87187078897972,-175.9999999999999,0.0,duct_filler,0,1247.0
-215.9436675587042,-175.9999999999999,0.0,duct_filler,0,1247.0
-209.01546432842866,-175.9999999999999,0.0,duct_filler,0,1247.0
-202.0872610981532,-175.9999999999999,0.0,duct_filler,0,1247.0
-195.15905786787755,-175.9999999999999,0.0,duct_filler,0,1247.0
-188.23085463760208,-175.9999999999999,0.0,duct_filler,0,1247.0
-181.30265140732655,-175.9999999999999,0.0,duct_filler,0,1247.0
-174.37444817705102,-175.9999999999999,0.0,duct_filler,0,1247.0
-167.4462449467755,-175.9999999999999,0.0,duct_filler,0,1247.0
-160.51804171649997,-175.9999999999999,0.0,duct_filler,0,1247.0
-153.58983848622438,-175.9999999999999,0.0,duct_filler,0,1247.0
-146.6616352559489,-175.9999999999999,0.0,duct_filler,0,1247.0
-139.73343202567332,-175.9999999999999,0.0,duct_filler,0,1247.0
-132.8052287953978,-175.9999999999999,0.0,duct_filler,0,1247.0
116.61008749452026,-176.0,0.0,duct_filler,0,1247.0
123.53829072479573,-176.0,0.0,duct_filler,0,1247.0
130.4664939550712,-176.0,0.0,duct_filler,0,1247.0
137.39469718534656,-176.0,0.0,duct_filler,0,1247.0
144.32290041562203,-176.0,0.0,duct_filler,0,1247.0
151.25110364589762,-176.0,0.0,duct_filler,0,1247.0
158.1793068761731,-176.0,0.0,duct_filler,0,1247.0
165.10751010644856,-176.0,0.0,duct_filler,0,1247.0
172.03571333672403,-176.0,0.0,duct_filler,0,1247.0
178.9639165669995,-176.0,0.0,duct_filler,0,1247.0
185.89211979727497,-176.0,0.0,duct_filler,0,1247.0
192.82032302755056,-176.0,0.0,duct_filler,0,1247.0
199.7485262578258,-176.0,0.0,duct_filler,0,1247.0
206.6767294881015,-176.0,0.0,duct_filler,0,1247.0
213.60493271837686,-176.0,0.0,duct_filler,0,1247.0
220.53313594865233,-176.0,0.0,duct_filler,0,1247.0
227.4613391789278,-176.0,0.0,duct_filler,0,1247.0
234.38954240920327,-176.0,0.0,duct_filler,0,1247.0
241.31774563947874,-176.0,0.0,duct_filler,0,1247.0
248.24594886975422,-176.0,0.0,duct_filler,0,1247.0
255.1741521000298,-176.0,0.0,duct_filler,0,1247.0
262.10235533030504,-176.0,0.0,duct_filler,0,1247.0
269.03055856058074,-176.0,0.0,duct_filler,0,1247.0
275.9587617908561,-176.0,0.0,duct_filler,0,1247.0
282.8869650211316,-176.0,0.0,duct_filler,0,1247.0
289.81516825140704,-176.0,0.0,duct_filler,0,1247.0
296.7433714816825,-176.0,0.0,duct_filler,0,1247.0
303.671574711958,-176.0,0.0,duct_filler,0,1247.0
310.5997779422336,-176.0,0.0,duct_filler,0,1247.0
317.5279811725088,-176.0,0.0,duct_filler,0,1247.0
324.4561844027844,-176.0,0.0,duct_filler,0,1247.0
331.3843876330599,-176.0,0.0,duct_filler,0,1247.0
338.31259086333534,-176.0,0.0,duct_filler,0,1247.0
345.2407940936107,-176.0,0.0,duct_filler,0,1247.0
352.1689973238865,-176.0,0.0,duct_filler,0,1247.0
359.097200554162,-176.0,0.0,duct_filler,0,1247.0
366.02540378443734,-176.0,0.0,duct_filler,0,1247.0
372.9536070147128,-176.0,0.0,duct_filler,0,1247.0
379.8818102449883,-176.0,0.0,duct_filler,0,1247.0
386.81001347526364,-176.0,0.0,duct_filler,0,1247.0
393.7382167055391,-176.0,0.0,duct_filler,0,1247.0
400.6664199358146,-176.0,0.0,duct_filler,0,1247.0
407.5946231660902,-176.0,0.0,duct_filler,0,1247.0
414.52282639636553,-176.0,0.0,duct_filler,0,1247.0
421.451029626641,-176.0,0.0,duct_filler,0,1247.0
428.3792328569165,-176.0,0.0,duct_filler,0,1247.0
435.30743608719183,-176.0,0.0,duct_filler,0,1247.0
442.2356393174673,-176.0,0.0,duct_filler,0,1247.0
449.1638425477428,-176.0,0.0,duct_filler,0,1247.0
456.09204577801836,-176.0,0.0,duct_filler,0,1247.0
463.02024900829383,-176.0,0.0,duct_filler,0,1247.0
469.9484522385692,-176.0,0.0,duct_filler,0,1247.0
476.87665546884466,-176.0,0.0,duct_filler,0,1247.0
483.80485869912013,-176.0,0.0,duct_filler,0,1247.0
490.7330619293955,-176.0,0.0,duct_filler,0,1247.0
497.6612651596713,-176.0,0.0,duct_filler,0,1247.0
-260.97698855549504,-181.9999999999999,0.0,duct_filler,0,1247.0
-254.04878532521957,-181.9999999999999,0.0,duct_filler,0,1247.0
-247.12058209494404,-181.9999999999999,0.0,duct_filler,0,1247.0
-240.19237886466857,-182.0,0.0,duct_filler,0,1247.0
-233.26417563439304,-182.0,0.0,duct_filler,0,1247.0
-226.3359724041175,-182.0,0.0,duct_filler,0,1247.0
-219.40776917384198,-182.0,0.0,duct_filler,0,1247.0
-212.4795659435664,-182.0,0.0,duct_filler,0,1247.0
-205.55136271329087,-182.0,0.0,duct_filler,0,1247.0
-198.6231594830154,-182.0,0.0,duct_filler,0,1247.0
-191.69495625273993,-182.0,0.0,duct_filler,0,1247.0
-184.76675302246434,-182.0,0.0,duct_filler,0,1247.0
-177.83854979218881,-182.0,0.0,duct_filler,0,1247.0
-170.9103465619133,-182.0,0.0,duct_filler,0,1247.0
-163.98214333163776,-182.0,0.0,duct_filler,0,1247.0
-157.05394010136217,-182.0,0.0,duct_filler,0,1247.0
-150.1257368710867,-182.0,0.0,duct_filler,0,1247.0
-143.19753364081112,-182.0,0.0,duct_filler,0,1247.0
-136.26933041053564,-182.0,0.0,duct_filler,0,1247.0
-129.34112718026006,-182.0,0.0,duct_filler,0,1247.0
120.07418910965805,-181.9999999999999,0.0,duct_filler,0,1247.0
127.00239233993341,-181.9999999999999,0.0,duct_filler,0,1247.0
133.9305955702091,-181.9999999999999,0.0,duct_filler,0,1247.0
140.85879880048446,-181.9999999999999,0.0,duct_filler,0,1247.0
147.78700203076005,-181.9999999999999,0.0,duct_filler,0,1247.0
154.7152052610354,-181.9999999999999,0.0,duct_filler,0,1247.0
161.64340849131088,-181.9999999999999,0.0,duct_filler,0,1247.0
168.57161172158635,-181.9999999999999,0.0,duct_filler,0,1247.0
175.49981495186182,-181.9999999999999,0.0,duct_filler,0,1247.0
182.4280181821373,-181.9999999999999,0.0,duct_filler,0,1247.0
189.35622141241265,-181.9999999999999,0.0,duct_filler,0,1247.0
196.28442464268812,-181.9999999999999,0.0,duct_filler,0,1247.0
203.2126278729637,-181.9999999999999,0.0,duct_filler,0,1247.0
210.14083110323918,-181.9999999999999,0.0,duct_filler,0,1247.0
217.06903433351465,-181.9999999999999,0.0,duct_filler,0,1247.0
223.99723756379012,-181.9999999999999,0.0,duct_filler,0,1247.0
230.9254407940656,-181.9999999999999,0.0,duct_filler,0,1247.0
258.6382537151676,-181.9999999999999,0.0,duct_filler,0,1247.0
265.56645694544295,-181.9999999999999,0.0,duct_filler,0,1247.0
272.49466017571854,-181.9999999999999,0.0,duct_filler,0,1247.0
279.4228634059939,-181.9999999999999,0.0,duct_filler,0,1247.0
286.35106663626937,-181.9999999999999,0.0,duct_filler,0,1247.0
293.27926986654484,-181.9999999999999,0.0,duct_filler,0,1247.0
300.2074730968204,-181.9999999999999,0.0,duct_filler,0,1247.0
307.13567632709567,-181.9999999999999,0.0,duct_filler,0,1247.0
314.06387955737125,-181.9999999999999,0.0,duct_filler,0,1247.0
320.9920827876467,-181.9999999999999,0.0,duct_filler,0,1247.0
327.92028601792254,-181.9999999999999,0.0,duct_filler,0,1247.0
334.84848924819755,-181.9999999999999,0.0,duct_filler,0,1247.0
341.77669247847336,-181.9999999999999,0.0,duct_filler,0,1247.0
348.70489570874884,-181.9999999999999,0.0,duct_filler,0,1247.0
355.6330989390242,-181.9999999999999,0.0,duct_filler,0,1247.0
362.56130216929967,-181.9999999999999,0.0,duct_filler,0,1247.0
369.48950539957514,-181.9999999999999,0.0,duct_filler,0,1247.0
376.4177086298505,-181.9999999999999,0.0,duct_filler,0,1247.0
383.34591186012597,-181.9999999999999,0.0,duct_filler,0,1247.0
390.27411509040144,-181.9999999999999,0.0,duct_filler,0,1247.0
397.2023183206768,-181.9999999999999,0.0,duct_filler,0,1247.0
404.1305215509524,-181.9999999999999,0.0,duct_filler,0,1247.0
411.05872478122785,-181.9999999999999,0.0,duct_filler,0,1247.0
417.9869280115033,-181.9999999999999,0.0,duct_filler,0,1247.0
424.9151312417787,-181.9999999999999,0.0,duct_filler,0,1247.0
431.8433344720544,-181.9999999999999,0.0,duct_filler,0,1247.0
438.77153770232974,-181.9999999999999,0.0,duct_filler,0,1247.0
445.6997409326052,-181.9999999999999,0.0,duct_filler,0,1247.0
452.6279441628807,-181.9999999999999,0.0,duct_filler,0,1247.0
459.55614739315604,-181.9999999999999,0.0,duct_filler,0,1247.0
466.4843506234315,-181.9999999999999,0.0,duct_filler,0,1247.0
473.412553853707,-181.9999999999999,0.0,duct_filler,0,1247.0
480.3407570839827,-181.9999999999999,0.0,duct_filler,0,1247.0
487.2689603142578,-181.9999999999999,0.0,duct_filler,0,1247.0
494.1971635445336,-181.9999999999999,0.0,duct_filler,0,1247.0
501.125366774809,-181.9999999999999,0.0,duct_filler,0,1247.0
-264.44109017063283,-188.0,0.0,duct_filler,0,1247.0
-257.51288694035725,-188.0,0.0,duct_filler,0,1247.0
-250.58468371008178,-188.0,0.0,duct_filler,0,1247.0
-243.6564804798063,-188.0,0.0,duct_filler,0,1247.0
-236.72827724953078,-188.0,0.0,duct_filler,0,1247.0
-229.80007401925525,-188.0,0.0,duct_filler,0,1247.0
-222.87187078897972,-188.0,0.0,duct_filler,0,1247.0
-215.9436675587042,-188.0,0.0,duct_filler,0,1247.0
-209.01546432842866,-188.0,0.0,duct_filler,0,1247.0
-202.0872610981532,-188.0,0.0,duct_filler,0,1247.0
-195.15905786787755,-188.0,0.0,duct_filler,0,1247.0
-188.23085463760208,-188.0,0.0,duct_filler,0,1247.0
-181.30265140732655,-188.0,0.0,duct_filler,0,1247.0
-174.37444817705102,-188.0,0.0,duct_filler,0,1247.0
-167.4462449467755,-188.0,0.0,duct_filler,0,1247.0
-160.51804171649997,-188.0,0.0,duct_filler,0,1247.0
-153.58983848622438,-188.0,0.0,duct_filler,0,1247.0
-146.6616352559489,-188.0,0.0,duct_filler,0,1247.0
-139.73343202567332,-188.0,0.0,duct_filler,0,1247.0
-132.8052287953978,-188.0,0.0,duct_filler,0,1247.0
123.53829072479573,-188.0000000000001,0.0,duct_filler,0,1247.0
130.4664939550712,-188.0000000000001,0.0,duct_filler,0,1247.0
137.39469718534656,-188.0000000000001,0.0,duct_filler,0,1247.0
144.32290041562203,-188.0000000000001,0.0,duct_filler,0,1247.0
151.25110364589762,-188.0000000000001,0.0,duct_filler,0,1247.0
158.1793068761731,-188.0000000000001,0.0,duct_filler,0,1247.0
165.10751010644856,-188.0000000000001,0.0,duct_filler,0,1247.0
172.03571333672403,-188.0000000000001,0.0,duct_filler,0,1247.0
220.53313594865233,-188.0000000000001,0.0,duct_filler,0,1247.0
227.4613391789278,-188.0000000000001,0.0,duct_filler,0,1247.0
269.03055856058074,-188.0000000000001,0.0,duct_filler,0,1247.0
275.9587617908561,-188.0000000000001,0.0,duct_filler,0,1247.0
282.8869650211316,-188.0000000000001,0.0,duct_filler,0,1247.0
289.81516825140704,-188.0000000000001,0.0,duct_filler,0,1247.0
296.7433714816825,-188.0000000000001,0.0,duct_filler,0,1247.0
303.671574711958,-188.0000000000001,0.0,duct_filler,0,1247.0
310.5997779422336,-188.0000000000001,0.0,duct_filler,0,1247.0
317.5279811725088,-188.0000000000001,0.0,duct_filler,0,1247.0
324.4561844027844,-188.0000000000001,0.0,duct_filler,0,1247.0
331.3843876330599,-188.0000000000001,0.0,duct_filler,0,1247.0
338.31259086333534,-188.0000000000001,0.0,duct_filler,0,1247.0
345.2407940936107,-188.0000000000001,0.0,duct_filler,0,1247.0
352.1689973238865,-188.0000000000001,0.0,duct_filler,0,1247.0
359.097200554162,-188.0000000000001,0.0,duct_filler,0,1247.0
366.02540378443734,-188.0000000000001,0.0,duct_filler,0,1247.0
372.9536070147128,-188.0000000000001,0.0,duct_filler,0,1247.0
379.8818102449883,-188.0000000000001,0.0,duct_filler,0,1247.0
386.81001347526364,-188.0000000000001,0.0,duct_filler,0,1247.0
393.7382167055391,-188.0000000000001,0.0,duct_filler,0,1247.0
400.6664199358146,-188.0000000000001,0.0,duct_filler,0,1247.0
407.5946231660902,-188.0000000000001,0.0,duct_filler,0,1247.0
414.52282639636553,-188.0000000000001,0.0,duct_filler,0,1247.0
421.451029626641,-188.0000000000001,0.0,duct_filler,0,1247.0
428.3792328569165,-188.0000000000001,0.0,duct_filler,0,1247.0
435.30743608719183,-188.0000000000001,0.0,duct_filler,0,1247.0
442.2356393174673,-188.0000000000001,0.0,duct_filler,0,1247.0
449.1638425477428,-188.0000000000001,0.0,duct_filler,0,1247.0
456.09204577801836,-188.0000000000001,0.0,duct_filler,0,1247.0
463.02024900829383,-188.0000000000001,0.0,duct_filler,0,1247.0
469.9484522385692,-188.0000000000001,0.0,duct_filler,0,1247.0
476.87665546884466,-188.0000000000001,0.0,duct_filler,0,1247.0
483.80485869912013,-188.0000000000001,0.0,duct_filler,0,1247.0
490.7330619293955,-188.0000000000001,0.0,duct_filler,0,1247.0
497.6612651596713,-188.0000000000001,0.0,duct_filler,0,1247.0
-260.97698855549504,-193.9999999999999,0.0,duct_filler,0,1247.0
-254.04878532521957,-193.9999999999999,0.0,duct_filler,0,1247.0
-247.12058209494404,-193.9999999999999,0.0,duct_filler,0,1247.0
-240.19237886466857,-194.0,0.0,duct_filler,0,1247.0
-233.26417563439304,-194.0,0.0,duct_filler,0,1247.0
-226.3359724041175,-194.0,0.0,duct_filler,0,1247.0
-219.40776917384198,-194.0,0.0,duct_filler,0,1247.0
-212.4795659435664,-194.0,0.0,duct_filler,0,1247.0
-205.55136271329087,-194.0,0.0,duct_filler,0,1247.0
-198.6231594830154,-194.0,0.0,duct_filler,0,1247.0
-191.69495625273993,-194.0,0.0,duct_filler,0,1247.0
-184.76675302246434,-194.0,0.0,duct_filler,0,1247.0
-177.83854979218881,-194.0,0.0,duct_filler,0,1247.0
-170.9103465619133,-194.0,0.0,duct_filler,0,1247.0
-163.98214333163776,-194.0,0.0,duct_filler,0,1247.0
-157.05394010136217,-194.0,0.0,duct_filler,0,1247.0
-150.1257368710867,-194.0,0.0,duct_filler,0,1247.0
-143.19753364081112,-194.0,0.0,duct_filler,0,1247.0
-136.26933041053564,-194.0,0.0,duct_filler,0,1247.0
300.2074730968204,-194.0,0.0,duct_filler,0,1247.0
307.13567632709567,-194.0,0.0,duct_filler,0,1247.0
314.06387955737125,-194.0,0.0,duct_filler,0,1247.0
320.9920827876467,-194.0,0.0,duct_filler,0,1247.0
327.92028601792254,-194.0,0.0,duct_filler,0,1247.0
334.84848924819755,-194.0,0.0,duct_filler,0,1247.0
341.77669247847336,-194.0,0.0,duct_filler,0,1247.0
348.70489570874884,-194.0,0.0,duct_filler,0,1247.0
383.34591186012597,-194.0,0.0,duct_filler,0,1247.0
390.27411509040144,-194.0,0.0,duct_filler,0,1247.0
397.2023183206768,-194.0,0.0,duct_filler,0,1247.0
404.1305215509524,-194.0,0.0,duct_filler,0,1247.0
411.05872478122785,-194.0,0.0,duct_filler,0,1247.0
417.9869280115033,-194.0,0.0,duct_filler,0,1247.0
424.9151312417787,-194.0,0.0,duct_filler,0,1247.0
431.8433344720544,-194.0,0.0,duct_filler,0,1247.0
438.77153770232974,-194.0,0.0,duct_filler,0,1247.0
445.6997409326052,-194.0,0.0,duct_filler,0,1247.0
452.6279441628807,-194.0,0.0,duct_filler,0,1247.0
459.55614739315604,-194.0,0.0,duct_filler,0,1247.0
466.4843506234315,-194.0,0.0,duct_filler,0,1247.0
473.412553853707,-194.0,0.0,duct_filler,0,1247.0
487.2689603142578,-194.0,0.0,duct_filler,0,1247.0
494.1971635445336,-194.0,0.0,duct_filler,0,1247.0
501.125366774809,-194.0,0.0,duct_filler,0,1247.0
-264.44109017063283,-200.0,0.0,duct_filler,0,1247.0
-257.51288694035725,-200.0,0.0,duct_filler,0,1247.0
-250.58468371008178,-200.0,0.0,duct_filler,0,1247.0
-243.6564804798063,-199.9999999999999,0.0,duct_filler,0,1247.0
-236.72827724953078,-200.0,0.0,duct_filler,0,1247.0
-229.80007401925525,-200.0,0.0,duct_filler,0,1247.0
-222.87187078897972,-200.0,0.0,duct_filler,0,1247.0
-215.9436675587042,-200.0,0.0,duct_filler,0,1247.0
-209.01546432842866,-200.0,0.0,duct_filler,0,1247.0
-202.0872610981532,-200.0,0.0,duct_filler,0,1247.0
-195.15905786787755,-200.0,0.0,duct_filler,0,1247.0
-188.23085463760208,-200.0,0.0,duct_filler,0,1247.0
-181.30265140732655,-200.0,0.0,duct_filler,0,1247.0
-174.37444817705102,-200.0,0.0,duct_filler,0,1247.0
-167.4462449467755,-200.0,0.0,duct_filler,0,1247.0
-160.51804171649997,-200.0,0.0,duct_filler,0,1247.0
-153.58983848622438,-200.0,0.0,duct_filler,0,1247.0
-146.6616352559489,-200.0,0.0,duct_filler,0,1247.0
-139.73343202567332,-200.0,0.0,duct_filler,0,1247.0
-132.8052287953978,-200.0,0.0,duct_filler,0,1247.0
-125.87702556512232,-200.0,0.0,duct_filler,0,1247.0
310.5997779422336,-200.0,0.0,duct_filler,0,1247.0
317.5279811725088,-200.0,0.0,duct_filler,0,1247.0
324.4561844027844,-200.0,0.0,duct_filler,0,1247.0
386.81001347526364,-200.0,0.0,duct_filler,0,1247.0
393.7382167055391,-200.0,0.0,duct_filler,0,1247.0
400.6664199358146,-200.0,0.0,duct_filler,0,1247.0
407.5946231660902,-200.0,0.0,duct_filler,0,1247.0
414.52282639636553,-200.0,0.0,duct_filler,0,1247.0
421.451029626641,-200.0,0.0,duct_filler,0,1247.0
428.3792328569165,-200.0,0.0,duct_filler,0,1247.0
435.30743608719183,-200.0,0.0,duct_filler,0,1247.0
442.2356393174673,-200.0,0.0,duct_filler,0,1247.0
449.1638425477428,-200.0,0.0,duct_filler,0,1247.0
456.09204577801836,-200.0,0.0,duct_filler,0,1247.0
463.02024900829383,-200.0,0.0,duct_filler,0,1247.0
469.9484522385692,-200.0,0.0,duct_filler,0,1247.0
497.6612651596713,-200.0,0.0,duct_filler,0,1247.0
-260.97698855549504,-206.0,0.0,duct_filler,0,1247.0
-254.04878532521957,-206.0,0.0,duct_filler,0,1247.0
-247.12058209494404,-206.0,0.0,duct_filler,0,1247.0
-240.19237886466857,-206.0,0.0,duct_filler,0,1247.0
-226.3359724041175,-206.0,0.0,duct_filler,0,1247.0
-219.40776917384198,-206.0,0.0,duct_filler,0,1247.0
-212.4795659435664,-206.0,0.0,duct_filler,0,1247.0
-205.55136271329087,-206.0,0.0,duct_filler,0,1247.0
-198.6231594830154,-206.0,0.0,duct_filler,0,1247.0
-191.69495625273993,-206.0,0.0,duct_filler,0,1247.0
-184.76675302246434,-206.0,0.0,duct_filler,0,1247.0
-177.83854979218881,-206.0,0.0,duct_filler,0,1247.0
-170.9103465619133,-206.0,0.0,duct_filler,0,1247.0
-163.98214333163776,-206.0,0.0,duct_filler,0,1247.0
-157.05394010136217,-206.0,0.0,duct_filler,0,1247.0
-150.1257368710867,-206.0,0.0,duct_filler,0,1247.0
-143.19753364081112,-206.0,0.0,duct_filler,0,1247.0
-136.26933041053564,-206.0,0.0,duct_filler,0,1247.0
-129.34112718026006,-206.0,0.0,duct_filler,0,1247.0
-122.41292394998464,-206.0,0.0,duct_filler,0,1247.0
390.27411509040144,-205.9999999999999,0.0,duct_filler,0,1247.0
397.2023183206768,-205.9999999999999,0.0,duct_filler,0,1247.0
404.1305215509524,-205.9999999999999,0.0,duct_filler,0,1247.0
411.05872478122785,-205.9999999999999,0.0,duct_filler,0,1247.0
417.9869280115033,-205.9999999999999,0.0,duct_filler,0,1247.0
424.9151312417787,-205.9999999999999,0.0,duct_filler,0,1247.0
431.8433344720544,-205.9999999999999,0.0,duct_filler,0,1247.0
438.77153770232974,-205.9999999999999,0.0,duct_filler,0,1247.0
445.6997409326052,-205.9999999999999,0.0,duct_filler,0,1247.0
452.6279441628807,-205.9999999999999,0.0,duct_filler,0,1247.0
459.55614739315604,-205.9999999999999,0.0,duct_filler,0,1247.0
466.4843506234315,-205.9999999999999,0.0,duct_filler,0,1247.0
473.412553853707,-205.9999999999999,0.0,duct_filler,0,1247.0
494.1971635445336,-205.9999999999999,0.0,duct_filler,0,1247.0
501.125366774809,-205.9999999999999,0.0,duct_filler,0,1247.0
-257.51288694035725,-212.0,0.0,duct_filler,0,1247.0
-250.58468371008178,-212.0,0.0,duct_filler,0,1247.0
-222.87187078897972,-212.0,0.0,duct_filler,0,1247.0
-215.9436675587042,-212.0,0.0,duct_filler,0,1247.0
-209.01546432842866,-212.0,0.0,duct_filler,0,1247.0
-202.0872610981532,-212.0,0.0,duct_filler,0,1247.0
-195.15905786787755,-212.0,0.0,duct_filler,0,1247.0
-188.23085463760208,-212.0,0.0,duct_filler,0,1247.0
-181.30265140732655,-212.0,0.0,duct_filler,0,1247.0
-174.37444817705102,-212.0,0.0,duct_filler,0,1247.0
-167.4462449467755,-212.0,0.0,duct_filler,0,1247.0
-160.51804171649997,-212.0,0.0,duct_filler,0,1247.0
-153.58983848622438,-212.0,0.0,duct_filler,0,1247.0
-146.6616352559489,-212.0,0.0,duct_filler,0,1247.0
-139.73343202567332,-212.0,0.0,duct_filler,0,1247.0
-132.8052287953978,-212.0,0.0,duct_filler,0,1247.0
-125.87702556512232,-212.0,0.0,duct_filler,0,1247.0
-118.9488223348468,-212.0,0.0,duct_filler,0,1247.0
-112.02061910457127,-212.0,0.0,duct_filler,0,1247.0
400.6664199358146,-212.0,0.0,duct_filler,0,1247.0
407.5946231660902,-212.0,0.0,duct_filler,0,1247.0
414.52282639636553,-212.0,0.0,duct_filler,0,1247.0
421.451029626641,-212.0,0.0,duct_filler,0,1247.0
428.3792328569165,-212.0,0.0,duct_filler,0,1247.0
435.30743608719183,-212.0,0.0,duct_filler,0,1247.0
442.2356393174673,-212.0,0.0,duct_filler,0,1247.0
449.1638425477428,-212.0,0.0,duct_filler,0,1247.0
456.09204577801836,-212.0,0.0,duct_filler,0,1247.0
463.02024900829383,-212.0,0.0,duct_filler,0,1247.0
497.6612651596713,-212.0,0.0,duct_filler,0,1247.0
-226.3359724041175,-218.0,0.0,duct_filler,0,1247.0
-219.40776917384198,-218.0,0.0,duct_filler,0,1247.0
-212.4795659435664,-218.0,0.0,duct_filler,0,1247.0
-205.55136271329087,-218.0,0.0,duct_filler,0,1247.0
-198.6231594830154,-218.0,0.0,duct_filler,0,1247.0
-191.69495625273993,-218.0,0.0,duct_filler,0,1247.0
-184.76675302246434,-218.0,0.0,duct_filler,0,1247.0
-177.83854979218881,-218.0,0.0,duct_filler,0,1247.0
-170.9103465619133,-218.0,0.0,duct_filler,0,1247.0
-163.98214333163776,-218.0,0.0,duct_filler,0,1247.0
-157.05394010136217,-218.0,0.0,duct_filler,0,1247.0
-150.1257368710867,-218.0,0.0,duct_filler,0,1247.0
-143.19753364081112,-218.0,0.0,duct_filler,0,1247.0
-136.26933041053564,-218.0,0.0,duct_filler,0,1247.0
-129.34112718026006,-218.0,0.0,duct_filler,0,1247.0
-122.41292394998464,-218.0,0.0,duct_filler,0,1247.0
-115.484720719709,-218.0,0.0,duct_filler,0,1247.0
-108.55651748943353,-218.0,0.0,duct_filler,0,1247.0
411.05872478122785,-218.0,0.0,duct_filler,0,1247.0
417.9869280115033,-218.0,0.0,duct_filler,0,1247.0
424.9151312417787,-218.0,0.0,duct_filler,0,1247.0
431.8433344720544,-218.0,0.0,duct_filler,0,1247.0
445.6997409326052,-218.0,0.0,duct_filler,0,1247.0
494.1971635445336,-218.0,0.0,duct_filler,0,1247.0
501.125366774809,-218.0,0.0,duct_filler,0,1247.0
-229.80007401925525,-224.0000000000001,0.0,duct_filler,0,1247.0
-222.87187078897972,-224.0000000000001,0.0,duct_filler,0,1247.0
-215.9436675587042,-224.0000000000001,0.0,duct_filler,0,1247.0
-209.01546432842866,-224.0000000000001,0.0,duct_filler,0,1247.0
-202.0872610981532,-224.0000000000001,0.0,duct_filler,0,1247.0
-195.15905786787755,-224.0000000000001,0.0,duct_filler,0,1247.0
-188.23085463760208,-224.0000000000001,0.0,duct_filler,0,1247.0
-181.30265140732655,-224.0000000000001,0.0,duct_filler,0,1247.0
-174.37444817705102,-224.0000000000001,0.0,duct_filler,0,1247.0
-167.4462449467755,-224.0000000000001,0.0,duct_filler,0,1247.0
-160.51804171649997,-224.0000000000001,0.0,duct_filler,0,1247.0
-153.58983848622438,-224.0000000000001,0.0,duct_filler,0,1247.0
-146.6616352559489,-224.0000000000001,0.0,duct_filler,0,1247.0
-139.73343202567332,-224.0000000000001,0.0,duct_filler,0,1247.0
-132.8052287953978,-224.0000000000001,0.0,duct_filler,0,1247.0
-125.87702556512232,-224.0000000000001,0.0,duct_filler,0,1247.0
-118.9488223348468,-224.0000000000001,0.0,duct_filler,0,1247.0
-112.02061910457127,-224.0000000000001,0.0,duct_filler,0,1247.0
497.6612651596713,-224.0,0.0,duct_filler,0,1247.0
-233.26417563439304,-230.0000000000001,0.0,duct_filler,0,1247.0
-226.3359724041175,-230.0000000000001,0.0,duct_filler,0,1247.0
-219.40776917384198,-230.0000000000001,0.0,duct_filler,0,1247.0
-212.4795659435664,-230.0000000000001,0.0,duct_filler,0,1247.0
-205.55136271329087,-230.0000000000001,0.0,duct_filler,0,1247.0
-198.6231594830154,-230.0000000000001,0.0,duct_filler,0,1247.0
-191.69495625273993,-230.0000000000001,0.0,duct_filler,0,1247.0
-184.76675302246434,-230.0000000000001,0.0,duct_filler,0,1247.0
-177.83854979218881,-230.0000000000001,0.0,duct_filler,0,1247.0
-170.9103465619133,-230.0000000000001,0.0,duct_filler,0,1247.0
-163.98214333163776,-230.0000000000001,0.0,duct_filler,0,1247.0
-157.05394010136217,-230.0000000000001,0.0,duct_filler,0,1247.0
-150.1257368710867,-230.0000000000001,0.0,duct_filler,0,1247.0
-143.19753364081112,-230.0000000000001,0.0,duct_filler,0,1247.0
-136.26933041053564,-230.0000000000001,0.0,duct_filler,0,1247.0
-129.34112718026006,-230.0000000000001,0.0,duct_filler,0,1247.0
-122.41292394998464,-230.0000000000001,0.0,duct_filler,0,1247.0
-115.484720719709,-230.0000000000001,0.0,duct_filler,0,1247.0
-108.55651748943353,-230.0000000000001,0.0,duct_filler,0,1247.0
-80.84370456833142,-230.0000000000001,0.0,duct_filler,0,1247.0
-73.91550133805589,-230.0000000000001,0.0,duct_filler,0,1247.0
-66.9872981077803,-230.0000000000001,0.0,duct_filler,0,1247.0
-222.87187078897972,-236.0000000000001,0.0,duct_filler,0,1247.0
-215.9436675587042,-236.0000000000001,0.0,duct_filler,0,1247.0
-209.01546432842866,-236.0000000000001,0.0,duct_filler,0,1247.0
-202.0872610981532,-236.0000000000001,0.0,duct_filler,0,1247.0
-195.15905786787755,-236.0000000000001,0.0,duct_filler,0,1247.0
-188.23085463760208,-236.0000000000001,0.0,duct_filler,0,1247.0
-181.30265140732655,-236.0000000000001,0.0,duct_filler,0,1247.0
-174.37444817705102,-236.0000000000001,0.0,duct_filler,0,1247.0
-167.4462449467755,-236.0000000000001,0.0,duct_filler,0,1247.0
-160.51804171649997,-236.0000000000001,0.0,duct_filler,0,1247.0
-153.58983848622438,-236.0000000000001,0.0,duct_filler,0,1247.0
-146.6616352559489,-236.0000000000001,0.0,duct_filler,0,1247.0
-139.73343202567332,-236.0000000000001,0.0,duct_filler,0,1247.0
-132.8052287953978,-236.0000000000001,0.0,duct_filler,0,1247.0
-125.87702556512232,-236.0000000000001,0.0,duct_filler,0,1247.0
-118.9488223348468,-236.0000000000001,0.0,duct_filler,0,1247.0
-112.02061910457127,-236.0000000000001,0.0,duct_filler,0,1247.0
-84.30780618346921,-236.0000000000001,0.0,duct_filler,0,1247.0
-77.37960295319363,-236.0000000000001,0.0,duct_filler,0,1247.0
-70.4513997229181,-236.0000000000001,0.0,duct_filler,0,1247.0
-63.523196492642626,-236.0000000000001,0.0,duct_filler,0,1247.0
-219.40776917384198,-241.9999999999999,0.0,duct_filler,0,1247.0
-212.4795659435664,-241.9999999999999,0.0,duct_filler,0,1247.0
-205.55136271329087,-241.9999999999999,0.0,duct_filler,0,1247.0
-198.6231594830154,-241.9999999999999,0.0,duct_filler,0,1247.0
-191.69495625273993,-241.9999999999999,0.0,duct_filler,0,1247.0
-184.76675302246434,-241.9999999999999,0.0,duct_filler,0,1247.0
-177.83854979218881,-241.9999999999999,0.0,duct_filler,0,1247.0
-170.9103465619133,-241.9999999999999,0.0,duct_filler,0,1247.0
-163.98214333163776,-241.9999999999999,0.0,duct_filler,0,1247.0
-157.05394010136217,-241.9999999999999,0.0,duct_filler,0,1247.0
-150.1257368710867,-241.9999999999999,0.0,duct_filler,0,1247.0
-143.19753364081112,-241.9999999999999,0.0,duct_filler,0,1247.0
-136.26933041053564,-241.9999999999999,0.0,duct_filler,0,1247.0
-129.34112718026006,-241.9999999999999,0.0,duct_filler,0,1247.0
-122.41292394998464,-241.9999999999999,0.0,duct_filler,0,1247.0
-115.484720719709,-241.9999999999999,0.0,duct_filler,0,1247.0
-108.55651748943353,-241.9999999999999,0.0,duct_filler,0,1247.0
-101.62831425915806,-241.9999999999999,0.0,duct_filler,0,1247.0
-80.84370456833142,-241.9999999999999,0.0,duct_filler,0,1247.0
-73.91550133805589,-241.9999999999999,0.0,duct_filler,0,1247.0
-66.9872981077803,-241.9999999999999,0.0,duct_filler,0,1247.0
-60.059094877504776,-241.9999999999999,0.0,duct_filler,0,1247.0
-472.28718707889794,-248.0000000000001,0.0,duct_filler,0,1247.0
-465.3589838486225,-248.0000000000001,0.0,duct_filler,0,1247.0
-458.43078061834694,-248.0,0.0,duct_filler,0,1247.0
-215.9436675587042,-248.0000000000001,0.0,duct_filler,0,1247.0
-209.01546432842866,-248.0000000000001,0.0,duct_filler,0,1247.0
-202.0872610981532,-248.0000000000001,0.0,duct_filler,0,1247.0
-195.15905786787755,-248.0000000000001,0.0,duct_filler,0,1247.0
-188.23085463760208,-248.0000000000001,0.0,duct_filler,0,1247.0
-181.30265140732655,-248.0000000000001,0.0,duct_filler,0,1247.0
-174.37444817705102,-248.0000000000001,0.0,duct_filler,0,1247.0
-167.4462449467755,-248.0000000000001,0.0,duct_filler,0,1247.0
-160.51804171649997,-248.0000000000001,0.0,duct_filler,0,1247.0
-153.58983848622438,-248.0000000000001,0.0,duct_filler,0,1247.0
-146.6616352559489,-248.0000000000001,0.0,duct_filler,0,1247.0
-139.73343202567332,-248.0000000000001,0.0,duct_filler,0,1247.0
-132.8052287953978,-248.0000000000001,0.0,duct_filler,0,1247.0
-125.87702556512232,-248.0000000000001,0.0,duct_filler,0,1247.0
-118.9488223348468,-248.0000000000001,0.0,duct_filler,0,1247.0
-112.02061910457127,-248.0000000000001,0.0,duct_filler,0,1247.0
-105.09241587429574,-248.0000000000001,0.0,duct_filler,0,1247.0
-98.1642126440201,-248.0000000000001,0.0,duct_filler,0,1247.0
-91.23600941374474,-248.0000000000001,0.0,duct_filler,0,1247.0
-84.30780618346921,-248.0000000000001,0.0,duct_filler,0,1247.0
-77.37960295319363,-248.0000000000001,0.0,duct_filler,0,1247.0
-70.4513997229181,-248.0000000000001,0.0,duct_filler,0,1247.0
-63.523196492642626,-248.0000000000001,0.0,duct_filler,0,1247.0
-56.5949932623671,-248.0000000000001,0.0,duct_filler,0,1247.0
-496.53589838486226,-254.0,0.0,duct_filler,0,1247.0
-489.60769515458674,-254.0,0.0,duct_filler,0,1247.0
-482.6794919243112,-253.9999999999999,0.0,duct_filler,0,1247.0
-475.75128869403574,-254.0,0.0,duct_filler,0,1247.0
-468.8230854637602,-254.0000000000001,0.0,duct_filler,0,1247.0
-461.89488223348474,-254.0,0.0,duct_filler,0,1247.0
-454.9666790032092,-254.0,0.0,duct_filler,0,1247.0
-212.4795659435664,-254.0,0.0,duct_filler,0,1247.0
-205.55136271329087,-254.0,0.0,duct_filler,0,1247.0
-198.6231594830154,-254.0,0.0,duct_filler,0,1247.0
-191.69495625273993,-254.0,0.0,duct_filler,0,1247.0
-184.76675302246434,-254.0,0.0,duct_filler,0,1247.0
-177.83854979218881,-254.0,0.0,duct_filler,0,1247.0
-170.9103465619133,-254.0,0.0,duct_filler,0,1247.0
-163.98214333163776,-254.0,0.0,duct_filler,0,1247.0
-157.05394010136217,-254.0,0.0,duct_filler,0,1247.0
-150.1257368710867,-254.0,0.0,duct_filler,0,1247.0
-143.19753364081112,-254.0,0.0,duct_filler,0,1247.0
-136.26933041053564,-254.0,0.0,duct_filler,0,1247.0
-129.34112718026006,-254.0,0.0,duct_filler,0,1247.0
-122.41292394998464,-254.0,0.0,duct_filler,0,1247.0
-115.484720719709,-254.0,0.0,duct_filler,0,1247.0
-108.55651748943353,-254.0,0.0,duct_filler,0,1247.0
-101.62831425915806,-254.0,0.0,duct_filler,0,1247.0
-94.70011102888253,-254.0,0.0,duct_filler,0,1247.0
-87.77190779860695,-254.0,0.0,duct_filler,0,1247.0
-80.84370456833142,-254.0,0.0,duct_filler,0,1247.0
-73.91550133805589,-254.0,0.0,duct_filler,0,1247.0
-66.9872981077803,-254.0,0.0,duct_filler,0,1247.0
-60.059094877504776,-254.0,0.0,duct_filler,0,1247.0
-500.0,-260.0,0.0,duct_filler,0,1247.0
-493.0717967697245,-260.0000000000001,0.0,duct_filler,0,1247.0
-486.143593539449,-260.0,0.0,duct_filler,0,1247.0
-479.2153903091735,-260.0,0.0,duct_filler,0,1247.0
-472.28718707889794,-260.0,0.0,duct_filler,0,1247.0
-465.3589838486225,-260.0000000000001,0.0,duct_filler,0,1247.0
-458.43078061834694,-260.0,0.0,duct_filler,0,1247.0
-451.5025773880715,-260.0,0.0,duct_filler,0,1247.0
-444.57437415779594,-260.0,0.0,duct_filler,0,1247.0
-202.0872610981532,-260.0,0.0,duct_filler,0,1247.0
-195.15905786787755,-260.0,0.0,duct_filler,0,1247.0
-188.23085463760208,-260.0,0.0,duct_filler,0,1247.0
-181.30265140732655,-260.0,0.0,duct_filler,0,1247.0
-174.37444817705102,-260.0,0.0,duct_filler,0,1247.0
-167.4462449467755,-260.0,0.0,duct_filler,0,1247.0
-160.51804171649997,-260.0,0.0,duct_filler,0,1247.0
-153.58983848622438,-260.0,0.0,duct_filler,0,1247.0
-146.6616352559489,-260.0,0.0,duct_filler,0,1247.0
-139.73343202567332,-260.0,0.0,duct_filler,0,1247.0
-132.8052287953978,-260.0,0.0,duct_filler,0,1247.0
-125.87702556512232,-260.0,0.0,duct_filler,0,1247.0
-118.9488223348468,-260.0,0.0,duct_filler,0,1247.0
-112.02061910457127,-260.0,0.0,duct_filler,0,1247.0
-105.09241587429574,-260.0,0.0,duct_filler,0,1247.0
-98.1642126440201,-260.0,0.0,duct_filler,0,1247.0
-91.23600941374474,-260.0,0.0,duct_filler,0,1247.0
-84.30780618346921,-260.0,0.0,duct_filler,0,1247.0
-77.37960295319363,-260.0,0.0,duct_filler,0,1247.0
-70.4513997229181,-260.0,0.0,duct_filler,0,1247.0
-63.523196492642626,-260.0,0.0,duct_filler,0,1247.0
338.31259086333534,-259.9999999999999,0.0,duct_filler,0,1247.0
345.2407940936107,-259.9999999999999,0.0,duct_filler,0,1247.0
352.1689973238865,-259.9999999999999,0.0,duct_filler,0,1247.0
359.097200554162,-259.9999999999999,0.0,duct_filler,0,1247.0
366.02540378443734,-259.9999999999999,0.0,duct_filler,0,1247.0
-496.53589838486226,-266.0,0.0,duct_filler,0,1247.0
-489.60769515458674,-265.9999999999999,0.0,duct_filler,0,1247.0
-482.6794919243112,-266.0,0.0,duct_filler,0,1247.0
-475.75128869403574,-266.0,0.0,duct_filler,0,1247.0
-468.8230854637602,-266.0,0.0,duct_filler,0,1247.0
-461.89488223348474,-265.9999999999999,0.0,duct_filler,0,1247.0
-454.9666790032092,-266.0,0.0,duct_filler,0,1247.0
-448.0384757729337,-265.9999999999999,0.0,duct_filler,0,1247.0
-441.1102725426582,-266.0,0.0,duct_filler,0,1247.0
-357.9718337793521,-266.0,0.0,duct_filler,0,1247.0
-191.69495625273993,-266.0,0.0,duct_filler,0,1247.0
-184.76675302246434,-266.0,0.0,duct_filler,0,1247.0
-177.83854979218881,-266.0,0.0,duct_filler,0,1247.0
-170.9103465619133,-266.0,0.0,duct_filler,0,1247.0
-163.98214333163776,-266.0,0.0,duct_filler,0,1247.0
-157.05394010136217,-266.0,0.0,duct_filler,0,1247.0
-150.1257368710867,-266.0,0.0,duct_filler,0,1247.0
-143.19753364081112,-266.0,0.0,duct_filler,0,1247.0
-136.26933041053564,-266.0,0.0,duct_filler,0,1247.0
-129.34112718026006,-266.0,0.0,duct_filler,0,1247.0
-122.41292394998464,-266.0,0.0,duct_filler,0,1247.0
-115.484720719709,-266.0,0.0,duct_filler,0,1247.0
-108.55651748943353,-266.0,0.0,duct_filler,0,1247.0
-101.62831425915806,-266.0,0.0,duct_filler,0,1247.0
-94.70011102888253,-266.0,0.0,duct_filler,0,1247.0
-87.77190779860695,-266.0,0.0,duct_filler,0,1247.0
-80.84370456833142,-266.0,0.0,duct_filler,0,1247.0
-73.91550133805589,-266.0,0.0,duct_filler,0,1247.0
251.7100504848919,-266.0000000000001,0.0,duct_filler,0,1247.0
258.6382537151676,-266.0000000000001,0.0,duct_filler,0,1247.0
265.56645694544295,-266.0000000000001,0.0,duct_filler,0,1247.0
272.49466017571854,-266.0000000000001,0.0,duct_filler,0,1247.0
279.4228634059939,-266.0000000000001,0.0,duct_filler,0,1247.0
286.35106663626937,-266.0000000000001,0.0,duct_filler,0,1247.0
293.27926986654484,-266.0000000000001,0.0,duct_filler,0,1247.0
327.92028601792254,-266.0000000000001,0.0,duct_filler,0,1247.0
334.84848924819755,-266.0000000000001,0.0,duct_filler,0,1247.0
341.77669247847336,-266.0000000000001,0.0,duct_filler,0,1247.0
348.70489570874884,-266.0000000000001,0.0,duct_filler,0,1247.0
355.6330989390242,-266.0000000000001,0.0,duct_filler,0,1247.0
362.56130216929967,-266.0000000000001,0.0,duct_filler,0,1247.0
369.48950539957514,-266.0000000000001,0.0,duct_filler,0,1247.0
376.4177086298505,-266.0000000000001,0.0,duct_filler,0,1247.0
383.34591186012597,-266.0000000000001,0.0,duct_filler,0,1247.0
-500.0,-272.0000000000001,0.0,duct_filler,0,1247.0
-493.0717967697245,-272.0,0.0,duct_filler,0,1247.0
-486.143593539449,-272.0,0.0,duct_filler,0,1247.0
-479.2153903091735,-272.0,0.0,duct_filler,0,1247.0
-472.28718707889794,-272.0,0.0,duct_filler,0,1247.0
-465.3589838486225,-272.0,0.0,duct_filler,0,1247.0
-458.43078061834694,-272.0,0.0,duct_filler,0,1247.0
-451.5025773880715,-272.0,0.0,duct_filler,0,1247.0
-444.57437415779594,-272.0,0.0,duct_filler,0,1247.0
-437.6461709275204,-272.0,0.0,duct_filler,0,1247.0
-430.71796769724494,-272.0,0.0,duct_filler,0,1247.0
-423.7897644669694,-272.0,0.0,duct_filler,0,1247.0
-361.4359353944898,-272.0000000000001,0.0,duct_filler,0,1247.0
-354.5077321642143,-272.0000000000001,0.0,duct_filler,0,1247.0
-188.23085463760208,-272.0,0.0,duct_filler,0,1247.0
-181.30265140732655,-272.0,0.0,duct_filler,0,1247.0
-174.37444817705102,-272.0,0.0,duct_filler,0,1247.0
-167.4462449467755,-272.0,0.0,duct_filler,0,1247.0
-160.51804171649997,-272.0,0.0,duct_filler,0,1247.0
-153.58983848622438,-272.0,0.0,duct_filler,0,1247.0
-146.6616352559489,-272.0,0.0,duct_filler,0,1247.0
-139.73343202567332,-272.0,0.0,duct_filler,0,1247.0
-132.8052287953978,-272.0,0.0,duct_filler,0,1247.0
-125.87702556512232,-272.0,0.0,duct_filler,0,1247.0
-118.9488223348468,-272.0,0.0,duct_filler,0,1247.0
-112.02061910457127,-272.0,0.0,duct_filler,0,1247.0
-105.09241587429574,-272.0,0.0,duct_filler,0,1247.0
-98.1642126440201,-272.0,0.0,duct_filler,0,1247.0
-91.23600941374474,-272.0,0.0,duct_filler,0,1247.0
-84.30780618346921,-272.0,0.0,duct_filler,0,1247.0
-77.37960295319363,-272.0,0.0,duct_filler,0,1247.0
248.24594886975422,-272.0,0.0,duct_filler,0,1247.0
255.1741521000298,-272.0,0.0,duct_filler,0,1247.0
262.10235533030504,-272.0,0.0,duct_filler,0,1247.0
269.03055856058074,-272.0,0.0,duct_filler,0,1247.0
275.9587617908561,-272.0,0.0,duct_filler,0,1247.0
282.8869650211316,-272.0,0.0,duct_filler,0,1247.0
289.81516825140704,-272.0,0.0,duct_filler,0,1247.0
296.7433714816825,-272.0,0.0,duct_filler,0,1247.0
303.671574711958,-272.0,0.0,duct_filler,0,1247.0
310.5997779422336,-272.0,0.0,duct_filler,0,1247.0
317.5279811725088,-272.0,0.0,duct_filler,0,1247.0
324.4561844027844,-272.0,0.0,duct_filler,0,1247.0
331.3843876330599,-272.0,0.0,duct_filler,0,1247.0
338.31259086333534,-272.0,0.0,duct_filler,0,1247.0
345.2407940936107,-272.0,0.0,duct_filler,0,1247.0
352.1689973238865,-272.0,0.0,duct_filler,0,1247.0
359.097200554162,-272.0,0.0,duct_filler,0,1247.0
366.02540378443734,-272.0,0.0,duct_filler,0,1247.0
372.9536070147128,-272.0,0.0,duct_filler,0,1247.0
379.8818102449883,-272.0,0.0,duct_filler,0,1247.0
386.81001347526364,-272.0,0.0,duct_filler,0,1247.0
393.7382167055391,-272.0,0.0,duct_filler,0,1247.0
-496.53589838486226,-278.0,0.0,duct_filler,0,1247.0
-489.60769515458674,-278.0,0.0,duct_filler,0,1247.0
-482.6794919243112,-278.0000000000001,0.0,duct_filler,0,1247.0
-475.75128869403574,-278.0,0.0,duct_filler,0,1247.0
-468.8230854637602,-278.0,0.0,duct_filler,0,1247.0
-461.89488223348474,-277.9999999999999,0.0,duct_filler,0,1247.0
-454.9666790032092,-278.0,0.0,duct_filler,0,1247.0
-448.0384757729337,-277.9999999999999,0.0,duct_filler,0,1247.0
-441.1102725426582,-278.0,0.0,duct_filler,0,1247.0
-434.1820693123827,-278.0,0.0,duct_filler,0,1247.0
-427.25386608210715,-278.0000000000001,0.0,duct_filler,0,1247.0
-420.3256628518316,-278.0000000000001,0.0,duct_filler,0,1247.0
-364.90003700962757,-278.0,0.0,duct_filler,0,1247.0
-357.9718337793521,-278.0,0.0,duct_filler,0,1247.0
-184.76675302246434,-278.0,0.0,duct_filler,0,1247.0
-177.83854979218881,-278.0,0.0,duct_filler,0,1247.0
-170.9103465619133,-278.0,0.0,duct_filler,0,1247.0
-163.98214333163776,-278.0,0.0,duct_filler,0,1247.0
-157.05394010136217,-278.0,0.0,duct_filler,0,1247.0
-150.1257368710867,-278.0,0.0,duct_filler,0,1247.0
-143.19753364081112,-278.0,0.0,duct_filler,0,1247.0
-136.26933041053564,-278.0,0.0,duct_filler,0,1247.0
-129.34112718026006,-278.0,0.0,duct_filler,0,1247.0
-122.41292394998464,-278.0,0.0,duct_filler,0,1247.0
-115.484720719709,-278.0,0.0,duct_filler,0,1247.0
-108.55651748943353,-278.0,0.0,duct_filler,0,1247.0
-101.62831425915806,-278.0,0.0,duct_filler,0,1247.0
-94.70011102888253,-278.0,0.0,duct_filler,0,1247.0
-87.77190779860695,-278.0,0.0,duct_filler,0,1247.0
-80.84370456833142,-278.0,0.0,duct_filler,0,1247.0
244.78184725461665,-278.0,0.0,duct_filler,0,1247.0
251.7100504848919,-278.0,0.0,duct_filler,0,1247.0
258.6382537151676,-278.0,0.0,duct_filler,0,1247.0
265.56645694544295,-278.0,0.0,duct_filler,0,1247.0
272.49466017571854,-278.0,0.0,duct_filler,0,1247.0
279.4228634059939,-278.0,0.0,duct_filler,0,1247.0
286.35106663626937,-278.0,0.0,duct_filler,0,1247.0
293.27926986654484,-278.0,0.0,duct_filler,0,1247.0
300.2074730968204,-278.0,0.0,duct_filler,0,1247.0
307.13567632709567,-278.0,0.0,duct_filler,0,1247.0
314.06387955737125,-278.0,0.0,duct_filler,0,1247.0
320.9920827876467,-278.0,0.0,duct_filler,0,1247.0
327.92028601792254,-278.0,0.0,duct_filler,0,1247.0
334.84848924819755,-278.0,0.0,duct_filler,0,1247.0
341.77669247847336,-278.0,0.0,duct_filler,0,1247.0
348.70489570874884,-278.0,0.0,duct_filler,0,1247.0
355.6330989390242,-278.0,0.0,duct_filler,0,1247.0
362.56130216929967,-278.0,0.0,duct_filler,0,1247.0
369.48950539957514,-278.0,0.0,duct_filler,0,1247.0
376.4177086298505,-278.0,0.0,duct_filler,0,1247.0
383.34591186012597,-278.0,0.0,duct_filler,0,1247.0
390.27411509040144,-278.0,0.0,duct_filler,0,1247.0
397.2023183206768,-278.0,0.0,duct_filler,0,1247.0
-500.0,-284.0,0.0,duct_filler,0,1247.0
-493.0717967697245,-283.9999999999999,0.0,duct_filler,0,1247.0
-486.143593539449,-283.9999999999999,0.0,duct_filler,0,1247.0
-479.2153903091735,-284.0,0.0,duct_filler,0,1247.0
-472.28718707889794,-284.0,0.0,duct_filler,0,1247.0
-465.3589838486225,-284.0,0.0,duct_filler,0,1247.0
-458.43078061834694,-284.0000000000001,0.0,duct_filler,0,1247.0
-451.5025773880715,-284.0,0.0,duct_filler,0,1247.0
-444.57437415779594,-284.0000000000001,0.0,duct_filler,0,1247.0
-437.6461709275204,-284.0,0.0,duct_filler,0,1247.0
-430.71796769724494,-283.9999999999999,0.0,duct_filler,0,1247.0
-423.7897644669694,-283.9999999999999,0.0,duct_filler,0,1247.0
-368.36413862476525,-284.0,0.0,duct_filler,0,1247.0
-361.4359353944898,-284.0,0.0,duct_filler,0,1247.0
-181.30265140732655,-284.0000000000001,0.0,duct_filler,0,1247.0
-174.37444817705102,-284.0000000000001,0.0,duct_filler,0,1247.0
-167.4462449467755,-284.0000000000001,0.0,duct_filler,0,1247.0
-160.51804171649997,-284.0000000000001,0.0,duct_filler,0,1247.0
-153.58983848622438,-284.0000000000001,0.0,duct_filler,0,1247.0
-146.6616352559489,-284.0000000000001,0.0,duct_filler,0,1247.0
-139.73343202567332,-284.0000000000001,0.0,duct_filler,0,1247.0
-132.8052287953978,-284.0000000000001,0.0,duct_filler,0,1247.0
-125.87702556512232,-284.0000000000001,0.0,duct_filler,0,1247.0
-118.9488223348468,-284.0000000000001,0.0,duct_filler,0,1247.0
-112.02061910457127,-284.0000000000001,0.0,duct_filler,0,1247.0
-105.09241587429574,-284.0000000000001,0.0,duct_filler,0,1247.0
-98.1642126440201,-284.0000000000001,0.0,duct_filler,0,1247.0
-91.23600941374474,-284.0000000000001,0.0,duct_filler,0,1247.0
-84.30780618346921,-284.0000000000001,0.0,duct_filler,0,1247.0
248.24594886975422,-284.0000000000001,0.0,duct_filler,0,1247.0
255.1741521000298,-284.0000000000001,0.0,duct_filler,0,1247.0
262.10235533030504,-284.0000000000001,0.0,duct_filler,0,1247.0
269.03055856058074,-284.0000000000001,0.0,duct_filler,0,1247.0
275.9587617908561,-284.0000000000001,0.0,duct_filler,0,1247.0
282.8869650211316,-284.0000000000001,0.0,duct_filler,0,1247.0
289.81516825140704,-284.0000000000001,0.0,duct_filler,0,1247.0
296.7433714816825,-284.0000000000001,0.0,duct_filler,0,1247.0
303.671574711958,-284.0000000000001,0.0,duct_filler,0,1247.0
310.5997779422336,-284.0000000000001,0.0,duct_filler,0,1247.0
317.5279811725088,-284.0000000000001,0.0,duct_filler,0,1247.0
324.4561844027844,-284.0000000000001,0.0,duct_filler,0,1247.0
331.3843876330599,-284.0000000000001,0.0,duct_filler,0,1247.0
338.31259086333534,-284.0000000000001,0.0,duct_filler,0,1247.0
345.2407940936107,-284.0000000000001,0.0,duct_filler,0,1247.0
352.1689973238865,-284.0000000000001,0.0,duct_filler,0,1247.0
359.097200554162,-284.0000000000001,0.0,duct_filler,0,1247.0
366.02540378443734,-284.0000000000001,0.0,duct_filler,0,1247.0
372.9536070147128,-284.0000000000001,0.0,duct_filler,0,1247.0
379.8818102449883,-284.0000000000001,0.0,duct_filler,0,1247.0
386.81001347526364,-284.0000000000001,0.0,duct_filler,0,1247.0
393.7382167055391,-284.0000000000001,0.0,duct_filler,0,1247.0
400.6664199358146,-284.0000000000001,0.0,duct_filler,0,1247.0
-496.53589838486226,-290.0,0.0,duct_filler,0,1247.0
-489.60769515458674,-290.0,0.0,duct_filler,0,1247.0
-482.6794919243112,-289.9999999999999,0.0,duct_filler,0,1247.0
-475.75128869403574,-290.0,0.0,duct_filler,0,1247.0
-468.8230854637602,-290.0,0.0,duct_filler,0,1247.0
-461.89488223348474,-290.0,0.0,duct_filler,0,1247.0
-454.9666790032092,-289.9999999999999,0.0,duct_filler,0,1247.0
-448.0384757729337,-290.0,0.0,duct_filler,0,1247.0
-441.1102725426582,-289.9999999999999,0.0,duct_filler,0,1247.0
-434.1820693123827,-290.0,0.0,duct_filler,0,1247.0
-427.25386608210715,-290.0,0.0,duct_filler,0,1247.0
-420.3256628518316,-290.0,0.0,duct_filler,0,1247.0
-371.8282402399031,-289.9999999999999,0.0,duct_filler,0,1247.0
-364.90003700962757,-290.0000000000001,0.0,duct_filler,0,1247.0
-344.11542731880104,-290.0000000000001,0.0,duct_filler,0,1247.0
-274.8333950160461,-290.0000000000001,0.0,duct_filler,0,1247.0
-267.9051917857706,-290.0000000000001,0.0,duct_filler,0,1247.0
-170.9103465619133,-289.9999999999999,0.0,duct_filler,0,1247.0
-163.98214333163776,-289.9999999999999,0.0,duct_filler,0,1247.0
-157.05394010136217,-289.9999999999999,0.0,duct_filler,0,1247.0
-150.1257368710867,-289.9999999999999,0.0,duct_filler,0,1247.0
-143.19753364081112,-289.9999999999999,0.0,duct_filler,0,1247.0
-136.26933041053564,-289.9999999999999,0.0,duct_filler,0,1247.0
-129.34112718026006,-289.9999999999999,0.0,duct_filler,0,1247.0
-122.41292394998464,-289.9999999999999,0.0,duct_filler,0,1247.0
-115.484720719709,-289.9999999999999,0.0,duct_filler,0,1247.0
-108.55651748943353,-289.9999999999999,0.0,duct_filler,0,1247.0
-101.62831425915806,-289.9999999999999,0.0,duct_filler,0,1247.0
-94.70011102888253,-289.9999999999999,0.0,duct_filler,0,1247.0
-87.77190779860695,-289.9999999999999,0.0,duct_filler,0,1247.0
244.78184725461665,-289.9999999999999,0.0,duct_filler,0,1247.0
251.7100504848919,-289.9999999999999,0.0,duct_filler,0,1247.0
258.6382537151676,-289.9999999999999,0.0,duct_filler,0,1247.0
265.56645694544295,-289.9999999999999,0.0,duct_filler,0,1247.0
272.49466017571854,-289.9999999999999,0.0,duct_filler,0,1247.0
279.4228634059939,-289.9999999999999,0.0,duct_filler,0,1247.0
286.35106663626937,-289.9999999999999,0.0,duct_filler,0,1247.0
293.27926986654484,-289.9999999999999,0.0,duct_filler,0,1247.0
300.2074730968204,-289.9999999999999,0.0,duct_filler,0,1247.0
307.13567632709567,-289.9999999999999,0.0,duct_filler,0,1247.0
314.06387955737125,-289.9999999999999,0.0,duct_filler,0,1247.0
320.9920827876467,-289.9999999999999,0.0,duct_filler,0,1247.0
327.92028601792254,-289.9999999999999,0.0,duct_filler,0,1247.0
334.84848924819755,-289.9999999999999,0.0,duct_filler,0,1247.0
341.77669247847336,-289.9999999999999,0.0,duct_filler,0,1247.0
348.70489570874884,-289.9999999999999,0.0,duct_filler,0,1247.0
355.6330989390242,-289.9999999999999,0.0,duct_filler,0,1247.0
362.56130216929967,-289.9999999999999,0.0,duct_filler,0,1247.0
369.48950539957514,-289.9999999999999,0.0,duct_filler,0,1247.0
376.4177086298505,-289.9999999999999,0.0,duct_filler,0,1247.0
383.34591186012597,-289.9999999999999,0.0,duct_filler,0,1247.0
390.27411509040144,-289.9999999999999,0.0,duct_filler,0,1247.0
397.2023183206768,-289.9999999999999,0.0,duct_filler,0,1247.0
404.1305215509524,-289.9999999999999,0.0,duct_filler,0,1247.0
-500.0,-296.0000000000002,0.0,duct_filler,0,1247.0
-493.0717967697245,-296.0000000000001,0.0,duct_filler,0,1247.0
-486.143593539449,-295.9999999999999,0.0,duct_filler,0,1247.0
-479.2153903091735,-296.0,0.0,duct_filler,0,1247.0
-472.28718707889794,-296.0,0.0,duct_filler,0,1247.0
-465.3589838486225,-296.0,0.0,duct_filler,0,1247.0
-458.43078061834694,-295.9999999999999,0.0,duct_filler,0,1247.0
-451.5025773880715,-296.0,0.0,duct_filler,0,1247.0
-444.57437415779594,-295.9999999999999,0.0,duct_filler,0,1247.0
-437.6461709275204,-296.0,0.0,duct_filler,0,1247.0
-430.71796769724494,-296.0,0.0,duct_filler,0,1247.0
-423.7897644669694,-296.0,0.0,duct_filler,0,1247.0
-416.8615612366939,-296.0,0.0,duct_filler,0,1247.0
-375.29234185504083,-296.0000000000001,0.0,duct_filler,0,1247.0
-368.36413862476525,-296.0,0.0,duct_filler,0,1247.0
-361.4359353944898,-296.0,0.0,duct_filler,0,1247.0
-340.6513257036633,-296.0,0.0,duct_filler,0,1247.0
-333.72312247338783,-296.0,0.0,duct_filler,0,1247.0
-285.22569986145925,-296.0,0.0,duct_filler,0,1247.0
-278.29749663118383,-296.0,0.0,duct_filler,0,1247.0
-271.3692934009083,-296.0,0.0,duct_filler,0,1247.0
-264.44109017063283,-296.0,0.0,duct_filler,0,1247.0
-167.4462449467755,-295.9999999999999,0.0,duct_filler,0,1247.0
-160.51804171649997,-295.9999999999999,0.0,duct_filler,0,1247.0
-153.58983848622438,-295.9999999999999,0.0,duct_filler,0,1247.0
-146.6616352559489,-295.9999999999999,0.0,duct_filler,0,1247.0
-139.73343202567332,-295.9999999999999,0.0,duct_filler,0,1247.0
-132.8052287953978,-295.9999999999999,0.0,duct_filler,0,1247.0
-125.87702556512232,-295.9999999999999,0.0,duct_filler,0,1247.0
-118.9488223348468,-295.9999999999999,0.0,duct_filler,0,1247.0
-112.02061910457127,-295.9999999999999,0.0,duct_filler,0,1247.0
-105.09241587429574,-295.9999999999999,0.0,duct_filler,0,1247.0
-98.1642126440201,-295.9999999999999,0.0,duct_filler,0,1247.0
-91.23600941374474,-295.9999999999999,0.0,duct_filler,0,1247.0
248.24594886975422,-296.0,0.0,duct_filler,0,1247.0
255.1741521000298,-296.0,0.0,duct_filler,0,1247.0
262.10235533030504,-296.0,0.0,duct_filler,0,1247.0
269.03055856058074,-296.0,0.0,duct_filler,0,1247.0
275.9587617908561,-296.0,0.0,duct_filler,0,1247.0
282.8869650211316,-296.0,0.0,duct_filler,0,1247.0
289.81516825140704,-296.0,0.0,duct_filler,0,1247.0
296.7433714816825,-296.0,0.0,duct_filler,0,1247.0
303.671574711958,-296.0,0.0,duct_filler,0,1247.0
310.5997779422336,-296.0,0.0,duct_filler,0,1247.0
317.5279811725088,-296.0,0.0,duct_filler,0,1247.0
324.4561844027844,-296.0,0.0,duct_filler,0,1247.0
331.3843876330599,-296.0,0.0,duct_filler,0,1247.0
338.31259086333534,-296.0,0.0,duct_filler,0,1247.0
345.2407940936107,-296.0,0.0,duct_filler,0,1247.0
352.1689973238865,-296.0,0.0,duct_filler,0,1247.0
359.097200554162,-296.0,0.0,duct_filler,0,1247.0
366.02540378443734,-296.0,0.0,duct_filler,0,1247.0
372.9536070147128,-296.0,0.0,duct_filler,0,1247.0
379.8818102449883,-296.0,0.0,duct_filler,0,1247.0
386.81001347526364,-296.0,0.0,duct_filler,0,1247.0
393.7382167055391,-296.0,0.0,duct_filler,0,1247.0
400.6664199358146,-296.0,0.0,duct_filler,0,1247.0
407.5946231660902,-296.0,0.0,duct_filler,0,1247.0
-496.53589838486226,-302.0,0.0,duct_filler,0,1247.0
-489.60769515458674,-302.0,0.0,duct_filler,0,1247.0
-482.6794919243112,-302.0,0.0,duct_filler,0,1247.0
-475.75128869403574,-302.0,0.0,duct_filler,0,1247.0
-468.8230854637602,-301.9999999999999,0.0,duct_filler,0,1247.0
-461.89488223348474,-302.0000000000001,0.0,duct_filler,0,1247.0
-454.9666790032092,-302.0,0.0,duct_filler,0,1247.0
-448.0384757729337,-302.0000000000001,0.0,duct_filler,0,1247.0
-441.1102725426582,-302.0,0.0,duct_filler,0,1247.0
-434.1820693123827,-302.0,0.0,duct_filler,0,1247.0
-427.25386608210715,-302.0000000000001,0.0,duct_filler,0,1247.0
-420.3256628518316,-302.0000000000001,0.0,duct_filler,0,1247.0
-371.8282402399031,-302.0,0.0,duct_filler,0,1247.0
-364.90003700962757,-302.0,0.0,duct_filler,0,1247.0
-357.9718337793521,-302.0,0.0,duct_filler,0,1247.0
-351.0436305490765,-302.0,0.0,duct_filler,0,1247.0
-344.11542731880104,-302.0,0.0,duct_filler,0,1247.0
-337.18722408852557,-302.0,0.0,duct_filler,0,1247.0
-302.54620793714804,-302.0,0.0,duct_filler,0,1247.0
-295.61800470687257,-302.0,0.0,duct_filler,0,1247.0
-288.68980147659704,-302.0,0.0,duct_filler,0,1247.0
-281.76159824632157,-302.0,0.0,duct_filler,0,1247.0
-274.8333950160461,-302.0,0.0,duct_filler,0,1247.0
-267.9051917857706,-302.0,0.0,duct_filler,0,1247.0
-260.97698855549504,-302.0,0.0,duct_filler,0,1247.0
-157.05394010136217,-301.9999999999999,0.0,duct_filler,0,1247.0
-150.1257368710867,-301.9999999999999,0.0,duct_filler,0,1247.0
-143.19753364081112,-301.9999999999999,0.0,duct_filler,0,1247.0
-136.26933041053564,-301.9999999999999,0.0,duct_filler,0,1247.0
-129.34112718026006,-301.9999999999999,0.0,duct_filler,0,1247.0
-122.41292394998464,-301.9999999999999,0.0,duct_filler,0,1247.0
-115.484720719709,-301.9999999999999,0.0,duct_filler,0,1247.0
-108.55651748943353,-301.9999999999999,0.0,duct_filler,0,1247.0
-101.62831425915806,-301.9999999999999,0.0,duct_filler,0,1247.0
-94.70011102888253,-301.9999999999999,0.0,duct_filler,0,1247.0
-87.77190779860695,-301.9999999999999,0.0,duct_filler,0,1247.0
244.78184725461665,-302.0,0.0,duct_filler,0,1247.0
251.7100504848919,-302.0,0.0,duct_filler,0,1247.0
258.6382537151676,-302.0,0.0,duct_filler,0,1247.0
265.56645694544295,-302.0,0.0,duct_filler,0,1247.0
272.49466017571854,-302.0,0.0,duct_filler,0,1247.0
279.4228634059939,-302.0,0.0,duct_filler,0,1247.0
286.35106663626937,-302.0,0.0,duct_filler,0,1247.0
293.27926986654484,-302.0,0.0,duct_filler,0,1247.0
300.2074730968204,-302.0,0.0,duct_filler,0,1247.0
307.13567632709567,-302.0,0.0,duct_filler,0,1247.0
314.06387955737125,-302.0,0.0,duct_filler,0,1247.0
320.9920827876467,-302.0,0.0,duct_filler,0,1247.0
327.92028601792254,-302.0,0.0,duct_filler,0,1247.0
334.84848924819755,-302.0,0.0,duct_filler,0,1247.0
341.77669247847336,-302.0,0.0,duct_filler,0,1247.0
348.70489570874884,-302.0,0.0,duct_filler,0,1247.0
355.6330989390242,-302.0,0.0,duct_filler,0,1247.0
362.56130216929967,-302.0,0.0,duct_filler,0,1247.0
369.48950539957514,-302.0,0.0,duct_filler,0,1247.0
376.4177086298505,-302.0,0.0,duct_filler,0,1247.0
383.34591186012597,-302.0,0.0,duct_filler,0,1247.0
390.27411509040144,-302.0,0.0,duct_filler,0,1247.0
397.2023183206768,-302.0,0.0,duct_filler,0,1247.0
404.1305215509524,-302.0,0.0,duct_filler,0,1247.0
411.05872478122785,-302.0,0.0,duct_filler,0,1247.0
-500.0,-308.0000000000001,0.0,duct_filler,0,1247.0
-493.0717967697245,-308.0,0.0,duct_filler,0,1247.0
-486.143593539449,-307.9999999999998,0.0,duct_filler,0,1247.0
-479.2153903091735,-307.9999999999999,0.0,duct_filler,0,1247.0
-472.28718707889794,-307.9999999999999,0.0,duct_filler,0,1247.0
-465.3589838486225,-307.9999999999999,0.0,duct_filler,0,1247.0
-458.43078061834694,-308.0000000000001,0.0,duct_filler,0,1247.0
-451.5025773880715,-308.0,0.0,duct_filler,0,1247.0
-444.57437415779594,-308.0000000000001,0.0,duct_filler,0,1247.0
-437.6461709275204,-307.9999999999999,0.0,duct_filler,0,1247.0
-430.71796769724494,-308.0,0.0,duct_filler,0,1247.0
-423.7897644669694,-308.0,0.0,duct_filler,0,1247.0
-416.8615612366939,-308.0,0.0,duct_filler,0,1247.0
-368.36413862476525,-307.9999999999999,0.0,duct_filler,0,1247.0
-361.4359353944898,-307.9999999999999,0.0,duct_filler,0,1247.0
-354.5077321642143,-307.9999999999999,0.0,duct_filler,0,1247.0
-347.57952893393883,-307.9999999999999,0.0,duct_filler,0,1247.0
-340.6513257036633,-307.9999999999999,0.0,duct_filler,0,1247.0
-333.72312247338783,-307.9999999999999,0.0,duct_filler,0,1247.0
-326.7949192431123,-307.9999999999999,0.0,duct_filler,0,1247.0
-306.01030955228583,-307.9999999999999,0.0,duct_filler,0,1247.0
-299.0821063220103,-307.9999999999999,0.0,duct_filler,0,1247.0
-292.15390309173483,-307.9999999999999,0.0,duct_filler,0,1247.0
-285.22569986145925,-307.9999999999999,0.0,duct_filler,0,1247.0
-278.29749663118383,-307.9999999999999,0.0,duct_filler,0,1247.0
-271.3692934009083,-307.9999999999999,0.0,duct_filler,0,1247.0
-264.44109017063283,-307.9999999999999,0.0,duct_filler,0,1247.0
-257.51288694035725,-307.9999999999999,0.0,duct_filler,0,1247.0
-250.58468371008178,-307.9999999999999,0.0,duct_filler,0,1247.0
-153.58983848622438,-308.0,0.0,duct_filler,0,1247.0
-146.6616352559489,-308.0,0.0,duct_filler,0,1247.0
-139.73343202567332,-308.0,0.0,duct_filler,0,1247.0
-132.8052287953978,-308.0,0.0,duct_filler,0,1247.0
-125.87702556512232,-308.0,0.0,duct_filler,0,1247.0
-118.9488223348468,-308.0,0.0,duct_filler,0,1247.0
-112.02061910457127,-308.0,0.0,duct_filler,0,1247.0
-105.09241587429574,-308.0,0.0,duct_filler,0,1247.0
-98.1642126440201,-308.0,0.0,duct_filler,0,1247.0
-91.23600941374474,-308.0,0.0,duct_filler,0,1247.0
241.31774563947874,-307.9999999999999,0.0,duct_filler,0,1247.0
248.24594886975422,-307.9999999999999,0.0,duct_filler,0,1247.0
255.1741521000298,-307.9999999999999,0.0,duct_filler,0,1247.0
262.10235533030504,-307.9999999999999,0.0,duct_filler,0,1247.0
269.03055856058074,-307.9999999999999,0.0,duct_filler,0,1247.0
275.9587617908561,-307.9999999999999,0.0,duct_filler,0,1247.0
282.8869650211316,-307.9999999999999,0.0,duct_filler,0,1247.0
289.81516825140704,-307.9999999999999,0.0,duct_filler,0,1247.0
296.7433714816825,-307.9999999999999,0.0,duct_filler,0,1247.0
303.671574711958,-307.9999999999999,0.0,duct_filler,0,1247.0
310.5997779422336,-307.9999999999999,0.0,duct_filler,0,1247.0
317.5279811725088,-307.9999999999999,0.0,duct_filler,0,1247.0
324.4561844027844,-307.9999999999999,0.0,duct_filler,0,1247.0
331.3843876330599,-307.9999999999999,0.0,duct_filler,0,1247.0
338.31259086333534,-307.9999999999999,0.0,duct_filler,0,1247.0
345.2407940936107,-307.9999999999999,0.0,duct_filler,0,1247.0
352.1689973238865,-307.9999999999999,0.0,duct_filler,0,1247.0
359.097200554162,-307.9999999999999,0.0,duct_filler,0,1247.0
366.02540378443734,-307.9999999999999,0.0,duct_filler,0,1247.0
372.9536070147128,-307.9999999999999,0.0,duct_filler,0,1247.0
379.8818102449883,-307.9999999999999,0.0,duct_filler,0,1247.0
386.81001347526364,-307.9999999999999,0.0,duct_filler,0,1247.0
393.7382167055391,-307.9999999999999,0.0,duct_filler,0,1247.0
400.6664199358146,-307.9999999999999,0.0,duct_filler,0,1247.0
407.5946231660902,-307.9999999999999,0.0,duct_filler,0,1247.0
414.52282639636553,-307.9999999999999,0.0,duct_filler,0,1247.0
-496.53589838486226,-314.0,0.0,duct_filler,0,1247.0
-489.60769515458674,-314.0,0.0,duct_filler,0,1247.0
-482.6794919243112,-313.9999999999999,0.0,duct_filler,0,1247.0
-475.75128869403574,-313.9999999999999,0.0,duct_filler,0,1247.0
-468.8230854637602,-314.0,0.0,duct_filler,0,1247.0
-461.89488223348474,-314.0000000000001,0.0,duct_filler,0,1247.0
-454.9666790032092,-314.0000000000001,0.0,duct_filler,0,1247.0
-448.0384757729337,-314.0000000000001,0.0,duct_filler,0,1247.0
-441.1102725426582,-314.0000000000001,0.0,duct_filler,0,1247.0
-434.1820693123827,-313.9999999999999,0.0,duct_filler,0,1247.0
-427.25386608210715,-314.0,0.0,duct_filler,0,1247.0
-420.3256628518316,-314.0,0.0,duct_filler,0,1247.0
-413.39745962155615,-314.0,0.0,duct_filler,0,1247.0
-406.4692563912806,-314.0,0.0,duct_filler,0,1247.0
-364.90003700962757,-314.0000000000002,0.0,duct_filler,0,1247.0
-357.9718337793521,-314.0000000000002,0.0,duct_filler,0,1247.0
-351.0436305490765,-314.0000000000002,0.0,duct_filler,0,1247.0
-344.11542731880104,-314.0000000000002,0.0,duct_filler,0,1247.0
-337.18722408852557,-314.0000000000002,0.0,duct_filler,0,1247.0
-330.2590208582501,-314.0000000000002,0.0,duct_filler,0,1247.0
-323.33081762797457,-314.0000000000002,0.0,duct_filler,0,1247.0
-316.40261439769904,-314.0000000000002,0.0,duct_filler,0,1247.0
-309.47441116742357,-314.0000000000002,0.0,duct_filler,0,1247.0
-302.54620793714804,-314.0000000000002,0.0,duct_filler,0,1247.0
-295.61800470687257,-314.0000000000002,0.0,duct_filler,0,1247.0
-288.68980147659704,-314.0000000000002,0.0,duct_filler,0,1247.0
-281.76159824632157,-314.0000000000002,0.0,duct_filler,0,1247.0
-274.8333950160461,-314.0000000000002,0.0,duct_filler,0,1247.0
-267.9051917857706,-314.0000000000002,0.0,duct_filler,0,1247.0
-260.97698855549504,-314.0000000000002,0.0,duct_filler,0,1247.0
-254.04878532521957,-314.0000000000002,0.0,duct_filler,0,1247.0
-247.12058209494404,-314.0000000000002,0.0,duct_filler,0,1247.0
-240.19237886466857,-314.0,0.0,duct_filler,0,1247.0
-150.1257368710867,-314.0,0.0,duct_filler,0,1247.0
-143.19753364081112,-314.0,0.0,duct_filler,0,1247.0
-136.26933041053564,-314.0,0.0,duct_filler,0,1247.0
-129.34112718026006,-314.0,0.0,duct_filler,0,1247.0
-122.41292394998464,-314.0,0.0,duct_filler,0,1247.0
-115.484720719709,-314.0,0.0,duct_filler,0,1247.0
-108.55651748943353,-314.0,0.0,duct_filler,0,1247.0
-101.62831425915806,-314.0,0.0,duct_filler,0,1247.0
-94.70011102888253,-314.0,0.0,duct_filler,0,1247.0
244.78184725461665,-314.0000000000001,0.0,duct_filler,0,1247.0
251.7100504848919,-314.0000000000001,0.0,duct_filler,0,1247.0
258.6382537151676,-314.0000000000001,0.0,duct_filler,0,1247.0
265.56645694544295,-314.0000000000001,0.0,duct_filler,0,1247.0
272.49466017571854,-314.0000000000001,0.0,duct_filler,0,1247.0
279.4228634059939,-314.0000000000001,0.0,duct_filler,0,1247.0
286.35106663626937,-314.0000000000001,0.0,duct_filler,0,1247.0
293.27926986654484,-314.0000000000001,0.0,duct_filler,0,1247.0
300.2074730968204,-314.0000000000001,0.0,duct_filler,0,1247.0
307.13567632709567,-314.0000000000001,0.0,duct_filler,0,1247.0
314.06387955737125,-314.0000000000001,0.0,duct_filler,0,1247.0
320.9920827876467,-314.0000000000001,0.0,duct_filler,0,1247.0
327.92028601792254,-314.0000000000001,0.0,duct_filler,0,1247.0
334.84848924819755,-314.0000000000001,0.0,duct_filler,0,1247.0
341.77669247847336,-314.0000000000001,0.0,duct_filler,0,1247.0
348.70489570874884,-314.0000000000001,0.0,duct_filler,0,1247.0
355.6330989390242,-314.0000000000001,0.0,duct_filler,0,1247.0
362.56130216929967,-314.0000000000001,0.0,duct_filler,0,1247.0
369.48950539957514,-314.0000000000001,0.0,duct_filler,0,1247.0
376.4177086298505,-314.0000000000001,0.0,duct_filler,0,1247.0
383.34591186012597,-314.0000000000001,0.0,duct_filler,0,1247.0
390.27411509040144,-314.0000000000001,0.0,duct_filler,0,1247.0
397.2023183206768,-314.0000000000001,0.0,duct_filler,0,1247.0
404.1305215509524,-314.0000000000001,0.0,duct_filler,0,1247.0
411.05872478122785,-314.0000000000001,0.0,duct_filler,0,1247.0
-500.0,-320.0,0.0,duct_filler,0,1247.0
-493.0717967697245,-320.0000000000001,0.0,duct_filler,0,1247.0
-486.143593539449,-320.0,0.0,duct_filler,0,1247.0
-479.2153903091735,-320.0,0.0,duct_filler,0,1247.0
-472.28718707889794,-320.0,0.0,duct_filler,0,1247.0
-465.3589838486225,-320.0,0.0,duct_filler,0,1247.0
-458.43078061834694,-320.0,0.0,duct_filler,0,1247.0
-451.5025773880715,-320.0,0.0,duct_filler,0,1247.0
-444.57437415779594,-320.0,0.0,duct_filler,0,1247.0
-437.6461709275204,-319.9999999999999,0.0,duct_filler,0,1247.0
-430.71796769724494,-320.0,0.0,duct_filler,0,1247.0
-423.7897644669694,-320.0,0.0,duct_filler,0,1247.0
-416.8615612366939,-320.0,0.0,duct_filler,0,1247.0
-409.93335800641836,-320.0,0.0,duct_filler,0,1247.0
-403.00515477614283,-320.0,0.0,duct_filler,0,1247.0
-368.36413862476525,-320.0000000000001,0.0,duct_filler,0,1247.0
-361.4359353944898,-320.0000000000001,0.0,duct_filler,0,1247.0
-354.5077321642143,-320.0000000000001,0.0,duct_filler,0,1247.0
-347.57952893393883,-320.0000000000001,0.0,duct_filler,0,1247.0
-340.6513257036633,-320.0000000000001,0.0,duct_filler,0,1247.0
-333.72312247338783,-320.0000000000001,0.0,duct_filler,0,1247.0
-326.7949192431123,-320.0000000000001,0.0,duct_filler,0,1247.0
-319.86671601283683,-320.0000000000001,0.0,duct_filler,0,1247.0
-312.9385127825613,-320.0000000000001,0.0,duct_filler,0,1247.0
-306.01030955228583,-320.0000000000001,0.0,duct_filler,0,1247.0
-299.0821063220103,-320.0000000000001,0.0,duct_filler,0,1247.0
-292.15390309173483,-320.0000000000001,0.0,duct_filler,0,1247.0
-285.22569986145925,-320.0000000000001,0.0,duct_filler,0,1247.0
-278.29749663118383,-320.0000000000001,0.0,duct_filler,0,1247.0
-271.3692934009083,-320.0000000000001,0.0,duct_filler,0,1247.0
-264.44109017063283,-320.0000000000001,0.0,duct_filler,0,1247.0
-257.51288694035725,-320.0000000000001,0.0,duct_filler,0,1247.0
-250.58468371008178,-320.0000000000001,0.0,duct_filler,0,1247.0
-243.6564804798063,-320.0,0.0,duct_filler,0,1247.0
-236.72827724953078,-320.0,0.0,duct_filler,0,1247.0
-146.6616352559489,-320.0,0.0,duct_filler,0,1247.0
-139.73343202567332,-320.0,0.0,duct_filler,0,1247.0
-132.8052287953978,-320.0,0.0,duct_filler,0,1247.0
-125.87702556512232,-320.0,0.0,duct_filler,0,1247.0
-118.9488223348468,-320.0,0.0,duct_filler,0,1247.0
-112.02061910457127,-320.0,0.0,duct_filler,0,1247.0
-105.09241587429574,-320.0,0.0,duct_filler,0,1247.0
-98.1642126440201,-320.0,0.0,duct_filler,0,1247.0
-91.23600941374474,-320.0,0.0,duct_filler,0,1247.0
241.31774563947874,-320.0,0.0,duct_filler,0,1247.0
248.24594886975422,-320.0,0.0,duct_filler,0,1247.0
255.1741521000298,-320.0,0.0,duct_filler,0,1247.0
262.10235533030504,-320.0,0.0,duct_filler,0,1247.0
269.03055856058074,-320.0,0.0,duct_filler,0,1247.0
275.9587617908561,-320.0,0.0,duct_filler,0,1247.0
282.8869650211316,-320.0,0.0,duct_filler,0,1247.0
289.81516825140704,-320.0,0.0,duct_filler,0,1247.0
296.7433714816825,-320.0,0.0,duct_filler,0,1247.0
303.671574711958,-320.0,0.0,duct_filler,0,1247.0
310.5997779422336,-320.0,0.0,duct_filler,0,1247.0
317.5279811725088,-320.0,0.0,duct_filler,0,1247.0
324.4561844027844,-320.0,0.0,duct_filler,0,1247.0
331.3843876330599,-320.0,0.0,duct_filler,0,1247.0
338.31259086333534,-320.0,0.0,duct_filler,0,1247.0
345.2407940936107,-320.0,0.0,duct_filler,0,1247.0
352.1689973238865,-320.0,0.0,duct_filler,0,1247.0
359.097200554162,-320.0,0.0,duct_filler,0,1247.0
366.02540378443734,-320.0,0.0,duct_filler,0,1247.0
372.9536070147128,-320.0,0.0,duct_filler,0,1247.0
379.8818102449883,-320.0,0.0,duct_filler,0,1247.0
386.81001347526364,-320.0,0.0,duct_filler,0,1247.0
393.7382167055391,-320.0,0.0,duct_filler,0,1247.0
400.6664199358146,-320.0,0.0,duct_filler,0,1247.0
407.5946231660902,-320.0,0.0,duct_filler,0,1247.0
414.52282639636553,-320.0,0.0,duct_filler,0,1247.0
-496.53589838486226,-325.9999999999999,0.0,duct_filler,0,1247.0
-489.60769515458674,-325.9999999999999,0.0,duct_filler,0,1247.0
-482.6794919243112,-326.0,0.0,duct_filler,0,1247.0
-475.75128869403574,-326.0,0.0,duct_filler,0,1247.0
-468.8230854637602,-326.0000000000001,0.0,duct_filler,0,1247.0
-461.89488223348474,-326.0000000000001,0.0,duct_filler,0,1247.0
-454.9666790032092,-326.0,0.0,duct_filler,0,1247.0
-448.0384757729337,-326.0000000000001,0.0,duct_filler,0,1247.0
-441.1102725426582,-326.0,0.0,duct_filler,0,1247.0
-434.1820693123827,-326.0,0.0,duct_filler,0,1247.0
-427.25386608210715,-326.0,0.0,duct_filler,0,1247.0
-420.3256628518316,-326.0,0.0,duct_filler,0,1247.0
-413.39745962155615,-326.0,0.0,duct_filler,0,1247.0
-406.4692563912806,-326.0,0.0,duct_filler,0,1247.0
-399.54105316100515,-326.0,0.0,duct_filler,0,1247.0
-371.8282402399031,-326.0,0.0,duct_filler,0,1247.0
-364.90003700962757,-325.9999999999999,0.0,duct_filler,0,1247.0
-357.9718337793521,-325.9999999999999,0.0,duct_filler,0,1247.0
-351.0436305490765,-325.9999999999999,0.0,duct_filler,0,1247.0
-344.11542731880104,-325.9999999999999,0.0,duct_filler,0,1247.0
-337.18722408852557,-325.9999999999999,0.0,duct_filler,0,1247.0
-330.2590208582501,-325.9999999999999,0.0,duct_filler,0,1247.0
-323.33081762797457,-325.9999999999999,0.0,duct_filler,0,1247.0
-316.40261439769904,-325.9999999999999,0.0,duct_filler,0,1247.0
-309.47441116742357,-325.9999999999999,0.0,duct_filler,0,1247.0
-302.54620793714804,-325.9999999999999,0.0,duct_filler,0,1247.0
-295.61800470687257,-325.9999999999999,0.0,duct_filler,0,1247.0
-288.68980147659704,-325.9999999999999,0.0,duct_filler,0,1247.0
-281.76159824632157,-325.9999999999999,0.0,duct_filler,0,1247.0
-274.8333950160461,-325.9999999999999,0.0,duct_filler,0,1247.0
-267.9051917857706,-325.9999999999999,0.0,duct_filler,0,1247.0
-260.97698855549504,-325.9999999999999,0.0,duct_filler,0,1247.0
-254.04878532521957,-325.9999999999999,0.0,duct_filler,0,1247.0
-247.12058209494404,-325.9999999999999,0.0,duct_filler,0,1247.0
-240.19237886466857,-326.0,0.0,duct_filler,0,1247.0
-233.26417563439304,-326.0,0.0,duct_filler,0,1247.0
-226.3359724041175,-326.0,0.0,duct_filler,0,1247.0
-143.19753364081112,-326.0,0.0,duct_filler,0,1247.0
-136.26933041053564,-326.0,0.0,duct_filler,0,1247.0
-129.34112718026006,-326.0,0.0,duct_filler,0,1247.0
-122.41292394998464,-326.0,0.0,duct_filler,0,1247.0
-115.484720719709,-326.0,0.0,duct_filler,0,1247.0
-108.55651748943353,-326.0,0.0,duct_filler,0,1247.0
-101.62831425915806,-326.0,0.0,duct_filler,0,1247.0
-94.70011102888253,-326.0,0.0,duct_filler,0,1247.0
244.78184725461665,-325.9999999999999,0.0,duct_filler,0,1247.0
251.7100504848919,-325.9999999999999,0.0,duct_filler,0,1247.0
258.6382537151676,-325.9999999999999,0.0,duct_filler,0,1247.0
265.56645694544295,-325.9999999999999,0.0,duct_filler,0,1247.0
272.49466017571854,-325.9999999999999,0.0,duct_filler,0,1247.0
279.4228634059939,-325.9999999999999,0.0,duct_filler,0,1247.0
286.35106663626937,-325.9999999999999,0.0,duct_filler,0,1247.0
293.27926986654484,-325.9999999999999,0.0,duct_filler,0,1247.0
300.2074730968204,-325.9999999999999,0.0,duct_filler,0,1247.0
307.13567632709567,-325.9999999999999,0.0,duct_filler,0,1247.0
314.06387955737125,-325.9999999999999,0.0,duct_filler,0,1247.0
320.9920827876467,-325.9999999999999,0.0,duct_filler,0,1247.0
327.92028601792254,-325.9999999999999,0.0,duct_filler,0,1247.0
334.84848924819755,-325.9999999999999,0.0,duct_filler,0,1247.0
341.77669247847336,-325.9999999999999,0.0,duct_filler,0,1247.0
348.70489570874884,-325.9999999999999,0.0,duct_filler,0,1247.0
355.6330989390242,-325.9999999999999,0.0,duct_filler,0,1247.0
362.56130216929967,-325.9999999999999,0.0,duct_filler,0,1247.0
369.48950539957514,-325.9999999999999,0.0,duct_filler,0,1247.0
376.4177086298505,-325.9999999999999,0.0,duct_filler,0,1247.0
383.34591186012597,-325.9999999999999,0.0,duct_filler,0,1247.0
390.27411509040144,-325.9999999999999,0.0,duct_filler,0,1247.0
397.2023183206768,-325.9999999999999,0.0,duct_filler,0,1247.0
404.1305215509524,-325.9999999999999,0.0,duct_filler,0,1247.0
411.05872478122785,-325.9999999999999,0.0,duct_filler,0,1247.0
-500.0,-332.0000000000001,0.0,duct_filler,0,1247.0
-493.0717967697245,-332.0,0.0,duct_filler,0,1247.0
-486.143593539449,-332.0,0.0,duct_filler,0,1247.0
-479.2153903091735,-331.9999999999999,0.0,duct_filler,0,1247.0
-472.28718707889794,-331.9999999999999,0.0,duct_filler,0,1247.0
-465.3589838486225,-331.9999999999999,0.0,duct_filler,0,1247.0
-458.43078061834694,-332.0,0.0,duct_filler,0,1247.0
-451.5025773880715,-332.0,0.0,duct_filler,0,1247.0
-444.57437415779594,-332.0,0.0,duct_filler,0,1247.0
-437.6461709275204,-332.0000000000001,0.0,duct_filler,0,1247.0
-430.71796769724494,-331.9999999999999,0.0,duct_filler,0,1247.0
-423.7897644669694,-331.9999999999999,0.0,duct_filler,0,1247.0
-416.8615612366939,-331.9999999999999,0.0,duct_filler,0,1247.0
-409.93335800641836,-331.9999999999999,0.0,duct_filler,0,1247.0
-403.00515477614283,-331.9999999999999,0.0,duct_filler,0,1247.0
-382.2205450853163,-331.9999999999999,0.0,duct_filler,0,1247.0
-375.29234185504083,-332.0,0.0,duct_filler,0,1247.0
-368.36413862476525,-332.0,0.0,duct_filler,0,1247.0
-361.4359353944898,-332.0,0.0,duct_filler,0,1247.0
-354.5077321642143,-332.0,0.0,duct_filler,0,1247.0
-347.57952893393883,-332.0,0.0,duct_filler,0,1247.0
-340.6513257036633,-332.0,0.0,duct_filler,0,1247.0
-333.72312247338783,-332.0,0.0,duct_filler,0,1247.0
-326.7949192431123,-332.0,0.0,duct_filler,0,1247.0
-319.86671601283683,-332.0,0.0,duct_filler,0,1247.0
-312.9385127825613,-332.0,0.0,duct_filler,0,1247.0
-306.01030955228583,-332.0,0.0,duct_filler,0,1247.0
-299.0821063220103,-332.0,0.0,duct_filler,0,1247.0
-292.15390309173483,-332.0,0.0,duct_filler,0,1247.0
-285.22569986145925,-332.0,0.0,duct_filler,0,1247.0
-278.29749663118383,-332.0,0.0,duct_filler,0,1247.0
-271.3692934009083,-332.0,0.0,duct_filler,0,1247.0
-264.44109017063283,-332.0,0.0,duct_filler,0,1247.0
-257.51288694035725,-332.0,0.0,duct_filler,0,1247.0
-250.58468371008178,-332.0,0.0,duct_filler,0,1247.0
-243.6564804798063,-332.0000000000001,0.0,duct_filler,0,1247.0
-236.72827724953078,-332.0,0.0,duct_filler,0,1247.0
-229.80007401925525,-332.0,0.0,duct_filler,0,1247.0
-222.87187078897972,-332.0,0.0,duct_filler,0,1247.0
-146.6616352559489,-332.0,0.0,duct_filler,0,1247.0
-139.73343202567332,-332.0,0.0,duct_filler,0,1247.0
-132.8052287953978,-332.0,0.0,duct_filler,0,1247.0
-125.87702556512232,-332.0,0.0,duct_filler,0,1247.0
-118.9488223348468,-332.0,0.0,duct_filler,0,1247.0
-112.02061910457127,-332.0,0.0,duct_filler,0,1247.0
-105.09241587429574,-332.0,0.0,duct_filler,0,1247.0
-98.1642126440201,-332.0,0.0,duct_filler,0,1247.0
241.31774563947874,-332.0,0.0,duct_filler,0,1247.0
248.24594886975422,-332.0,0.0,duct_filler,0,1247.0
255.1741521000298,-332.0,0.0,duct_filler,0,1247.0
262.10235533030504,-332.0,0.0,duct_filler,0,1247.0
269.03055856058074,-332.0,0.0,duct_filler,0,1247.0
275.9587617908561,-332.0,0.0,duct_filler,0,1247.0
282.8869650211316,-332.0,0.0,duct_filler,0,1247.0
289.81516825140704,-332.0,0.0,duct_filler,0,1247.0
296.7433714816825,-332.0,0.0,duct_filler,0,1247.0
303.671574711958,-332.0,0.0,duct_filler,0,1247.0
310.5997779422336,-332.0,0.0,duct_filler,0,1247.0
317.5279811725088,-332.0,0.0,duct_filler,0,1247.0
338.31259086333534,-332.0,0.0,duct_filler,0,1247.0
345.2407940936107,-332.0,0.0,duct_filler,0,1247.0
352.1689973238865,-332.0,0.0,duct_filler,0,1247.0
359.097200554162,-332.0,0.0,duct_filler,0,1247.0
366.02540378443734,-332.0,0.0,duct_filler,0,1247.0
372.9536070147128,-332.0,0.0,duct_filler,0,1247.0
379.8818102449883,-332.0,0.0,duct_filler,0,1247.0
386.81001347526364,-332.0,0.0,duct_filler,0,1247.0
393.7382167055391,-332.0,0.0,duct_filler,0,1247.0
400.6664199358146,-332.0,0.0,duct_filler,0,1247.0
407.5946231660902,-332.0,0.0,duct_filler,0,1247.0
-496.53589838486226,-338.0,0.0,duct_filler,0,1247.0
-489.60769515458674,-338.0000000000001,0.0,duct_filler,0,1247.0
-482.6794919243112,-337.9999999999999,0.0,duct_filler,0,1247.0
-475.75128869403574,-337.9999999999999,0.0,duct_filler,0,1247.0
-468.8230854637602,-338.0000000000001,0.0,duct_filler,0,1247.0
-461.89488223348474,-338.0,0.0,duct_filler,0,1247.0
-454.9666790032092,-337.9999999999999,0.0,duct_filler,0,1247.0
-448.0384757729337,-338.0,0.0,duct_filler,0,1247.0
-441.1102725426582,-337.9999999999999,0.0,duct_filler,0,1247.0
-434.1820693123827,-338.0000000000001,0.0,duct_filler,0,1247.0
-427.25386608210715,-337.9999999999999,0.0,duct_filler,0,1247.0
-420.3256628518316,-337.9999999999999,0.0,duct_filler,0,1247.0
-413.39745962155615,-337.9999999999999,0.0,duct_filler,0,1247.0
-406.4692563912806,-337.9999999999999,0.0,duct_filler,0,1247.0
-399.54105316100515,-337.9999999999999,0.0,duct_filler,0,1247.0
-385.6846467004541,-337.9999999999999,0.0,duct_filler,0,1247.0
-378.75644347017857,-337.9999999999999,0.0,duct_filler,0,1247.0
-371.8282402399031,-337.9999999999999,0.0,duct_filler,0,1247.0
-364.90003700962757,-337.9999999999999,0.0,duct_filler,0,1247.0
-357.9718337793521,-337.9999999999999,0.0,duct_filler,0,1247.0
-351.0436305490765,-337.9999999999999,0.0,duct_filler,0,1247.0
-344.11542731880104,-337.9999999999999,0.0,duct_filler,0,1247.0
-337.18722408852557,-337.9999999999999,0.0,duct_filler,0,1247.0
-330.2590208582501,-337.9999999999999,0.0,duct_filler,0,1247.0
-323.33081762797457,-337.9999999999999,0.0,duct_filler,0,1247.0
-316.40261439769904,-337.9999999999999,0.0,duct_filler,0,1247.0
-309.47441116742357,-337.9999999999999,0.0,duct_filler,0,1247.0
-302.54620793714804,-337.9999999999999,0.0,duct_filler,0,1247.0
-295.61800470687257,-337.9999999999999,0.0,duct_filler,0,1247.0
-288.68980147659704,-337.9999999999999,0.0,duct_filler,0,1247.0
-281.76159824632157,-337.9999999999999,0.0,duct_filler,0,1247.0
-274.8333950160461,-337.9999999999999,0.0,duct_filler,0,1247.0
-267.9051917857706,-337.9999999999999,0.0,duct_filler,0,1247.0
-260.97698855549504,-337.9999999999999,0.0,duct_filler,0,1247.0
-254.04878532521957,-337.9999999999999,0.0,duct_filler,0,1247.0
-247.12058209494404,-337.9999999999999,0.0,duct_filler,0,1247.0
-240.19237886466857,-338.0,0.0,duct_filler,0,1247.0
-233.26417563439304,-338.0,0.0,duct_filler,0,1247.0
-226.3359724041175,-338.0,0.0,duct_filler,0,1247.0
-219.40776917384198,-338.0,0.0,duct_filler,0,1247.0
-212.4795659435664,-338.0,0.0,duct_filler,0,1247.0
-205.55136271329087,-338.0,0.0,duct_filler,0,1247.0
-198.6231594830154,-338.0,0.0,duct_filler,0,1247.0
-191.69495625273993,-338.0,0.0,duct_filler,0,1247.0
-184.76675302246434,-338.0,0.0,duct_filler,0,1247.0
-143.19753364081112,-338.0,0.0,duct_filler,0,1247.0
-136.26933041053564,-338.0,0.0,duct_filler,0,1247.0
-129.34112718026006,-338.0,0.0,duct_filler,0,1247.0
-122.41292394998464,-338.0,0.0,duct_filler,0,1247.0
-115.484720719709,-338.0,0.0,duct_filler,0,1247.0
-108.55651748943353,-338.0,0.0,duct_filler,0,1247.0
244.78184725461665,-338.0000000000001,0.0,duct_filler,0,1247.0
251.7100504848919,-338.0000000000001,0.0,duct_filler,0,1247.0
258.6382537151676,-338.0000000000001,0.0,duct_filler,0,1247.0
265.56645694544295,-338.0000000000001,0.0,duct_filler,0,1247.0
272.49466017571854,-338.0000000000001,0.0,duct_filler,0,1247.0
279.4228634059939,-338.0000000000001,0.0,duct_filler,0,1247.0
286.35106663626937,-338.0000000000001,0.0,duct_filler,0,1247.0
293.27926986654484,-338.0000000000001,0.0,duct_filler,0,1247.0
300.2074730968204,-338.0000000000001,0.0,duct_filler,0,1247.0
307.13567632709567,-338.0000000000001,0.0,duct_filler,0,1247.0
314.06387955737125,-338.0000000000001,0.0,duct_filler,0,1247.0
341.77669247847336,-338.0000000000001,0.0,duct_filler,0,1247.0
348.70489570874884,-338.0000000000001,0.0,duct_filler,0,1247.0
355.6330989390242,-338.0000000000001,0.0,duct_filler,0,1247.0
362.56130216929967,-338.0000000000001,0.0,duct_filler,0,1247.0
369.48950539957514,-338.0000000000001,0.0,duct_filler,0,1247.0
376.4177086298505,-338.0000000000001,0.0,duct_filler,0,1247.0
383.34591186012597,-338.0000000000001,0.0,duct_filler,0,1247.0
390.27411509040144,-338.0000000000001,0.0,duct_filler,0,1247.0
397.2023183206768,-338.0000000000001,0.0,duct_filler,0,1247.0
404.1305215509524,-338.0000000000001,0.0,duct_filler,0,1247.0
-500.0,-344.0,0.0,duct_filler,0,1247.0
-493.0717967697245,-343.9999999999999,0.0,duct_filler,0,1247.0
-486.143593539449,-344.0,0.0,duct_filler,0,1247.0
-479.2153903091735,-344.0,0.0,duct_filler,0,1247.0
-472.28718707889794,-344.0,0.0,duct_filler,0,1247.0
-465.3589838486225,-344.0,0.0,duct_filler,0,1247.0
-458.43078061834694,-343.9999999999999,0.0,duct_filler,0,1247.0
-451.5025773880715,-344.0,0.0,duct_filler,0,1247.0
-444.57437415779594,-343.9999999999999,0.0,duct_filler,0,1247.0
-437.6461709275204,-344.0,0.0,duct_filler,0,1247.0
-430.71796769724494,-344.0,0.0,duct_filler,0,1247.0
-423.7897644669694,-344.0,0.0,duct_filler,0,1247.0
-416.8615612366939,-344.0,0.0,duct_filler,0,1247.0
-409.93335800641836,-344.0,0.0,duct_filler,0,1247.0
-403.00515477614283,-344.0,0.0,duct_filler,0,1247.0
-396.07695154586736,-344.0,0.0,duct_filler,0,1247.0
-382.2205450853163,-344.0,0.0,duct_filler,0,1247.0
-375.29234185504083,-344.0,0.0,duct_filler,0,1247.0
-368.36413862476525,-343.9999999999999,0.0,duct_filler,0,1247.0
-361.4359353944898,-343.9999999999999,0.0,duct_filler,0,1247.0
-354.5077321642143,-343.9999999999999,0.0,duct_filler,0,1247.0
-347.57952893393883,-343.9999999999999,0.0,duct_filler,0,1247.0
-340.6513257036633,-343.9999999999999,0.0,duct_filler,0,1247.0
-333.72312247338783,-343.9999999999999,0.0,duct_filler,0,1247.0
-326.7949192431123,-343.9999999999999,0.0,duct_filler,0,1247.0
-319.86671601283683,-343.9999999999999,0.0,duct_filler,0,1247.0
-312.9385127825613,-343.9999999999999,0.0,duct_filler,0,1247.0
-306.01030955228583,-343.9999999999999,0.0,duct_filler,0,1247.0
-299.0821063220103,-343.9999999999999,0.0,duct_filler,0,1247.0
-292.15390309173483,-343.9999999999999,0.0,duct_filler,0,1247.0
-285.22569986145925,-343.9999999999999,0.0,duct_filler,0,1247.0
-278.29749663118383,-343.9999999999999,0.0,duct_filler,0,1247.0
-271.3692934009083,-343.9999999999999,0.0,duct_filler,0,1247.0
-264.44109017063283,-343.9999999999999,0.0,duct_filler,0,1247.0
-257.51288694035725,-343.9999999999999,0.0,duct_filler,0,1247.0
-250.58468371008178,-343.9999999999999,0.0,duct_filler,0,1247.0
-243.6564804798063,-344.0,0.0,duct_filler,0,1247.0
-236.72827724953078,-344.0000000000001,0.0,duct_filler,0,1247.0
-229.80007401925525,-344.0000000000001,0.0,duct_filler,0,1247.0
-222.87187078897972,-344.0000000000001,0.0,duct_filler,0,1247.0
-215.9436675587042,-344.0000000000001,0.0,duct_filler,0,1247.0
-209.01546432842866,-344.0000000000001,0.0,duct_filler,0,1247.0
-202.0872610981532,-344.0000000000001,0.0,duct_filler,0,1247.0
-195.15905786787755,-344.0000000000001,0.0,duct_filler,0,1247.0
-188.23085463760208,-344.0000000000001,0.0,duct_filler,0,1247.0
-181.30265140732655,-344.0000000000001,0.0,duct_filler,0,1247.0
255.1741521000298,-344.0,0.0,duct_filler,0,1247.0
262.10235533030504,-344.0,0.0,duct_filler,0,1247.0
269.03055856058074,-344.0,0.0,duct_filler,0,1247.0
275.9587617908561,-344.0,0.0,duct_filler,0,1247.0
282.8869650211316,-344.0,0.0,duct_filler,0,1247.0
289.81516825140704,-344.0,0.0,duct_filler,0,1247.0
296.7433714816825,-344.0,0.0,duct_filler,0,1247.0
303.671574711958,-344.0,0.0,duct_filler,0,1247.0
310.5997779422336,-344.0,0.0,duct_filler,0,1247.0
345.2407940936107,-344.0,0.0,duct_filler,0,1247.0
352.1689973238865,-344.0,0.0,duct_filler,0,1247.0
359.097200554162,-344.0,0.0,duct_filler,0,1247.0
366.02540378443734,-344.0,0.0,duct_filler,0,1247.0
372.9536070147128,-344.0,0.0,duct_filler,0,1247.0
379.8818102449883,-344.0,0.0,duct_filler,0,1247.0
386.81001347526364,-344.0,0.0,duct_filler,0,1247.0
393.7382167055391,-344.0,0.0,duct_filler,0,1247.0
400.6664199358146,-344.0,0.0,duct_filler,0,1247.0
407.5946231660902,-344.0,0.0,duct_filler,0,1247.0
-496.53589838486226,-350.0,0.0,duct_filler,0,1247.0
-489.60769515458674,-349.9999999999999,0.0,duct_filler,0,1247.0
-482.6794919243112,-349.9999999999999,0.0,duct_filler,0,1247.0
-475.75128869403574,-350.0,0.0,duct_filler,0,1247.0
-468.8230854637602,-349.9999999999999,0.0,duct_filler,0,1247.0
-461.89488223348474,-349.9999999999999,0.0,duct_filler,0,1247.0
-454.9666790032092,-350.0,0.0,duct_filler,0,1247.0
-448.0384757729337,-349.9999999999999,0.0,duct_filler,0,1247.0
-441.1102725426582,-350.0,0.0,duct_filler,0,1247.0
-434.1820693123827,-350.0,0.0,duct_filler,0,1247.0
-427.25386608210715,-350.0,0.0,duct_filler,0,1247.0
-420.3256628518316,-350.0,0.0,duct_filler,0,1247.0
-413.39745962155615,-350.0,0.0,duct_filler,0,1247.0
-406.4692563912806,-350.0,0.0,duct_filler,0,1247.0
-399.54105316100515,-350.0,0.0,duct_filler,0,1247.0
-392.6128499307296,-350.0,0.0,duct_filler,0,1247.0
-385.6846467004541,-350.0,0.0,duct_filler,0,1247.0
-378.75644347017857,-350.0,0.0,duct_filler,0,1247.0
-371.8282402399031,-350.0,0.0,duct_filler,0,1247.0
-364.90003700962757,-350.0,0.0,duct_filler,0,1247.0
-357.9718337793521,-350.0,0.0,duct_filler,0,1247.0
-351.0436305490765,-350.0,0.0,duct_filler,0,1247.0
-344.11542731880104,-350.0,0.0,duct_filler,0,1247.0
-337.18722408852557,-350.0,0.0,duct_filler,0,1247.0
-330.2590208582501,-350.0,0.0,duct_filler,0,1247.0
-323.33081762797457,-350.0,0.0,duct_filler,0,1247.0
-316.40261439769904,-350.0,0.0,duct_filler,0,1247.0
-309.47441116742357,-350.0,0.0,duct_filler,0,1247.0
-302.54620793714804,-350.0,0.0,duct_filler,0,1247.0
-295.61800470687257,-350.0,0.0,duct_filler,0,1247.0
-288.68980147659704,-350.0,0.0,duct_filler,0,1247.0
-281.76159824632157,-350.0,0.0,duct_filler,0,1247.0
-274.8333950160461,-350.0,0.0,duct_filler,0,1247.0
-267.9051917857706,-350.0,0.0,duct_filler,0,1247.0
-260.97698855549504,-350.0,0.0,duct_filler,0,1247.0
-254.04878532521957,-350.0,0.0,duct_filler,0,1247.0
-247.12058209494404,-350.0,0.0,duct_filler,0,1247.0
-240.19237886466857,-350.0,0.0,duct_filler,0,1247.0
-233.26417563439304,-350.0,0.0,duct_filler,0,1247.0
-226.3359724041175,-350.0,0.0,duct_filler,0,1247.0
-219.40776917384198,-350.0,0.0,duct_filler,0,1247.0
-212.4795659435664,-350.0,0.0,duct_filler,0,1247.0
-205.55136271329087,-350.0,0.0,duct_filler,0,1247.0
-198.6231594830154,-350.0,0.0,duct_filler,0,1247.0
-191.69495625273993,-350.0,0.0,duct_filler,0,1247.0
-184.76675302246434,-350.0,0.0,duct_filler,0,1247.0
-177.83854979218881,-350.0,0.0,duct_filler,0,1247.0
258.6382537151676,-350.0,0.0,duct_filler,0,1247.0
265.56645694544295,-350.0,0.0,duct_filler,0,1247.0
272.49466017571854,-350.0,0.0,duct_filler,0,1247.0
279.4228634059939,-350.0,0.0,duct_filler,0,1247.0
286.35106663626937,-350.0,0.0,duct_filler,0,1247.0
293.27926986654484,-350.0,0.0,duct_filler,0,1247.0
300.2074730968204,-350.0,0.0,duct_filler,0,1247.0
307.13567632709567,-350.0,0.0,duct_filler,0,1247.0
341.77669247847336,-350.0,0.0,duct_filler,0,1247.0
348.70489570874884,-350.0,0.0,duct_filler,0,1247.0
355.6330989390242,-350.0,0.0,duct_filler,0,1247.0
362.56130216929967,-350.0,0.0,duct_filler,0,1247.0
369.48950539957514,-350.0,0.0,duct_filler,0,1247.0
376.4177086298505,-350.0,0.0,duct_filler,0,1247.0
383.34591186012597,-350.0,0.0,duct_filler,0,1247.0
390.27411509040144,-350.0,0.0,duct_filler,0,1247.0
397.2023183206768,-350.0,0.0,duct_filler,0,1247.0
404.1305215509524,-350.0,0.0,duct_filler,0,1247.0
-500.0,-356.0000000000001,0.0,duct_filler,0,1247.0
-493.0717967697245,-356.0,0.0,duct_filler,0,1247.0
-486.143593539449,-356.0,0.0,duct_filler,0,1247.0
-479.2153903091735,-355.9999999999999,0.0,duct_filler,0,1247.0
-472.28718707889794,-355.9999999999999,0.0,duct_filler,0,1247.0
-465.3589838486225,-355.9999999999999,0.0,duct_filler,0,1247.0
-458.43078061834694,-355.9999999999999,0.0,duct_filler,0,1247.0
-451.5025773880715,-355.9999999999999,0.0,duct_filler,0,1247.0
-444.57437415779594,-355.9999999999999,0.0,duct_filler,0,1247.0
-437.6461709275204,-356.0000000000001,0.0,duct_filler,0,1247.0
-430.71796769724494,-356.0000000000001,0.0,duct_filler,0,1247.0
-423.7897644669694,-356.0000000000001,0.0,duct_filler,0,1247.0
-416.8615612366939,-356.0000000000001,0.0,duct_filler,0,1247.0
-396.07695154586736,-356.0000000000001,0.0,duct_filler,0,1247.0
-389.14874831559183,-356.0000000000001,0.0,duct_filler,0,1247.0
-382.2205450853163,-356.0000000000001,0.0,duct_filler,0,1247.0
-375.29234185504083,-356.0000000000001,0.0,duct_filler,0,1247.0
-368.36413862476525,-355.9999999999999,0.0,duct_filler,0,1247.0
-361.4359353944898,-355.9999999999999,0.0,duct_filler,0,1247.0
-354.5077321642143,-355.9999999999999,0.0,duct_filler,0,1247.0
-347.57952893393883,-355.9999999999999,0.0,duct_filler,0,1247.0
-340.6513257036633,-355.9999999999999,0.0,duct_filler,0,1247.0
-333.72312247338783,-355.9999999999999,0.0,duct_filler,0,1247.0
-326.7949192431123,-355.9999999999999,0.0,duct_filler,0,1247.0
-319.86671601283683,-355.9999999999999,0.0,duct_filler,0,1247.0
-312.9385127825613,-355.9999999999999,0.0,duct_filler,0,1247.0
-306.01030955228583,-355.9999999999999,0.0,duct_filler,0,1247.0
-299.0821063220103,-355.9999999999999,0.0,duct_filler,0,1247.0
-292.15390309173483,-355.9999999999999,0.0,duct_filler,0,1247.0
-285.22569986145925,-355.9999999999999,0.0,duct_filler,0,1247.0
-278.29749663118383,-355.9999999999999,0.0,duct_filler,0,1247.0
-271.3692934009083,-355.9999999999999,0.0,duct_filler,0,1247.0
-264.44109017063283,-355.9999999999999,0.0,duct_filler,0,1247.0
-257.51288694035725,-355.9999999999999,0.0,duct_filler,0,1247.0
-250.58468371008178,-355.9999999999999,0.0,duct_filler,0,1247.0
-243.6564804798063,-356.0,0.0,duct_filler,0,1247.0
-236.72827724953078,-356.0,0.0,duct_filler,0,1247.0
-229.80007401925525,-356.0,0.0,duct_filler,0,1247.0
-222.87187078897972,-356.0,0.0,duct_filler,0,1247.0
-215.9436675587042,-356.0,0.0,duct_filler,0,1247.0
-209.01546432842866,-356.0,0.0,duct_filler,0,1247.0
-202.0872610981532,-356.0,0.0,duct_filler,0,1247.0
-195.15905786787755,-356.0,0.0,duct_filler,0,1247.0
-188.23085463760208,-356.0,0.0,duct_filler,0,1247.0
-181.30265140732655,-356.0,0.0,duct_filler,0,1247.0
262.10235533030504,-355.9999999999999,0.0,duct_filler,0,1247.0
269.03055856058074,-355.9999999999999,0.0,duct_filler,0,1247.0
275.9587617908561,-355.9999999999999,0.0,duct_filler,0,1247.0
282.8869650211316,-355.9999999999999,0.0,duct_filler,0,1247.0
289.81516825140704,-355.9999999999999,0.0,duct_filler,0,1247.0
296.7433714816825,-355.9999999999999,0.0,duct_filler,0,1247.0
345.2407940936107,-355.9999999999999,0.0,duct_filler,0,1247.0
352.1689973238865,-355.9999999999999,0.0,duct_filler,0,1247.0
359.097200554162,-355.9999999999999,0.0,duct_filler,0,1247.0
366.02540378443734,-355.9999999999999,0.0,duct_filler,0,1247.0
372.9536070147128,-355.9999999999999,0.0,duct_filler,0,1247.0
379.8818102449883,-355.9999999999999,0.0,duct_filler,0,1247.0
386.81001347526364,-355.9999999999999,0.0,duct_filler,0,1247.0
393.7382167055391,-355.9999999999999,0.0,duct_filler,0,1247.0
400.6664199358146,-355.9999999999999,0.0,duct_filler,0,1247.0
407.5946231660902,-355.9999999999999,0.0,duct_filler,0,1247.0
-496.53589838486226,-362.0,0.0,duct_filler,0,1247.0
-489.60769515458674,-362.0,0.0,duct_filler,0,1247.0
-482.6794919243112,-361.9999999999998,0.0,duct_filler,0,1247.0
-475.75128869403574,-361.9999999999999,0.0,duct_filler,0,1247.0
-468.8230854637602,-362.0,0.0,duct_filler,0,1247.0
-461.89488223348474,-362.0,0.0,duct_filler,0,1247.0
-454.9666790032092,-362.0000000000001,0.0,duct_filler,0,1247.0
-448.0384757729337,-362.0,0.0,duct_filler,0,1247.0
-441.1102725426582,-362.0000000000001,0.0,duct_filler,0,1247.0
-434.1820693123827,-361.9999999999999,0.0,duct_filler,0,1247.0
-427.25386608210715,-362.0000000000001,0.0,duct_filler,0,1247.0
-420.3256628518316,-362.0000000000001,0.0,duct_filler,0,1247.0
-413.39745962155615,-362.0000000000001,0.0,duct_filler,0,1247.0
-406.4692563912806,-362.0000000000001,0.0,duct_filler,0,1247.0
-399.54105316100515,-362.0000000000001,0.0,duct_filler,0,1247.0
-392.6128499307296,-362.0000000000001,0.0,duct_filler,0,1247.0
-385.6846467004541,-362.0000000000001,0.0,duct_filler,0,1247.0
-378.75644347017857,-362.0000000000001,0.0,duct_filler,0,1247.0
-371.8282402399031,-362.0000000000001,0.0,duct_filler,0,1247.0
-364.90003700962757,-362.0,0.0,duct_filler,0,1247.0
-357.9718337793521,-362.0,0.0,duct_filler,0,1247.0
-351.0436305490765,-362.0,0.0,duct_filler,0,1247.0
-344.11542731880104,-362.0,0.0,duct_filler,0,1247.0
-337.18722408852557,-362.0,0.0,duct_filler,0,1247.0
-330.2590208582501,-362.0,0.0,duct_filler,0,1247.0
-323.33081762797457,-362.0,0.0,duct_filler,0,1247.0
-316.40261439769904,-362.0,0.0,duct_filler,0,1247.0
-309.47441116742357,-362.0,0.0,duct_filler,0,1247.0
-302.54620793714804,-362.0,0.0,duct_filler,0,1247.0
-295.61800470687257,-362.0,0.0,duct_filler,0,1247.0
-288.68980147659704,-362.0,0.0,duct_filler,0,1247.0
-281.76159824632157,-362.0,0.0,duct_filler,0,1247.0
-274.8333950160461,-362.0,0.0,duct_filler,0,1247.0
-267.9051917857706,-362.0,0.0,duct_filler,0,1247.0
-260.97698855549504,-362.0,0.0,duct_filler,0,1247.0
-254.04878532521957,-362.0,0.0,duct_filler,0,1247.0
-247.12058209494404,-362.0,0.0,duct_filler,0,1247.0
-240.19237886466857,-362.0,0.0,duct_filler,0,1247.0
-233.26417563439304,-362.0,0.0,duct_filler,0,1247.0
-226.3359724041175,-362.0,0.0,duct_filler,0,1247.0
-219.40776917384198,-362.0,0.0,duct_filler,0,1247.0
-212.4795659435664,-362.0,0.0,duct_filler,0,1247.0
-205.55136271329087,-362.0,0.0,duct_filler,0,1247.0
-198.6231594830154,-362.0,0.0,duct_filler,0,1247.0
-191.69495625273993,-362.0,0.0,duct_filler,0,1247.0
-184.76675302246434,-362.0,0.0,duct_filler,0,1247.0
-177.83854979218881,-362.0,0.0,duct_filler,0,1247.0
258.6382537151676,-362.0,0.0,duct_filler,0,1247.0
265.56645694544295,-362.0,0.0,duct_filler,0,1247.0
272.49466017571854,-362.0,0.0,duct_filler,0,1247.0
279.4228634059939,-362.0,0.0,duct_filler,0,1247.0
286.35106663626937,-362.0,0.0,duct_filler,0,1247.0
293.27926986654484,-362.0,0.0,duct_filler,0,1247.0
341.77669247847336,-362.0,0.0,duct_filler,0,1247.0
348.70489570874884,-362.0,0.0,duct_filler,0,1247.0
355.6330989390242,-362.0,0.0,duct_filler,0,1247.0
362.56130216929967,-362.0,0.0,duct_filler,0,1247.0
369.48950539957514,-362.0,0.0,duct_filler,0,1247.0
376.4177086298505,-362.0,0.0,duct_filler,0,1247.0
383.34591186012597,-362.0,0.0,duct_filler,0,1247.0
390.27411509040144,-362.0,0.0,duct_filler,0,1247.0
397.2023183206768,-362.0,0.0,duct_filler,0,1247.0
404.1305215509524,-362.0,0.0,duct_filler,0,1247.0
-500.0,-368.0000000000001,0.0,duct_filler,0,1247.0
-493.0717967697245,-367.9999999999999,0.0,duct_filler,0,1247.0
-486.143593539449,-367.9999999999999,0.0,duct_filler,0,1247.0
-479.2153903091735,-368.0,0.0,duct_filler,0,1247.0
-472.28718707889794,-368.0,0.0,duct_filler,0,1247.0
-465.3589838486225,-368.0,0.0,duct_filler,0,1247.0
-458.43078061834694,-368.0,0.0,duct_filler,0,1247.0
-451.5025773880715,-368.0000000000001,0.0,duct_filler,0,1247.0
-444.57437415779594,-368.0,0.0,duct_filler,0,1247.0
-437.6461709275204,-367.9999999999999,0.0,duct_filler,0,1247.0
-430.71796769724494,-368.0,0.0,duct_filler,0,1247.0
-423.7897644669694,-368.0,0.0,duct_filler,0,1247.0
-416.8615612366939,-368.0,0.0,duct_filler,0,1247.0
-409.93335800641836,-368.0,0.0,duct_filler,0,1247.0
-403.00515477614283,-368.0,0.0,duct_filler,0,1247.0
-396.07695154586736,-368.0,0.0,duct_filler,0,1247.0
-389.14874831559183,-368.0,0.0,duct_filler,0,1247.0
-382.2205450853163,-368.0,0.0,duct_filler,0,1247.0
-375.29234185504083,-368.0,0.0,duct_filler,0,1247.0
-368.36413862476525,-368.0,0.0,duct_filler,0,1247.0
-361.4359353944898,-368.0,0.0,duct_filler,0,1247.0
-354.5077321642143,-368.0,0.0,duct_filler,0,1247.0
-347.57952893393883,-368.0,0.0,duct_filler,0,1247.0
-340.6513257036633,-368.0,0.0,duct_filler,0,1247.0
-333.72312247338783,-368.0,0.0,duct_filler,0,1247.0
-326.7949192431123,-368.0,0.0,duct_filler,0,1247.0
-319.86671601283683,-368.0,0.0,duct_filler,0,1247.0
-312.9385127825613,-368.0,0.0,duct_filler,0,1247.0
-306.01030955228583,-368.0,0.0,duct_filler,0,1247.0
-299.0821063220103,-368.0,0.0,duct_filler,0,1247.0
-292.15390309173483,-368.0,0.0,duct_filler,0,1247.0
-285.22569986145925,-368.0,0.0,duct_filler,0,1247.0
-278.29749663118383,-368.0,0.0,duct_filler,0,1247.0
-271.3692934009083,-368.0,0.0,duct_filler,0,1247.0
-264.44109017063283,-368.0,0.0,duct_filler,0,1247.0
-257.51288694035725,-368.0,0.0,duct_filler,0,1247.0
-250.58468371008178,-368.0,0.0,duct_filler,0,1247.0
-243.6564804798063,-368.0,0.0,duct_filler,0,1247.0
-236.72827724953078,-368.0000000000001,0.0,duct_filler,0,1247.0
-229.80007401925525,-368.0000000000001,0.0,duct_filler,0,1247.0
-222.87187078897972,-368.0000000000001,0.0,duct_filler,0,1247.0
-215.9436675587042,-368.0000000000001,0.0,duct_filler,0,1247.0
-209.01546432842866,-368.0000000000001,0.0,duct_filler,0,1247.0
-202.0872610981532,-368.0000000000001,0.0,duct_filler,0,1247.0
-195.15905786787755,-368.0000000000001,0.0,duct_filler,0,1247.0
-188.23085463760208,-368.0000000000001,0.0,duct_filler,0,1247.0
-181.30265140732655,-368.0000000000001,0.0,duct_filler,0,1247.0
255.1741521000298,-367.9999999999999,0.0,duct_filler,0,1247.0
262.10235533030504,-367.9999999999999,0.0,duct_filler,0,1247.0
269.03055856058074,-367.9999999999999,0.0,duct_filler,0,1247.0
275.9587617908561,-367.9999999999999,0.0,duct_filler,0,1247.0
282.8869650211316,-367.9999999999999,0.0,duct_filler,0,1247.0
289.81516825140704,-367.9999999999999,0.0,duct_filler,0,1247.0
345.2407940936107,-367.9999999999999,0.0,duct_filler,0,1247.0
352.1689973238865,-367.9999999999999,0.0,duct_filler,0,1247.0
359.097200554162,-367.9999999999999,0.0,duct_filler,0,1247.0
366.02540378443734,-367.9999999999999,0.0,duct_filler,0,1247.0
372.9536070147128,-367.9999999999999,0.0,duct_filler,0,1247.0
379.8818102449883,-367.9999999999999,0.0,duct_filler,0,1247.0
386.81001347526364,-367.9999999999999,0.0,duct_filler,0,1247.0
393.7382167055391,-367.9999999999999,0.0,duct_filler,0,1247.0
400.6664199358146,-367.9999999999999,0.0,duct_filler,0,1247.0
-496.53589838486226,-374.0,0.0,duct_filler,0,1247.0
-489.60769515458674,-374.0,0.0,duct_filler,0,1247.0
-482.6794919243112,-374.0,0.0,duct_filler,0,1247.0
-475.75128869403574,-374.0000000000001,0.0,duct_filler,0,1247.0
-468.8230854637602,-374.0000000000001,0.0,duct_filler,0,1247.0
-461.89488223348474,-374.0000000000001,0.0,duct_filler,0,1247.0
-454.9666790032092,-374.0,0.0,duct_filler,0,1247.0
-448.0384757729337,-374.0000000000001,0.0,duct_filler,0,1247.0
-441.1102725426582,-374.0,0.0,duct_filler,0,1247.0
-434.1820693123827,-373.9999999999998,0.0,duct_filler,0,1247.0
-427.25386608210715,-374.0,0.0,duct_filler,0,1247.0
-420.3256628518316,-374.0,0.0,duct_filler,0,1247.0
-413.39745962155615,-374.0,0.0,duct_filler,0,1247.0
-406.4692563912806,-374.0,0.0,duct_filler,0,1247.0
-399.54105316100515,-374.0,0.0,duct_filler,0,1247.0
-392.6128499307296,-374.0,0.0,duct_filler,0,1247.0
-385.6846467004541,-374.0,0.0,duct_filler,0,1247.0
-378.75644347017857,-374.0,0.0,duct_filler,0,1247.0
-371.8282402399031,-374.0000000000001,0.0,duct_filler,0,1247.0
-364.90003700962757,-373.9999999999999,0.0,duct_filler,0,1247.0
-357.9718337793521,-373.9999999999999,0.0,duct_filler,0,1247.0
-351.0436305490765,-373.9999999999999,0.0,duct_filler,0,1247.0
-344.11542731880104,-373.9999999999999,0.0,duct_filler,0,1247.0
-337.18722408852557,-373.9999999999999,0.0,duct_filler,0,1247.0
-330.2590208582501,-373.9999999999999,0.0,duct_filler,0,1247.0
-323.33081762797457,-373.9999999999999,0.0,duct_filler,0,1247.0
-316.40261439769904,-373.9999999999999,0.0,duct_filler,0,1247.0
-309.47441116742357,-373.9999999999999,0.0,duct_filler,0,1247.0
-302.54620793714804,-373.9999999999999,0.0,duct_filler,0,1247.0
-295.61800470687257,-373.9999999999999,0.0,duct_filler,0,1247.0
-288.68980147659704,-373.9999999999999,0.0,duct_filler,0,1247.0
-281.76159824632157,-373.9999999999999,0.0,duct_filler,0,1247.0
-274.8333950160461,-373.9999999999999,0.0,duct_filler,0,1247.0
-267.9051917857706,-373.9999999999999,0.0,duct_filler,0,1247.0
-260.97698855549504,-373.9999999999999,0.0,duct_filler,0,1247.0
-254.04878532521957,-373.9999999999999,0.0,duct_filler,0,1247.0
-247.12058209494404,-373.9999999999999,0.0,duct_filler,0,1247.0
-240.19237886466857,-374.0000000000001,0.0,duct_filler,0,1247.0
-233.26417563439304,-374.0000000000001,0.0,duct_filler,0,1247.0
-226.3359724041175,-374.0000000000001,0.0,duct_filler,0,1247.0
-219.40776917384198,-374.0000000000001,0.0,duct_filler,0,1247.0
-212.4795659435664,-374.0000000000001,0.0,duct_filler,0,1247.0
-205.55136271329087,-374.0000000000001,0.0,duct_filler,0,1247.0
-198.6231594830154,-374.0000000000001,0.0,duct_filler,0,1247.0
-191.69495625273993,-374.0000000000001,0.0,duct_filler,0,1247.0
-184.76675302246434,-374.0000000000001,0.0,duct_filler,0,1247.0
258.6382537151676,-374.0000000000001,0.0,duct_filler,0,1247.0
265.56645694544295,-374.0000000000001,0.0,duct_filler,0,1247.0
272.49466017571854,-374.0000000000001,0.0,duct_filler,0,1247.0
279.4228634059939,-374.0000000000001,0.0,duct_filler,0,1247.0
286.35106663626937,-374.0000000000001,0.0,duct_filler,0,1247.0
341.77669247847336,-374.0000000000001,0.0,duct_filler,0,1247.0
348.70489570874884,-374.0000000000001,0.0,duct_filler,0,1247.0
355.6330989390242,-374.0000000000001,0.0,duct_filler,0,1247.0
362.56130216929967,-374.0000000000001,0.0,duct_filler,0,1247.0
369.48950539957514,-374.0000000000001,0.0,duct_filler,0,1247.0
376.4177086298505,-374.0000000000001,0.0,duct_filler,0,1247.0
383.34591186012597,-374.0000000000001,0.0,duct_filler,0,1247.0
390.27411509040144,-374.0000000000001,0.0,duct_filler,0,1247.0
397.2023183206768,-374.0000000000001,0.0,duct_filler,0,1247.0
404.1305215509524,-374.0000000000001,0.0,duct_filler,0,1247.0
-500.0,-380.0,0.0,duct_filler,0,1247.0
-493.0717967697245,-379.9999999999998,0.0,duct_filler,0,1247.0
-486.143593539449,-380.0,0.0,duct_filler,0,1247.0
-479.2153903091735,-380.0000000000001,0.0,duct_filler,0,1247.0
-472.28718707889794,-380.0000000000001,0.0,duct_filler,0,1247.0
-465.3589838486225,-380.0,0.0,duct_filler,0,1247.0
-458.43078061834694,-379.9999999999999,0.0,duct_filler,0,1247.0
-451.5025773880715,-380.0,0.0,duct_filler,0,1247.0
-444.57437415779594,-379.9999999999999,0.0,duct_filler,0,1247.0
-437.6461709275204,-380.0000000000001,0.0,duct_filler,0,1247.0
-430.71796769724494,-380.0,0.0,duct_filler,0,1247.0
-423.7897644669694,-380.0,0.0,duct_filler,0,1247.0
-416.8615612366939,-380.0,0.0,duct_filler,0,1247.0
-409.93335800641836,-380.0,0.0,duct_filler,0,1247.0
-403.00515477614283,-380.0,0.0,duct_filler,0,1247.0
-396.07695154586736,-380.0,0.0,duct_filler,0,1247.0
-389.14874831559183,-380.0,0.0,duct_filler,0,1247.0
-382.2205450853163,-380.0,0.0,duct_filler,0,1247.0
-375.29234185504083,-379.9999999999999,0.0,duct_filler,0,1247.0
-368.36413862476525,-379.9999999999999,0.0,duct_filler,0,1247.0
-361.4359353944898,-379.9999999999999,0.0,duct_filler,0,1247.0
-354.5077321642143,-379.9999999999999,0.0,duct_filler,0,1247.0
-347.57952893393883,-379.9999999999999,0.0,duct_filler,0,1247.0
-340.6513257036633,-379.9999999999999,0.0,duct_filler,0,1247.0
-333.72312247338783,-379.9999999999999,0.0,duct_filler,0,1247.0
-326.7949192431123,-379.9999999999999,0.0,duct_filler,0,1247.0
-319.86671601283683,-379.9999999999999,0.0,duct_filler,0,1247.0
-312.9385127825613,-379.9999999999999,0.0,duct_filler,0,1247.0
-306.01030955228583,-379.9999999999999,0.0,duct_filler,0,1247.0
-299.0821063220103,-379.9999999999999,0.0,duct_filler,0,1247.0
-292.15390309173483,-379.9999999999999,0.0,duct_filler,0,1247.0
-285.22569986145925,-379.9999999999999,0.0,duct_filler,0,1247.0
-278.29749663118383,-379.9999999999999,0.0,duct_filler,0,1247.0
-271.3692934009083,-379.9999999999999,0.0,duct_filler,0,1247.0
-264.44109017063283,-379.9999999999999,0.0,duct_filler,0,1247.0
-257.51288694035725,-379.9999999999999,0.0,duct_filler,0,1247.0
-250.58468371008178,-379.9999999999999,0.0,duct_filler,0,1247.0
-243.6564804798063,-380.0,0.0,duct_filler,0,1247.0
-236.72827724953078,-379.9999999999999,0.0,duct_filler,0,1247.0
-229.80007401925525,-379.9999999999999,0.0,duct_filler,0,1247.0
-222.87187078897972,-379.9999999999999,0.0,duct_filler,0,1247.0
-215.9436675587042,-379.9999999999999,0.0,duct_filler,0,1247.0
-209.01546432842866,-379.9999999999999,0.0,duct_filler,0,1247.0
-202.0872610981532,-379.9999999999999,0.0,duct_filler,0,1247.0
-195.15905786787755,-379.9999999999999,0.0,duct_filler,0,1247.0
-188.23085463760208,-379.9999999999999,0.0,duct_filler,0,1247.0
255.1741521000298,-380.0,0.0,duct_filler,0,1247.0
262.10235533030504,-380.0,0.0,duct_filler,0,1247.0
269.03055856058074,-380.0,0.0,duct_filler,0,1247.0
275.9587617908561,-380.0,0.0,duct_filler,0,1247.0
282.8869650211316,-380.0,0.0,duct_filler,0,1247.0
289.81516825140704,-380.0,0.0,duct_filler,0,1247.0
345.2407940936107,-380.0,0.0,duct_filler,0,1247.0
352.1689973238865,-380.0,0.0,duct_filler,0,1247.0
359.097200554162,-380.0,0.0,duct_filler,0,1247.0
366.02540378443734,-380.0,0.0,duct_filler,0,1247.0
372.9536070147128,-380.0,0.0,duct_filler,0,1247.0
379.8818102449883,-380.0,0.0,duct_filler,0,1247.0
386.81001347526364,-380.0,0.0,duct_filler,0,1247.0
393.7382167055391,-380.0,0.0,duct_filler,0,1247.0
400.6664199358146,-380.0,0.0,duct_filler,0,1247.0
-496.53589838486226,-386.0,0.0,duct_filler,0,1247.0
-489.60769515458674,-386.0,0.0,duct_filler,0,1247.0
-482.6794919243112,-385.9999999999999,0.0,duct_filler,0,1247.0
-475.75128869403574,-385.9999999999999,0.0,duct_filler,0,1247.0
-468.8230854637602,-386.0,0.0,duct_filler,0,1247.0
-461.89488223348474,-386.0,0.0,duct_filler,0,1247.0
-454.9666790032092,-386.0,0.0,duct_filler,0,1247.0
-448.0384757729337,-386.0,0.0,duct_filler,0,1247.0
-441.1102725426582,-386.0,0.0,duct_filler,0,1247.0
-434.1820693123827,-386.0000000000001,0.0,duct_filler,0,1247.0
-427.25386608210715,-385.9999999999999,0.0,duct_filler,0,1247.0
-420.3256628518316,-385.9999999999999,0.0,duct_filler,0,1247.0
-413.39745962155615,-385.9999999999999,0.0,duct_filler,0,1247.0
-406.4692563912806,-385.9999999999999,0.0,duct_filler,0,1247.0
-399.54105316100515,-385.9999999999999,0.0,duct_filler,0,1247.0
-392.6128499307296,-385.9999999999999,0.0,duct_filler,0,1247.0
-385.6846467004541,-385.9999999999999,0.0,duct_filler,0,1247.0
-378.75644347017857,-385.9999999999999,0.0,duct_filler,0,1247.0
-371.8282402399031,-385.9999999999999,0.0,duct_filler,0,1247.0
-364.90003700962757,-386.0,0.0,duct_filler,0,1247.0
-357.9718337793521,-386.0,0.0,duct_filler,0,1247.0
-351.0436305490765,-386.0,0.0,duct_filler,0,1247.0
-344.11542731880104,-386.0,0.0,duct_filler,0,1247.0
-337.18722408852557,-386.0,0.0,duct_filler,0,1247.0
-330.2590208582501,-386.0,0.0,duct_filler,0,1247.0
-323.33081762797457,-386.0,0.0,duct_filler,0,1247.0
-316.40261439769904,-386.0,0.0,duct_filler,0,1247.0
-309.47441116742357,-386.0,0.0,duct_filler,0,1247.0
-302.54620793714804,-386.0,0.0,duct_filler,0,1247.0
-295.61800470687257,-386.0,0.0,duct_filler,0,1247.0
-288.68980147659704,-386.0,0.0,duct_filler,0,1247.0
-281.76159824632157,-386.0,0.0,duct_filler,0,1247.0
-274.8333950160461,-386.0,0.0,duct_filler,0,1247.0
-267.9051917857706,-386.0,0.0,duct_filler,0,1247.0
-260.97698855549504,-386.0,0.0,duct_filler,0,1247.0
-254.04878532521957,-386.0,0.0,duct_filler,0,1247.0
-247.12058209494404,-386.0,0.0,duct_filler,0,1247.0
-240.19237886466857,-385.9999999999999,0.0,duct_filler,0,1247.0
-233.26417563439304,-385.9999999999999,0.0,duct_filler,0,1247.0
-226.3359724041175,-385.9999999999999,0.0,duct_filler,0,1247.0
-219.40776917384198,-385.9999999999999,0.0,duct_filler,0,1247.0
-212.4795659435664,-385.9999999999999,0.0,duct_filler,0,1247.0
-205.55136271329087,-385.9999999999999,0.0,duct_filler,0,1247.0
-198.6231594830154,-385.9999999999999,0.0,duct_filler,0,1247.0
-191.69495625273993,-385.9999999999999,0.0,duct_filler,0,1247.0
-184.76675302246434,-385.9999999999999,0.0,duct_filler,0,1247.0
-177.83854979218881,-385.9999999999999,0.0,duct_filler,0,1247.0
258.6382537151676,-385.9999999999999,0.0,duct_filler,0,1247.0
265.56645694544295,-385.9999999999999,0.0,duct_filler,0,1247.0
272.49466017571854,-385.9999999999999,0.0,duct_filler,0,1247.0
279.4228634059939,-385.9999999999999,0.0,duct_filler,0,1247.0
286.35106663626937,-385.9999999999999,0.0,duct_filler,0,1247.0
348.70489570874884,-385.9999999999999,0.0,duct_filler,0,1247.0
355.6330989390242,-385.9999999999999,0.0,duct_filler,0,1247.0
362.56130216929967,-385.9999999999999,0.0,duct_filler,0,1247.0
369.48950539957514,-385.9999999999999,0.0,duct_filler,0,1247.0
376.4177086298505,-385.9999999999999,0.0,duct_filler,0,1247.0
383.34591186012597,-385.9999999999999,0.0,duct_filler,0,1247.0
390.27411509040144,-385.9999999999999,0.0,duct_filler,0,1247.0
397.2023183206768,-385.9999999999999,0.0,duct_filler,0,1247.0
404.1305215509524,-385.9999999999999,0.0,duct_filler,0,1247.0
-500.0,-391.9999999999999,0.0,duct_filler,0,1247.0
-493.0717967697245,-392.0000000000001,0.0,duct_filler,0,1247.0
-486.143593539449,-391.9999999999999,0.0,duct_filler,0,1247.0
-479.2153903091735,-392.0,0.0,duct_filler,0,1247.0
-472.28718707889794,-392.0,0.0,duct_filler,0,1247.0
-465.3589838486225,-392.0,0.0,duct_filler,0,1247.0
-458.43078061834694,-392.0000000000002,0.0,duct_filler,0,1247.0
-451.5025773880715,-392.0000000000001,0.0,duct_filler,0,1247.0
-444.57437415779594,-392.0000000000002,0.0,duct_filler,0,1247.0
-437.6461709275204,-392.0,0.0,duct_filler,0,1247.0
-430.71796769724494,-391.9999999999999,0.0,duct_filler,0,1247.0
-423.7897644669694,-391.9999999999999,0.0,duct_filler,0,1247.0
-416.8615612366939,-391.9999999999999,0.0,duct_filler,0,1247.0
-409.93335800641836,-391.9999999999999,0.0,duct_filler,0,1247.0
-403.00515477614283,-391.9999999999999,0.0,duct_filler,0,1247.0
-396.07695154586736,-391.9999999999999,0.0,duct_filler,0,1247.0
-389.14874831559183,-391.9999999999999,0.0,duct_filler,0,1247.0
-382.2205450853163,-391.9999999999999,0.0,duct_filler,0,1247.0
-375.29234185504083,-392.0,0.0,duct_filler,0,1247.0
-368.36413862476525,-391.9999999999999,0.0,duct_filler,0,1247.0
-361.4359353944898,-391.9999999999999,0.0,duct_filler,0,1247.0
-354.5077321642143,-391.9999999999999,0.0,duct_filler,0,1247.0
-347.57952893393883,-391.9999999999999,0.0,duct_filler,0,1247.0
-340.6513257036633,-391.9999999999999,0.0,duct_filler,0,1247.0
-333.72312247338783,-391.9999999999999,0.0,duct_filler,0,1247.0
-326.7949192431123,-391.9999999999999,0.0,duct_filler,0,1247.0
-319.86671601283683,-391.9999999999999,0.0,duct_filler,0,1247.0
-312.9385127825613,-391.9999999999999,0.0,duct_filler,0,1247.0
-306.01030955228583,-391.9999999999999,0.0,duct_filler,0,1247.0
-299.0821063220103,-391.9999999999999,0.0,duct_filler,0,1247.0
-292.15390309173483,-391.9999999999999,0.0,duct_filler,0,1247.0
-285.22569986145925,-391.9999999999999,0.0,duct_filler,0,1247.0
-278.29749663118383,-391.9999999999999,0.0,duct_filler,0,1247.0
-271.3692934009083,-391.9999999999999,0.0,duct_filler,0,1247.0
-264.44109017063283,-391.9999999999999,0.0,duct_filler,0,1247.0
-257.51288694035725,-391.9999999999999,0.0,duct_filler,0,1247.0
-250.58468371008178,-391.9999999999999,0.0,duct_filler,0,1247.0
-243.6564804798063,-392.0000000000001,0.0,duct_filler,0,1247.0
-236.72827724953078,-392.0000000000001,0.0,duct_filler,0,1247.0
-229.80007401925525,-392.0000000000001,0.0,duct_filler,0,1247.0
-222.87187078897972,-392.0000000000001,0.0,duct_filler,0,1247.0
-215.9436675587042,-392.0000000000001,0.0,duct_filler,0,1247.0
-209.01546432842866,-392.0000000000001,0.0,duct_filler,0,1247.0
-202.0872610981532,-392.0000000000001,0.0,duct_filler,0,1247.0
-195.15905786787755,-392.0000000000001,0.0,duct_filler,0,1247.0
-188.23085463760208,-392.0000000000001,0.0,duct_filler,0,1247.0
-181.30265140732655,-392.0000000000001,0.0,duct_filler,0,1247.0
-174.37444817705102,-392.0000000000001,0.0,duct_filler,0,1247.0
352.1689973238865,-392.0,0.0,duct_filler,0,1247.0
359.097200554162,-392.0,0.0,duct_filler,0,1247.0
366.02540378443734,-392.0,0.0,duct_filler,0,1247.0
372.9536070147128,-392.0,0.0,duct_filler,0,1247.0
379.8818102449883,-392.0,0.0,duct_filler,0,1247.0
386.81001347526364,-392.0,0.0,duct_filler,0,1247.0
393.7382167055391,-392.0,0.0,duct_filler,0,1247.0
400.6664199358146,-392.0,0.0,duct_filler,0,1247.0
-496.53589838486226,-397.9999999999999,0.0,duct_filler,0,1247.0
-489.60769515458674,-398.0,0.0,duct_filler,0,1247.0
-482.6794919243112,-398.0,0.0,duct_filler,0,1247.0
-475.75128869403574,-398.0,0.0,duct_filler,0,1247.0
-468.8230854637602,-397.9999999999999,0.0,duct_filler,0,1247.0
-461.89488223348474,-398.0000000000001,0.0,duct_filler,0,1247.0
-454.9666790032092,-398.0000000000001,0.0,duct_filler,0,1247.0
-448.0384757729337,-398.0000000000001,0.0,duct_filler,0,1247.0
-441.1102725426582,-398.0000000000001,0.0,duct_filler,0,1247.0
-434.1820693123827,-398.0,0.0,duct_filler,0,1247.0
-427.25386608210715,-398.0,0.0,duct_filler,0,1247.0
-420.3256628518316,-398.0,0.0,duct_filler,0,1247.0
-413.39745962155615,-398.0,0.0,duct_filler,0,1247.0
-406.4692563912806,-398.0,0.0,duct_filler,0,1247.0
-399.54105316100515,-398.0,0.0,duct_filler,0,1247.0
-392.6128499307296,-398.0,0.0,duct_filler,0,1247.0
-385.6846467004541,-398.0,0.0,duct_filler,0,1247.0
-378.75644347017857,-398.0,0.0,duct_filler,0,1247.0
-371.8282402399031,-398.0000000000001,0.0,duct_filler,0,1247.0
-364.90003700962757,-398.0,0.0,duct_filler,0,1247.0
-357.9718337793521,-398.0,0.0,duct_filler,0,1247.0
-351.0436305490765,-398.0,0.0,duct_filler,0,1247.0
-344.11542731880104,-398.0,0.0,duct_filler,0,1247.0
-337.18722408852557,-398.0,0.0,duct_filler,0,1247.0
-330.2590208582501,-398.0,0.0,duct_filler,0,1247.0
-323.33081762797457,-398.0,0.0,duct_filler,0,1247.0
-316.40261439769904,-398.0,0.0,duct_filler,0,1247.0
-309.47441116742357,-398.0,0.0,duct_filler,0,1247.0
-302.54620793714804,-398.0,0.0,duct_filler,0,1247.0
-295.61800470687257,-398.0,0.0,duct_filler,0,1247.0
-288.68980147659704,-398.0,0.0,duct_filler,0,1247.0
-281.76159824632157,-398.0,0.0,duct_filler,0,1247.0
-274.8333950160461,-398.0,0.0,duct_filler,0,1247.0
-267.9051917857706,-398.0,0.0,duct_filler,0,1247.0
-260.97698855549504,-398.0,0.0,duct_filler,0,1247.0
-254.04878532521957,-398.0,0.0,duct_filler,0,1247.0
-247.12058209494404,-398.0,0.0,duct_filler,0,1247.0
-240.19237886466857,-398.0,0.0,duct_filler,0,1247.0
-233.26417563439304,-398.0,0.0,duct_filler,0,1247.0
-226.3359724041175,-398.0,0.0,duct_filler,0,1247.0
-219.40776917384198,-398.0,0.0,duct_filler,0,1247.0
-212.4795659435664,-398.0,0.0,duct_filler,0,1247.0
-205.55136271329087,-398.0,0.0,duct_filler,0,1247.0
-198.6231594830154,-398.0,0.0,duct_filler,0,1247.0
-191.69495625273993,-398.0,0.0,duct_filler,0,1247.0
-184.76675302246434,-398.0,0.0,duct_filler,0,1247.0
-177.83854979218881,-398.0,0.0,duct_filler,0,1247.0
-170.9103465619133,-398.0,0.0,duct_filler,0,1247.0
355.6330989390242,-398.0,0.0,duct_filler,0,1247.0
362.56130216929967,-398.0,0.0,duct_filler,0,1247.0
369.48950539957514,-398.0,0.0,duct_filler,0,1247.0
376.4177086298505,-398.0,0.0,duct_filler,0,1247.0
383.34591186012597,-398.0,0.0,duct_filler,0,1247.0
390.27411509040144,-398.0,0.0,duct_filler,0,1247.0
397.2023183206768,-398.0,0.0,duct_filler,0,1247.0
-500.0,-404.0000000000001,0.0,duct_filler,0,1247.0
-493.0717967697245,-404.0,0.0,duct_filler,0,1247.0
-486.143593539449,-403.9999999999998,0.0,duct_filler,0,1247.0
-479.2153903091735,-404.0,0.0,duct_filler,0,1247.0
-472.28718707889794,-404.0,0.0,duct_filler,0,1247.0
-465.3589838486225,-404.0,0.0,duct_filler,0,1247.0
-458.43078061834694,-403.9999999999999,0.0,duct_filler,0,1247.0
-451.5025773880715,-403.9999999999999,0.0,duct_filler,0,1247.0
-444.57437415779594,-403.9999999999999,0.0,duct_filler,0,1247.0
-437.6461709275204,-404.0,0.0,duct_filler,0,1247.0
-430.71796769724494,-404.0,0.0,duct_filler,0,1247.0
-423.7897644669694,-404.0,0.0,duct_filler,0,1247.0
-416.8615612366939,-404.0,0.0,duct_filler,0,1247.0
-409.93335800641836,-404.0,0.0,duct_filler,0,1247.0
-403.00515477614283,-404.0,0.0,duct_filler,0,1247.0
-396.07695154586736,-404.0,0.0,duct_filler,0,1247.0
-389.14874831559183,-404.0,0.0,duct_filler,0,1247.0
-382.2205450853163,-404.0,0.0,duct_filler,0,1247.0
-375.29234185504083,-404.0000000000001,0.0,duct_filler,0,1247.0
-368.36413862476525,-404.0,0.0,duct_filler,0,1247.0
-361.4359353944898,-404.0,0.0,duct_filler,0,1247.0
-354.5077321642143,-404.0,0.0,duct_filler,0,1247.0
-347.57952893393883,-404.0,0.0,duct_filler,0,1247.0
-340.6513257036633,-404.0,0.0,duct_filler,0,1247.0
-333.72312247338783,-404.0,0.0,duct_filler,0,1247.0
-326.7949192431123,-404.0,0.0,duct_filler,0,1247.0
-319.86671601283683,-404.0,0.0,duct_filler,0,1247.0
-312.9385127825613,-404.0,0.0,duct_filler,0,1247.0
-306.01030955228583,-404.0,0.0,duct_filler,0,1247.0
-299.0821063220103,-404.0,0.0,duct_filler,0,1247.0
-292.15390309173483,-404.0,0.0,duct_filler,0,1247.0
-285.22569986145925,-404.0,0.0,duct_filler,0,1247.0
-278.29749663118383,-404.0,0.0,duct_filler,0,1247.0
-271.3692934009083,-404.0,0.0,duct_filler,0,1247.0
-264.44109017063283,-404.0,0.0,duct_filler,0,1247.0
-257.51288694035725,-404.0,0.0,duct_filler,0,1247.0
-250.58468371008178,-404.0,0.0,duct_filler,0,1247.0
-243.6564804798063,-404.0,0.0,duct_filler,0,1247.0
-236.72827724953078,-404.0,0.0,duct_filler,0,1247.0
-229.80007401925525,-404.0,0.0,duct_filler,0,1247.0
-222.87187078897972,-404.0,0.0,duct_filler,0,1247.0
-215.9436675587042,-404.0,0.0,duct_filler,0,1247.0
-209.01546432842866,-404.0,0.0,duct_filler,0,1247.0
-202.0872610981532,-404.0,0.0,duct_filler,0,1247.0
-195.15905786787755,-404.0,0.0,duct_filler,0,1247.0
-188.23085463760208,-404.0,0.0,duct_filler,0,1247.0
-181.30265140732655,-404.0,0.0,duct_filler,0,1247.0
-174.37444817705102,-404.0,0.0,duct_filler,0,1247.0
372.9536070147128,-403.9999999999999,0.0,duct_filler,0,1247.0
379.8818102449883,-403.9999999999999,0.0,duct_filler,0,1247.0
386.81001347526364,-403.9999999999999,0.0,duct_filler,0,1247.0
-496.53589838486226,-410.0,0.0,duct_filler,0,1247.0
-489.60769515458674,-410.0,0.0,duct_filler,0,1247.0
-482.6794919243112,-409.9999999999999,0.0,duct_filler,0,1247.0
-475.75128869403574,-409.9999999999999,0.0,duct_filler,0,1247.0
-468.8230854637602,-410.0000000000001,0.0,duct_filler,0,1247.0
-461.89488223348474,-410.0000000000001,0.0,duct_filler,0,1247.0
-454.9666790032092,-410.0,0.0,duct_filler,0,1247.0
-448.0384757729337,-410.0000000000001,0.0,duct_filler,0,1247.0
-441.1102725426582,-410.0,0.0,duct_filler,0,1247.0
-434.1820693123827,-410.0000000000001,0.0,duct_filler,0,1247.0
-427.25386608210715,-410.0000000000001,0.0,duct_filler,0,1247.0
-420.3256628518316,-410.0000000000001,0.0,duct_filler,0,1247.0
-413.39745962155615,-410.0000000000001,0.0,duct_filler,0,1247.0
-406.4692563912806,-410.0000000000001,0.0,duct_filler,0,1247.0
-399.54105316100515,-410.0000000000001,0.0,duct_filler,0,1247.0
-392.6128499307296,-410.0000000000001,0.0,duct_filler,0,1247.0
-385.6846467004541,-410.0000000000001,0.0,duct_filler,0,1247.0
-378.75644347017857,-410.0000000000001,0.0,duct_filler,0,1247.0
-371.8282402399031,-410.0,0.0,duct_filler,0,1247.0
-364.90003700962757,-409.9999999999999,0.0,duct_filler,0,1247.0
-357.9718337793521,-409.9999999999999,0.0,duct_filler,0,1247.0
-351.0436305490765,-409.9999999999999,0.0,duct_filler,0,1247.0
-344.11542731880104,-409.9999999999999,0.0,duct_filler,0,1247.0
-337.18722408852557,-409.9999999999999,0.0,duct_filler,0,1247.0
-330.2590208582501,-409.9999999999999,0.0,duct_filler,0,1247.0
-323.33081762797457,-409.9999999999999,0.0,duct_filler,0,1247.0
-316.40261439769904,-409.9999999999999,0.0,duct_filler,0,1247.0
-309.47441116742357,-409.9999999999999,0.0,duct_filler,0,1247.0
-302.54620793714804,-409.9999999999999,0.0,duct_filler,0,1247.0
-295.61800470687257,-409.9999999999999,0.0,duct_filler,0,1247.0
-288.68980147659704,-409.9999999999999,0.0,duct_filler,0,1247.0
-281.76159824632157,-409.9999999999999,0.0,duct_filler,0,1247.0
-274.8333950160461,-409.9999999999999,0.0,duct_filler,0,1247.0
-267.9051917857706,-409.9999999999999,0.0,duct_filler,0,1247.0
-260.97698855549504,-409.9999999999999,0.0,duct_filler,0,1247.0
-254.04878532521957,-409.9999999999999,0.0,duct_filler,0,1247.0
-247.12058209494404,-409.9999999999999,0.0,duct_filler,0,1247.0
-240.19237886466857,-410.0,0.0,duct_filler,0,1247.0
-233.26417563439304,-410.0,0.0,duct_filler,0,1247.0
-226.3359724041175,-410.0,0.0,duct_filler,0,1247.0
-219.40776917384198,-410.0,0.0,duct_filler,0,1247.0
-212.4795659435664,-410.0,0.0,duct_filler,0,1247.0
-205.55136271329087,-410.0,0.0,duct_filler,0,1247.0
-198.6231594830154,-410.0,0.0,duct_filler,0,1247.0
-191.69495625273993,-410.0,0.0,duct_filler,0,1247.0
-184.76675302246434,-410.0,0.0,duct_filler,0,1247.0
-177.83854979218881,-410.0,0.0,duct_filler,0,1247.0
-170.9103465619133,-410.0,0.0,duct_filler,0,1247.0
-500.0,-416.0000000000001,0.0,duct_filler,0,1247.0
-493.0717967697245,-415.9999999999999,0.0,duct_filler,0,1247.0
-486.143593539449,-416.0000000000001,0.0,duct_filler,0,1247.0
-479.2153903091735,-416.0,0.0,duct_filler,0,1247.0
-465.3589838486225,-416.0,0.0,duct_filler,0,1247.0
-458.43078061834694,-416.0,0.0,duct_filler,0,1247.0
-451.5025773880715,-416.0000000000001,0.0,duct_filler,0,1247.0
-444.57437415779594,-416.0,0.0,duct_filler,0,1247.0
-437.6461709275204,-415.9999999999999,0.0,duct_filler,0,1247.0
-430.71796769724494,-416.0000000000001,0.0,duct_filler,0,1247.0
-423.7897644669694,-416.0000000000001,0.0,duct_filler,0,1247.0
-416.8615612366939,-416.0000000000001,0.0,duct_filler,0,1247.0
-409.93335800641836,-416.0000000000001,0.0,duct_filler,0,1247.0
-403.00515477614283,-416.0000000000001,0.0,duct_filler,0,1247.0
-396.07695154586736,-416.0000000000001,0.0,duct_filler,0,1247.0
-389.14874831559183,-416.0000000000001,0.0,duct_filler,0,1247.0
-382.2205450853163,-416.0000000000001,0.0,duct_filler,0,1247.0
-375.29234185504083,-416.0,0.0,duct_filler,0,1247.0
-368.36413862476525,-416.0,0.0,duct_filler,0,1247.0
-361.4359353944898,-416.0,0.0,duct_filler,0,1247.0
-354.5077321642143,-416.0,0.0,duct_filler,0,1247.0
-347.57952893393883,-416.0,0.0,duct_filler,0,1247.0
-340.6513257036633,-416.0,0.0,duct_filler,0,1247.0
-333.72312247338783,-416.0,0.0,duct_filler,0,1247.0
-326.7949192431123,-416.0,0.0,duct_filler,0,1247.0
-319.86671601283683,-416.0,0.0,duct_filler,0,1247.0
-312.9385127825613,-416.0,0.0,duct_filler,0,1247.0
-306.01030955228583,-416.0,0.0,duct_filler,0,1247.0
-299.0821063220103,-416.0,0.0,duct_filler,0,1247.0
-292.15390309173483,-416.0,0.0,duct_filler,0,1247.0
-285.22569986145925,-416.0,0.0,duct_filler,0,1247.0
-278.29749663118383,-416.0,0.0,duct_filler,0,1247.0
-271.3692934009083,-416.0,0.0,duct_filler,0,1247.0
-264.44109017063283,-416.0,0.0,duct_filler,0,1247.0
-257.51288694035725,-416.0,0.0,duct_filler,0,1247.0
-250.58468371008178,-416.0,0.0,duct_filler,0,1247.0
-243.6564804798063,-416.0000000000001,0.0,duct_filler,0,1247.0
-236.72827724953078,-416.0,0.0,duct_filler,0,1247.0
-229.80007401925525,-416.0,0.0,duct_filler,0,1247.0
-222.87187078897972,-416.0,0.0,duct_filler,0,1247.0
-215.9436675587042,-416.0,0.0,duct_filler,0,1247.0
-209.01546432842866,-416.0,0.0,duct_filler,0,1247.0
-202.0872610981532,-416.0,0.0,duct_filler,0,1247.0
-195.15905786787755,-416.0,0.0,duct_filler,0,1247.0
-188.23085463760208,-416.0,0.0,duct_filler,0,1247.0
-181.30265140732655,-416.0,0.0,duct_filler,0,1247.0
-174.37444817705102,-416.0,0.0,duct_filler,0,1247.0
-167.4462449467755,-416.0,0.0,duct_filler,0,1247.0
-496.53589838486226,-421.9999999999999,0.0,duct_filler,0,1247.0
-482.6794919243112,-422.0,0.0,duct_filler,0,1247.0
-461.89488223348474,-422.0000000000001,0.0,duct_filler,0,1247.0
-454.9666790032092,-421.9999999999999,0.0,duct_filler,0,1247.0
-448.0384757729337,-422.0000000000001,0.0,duct_filler,0,1247.0
-441.1102725426582,-421.9999999999999,0.0,duct_filler,0,1247.0
-434.1820693123827,-422.0,0.0,duct_filler,0,1247.0
-427.25386608210715,-421.9999999999999,0.0,duct_filler,0,1247.0
-420.3256628518316,-421.9999999999999,0.0,duct_filler,0,1247.0
-413.39745962155615,-421.9999999999999,0.0,duct_filler,0,1247.0
-406.4692563912806,-421.9999999999999,0.0,duct_filler,0,1247.0
-399.54105316100515,-421.9999999999999,0.0,duct_filler,0,1247.0
-392.6128499307296,-421.9999999999999,0.0,duct_filler,0,1247.0
-385.6846467004541,-421.9999999999999,0.0,duct_filler,0,1247.0
-378.75644347017857,-421.9999999999999,0.0,duct_filler,0,1247.0
-371.8282402399031,-421.9999999999999,0.0,duct_filler,0,1247.0
-364.90003700962757,-422.0,0.0,duct_filler,0,1247.0
-357.9718337793521,-422.0,0.0,duct_filler,0,1247.0
-351.0436305490765,-422.0,0.0,duct_filler,0,1247.0
-344.11542731880104,-422.0,0.0,duct_filler,0,1247.0
-337.18722408852557,-422.0,0.0,duct_filler,0,1247.0
-330.2590208582501,-422.0,0.0,duct_filler,0,1247.0
-323.33081762797457,-422.0,0.0,duct_filler,0,1247.0
-316.40261439769904,-422.0,0.0,duct_filler,0,1247.0
-309.47441116742357,-422.0,0.0,duct_filler,0,1247.0
-302.54620793714804,-422.0,0.0,duct_filler,0,1247.0
-295.61800470687257,-422.0,0.0,duct_filler,0,1247.0
-288.68980147659704,-422.0,0.0,duct_filler,0,1247.0
-281.76159824632157,-422.0,0.0,duct_filler,0,1247.0
-274.8333950160461,-422.0,0.0,duct_filler,0,1247.0
-267.9051917857706,-422.0,0.0,duct_filler,0,1247.0
-260.97698855549504,-422.0,0.0,duct_filler,0,1247.0
-254.04878532521957,-422.0,0.0,duct_filler,0,1247.0
-247.12058209494404,-422.0,0.0,duct_filler,0,1247.0
-240.19237886466857,-422.0,0.0,duct_filler,0,1247.0
-233.26417563439304,-422.0,0.0,duct_filler,0,1247.0
-226.3359724041175,-422.0,0.0,duct_filler,0,1247.0
-219.40776917384198,-422.0,0.0,duct_filler,0,1247.0
-212.4795659435664,-422.0,0.0,duct_filler,0,1247.0
-205.55136271329087,-422.0,0.0,duct_filler,0,1247.0
-198.6231594830154,-422.0,0.0,duct_filler,0,1247.0
-191.69495625273993,-422.0,0.0,duct_filler,0,1247.0
-184.76675302246434,-422.0,0.0,duct_filler,0,1247.0
-177.83854979218881,-422.0,0.0,duct_filler,0,1247.0
-170.9103465619133,-422.0,0.0,duct_filler,0,1247.0
-451.5025773880715,-428.0,0.0,duct_filler,0,1247.0
-437.6461709275204,-428.0000000000001,0.0,duct_filler,0,1247.0
-430.71796769724494,-428.0,0.0,duct_filler,0,1247.0
-423.7897644669694,-428.0,0.0,duct_filler,0,1247.0
-416.8615612366939,-428.0,0.0,duct_filler,0,1247.0
-409.93335800641836,-428.0,0.0,duct_filler,0,1247.0
-403.00515477614283,-428.0,0.0,duct_filler,0,1247.0
-396.07695154586736,-428.0,0.0,duct_filler,0,1247.0
-389.14874831559183,-428.0,0.0,duct_filler,0,1247.0
-382.2205450853163,-428.0,0.0,duct_filler,0,1247.0
-375.29234185504083,-428.0000000000001,0.0,duct_filler,0,1247.0
-368.36413862476525,-428.0000000000001,0.0,duct_filler,0,1247.0
-361.4359353944898,-428.0000000000001,0.0,duct_filler,0,1247.0
-354.5077321642143,-428.0000000000001,0.0,duct_filler,0,1247.0
-347.57952893393883,-428.0000000000001,0.0,duct_filler,0,1247.0
-340.6513257036633,-428.0000000000001,0.0,duct_filler,0,1247.0
-333.72312247338783,-428.0000000000001,0.0,duct_filler,0,1247.0
-326.7949192431123,-428.0000000000001,0.0,duct_filler,0,1247.0
-319.86671601283683,-428.0000000000001,0.0,duct_filler,0,1247.0
-312.9385127825613,-428.0000000000001,0.0,duct_filler,0,1247.0
-306.01030955228583,-428.0000000000001,0.0,duct_filler,0,1247.0
-299.0821063220103,-428.0000000000001,0.0,duct_filler,0,1247.0
-292.15390309173483,-428.0000000000001,0.0,duct_filler,0,1247.0
-285.22569986145925,-428.0000000000001,0.0,duct_filler,0,1247.0
-278.29749663118383,-428.0000000000001,0.0,duct_filler,0,1247.0
-271.3692934009083,-428.0000000000001,0.0,duct_filler,0,1247.0
-264.44109017063283,-428.0000000000001,0.0,duct_filler,0,1247.0
-257.51288694035725,-428.0000000000001,0.0,duct_filler,0,1247.0
-250.58468371008178,-428.0000000000001,0.0,duct_filler,0,1247.0
-243.6564804798063,-428.0,0.0,duct_filler,0,1247.0
-236.72827724953078,-428.0,0.0,duct_filler,0,1247.0
-229.80007401925525,-428.0,0.0,duct_filler,0,1247.0
-222.87187078897972,-428.0,0.0,duct_filler,0,1247.0
-215.9436675587042,-428.0,0.0,duct_filler,0,1247.0
-209.01546432842866,-428.0,0.0,duct_filler,0,1247.0
-202.0872610981532,-428.0,0.0,duct_filler,0,1247.0
-195.15905786787755,-428.0,0.0,duct_filler,0,1247.0
-188.23085463760208,-428.0,0.0,duct_filler,0,1247.0
-441.1102725426582,-434.0,0.0,duct_filler,0,1247.0
-434.1820693123827,-434.0000000000001,0.0,duct_filler,0,1247.0
-427.25386608210715,-434.0,0.0,duct_filler,0,1247.0
-420.3256628518316,-434.0,0.0,duct_filler,0,1247.0
-413.39745962155615,-434.0,0.0,duct_filler,0,1247.0
-406.4692563912806,-434.0,0.0,duct_filler,0,1247.0
-399.54105316100515,-434.0,0.0,duct_filler,0,1247.0
-392.6128499307296,-434.0,0.0,duct_filler,0,1247.0
-385.6846467004541,-434.0,0.0,duct_filler,0,1247.0
-378.75644347017857,-434.0,0.0,duct_filler,0,1247.0
-371.8282402399031,-433.9999999999999,0.0,duct_filler,0,1247.0
-364.90003700962757,-434.0,0.0,duct_filler,0,1247.0
-357.9718337793521,-434.0,0.0,duct_filler,0,1247.0
-351.0436305490765,-434.0,0.0,duct_filler,0,1247.0
-344.11542731880104,-434.0,0.0,duct_filler,0,1247.0
-337.18722408852557,-434.0,0.0,duct_filler,0,1247.0
-330.2590208582501,-434.0,0.0,duct_filler,0,1247.0
-323.33081762797457,-434.0,0.0,duct_filler,0,1247.0
-316.40261439769904,-434.0,0.0,duct_filler,0,1247.0
-309.47441116742357,-434.0,0.0,duct_filler,0,1247.0
-302.54620793714804,-434.0,0.0,duct_filler,0,1247.0
-295.61800470687257,-434.0,0.0,duct_filler,0,1247.0
-288.68980147659704,-434.0,0.0,duct_filler,0,1247.0
-281.76159824632157,-434.0,0.0,duct_filler,0,1247.0
-274.8333950160461,-434.0,0.0,duct_filler,0,1247.0
-267.9051917857706,-434.0,0.0,duct_filler,0,1247.0
-260.97698855549504,-434.0,0.0,duct_filler,0,1247.0
-254.04878532521957,-434.0,0.0,duct_filler,0,1247.0
-247.12058209494404,-434.0,0.0,duct_filler,0,1247.0
-240.19237886466857,-434.0,0.0,duct_filler,0,1247.0
-233.26417563439304,-434.0,0.0,duct_filler,0,1247.0
-226.3359724041175,-434.0,0.0,duct_filler,0,1247.0
-219.40776917384198,-434.0,0.0,duct_filler,0,1247.0
-212.4795659435664,-434.0,0.0,duct_filler,0,1247.0
-205.55136271329087,-434.0,0.0,duct_filler,0,1247.0
-198.6231594830154,-434.0,0.0,duct_filler,0,1247.0
-437.6461709275204,-440.0000000000001,0.0,duct_filler,0,1247.0
-430.71796769724494,-440.0,0.0,duct_filler,0,1247.0
-423.7897644669694,-440.0,0.0,duct_filler,0,1247.0
-416.8615612366939,-440.0,0.0,duct_filler,0,1247.0
-409.93335800641836,-440.0,0.0,duct_filler,0,1247.0
-403.00515477614283,-440.0,0.0,duct_filler,0,1247.0
-396.07695154586736,-440.0,0.0,duct_filler,0,1247.0
-389.14874831559183,-440.0,0.0,duct_filler,0,1247.0
-382.2205450853163,-440.0,0.0,duct_filler,0,1247.0
-375.29234185504083,-440.0000000000001,0.0,duct_filler,0,1247.0
-368.36413862476525,-440.0,0.0,duct_filler,0,1247.0
-361.4359353944898,-440.0,0.0,duct_filler,0,1247.0
-354.5077321642143,-440.0,0.0,duct_filler,0,1247.0
-347.57952893393883,-440.0,0.0,duct_filler,0,1247.0
-340.6513257036633,-440.0,0.0,duct_filler,0,1247.0
-333.72312247338783,-440.0,0.0,duct_filler,0,1247.0
-326.7949192431123,-440.0,0.0,duct_filler,0,1247.0
-319.86671601283683,-440.0,0.0,duct_filler,0,1247.0
-312.9385127825613,-440.0,0.0,duct_filler,0,1247.0
-292.15390309173483,-440.0,0.0,duct_filler,0,1247.0
-285.22569986145925,-440.0,0.0,duct_filler,0,1247.0
-278.29749663118383,-440.0,0.0,duct_filler,0,1247.0
-271.3692934009083,-440.0,0.0,duct_filler,0,1247.0
-264.44109017063283,-440.0,0.0,duct_filler,0,1247.0
-257.51288694035725,-440.0,0.0,duct_filler,0,1247.0
-250.58468371008178,-440.0,0.0,duct_filler,0,1247.0
-243.6564804798063,-440.0,0.0,duct_filler,0,1247.0
-236.72827724953078,-440.0,0.0,duct_filler,0,1247.0
-229.80007401925525,-440.0,0.0,duct_filler,0,1247.0
-222.87187078897972,-440.0,0.0,duct_filler,0,1247.0
-215.9436675587042,-440.0,0.0,duct_filler,0,1247.0
-209.01546432842866,-440.0,0.0,duct_filler,0,1247.0
-385.6846467004541,-445.9999999999999,0.0,duct_filler,0,1247.0
-378.75644347017857,-445.9999999999999,0.0,duct_filler,0,1247.0
-371.8282402399031,-446.0000000000001,0.0,duct_filler,0,1247.0
-364.90003700962757,-445.9999999999999,0.0,duct_filler,0,1247.0
-357.9718337793521,-445.9999999999999,0.0,duct_filler,0,1247.0
-351.0436305490765,-445.9999999999999,0.0,duct_filler,0,1247.0
-344.11542731880104,-445.9999999999999,0.0,duct_filler,0,1247.0
-323.33081762797457,-445.9999999999999,0.0,duct_filler,0,1247.0
-316.40261439769904,-445.9999999999999,0.0,duct_filler,0,1247.0
-281.76159824632157,-445.9999999999999,0.0,duct_filler,0,1247.0
-274.8333950160461,-445.9999999999999,0.0,duct_filler,0,1247.0
-267.9051917857706,-445.9999999999999,0.0,duct_filler,0,1247.0
-260.97698855549504,-445.9999999999999,0.0,duct_filler,0,1247.0
-254.04878532521957,-445.9999999999999,0.0,duct_filler,0,1247.0
-247.12058209494404,-445.9999999999999,0.0,duct_filler,0,1247.0
-240.19237886466857,-446.0,0.0,duct_filler,0,1247.0
-233.26417563439304,-446.0,0.0,duct_filler,0,1247.0
-375.29234185504083,-452.0,0.0,duct_filler,0,1247.0
220.53313594865233,-452.0000000000001,0.0,duct_filler,0,1247.0
227.4613391789278,-452.0000000000001,0.0,duct_filler,0,1247.0
234.38954240920327,-452.0000000000001,0.0,duct_filler,0,1247.0
241.31774563947874,-452.0000000000001,0.0,duct_filler,0,1247.0
196.28442464268812,-458.0,0.0,duct_filler,0,1247.0
203.2126278729637,-458.0,0.0,duct_filler,0,1247.0
210.14083110323918,-458.0,0.0,duct_filler,0,1247.0
217.06903433351465,-458.0,0.0,duct_filler,0,1247.0
223.99723756379012,-458.0,0.0,duct_filler,0,1247.0
230.9254407940656,-458.0,0.0,duct_filler,0,1247.0
237.85364402434107,-458.0,0.0,duct_filler,0,1247.0
244.78184725461665,-458.0,0.0,duct_filler,0,1247.0
40.39985196149007,-463.9999999999999,0.0,duct_filler,0,1247.0
47.32805519176554,-463.9999999999999,0.0,duct_filler,0,1247.0
54.2562584220409,-463.9999999999999,0.0,duct_filler,0,1247.0
61.18446165231637,-463.9999999999999,0.0,duct_filler,0,1247.0
68.11266488259196,-463.9999999999999,0.0,duct_filler,0,1247.0
178.9639165669995,-463.9999999999999,0.0,duct_filler,0,1247.0
185.89211979727497,-463.9999999999999,0.0,duct_filler,0,1247.0
192.82032302755056,-463.9999999999999,0.0,duct_filler,0,1247.0
199.7485262578258,-463.9999999999999,0.0,duct_filler,0,1247.0
206.6767294881015,-463.9999999999999,0.0,duct_filler,0,1247.0
213.60493271837686,-463.9999999999999,0.0,duct_filler,0,1247.0
220.53313594865233,-463.9999999999999,0.0,duct_filler,0,1247.0
227.4613391789278,-463.9999999999999,0.0,duct_filler,0,1247.0
234.38954240920327,-463.9999999999999,0.0,duct_filler,0,1247.0
241.31774563947874,-463.9999999999999,0.0,duct_filler,0,1247.0
248.24594886975422,-463.9999999999999,0.0,duct_filler,0,1247.0
255.1741521000298,-463.9999999999999,0.0,duct_filler,0,1247.0
359.097200554162,-463.9999999999999,0.0,duct_filler,0,1247.0
366.02540378443734,-463.9999999999999,0.0,duct_filler,0,1247.0
372.9536070147128,-463.9999999999999,0.0,duct_filler,0,1247.0
36.93575034635239,-469.9999999999999,0.0,duct_filler,0,1247.0
43.863953576627864,-469.9999999999999,0.0,duct_filler,0,1247.0
50.792156806903336,-469.9999999999999,0.0,duct_filler,0,1247.0
57.72036003717881,-469.9999999999999,0.0,duct_filler,0,1247.0
64.64856326745439,-469.9999999999999,0.0,duct_filler,0,1247.0
71.57676649772975,-469.9999999999999,0.0,duct_filler,0,1247.0
78.50496972800522,-469.9999999999999,0.0,duct_filler,0,1247.0
133.9305955702091,-469.9999999999999,0.0,duct_filler,0,1247.0
140.85879880048446,-469.9999999999999,0.0,duct_filler,0,1247.0
147.78700203076005,-469.9999999999999,0.0,duct_filler,0,1247.0
154.7152052610354,-469.9999999999999,0.0,duct_filler,0,1247.0
161.64340849131088,-469.9999999999999,0.0,duct_filler,0,1247.0
168.57161172158635,-469.9999999999999,0.0,duct_filler,0,1247.0
175.49981495186182,-469.9999999999999,0.0,duct_filler,0,1247.0
182.4280181821373,-469.9999999999999,0.0,duct_filler,0,1247.0
189.35622141241265,-469.9999999999999,0.0,duct_filler,0,1247.0
196.28442464268812,-469.9999999999999,0.0,duct_filler,0,1247.0
203.2126278729637,-469.9999999999999,0.0,duct_filler,0,1247.0
210.14083110323918,-469.9999999999999,0.0,duct_filler,0,1247.0
217.06903433351465,-469.9999999999999,0.0,duct_filler,0,1247.0
223.99723756379012,-469.9999999999999,0.0,duct_filler,0,1247.0
230.9254407940656,-469.9999999999999,0.0,duct_filler,0,1247.0
237.85364402434107,-469.9999999999999,0.0,duct_filler,0,1247.0
244.78184725461665,-469.9999999999999,0.0,duct_filler,0,1247.0
251.7100504848919,-469.9999999999999,0.0,duct_filler,0,1247.0
258.6382537151676,-469.9999999999999,0.0,duct_filler,0,1247.0
265.56645694544295,-469.9999999999999,0.0,duct_filler,0,1247.0
272.49466017571854,-469.9999999999999,0.0,duct_filler,0,1247.0
355.6330989390242,-469.9999999999999,0.0,duct_filler,0,1247.0
362.56130216929967,-469.9999999999999,0.0,duct_filler,0,1247.0
369.48950539957514,-469.9999999999999,0.0,duct_filler,0,1247.0
376.4177086298505,-469.9999999999999,0.0,duct_filler,0,1247.0
383.34591186012597,-469.9999999999999,0.0,duct_filler,0,1247.0
26.54344550093913,-476.0,0.0,duct_filler,0,1247.0
33.4716487312146,-476.0,0.0,duct_filler,0,1247.0
40.39985196149007,-476.0,0.0,duct_filler,0,1247.0
47.32805519176554,-476.0,0.0,duct_filler,0,1247.0
54.2562584220409,-476.0,0.0,duct_filler,0,1247.0
61.18446165231637,-476.0,0.0,duct_filler,0,1247.0
68.11266488259196,-476.0,0.0,duct_filler,0,1247.0
75.04086811286754,-476.0,0.0,duct_filler,0,1247.0
81.9690713431429,-476.0,0.0,duct_filler,0,1247.0
88.89727457341837,-476.0,0.0,duct_filler,0,1247.0
123.53829072479573,-476.0,0.0,duct_filler,0,1247.0
130.4664939550712,-476.0,0.0,duct_filler,0,1247.0
137.39469718534656,-476.0,0.0,duct_filler,0,1247.0
144.32290041562203,-476.0,0.0,duct_filler,0,1247.0
151.25110364589762,-476.0,0.0,duct_filler,0,1247.0
158.1793068761731,-476.0,0.0,duct_filler,0,1247.0
165.10751010644856,-476.0,0.0,duct_filler,0,1247.0
172.03571333672403,-476.0,0.0,duct_filler,0,1247.0
178.9639165669995,-476.0,0.0,duct_filler,0,1247.0
185.89211979727497,-476.0,0.0,duct_filler,0,1247.0
192.82032302755056,-476.0,0.0,duct_filler,0,1247.0
199.7485262578258,-476.0,0.0,duct_filler,0,1247.0
206.6767294881015,-476.0,0.0,duct_filler,0,1247.0
213.60493271837686,-476.0,0.0,duct_filler,0,1247.0
220.53313594865233,-476.0,0.0,duct_filler,0,1247.0
227.4613391789278,-476.0,0.0,duct_filler,0,1247.0
234.38954240920327,-476.0,0.0,duct_filler,0,1247.0
241.31774563947874,-476.0,0.0,duct_filler,0,1247.0
248.24594886975422,-476.0,0.0,duct_filler,0,1247.0
255.1741521000298,-476.0,0.0,duct_filler,0,1247.0
262.10235533030504,-476.0,0.0,duct_filler,0,1247.0
269.03055856058074,-476.0,0.0,duct_filler,0,1247.0
275.9587617908561,-476.0,0.0,duct_filler,0,1247.0
359.097200554162,-476.0,0.0,duct_filler,0,1247.0
366.02540378443734,-476.0,0.0,duct_filler,0,1247.0
372.9536070147128,-476.0,0.0,duct_filler,0,1247.0
379.8818102449883,-476.0,0.0,duct_filler,0,1247.0
386.81001347526364,-476.0,0.0,duct_filler,0,1247.0
-25.41807872612725,-481.9999999999999,0.0,duct_filler,0,1247.0
-4.633469035300607,-481.9999999999999,0.0,duct_filler,0,1247.0
2.2947341949749784,-481.9999999999999,0.0,duct_filler,0,1247.0
9.222937425250507,-481.9999999999999,0.0,duct_filler,0,1247.0
16.151140655525978,-481.9999999999999,0.0,duct_filler,0,1247.0
23.079343885801563,-481.9999999999999,0.0,duct_filler,0,1247.0
30.00754711607692,-481.9999999999999,0.0,duct_filler,0,1247.0
36.93575034635239,-481.9999999999999,0.0,duct_filler,0,1247.0
43.863953576627864,-481.9999999999999,0.0,duct_filler,0,1247.0
50.792156806903336,-481.9999999999999,0.0,duct_filler,0,1247.0
57.72036003717881,-481.9999999999999,0.0,duct_filler,0,1247.0
64.64856326745439,-481.9999999999999,0.0,duct_filler,0,1247.0
71.57676649772975,-481.9999999999999,0.0,duct_filler,0,1247.0
78.50496972800522,-481.9999999999999,0.0,duct_filler,0,1247.0
85.4331729582807,-481.9999999999999,0.0,duct_filler,0,1247.0
92.36137618855616,-481.9999999999999,0.0,duct_filler,0,1247.0
99.28957941883164,-481.9999999999999,0.0,duct_filler,0,1247.0
106.21778264910711,-481.9999999999999,0.0,duct_filler,0,1247.0
113.14598587938258,-481.9999999999999,0.0,duct_filler,0,1247.0
120.07418910965805,-481.9999999999999,0.0,duct_filler,0,1247.0
127.00239233993341,-481.9999999999999,0.0,duct_filler,0,1247.0
133.9305955702091,-481.9999999999999,0.0,duct_filler,0,1247.0
140.85879880048446,-481.9999999999999,0.0,duct_filler,0,1247.0
147.78700203076005,-481.9999999999999,0.0,duct_filler,0,1247.0
154.7152052610354,-481.9999999999999,0.0,duct_filler,0,1247.0
161.64340849131088,-481.9999999999999,0.0,duct_filler,0,1247.0
168.57161172158635,-481.9999999999999,0.0,duct_filler,0,1247.0
175.49981495186182,-481.9999999999999,0.0,duct_filler,0,1247.0
182.4280181821373,-481.9999999999999,0.0,duct_filler,0,1247.0
189.35622141241265,-481.9999999999999,0.0,duct_filler,0,1247.0
196.28442464268812,-481.9999999999999,0.0,duct_filler,0,1247.0
203.2126278729637,-481.9999999999999,0.0,duct_filler,0,1247.0
210.14083110323918,-481.9999999999999,0.0,duct_filler,0,1247.0
217.06903433351465,-481.9999999999999,0.0,duct_filler,0,1247.0
223.99723756379012,-481.9999999999999,0.0,duct_filler,0,1247.0
230.9254407940656,-481.9999999999999,0.0,duct_filler,0,1247.0
237.85364402434107,-481.9999999999999,0.0,duct_filler,0,1247.0
244.78184725461665,-481.9999999999999,0.0,duct_filler,0,1247.0
251.7100504848919,-481.9999999999999,0.0,duct_filler,0,1247.0
258.6382537151676,-481.9999999999999,0.0,duct_filler,0,1247.0
265.56645694544295,-481.9999999999999,0.0,duct_filler,0,1247.0
272.49466017571854,-481.9999999999999,0.0,duct_filler,0,1247.0
279.4228634059939,-481.9999999999999,0.0,duct_filler,0,1247.0
355.6330989390242,-481.9999999999999,0.0,duct_filler,0,1247.0
362.56130216929967,-481.9999999999999,0.0,duct_filler,0,1247.0
369.48950539957514,-481.9999999999999,0.0,duct_filler,0,1247.0
376.4177086298505,-481.9999999999999,0.0,duct_filler,0,1247.0
383.34591186012597,-481.9999999999999,0.0,duct_filler,0,1247.0
390.27411509040144,-481.9999999999999,0.0,duct_filler,0,1247.0
-35.810383571540456,-487.9999999999999,0.0,duct_filler,0,1247.0
-28.882180341264927,-487.9999999999999,0.0,duct_filler,0,1247.0
-21.953977110989342,-487.9999999999999,0.0,duct_filler,0,1247.0
-15.025773880713814,-487.9999999999999,0.0,duct_filler,0,1247.0
-8.097570650438342,-487.9999999999999,0.0,duct_filler,0,1247.0
-1.1693674201628141,-487.9999999999999,0.0,duct_filler,0,1247.0
5.758835810112714,-487.9999999999999,0.0,duct_filler,0,1247.0
12.6870390403883,-488.0,0.0,duct_filler,0,1247.0
19.615242270663657,-488.0000000000001,0.0,duct_filler,0,1247.0
26.54344550093913,-488.0000000000001,0.0,duct_filler,0,1247.0
33.4716487312146,-488.0000000000001,0.0,duct_filler,0,1247.0
40.39985196149007,-488.0000000000001,0.0,duct_filler,0,1247.0
47.32805519176554,-488.0000000000001,0.0,duct_filler,0,1247.0
54.2562584220409,-488.0000000000001,0.0,duct_filler,0,1247.0
61.18446165231637,-488.0000000000001,0.0,duct_filler,0,1247.0
68.11266488259196,-488.0000000000001,0.0,duct_filler,0,1247.0
75.04086811286754,-488.0000000000001,0.0,duct_filler,0,1247.0
81.9690713431429,-488.0000000000001,0.0,duct_filler,0,1247.0
88.89727457341837,-488.0000000000001,0.0,duct_filler,0,1247.0
95.82547780369384,-488.0000000000001,0.0,duct_filler,0,1247.0
102.75368103396931,-488.0000000000001,0.0,duct_filler,0,1247.0
109.6818842642449,-488.0000000000001,0.0,duct_filler,0,1247.0
116.61008749452026,-488.0000000000001,0.0,duct_filler,0,1247.0
123.53829072479573,-488.0000000000001,0.0,duct_filler,0,1247.0
130.4664939550712,-488.0000000000001,0.0,duct_filler,0,1247.0
137.39469718534656,-488.0000000000001,0.0,duct_filler,0,1247.0
144.32290041562203,-488.0000000000001,0.0,duct_filler,0,1247.0
151.25110364589762,-488.0000000000001,0.0,duct_filler,0,1247.0
158.1793068761731,-488.0000000000001,0.0,duct_filler,0,1247.0
165.10751010644856,-488.0000000000001,0.0,duct_filler,0,1247.0
172.03571333672403,-488.0000000000001,0.0,duct_filler,0,1247.0
178.9639165669995,-488.0000000000001,0.0,duct_filler,0,1247.0
185.89211979727497,-488.0000000000001,0.0,duct_filler,0,1247.0
192.82032302755056,-488.0000000000001,0.0,duct_filler,0,1247.0
199.7485262578258,-488.0000000000001,0.0,duct_filler,0,1247.0
206.6767294881015,-488.0000000000001,0.0,duct_filler,0,1247.0
213.60493271837686,-488.0000000000001,0.0,duct_filler,0,1247.0
220.53313594865233,-488.0000000000001,0.0,duct_filler,0,1247.0
227.4613391789278,-488.0000000000001,0.0,duct_filler,0,1247.0
234.38954240920327,-488.0000000000001,0.0,duct_filler,0,1247.0
241.31774563947874,-488.0000000000001,0.0,duct_filler,0,1247.0
248.24594886975422,-488.0000000000001,0.0,duct_filler,0,1247.0
255.1741521000298,-488.0000000000001,0.0,duct_filler,0,1247.0
262.10235533030504,-488.0000000000001,0.0,duct_filler,0,1247.0
269.03055856058074,-488.0000000000001,0.0,duct_filler,0,1247.0
275.9587617908561,-488.0000000000001,0.0,duct_filler,0,1247.0
282.8869650211316,-488.0000000000001,0.0,duct_filler,0,1247.0
289.81516825140704,-488.0000000000001,0.0,duct_filler,0,1247.0
296.7433714816825,-488.0000000000001,0.0,duct_filler,0,1247.0
352.1689973238865,-488.0000000000001,0.0,duct_filler,0,1247.0
359.097200554162,-488.0000000000001,0.0,duct_filler,0,1247.0
366.02540378443734,-488.0000000000001,0.0,duct_filler,0,1247.0
372.9536070147128,-488.0000000000001,0.0,duct_filler,0,1247.0
379.8818102449883,-488.0000000000001,0.0,duct_filler,0,1247.0
386.81001347526364,-488.0000000000001,0.0,duct_filler,0,1247.0
393.7382167055391,-488.0000000000001,0.0,duct_filler,0,1247.0
400.6664199358146,-488.0000000000001,0.0,duct_filler,0,1247.0
-39.27448518667825,-494.0,0.0,duct_filler,0,1247.0
-32.34628195640266,-494.0,0.0,duct_filler,0,1247.0
-25.41807872612725,-494.0,0.0,duct_filler,0,1247.0
-18.489875495851663,-494.0,0.0,duct_filler,0,1247.0
-11.561672265576135,-494.0,0.0,duct_filler,0,1247.0
-4.633469035300607,-494.0,0.0,duct_filler,0,1247.0
2.2947341949749784,-494.0,0.0,duct_filler,0,1247.0
9.222937425250507,-494.0,0.0,duct_filler,0,1247.0
16.151140655525978,-494.0,0.0,duct_filler,0,1247.0
23.079343885801563,-494.0,0.0,duct_filler,0,1247.0
30.00754711607692,-494.0,0.0,duct_filler,0,1247.0
36.93575034635239,-494.0,0.0,duct_filler,0,1247.0
43.863953576627864,-494.0,0.0,duct_filler,0,1247.0
50.792156806903336,-494.0,0.0,duct_filler,0,1247.0
57.72036003717881,-494.0,0.0,duct_filler,0,1247.0
64.64856326745439,-494.0,0.0,duct_filler,0,1247.0
71.57676649772975,-494.0,0.0,duct_filler,0,1247.0
78.50496972800522,-494.0,0.0,duct_filler,0,1247.0
85.4331729582807,-494.0,0.0,duct_filler,0,1247.0
92.36137618855616,-494.0,0.0,duct_filler,0,1247.0
99.28957941883164,-494.0,0.0,duct_filler,0,1247.0
106.21778264910711,-494.0,0.0,duct_filler,0,1247.0
113.14598587938258,-494.0,0.0,duct_filler,0,1247.0
120.07418910965805,-494.0,0.0,duct_filler,0,1247.0
127.00239233993341,-494.0,0.0,duct_filler,0,1247.0
133.9305955702091,-494.0,0.0,duct_filler,0,1247.0
140.85879880048446,-494.0,0.0,duct_filler,0,1247.0
147.78700203076005,-494.0,0.0,duct_filler,0,1247.0
154.7152052610354,-494.0,0.0,duct_filler,0,1247.0
161.64340849131088,-494.0,0.0,duct_filler,0,1247.0
168.57161172158635,-494.0,0.0,duct_filler,0,1247.0
175.49981495186182,-494.0,0.0,duct_filler,0,1247.0
182.4280181821373,-494.0,0.0,duct_filler,0,1247.0
189.35622141241265,-494.0,0.0,duct_filler,0,1247.0
196.28442464268812,-494.0,0.0,duct_filler,0,1247.0
203.2126278729637,-494.0,0.0,duct_filler,0,1247.0
210.14083110323918,-494.0,0.0,duct_filler,0,1247.0
217.06903433351465,-494.0,0.0,duct_filler,0,1247.0
223.99723756379012,-494.0,0.0,duct_filler,0,1247.0
230.9254407940656,-494.0,0.0,duct_filler,0,1247.0
237.85364402434107,-494.0,0.0,duct_filler,0,1247.0
244.78184725461665,-494.0,0.0,duct_filler,0,1247.0
251.7100504848919,-494.0,0.0,duct_filler,0,1247.0
258.6382537151676,-494.0,0.0,duct_filler,0,1247.0
265.56645694544295,-494.0,0.0,duct_filler,0,1247.0
272.49466017571854,-494.0,0.0,duct_filler,0,1247.0
279.4228634059939,-494.0,0.0,duct_filler,0,1247.0
286.35106663626937,-494.0,0.0,duct_filler,0,1247.0
293.27926986654484,-494.0,0.0,duct_filler,0,1247.0
300.2074730968204,-494.0,0.0,duct_filler,0,1247.0
307.13567632709567,-494.0,0.0,duct_filler,0,1247.0
348.70489570874884,-494.0,0.0,duct_filler,0,1247.0
355.6330989390242,-494.0,0.0,duct_filler,0,1247.0
362.56130216929967,-494.0,0.0,duct_filler,0,1247.0
369.48950539957514,-494.0,0.0,duct_filler,0,1247.0
376.4177086298505,-494.0,0.0,duct_filler,0,1247.0
383.34591186012597,-494.0,0.0,duct_filler,0,1247.0
390.27411509040144,-494.0,0.0,duct_filler,0,1247.0
397.2023183206768,-494.0,0.0,duct_filler,0,1247.0
-42.738586801815984,-499.9999999999999,0.0,duct_filler,0,1247.0
-35.810383571540456,-499.9999999999999,0.0,duct_filler,0,1247.0
-28.882180341264927,-499.9999999999999,0.0,duct_filler,0,1247.0
-21.953977110989342,-499.9999999999999,0.0,duct_filler,0,1247.0
-15.025773880713814,-499.9999999999999,0.0,duct_filler,0,1247.0
-8.097570650438342,-499.9999999999999,0.0,duct_filler,0,1247.0
-1.1693674201628141,-499.9999999999999,0.0,duct_filler,0,1247.0
5.758835810112714,-499.9999999999999,0.0,duct_filler,0,1247.0
12.6870390403883,-500.0000000000001,0.0,duct_filler,0,1247.0
19.615242270663657,-499.9999999999999,0.0,duct_filler,0,1247.0
26.54344550093913,-499.9999999999999,0.0,duct_filler,0,1247.0
33.4716487312146,-499.9999999999999,0.0,duct_filler,0,1247.0
40.39985196149007,-499.9999999999999,0.0,duct_filler,0,1247.0
47.32805519176554,-499.9999999999999,0.0,duct_filler,0,1247.0
54.2562584220409,-499.9999999999999,0.0,duct_filler,0,1247.0
61.18446165231637,-499.9999999999999,0.0,duct_filler,0,1247.0
68.11266488259196,-499.9999999999999,0.0,duct_filler,0,1247.0
75.04086811286754,-499.9999999999999,0.0,duct_filler,0,1247.0
81.9690713431429,-499.9999999999999,0.0,duct_filler,0,1247.0
88.89727457341837,-499.9999999999999,0.0,duct_filler,0,1247.0
95.82547780369384,-499.9999999999999,0.0,duct_filler,0,1247.0
102.75368103396931,-499.9999999999999,0.0,duct_filler,0,1247.0
109.6818842642449,-499.9999999999999,0.0,duct_filler,0,1247.0
116.61008749452026,-499.9999999999999,0.0,duct_filler,0,1247.0
123.53829072479573,-499.9999999999999,0.0,duct_filler,0,1247.0
130.4664939550712,-499.9999999999999,0.0,duct_filler,0,1247.0
137.39469718534656,-499.9999999999999,0.0,duct_filler,0,1247.0
144.32290041562203,-499.9999999999999,0.0,duct_filler,0,1247.0
151.25110364589762,-499.9999999999999,0.0,duct_filler,0,1247.0
158.1793068761731,-499.9999999999999,0.0,duct_filler,0,1247.0
165.10751010644856,-499.9999999999999,0.0,duct_filler,0,1247.0
172.03571333672403,-499.9999999999999,0.0,duct_filler,0,1247.0
178.9639165669995,-499.9999999999999,0.0,duct_filler,0,1247.0
185.89211979727497,-499.9999999999999,0.0,duct_filler,0,1247.0
192.82032302755056,-499.9999999999999,0.0,duct_filler,0,1247.0
199.7485262578258,-499.9999999999999,0.0,duct_filler,0,1247.0
206.6767294881015,-499.9999999999999,0.0,duct_filler,0,1247.0
213.60493271837686,-499.9999999999999,0.0,duct_filler,0,1247.0
220.53313594865233,-499.9999999999999,0.0,duct_filler,0,1247.0
227.4613391789278,-499.9999999999999,0.0,duct_filler,0,1247.0
234.38954240920327,-499.9999999999999,0.0,duct_filler,0,1247.0
241.31774563947874,-499.9999999999999,0.0,duct_filler,0,1247.0
248.24594886975422,-499.9999999999999,0.0,duct_filler,0,1247.0
255.1741521000298,-499.9999999999999,0.0,duct_filler,0,1247.0
262.10235533030504,-499.9999999999999,0.0,duct_filler,0,1247.0
269.03055856058074,-499.9999999999999,0.0,duct_filler,0,1247.0
275.9587617908561,-499.9999999999999,0.0,duct_filler,0,1247.0
282.8869650211316,-499.9999999999999,0.0,duct_filler,0,1247.0
289.81516825140704,-499.9999999999999,0.0,duct_filler,0,1247.0
296.7433714816825,-499.9999999999999,0.0,duct_filler,0,1247.0
303.671574711958,-499.9999999999999,0.0,duct_filler,0,1247.0
310.5997779422336,-499.9999999999999,0.0,duct_filler,0,1247.0
317.5279811725088,-499.9999999999999,0.0,duct_filler,0,1247.0
324.4561844027844,-499.9999999999999,0.0,duct_filler,0,1247.0
345.2407940936107,-499.9999999999999,0.0,duct_filler,0,1247.0
352.1689973238865,-499.9999999999999,0.0,duct_filler,0,1247.0
359.097200554162,-499.9999999999999,0.0,duct_filler,0,1247.0
366.02540378443734,-499.9999999999999,0.0,duct_filler,0,1247.0
372.9536070147128,-499.9999999999999,0.0,duct_filler,0,1247.0
379.8818102449883,-499.9999999999999,0.0,duct_filler,0,1247.0
386.81001347526364,-499.9999999999999,0.0,duct_filler,0,1247.0
393.7382167055391,-499.9999999999999,0.0,duct_filler,0,1247.0
400.6664199358146,-499.9999999999999,0.0,duct_filler,0,1247.0
