x,y,z,type,is_movable,volume
120.98000000000002,427.18,0.0,epithelial_tumor_class1,1,1807.2773520939375
-76.36000000000001,-205.79999999999995,0.0,CD4_Tcell,1,970.1947958536169
142.24,138.23000000000002,0.0,epithelial_tumor_class1,1,867.6813998073156
-69.25,-397.17999999999995,0.0,epithelial_tumor_class1_class2,1,3216.765418719319
-421.87,473.76,0.0,mesenchymal_tumor_class1,1,689.2405896245706
-112.07999999999998,136.07,0.0,other_tissue,0,1019.4518582015291
-221.35000000000002,-171.72000000000003,0.0,mesenchymal_tumor_class1,1,2490.967995504416
-386.15999999999997,178.83999999999997,0.0,mesenchymal_tumor_class1,1,1502.447112972793
-460.90999999999997,400.95,0.0,epithelial_tumor_class1,1,2233.5234192553453
218.98000000000002,-123.29999999999995,0.0,epithelial_tumor_class1_class2,1,2899.935423899497
-38.00999999999999,265.93,0.0,epithelial_tumor_class1,1,2339.0945489128962
-109.73000000000002,157.8,0.0,epithelial_tumor_class1,1,1596.6526619707465
-116.69,-4.100000000000023,0.0,epithelial_tumor_class1,1,1105.0295874591188
-380.13,39.43000000000001,0.0,epithelial_tumor_class1,1,2068.218582850979
-140.58999999999997,-4.389999999999986,0.0,epithelial_tumor_class1,1,1552.9928071357474
-545.336,449.63,0.0,epithelial_tumor_class1,1,856.4458509611939
-277.27,-185.95000000000005,0.0,mesenchymal_tumor_class1,1,1010.6258286251959
298.28,-349.91999999999996,0.0,epithelial_tumor_class1_class2,1,1310.1870545452923
-61.110000000000014,270.73,0.0,epithelial_tumor_class1,1,2579.7109849798157
-487.49,148.57,0.0,epithelial_tumor_class1,1,1823.7944996399292
-543.925,-68.60000000000002,0.0,apCAF,1,648.8508860157395
139.64999999999998,191.26,0.0,epithelial_tumor_class1,1,1818.529812579466
-328.91999999999996,267.69,0.0,epithelial_tumor_class1,1,3200.511455221749
-401.65999999999997,-120.83000000000004,0.0,epithelial_tumor_class1,1,1574.034667749562
-188.26,69.19999999999999,0.0,other_tissue,0,1011.2103620420081
159.78999999999996,357.62,0.0,epithelial_tumor_class1,1,1640.719556004412
-427.48,-211.67999999999995,0.0,mesenchymal_tumor_class1,1,860.7051739782289
-111.31,54.860000000000014,0.0,epithelial_tumor_class1,1,2425.348538942853
-231.38,4.919999999999959,0.0,epithelial_tumor_class1,1,1755.613909913888
200.54999999999995,-97.77999999999997,0.0,epithelial_tumor_class1,1,12657.689656927883
-514.29,422.52,0.0,epithelial_tumor_class1,1,1460.467617691571
50.33000000000004,109.82999999999998,0.0,epithelial_tumor_class1,1,1707.7412759112349
-121.32,62.22000000000003,0.0,epithelial_tumor_class1,1,4227.613958285353
-86.07,301.72,0.0,CAF,1,1090.363522774579
119.76999999999998,202.52999999999997,0.0,other_tissue,0,1019.4518582015291
526.2,151.51,0.0,epithelial_tumor_class1,1,8377.459727636238
116.64999999999998,153.73000000000002,0.0,epithelial_tumor_class1,1,1264.2099761759491
-359.47,45.639999999999986,0.0,epithelial_tumor_class1_class2,1,1460.467617691571
-328.11,466.09000000000003,0.0,other_tissue,0,1019.4518582015291
-443.24,-111.29999999999995,0.0,other_tissue,0,853.0267790883152
214.57000000000005,138.91000000000003,0.0,epithelial_tumor_class1,1,2244.614317751223
37.91999999999996,-401.95000000000005,0.0,other_tissue,0,659.0524721836866
-413.36,465.84000000000003,0.0,epithelial_tumor_class1,1,922.743043399915
-48.39999999999998,105.75,0.0,epithelial_tumor_class1,1,6696.528856206723
248.32000000000005,424.35,0.0,CAF,1,1266.1957681158633
30.610000000000014,393.13,0.0,epithelial_tumor_class1,1,3038.0302955128172
-54.97000000000003,93.25999999999999,0.0,epithelial_tumor_class1,1,1445.2691830369424
-503.89,-254.05999999999995,0.0,CD8_Tcell,1,442.57127412779397
-417.3,488.17,0.0,epithelial_tumor_class1,1,2564.549960110221
149.55999999999995,-26.399999999999977,0.0,epithelial_tumor_class1,1,1933.4837496802081
55.34000000000003,160.12,0.0,other_tissue,0,964.8727314614372
537.5,-77.73000000000002,0.0,apCAF,1,290.4418544731396
222.60000000000002,361.52,0.0,CAF,1,769.7889714836102
-200.51999999999998,-293.74,0.0,mesenchymal_tumor_class1_class2,1,887.7188684695736
443.98,168.04000000000002,0.0,epithelial_tumor_class1,1,1356.5246725783884
-273.91,67.69,0.0,other_tissue,0,692.4718720504313
517.8,-13.649999999999977,0.0,CD4_Tcell,1,1073.1564248430268
-25.470000000000027,261.1,0.0,epithelial_tumor_class1,1,1714.9023568125183
393.64,-452.1,0.0,epithelial_tumor_class1_class2,1,2260.819556916184
-353.24,36.91999999999996,0.0,other_tissue,0,1019.4518582015291
472.29999999999995,168.32999999999998,0.0,other_tissue,0,804.8340965391748
141.61,0.32000000000005,0.0,other_tissue,0,867.1975585187962
-510.29,125.63999999999999,0.0,other_tissue,0,793.7136581971992
-132.72000000000003,70.66000000000003,0.0,epithelial_tumor_class1,1,2542.5505415088055
170.66999999999996,142.77999999999997,0.0,mesenchymal_tumor_class1,1,2529.5309066455125
-422.47,-134.71000000000004,0.0,mesenchymal_tumor_class1,1,1727.3344217411543
-388.97,249.89999999999998,0.0,epithelial_tumor_class1,1,1572.9878991832948
-219.12,-81.71000000000004,0.0,CAF,1,835.6172895532314
17.309999999999945,209.22000000000003,0.0,mesenchymal_tumor_class1,1,1121.8616452268077
-429.98,400.3,0.0,epithelial_tumor_class1,1,1205.1090842006624
-511.28,380.0,0.0,other_tissue,0,1019.4518582015291
162.22000000000003,-480.29999999999995,0.0,other_tissue,0,477.26875688668457
-36.200000000000045,61.5,0.0,epithelial_tumor_class1,1,1168.3317477053647
-364.97,409.1,0.0,epithelial_tumor_class1,1,2687.9819168609156
-330.19,-48.289999999999964,0.0,epithelial_tumor_class1,1,1553.9982463484064
238.16999999999996,219.33999999999997,0.0,other_tissue,0,532.5557855890731
-438.1,-122.10000000000002,0.0,mesenchymal_tumor_class1,1,1849.8695564300358
-308.47,-14.509999999999991,0.0,epithelial_tumor_class1,1,1650.0882694719396
94.67999999999995,343.96000000000004,0.0,epithelial_tumor_class1,1,1496.0489672791377
-455.34000000000003,195.42000000000002,0.0,epithelial_tumor_class1,1,1551.6961071592082
497.9000000000001,-87.67999999999995,0.0,CD4_Tcell,1,625.6287232832157
125.48000000000002,-485.0,0.0,other_tissue,0,1019.4518582015291
-305.22,-53.700000000000045,0.0,mesenchymal_tumor_class1,1,1442.921362490988
-266.64,-412.9,0.0,epithelial_tumor_class1,1,2296.071835638819
-95.92000000000002,48.24000000000001,0.0,epithelial_tumor_class1,1,4442.171321689164
-64.35000000000002,-240.64999999999998,0.0,CAF,1,711.4165056411941
89.19000000000005,358.90999999999997,0.0,epithelial_tumor_class1,1,1532.4285522023467
166.03999999999996,-24.059999999999945,0.0,epithelial_tumor_class1,1,1068.7350114464969
500.20000000000005,-256.80999999999995,0.0,epithelial_tumor_class1_class2,1,1035.9152789443067
138.61,451.75,0.0,other_tissue,0,1019.4518582015291
369.70000000000005,-402.28,0.0,CD4_Tcell,1,457.52326624077676
-89.24000000000001,247.98000000000002,0.0,epithelial_tumor_class1,1,3114.850809542555
325.64,326.72,0.0,CAF,1,455.30154120174524
-383.77,531.58,0.0,CD4_Tcell,1,653.3920568237585
-260.21,-152.28999999999996,0.0,epithelial_tumor_class1,1,10198.04634873097
-34.059999999999945,74.10000000000002,0.0,epithelial_tumor_class1,1,1710.7485719697295
-93.91000000000003,116.22000000000003,0.0,other_tissue,0,626.7436943905741
236.11,-125.75,0.0,epithelial_tumor_class1_class2,1,6550.194184437001
-18.24000000000001,227.48000000000002,0.0,mesenchymal_tumor_class1,1,969.5314310189892
-403.97,438.37,0.0,other_tissue,0,693.7596277592336
261.88,290.17,0.0,other_tissue,0,435.0176933990544
510.20000000000005,29.399999999999977,0.0,CD4_Tcell,1,819.1446697585789
-235.85000000000002,-166.0,0.0,CAF,1,1266.1957681158633
-350.28,193.64,0.0,CAF,1,567.6628674732254
-141.99,-264.0,0.0,epithelial_tumor_class1,1,5088.550374832655
-152.70999999999998,-429.66999999999996,0.0,CAF,1,870.6984618757471
341.47,186.64,0.0,epithelial_tumor_class1_class2,1,6937.668423309729
-345.15999999999997,-44.889999999999986,0.0,CD4_Tcell,1,1036.3609403870746
105.49000000000001,336.85,0.0,epithelial_tumor_class1,1,1473.1410266325345
-220.86,-335.79999999999995,0.0,epithelial_tumor_class1,1,1943.520868520522
-76.94,49.410000000000025,0.0,epithelial_tumor_class1,1,4103.112946039215
171.92999999999995,127.99000000000001,0.0,epithelial_tumor_class1,1,2102.634690265701
245.89,121.61000000000001,0.0,apCAF,1,997.7505859785379
291.85,-326.03999999999996,0.0,CD4_Tcell,1,1042.4147444640803
-270.16,-198.17999999999995,0.0,mesenchymal_tumor_class1,1,2529.5309066455125
-9.690000000000055,20.91999999999996,0.0,CD4_Tcell,1,656.9671154916241
371.28999999999996,209.39999999999998,0.0,mesenchymal_tumor_class1,1,1126.7768092927267
-73.32999999999998,263.25,0.0,mesenchymal_tumor_class1,1,2208.1285284813866
-303.49,449.64,0.0,other_tissue,0,1019.4518582015291
42.07000000000005,-98.26999999999998,0.0,CD4_Tcell,1,1073.1564248430268
-474.55,-102.45000000000005,0.0,epithelial_tumor_class1,1,4879.244094376173
112.5,48.079999999999984,0.0,CAF,1,547.4026454765906
-258.44,207.67000000000002,0.0,epithelial_tumor_class1,1,2473.8564299947475
160.60000000000002,183.43,0.0,epithelial_tumor_class1,1,1376.8631240414124
65.19000000000005,370.02,0.0,mesenchymal_tumor_class1,1,1633.900821291863
-135.43,291.32,0.0,mesenchymal_tumor_class1,1,806.739449758964
-36.74000000000001,-182.73000000000002,0.0,epithelial_tumor_class1,1,2525.6516958274215
-296.16999999999996,-12.299999999999955,0.0,epithelial_tumor_class1,1,1018.1934072617446
-472.84000000000003,460.52,0.0,epithelial_tumor_class1,1,2582.668412259431
33.22000000000003,366.0,0.0,other_tissue,0,1019.4518582015291
-521.93,243.47000000000003,0.0,epithelial_tumor_class1,1,1982.871575895023
-116.38999999999999,-283.82000000000005,0.0,mesenchymal_tumor_class1,1,1083.053904709499
46.26999999999998,151.60000000000002,0.0,epithelial_tumor_class1,1,1392.634083481827
217.76999999999998,118.61000000000001,0.0,CD4_Tcell,1,519.8379049626041
-526.12,437.37,0.0,epithelial_tumor_class1,1,1616.0541240143775
88.19000000000005,-297.79999999999995,0.0,CD8_Tcell,1,423.20150161694784
-185.51999999999998,59.85000000000002,0.0,epithelial_tumor_class1,1,1531.4324393997522
6.110000000000014,-41.39999999999998,0.0,epithelial_tumor_class1_class2,1,4759.550832670564
506.0999999999999,-40.710000000000036,0.0,epithelial_tumor_class1,1,1002.6113226981416
-367.81,472.28,0.0,epithelial_tumor_class1,1,1047.4193624966276
-63.56999999999999,-99.46000000000004,0.0,epithelial_tumor_class1,1,1032.5027850697527
-231.60000000000002,24.75999999999999,0.0,epithelial_tumor_class1,1,1806.3088731757155
-66.26999999999998,-24.029999999999973,0.0,other_tissue,0,757.5066278675911
-8.57000000000005,221.72000000000003,0.0,other_tissue,0,804.875940157169
-122.58999999999997,157.57999999999998,0.0,epithelial_tumor_class1,1,1373.1556387052165
-489.68,489.55,0.0,epithelial_tumor_class1,1,2670.8163007954095
-409.5,-30.139999999999986,0.0,CD4_Tcell,1,522.4058774520457
73.38999999999999,283.25,0.0,CD4_Tcell,1,715.3934068787963
415.5,89.88,0.0,mesenchymal_tumor_class1,1,717.5618117914235
-494.63,398.35,0.0,epithelial_tumor_class1,1,1719.4445757458943
-105.92000000000002,94.49000000000001,0.0,epithelial_tumor_class1,1,1581.2765943723998
-289.24,89.87,0.0,epithelial_tumor_class1,1,1664.887331482747
0.5199999999999818,87.83999999999997,0.0,other_tissue,0,445.4421195083751
436.35,-82.74000000000001,0.0,epithelial_tumor_class1,1,1499.2140909853015
296.9,-395.82000000000005,0.0,epithelial_tumor_class1_class2,1,1388.80802987068
-241.44,-288.08000000000004,0.0,apCAF,1,426.1249586944115
127.70000000000005,19.620000000000005,0.0,epithelial_tumor_class1,1,859.349400120344
113.49000000000001,-469.70000000000005,0.0,CD8_Tcell,1,635.6218096343007
10.149999999999977,185.82999999999998,0.0,other_tissue,0,1019.4518582015291
45.889999999999986,357.19,0.0,other_tissue,0,841.1209302460852
284.83000000000004,-361.98,0.0,epithelial_tumor_class1_class2,1,1710.7485719697295
164.79999999999995,-101.65999999999997,0.0,epithelial_tumor_class1,1,4759.550832670564
-221.02999999999997,-251.32000000000005,0.0,mesenchymal_tumor_class1,1,1956.69284393031
484.20000000000005,-48.17999999999995,0.0,mesenchymal_tumor_class1,1,734.9488456071366
-372.03999999999996,453.87,0.0,epithelial_tumor_class1,1,4548.268975075412
204.44000000000005,235.88,0.0,other_tissue,0,709.7221379736213
156.75,464.64,0.0,epithelial_tumor_class1,1,3587.0560886514104
-142.39,-294.34000000000003,0.0,mesenchymal_tumor_class1,1,1219.873326527902
-292.75,77.76999999999998,0.0,epithelial_tumor_class1,1,2208.8666444215346
5.009999999999991,202.89,0.0,epithelial_tumor_class1,1,1464.64239745336
133.96000000000004,-168.89,0.0,CD8_Tcell,1,1333.4241050137366
-244.57,-315.04999999999995,0.0,epithelial_tumor_class1_class2,1,2292.034195587408
171.83000000000004,276.15,0.0,CAF,1,515.2865176080868
-219.57999999999998,33.200000000000045,0.0,epithelial_tumor_class1,1,1820.3676940654677
45.539999999999964,40.5,0.0,other_tissue,0,986.0387766182729
-99.19,256.44,0.0,epithelial_tumor_class1,1,1789.7906923739042
135.54999999999995,202.41000000000003,0.0,epithelial_tumor_class1,1,816.1423873749555
-489.78,-158.01,0.0,CAF,1,991.0777385799313
100.66999999999996,-25.25999999999999,0.0,epithelial_tumor_class1,1,1639.2736129222155
-423.55,393.08000000000004,0.0,epithelial_tumor_class1,1,2285.608994914863
-94.60000000000002,152.51,0.0,epithelial_tumor_class1,1,1770.1517182913278
99.23000000000002,161.70999999999998,0.0,epithelial_tumor_class1,1,1250.8851171900462
-75.42000000000002,248.86,0.0,mesenchymal_tumor_class1,1,1152.1260394973842
76.59000000000003,440.65999999999997,0.0,epithelial_tumor_class1_class2,1,3302.6670447830516
-380.98,-222.25,0.0,apCAF,1,1131.8376084355377
142.30999999999995,-34.360000000000014,0.0,epithelial_tumor_class1,1,1683.741238705182
-129.93,304.83000000000004,0.0,epithelial_tumor_class1_class2,1,1031.0707882342685
-298.64,343.87,0.0,other_tissue,0,717.3680263077673
-53.410000000000025,249.60000000000002,0.0,CAF,1,668.9904524355583
405.59000000000003,-379.64,0.0,other_tissue,0,455.1870671305745
301.41999999999996,140.26999999999998,0.0,CD4_Tcell,1,708.3762682857433
88.72000000000003,200.8,0.0,epithelial_tumor_class1,1,780.2880154958913
-392.41999999999996,456.79,0.0,epithelial_tumor_class1,1,2590.5507305063074
-425.88,-183.69000000000005,0.0,other_tissue,0,879.0813518052214
21.99000000000001,-249.36,0.0,CD4_Tcell,1,306.179319957685
-440.32,-520.8,0.0,other_tissue,0,1019.4518582015291
-281.61,-15.259999999999991,0.0,CD4_Tcell,1,484.6457055271267
149.53999999999996,215.92000000000002,0.0,CAF,1,1266.1957681158633
295.83000000000004,205.43,0.0,CAF,1,977.5117904630476
-234.32,-45.60000000000002,0.0,mesenchymal_tumor_class1_class2,1,837.1197990686775
187.14,480.4,0.0,epithelial_tumor_class1,1,4273.932323220754
363.85,-119.5,0.0,epithelial_tumor_class1_class2,1,2301.673480786707
504.20000000000005,-467.29999999999995,0.0,epithelial_tumor_class1_class2,1,3421.282760421191
-208.92000000000002,-260.22,0.0,epithelial_tumor_class1,1,3794.0419474265454
-466.37,-194.28999999999996,0.0,mesenchymal_tumor_class1,1,1088.392323632883
434.69000000000005,113.86000000000001,0.0,epithelial_tumor_class1,1,1373.7232888344233
-289.26,-52.629999999999995,0.0,epithelial_tumor_class1,1,1399.3995139950903
289.33000000000004,133.83999999999997,0.0,apCAF,1,118.85281871302858
-62.55000000000001,388.3,0.0,other_tissue,0,1019.4518582015291
409.96000000000004,-464.79999999999995,0.0,CD4_Tcell,1,1073.1564248430268
-136.3,120.00999999999999,0.0,epithelial_tumor_class1,1,954.0527095514736
-462.26,-0.14999999999997726,0.0,CD4_Tcell,1,1073.1564248430268
392.12,261.61,0.0,CAF,1,421.3777508224717
-93.83999999999997,14.639999999999986,0.0,other_tissue,0,459.4354014406454
-375.68,69.24000000000001,0.0,mesenchymal_tumor_class1,1,634.8892040055138
125.65999999999997,169.82999999999998,0.0,epithelial_tumor_class1,1,5238.578744912342
505.29999999999995,165.04000000000002,0.0,epithelial_tumor_class1_class2,1,1133.3351417912697
39.879999999999995,225.73000000000002,0.0,epithelial_tumor_class1,1,2047.3682118711008
158.35000000000002,-8.07000000000005,0.0,epithelial_tumor_class1,1,1563.6530066950268
368.38,-128.97000000000003,0.0,epithelial_tumor_class1,1,4562.5549811547835
-203.14999999999998,170.67000000000002,0.0,epithelial_tumor_class1,1,1749.498140924454
409.15999999999997,173.82999999999998,0.0,epithelial_tumor_class1,1,1205.1912333035352
-163.41000000000003,66.02999999999997,0.0,epithelial_tumor_class1,1,2708.978263669923
-243.74,254.10000000000002,0.0,CAF,1,392.4394218387004
-261.6,-26.340000000000032,0.0,mesenchymal_tumor_class1,1,965.6048346865648
-537.56,369.25,0.0,epithelial_tumor_class1,1,2339.861567607776
254.99,110.02999999999997,0.0,epithelial_tumor_class1,1,3195.263024060074
80.88,334.16999999999996,0.0,mesenchymal_tumor_class1,1,1578.5869585590303
40.09000000000003,-297.77,0.0,apCAF,1,430.76975612657077
132.0,345.56,0.0,epithelial_tumor_class1,1,2550.8024460225565
311.57000000000005,133.11,0.0,CD8_Tcell,1,1333.4241050137366
488.5999999999999,-409.9,0.0,CD4_Tcell,1,600.4856548329316
-314.03999999999996,-204.12,0.0,CD8_Tcell,1,333.5844689295243
-337.71000000000004,-23.389999999999986,0.0,other_tissue,0,881.0354409057762
185.69000000000005,-466.1,0.0,other_tissue,0,593.6107172812549
204.79999999999995,-54.610000000000014,0.0,epithelial_tumor_class1,1,5028.2006370091485
208.33000000000004,-362.63,0.0,epithelial_tumor_class1_class2,1,1955.482627663138
216.35000000000002,459.94,0.0,other_tissue,0,781.2184665623548
-225.01,-313.28,0.0,other_tissue,0,1019.4518582015291
254.01999999999998,188.32,0.0,CD4_Tcell,1,368.7975005106264
-270.56,94.95999999999998,0.0,epithelial_tumor_class1,1,1335.5369217966063
-389.1,477.82,0.0,CAF,1,516.6709290706401
-520.18,-290.19000000000005,0.0,apCAF,1,267.9921054162841
145.41999999999996,-11.269999999999982,0.0,epithelial_tumor_class1,1,2285.818778761389
-452.23,491.33,0.0,epithelial_tumor_class1,1,1344.2356739371496
-222.20999999999998,47.35000000000002,0.0,mesenchymal_tumor_class1,1,2529.5309066455125
-418.2,403.78999999999996,0.0,epithelial_tumor_class1,1,1388.80802987068
-513.61,187.3,0.0,apCAF,1,423.01071480229547
-342.08000000000004,-511.5999999999999,0.0,epithelial_tumor_class1_class2,1,3214.131604369771
155.10000000000002,66.33999999999997,0.0,other_tissue,0,815.2980003048303
-135.57,-448.38,0.0,CAF,1,831.1846755825025
307.89,164.92000000000002,0.0,epithelial_tumor_class1_class2,1,1654.1771334275086
-428.86,-123.88999999999999,0.0,mesenchymal_tumor_class1,1,1656.1394773254453
259.92999999999995,78.07,0.0,apCAF,1,913.9932937738514
-63.579999999999984,245.75,0.0,CAF,1,1266.1957681158633
-404.03999999999996,511.76,0.0,CD4_Tcell,1,578.5903933845501
191.69000000000005,-340.1,0.0,other_tissue,0,551.929427373074
67.62,317.34000000000003,0.0,CAF,1,1221.3922648643318
418.23,-455.79999999999995,0.0,epithelial_tumor_class1_class2,1,1288.106203998757
238.25,457.24,0.0,CD4_Tcell,1,599.7803076206079
-196.20999999999998,-101.29999999999995,0.0,epithelial_tumor_class1,1,1223.5208960547172
-248.32,-327.79999999999995,0.0,apCAF,1,878.9482237770063
-397.4,343.69,0.0,epithelial_tumor_class1_class2,1,2899.935423899497
476.0,155.37,0.0,mesenchymal_tumor_class1,1,1604.56019917586
-456.32,214.13,0.0,epithelial_tumor_class1,1,1490.6153807072274
28.590000000000032,-85.00999999999999,0.0,CD4_Tcell,1,482.8278762723632
26.32000000000005,219.04000000000002,0.0,other_tissue,0,820.7969393475298
-115.62,170.52999999999997,0.0,epithelial_tumor_class1,1,2490.123875683152
382.83000000000004,213.04000000000002,0.0,epithelial_tumor_class1,1,1916.2724958061035
-45.0,52.579999999999984,0.0,epithelial_tumor_class1,1,1388.80802987068
-260.61,-7.919999999999959,0.0,other_tissue,0,899.2256945283023
383.88,196.02999999999997,0.0,mesenchymal_tumor_class1,1,828.8569071045692
-334.78,-169.44000000000005,0.0,CD8_Tcell,1,1070.2016644377554
-121.04000000000002,9.789999999999964,0.0,other_tissue,0,1019.4518582015291
-430.11,-395.86,0.0,CD4_Tcell,1,594.4992536134233
-537.76,486.81,0.0,epithelial_tumor_class1,1,1891.793933872906
-421.19,213.5,0.0,epithelial_tumor_class1,1,1580.9812413006225
68.53999999999996,-123.66999999999996,0.0,CAF,1,416.85480616776687
409.71000000000004,-317.86,0.0,CD4_Tcell,1,876.0228065980989
112.42999999999995,-1.4800000000000182,0.0,epithelial_tumor_class1,1,1250.4079622353424
-69.25999999999999,288.43,0.0,epithelial_tumor_class1,1,3247.5819663528478
348.21000000000004,194.82,0.0,other_tissue,0,798.2410050869069
105.16999999999996,145.5,0.0,epithelial_tumor_class1,1,3369.8805340713448
-432.73,-229.45000000000005,0.0,mesenchymal_tumor_class1_class2,1,228.31737980716028
70.17999999999995,329.39,0.0,epithelial_tumor_class1,1,1451.3358390391493
-125.52999999999997,-430.11,0.0,other_tissue,0,1019.4518582015291
-105.81,376.35,0.0,CD4_Tcell,1,339.75125817726223
453.5,183.89,0.0,apCAF,1,207.50436494551346
135.44000000000005,161.31,0.0,epithelial_tumor_class1,1,2280.1591191366424
35.190000000000055,80.61000000000001,0.0,epithelial_tumor_class1,1,2955.107830668497
173.12,474.38,0.0,epithelial_tumor_class1,1,2385.067724660988
-406.62,-6.210000000000036,0.0,CD4_Tcell,1,576.3435297381307
498.70000000000005,-191.99,0.0,epithelial_tumor_class1_class2,1,857.1002147085379
-117.85000000000002,92.61000000000001,0.0,epithelial_tumor_class1,1,857.1002147085379
482.29999999999995,-78.20000000000005,0.0,CAF,1,659.5836608064843
-255.89,-484.9000000000001,0.0,other_tissue,0,793.7758446752532
-478.40999999999997,-152.23000000000002,0.0,mesenchymal_tumor_class1,1,1238.7694819460737
-103.32999999999998,239.48000000000002,0.0,other_tissue,0,1019.4518582015291
-166.87,-387.95000000000005,0.0,other_tissue,0,1019.4518582015291
-474.57,199.5,0.0,mesenchymal_tumor_class1,1,879.5030125773835
-291.53,419.48,0.0,CD4_Tcell,1,414.3366901954926
-213.26999999999998,75.82,0.0,apCAF,1,118.85281871302858
111.37,11.950000000000045,0.0,CD4_Tcell,1,935.6366551554843
480.79999999999995,212.7,0.0,other_tissue,0,1019.4518582015291
-105.11000000000001,282.16,0.0,epithelial_tumor_class1,1,1430.1458647253262
-265.09,382.27,0.0,CD4_Tcell,1,593.7131954897551
155.17999999999995,129.74,0.0,epithelial_tumor_class1,1,2748.4033474860857
-325.7,27.019999999999982,0.0,epithelial_tumor_class1,1,2051.6207188997973
-334.15,-521.0999999999999,0.0,epithelial_tumor_class1_class2,1,10871.668874768031
-105.56,213.41000000000003,0.0,other_tissue,0,790.2157292098781
-481.98,-378.64,0.0,apCAF,1,144.18522952681167
-131.55,-306.71000000000004,0.0,mesenchymal_tumor_class1,1,1193.3729524812895
-422.44,-459.9,0.0,CAF,1,421.20109911098285
-68.19999999999999,-423.29999999999995,0.0,CAF,1,1266.1957681158633
-311.11,-188.99,0.0,mesenchymal_tumor_class1,1,2097.4798155271287
500.29999999999995,-446.36,0.0,other_tissue,0,765.3294930893798
494.0,-24.840000000000032,0.0,CD4_Tcell,1,652.7914123164086
-523.04,406.47,0.0,epithelial_tumor_class1,1,1163.483607946614
-219.75,81.87,0.0,other_tissue,0,374.1202179665892
29.799999999999955,-357.28999999999996,0.0,CAF,1,650.3017637214566
-271.51,234.2,0.0,CAF,1,366.62565125928074
149.86,101.43,0.0,epithelial_tumor_class1,1,2304.076972160704
23.940000000000055,413.82,0.0,CAF,1,755.4991025144586
-298.47,-491.79999999999995,0.0,CAF,1,347.77225326344194
121.19000000000005,326.68,0.0,epithelial_tumor_class1,1,2668.536190132058
-324.12,5.67999999999995,0.0,other_tissue,0,381.79257849028056
-303.89,-223.75,0.0,mesenchymal_tumor_class1,1,2529.5309066455125
186.11,411.45,0.0,CAF,1,1172.3059662680907
-95.83999999999997,-404.30999999999995,0.0,epithelial_tumor_class1,1,2309.564877632662
490.4000000000001,186.23000000000002,0.0,apCAF,1,132.8602249078529
204.51999999999998,-499.9000000000001,0.0,CD4_Tcell,1,571.2843986071964
-408.47,-181.45000000000005,0.0,mesenchymal_tumor_class1,1,1268.9086896905653
-484.40999999999997,236.67000000000002,0.0,CAF,1,1266.1957681158633
129.10000000000002,-334.85,0.0,apCAF,1,681.384251433963
-421.39,-6.759999999999991,0.0,apCAF,1,617.3348564077922
-369.15,57.89999999999998,0.0,other_tissue,0,1019.4518582015291
58.549999999999955,381.03,0.0,mesenchymal_tumor_class1,1,754.0358508325197
-145.82999999999998,-248.5,0.0,epithelial_tumor_class1,1,3586.94276906099
-250.79000000000002,-36.49000000000001,0.0,epithelial_tumor_class1,1,2189.0767131486878
112.07000000000005,57.35000000000002,0.0,other_tissue,0,1019.4518582015291
-323.43,280.08,0.0,epithelial_tumor_class1,1,850.9840531484988
-4.659999999999968,442.0,0.0,other_tissue,0,1019.4518582015291
-165.76,-429.57000000000005,0.0,other_tissue,0,983.0714251980118
105.66999999999996,-436.28,0.0,CAF,1,838.5596012556116
309.42999999999995,256.5,0.0,other_tissue,0,767.5570731707093
-283.9,-528.5999999999999,0.0,CAF,1,237.59946975545373
-58.639999999999986,-345.73,0.0,CD4_Tcell,1,955.4594056530879
187.25,157.37,0.0,epithelial_tumor_class1,1,5204.3018835328185
-209.87,-530.0999999999999,0.0,apCAF,1,474.43907848889853
-123.11000000000001,33.200000000000045,0.0,other_tissue,0,998.1369335200642
-360.16999999999996,26.75999999999999,0.0,mesenchymal_tumor_class1,1,860.3551604411869
87.85000000000002,34.00999999999999,0.0,CD4_Tcell,1,527.8829735234426
-30.230000000000018,137.22000000000003,0.0,other_tissue,0,862.3909418874387
-493.55,-411.98,0.0,other_tissue,0,528.3885278133159
271.63,75.75999999999999,0.0,CD4_Tcell,1,468.244454168597
-469.72,241.27999999999997,0.0,CAF,1,1019.8094315102502
92.09000000000003,122.19,0.0,epithelial_tumor_class1,1,2285.9866150806797
-202.61,335.96000000000004,0.0,CD4_Tcell,1,627.4700216192747
102.64999999999998,354.21000000000004,0.0,epithelial_tumor_class1,1,3153.3779925608137
373.14,18.120000000000005,0.0,CD4_Tcell,1,960.6997454055203
-488.05,50.68000000000001,0.0,CD4_Tcell,1,464.0143623171393
531.5999999999999,-330.77,0.0,other_tissue,0,811.3161479649733
-221.69,-11.509999999999991,0.0,epithelial_tumor_class1,1,4492.4764084263625
2.480000000000018,19.029999999999973,0.0,epithelial_tumor_class1_class2,1,1108.4963850085364
-147.31,-280.79999999999995,0.0,epithelial_tumor_class1,1,5019.051320798984
78.76999999999998,-378.49,0.0,apCAF,1,123.34469752115625
49.870000000000005,-68.45000000000005,0.0,CD4_Tcell,1,837.9576922455092
232.97000000000003,107.12,0.0,epithelial_tumor_class1_class2,1,2041.2533749043303
231.27999999999997,123.36000000000001,0.0,CD8_Tcell,1,1333.4241050137366
335.86,176.32999999999998,0.0,epithelial_tumor_class1,1,1279.1671361263625
54.379999999999995,407.51,0.0,epithelial_tumor_class1,1,2416.0197266948408
-357.52,136.02999999999997,0.0,CD4_Tcell,1,436.6856864482978
276.66999999999996,460.71,0.0,CAF,1,1266.1957681158633
-305.65,-254.20000000000005,0.0,CAF,1,493.1842232204338
-430.04,-543.7,0.0,other_tissue,0,575.8580351171919
-206.07999999999998,-287.29999999999995,0.0,apCAF,1,531.8253363612116
-329.49,477.76,0.0,other_tissue,0,676.825970911394
-310.08000000000004,360.35,0.0,apCAF,1,437.89764386331734
-369.23,-299.6,0.0,CD4_Tcell,1,388.8086578179765
-254.45999999999998,-54.33000000000004,0.0,mesenchymal_tumor_class1,1,683.2770537950305
80.50999999999999,82.38,0.0,epithelial_tumor_class1,1,3287.5679786806645
-113.57999999999998,-458.29999999999995,0.0,CAF,1,872.2206487837301
-312.98,453.35,0.0,epithelial_tumor_class1_class2,1,1205.1912333035352
168.44000000000005,-454.79999999999995,0.0,epithelial_tumor_class1_class2,1,831.3343140485181
-402.38,204.13,0.0,other_tissue,0,317.4867362816233
-89.38,-208.86,0.0,CD8_Tcell,1,604.9022837502218
36.379999999999995,114.25,0.0,other_tissue,0,927.0583163689554
272.54999999999995,384.4,0.0,CAF,1,421.1195842063718
4.419999999999959,-77.75,0.0,apCAF,1,335.5888837999575
149.49,450.77,0.0,epithelial_tumor_class1,1,2517.4094057811117
-333.77,-444.64,0.0,other_tissue,0,730.389736407931
-376.24,27.33000000000004,0.0,epithelial_tumor_class1,1,1389.470308350394
301.88,96.14999999999998,0.0,epithelial_tumor_class1_class2,1,10871.668874768031
-174.55,-375.91999999999996,0.0,other_tissue,0,482.36669423100057
32.52999999999997,153.43,0.0,epithelial_tumor_class1,1,1872.7732927451402
-130.44,22.370000000000005,0.0,other_tissue,0,1019.4518582015291
-544.407,-378.20000000000005,0.0,apCAF,1,365.43786673444305
-152.11,-238.42999999999995,0.0,epithelial_tumor_class1,1,6230.487996574649
-186.79000000000002,-292.28999999999996,0.0,mesenchymal_tumor_class1,1,2529.5309066455125
-331.83000000000004,44.06999999999999,0.0,apCAF,1,155.03102968946192
-541.369,-26.120000000000005,0.0,CD8_Tcell,1,532.7782289045958
-36.309999999999945,95.19999999999999,0.0,epithelial_tumor_class1,1,920.0185003304479
-441.82,489.86,0.0,epithelial_tumor_class1,1,3011.0764598200135
-375.61,-317.97,0.0,apCAF,1,125.73863971729081
328.16999999999996,-392.92999999999995,0.0,epithelial_tumor_class1_class2,1,3594.426982554631
180.19000000000005,-69.70000000000005,0.0,epithelial_tumor_class1,1,2960.2893447456836
-169.35000000000002,252.11,0.0,epithelial_tumor_class1,1,1927.710295042882
99.95000000000005,323.91999999999996,0.0,epithelial_tumor_class1,1,2260.819556916184
-257.54,219.27999999999997,0.0,mesenchymal_tumor_class1,1,561.0083788083238
-484.03,395.21000000000004,0.0,epithelial_tumor_class1,1,1750.3759682263465
-96.29000000000002,-64.34000000000003,0.0,other_tissue,0,878.282785241545
120.03999999999996,86.39999999999998,0.0,other_tissue,0,1019.4518582015291
40.360000000000014,67.11000000000001,0.0,epithelial_tumor_class1,1,1136.1235395760816
263.91999999999996,67.77999999999997,0.0,epithelial_tumor_class1_class2,1,5254.275196928308
88.17999999999995,-457.4,0.0,apCAF,1,268.50502486854157
-513.79,64.91000000000003,0.0,CAF,1,855.1163386167302
-475.55,497.07,0.0,epithelial_tumor_class1,1,1406.065426193625
-413.64,57.72000000000003,0.0,CD4_Tcell,1,423.73328164188166
40.0,-357.97,0.0,apCAF,1,228.5342311566158
461.70000000000005,-78.04999999999995,0.0,other_tissue,0,1019.4518582015291
-543.599,-187.83000000000004,0.0,CD4_Tcell,1,478.4363110289318
-352.82,-269.28,0.0,apCAF,1,122.36470097245584
310.64,186.08999999999997,0.0,apCAF,1,439.33538640774134
-102.08999999999997,-329.26,0.0,CD8_Tcell,1,895.3341814694253
-253.10000000000002,-345.88,0.0,CAF,1,1266.1957681158633
414.44000000000005,-430.48,0.0,other_tissue,0,396.83653441331006
-227.94,405.65999999999997,0.0,CAF,1,736.4267432108758
511.0999999999999,-269.45000000000005,0.0,epithelial_tumor_class1,1,961.5004004398111
-406.4,538.08,0.0,CD4_Tcell,1,814.8971205533966
84.24000000000001,145.29000000000002,0.0,epithelial_tumor_class1,1,1078.4956673288127
131.89999999999998,-390.65,0.0,CAF,1,579.531108644259
142.45000000000005,-341.03,0.0,CAF,1,414.7130869624454
464.20000000000005,163.12,0.0,mesenchymal_tumor_class1,1,837.1197990686775
-510.03,-281.90999999999997,0.0,apCAF,1,972.4952209249711
-314.95,217.41000000000003,0.0,CD4_Tcell,1,853.6141232457488
125.80999999999995,63.97000000000003,0.0,other_tissue,0,889.1043112050211
181.92999999999995,174.82,0.0,epithelial_tumor_class1,1,3472.2624031896808
-14.600000000000023,264.95,0.0,epithelial_tumor_class1,1,2402.4617499437322
-70.63999999999999,-229.73000000000002,0.0,CD4_Tcell,1,500.9068403994067
158.04999999999995,37.14999999999998,0.0,epithelial_tumor_class1,1,1710.7139853069552
-241.81,-492.9000000000001,0.0,apCAF,1,697.7656188638704
-400.01,65.62,0.0,other_tissue,0,630.1498705502113
-342.51,-343.79999999999995,0.0,CD4_Tcell,1,540.8917078432095
-184.01999999999998,144.14999999999998,0.0,other_tissue,0,254.4375287221834
304.48,-301.96000000000004,0.0,epithelial_tumor_class1_class2,1,1256.4233576903553
-329.95,-461.6,0.0,CAF,1,427.1527119605278
-166.26999999999998,-173.65999999999997,0.0,other_tissue,0,439.85262429925035
165.15999999999997,119.75,0.0,epithelial_tumor_class1,1,2899.935423899497
146.63,-468.0,0.0,other_tissue,0,462.7112637604846
-101.12,-2.4400000000000546,0.0,other_tissue,0,668.435739123063
-179.88,3.330000000000041,0.0,epithelial_tumor_class1,1,5526.83977108615
-262.84,222.67000000000002,0.0,mesenchymal_tumor_class1,1,1284.674179506533
28.120000000000005,-226.17999999999995,0.0,epithelial_tumor_class1_class2,1,918.5325718683555
432.57000000000005,-464.5,0.0,CD8_Tcell,1,645.6123668112227
510.79999999999995,-356.53999999999996,0.0,epithelial_tumor_class1_class2,1,1146.7664584908277
-84.82999999999998,-189.53999999999996,0.0,CD4_Tcell,1,535.532106633193
74.51999999999998,111.19,0.0,epithelial_tumor_class1,1,3521.1709781256536
-489.99,-397.41999999999996,0.0,other_tissue,0,391.00251685603695
-226.55,-150.39999999999998,0.0,apCAF,1,543.3513745078963
-484.99,-225.99,0.0,CD4_Tcell,1,390.92494639739664
137.88,108.63999999999999,0.0,other_tissue,0,1019.4518582015291
-263.15,6.149999999999977,0.0,other_tissue,0,609.601240035926
-363.45,-492.29999999999995,0.0,CD4_Tcell,1,781.2184665623548
-530.78,250.97000000000003,0.0,epithelial_tumor_class1,1,1818.565837575917
-437.02,534.59,0.0,epithelial_tumor_class1,1,2214.8596636764833
484.20000000000005,199.32999999999998,0.0,other_tissue,0,396.95406401742946
108.54999999999995,-33.960000000000036,0.0,epithelial_tumor_class1,1,2645.621400668514
-211.74,113.45999999999998,0.0,other_tissue,0,1019.4518582015291
-386.74,488.32,0.0,epithelial_tumor_class1,1,2382.3062976888864
-518.58,-99.29999999999995,0.0,epithelial_tumor_class1,1,12657.689656927883
-376.69,406.77,0.0,other_tissue,0,990.4048874290409
-440.6,-202.96000000000004,0.0,mesenchymal_tumor_class1,1,1292.8352104183643
-327.38,-6.139999999999986,0.0,other_tissue,0,1018.6094925745875
-471.84000000000003,-162.53999999999996,0.0,mesenchymal_tumor_class1,1,1110.232499557998
397.65,-426.08000000000004,0.0,other_tissue,0,1019.4518582015291
-358.46000000000004,77.31,0.0,other_tissue,0,654.6126803669144
-219.73000000000002,119.55000000000001,0.0,epithelial_tumor_class1,1,1164.1791993146824
-319.86,-354.67999999999995,0.0,apCAF,1,739.3489375695755
-169.7,230.68,0.0,CAF,1,1266.1957681158633
-115.57,388.23,0.0,other_tissue,0,965.6993265848257
-436.24,454.77,0.0,other_tissue,0,697.4422915938231
82.37,-233.38,0.0,apCAF,1,422.96983937491734
343.44000000000005,144.72000000000003,0.0,epithelial_tumor_class1,1,2361.363349586809
-131.93,-351.78,0.0,other_tissue,0,528.467549816567
-299.19,220.45,0.0,other_tissue,0,381.5635665637176
-263.73,-312.65,0.0,CAF,1,811.821059765844
346.58000000000004,159.36,0.0,epithelial_tumor_class1,1,780.2880154958913
422.17999999999995,-390.67999999999995,0.0,CD4_Tcell,1,1073.1564248430268
-330.35,324.86,0.0,epithelial_tumor_class1,1,3814.54800840803
129.79999999999995,-214.37,0.0,apCAF,1,165.1524475637294
394.02,211.67000000000002,0.0,other_tissue,0,573.9187830744548
95.14999999999998,140.77999999999997,0.0,epithelial_tumor_class1,1,1363.6781653779344
-150.55,19.50999999999999,0.0,mesenchymal_tumor_class1,1,981.8288258675269
-476.23,-496.5999999999999,0.0,CAF,1,503.64169252648185
-410.85,397.61,0.0,epithelial_tumor_class1,1,1108.4963850085364
249.83000000000004,-140.97000000000003,0.0,epithelial_tumor_class1_class2,1,944.1513901270717
85.97000000000003,46.670000000000016,0.0,CD8_Tcell,1,542.4984908239345
288.85,151.39,0.0,CD4_Tcell,1,1073.1564248430268
369.89,-28.00999999999999,0.0,apCAF,1,513.4083099599179
-216.42000000000002,-159.76,0.0,epithelial_tumor_class1,1,2809.5309297351446
-324.4,-179.67999999999995,0.0,mesenchymal_tumor_class1,1,2529.5309066455125
-9.580000000000041,99.24000000000001,0.0,epithelial_tumor_class1,1,1775.6772030686075
499.0,4.07000000000005,0.0,CD4_Tcell,1,929.7045982969468
71.95000000000005,351.77,0.0,epithelial_tumor_class1,1,2897.7724181122894
505.5,-6.220000000000027,0.0,CD4_Tcell,1,851.5704593714355
124.23000000000002,-425.49,0.0,other_tissue,0,613.0148690298282
219.90999999999997,-260.42999999999995,0.0,CD8_Tcell,1,578.221105378799
-114.87,-362.03,0.0,CAF,1,1007.2448357367258
-280.95,198.82,0.0,other_tissue,0,454.043381567748
-529.97,-421.64,0.0,other_tissue,0,284.5332102582452
-214.47000000000003,-511.4000000000001,0.0,other_tissue,0,1019.4518582015291
331.26,164.20999999999998,0.0,epithelial_tumor_class1,1,3302.6670447830516
-191.29000000000002,-522.0999999999999,0.0,apCAF,1,118.85281871302858
-36.77999999999997,288.28,0.0,other_tissue,0,997.5333093043427
470.20000000000005,2.4500000000000455,0.0,CD4_Tcell,1,777.0622956019467
143.98000000000002,-65.91999999999996,0.0,epithelial_tumor_class1,1,1436.7550402417319
-15.230000000000018,-43.610000000000014,0.0,other_tissue,0,372.891237922157
-334.90999999999997,241.95999999999998,0.0,epithelial_tumor_class1,1,3484.752477208907
0.4700000000000273,72.13999999999999,0.0,other_tissue,0,835.7030987684847
-300.5,-78.74000000000001,0.0,CD4_Tcell,1,1073.1564248430268
-116.04000000000002,-37.190000000000055,0.0,other_tissue,0,468.5798832661971
479.5999999999999,9.230000000000018,0.0,CD8_Tcell,1,748.4807661456392
-353.47,-447.89,0.0,other_tissue,0,326.8154152705073
-141.45,49.47000000000003,0.0,epithelial_tumor_class1,1,4010.0004907900206
542.7,14.809999999999945,0.0,other_tissue,0,819.1023330541459
-507.45,-415.38,0.0,apCAF,1,543.8989778202042
189.51999999999998,308.73,0.0,other_tissue,0,1019.4518582015291
-274.35,-20.690000000000055,0.0,epithelial_tumor_class1,1,980.4440854846906
-130.5,275.47,0.0,epithelial_tumor_class1,1,1256.4233576903553
-426.45,38.20999999999998,0.0,CAF,1,449.50198502382
304.19000000000005,238.63,0.0,CD4_Tcell,1,579.228624769148
-379.15,84.75999999999999,0.0,epithelial_tumor_class1,1,3230.5901320262556
407.48,186.57999999999998,0.0,epithelial_tumor_class1,1,1087.6249675541467
-495.03,-279.35,0.0,CD4_Tcell,1,906.4762047752126
61.950000000000045,241.14999999999998,0.0,CAF,1,612.9799718855439
-323.45,108.10000000000002,0.0,mesenchymal_tumor_class1,1,1572.105049268454
-97.0,219.56,0.0,epithelial_tumor_class1,1,1963.6233620292223
108.10000000000002,-447.88,0.0,CD4_Tcell,1,697.6324720064155
-506.23,401.73,0.0,epithelial_tumor_class1,1,2113.885647162671
-368.75,-514.8,0.0,CAF,1,777.32801149703
95.32000000000005,-230.36,0.0,CD4_Tcell,1,1073.1564248430268
-321.24,-14.470000000000027,0.0,epithelial_tumor_class1,1,789.9884102752566
-2.019999999999982,161.18,0.0,epithelial_tumor_class1,1,1113.5283163208942
102.75,85.48000000000002,0.0,epithelial_tumor_class1,1,1700.3245733515075
-470.74,184.74,0.0,mesenchymal_tumor_class1,1,1305.964628435884
-482.04,-269.73,0.0,apCAF,1,318.79388272265174
423.67999999999995,-445.30999999999995,0.0,other_tissue,0,548.0339276657102
-80.35000000000002,280.02,0.0,CAF,1,1266.1957681158633
-25.279999999999973,150.16000000000003,0.0,epithelial_tumor_class1,1,1281.1341642056254
446.09000000000003,-459.9,0.0,CD4_Tcell,1,763.5505353411062
-185.79000000000002,-234.13,0.0,mesenchymal_tumor_class1,1,2205.7922461707603
-118.81,-18.139999999999986,0.0,epithelial_tumor_class1,1,2849.6317023778543
-536.47,432.98,0.0,epithelial_tumor_class1,1,1079.207842233735
-534.23,381.8,0.0,CAF,1,461.7138754045439
-241.43,-390.55999999999995,0.0,CAF,1,1266.1957681158633
-440.04,-315.49,0.0,apCAF,1,352.20336344882327
-335.58000000000004,-238.13,0.0,CAF,1,1187.560684636327
266.51,439.3,0.0,CAF,1,594.0719620982751
-510.61,-346.79999999999995,0.0,apCAF,1,299.8091988560409
71.80999999999995,-520.5,0.0,CAF,1,809.6556254310143
-244.88,206.42000000000002,0.0,CAF,1,612.8055060299196
430.02,-372.21000000000004,0.0,CD4_Tcell,1,539.4643420977028
393.70000000000005,40.829999999999984,0.0,apCAF,1,543.8345348134206
315.25,-324.44000000000005,0.0,other_tissue,0,522.8294624847666
-499.96,170.67000000000002,0.0,other_tissue,0,961.3590760628141
-419.38,-237.29999999999995,0.0,CAF,1,892.3500856747704
285.85,105.30000000000001,0.0,epithelial_tumor_class1_class2,1,1235.5649045553007
28.450000000000045,120.12,0.0,mesenchymal_tumor_class1,1,723.4695601391605
-143.39999999999998,6.480000000000018,0.0,epithelial_tumor_class1,1,1900.907069747405
-213.49,-366.48,0.0,CAF,1,693.9870443642907
-272.79,247.92000000000002,0.0,apCAF,1,308.8341665768951
-464.38,278.28,0.0,epithelial_tumor_class1,1,1223.2996245305123
28.049999999999955,71.23000000000002,0.0,other_tissue,0,979.1321729007753
-319.81,460.11,0.0,epithelial_tumor_class1,1,829.2623517509808
360.09000000000003,-344.28999999999996,0.0,CD8_Tcell,1,773.1449247841016
295.9,281.75,0.0,CAF,1,823.0883630756225
-461.63,-103.74000000000001,0.0,epithelial_tumor_class1,1,1647.287411287708
-496.74,161.87,0.0,epithelial_tumor_class1,1,1728.553061179428
-541.799,338.35,0.0,CAF,1,601.3465824924331
107.37,-313.80999999999995,0.0,apCAF,1,670.8787731266533
-481.58,409.14,0.0,epithelial_tumor_class1,1,864.0569737502142
-389.73,72.14999999999998,0.0,other_tissue,0,985.2245546846158
-470.13,-235.13,0.0,CD4_Tcell,1,1073.1564248430268
347.0,-353.5,0.0,CD8_Tcell,1,1333.4241050137366
499.79999999999995,-234.67999999999995,0.0,epithelial_tumor_class1,1,12657.689656927883
-121.17000000000002,23.190000000000055,0.0,other_tissue,0,1019.4518582015291
-381.45,459.43,0.0,epithelial_tumor_class1,1,1501.8128211278429
518.4000000000001,-260.11,0.0,epithelial_tumor_class1,1,1832.4708428771148
-351.82,437.78,0.0,other_tissue,0,779.0464053428944
70.61000000000001,-353.24,0.0,CAF,1,663.6594599438032
-387.73,-398.03,0.0,CD4_Tcell,1,700.0317081569731
232.84000000000003,52.410000000000025,0.0,apCAF,1,361.36216038247596
448.03,-488.5,0.0,epithelial_tumor_class1_class2,1,3104.44491513701
50.40999999999997,56.06999999999999,0.0,other_tissue,0,562.2428469850696
262.16999999999996,175.95,0.0,CAF,1,501.91406634818173
-502.22,486.49,0.0,epithelial_tumor_class1,1,1454.2513712763061
374.77,-340.4,0.0,CD4_Tcell,1,629.5280355474599
358.44000000000005,190.67000000000002,0.0,mesenchymal_tumor_class1,1,1069.9992877486188
-273.35,222.43,0.0,CAF,1,441.12647665100224
-13.950000000000045,274.76,0.0,epithelial_tumor_class1,1,1064.0910507791957
-18.220000000000027,409.68,0.0,apCAF,1,118.85281871302858
-502.47,-400.83000000000004,0.0,other_tissue,0,494.4531745623999
-92.07999999999998,136.51,0.0,epithelial_tumor_class1,1,5709.850799373073
434.07000000000005,-74.50999999999999,0.0,CD8_Tcell,1,394.69894486497776
-510.62,-404.73,0.0,CD8_Tcell,1,695.4285037393656
526.3,51.60000000000002,0.0,CD4_Tcell,1,494.15084610035586
-142.04000000000002,-333.59000000000003,0.0,CD8_Tcell,1,382.17446863463755
-92.52999999999997,267.32,0.0,other_tissue,0,1006.2732872799868
96.29999999999995,-71.67999999999995,0.0,CD4_Tcell,1,613.5035681279923
40.120000000000005,-270.09000000000003,0.0,CAF,1,627.0093588079012
542.5,-7.860000000000014,0.0,other_tissue,0,485.8551417498121
6.5,-311.0,0.0,CD4_Tcell,1,427.8937166606986
-359.64,89.24000000000001,0.0,mesenchymal_tumor_class1,1,2529.5309066455125
67.44000000000005,-325.11,0.0,apCAF,1,278.983900160399
92.99000000000001,82.35000000000002,0.0,epithelial_tumor_class1,1,2134.903808180204
-538.22,-302.14,0.0,apCAF,1,140.14135309565643
-158.19,139.32,0.0,CD4_Tcell,1,1014.6490482602219
-169.77999999999997,-455.0,0.0,epithelial_tumor_class1,1,2127.2557055651096
-345.8,413.05,0.0,epithelial_tumor_class1,1,1993.3851215677405
-378.21000000000004,-297.52,0.0,apCAF,1,290.18741881468435
-368.15,-226.25,0.0,CAF,1,1075.8785772561844
-296.56,-105.35000000000002,0.0,CD4_Tcell,1,646.913712736045
22.25999999999999,-68.20000000000005,0.0,other_tissue,0,686.9978612836177
-87.01999999999998,102.69999999999999,0.0,epithelial_tumor_class1,1,1917.1306229210154
-437.7,31.899999999999977,0.0,CD4_Tcell,1,522.876541617511
-458.1,173.67000000000002,0.0,apCAF,1,360.4796336750089
55.120000000000005,220.04000000000002,0.0,mesenchymal_tumor_class1,1,1448.0837379196767
3.75,271.99,0.0,CAF,1,1050.3398606124222
-477.29,-10.539999999999964,0.0,CD4_Tcell,1,368.51156922752983
-321.86,42.18000000000001,0.0,other_tissue,0,329.1037511859763
107.40999999999997,123.87,0.0,mesenchymal_tumor_class1,1,2520.453377206767
122.52999999999997,7.57000000000005,0.0,epithelial_tumor_class1,1,1295.2758759131382
-399.85,331.43,0.0,epithelial_tumor_class1_class2,1,5720.517250746398
-358.31,-286.79999999999995,0.0,apCAF,1,163.73719467031978
36.09000000000003,-57.39999999999998,0.0,other_tissue,0,391.71405760236604
-497.38,501.14,0.0,CAF,1,1088.7505466204923
376.78,243.11,0.0,CD4_Tcell,1,1035.6924961423622
442.49,-446.59000000000003,0.0,CD4_Tcell,1,716.5351462877132
-174.07,-289.42999999999995,0.0,epithelial_tumor_class1,1,4078.1270936389924
-164.61,-281.23,0.0,mesenchymal_tumor_class1,1,2529.5309066455125
-53.35000000000002,-308.05999999999995,0.0,apCAF,1,244.98400463596363
292.73,92.14999999999998,0.0,CD4_Tcell,1,559.6443418482868
172.54999999999995,85.44999999999999,0.0,other_tissue,0,434.04666179944775
95.35000000000002,-190.40999999999997,0.0,epithelial_tumor_class1,1,1035.9152789443067
-25.019999999999982,107.42000000000002,0.0,epithelial_tumor_class1,1,1500.1961850060468
-154.69,-57.860000000000014,0.0,other_tissue,0,450.680673889824
133.37,230.14,0.0,other_tissue,0,406.0206618062287
-516.06,33.75999999999999,0.0,epithelial_tumor_class1_class2,1,1047.4193624966276
-370.15,-14.129999999999995,0.0,CD4_Tcell,1,359.37849741844406
61.48000000000002,126.07,0.0,other_tissue,0,1019.4518582015291
-358.28,56.47000000000003,0.0,other_tissue,0,356.6841148153645
-421.68,-119.12,0.0,epithelial_tumor_class1,1,3069.1769856456312
209.65999999999997,-111.80999999999995,0.0,epithelial_tumor_class1,1,8005.688807602398
-493.99,-146.62,0.0,other_tissue,0,1019.4518582015291
-401.81,453.81,0.0,mesenchymal_tumor_class1,1,549.3790408473996
500.9000000000001,-58.379999999999995,0.0,epithelial_tumor_class1,1,1075.3708957917133
-341.1,464.22,0.0,mesenchymal_tumor_class1,1,795.4976255742022
193.67999999999995,-286.80999999999995,0.0,other_tissue,0,981.1840432538476
134.28999999999996,-180.53999999999996,0.0,CD8_Tcell,1,535.787278868955
-52.49000000000001,-187.13,0.0,CD8_Tcell,1,690.5432279418488
-365.8,-246.83000000000004,0.0,CAF,1,780.0704601824767
-41.93000000000001,-286.15,0.0,apCAF,1,360.0389096652777
92.66999999999996,-337.91999999999996,0.0,CAF,1,700.0126449778837
13.240000000000009,-81.69000000000005,0.0,other_tissue,0,529.0367408298846
-391.58000000000004,369.45,0.0,CD4_Tcell,1,452.0750293748468
-78.13,362.94,0.0,CAF,1,535.0857501941327
-234.73000000000002,-139.92999999999995,0.0,epithelial_tumor_class1,1,4070.663496215501
-365.94,521.84,0.0,other_tissue,0,441.2806252129685
64.88,-476.4000000000001,0.0,other_tissue,0,1019.4518582015291
101.87,-290.58000000000004,0.0,CD4_Tcell,1,516.0328588574654
42.700000000000045,387.7,0.0,epithelial_tumor_class1,1,4447.5314203164935
-373.4,480.68,0.0,CAF,1,941.8726669197173
-425.65999999999997,463.4,0.0,epithelial_tumor_class1,1,831.3343140485181
-477.15999999999997,488.77,0.0,epithelial_tumor_class1,1,975.2985750226302
-395.52,240.67000000000002,0.0,epithelial_tumor_class1,1,1244.887425889562
-206.10000000000002,-521.0999999999999,0.0,other_tissue,0,1019.4518582015291
-214.62,276.51,0.0,CD4_Tcell,1,460.29975980217324
20.870000000000005,38.170000000000016,0.0,epithelial_tumor_class1_class2,1,10871.668874768031
-472.56,483.63,0.0,epithelial_tumor_class1,1,921.5060304730787
-432.88,521.76,0.0,other_tissue,0,950.8225497042287
-448.06,-394.28999999999996,0.0,CAF,1,325.944284936112
69.72000000000003,342.48,0.0,other_tissue,0,1019.4518582015291
-336.78,421.7,0.0,epithelial_tumor_class1,1,1670.4980075057065
71.40999999999997,206.64,0.0,mesenchymal_tumor_class1,1,776.7557755905601
-268.24,-481.5,0.0,other_tissue,0,375.77984281350024
-500.3,-155.76999999999998,0.0,CAF,1,1150.187238593139
-378.6,-10.259999999999991,0.0,apCAF,1,261.0475380461559
-102.33999999999997,-368.32000000000005,0.0,other_tissue,0,368.32517194878415
-161.29000000000002,483.46,0.0,other_tissue,0,878.4158460701508
113.65999999999997,-305.12,0.0,CD4_Tcell,1,797.1595281549716
-127.22000000000003,200.61,0.0,apCAF,1,1084.5591499980542
-487.5,-33.539999999999964,0.0,CD4_Tcell,1,289.8589927402589
-119.05000000000001,-302.03,0.0,mesenchymal_tumor_class1,1,1218.438398014689
458.9,-405.87,0.0,other_tissue,0,1019.4518582015291
-338.91999999999996,106.39999999999998,0.0,mesenchymal_tumor_class1,1,947.5763616076276
-239.63,-235.62,0.0,mesenchymal_tumor_class1_class2,1,703.3922212353879
113.37,-337.07000000000005,0.0,CAF,1,865.4396519295854
-30.960000000000036,-288.16999999999996,0.0,epithelial_tumor_class1_class2,1,1219.4592892891515
406.76,-308.92999999999995,0.0,CD8_Tcell,1,566.2715104706085
265.99,341.38,0.0,other_tissue,0,554.0471763585313
-287.71,-463.6,0.0,other_tissue,0,584.0810118447171
-293.9,-208.14999999999998,0.0,apCAF,1,663.6594599438032
-130.07,181.63,0.0,CAF,1,305.20275964700613
42.620000000000005,133.45999999999998,0.0,other_tissue,0,485.27256974924774
61.889999999999986,-365.53999999999996,0.0,other_tissue,0,1019.4518582015291
-512.14,-80.15999999999997,0.0,CAF,1,1266.1957681158633
410.48,-349.25,0.0,other_tissue,0,577.0303841776642
-321.48,-459.9,0.0,apCAF,1,219.55292263321937
97.46000000000004,444.12,0.0,CAF,1,1140.2091415987595
-175.32,41.01999999999998,0.0,epithelial_tumor_class1,1,959.217353786612
349.02,341.65,0.0,other_tissue,0,538.3274594407097
-524.47,-244.63,0.0,CD4_Tcell,1,337.62475946063
188.73000000000002,75.87,0.0,CD8_Tcell,1,302.6559855711115
434.76,-486.0999999999999,0.0,epithelial_tumor_class1_class2,1,3775.719799087401
-467.79,-460.4,0.0,other_tissue,0,449.2040886600272
-111.24000000000001,-536.0999999999999,0.0,CD4_Tcell,1,1073.1564248430268
-401.15999999999997,503.24,0.0,CAF,1,1047.0951972860362
359.74,-323.48,0.0,CAF,1,687.1484801732668
18.370000000000005,-206.73000000000002,0.0,epithelial_tumor_class1,1,1461.3704412500072
-37.809999999999945,5.659999999999968,0.0,CD4_Tcell,1,445.4421195083751
80.27999999999997,-18.99000000000001,0.0,epithelial_tumor_class1,1,4843.093298031827
-127.00999999999999,223.76999999999998,0.0,other_tissue,0,1019.4518582015291
428.02,147.72000000000003,0.0,CD8_Tcell,1,345.17196392078745
-76.00999999999999,-522.8,0.0,apCAF,1,347.36584697772594
-470.52,-452.4,0.0,other_tissue,0,415.48002745864636
-386.65,60.5,0.0,epithelial_tumor_class1,1,2472.795093949064
95.39999999999998,39.56,0.0,other_tissue,0,364.77086672555737
-407.96000000000004,-240.01999999999998,0.0,CAF,1,657.9360754053912
313.77,-379.37,0.0,epithelial_tumor_class1_class2,1,3264.739702768475
200.51999999999998,-174.17999999999995,0.0,CD8_Tcell,1,913.4013292237448
-334.03999999999996,81.66000000000003,0.0,other_tissue,0,317.03682599959086
-52.85000000000002,285.11,0.0,epithelial_tumor_class1,1,3669.8424959876606
-332.02,345.88,0.0,apCAF,1,222.70062945520235
540.4000000000001,-309.65999999999997,0.0,other_tissue,0,368.51156922752983
149.21000000000004,28.17999999999995,0.0,CAF,1,700.4511856633723
63.85000000000002,210.64999999999998,0.0,mesenchymal_tumor_class1,1,740.4368551962344
103.25,97.11000000000001,0.0,epithelial_tumor_class1,1,1885.2180702116154
-67.93,368.09000000000003,0.0,CAF,1,306.9158561365733
488.70000000000005,40.54000000000002,0.0,CAF,1,1197.4582569919833
-28.440000000000055,-266.47,0.0,CD4_Tcell,1,657.6983178681418
124.02999999999997,-223.87,0.0,CD4_Tcell,1,871.2718314374574
-25.980000000000018,-237.80999999999995,0.0,CAF,1,597.9936121884058
-527.51,-330.33000000000004,0.0,apCAF,1,900.7132843572983
118.03999999999996,74.94,0.0,other_tissue,0,265.3574174275623
365.26,-373.98,0.0,epithelial_tumor_class1,1,1142.9823651024521
-326.43,-538.5,0.0,CD4_Tcell,1,851.4618453084688
-152.48000000000002,60.27999999999997,0.0,mesenchymal_tumor_class1,1,773.8580452885802
396.15999999999997,6.580000000000041,0.0,CD4_Tcell,1,744.0047736691915
278.1,113.81,0.0,apCAF,1,251.9504611805088
-435.21,-193.37,0.0,mesenchymal_tumor_class1,1,1421.4161486607325
-199.64,54.68000000000001,0.0,epithelial_tumor_class1,1,2870.776690837841
164.99,-466.20000000000005,0.0,other_tissue,0,924.7383363611198
-196.27999999999997,-276.34000000000003,0.0,epithelial_tumor_class1,1,2940.2446647041124
359.53,-388.69000000000005,0.0,CAF,1,592.9960956570967
-121.99000000000001,-394.29999999999995,0.0,other_tissue,0,608.142144188316
420.38,106.26999999999998,0.0,epithelial_tumor_class1,1,7923.6235049841025
-338.05,-437.82000000000005,0.0,other_tissue,0,446.09117769597833
-11.779999999999973,-247.03999999999996,0.0,other_tissue,0,319.59571380536727
-351.16999999999996,16.350000000000023,0.0,epithelial_tumor_class1_class2,1,2801.018031325586
220.24,-359.23,0.0,epithelial_tumor_class1,1,3882.538931500314
182.35000000000002,-166.69000000000005,0.0,CD8_Tcell,1,787.1815220975428
-477.59000000000003,-414.40999999999997,0.0,apCAF,1,240.57074846954646
256.51,442.17,0.0,other_tissue,0,366.6380375399819
-297.18,-139.61,0.0,CD8_Tcell,1,1333.4241050137366
207.46000000000004,-349.89,0.0,epithelial_tumor_class1_class2,1,2285.9866150806797
-247.82999999999998,-46.809999999999945,0.0,mesenchymal_tumor_class1,1,964.070205134614
-318.88,-21.710000000000036,0.0,other_tissue,0,1019.4518582015291
-220.32999999999998,305.25,0.0,CD4_Tcell,1,400.6878481584326
132.39999999999998,314.03999999999996,0.0,other_tissue,0,533.1438059498109
-186.51999999999998,23.49000000000001,0.0,epithelial_tumor_class1,1,2457.0875710399505
-307.56,-97.20000000000005,0.0,apCAF,1,836.4541799986722
4.970000000000027,-190.47000000000003,0.0,CAF,1,981.4944588922081
-535.95,454.4,0.0,other_tissue,0,716.0512102046216
-122.63999999999999,-207.67999999999995,0.0,CD4_Tcell,1,987.6925469188363
-43.27999999999997,-142.60000000000002,0.0,CAF,1,873.3689756925388
-416.61,-82.04999999999995,0.0,CD4_Tcell,1,973.6586724751797
128.94000000000005,-505.79999999999995,0.0,other_tissue,0,475.0276699156143
245.05999999999995,57.81999999999999,0.0,apCAF,1,118.85281871302858
153.51999999999998,2.490000000000009,0.0,other_tissue,0,687.7511758785913
446.94000000000005,-96.29999999999995,0.0,CD4_Tcell,1,837.0124172788891
-292.52,-94.41999999999996,0.0,CD4_Tcell,1,881.8579105252213
24.629999999999995,-198.11,0.0,CD8_Tcell,1,608.958255799728
-383.73,-444.03999999999996,0.0,CAF,1,550.7588457330403
-533.6,-260.80999999999995,0.0,apCAF,1,512.0761639135791
-542.711,410.56,0.0,mesenchymal_tumor_class1,1,643.9520771664448
-374.32,532.48,0.0,CD4_Tcell,1,1073.1564248430268
98.19000000000005,-341.99,0.0,CD8_Tcell,1,739.3489375695755
234.66999999999996,360.28,0.0,other_tissue,0,1019.4518582015291
-208.89,-176.49,0.0,mesenchymal_tumor_class1_class2,1,837.8287492278481
-457.86,-86.80999999999995,0.0,epithelial_tumor_class1_class2,1,2298.4293139933434
-300.90999999999997,-448.52,0.0,CD8_Tcell,1,381.4618128880475
-145.79000000000002,-302.72,0.0,mesenchymal_tumor_class1,1,1327.1677713910788
-536.75,-368.49,0.0,other_tissue,0,845.0699496800548
222.51,-342.1,0.0,CD4_Tcell,1,622.2564972839482
-545.919,-223.82000000000005,0.0,apCAF,1,577.415931584844
-73.16000000000003,334.27,0.0,epithelial_tumor_class1_class2,1,857.1002147085379
395.52,200.73000000000002,0.0,other_tissue,0,888.0315844830023
-443.38,394.65999999999997,0.0,epithelial_tumor_class1,1,3392.1584732827077
334.42999999999995,350.03,0.0,CD4_Tcell,1,385.456434691195
-203.95,200.88,0.0,CD4_Tcell,1,483.2595706637039
-442.3,115.89999999999998,0.0,CD4_Tcell,1,328.63141416289665
183.20000000000005,101.24000000000001,0.0,CAF,1,1266.1957681158633
-410.08000000000004,-229.05999999999995,0.0,CAF,1,513.4083099599179
-186.54000000000002,-532.5,0.0,other_tissue,0,321.40758358264986
-506.53,-539.5999999999999,0.0,CAF,1,1266.1957681158633
489.4000000000001,-56.039999999999964,0.0,epithelial_tumor_class1,1,780.2880154958913
-495.32,316.32,0.0,apCAF,1,253.49691632108974
91.87,-16.75999999999999,0.0,epithelial_tumor_class1,1,2051.2693716465774
-75.57999999999998,356.01,0.0,other_tissue,0,396.6929186266285
-83.25999999999999,267.27,0.0,other_tissue,0,1019.4518582015291
-358.22,-18.5,0.0,apCAF,1,335.5888837999575
377.22,-310.47,0.0,CD8_Tcell,1,895.3341814694253
-366.24,-335.96000000000004,0.0,CD4_Tcell,1,421.75839917419984
-471.64,-334.53,0.0,apCAF,1,1098.0662194435238
-409.72,-19.139999999999986,0.0,apCAF,1,760.9275771095024
-266.69,73.51999999999998,0.0,mesenchymal_tumor_class1,1,588.6207007582756
-176.5,-103.32000000000005,0.0,CD4_Tcell,1,380.3056377842756
108.17999999999995,196.7,0.0,epithelial_tumor_class1,1,2857.3175850122675
-51.589999999999975,-432.25,0.0,other_tissue,0,799.6358879885607
-294.24,-195.86,0.0,mesenchymal_tumor_class1,1,2529.5309066455125
133.25,-72.25,0.0,epithelial_tumor_class1,1,6937.668423309729
-263.48,-296.15,0.0,CD4_Tcell,1,608.9756278045141
-399.99,408.56,0.0,epithelial_tumor_class1,1,1576.3588435387953
179.70000000000005,235.38,0.0,CD4_Tcell,1,871.2497741088764
-473.72,-398.20000000000005,0.0,CD4_Tcell,1,271.7281421927699
-520.25,333.84000000000003,0.0,mesenchymal_tumor_class1,1,1612.7598130728127
-350.07,239.31,0.0,epithelial_tumor_class1,1,6550.194184437001
-421.44,143.10000000000002,0.0,apCAF,1,369.34491153197536
397.53,-329.85,0.0,CD8_Tcell,1,338.21130038006754
493.70000000000005,-473.9,0.0,epithelial_tumor_class1_class2,1,1710.7139853069552
-118.38999999999999,299.81,0.0,other_tissue,0,1019.4518582015291
46.01999999999998,324.47,0.0,epithelial_tumor_class1,1,3194.5811497507943
-241.2,180.91000000000003,0.0,epithelial_tumor_class1_class2,1,2801.018031325586
-210.39,-280.45000000000005,0.0,apCAF,1,896.8624514788288
189.97000000000003,-520.0,0.0,other_tissue,0,430.0116581345251
86.85000000000002,-47.00999999999999,0.0,epithelial_tumor_class1,1,984.4347092225232
88.34000000000003,-142.12,0.0,CD4_Tcell,1,421.85359706696545
-277.1,-469.79999999999995,0.0,other_tissue,0,605.9578687997895
496.29999999999995,-108.94000000000005,0.0,CD8_Tcell,1,1120.8698943959112
-47.69,-107.58000000000004,0.0,other_tissue,0,333.18919456828445
-536.55,-80.75999999999999,0.0,CAF,1,914.4260449586158
-492.6,439.99,0.0,other_tissue,0,397.1108062505916
-231.67000000000002,-320.67999999999995,0.0,CAF,1,1266.1957681158633
-16.57000000000005,94.08999999999997,0.0,mesenchymal_tumor_class1_class2,1,329.64576723028546
321.9,-290.65999999999997,0.0,CD8_Tcell,1,366.9973610465058
-534.44,273.93,0.0,apCAF,1,170.9024554653356
472.20000000000005,195.38,0.0,CAF,1,323.31740331303985
430.17999999999995,223.69,0.0,other_tissue,0,347.3538986472303
114.84000000000003,-380.04999999999995,0.0,CD4_Tcell,1,580.6242882645582
289.92999999999995,324.97,0.0,other_tissue,0,377.04039674312276
47.47000000000003,414.15999999999997,0.0,mesenchymal_tumor_class1,1,845.9131386075316
102.42999999999995,42.19,0.0,CD8_Tcell,1,431.37687564063356
18.41999999999996,-220.04999999999995,0.0,other_tissue,0,429.36453416054684
-359.85,465.54,0.0,epithelial_tumor_class1,1,1232.4770369233104
-460.85,-444.78999999999996,0.0,CAF,1,551.2138750498962
-83.63,393.86,0.0,other_tissue,0,391.71405760236604
-343.91999999999996,-359.98,0.0,CAF,1,361.36216038247596
152.28999999999996,174.87,0.0,epithelial_tumor_class1,1,4255.301100033154
-316.18,266.12,0.0,epithelial_tumor_class1,1,780.2880154958913
-479.7,217.62,0.0,other_tissue,0,515.4885805909219
-115.75999999999999,-374.92999999999995,0.0,CAF,1,1266.1957681158633
-520.43,-280.69000000000005,0.0,CD4_Tcell,1,514.4632688385166
-430.42,221.20999999999998,0.0,epithelial_tumor_class1,1,780.2880154958913
-449.88,46.39999999999998,0.0,other_tissue,0,247.38697104622307
9.879999999999995,-150.47000000000003,0.0,CD4_Tcell,1,598.7147345112467
-63.30000000000001,-194.72000000000003,0.0,CAF,1,1266.1957681158633
50.41999999999996,-363.38,0.0,apCAF,1,259.6180710823921
287.39,-343.19000000000005,0.0,CD4_Tcell,1,700.7182131248074
408.86,210.87,0.0,CAF,1,1159.662807643256
-158.89,-452.70000000000005,0.0,apCAF,1,559.7428727089272
183.75,-87.70000000000005,0.0,epithelial_tumor_class1,1,2470.3640105301765
269.90999999999997,254.57999999999998,0.0,other_tissue,0,946.5037129477034
-226.47000000000003,396.02,0.0,other_tissue,0,900.9839313760287
115.28999999999996,-130.16999999999996,0.0,CD8_Tcell,1,474.1008586812434
-8.450000000000045,-9.879999999999995,0.0,other_tissue,0,561.7159193067869
-38.079999999999984,300.0,0.0,epithelial_tumor_class1,1,2270.9560002775397
107.47000000000003,-181.64999999999998,0.0,apCAF,1,1036.7076543085946
-275.42,258.69,0.0,CAF,1,998.1127838773363
418.76,-53.76999999999998,0.0,CD8_Tcell,1,558.64326770467
-132.68,36.42999999999995,0.0,other_tissue,0,1019.4518582015291
-433.63,-456.5,0.0,CD4_Tcell,1,518.6663370299098
401.78999999999996,217.45999999999998,0.0,CAF,1,542.2251135289969
33.960000000000036,-195.82000000000005,0.0,CD8_Tcell,1,650.8645597448345
114.39999999999998,-389.42999999999995,0.0,CD8_Tcell,1,343.2124961281114
-516.42,266.53,0.0,CD4_Tcell,1,445.9641384726407
-170.37,-318.91999999999996,0.0,CAF,1,976.2024955319015
-230.14999999999998,283.49,0.0,apCAF,1,559.6936058331243
-164.91000000000003,44.129999999999995,0.0,mesenchymal_tumor_class1,1,981.4705784421182
-365.62,226.45999999999998,0.0,mesenchymal_tumor_class1,1,309.42006364776756
-206.89999999999998,-335.71000000000004,0.0,other_tissue,0,847.6228550773112
-539.95,91.47000000000003,0.0,CAF,1,844.0329481191249
6.600000000000023,-285.55999999999995,0.0,CAF,1,953.4904179326685
-78.81,-408.07000000000005,0.0,CD4_Tcell,1,579.346244877091
-404.03999999999996,-190.79999999999995,0.0,other_tissue,0,1019.4518582015291
-307.99,-455.70000000000005,0.0,epithelial_tumor_class1_class2,1,5883.451262594044
191.85000000000002,168.26,0.0,other_tissue,0,720.0841997179583
-372.21000000000004,-450.20000000000005,0.0,apCAF,1,545.9638430170138
-348.95,-505.0999999999999,0.0,epithelial_tumor_class1,1,780.2880154958913
-480.83,265.49,0.0,apCAF,1,196.37013824128655
-92.88999999999999,-495.29999999999995,0.0,CD8_Tcell,1,901.1869522155642
-401.12,-13.379999999999995,0.0,CD4_Tcell,1,451.66211481096815
-505.28,-330.62,0.0,apCAF,1,299.05164068609946
-14.039999999999964,-96.0,0.0,other_tissue,0,462.5521636753538
-314.46000000000004,69.63,0.0,epithelial_tumor_class1,1,7943.822261987547
-151.73000000000002,218.74,0.0,other_tissue,0,466.9479975803888
146.41999999999996,19.409999999999968,0.0,apCAF,1,149.7129589135166
-399.46000000000004,-347.66999999999996,0.0,CD8_Tcell,1,283.17554069105773
-347.24,-495.4000000000001,0.0,CD4_Tcell,1,399.16531996853666
-102.41000000000003,128.04000000000002,0.0,epithelial_tumor_class1,1,780.2880154958913
11.610000000000014,235.48000000000002,0.0,apCAF,1,232.11386288846776
-334.94,-393.13,0.0,CD4_Tcell,1,490.12655805259516
-95.88,-80.09000000000003,0.0,other_tissue,0,341.23684250662524
-357.14,418.18,0.0,epithelial_tumor_class1,1,2109.9452475175076
-205.64999999999998,-367.52,0.0,other_tissue,0,703.2009954399955
-113.17000000000002,-334.37,0.0,other_tissue,0,700.6991374844843
-182.94,78.75999999999999,0.0,other_tissue,0,1019.4518582015291
-61.95999999999998,28.700000000000045,0.0,epithelial_tumor_class1,1,3775.719799087401
-539.27,131.51999999999998,0.0,other_tissue,0,416.1131277991037
104.17999999999995,-80.09000000000003,0.0,mesenchymal_tumor_class1_class2,1,1842.11922462424
506.20000000000005,-156.91999999999996,0.0,other_tissue,0,571.2344567942507
178.60000000000002,-341.65,0.0,other_tissue,0,991.6547106309913
-97.72000000000003,-206.42999999999995,0.0,CD8_Tcell,1,498.8812230529039
-418.56,-192.36,0.0,epithelial_tumor_class1,1,2412.538472596269
183.77999999999997,-44.129999999999995,0.0,epithelial_tumor_class1,1,3669.0371509070824
-413.14,-156.60000000000002,0.0,CD4_Tcell,1,1073.1564248430268
-39.670000000000016,-319.57000000000005,0.0,other_tissue,0,1019.4518582015291
-404.08000000000004,-131.78999999999996,0.0,other_tissue,0,614.4118411141843
-399.58000000000004,108.16000000000003,0.0,other_tissue,0,452.0038192618729
-446.27,-363.57000000000005,0.0,CD4_Tcell,1,368.12641747589885
-223.47000000000003,421.82,0.0,CAF,1,441.5189254363867
494.79999999999995,-40.460000000000036,0.0,epithelial_tumor_class1,1,1463.8005713214636
450.79999999999995,-83.46000000000004,0.0,CAF,1,860.5082796852873
-257.21,188.16000000000003,0.0,CAF,1,947.5063815701192
-246.55,389.86,0.0,other_tissue,0,513.9821526457989
179.07000000000005,462.85,0.0,other_tissue,0,608.4025260697152
315.71000000000004,-334.97,0.0,CD4_Tcell,1,884.3061131076046
-354.83000000000004,-438.49,0.0,other_tissue,0,644.3308053082529
60.14999999999998,149.95,0.0,epithelial_tumor_class1,1,1146.7664584908277
81.38999999999999,55.420000000000016,0.0,CAF,1,1098.0662194435238
-357.47,-501.20000000000005,0.0,other_tissue,0,1019.4518582015291
70.08000000000004,-462.6,0.0,CD4_Tcell,1,535.9468026706672
-476.07,-209.90999999999997,0.0,CD4_Tcell,1,297.19563456465727
-248.33999999999997,144.0,0.0,other_tissue,0,362.5902797806935
57.889999999999986,331.48,0.0,other_tissue,0,1019.4518582015291
62.33000000000004,-398.07000000000005,0.0,CD4_Tcell,1,359.2074113575295
225.49,230.31,0.0,other_tissue,0,347.89184482128866
-447.98,454.33,0.0,other_tissue,0,489.28529399153894
-431.94,-374.11,0.0,apCAF,1,926.0241832264884
253.65999999999997,-484.70000000000005,0.0,CD4_Tcell,1,474.7038844264003
-289.55,-333.6,0.0,CD4_Tcell,1,537.1282630346103
145.57000000000005,323.90999999999997,0.0,CAF,1,1266.1957681158633
379.30999999999995,4.529999999999973,0.0,CD4_Tcell,1,549.703493247611
-37.65999999999997,-516.9000000000001,0.0,CAF,1,603.9861319645672
-386.52,-524.2,0.0,other_tissue,0,246.92035302927147
-229.24,-89.95000000000005,0.0,apCAF,1,235.2788418333592
47.299999999999955,-338.94000000000005,0.0,CD4_Tcell,1,823.1095998639491
-173.01,-254.0,0.0,other_tissue,0,1019.4518582015291
-419.40999999999997,-404.61,0.0,CD4_Tcell,1,853.8752516105275
-486.37,-165.86,0.0,CD4_Tcell,1,325.16616589964474
-76.52999999999997,-293.17999999999995,0.0,CD4_Tcell,1,773.8376643341713
100.88999999999999,70.75,0.0,other_tissue,0,638.4682205717021
-391.63,-212.04999999999995,0.0,mesenchymal_tumor_class1,1,2529.5309066455125
-363.35,-175.26,0.0,mesenchymal_tumor_class1,1,1804.3371161200243
-497.57,329.22,0.0,CAF,1,1252.5139711614222
-124.38,-488.20000000000005,0.0,CD4_Tcell,1,1035.0738226221486
383.88,31.5,0.0,apCAF,1,518.8536694865696
-216.02999999999997,337.85,0.0,other_tissue,0,1019.4518582015291
-414.22,-111.34000000000003,0.0,mesenchymal_tumor_class1_class2,1,493.38046637923134
113.14999999999998,-427.67999999999995,0.0,CD8_Tcell,1,663.3467572035672
-447.73,222.82,0.0,epithelial_tumor_class1,1,811.2320163573324
-464.67,-369.49,0.0,other_tissue,0,1019.4518582015291
-408.43,245.79000000000002,0.0,epithelial_tumor_class1,1,5948.227123468726
-437.68,347.97,0.0,epithelial_tumor_class1_class2,1,1223.2996245305123
104.73000000000002,-195.03999999999996,0.0,epithelial_tumor_class1,1,1006.3218498586914
-470.53,416.34000000000003,0.0,other_tissue,0,505.112521247151
274.74,100.29000000000002,0.0,CD4_Tcell,1,547.9367757553414
320.65,-341.85,0.0,CD4_Tcell,1,849.3131882093877
15.460000000000036,438.19,0.0,other_tissue,0,519.3378204322433
247.88,221.68,0.0,CD4_Tcell,1,335.69398645390453
-462.63,16.980000000000018,0.0,other_tissue,0,423.2287615582127
-225.32999999999998,106.57999999999998,0.0,CAF,1,1265.482575788057
18.879999999999995,98.97000000000003,0.0,other_tissue,0,816.0368071229917
-83.61000000000001,22.379999999999995,0.0,other_tissue,0,571.3509922190277
-310.64,-213.09000000000003,0.0,apCAF,1,236.07224762290957
-72.64999999999998,-185.99,0.0,CAF,1,1062.428566245459
3.080000000000041,-6.419999999999959,0.0,other_tissue,0,863.7060520472227
-500.01,151.85000000000002,0.0,other_tissue,0,706.9169660129436
294.84000000000003,162.13,0.0,other_tissue,0,326.36819423800284
-268.87,-285.77,0.0,apCAF,1,824.8735269907636
-361.75,368.87,0.0,other_tissue,0,1019.4518582015291
-156.7,-274.32000000000005,0.0,mesenchymal_tumor_class1,1,2076.787126966591
-38.19,83.5,0.0,other_tissue,0,1014.8932223240358
92.10000000000002,-265.78,0.0,CD4_Tcell,1,838.6026057823179
227.37,317.78,0.0,CAF,1,594.7728276798988
-87.64999999999998,292.29,0.0,epithelial_tumor_class1,1,2801.018031325586
182.10000000000002,-454.4,0.0,apCAF,1,667.696598482766
418.30999999999995,-4.8799999999999955,0.0,epithelial_tumor_class1,1,1693.2728619916595
18.25999999999999,388.91999999999996,0.0,mesenchymal_tumor_class1,1,1249.9028716169057
133.45000000000005,10.019999999999982,0.0,epithelial_tumor_class1,1,1145.3100511399218
-43.920000000000016,131.51999999999998,0.0,epithelial_tumor_class1,1,5254.275196928308
281.73,362.27,0.0,other_tissue,0,404.7359688681147
-152.95999999999998,9.450000000000045,0.0,epithelial_tumor_class1,1,1236.2610811148347
314.53999999999996,301.1,0.0,CAF,1,492.35453949533684
-513.59,238.37,0.0,apCAF,1,314.97271276287114
-515.34,274.07,0.0,apCAF,1,130.4883734237861
522.7,-199.25,0.0,other_tissue,0,826.9594783257277
-42.72000000000003,-278.48,0.0,apCAF,1,418.2461371282524
17.07000000000005,-194.67999999999995,0.0,CD8_Tcell,1,396.0014373091719
-287.71,-228.27999999999997,0.0,CAF,1,495.83032609781293
284.39,174.26999999999998,0.0,other_tissue,0,689.1651246379541
-467.05,-432.12,0.0,CD4_Tcell,1,386.40490831311376
-216.37,405.88,0.0,apCAF,1,233.2481315864126
284.14,214.44,0.0,CAF,1,258.3899683639766
-515.23,-172.08000000000004,0.0,CD4_Tcell,1,409.15765340723976
526.9000000000001,-73.05999999999995,0.0,apCAF,1,119.70237801962526
-442.64,36.75,0.0,CD4_Tcell,1,265.26756390649075
94.85000000000002,-252.49,0.0,CD4_Tcell,1,475.8377777032036
384.88,17.649999999999977,0.0,other_tissue,0,732.3329051106718
-190.85000000000002,-165.55999999999995,0.0,CD8_Tcell,1,775.816283536424
-255.07999999999998,-135.37,0.0,CD4_Tcell,1,473.4542774447482
-314.11,233.63,0.0,apCAF,1,336.5005026103184
-0.7000000000000455,281.5,0.0,epithelial_tumor_class1,1,12657.689656927883
353.47,215.39,0.0,other_tissue,0,880.1246531341096
-358.07,99.07,0.0,mesenchymal_tumor_class1,1,987.2369765560941
-515.94,-398.15,0.0,CD8_Tcell,1,508.1551436079588
126.0,54.29000000000002,0.0,other_tissue,0,804.6667365695422
175.46000000000004,424.3,0.0,epithelial_tumor_class1_class2,1,2270.9560002775397
-192.87,214.88,0.0,CAF,1,763.7323475163902
-91.11000000000001,-259.65,0.0,other_tissue,0,414.6593020452066
255.59000000000003,388.99,0.0,CAF,1,1029.7880552126526
116.61000000000001,-121.0,0.0,apCAF,1,166.70763227382562
264.29999999999995,-404.4,0.0,epithelial_tumor_class1_class2,1,4227.613958285353
-419.49,52.629999999999995,0.0,CAF,1,358.4870023965858
-406.48,-340.61,0.0,CD4_Tcell,1,321.89568834819426
-544.131,-248.02999999999997,0.0,apCAF,1,539.3201417080393
245.26999999999998,-98.51999999999998,0.0,epithelial_tumor_class1_class2,1,2582.668412259431
141.76,-441.29999999999995,0.0,other_tissue,0,582.3087860503325
76.97000000000003,38.620000000000005,0.0,CD8_Tcell,1,499.62686653410003
-27.600000000000023,239.04000000000002,0.0,apCAF,1,422.030431157031
182.75,134.99,0.0,mesenchymal_tumor_class1,1,589.4192566169085
-527.1,484.02,0.0,epithelial_tumor_class1,1,1977.8382318644926
-130.47000000000003,-262.30999999999995,0.0,CAF,1,521.2617746642613
73.72000000000003,-301.32000000000005,0.0,CD8_Tcell,1,385.1107568383243
128.96000000000004,-356.23,0.0,other_tissue,0,682.377067670105
-284.0,68.06,0.0,other_tissue,0,962.6550679760403
-361.32,191.38,0.0,CAF,1,430.76975612657077
252.46000000000004,128.17000000000002,0.0,other_tissue,0,763.7121447384833
98.64999999999998,233.58999999999997,0.0,other_tissue,0,369.05869734119074
-531.49,389.71000000000004,0.0,other_tissue,0,511.1326678662814
-50.860000000000014,43.81,0.0,epithelial_tumor_class1,1,3570.0283255892646
-464.08,-10.860000000000014,0.0,epithelial_tumor_class1_class2,1,2564.549960110221
-408.01,-414.54999999999995,0.0,apCAF,1,594.0036144616954
249.5,74.19,0.0,CD4_Tcell,1,654.2663791055594
-396.0,260.56,0.0,epithelial_tumor_class1,1,1566.7170320896619
-33.549999999999955,-6.159999999999968,0.0,CD4_Tcell,1,865.0883559339024
505.20000000000005,-23.769999999999982,0.0,CD8_Tcell,1,1054.8936400489943
91.63,100.55000000000001,0.0,CD4_Tcell,1,315.9475591358781
432.82000000000005,-457.20000000000005,0.0,CD8_Tcell,1,417.3812572386857
172.63,65.87,0.0,CD8_Tcell,1,376.2081154037393
-461.92,-227.86,0.0,apCAF,1,394.67292419002894
-504.82,300.06,0.0,other_tissue,0,704.1957481471479
326.78999999999996,-321.58000000000004,0.0,apCAF,1,596.5017012699864
-489.92,-290.46000000000004,0.0,apCAF,1,235.2788418333592
10.309999999999945,0.2599999999999909,0.0,CAF,1,600.8815794277682
-541.067,-197.01999999999998,0.0,apCAF,1,779.988502790215
70.16999999999996,148.83999999999997,0.0,other_tissue,0,704.3488702401802
-159.74,-470.9,0.0,other_tissue,0,1019.4518582015291
-182.67000000000002,-277.53,0.0,mesenchymal_tumor_class1,1,2046.627551134723
299.28999999999996,190.47000000000003,0.0,CD4_Tcell,1,572.1838490668365
-386.21000000000004,-274.49,0.0,other_tissue,0,399.9261010385248
-449.17,-137.32000000000005,0.0,other_tissue,0,709.0297637075931
-402.12,-216.23000000000002,0.0,CAF,1,1266.1957681158633
-146.83999999999997,-456.70000000000005,0.0,epithelial_tumor_class1_class2,1,2687.9819168609156
65.48000000000002,-267.48,0.0,apCAF,1,233.2481315864126
-500.02,340.38,0.0,other_tissue,0,359.26850728748633
-258.62,251.54000000000002,0.0,CD4_Tcell,1,468.47777919752735
-32.16999999999996,224.32,0.0,mesenchymal_tumor_class1,1,623.6145193179834
-90.66000000000003,313.26,0.0,apCAF,1,515.2865176080868
179.59000000000003,259.44,0.0,CAF,1,913.8566638759949
-372.78999999999996,-54.389999999999986,0.0,CAF,1,648.8508860157395
125.28999999999996,-411.1,0.0,other_tissue,0,742.7150395748074
201.92999999999995,451.69,0.0,CAF,1,369.195563933929
-289.4,59.04000000000002,0.0,other_tissue,0,1019.4518582015291
-113.48000000000002,-500.0999999999999,0.0,CD4_Tcell,1,651.0461760916585
-524.63,90.27999999999997,0.0,CAF,1,515.7373460002782
-10.779999999999973,247.45999999999998,0.0,CAF,1,440.0764204150189
173.02999999999997,186.33999999999997,0.0,other_tissue,0,993.4832660231622
304.04999999999995,-325.07000000000005,0.0,epithelial_tumor_class1_class2,1,704.294492585643
-138.89,-224.42999999999995,0.0,CD8_Tcell,1,375.6161774646392
298.03999999999996,75.91000000000003,0.0,CD4_Tcell,1,456.82013501129967
-429.14,-423.54999999999995,0.0,apCAF,1,118.85281871302858
510.70000000000005,-116.50999999999999,0.0,other_tissue,0,698.108074286144
-517.73,-392.54999999999995,0.0,CD8_Tcell,1,204.4934763997203
281.85,379.73,0.0,CAF,1,739.3489375695755
-359.66999999999996,391.61,0.0,apCAF,1,371.44000880808994
-238.18,-535.7,0.0,CD4_Tcell,1,238.4445670085747
348.75,259.79,0.0,CAF,1,788.5015809721202
-431.72,-244.53999999999996,0.0,CAF,1,270.79595940588655
320.91999999999996,-94.69000000000005,0.0,epithelial_tumor_class1_class2,1,1603.6324460016772
-465.65999999999997,-489.9000000000001,0.0,CD8_Tcell,1,361.70575382900665
-140.86,-418.78999999999996,0.0,CD8_Tcell,1,545.1243624088356
-263.79,-474.5999999999999,0.0,other_tissue,0,456.8775064567598
33.51999999999998,306.52,0.0,epithelial_tumor_class1,1,1314.2444948764655
-233.64,277.37,0.0,apCAF,1,118.85281871302858
-105.26999999999998,-14.120000000000005,0.0,other_tissue,0,958.3239505340937
243.58000000000004,396.21000000000004,0.0,CD8_Tcell,1,300.719956092436
-244.51,-157.44000000000005,0.0,epithelial_tumor_class1,1,1250.800904555488
-375.98,226.38,0.0,CAF,1,913.9932937738514
-244.82,102.50999999999999,0.0,other_tissue,0,1019.4518582015291
26.559999999999945,435.72,0.0,other_tissue,0,740.0015601719932
145.53999999999996,60.139999999999986,0.0,CAF,1,366.0438106904808
194.05999999999995,-38.76999999999998,0.0,CAF,1,459.4641959379801
86.5,-311.23,0.0,CAF,1,1266.1957681158633
-503.47,-290.83000000000004,0.0,apCAF,1,367.07173314020616
-152.93,193.92000000000002,0.0,other_tissue,0,386.8155404874027
528.0,-169.52999999999997,0.0,CD4_Tcell,1,298.5977189131904
403.71000000000004,11.129999999999995,0.0,CD4_Tcell,1,447.6316798183504
-182.08999999999997,132.48000000000002,0.0,CAF,1,296.79738371300454
7.230000000000018,-229.97000000000003,0.0,other_tissue,0,553.1505457559258
327.5,183.75,0.0,CD4_Tcell,1,291.0785941992598
521.7,38.839999999999975,0.0,CAF,1,824.8735269907636
-339.63,-533.8,0.0,apCAF,1,900.2623264462695
188.67999999999995,-528.3,0.0,other_tissue,0,313.2074336286477
528.4000000000001,-127.36000000000001,0.0,CD4_Tcell,1,652.4275645548393
7.309999999999945,-52.25,0.0,apCAF,1,448.9063239409673
-250.64999999999998,259.62,0.0,apCAF,1,318.79388272265174
-169.37,264.68,0.0,epithelial_tumor_class1,1,2346.516087950109
-172.07999999999998,-61.559999999999945,0.0,other_tissue,0,524.2587871828173
-418.88,-467.6,0.0,other_tissue,0,562.1769630118948
-195.02999999999997,-302.25,0.0,mesenchymal_tumor_class1,1,849.3999324834715
521.2,25.039999999999964,0.0,CD4_Tcell,1,541.8714674989466
26.799999999999955,128.97000000000003,0.0,mesenchymal_tumor_class1,1,441.3927558106865
-388.05,-59.27999999999997,0.0,other_tissue,0,400.9638914791189
-504.65,-63.89999999999998,0.0,CD4_Tcell,1,794.2527155880535
-46.68000000000001,242.7,0.0,other_tissue,0,1019.4518582015291
539.3,-134.40999999999997,0.0,other_tissue,0,634.7999003854262
410.11,250.04000000000002,0.0,other_tissue,0,962.5136304744415
-228.88,115.27999999999997,0.0,mesenchymal_tumor_class1,1,808.0183465853577
-422.13,-338.33000000000004,0.0,CAF,1,513.3773036099907
220.49,156.85000000000002,0.0,other_tissue,0,611.5851718707023
-88.63999999999999,111.70999999999998,0.0,other_tissue,0,373.99468831168065
-480.0,331.34000000000003,0.0,other_tissue,0,287.7249923302858
-104.72000000000003,-347.04999999999995,0.0,apCAF,1,352.98778941068804
-395.84000000000003,-404.83000000000004,0.0,apCAF,1,390.45973908342575
-292.11,190.23000000000002,0.0,other_tissue,0,389.233881009195
37.82000000000005,-136.21000000000004,0.0,other_tissue,0,265.6670681965122
364.44000000000005,-415.23,0.0,other_tissue,0,695.466463810522
-12.289999999999964,-294.13,0.0,CD8_Tcell,1,339.0571121349452
61.01999999999998,-228.27999999999997,0.0,other_tissue,0,594.0890498265746
513.4000000000001,-59.539999999999964,0.0,epithelial_tumor_class1_class2,1,6108.889089544893
-45.64999999999998,221.8,0.0,CAF,1,217.34279270916858
7.539999999999964,421.61,0.0,other_tissue,0,524.6833730919254
-359.52,398.13,0.0,other_tissue,0,688.3730748244546
486.0,-478.29999999999995,0.0,epithelial_tumor_class1_class2,1,1445.2691830369424
64.59000000000003,-430.4,0.0,CAF,1,263.23632081892714
153.29999999999995,397.87,0.0,epithelial_tumor_class1,1,12657.689656927883
-458.39,231.37,0.0,CAF,1,1266.1957681158633
478.5999999999999,74.16000000000003,0.0,epithelial_tumor_class1,1,10042.942935921565
-83.80000000000001,-248.23000000000002,0.0,other_tissue,0,292.3548641586082
-512.77,433.62,0.0,mesenchymal_tumor_class1,1,980.5156780363194
-39.20999999999998,-425.62,0.0,other_tissue,0,1019.4518582015291
485.70000000000005,-175.95000000000005,0.0,CD4_Tcell,1,444.737335896647
-297.95,-512.5999999999999,0.0,CAF,1,254.53463116311673
-492.55,-266.83000000000004,0.0,CD4_Tcell,1,436.22656409090683
-513.62,-361.55999999999995,0.0,CAF,1,454.9867836794331
112.33000000000004,242.23000000000002,0.0,other_tissue,0,392.3875804356182
91.98000000000002,291.94,0.0,CAF,1,195.15546423707863
172.65999999999997,249.60000000000002,0.0,apCAF,1,225.0810517102529
2.7100000000000364,103.70999999999998,0.0,other_tissue,0,442.9786301485083
-327.64,56.64999999999998,0.0,other_tissue,0,664.4508525553122
-190.02999999999997,178.57,0.0,CD4_Tcell,1,756.4622714505782
-228.35000000000002,-506.70000000000005,0.0,other_tissue,0,542.4663240211152
-109.93,-353.40999999999997,0.0,apCAF,1,1261.1319482720664
-319.43,-532.0,0.0,CD4_Tcell,1,606.5294345368003
50.27999999999997,-379.91999999999996,0.0,CD4_Tcell,1,410.7321903213123
-254.87,86.01999999999998,0.0,other_tissue,0,456.79145108973233
404.0,201.07999999999998,0.0,epithelial_tumor_class1,1,1133.3351417912697
337.95000000000005,15.289999999999964,0.0,epithelial_tumor_class1,1,2041.2533749043303
250.26,85.47000000000003,0.0,epithelial_tumor_class1,1,793.3198859248049
-314.76,441.55,0.0,epithelial_tumor_class1,1,1263.4468260864792
491.5,-80.24000000000001,0.0,CD4_Tcell,1,987.5246889041648
234.39999999999998,18.340000000000032,0.0,CD4_Tcell,1,540.9238123694711
452.20000000000005,-467.20000000000005,0.0,CD4_Tcell,1,671.6388040854093
-481.34000000000003,-214.90999999999997,0.0,CD4_Tcell,1,403.4143830764822
-45.72000000000003,-261.96000000000004,0.0,CAF,1,733.9253314984024
199.22000000000003,45.579999999999984,0.0,CD4_Tcell,1,740.1598295268327
-325.55,139.05,0.0,other_tissue,0,473.4102137808054
330.52,233.10000000000002,0.0,CAF,1,388.216439348523
-276.11,24.519999999999982,0.0,apCAF,1,1220.0389676607117
94.53999999999996,-430.64,0.0,CAF,1,819.5045906480376
-517.4,282.3,0.0,other_tissue,0,1019.4518582015291
104.01999999999998,-412.84000000000003,0.0,CD4_Tcell,1,335.3437295925903
-483.28,136.35000000000002,0.0,CAF,1,620.7420776990535
126.66999999999996,220.11,0.0,CAF,1,937.7199793146722
70.00999999999999,162.14999999999998,0.0,other_tissue,0,837.1197990686775
-432.74,-351.65999999999997,0.0,apCAF,1,1261.1319482720664
-386.63,29.480000000000018,0.0,other_tissue,0,614.0099945024332
351.29999999999995,-3.0299999999999727,0.0,epithelial_tumor_class1_class2,1,1496.0489672791377
-210.55,56.45999999999998,0.0,mesenchymal_tumor_class1,1,798.2618123004606
205.02999999999997,110.64999999999998,0.0,CAF,1,1010.5040791900924
415.61,-47.02999999999997,0.0,CD8_Tcell,1,370.8281225492237
273.25,67.45999999999998,0.0,CD4_Tcell,1,824.0656334601277
524.0999999999999,-56.26999999999998,0.0,epithelial_tumor_class1,1,2189.9329042098384
-408.53999999999996,39.50999999999999,0.0,other_tissue,0,318.3089194115717
-399.37,-56.17999999999995,0.0,CD4_Tcell,1,1073.1564248430268
-169.22000000000003,133.86,0.0,other_tissue,0,322.90752110249923
-92.91000000000003,-73.61000000000001,0.0,other_tissue,0,1019.4518582015291
90.37,-539.5,0.0,other_tissue,0,1019.4518582015291
-471.54,-291.11,0.0,apCAF,1,596.5017012699864
4.110000000000014,-240.92999999999995,0.0,CD4_Tcell,1,586.6698296585931
-513.28,486.04,0.0,epithelial_tumor_class1,1,3104.44491513701
-462.56,-203.90999999999997,0.0,mesenchymal_tumor_class1,1,2119.6657896512447
-199.76,-181.12,0.0,mesenchymal_tumor_class1,1,1560.8857872009369
-401.13,-393.12,0.0,CD4_Tcell,1,460.3718385609763
-264.91,-56.77999999999997,0.0,mesenchymal_tumor_class1,1,1135.1760242789358
-314.88,245.0,0.0,epithelial_tumor_class1,1,1306.629202253367
-390.34000000000003,399.05,0.0,epithelial_tumor_class1,1,4725.35607522923
348.30999999999995,5.539999999999964,0.0,other_tissue,0,680.1866631080303
262.89,123.61000000000001,0.0,epithelial_tumor_class1_class2,1,3287.5679786806645
149.40999999999997,-93.37,0.0,epithelial_tumor_class1,1,6770.506471173889
-184.17000000000002,-128.76,0.0,other_tissue,0,1019.4518582015291
-408.65,-204.20000000000005,0.0,mesenchymal_tumor_class1_class2,1,870.3237024345561
356.05999999999995,-332.71000000000004,0.0,CD4_Tcell,1,509.03330945283636
-88.17000000000002,-285.91999999999996,0.0,epithelial_tumor_class1,1,1031.0707882342685
-7.730000000000018,112.88,0.0,other_tissue,0,414.55174616206455
186.42999999999995,497.78,0.0,other_tissue,0,795.4976255742022
89.45000000000005,71.27999999999997,0.0,mesenchymal_tumor_class1,1,486.96181607815186
252.69000000000005,280.18,0.0,apCAF,1,1261.1319482720664
-133.37,95.30000000000001,0.0,CAF,1,1179.2015492025873
-471.54,-220.14,0.0,CD4_Tcell,1,1073.1564248430268
91.85000000000002,153.12,0.0,other_tissue,0,1019.4518582015291
-228.52999999999997,152.48000000000002,0.0,CD4_Tcell,1,942.7093223628294
511.79999999999995,150.74,0.0,epithelial_tumor_class1,1,2194.2988683706135
272.40999999999997,182.24,0.0,other_tissue,0,274.1597830327687
142.01999999999998,25.350000000000023,0.0,apCAF,1,1261.1319482720664
23.25999999999999,-57.42999999999995,0.0,other_tissue,0,1019.4518582015291
282.66999999999996,286.69,0.0,CD4_Tcell,1,331.51855302640985
-308.41999999999996,-532.2,0.0,CD4_Tcell,1,778.3710203450112
77.33000000000004,153.77999999999997,0.0,other_tissue,0,613.311548233258
-398.37,-414.37,0.0,CAF,1,503.5651651923079
-225.79000000000002,-262.1,0.0,mesenchymal_tumor_class1,1,786.934175195315
-130.76999999999998,-44.860000000000014,0.0,CD8_Tcell,1,682.1521946886648
-242.68,-300.92999999999995,0.0,CAF,1,1014.2096336445345
-528.24,-358.32000000000005,0.0,CD4_Tcell,1,612.8403965523553
18.620000000000005,374.61,0.0,other_tissue,0,862.98257613401
-142.60000000000002,103.75999999999999,0.0,other_tissue,0,422.248140944413
-77.80000000000001,237.02999999999997,0.0,mesenchymal_tumor_class1,1,804.7294938390197
-279.96,57.920000000000016,0.0,other_tissue,0,1019.4518582015291
78.36000000000001,-404.33000000000004,0.0,CD4_Tcell,1,367.86566075584045
-334.36,2.7899999999999636,0.0,other_tissue,0,286.6619311497121
-365.73,435.48,0.0,other_tissue,0,397.09774282216654
190.13,374.72,0.0,other_tissue,0,989.7083269966424
295.20000000000005,121.88999999999999,0.0,CAF,1,411.53434918021935
-58.06,-261.36,0.0,CAF,1,457.6955715562528
186.88,353.28,0.0,other_tissue,0,1019.4518582015291
-65.62,220.79000000000002,0.0,apCAF,1,547.5644664639284
149.30999999999995,78.94,0.0,CAF,1,914.1527125325289
-425.86,-402.16999999999996,0.0,apCAF,1,255.04968657561236
380.13,-11.399999999999977,0.0,apCAF,1,997.7505859785379
338.17999999999995,-404.12,0.0,epithelial_tumor_class1_class2,1,1031.0707882342685
122.40999999999997,232.55,0.0,CAF,1,713.0749683476921
50.00999999999999,232.2,0.0,CAF,1,435.6010069247919
-373.0,-440.65,0.0,CAF,1,397.60742885413543
-259.44,394.08000000000004,0.0,CD8_Tcell,1,604.3144572911415
-531.81,26.940000000000055,0.0,CAF,1,519.994247188613
-65.25999999999999,100.49000000000001,0.0,epithelial_tumor_class1,1,2605.9513217787594
-162.07,-225.42999999999995,0.0,epithelial_tumor_class1_class2,1,2361.363349586809
423.67999999999995,-136.32000000000005,0.0,epithelial_tumor_class1,1,2292.034195587408
-514.71,-197.96000000000004,0.0,apCAF,1,118.85281871302858
142.21000000000004,-180.78999999999996,0.0,apCAF,1,118.85281871302858
-537.59,-288.28999999999996,0.0,CD4_Tcell,1,672.3437353793364
-307.65999999999997,-366.28,0.0,other_tissue,0,680.5981756851296
16.519999999999982,177.2,0.0,other_tissue,0,1019.4518582015291
-425.96,232.88,0.0,CAF,1,1229.810601152057
490.70000000000005,-116.59000000000003,0.0,CAF,1,1266.1957681158633
-441.32,-6.990000000000009,0.0,CD4_Tcell,1,376.4727991984986
-396.05,539.93,0.0,epithelial_tumor_class1_class2,1,723.8203742011136
416.55999999999995,-79.83000000000004,0.0,CD8_Tcell,1,478.6286224528624
-105.42000000000002,-280.09000000000003,0.0,apCAF,1,135.0059492051691
-138.88,196.70999999999998,0.0,CD8_Tcell,1,753.575218054576
-375.48,96.87,0.0,other_tissue,0,840.1086906636715
-543.635,-44.85000000000002,0.0,apCAF,1,1261.1319482720664
151.66999999999996,263.38,0.0,other_tissue,0,471.4301773505401
-6.100000000000023,-28.75,0.0,CD4_Tcell,1,357.329047044869
138.45000000000005,-489.70000000000005,0.0,other_tissue,0,708.7414073828558
-273.72,330.91999999999996,0.0,epithelial_tumor_class1_class2,1,704.294492585643
-322.32,485.90999999999997,0.0,apCAF,1,142.05493689196044
90.75,184.41000000000003,0.0,other_tissue,0,627.0802153293405
-424.67,-88.70000000000005,0.0,apCAF,1,254.7969311491633
-14.090000000000032,-541.4000000000001,0.0,CAF,1,1266.1957681158633
361.97,-60.77999999999997,0.0,CD8_Tcell,1,610.3664588945597
-284.79,-312.26,0.0,other_tissue,0,834.8667094636053
-294.11,439.34000000000003,0.0,CAF,1,797.8457367245146
-344.40999999999997,163.83999999999997,0.0,CD8_Tcell,1,404.1673338254799
-378.25,119.88,0.0,CD4_Tcell,1,793.3198859248049
-66.23000000000002,-494.29999999999995,0.0,apCAF,1,364.8943239611864
373.21000000000004,-348.40999999999997,0.0,other_tissue,0,480.58424210002136
8.830000000000041,-196.85000000000002,0.0,CD4_Tcell,1,497.3618043269728
-281.77,-445.51,0.0,other_tissue,0,733.5712596760686
247.64999999999998,239.85000000000002,0.0,CD4_Tcell,1,298.30615475084784
535.8,-18.149999999999977,0.0,CD4_Tcell,1,296.0556503832544
318.73,246.26999999999998,0.0,CAF,1,354.81456505176703
-126.81,84.60000000000002,0.0,epithelial_tumor_class1,1,780.2880154958913
-196.42000000000002,-161.53999999999996,0.0,apCAF,1,135.0059492051691
447.48,114.05000000000001,0.0,epithelial_tumor_class1,1,780.2880154958913
412.12,-106.17999999999995,0.0,other_tissue,0,313.68720269497805
133.09000000000003,179.82,0.0,other_tissue,0,1019.4518582015291
-323.14,177.32,0.0,CAF,1,454.6435773196252
390.95000000000005,-89.38,0.0,CD4_Tcell,1,1073.1564248430268
-500.57,-485.5999999999999,0.0,CAF,1,778.657499620536
38.65999999999997,-426.27,0.0,CD4_Tcell,1,455.45897438517096
485.79999999999995,-69.07000000000005,0.0,CAF,1,1266.1957681158633
-446.68,-340.88,0.0,apCAF,1,461.26624040405926
57.960000000000036,-332.35,0.0,apCAF,1,515.7373460002782
-266.24,186.58999999999997,0.0,CD4_Tcell,1,263.15687623488196
-48.19,118.66000000000003,0.0,CAF,1,737.9066207425165
-385.75,-479.0999999999999,0.0,apCAF,1,193.66238942921592
67.25,49.02999999999997,0.0,other_tissue,0,760.9275771095024
-498.05,382.53,0.0,other_tissue,0,368.51156922752983
-303.45,89.25,0.0,epithelial_tumor_class1,1,1061.2205748134556
-27.25999999999999,90.17000000000002,0.0,other_tissue,0,839.8719008632021
-81.81,38.43000000000001,0.0,other_tissue,0,328.63141416289665
-321.84000000000003,-302.69000000000005,0.0,CAF,1,460.1268014774036
-261.13,290.03,0.0,CAF,1,578.8086829127021
312.48,-343.20000000000005,0.0,CD4_Tcell,1,594.7557268424243
-407.62,93.51999999999998,0.0,other_tissue,0,329.0000287050714
-329.59000000000003,214.8,0.0,apCAF,1,124.42028465190641
-473.14,393.46000000000004,0.0,other_tissue,0,711.2816277774407
-431.05,493.59000000000003,0.0,CAF,1,1012.7214498242191
-351.32,-517.4000000000001,0.0,epithelial_tumor_class1_class2,1,3038.537527185693
220.27999999999997,237.89,0.0,other_tissue,0,378.0508671640998
72.35000000000002,-288.98,0.0,CD8_Tcell,1,712.2454151837519
-33.90999999999997,-69.82000000000005,0.0,CD4_Tcell,1,474.98350868199697
-160.75,-311.9,0.0,other_tissue,0,664.8375751695996
164.92999999999995,251.72000000000003,0.0,apCAF,1,823.3857113546097
-321.53999999999996,333.47,0.0,CAF,1,1050.714675591303
540.0,-87.14999999999998,0.0,CD4_Tcell,1,479.2650966015328
376.28999999999996,-57.72000000000003,0.0,CD4_Tcell,1,772.5543854999075
-326.81,315.98,0.0,other_tissue,0,454.3862858441202
156.67999999999995,-344.69000000000005,0.0,other_tissue,0,586.5512203606609
-460.45,63.49000000000001,0.0,CD4_Tcell,1,273.1507820078019
-124.98000000000002,391.72,0.0,other_tissue,0,879.3698419806414
-16.090000000000032,-214.69000000000005,0.0,CD4_Tcell,1,656.0173628839715
-501.46,-391.09000000000003,0.0,CAF,1,497.0734639878696
-475.7,-19.049999999999955,0.0,CD8_Tcell,1,310.8270198968004
-271.95,409.15999999999997,0.0,other_tissue,0,328.2860881829755
209.0,119.94,0.0,CAF,1,484.7352244873879
16.029999999999973,12.490000000000009,0.0,other_tissue,0,322.3615505601087
431.01,-101.84000000000003,0.0,other_tissue,0,649.0140019152615
266.96000000000004,481.51,0.0,apCAF,1,575.4731815832865
244.14,-133.66999999999996,0.0,other_tissue,0,917.9158106786573
-232.95,-222.28999999999996,0.0,mesenchymal_tumor_class1,1,2529.5309066455125
127.51999999999998,110.69,0.0,mesenchymal_tumor_class1,1,1204.4520257617448
-523.89,-390.19000000000005,0.0,CAF,1,405.95437416171404
321.39,234.31,0.0,CAF,1,539.0798648332004
365.76,-16.519999999999982,0.0,apCAF,1,1261.1319482720664
-145.26,163.23000000000002,0.0,other_tissue,0,365.042509410239
-404.5,-44.129999999999995,0.0,CD8_Tcell,1,593.3374997108511
-414.31,-99.51999999999998,0.0,CAF,1,1266.1957681158633
-485.53,-388.25,0.0,CAF,1,398.52334350456294
162.27999999999997,262.43,0.0,CAF,1,356.0399590653592
-434.68,-412.97,0.0,CD8_Tcell,1,563.8256069894924
142.23000000000002,-327.28999999999996,0.0,CD4_Tcell,1,359.54963779485666
319.63,187.7,0.0,other_tissue,0,259.2344863296363
-63.81999999999999,143.32999999999998,0.0,other_tissue,0,226.77628326730834
-452.02,126.39999999999998,0.0,other_tissue,0,846.6919644963476
-469.94,-56.15999999999997,0.0,other_tissue,0,281.0433864848032
416.99,151.88,0.0,CD4_Tcell,1,452.21747203734225
-430.52,97.37,0.0,CAF,1,474.43907848889853
140.26999999999998,97.04000000000002,0.0,other_tissue,0,980.1577501271413
-2.4700000000000273,-197.05999999999995,0.0,CD4_Tcell,1,364.84493772474525
-195.63,-18.909999999999968,0.0,epithelial_tumor_class1,1,12657.689656927883
-403.45,466.21,0.0,epithelial_tumor_class1,1,1591.5052956806337
-361.48,-300.9,0.0,CD8_Tcell,1,318.9405964480471
74.05999999999995,-105.70000000000005,0.0,CD8_Tcell,1,925.2433484323122
253.26999999999998,235.24,0.0,CD4_Tcell,1,465.74110109315234
361.65,-8.309999999999945,0.0,CD8_Tcell,1,629.6701331792351
-368.93,-254.72000000000003,0.0,CAF,1,480.45073548978075
-363.53,-23.139999999999986,0.0,apCAF,1,774.836751992663
-457.2,-361.15,0.0,CAF,1,614.5866117049243
313.01,-81.28999999999996,0.0,epithelial_tumor_class1,1,892.1259859707304
534.2,-106.72000000000003,0.0,CD8_Tcell,1,497.2859144824867
-432.71,209.81,0.0,epithelial_tumor_class1,1,1673.7341075330432
-472.02,-470.20000000000005,0.0,other_tissue,0,488.54997807705905
-17.350000000000023,-233.34000000000003,0.0,other_tissue,0,364.9560630236971
146.16999999999996,-78.75999999999999,0.0,epithelial_tumor_class1,1,3214.131604369771
434.39,-67.01999999999998,0.0,CD8_Tcell,1,336.8164471905017
-124.07999999999998,118.47000000000003,0.0,other_tissue,0,735.7565177083397
197.51999999999998,221.86,0.0,other_tissue,0,857.536642326162
419.95000000000005,-33.360000000000014,0.0,other_tissue,0,536.7129576949924
-521.67,-263.04999999999995,0.0,CD8_Tcell,1,567.2651046126937
189.47000000000003,142.82999999999998,0.0,mesenchymal_tumor_class1_class2,1,397.86897539867226
125.45000000000005,-438.20000000000005,0.0,CAF,1,259.6180710823921
-180.86,216.74,0.0,other_tissue,0,355.53004717805374
-279.91,-56.58000000000004,0.0,other_tissue,0,644.727727362363
-445.08,-401.96000000000004,0.0,CAF,1,287.37736695155155
-228.27999999999997,142.69,0.0,other_tissue,0,435.2953967560036
-506.12,-441.65999999999997,0.0,CAF,1,226.16538192454246
-542.048,497.62,0.0,CAF,1,454.6149845828098
12.279999999999973,91.25,0.0,other_tissue,0,325.66951310551434
496.9000000000001,-97.12,0.0,other_tissue,0,573.1009259816126
39.25,-324.58000000000004,0.0,other_tissue,0,705.8046373382059
-213.89999999999998,172.72000000000003,0.0,other_tissue,0,536.9525307931036
-254.26999999999998,401.27,0.0,CD8_Tcell,1,465.04408688173714
60.299999999999955,-291.33000000000004,0.0,apCAF,1,251.79616250230092
7.509999999999991,-13.720000000000027,0.0,other_tissue,0,348.6578800779814
-264.11,-131.21000000000004,0.0,CD4_Tcell,1,586.5512203606609
-420.58000000000004,162.43,0.0,CAF,1,692.547578237065
-226.13,-205.39999999999998,0.0,mesenchymal_tumor_class1,1,2529.5309066455125
-53.379999999999995,223.76999999999998,0.0,other_tissue,0,250.92940611365165
-442.05,462.38,0.0,other_tissue,0,382.8752618114174
95.88999999999999,130.48000000000002,0.0,epithelial_tumor_class1,1,2301.673480786707
-528.23,-54.39999999999998,0.0,apCAF,1,242.596649461524
92.62,-34.42999999999995,0.0,epithelial_tumor_class1,1,1800.4694785181212
-323.23,-449.22,0.0,epithelial_tumor_class1_class2,1,2402.4617499437322
395.14,-79.38,0.0,other_tissue,0,564.0731812403656
-297.23,-112.05999999999995,0.0,apCAF,1,787.0166184047464
312.47,198.20999999999998,0.0,CAF,1,227.6135603758667
-276.12,160.33999999999997,0.0,other_tissue,0,972.4714866713111
-397.88,288.93,0.0,epithelial_tumor_class1,1,10781.121349614466
-349.71000000000004,105.95999999999998,0.0,mesenchymal_tumor_class1,1,731.7044336937527
41.879999999999995,435.43,0.0,CD4_Tcell,1,386.63585313322403
-200.48000000000002,-267.53,0.0,mesenchymal_tumor_class1,1,1935.4733809222244
536.5999999999999,145.04000000000002,0.0,epithelial_tumor_class1_class2,1,1572.9878991832948
-275.1,191.82,0.0,other_tissue,0,482.9767073539695
-353.78,-344.0,0.0,epithelial_tumor_class1_class2,1,1411.4437961116582
-374.22,242.97000000000003,0.0,epithelial_tumor_class1,1,1173.4623251541088
-74.52999999999997,-16.600000000000023,0.0,other_tissue,0,573.5181028563907
-297.98,147.05,0.0,apCAF,1,318.79388272265174
-232.60000000000002,190.77999999999997,0.0,other_tissue,0,469.09062614930383
-475.18,106.94999999999999,0.0,other_tissue,0,398.13063661511114
-58.25999999999999,218.83999999999997,0.0,other_tissue,0,426.15234403053756
-480.35,96.72000000000003,0.0,other_tissue,0,709.3181982348967
-435.0,-323.53999999999996,0.0,CAF,1,290.6221696866001
-108.17000000000002,-262.96000000000004,0.0,CD8_Tcell,1,855.5085105269262
-91.58999999999997,-222.04999999999995,0.0,other_tissue,0,409.1843068925682
-49.43000000000001,-255.34000000000003,0.0,CD8_Tcell,1,436.4491286601322
149.95000000000005,-159.37,0.0,CD4_Tcell,1,437.89764386331734
-493.87,454.06,0.0,other_tissue,0,770.6016423228609
-231.29000000000002,121.43,0.0,mesenchymal_tumor_class1,1,552.710735872077
-506.08,-352.84000000000003,0.0,apCAF,1,240.30896044620314
-158.43,-298.03,0.0,CAF,1,781.2184665623548
-179.70999999999998,111.42000000000002,0.0,other_tissue,0,511.4882760498188
345.09000000000003,173.64,0.0,mesenchymal_tumor_class1_class2,1,754.0358508325197
-148.17000000000002,-369.97,0.0,other_tissue,0,517.7459416154371
-116.47000000000003,-222.26999999999998,0.0,CAF,1,704.3105876361825
-393.85,-374.72,0.0,other_tissue,0,272.44900486750123
-73.85000000000002,-307.97,0.0,CD8_Tcell,1,478.36235881545207
-79.63999999999999,-371.54999999999995,0.0,CAF,1,1266.1957681158633
-188.18,89.56,0.0,apCAF,1,173.22128378617666
-536.97,220.17000000000002,0.0,epithelial_tumor_class1,1,4636.181639141904
52.620000000000005,367.8,0.0,other_tissue,0,1019.4518582015291
333.04999999999995,215.27999999999997,0.0,CAF,1,624.9921910464662
-313.24,-540.5,0.0,CD4_Tcell,1,407.17522223928506
352.61,-16.91999999999996,0.0,CD8_Tcell,1,436.4491286601322
-72.39999999999998,-175.40999999999997,0.0,CAF,1,1266.1957681158633
152.67999999999995,-501.5999999999999,0.0,other_tissue,0,673.476366743604
213.11,86.35000000000002,0.0,epithelial_tumor_class1,1,1574.787319430671
-529.62,375.95,0.0,other_tissue,0,443.14726434980656
-257.21,172.66000000000003,0.0,CAF,1,567.2651046126937
47.049999999999955,25.92999999999995,0.0,other_tissue,0,757.5870027661447
420.53,158.39999999999998,0.0,CD4_Tcell,1,304.2392157355311
-62.60000000000002,-448.01,0.0,CD8_Tcell,1,428.41567780056215
-326.06,-193.11,0.0,mesenchymal_tumor_class1,1,1672.711730120998
-438.36,-281.19000000000005,0.0,other_tissue,0,703.7365150233247
-62.20999999999998,40.860000000000014,0.0,other_tissue,0,1019.4518582015291
274.17999999999995,-462.6,0.0,other_tissue,0,263.3654523669257
64.08000000000004,-236.24,0.0,other_tissue,0,276.7393549342643
-66.44,130.47000000000003,0.0,apCAF,1,185.63363336436956
-397.21000000000004,197.43,0.0,CAF,1,514.6495879385266
-419.76,31.16999999999996,0.0,CAF,1,596.5017012699864
-343.77,-186.12,0.0,CAF,1,1266.1957681158633
47.700000000000045,-318.48,0.0,apCAF,1,612.9799718855439
-508.22,-384.69000000000005,0.0,CAF,1,344.9340564964179
-214.26999999999998,-44.049999999999955,0.0,other_tissue,0,521.3087596411178
-238.85000000000002,263.3,0.0,CAF,1,466.0317291119122
1.1000000000000227,123.38999999999999,0.0,apCAF,1,599.5052000761062
-545.337,-457.6,0.0,other_tissue,0,545.8992370085194
-489.53,-17.41999999999996,0.0,apCAF,1,257.02887296892806
-322.36,379.03999999999996,0.0,CAF,1,951.7814723500479
-534.4,-326.54999999999995,0.0,apCAF,1,306.9158561365733
131.75,-346.29999999999995,0.0,other_tissue,0,297.09872996752614
-53.420000000000016,-23.32000000000005,0.0,other_tissue,0,482.23285769830204
407.42999999999995,160.57,0.0,epithelial_tumor_class1,1,3216.765418719319
-228.14999999999998,72.24000000000001,0.0,other_tissue,0,472.00161964668183
-362.94,-59.309999999999945,0.0,CD4_Tcell,1,547.9043943368788
318.55999999999995,155.69,0.0,epithelial_tumor_class1_class2,1,3195.892532613919
231.82000000000005,-135.16999999999996,0.0,epithelial_tumor_class1_class2,1,1552.9928071357474
-67.27999999999997,-61.799999999999955,0.0,other_tissue,0,274.1597830327687
-162.01,-398.45000000000005,0.0,other_tissue,0,691.4692858809414
-123.19,-385.03,0.0,other_tissue,0,685.4740844424441
-245.25,-224.49,0.0,mesenchymal_tumor_class1,1,1599.4619820802945
-483.94,-357.75,0.0,apCAF,1,624.3031018358381
443.94000000000005,-164.03999999999996,0.0,CD8_Tcell,1,388.8086578179765
369.47,-423.46000000000004,0.0,other_tissue,0,332.71295564010586
-180.07999999999998,-411.57000000000005,0.0,other_tissue,0,779.906551138674
-73.66000000000003,-272.53,0.0,other_tissue,0,331.7039034530334
111.74000000000001,-362.76,0.0,CAF,1,300.57888509916734
-412.31,-423.30999999999995,0.0,CD8_Tcell,1,1333.4241050137366
70.34000000000003,-134.10000000000002,0.0,other_tissue,0,431.5977877245835
457.79999999999995,-487.5999999999999,0.0,epithelial_tumor_class1_class2,1,1244.887425889562
-478.38,-489.29999999999995,0.0,CAF,1,614.5866117049243
544.9000000000001,-266.78,0.0,mesenchymal_tumor_class1_class2,1,1121.8616452268077
-321.69,-475.0999999999999,0.0,CD4_Tcell,1,404.76242998208534
385.83000000000004,-418.36,0.0,other_tissue,0,891.2747492743343
142.25,11.57000000000005,0.0,other_tissue,0,558.9549495644754
21.860000000000014,157.14,0.0,epithelial_tumor_class1,1,1543.2205655505982
461.9,21.32000000000005,0.0,apCAF,1,790.8359115720779
-316.15999999999997,131.83999999999997,0.0,CAF,1,1208.589996665255
527.5999999999999,-118.19000000000005,0.0,other_tissue,0,1019.4518582015291
316.65999999999997,314.07,0.0,other_tissue,0,255.9941337798742
129.03999999999996,288.51,0.0,other_tissue,0,325.04041018808715
-121.08999999999997,-193.74,0.0,CAF,1,481.9206687336868
451.9,121.80000000000001,0.0,epithelial_tumor_class1,1,2188.5875613236385
-59.920000000000016,354.62,0.0,epithelial_tumor_class1,1,4195.831313879874
-74.97000000000003,-454.4,0.0,CD4_Tcell,1,464.14480656882836
-405.93,-307.38,0.0,CAF,1,243.2273571324169
-380.18,-353.88,0.0,CD8_Tcell,1,654.1023843028929
-379.62,-103.92999999999995,0.0,CD4_Tcell,1,743.6474671725838
-321.47,-519.7,0.0,apCAF,1,567.6297134685923
180.36,-55.51999999999998,0.0,other_tissue,0,876.4434888377982
-530.95,4.309999999999945,0.0,apCAF,1,1261.1319482720664
-355.1,-324.09000000000003,0.0,CAF,1,568.7410755246955
-43.56999999999999,-299.03999999999996,0.0,other_tissue,0,634.3892115930984
95.05999999999995,282.74,0.0,CD4_Tcell,1,441.4488282320134
-466.0,490.52,0.0,epithelial_tumor_class1,1,1114.6716936275586
-533.06,-216.22000000000003,0.0,CD4_Tcell,1,552.3851011185477
298.62,393.97,0.0,CAF,1,622.4680072660138
352.16999999999996,-409.77,0.0,epithelial_tumor_class1_class2,1,1360.0834424254103
426.40999999999997,-411.89,0.0,other_tissue,0,404.23342679696464
-301.53,230.77999999999997,0.0,apCAF,1,306.7728538762385
-161.95999999999998,222.99,0.0,CD4_Tcell,1,469.38264578742366
-302.96000000000004,-208.26999999999998,0.0,apCAF,1,118.85281871302858
227.09000000000003,-275.0,0.0,CD4_Tcell,1,586.6698296585931
59.75,-447.23,0.0,other_tissue,0,309.4311254261037
-436.3,-143.10000000000002,0.0,other_tissue,0,603.4334318361654
-63.379999999999995,-277.24,0.0,CD8_Tcell,1,559.4308979853058
62.57000000000005,416.15999999999997,0.0,mesenchymal_tumor_class1_class2,1,988.9160866289058
-188.2,33.41999999999996,0.0,other_tissue,0,699.7648551425233
115.47000000000003,334.98,0.0,epithelial_tumor_class1,1,2273.7143307314664
-530.93,-312.37,0.0,CD4_Tcell,1,276.8420513119313
470.6,-61.27999999999997,0.0,other_tissue,0,434.78173843043163
417.99,202.39999999999998,0.0,apCAF,1,1261.1319482720664
-378.87,304.23,0.0,epithelial_tumor_class1,1,12657.689656927883
-416.48,-480.0,0.0,CD8_Tcell,1,739.6653127090661
124.99000000000001,-370.49,0.0,CAF,1,539.7207618076314
-506.87,-270.95000000000005,0.0,apCAF,1,343.3191844853052
96.76999999999998,-423.15,0.0,CAF,1,586.0600092877613
434.28999999999996,176.39999999999998,0.0,CAF,1,325.10900019235555
-24.950000000000045,-114.13,0.0,CAF,1,678.0755987642895
443.55999999999995,-150.21000000000004,0.0,CD8_Tcell,1,265.53718533691006
120.5,-381.61,0.0,CD4_Tcell,1,439.05596726619444
1.3700000000000045,428.71,0.0,other_tissue,0,276.3493403240815
-484.43,105.58999999999997,0.0,other_tissue,0,423.11972881639775
47.16999999999996,-21.090000000000032,0.0,epithelial_tumor_class1_class2,1,6651.615197819109
163.79999999999995,-336.86,0.0,other_tissue,0,604.7985219826155
124.26999999999998,-152.57000000000005,0.0,CD8_Tcell,1,410.7321903213123
327.79999999999995,351.33000000000004,0.0,other_tissue,0,440.21633152874705
197.97000000000003,105.41000000000003,0.0,CAF,1,607.5869111621471
-197.85000000000002,-389.99,0.0,CAF,1,438.12077641640946
-326.19,-435.4,0.0,apCAF,1,986.5658650774665
62.809999999999945,-456.9,0.0,CAF,1,382.1617348621659
133.70000000000005,-157.16999999999996,0.0,CD8_Tcell,1,567.6794449596441
129.36,-126.01999999999998,0.0,other_tissue,0,435.1981871416208
115.63,-440.78,0.0,other_tissue,0,595.0635920719776
85.76999999999998,-131.94000000000005,0.0,CD4_Tcell,1,227.33423942748485
-122.47000000000003,-253.58000000000004,0.0,other_tissue,0,253.225831163022
187.72000000000003,365.14,0.0,CD8_Tcell,1,798.5531512570548
-416.3,358.51,0.0,CAF,1,773.0227195608351
163.26999999999998,456.7,0.0,other_tissue,0,1019.4518582015291
-130.01999999999998,113.75,0.0,CAF,1,347.36584697772594
306.80999999999995,301.22,0.0,other_tissue,0,280.23494718070816
216.21000000000004,-532.8,0.0,other_tissue,0,1019.4518582015291
-337.05,-543.2,0.0,other_tissue,0,1019.4518582015291
309.22,-472.6,0.0,other_tissue,0,492.9276760785971
-288.76,-221.70000000000005,0.0,CAF,1,609.9663782964337
220.66999999999996,185.57,0.0,apCAF,1,957.5015700465466
-513.86,200.63,0.0,other_tissue,0,554.8794627751978
113.63,442.95,0.0,epithelial_tumor_class1,1,2849.6803038122475
519.0,-178.97000000000003,0.0,CD4_Tcell,1,846.0861697353977
-438.48,-378.4,0.0,other_tissue,0,232.11386288846776
-506.47,181.32,0.0,CD4_Tcell,1,744.6601328025896
-443.82,189.02999999999997,0.0,epithelial_tumor_class1,1,1288.106203998757
-47.379999999999995,-325.44000000000005,0.0,other_tissue,0,557.8399913551272
-152.7,277.43,0.0,other_tissue,0,1019.4518582015291
58.58000000000004,-78.46000000000004,0.0,CAF,1,247.2154920982759
529.5,-33.35000000000002,0.0,CD8_Tcell,1,912.1726812050083
115.00999999999999,28.58000000000004,0.0,CD4_Tcell,1,404.7359688681147
209.21000000000004,-38.450000000000045,0.0,mesenchymal_tumor_class1_class2,1,189.7721257809089
-57.329999999999984,-292.35,0.0,CD8_Tcell,1,1095.1863170027134
-278.32,-168.39999999999998,0.0,epithelial_tumor_class1_class2,1,10871.668874768031
-21.860000000000014,133.12,0.0,other_tissue,0,997.6298728203902
100.64999999999998,-357.05999999999995,0.0,CAF,1,1080.9641827808541
431.05999999999995,-452.0,0.0,CD8_Tcell,1,399.4144349935768
48.34000000000003,-196.95000000000005,0.0,CD8_Tcell,1,1077.7838058047955
-221.11,169.0,0.0,CAF,1,557.692534557416
-448.13,-187.52999999999997,0.0,mesenchymal_tumor_class1,1,983.1909611239672
155.64,-473.70000000000005,0.0,other_tissue,0,532.6828884719599
-456.64,-339.35,0.0,apCAF,1,1261.1319482720664
-14.529999999999973,153.67000000000002,0.0,CD4_Tcell,1,836.4541799986722
-527.01,501.25,0.0,CAF,1,550.336542800697
21.879999999999995,135.02999999999997,0.0,other_tissue,0,793.0919720418856
-439.43,-218.44000000000005,0.0,mesenchymal_tumor_class1_class2,1,189.7721257809089
-405.33000000000004,-442.76,0.0,CD4_Tcell,1,843.9897581410625
-330.24,197.95999999999998,0.0,other_tissue,0,219.13079578807827
86.25999999999999,273.27,0.0,CAF,1,301.76307785158946
310.51,-94.08000000000004,0.0,mesenchymal_tumor_class1,1,744.6799981756981
-341.7,372.38,0.0,CAF,1,249.43174438767954
-132.89,-9.490000000000009,0.0,other_tissue,0,823.3432286452869
-395.4,521.65,0.0,CAF,1,333.1078533330479
-396.31,51.629999999999995,0.0,CAF,1,236.9137217648108
-48.0,377.27,0.0,CAF,1,926.0241832264884
3.6200000000000045,-208.27999999999997,0.0,epithelial_tumor_class1,1,2107.082580051371
-335.21000000000004,256.55,0.0,epithelial_tumor_class1,1,1336.387501276606
-437.90999999999997,83.10000000000002,0.0,CD4_Tcell,1,1052.8403115484862
66.05999999999995,119.26999999999998,0.0,other_tissue,0,476.8701553636854
-493.86,228.3,0.0,CD4_Tcell,1,317.03682599959086
-87.57,-17.399999999999977,0.0,other_tissue,0,502.7238760955422
37.379999999999995,-411.76,0.0,other_tissue,0,224.98264845383076
262.58000000000004,240.18,0.0,apCAF,1,807.2634244791773
-207.07999999999998,-391.64,0.0,epithelial_tumor_class1,1,1963.6991956586633
215.54999999999995,216.57999999999998,0.0,other_tissue,0,282.15492664813195
-219.82,-239.74,0.0,mesenchymal_tumor_class1,1,2529.5309066455125
-395.38,132.22000000000003,0.0,other_tissue,0,184.31486080855387
69.29999999999995,-11.580000000000041,0.0,other_tissue,0,1019.4518582015291
-288.53,-323.88,0.0,apCAF,1,240.30896044620314
-84.45999999999998,337.93,0.0,other_tissue,0,207.20788177789254
508.79999999999995,39.19,0.0,other_tissue,0,239.78595429045595
-333.47,221.91000000000003,0.0,CAF,1,835.5314862120534
-375.2,-432.64,0.0,apCAF,1,960.6762034592018
-354.0,-55.33000000000004,0.0,CD8_Tcell,1,358.82877118496015
-524.41,230.92000000000002,0.0,epithelial_tumor_class1,1,3594.426982554631
-296.22,289.18,0.0,apCAF,1,1261.1319482720664
137.59000000000003,148.38,0.0,epithelial_tumor_class1,1,1079.4368221608347
-383.23,370.52,0.0,CD4_Tcell,1,408.7180379893298
534.5,-62.65999999999997,0.0,epithelial_tumor_class1_class2,1,1295.2758759131382
268.62,129.82999999999998,0.0,CAF,1,358.13325642923047
246.79999999999995,442.04,0.0,other_tissue,0,580.6747758696656
-150.93,-402.6,0.0,other_tissue,0,957.4311021904101
-193.92000000000002,-358.73,0.0,other_tissue,0,302.2310906210457
371.77,-66.32000000000005,0.0,CD8_Tcell,1,596.8615902392164
80.88,-281.95000000000005,0.0,CD4_Tcell,1,678.0755987642895
-474.37,2.659999999999968,0.0,CD4_Tcell,1,236.73786447103245
-229.51999999999998,36.610000000000014,0.0,other_tissue,0,504.33078746171066
35.40999999999997,-205.07000000000005,0.0,other_tissue,0,591.0866528803563
268.9,429.59000000000003,0.0,CD4_Tcell,1,324.34362601159097
-457.19,-222.14,0.0,apCAF,1,255.41939894715142
-109.66000000000003,-99.76999999999998,0.0,CD4_Tcell,1,395.8710593128606
-254.92000000000002,-313.84000000000003,0.0,apCAF,1,162.51720179740613
213.45000000000005,260.91,0.0,other_tissue,0,684.2904836702487
-90.44999999999999,327.08000000000004,0.0,other_tissue,0,834.8023949493845
-220.06,214.64,0.0,apCAF,1,1127.5362751860364
-422.98,119.51999999999998,0.0,other_tissue,0,346.5062673233446
-326.62,251.19,0.0,epithelial_tumor_class1,1,925.2433484323122
-45.05000000000001,-98.86000000000001,0.0,other_tissue,0,1019.4518582015291
135.47000000000003,263.9,0.0,other_tissue,0,276.2775355194171
-344.7,-539.9000000000001,0.0,CAF,1,415.2242756589485
-415.74,119.02999999999997,0.0,CD4_Tcell,1,829.0916221042429
128.35000000000002,34.60000000000002,0.0,apCAF,1,859.5024000131813
-389.9,-435.87,0.0,apCAF,1,237.59946975545373
144.67999999999995,341.25,0.0,epithelial_tumor_class1,1,4444.131833513104
-461.25,-25.58000000000004,0.0,CAF,1,610.3316623345719
-53.50999999999999,-285.22,0.0,CD8_Tcell,1,610.2446767205282
-398.05,475.44,0.0,epithelial_tumor_class1,1,780.2880154958913
-489.92,76.80000000000001,0.0,CD4_Tcell,1,381.57628704533283
-406.2,345.53999999999996,0.0,apCAF,1,937.7199793146722
-102.24000000000001,-268.29999999999995,0.0,CD8_Tcell,1,264.7388379094393
-208.97000000000003,-304.83000000000004,0.0,CAF,1,1198.7129491147816
-425.47,-441.59000000000003,0.0,CAF,1,299.8091988560409
358.87,-194.36,0.0,apCAF,1,369.195563933929
-492.86,-375.15999999999997,0.0,apCAF,1,929.4512581519874
-417.35,541.798,0.0,other_tissue,0,355.50577781104784
-262.88,82.26999999999998,0.0,other_tissue,0,787.9651292136389
-17.610000000000014,240.51999999999998,0.0,other_tissue,0,449.67227063441123
257.51,302.16999999999996,0.0,other_tissue,0,283.1338348749746
-447.54,94.38,0.0,other_tissue,0,363.15614784652746
31.519999999999982,-420.54999999999995,0.0,epithelial_tumor_class1_class2,1,1113.5283163208942
307.88,310.36,0.0,CAF,1,333.63099233783635
284.40999999999997,71.32999999999998,0.0,CAF,1,304.98359401903986
97.67999999999995,-217.92999999999995,0.0,epithelial_tumor_class1_class2,1,7857.210584612969
-284.6,358.44,0.0,other_tissue,0,1019.4518582015291
-140.49,-18.870000000000005,0.0,other_tissue,0,388.6541080203945
427.57000000000005,191.24,0.0,apCAF,1,325.9900952617524
-463.31,-165.53999999999996,0.0,mesenchymal_tumor_class1,1,2307.1153521282354
362.79999999999995,17.74000000000001,0.0,epithelial_tumor_class1,1,955.4359493948182
-547.376,12.580000000000041,0.0,apCAF,1,492.56564336214717
99.87,202.51999999999998,0.0,other_tissue,0,1019.4518582015291
-92.54000000000002,-476.0999999999999,0.0,CAF,1,1127.5362751860364
-19.99000000000001,172.08999999999997,0.0,other_tissue,0,1019.4518582015291
149.13,-445.58000000000004,0.0,CAF,1,459.6657911069479
-89.16000000000003,360.35,0.0,CAF,1,374.9368454561947
-335.25,-418.48,0.0,apCAF,1,200.30087938214203
-524.01,260.3,0.0,CAF,1,805.7759287732332
-81.76999999999998,-30.559999999999945,0.0,other_tissue,0,373.8817356330581
-465.71,539.95,0.0,CAF,1,952.7644516374785
-109.32999999999998,18.460000000000036,0.0,other_tissue,0,283.770293649925
-7.789999999999964,254.43,0.0,CAF,1,352.7945919931779
-75.64999999999998,-218.76999999999998,0.0,CD8_Tcell,1,757.2052726286366
-58.43000000000001,227.77999999999997,0.0,other_tissue,0,254.02026963061218
-547.965,-333.58000000000004,0.0,CD4_Tcell,1,1073.1564248430268
51.10000000000002,-157.19000000000005,0.0,CD4_Tcell,1,311.7599445850286
96.87,-276.69000000000005,0.0,CD4_Tcell,1,1073.1564248430268
-216.20999999999998,-541.7,0.0,other_tissue,0,343.7580244635254
482.5,28.00999999999999,0.0,CD4_Tcell,1,621.7279319600681
202.01999999999998,-268.07000000000005,0.0,CD8_Tcell,1,546.3354264880392
-108.19999999999999,-325.0,0.0,CAF,1,335.0870294627819
-441.99,60.60000000000002,0.0,CD4_Tcell,1,385.91766018405065
-432.99,-78.77999999999997,0.0,CAF,1,743.4688568311891
-248.37,61.0,0.0,other_tissue,0,511.7512228631971
-544.046,459.8,0.0,other_tissue,0,468.79872765350996
-263.49,-259.98,0.0,apCAF,1,163.93991137223648
-250.76999999999998,394.14,0.0,other_tissue,0,489.28529399153894
9.25,-273.92999999999995,0.0,CAF,1,401.50319853938646
-301.15999999999997,-282.80999999999995,0.0,CAF,1,572.9674721207646
-546.163,307.43,0.0,other_tissue,0,1019.4518582015291
269.66999999999996,311.99,0.0,other_tissue,0,196.4191565673212
-541.817,-167.71000000000004,0.0,CD4_Tcell,1,411.3738339317469
423.64,32.110000000000014,0.0,CD4_Tcell,1,1061.4470034220974
313.51,177.43,0.0,apCAF,1,926.0241832264884
270.05999999999995,51.620000000000005,0.0,other_tissue,0,719.2298077678938
515.8,-49.40999999999997,0.0,other_tissue,0,720.939268036635
207.11,375.68,0.0,CAF,1,576.8292971564114
31.16999999999996,421.08000000000004,0.0,CD8_Tcell,1,325.2233383077153
391.75,218.83999999999997,0.0,CAF,1,354.40268962333624
-450.71,-102.25999999999999,0.0,other_tissue,0,1019.4518582015291
358.55999999999995,200.91000000000003,0.0,mesenchymal_tumor_class1,1,996.7127709868367
-472.54,-481.70000000000005,0.0,other_tissue,0,460.1556248555755
-326.21000000000004,499.37,0.0,other_tissue,0,261.215473563801
424.19000000000005,-92.07000000000005,0.0,apCAF,1,136.1610035582528
80.08000000000004,-147.32000000000005,0.0,CAF,1,178.5266337007578
36.039999999999964,318.53,0.0,other_tissue,0,1019.4518582015291
-271.18,31.960000000000036,0.0,other_tissue,0,849.9205221650886
55.860000000000014,373.99,0.0,mesenchymal_tumor_class1,1,712.4575651841728
-148.12,-169.25,0.0,CD8_Tcell,1,778.5756412275181
107.02999999999997,419.68,0.0,epithelial_tumor_class1,1,12657.689656927883
377.16999999999996,-301.27,0.0,other_tissue,0,588.5018286535828
-217.85000000000002,-272.57000000000005,0.0,CAF,1,570.069973962016
-543.888,26.99000000000001,0.0,apCAF,1,132.6148400119958
-118.50999999999999,238.49,0.0,other_tissue,0,346.1723696904786
-113.57999999999998,201.44,0.0,CAF,1,670.6749599788978
533.2,-90.59000000000003,0.0,CD4_Tcell,1,563.8751160432022
-139.19,-343.02,0.0,apCAF,1,433.2431882847042
-196.76999999999998,131.11,0.0,apCAF,1,382.1617348621659
267.62,235.27999999999997,0.0,CAF,1,212.8550487225072
117.02999999999997,262.73,0.0,CAF,1,758.2302066396401
162.74,-460.4,0.0,other_tissue,0,268.1328417304446
-513.52,172.63,0.0,CAF,1,1103.273085147901
-466.09000000000003,-180.62,0.0,mesenchymal_tumor_class1,1,984.2911463261366
-369.18,180.93,0.0,CAF,1,622.2036272758997
-293.3,216.26,0.0,other_tissue,0,492.80697880291416
-49.79000000000002,395.15999999999997,0.0,epithelial_tumor_class1_class2,1,2208.8666444215346
-472.07,-545.0999999999999,0.0,CAF,1,473.983254698313
142.04999999999995,47.00999999999999,0.0,CAF,1,662.0969285034132
-264.75,88.41000000000003,0.0,other_tissue,0,309.8516683859917
-30.74000000000001,-80.78999999999996,0.0,other_tissue,0,871.0071680639822
543.5999999999999,-105.01999999999998,0.0,CD4_Tcell,1,633.9073247282902
-425.12,-363.14,0.0,apCAF,1,1084.5591499980542
-319.78999999999996,257.73,0.0,epithelial_tumor_class1,1,1243.9362902365533
-440.46,168.68,0.0,CAF,1,1086.4235016613595
-19.08000000000004,-174.78999999999996,0.0,other_tissue,0,468.76954446579094
-51.74000000000001,-421.9,0.0,other_tissue,0,880.568861396154
268.61,194.11,0.0,CAF,1,365.43786673444305
-437.75,-62.289999999999964,0.0,CD4_Tcell,1,334.1896106758961
-256.83,-69.25999999999999,0.0,other_tissue,0,867.3734799887093
-447.65,-56.039999999999964,0.0,CD8_Tcell,1,519.462811483556
173.82000000000005,-441.46000000000004,0.0,other_tissue,0,1019.4518582015291
-35.879999999999995,-56.91999999999996,0.0,other_tissue,0,364.7338349857429
-165.13,151.26,0.0,other_tissue,0,416.85480616776687
-516.09,152.82,0.0,other_tissue,0,491.96264949699304
95.00999999999999,-122.92999999999995,0.0,epithelial_tumor_class1,1,2762.9465590249006
-249.8,-477.5999999999999,0.0,other_tissue,0,399.5324730145819
-183.64999999999998,-187.51,0.0,epithelial_tumor_class1_class2,1,2280.1591191366424
276.24,126.5,0.0,CAF,1,646.8413699047032
-281.03,-268.01,0.0,epithelial_tumor_class1_class2,1,3216.765418719319
-149.72000000000003,181.31,0.0,other_tissue,0,392.41350056643233
-281.05,374.69,0.0,other_tissue,0,695.0110341182747
80.34000000000003,237.63,0.0,CAF,1,429.1856571176477
-280.57,-102.22000000000003,0.0,other_tissue,0,320.512119431874
-83.56,373.74,0.0,CAF,1,1078.800846768015
47.450000000000045,247.66000000000003,0.0,other_tissue,0,211.1957085102708
-62.889999999999986,-356.83000000000004,0.0,other_tissue,0,615.3559960426006
-238.82,158.49,0.0,CD4_Tcell,1,678.2809084249641
-280.74,-196.40999999999997,0.0,mesenchymal_tumor_class1,1,1081.8048449172634
462.5,-114.37,0.0,CD4_Tcell,1,470.31792299858364
207.41999999999996,-537.0,0.0,CAF,1,729.5859973829664
142.33000000000004,357.38,0.0,epithelial_tumor_class1,1,4062.9011700722745
-141.70999999999998,266.7,0.0,other_tissue,0,861.0333978724349
-432.2,-11.860000000000014,0.0,CD8_Tcell,1,682.0585121959114
76.91999999999996,-222.75,0.0,epithelial_tumor_class1_class2,1,1002.4659979881911
236.75,-490.9000000000001,0.0,CD4_Tcell,1,585.0614955245403
-4.350000000000023,39.99000000000001,0.0,other_tissue,0,1019.4518582015291
454.70000000000005,16.110000000000014,0.0,CD4_Tcell,1,1013.2823972232947
96.48000000000002,-258.94000000000005,0.0,CD4_Tcell,1,405.5435517941811
-125.69999999999999,-5.309999999999945,0.0,epithelial_tumor_class1,1,2048.733054642085
-132.26,-420.32000000000005,0.0,CD8_Tcell,1,825.7457936020104
-453.57,-374.03999999999996,0.0,other_tissue,0,360.8104126052296
374.28999999999996,-40.32000000000005,0.0,apCAF,1,492.56564336214717
359.9,3.759999999999991,0.0,apCAF,1,385.43082183340056
-101.67000000000002,-258.36,0.0,apCAF,1,278.983900160399
513.3,-481.9000000000001,0.0,epithelial_tumor_class1,1,1955.482627663138
268.97,327.03999999999996,0.0,other_tissue,0,402.37236679951457
124.53999999999996,72.11000000000001,0.0,other_tissue,0,387.1750821963668
-351.4,465.0,0.0,epithelial_tumor_class1,1,1326.408678001972
472.79999999999995,-197.98000000000002,0.0,apCAF,1,304.98359401903986
292.08000000000004,288.19,0.0,CAF,1,433.7140696271052
-61.889999999999986,-331.59000000000003,0.0,CAF,1,458.3708505742432
-38.25999999999999,232.39999999999998,0.0,mesenchymal_tumor_class1_class2,1,253.54534473448476
-396.66999999999996,-278.05999999999995,0.0,other_tissue,0,362.6886493623006
-479.71,-283.19000000000005,0.0,other_tissue,0,834.5880370905078
-486.62,87.12,0.0,other_tissue,0,603.5888446523006
-169.75,90.50999999999999,0.0,CAF,1,863.3771492544516
47.690000000000055,285.93,0.0,other_tissue,0,216.8711313545435
-216.05,165.08999999999997,0.0,mesenchymal_tumor_class1,1,247.4250882446429
-335.85,-192.64999999999998,0.0,CAF,1,761.43152489024
-485.93,-499.4000000000001,0.0,CAF,1,658.9609167725895
-458.8,-427.45000000000005,0.0,apCAF,1,485.4069680845347
-476.65999999999997,-316.33000000000004,0.0,other_tissue,0,457.8104657969055
-213.56,381.76,0.0,other_tissue,0,549.3303840015182
162.09000000000003,76.19999999999999,0.0,CAF,1,896.8624514788288
-488.98,-44.51999999999998,0.0,CD8_Tcell,1,369.69354587877854
-510.06,231.44,0.0,CAF,1,228.0826123601285
-276.28,-78.02999999999997,0.0,other_tissue,0,296.1523280458316
265.38,166.57,0.0,CD4_Tcell,1,497.3466257404448
-501.67,268.59,0.0,apCAF,1,562.0122755970137
-342.74,-223.49,0.0,CAF,1,903.4673891386219
111.42999999999995,-166.32000000000005,0.0,apCAF,1,608.142144188316
433.79999999999995,-476.4000000000001,0.0,other_tissue,0,1019.4518582015291
323.32000000000005,-281.98,0.0,apCAF,1,474.6597432626497
-25.67999999999995,-319.67999999999995,0.0,other_tissue,0,271.4948962633866
-28.24000000000001,-245.55999999999995,0.0,other_tissue,0,321.8389066075686
-444.12,-456.20000000000005,0.0,other_tissue,0,236.96927373477618
-346.59000000000003,-387.72,0.0,CAF,1,775.938782993238
-51.19999999999999,-5.419999999999959,0.0,CAF,1,423.5559721660159
-275.22,-271.54999999999995,0.0,apCAF,1,429.36453416054684
415.58000000000004,-472.4,0.0,CAF,1,858.1042196794615
-524.25,271.69,0.0,apCAF,1,206.24415194937293
168.71000000000004,-433.51,0.0,other_tissue,0,390.36932498608115
-266.44,61.089999999999975,0.0,other_tissue,0,494.83125851581394
-532.81,-518.7,0.0,other_tissue,0,444.75142427829894
-6.67999999999995,90.30000000000001,0.0,other_tissue,0,379.40519128890224
-284.55,17.730000000000018,0.0,apCAF,1,1032.10761911688
-241.83999999999997,-474.4000000000001,0.0,apCAF,1,147.72429345476505
470.9,10.909999999999968,0.0,CD8_Tcell,1,610.2794699742882
200.39999999999998,153.85000000000002,0.0,other_tissue,0,276.4108972009693
-353.22,202.13,0.0,CAF,1,1266.1957681158633
-452.77,117.02999999999997,0.0,other_tissue,0,848.1643840629354
-84.89999999999998,-271.94000000000005,0.0,other_tissue,0,285.538577693397
-200.23000000000002,358.57,0.0,other_tissue,0,922.3993177242244
202.01999999999998,-189.98000000000002,0.0,other_tissue,0,287.28260864901154
16.370000000000005,-99.76999999999998,0.0,other_tissue,0,533.8754616605864
-319.52,-432.39,0.0,CAF,1,244.98400463596363
333.51,148.0,0.0,epithelial_tumor_class1,1,2447.3261842432044
-381.46000000000004,51.379999999999995,0.0,mesenchymal_tumor_class1,1,1962.7514156112195
-33.60000000000002,-300.59000000000003,0.0,other_tissue,0,322.10015791309615
244.32000000000005,269.68,0.0,other_tissue,0,399.7948629841009
-16.789999999999964,-298.94000000000005,0.0,CD8_Tcell,1,348.57404025649447
-298.36,-329.53,0.0,CAF,1,648.651559256893
-25.92999999999995,-29.139999999999986,0.0,CAF,1,395.2326207726866
261.75,-477.0999999999999,0.0,CD8_Tcell,1,616.1785473917838
-76.77999999999997,95.26999999999998,0.0,epithelial_tumor_class1,1,1654.1771334275086
101.85000000000002,-49.139999999999986,0.0,epithelial_tumor_class1,1,2337.646193196202
377.78999999999996,-19.379999999999995,0.0,apCAF,1,1261.1319482720664
-337.05,35.629999999999995,0.0,other_tissue,0,217.86766238030265
-518.07,321.45,0.0,other_tissue,0,1019.4518582015291
-287.82,-290.49,0.0,apCAF,1,1261.1319482720664
-337.56,501.03,0.0,other_tissue,0,438.3997986831639
-435.31,-402.53,0.0,CD4_Tcell,1,579.4134635158433
-182.32,122.72000000000003,0.0,other_tissue,0,449.9987715863478
-165.83999999999997,339.95,0.0,other_tissue,0,486.79720420998126
-176.42000000000002,306.24,0.0,other_tissue,0,373.66844262809747
56.00999999999999,-299.75,0.0,apCAF,1,454.6435773196252
-501.74,15.120000000000005,0.0,CD4_Tcell,1,310.63844044161425
327.75,-332.49,0.0,CAF,1,217.55263930031538
99.97000000000003,-417.4,0.0,CD4_Tcell,1,213.13963731655798
127.67999999999995,-113.16999999999996,0.0,CD8_Tcell,1,971.0718491147144
84.91999999999996,-212.24,0.0,CAF,1,1037.2030940394302
468.70000000000005,-81.75,0.0,CAF,1,533.9232015748622
179.35000000000002,386.68,0.0,CAF,1,1266.1957681158633
82.38,-363.80999999999995,0.0,apCAF,1,920.7048536263486
-359.78999999999996,173.51,0.0,apCAF,1,204.07412316242795
-147.60000000000002,288.71,0.0,other_tissue,0,920.1328688506417
-137.07999999999998,-327.45000000000005,0.0,CD8_Tcell,1,279.9968575616629
-227.25,175.37,0.0,CD4_Tcell,1,399.781740757989
-417.72,43.54000000000002,0.0,CAF,1,322.2478842135951
-456.43,423.77,0.0,other_tissue,0,209.6986002780464
-238.3,-499.70000000000005,0.0,other_tissue,0,249.22101636921042
-259.32,130.57,0.0,other_tissue,0,407.919544191989
185.57000000000005,-347.69000000000005,0.0,other_tissue,0,534.6874273028797
-15.0,145.36,0.0,other_tissue,0,867.8793867394404
-391.82,-325.65999999999997,0.0,CD4_Tcell,1,394.5688529263856
221.46000000000004,148.75,0.0,CAF,1,779.988502790215
75.97000000000003,-199.88,0.0,CAF,1,1048.3423527363198
-439.75,219.57999999999998,0.0,epithelial_tumor_class1,1,780.2880154958913
308.27,369.14,0.0,CAF,1,423.01071480229547
-324.39,15.600000000000023,0.0,epithelial_tumor_class1,1,1767.4286260629945
-489.59000000000003,-446.94000000000005,0.0,other_tissue,0,205.99103645583313
-405.53,-156.28999999999996,0.0,apCAF,1,893.0674569158555
-341.38,330.33000000000004,0.0,CAF,1,615.3909833064108
-368.94,150.92000000000002,0.0,CD4_Tcell,1,599.9178929483224
-531.94,346.0,0.0,other_tissue,0,1019.4518582015291
-536.28,-208.13,0.0,apCAF,1,208.88885533940817
-151.42000000000002,265.36,0.0,other_tissue,0,1019.4518582015291
260.28999999999996,476.12,0.0,apCAF,1,365.3760733450147
33.85000000000002,-262.24,0.0,CAF,1,439.6289040690794
330.77,293.73,0.0,CAF,1,888.5678399229148
-158.45999999999998,-103.30999999999995,0.0,other_tissue,0,1019.4518582015291
-453.38,-453.6,0.0,CAF,1,240.99187742191617
-542.21,-258.72,0.0,apCAF,1,135.3434904583578
-69.77999999999997,-19.629999999999995,0.0,other_tissue,0,680.7104351866153
-526.78,-340.91999999999996,0.0,apCAF,1,497.84768217086736
-180.08999999999997,-446.69000000000005,0.0,apCAF,1,1102.6019735476098
423.33000000000004,210.57999999999998,0.0,apCAF,1,317.26172797229293
-42.81,-506.9000000000001,0.0,other_tissue,0,1019.4518582015291
-329.58000000000004,405.47,0.0,other_tissue,0,494.34734557802864
-234.42000000000002,339.83000000000004,0.0,epithelial_tumor_class1,1,5601.855139465747
467.4,-219.13,0.0,epithelial_tumor_class1,1,1796.3215097131156
77.07000000000005,260.41,0.0,other_tissue,0,363.9690733950056
265.26,-149.22000000000003,0.0,epithelial_tumor_class1_class2,1,1392.634083481827
-174.54000000000002,83.88,0.0,epithelial_tumor_class1,1,2352.9265521111934
66.50999999999999,-294.84000000000003,0.0,apCAF,1,244.37861565585695
-510.38,81.27999999999997,0.0,apCAF,1,751.6745920683429
-330.5,-18.370000000000005,0.0,other_tissue,0,773.3486287759538
-284.58,29.58000000000004,0.0,apCAF,1,1261.1319482720664
-420.34000000000003,-204.05999999999995,0.0,mesenchymal_tumor_class1,1,1733.3286768030382
60.15999999999997,-219.13,0.0,CD4_Tcell,1,580.5569760101648
462.0,-358.26,0.0,CAF,1,1266.1957681158633
-304.74,-524.0999999999999,0.0,CD4_Tcell,1,216.85367553264632
25.779999999999973,282.95,0.0,apCAF,1,582.7135497264113
177.29999999999995,71.38,0.0,other_tissue,0,485.5712664127827
-49.870000000000005,208.68,0.0,apCAF,1,163.93991137223648
-399.57,-475.5,0.0,other_tissue,0,729.8407775910697
23.720000000000027,-399.39,0.0,CAF,1,403.81055626524767
63.84000000000003,221.54000000000002,0.0,other_tissue,0,845.1996345664746
-268.7,216.26999999999998,0.0,other_tissue,0,282.74825018469477
-342.78999999999996,39.19999999999999,0.0,other_tissue,0,381.1058174852052
-331.58000000000004,-487.5999999999999,0.0,apCAF,1,178.61097699087577
-410.14,-471.1,0.0,other_tissue,0,547.4188261404491
-317.58000000000004,407.21000000000004,0.0,other_tissue,0,186.75320347768013
-248.5,219.51,0.0,mesenchymal_tumor_class1,1,509.03330945283636
-207.0,44.18000000000001,0.0,mesenchymal_tumor_class1,1,2155.9801219884957
474.70000000000005,-341.80999999999995,0.0,CD4_Tcell,1,403.5992316361288
-361.71000000000004,-213.55999999999995,0.0,CAF,1,519.7128537471277
512.4000000000001,-23.799999999999955,0.0,other_tissue,0,540.2338449660194
-276.76,392.3,0.0,CD4_Tcell,1,238.63057087481698
-159.74,-188.19000000000005,0.0,apCAF,1,347.9755752226489
-227.27999999999997,182.69,0.0,CD4_Tcell,1,671.1382313920076
-20.24000000000001,-280.48,0.0,other_tissue,0,441.5329457676546
44.51999999999998,2.8899999999999864,0.0,CD4_Tcell,1,1073.1564248430268
38.889999999999986,-21.909999999999968,0.0,CD4_Tcell,1,706.226417650694
-271.3,343.16999999999996,0.0,epithelial_tumor_class1,1,5231.94455728255
-237.35000000000002,306.12,0.0,CAF,1,710.2802115916908
-430.99,192.55,0.0,epithelial_tumor_class1,1,1002.4659979881911
-479.82,-405.44000000000005,0.0,other_tissue,0,843.3205018774755
361.83000000000004,31.860000000000014,0.0,CD4_Tcell,1,1073.1564248430268
-212.58999999999997,66.08999999999997,0.0,CAF,1,716.0899170702769
78.07000000000005,-435.42999999999995,0.0,CAF,1,759.3365637144748
-234.69,217.98000000000002,0.0,other_tissue,0,264.7188997532564
-331.63,-203.42999999999995,0.0,apCAF,1,208.63358017307831
287.67999999999995,202.68,0.0,CD4_Tcell,1,263.3654523669257
239.33000000000004,-498.5,0.0,CD4_Tcell,1,418.5978355832596
-527.94,-282.46000000000004,0.0,CD4_Tcell,1,490.53251182513657
-250.56,4.67999999999995,0.0,other_tissue,0,316.778320157016
25.110000000000014,-38.710000000000036,0.0,other_tissue,0,1019.4518582015291
-101.47000000000003,-534.2,0.0,other_tissue,0,962.6550679760403
-78.52999999999997,-110.35000000000002,0.0,other_tissue,0,383.0027707228534
-254.32,-305.71000000000004,0.0,CAF,1,413.6651197008682
288.88,309.69,0.0,CAF,1,537.4159075820721
487.70000000000005,15.210000000000036,0.0,CAF,1,593.7131954897551
-102.11000000000001,385.61,0.0,other_tissue,0,1019.4518582015291
-453.26,502.48,0.0,CAF,1,1257.3526787561505
-382.39,-411.25,0.0,apCAF,1,1261.1319482720664
133.94000000000005,-227.11,0.0,CD4_Tcell,1,462.29189675597786
-76.94999999999999,150.29000000000002,0.0,other_tissue,0,267.34936652065164
94.54999999999995,-244.21000000000004,0.0,apCAF,1,1261.1319482720664
12.240000000000009,167.45,0.0,epithelial_tumor_class1,1,2616.2675208538376
-171.14999999999998,143.56,0.0,CAF,1,537.6397021033652
-76.93,-498.79999999999995,0.0,other_tissue,0,1019.4518582015291
-531.56,84.88999999999999,0.0,CAF,1,470.71286540700436
-247.55,152.57999999999998,0.0,apCAF,1,296.79738371300454
23.440000000000055,300.65,0.0,epithelial_tumor_class1,1,2312.9886672724992
70.0,-392.41999999999996,0.0,CD4_Tcell,1,267.6103551079944
-100.57999999999998,-199.29999999999995,0.0,CD8_Tcell,1,365.3513579398363
409.91999999999996,-370.88,0.0,CD8_Tcell,1,199.24320170444992
-446.3,-318.97,0.0,apCAF,1,478.98379430617615
387.95000000000005,-214.48000000000002,0.0,other_tissue,0,632.9799340109807
15.139999999999986,-318.07000000000005,0.0,other_tissue,0,798.4490934937129
-307.21000000000004,-107.36000000000001,0.0,other_tissue,0,583.101624215689
325.53,243.7,0.0,CAF,1,378.1520133868305
484.4000000000001,-378.33000000000004,0.0,other_tissue,0,331.87773220989635
-78.10000000000002,-484.70000000000005,0.0,epithelial_tumor_class1_class2,1,3669.0371509070824
68.28999999999996,-156.82000000000005,0.0,CAF,1,440.73426048939507
-114.66000000000003,108.44,0.0,apCAF,1,136.80197131505966
-189.8,-385.07000000000005,0.0,other_tissue,0,1019.4518582015291
-316.51,320.66999999999996,0.0,CAF,1,787.0166184047464
43.50999999999999,-286.61,0.0,apCAF,1,356.0399590653592
-279.12,-214.47000000000003,0.0,apCAF,1,256.36475806357686
-51.0,144.12,0.0,CAF,1,865.9228391907906
81.50999999999999,-326.58000000000004,0.0,apCAF,1,763.2475791740244
-102.91000000000003,20.620000000000005,0.0,other_tissue,0,434.5319967720838
-510.9,-190.38,0.0,apCAF,1,615.3909833064108
-470.54,-4.659999999999968,0.0,CD4_Tcell,1,467.63234459094014
5.6200000000000045,62.99000000000001,0.0,epithelial_tumor_class1,1,1413.483249184669
45.57000000000005,-427.89,0.0,CD4_Tcell,1,559.4144814748801
328.65,-339.58000000000004,0.0,CD4_Tcell,1,418.6654924968384
323.13,-349.38,0.0,CD4_Tcell,1,1073.1564248430268
-412.03,84.72000000000003,0.0,CD8_Tcell,1,350.5658642560469
-248.20999999999998,-179.20000000000005,0.0,other_tissue,0,457.39406563713374
-513.0,362.01,0.0,apCAF,1,118.85281871302858
-530.96,130.08999999999997,0.0,CAF,1,904.2585361982061
-547.421,-304.64,0.0,CD8_Tcell,1,660.4451587215867
-526.02,76.24000000000001,0.0,CAF,1,516.8577807785748
50.72000000000003,423.78,0.0,other_tissue,0,1019.4518582015291
-96.66000000000003,98.32,0.0,epithelial_tumor_class1,1,1110.6214301025116
-481.04,-138.27999999999997,0.0,mesenchymal_tumor_class1_class2,1,763.1869975586035
-167.76,-185.52999999999997,0.0,other_tissue,0,195.49734709827626
26.75,-317.91999999999996,0.0,CD8_Tcell,1,384.17718124623093
-304.26,79.0,0.0,other_tissue,0,990.2607446716728
-66.38999999999999,-153.45000000000005,0.0,other_tissue,0,379.43053650358314
470.4,-130.34000000000003,0.0,other_tissue,0,392.322785102278
387.37,204.86,0.0,other_tissue,0,1008.5574178296104
-420.08000000000004,-57.65999999999997,0.0,apCAF,1,1261.1319482720664
-535.92,117.75999999999999,0.0,CAF,1,1266.1957681158633
-118.48000000000002,-451.0,0.0,other_tissue,0,575.8078271025331
9.799999999999955,154.01,0.0,CAF,1,482.32207930237007
154.33000000000004,-171.61,0.0,CD4_Tcell,1,395.1024115884273
-450.93,108.10000000000002,0.0,CAF,1,495.9969679887003
-356.78999999999996,179.91000000000003,0.0,other_tissue,0,240.90761234600825
-521.09,57.19999999999999,0.0,CAF,1,978.4170777373988
240.47000000000003,410.32,0.0,other_tissue,0,456.86316314509617
-80.07999999999998,-87.04999999999995,0.0,CAF,1,1258.5361136342572
144.76,-529.7,0.0,CAF,1,1266.1957681158633
274.9,299.78,0.0,apCAF,1,167.57337742882075
-269.29,-229.08000000000004,0.0,CD8_Tcell,1,479.2650966015328
-452.48,-283.96000000000004,0.0,other_tissue,0,450.45329663589587
-110.38,-228.08000000000004,0.0,other_tissue,0,910.4226265398314
-422.21,200.3,0.0,epithelial_tumor_class1,1,979.776056378338
45.74000000000001,306.66999999999996,0.0,CAF,1,1262.8534772822181
-415.82,-269.97,0.0,apCAF,1,314.7936492579137
-183.17000000000002,155.22000000000003,0.0,epithelial_tumor_class1_class2,1,1087.6249675541467
239.70000000000005,-147.25,0.0,apCAF,1,415.58774383735033
-454.40999999999997,-198.52999999999997,0.0,mesenchymal_tumor_class1,1,1303.9722591139669
6.029999999999973,-219.24,0.0,apCAF,1,670.6749599788978
-414.2,172.62,0.0,other_tissue,0,682.9582182656708
-390.1,-4.419999999999959,0.0,apCAF,1,789.2241119822255
-259.93,-86.84000000000003,0.0,CAF,1,259.54919469318213
-54.25,-181.01999999999998,0.0,CAF,1,618.334650319414
146.54999999999995,-301.78,0.0,CAF,1,787.5526396241148
-239.47000000000003,115.02999999999997,0.0,other_tissue,0,524.6676436013771
-490.36,-427.53,0.0,apCAF,1,285.45470676495864
2.4400000000000546,365.44,0.0,epithelial_tumor_class1,1,3500.1144945478823
436.01,122.19,0.0,epithelial_tumor_class1,1,1000.2878121816103
-485.90999999999997,-279.42999999999995,0.0,other_tissue,0,850.1374972960675
489.79999999999995,-99.66999999999996,0.0,CD4_Tcell,1,506.3557580963827
-134.68,-489.5999999999999,0.0,CAF,1,1266.1957681158633
370.80999999999995,232.49,0.0,other_tissue,0,713.5961796253042
-484.32,-25.350000000000023,0.0,CAF,1,524.9508225333439
289.91999999999996,439.55,0.0,other_tissue,0,682.2084083017137
-487.3,185.89999999999998,0.0,mesenchymal_tumor_class1,1,523.4103026576456
-170.41000000000003,-301.53,0.0,mesenchymal_tumor_class1,1,249.77682822372665
430.28,162.61,0.0,CAF,1,781.8749756213937
-495.2,348.4,0.0,apCAF,1,755.4991025144586
-333.03999999999996,362.27,0.0,other_tissue,0,549.1357853472616
-462.09000000000003,-148.99,0.0,CAF,1,545.9638430170138
418.21000000000004,4.860000000000014,0.0,epithelial_tumor_class1_class2,1,2109.9452475175076
-409.62,150.25,0.0,other_tissue,0,296.1523280458316
-152.76999999999998,79.83999999999997,0.0,other_tissue,0,273.48684012268785
-490.48,-93.75,0.0,epithelial_tumor_class1,1,2700.529141554101
-500.54,-324.09000000000003,0.0,apCAF,1,213.7960180397443
-286.96,222.26999999999998,0.0,CAF,1,543.3513745078963
416.37,-113.22000000000003,0.0,CD4_Tcell,1,830.906823215686
-424.43,-293.48,0.0,other_tissue,0,264.9981250502028
-429.82,108.19999999999999,0.0,apCAF,1,236.4048998722175
-313.93,-297.98,0.0,other_tissue,0,370.5660914263155
-327.08000000000004,-168.96000000000004,0.0,mesenchymal_tumor_class1,1,791.4977969941966
196.76,75.79000000000002,0.0,CD8_Tcell,1,301.61080592782537
-336.25,-472.29999999999995,0.0,apCAF,1,796.0790284724826
118.62,-141.24,0.0,epithelial_tumor_class1_class2,1,704.294492585643
-285.29,132.08999999999997,0.0,CAF,1,816.5647994505131
219.63,-71.26999999999998,0.0,epithelial_tumor_class1_class2,1,1650.0882694719396
450.0,-449.54999999999995,0.0,CD4_Tcell,1,793.9209590889114
508.29999999999995,-197.78999999999996,0.0,CAF,1,639.8317656139131
-170.93,-52.66999999999996,0.0,other_tissue,0,772.3101124034351
-214.27999999999997,200.14,0.0,CAF,1,545.8992370085194
248.48000000000002,308.25,0.0,CAF,1,269.0891399161379
-155.72000000000003,229.57999999999998,0.0,CD4_Tcell,1,701.9779709925995
43.57000000000005,370.83000000000004,0.0,mesenchymal_tumor_class1,1,837.8287492278481
-491.2,99.00999999999999,0.0,other_tissue,0,925.0137747041358
254.77999999999997,29.860000000000014,0.0,CD8_Tcell,1,516.468557211599
-93.16000000000003,3.6299999999999955,0.0,other_tissue,0,463.5797246612258
275.58000000000004,188.58999999999997,0.0,CAF,1,292.45073451020914
-0.6499999999999773,-276.53,0.0,CAF,1,385.4180158299961
164.23000000000002,-414.65,0.0,CD4_Tcell,1,760.0613071491437
188.14999999999998,466.48,0.0,other_tissue,0,1019.4518582015291
-422.26,-36.17999999999995,0.0,CD4_Tcell,1,322.21378952071086
-424.29,-386.07000000000005,0.0,apCAF,1,272.1137976537362
154.51,111.63,0.0,other_tissue,0,640.1011155341604
271.13,90.55000000000001,0.0,CD4_Tcell,1,859.1308603432869
19.340000000000032,-406.89,0.0,other_tissue,0,544.3018619564518
-549.7463,-445.09000000000003,0.0,other_tissue,0,1019.4518582015291
-254.44,-15.360000000000014,0.0,other_tissue,0,456.4760071959268
-536.15,-540.5999999999999,0.0,other_tissue,0,531.2700074320036
-536.54,-479.79999999999995,0.0,other_tissue,0,159.2130331318884
-281.11,-46.379999999999995,0.0,other_tissue,0,1019.4518582015291
-273.8,-489.70000000000005,0.0,CD4_Tcell,1,729.5076154034944
-260.92,102.07,0.0,other_tissue,0,435.36484105680995
-398.27,-517.9000000000001,0.0,CAF,1,287.6512302011334
-195.2,-121.08000000000004,0.0,CAF,1,768.6724822868721
-362.72,-435.5,0.0,CAF,1,601.5360969423172
-539.99,523.16,0.0,other_tissue,0,283.7494110409053
-494.63,-317.32000000000005,0.0,apCAF,1,212.62239202237652
430.65,20.860000000000014,0.0,CD4_Tcell,1,472.00161964668183
-42.19999999999999,-169.52999999999997,0.0,epithelial_tumor_class1,1,2221.316296998685
61.50999999999999,-203.20000000000005,0.0,CAF,1,599.5052000761062
243.77999999999997,43.99000000000001,0.0,other_tissue,0,188.73520014052454
-65.57999999999998,118.45999999999998,0.0,CAF,1,898.8653135245139
-401.28999999999996,-141.48000000000002,0.0,apCAF,1,307.0919199166668
113.30999999999995,-238.03999999999996,0.0,CD8_Tcell,1,442.27644813089
-514.44,-240.05999999999995,0.0,apCAF,1,179.18675301187778
-109.02999999999997,-426.57000000000005,0.0,CAF,1,693.1723648278579
-483.02,190.27999999999997,0.0,mesenchymal_tumor_class1,1,427.34474207702584
-271.86,201.07,0.0,CAF,1,743.2902750913474
130.67999999999995,-188.17999999999995,0.0,CD8_Tcell,1,752.4544618942117
-361.2,155.60000000000002,0.0,CD4_Tcell,1,569.9037485733671
100.27999999999997,-376.59000000000003,0.0,other_tissue,0,1019.4518582015291
36.210000000000036,-33.610000000000014,0.0,CAF,1,399.0211428352154
434.37,-160.85000000000002,0.0,epithelial_tumor_class1,1,817.7271841396287
-473.37,-262.99,0.0,apCAF,1,596.5017012699864
-271.28,-474.0999999999999,0.0,other_tissue,0,344.54174828435254
-367.88,-264.15,0.0,CAF,1,632.4809446344243
401.45000000000005,-301.62,0.0,epithelial_tumor_class1_class2,1,712.6890495898233
531.8,35.02999999999997,0.0,CD4_Tcell,1,928.4843827514874
-228.13,360.03,0.0,CD4_Tcell,1,350.85446509712466
-11.139999999999986,204.66000000000003,0.0,CAF,1,562.0122755970137
88.08000000000004,-351.74,0.0,other_tissue,0,423.6105236585216
516.7,-376.38,0.0,epithelial_tumor_class1,1,2275.5962906036825
507.79999999999995,50.70999999999998,0.0,epithelial_tumor_class1,1,1425.209962004857
469.0,17.16999999999996,0.0,epithelial_tumor_class1_class2,1,3669.8424959876606
-284.96,-520.7,0.0,other_tissue,0,278.9735764725156
-528.13,-129.65999999999997,0.0,epithelial_tumor_class1,1,2515.4410837722075
308.77,-284.35,0.0,other_tissue,0,1019.4518582015291
-493.94,-432.29999999999995,0.0,apCAF,1,261.2352354173198
107.91999999999996,-302.1,0.0,apCAF,1,366.0438106904808
-467.76,9.42999999999995,0.0,CD4_Tcell,1,474.012653870552
-207.20999999999998,-544.9000000000001,0.0,CD4_Tcell,1,359.85538073288143
-105.02999999999997,-206.40999999999997,0.0,other_tissue,0,266.7276940127734
-159.18,272.63,0.0,other_tissue,0,786.95478545788
188.96000000000004,-168.76999999999998,0.0,apCAF,1,309.4864382723898
-329.22,-285.03999999999996,0.0,CAF,1,436.33783691515356
33.64999999999998,256.54,0.0,CAF,1,422.030431157031
257.92999999999995,275.55,0.0,apCAF,1,213.65772079771253
177.05999999999995,-105.48000000000002,0.0,epithelial_tumor_class1,1,2328.8836447273966
-272.7,-54.139999999999986,0.0,mesenchymal_tumor_class1,1,543.8345348134206
-279.08,-496.4000000000001,0.0,CD4_Tcell,1,475.49889340297625
-287.02,-354.47,0.0,apCAF,1,1029.7880552126526
164.73000000000002,309.58000000000004,0.0,CAF,1,1266.1957681158633
-504.88,239.44,0.0,apCAF,1,528.0409245826743
-179.62,407.69,0.0,CAF,1,395.2716891057018
-304.19,-315.55999999999995,0.0,CAF,1,517.2939432774064
15.529999999999973,-277.35,0.0,other_tissue,0,281.61437356345857
293.44000000000005,447.65999999999997,0.0,other_tissue,0,427.2761532872066
220.30999999999995,209.27999999999997,0.0,other_tissue,0,492.20378795336615
-269.59,-467.0,0.0,other_tissue,0,284.74246687635383
483.5999999999999,-343.5,0.0,apCAF,1,281.915750627517
256.78,-116.58000000000004,0.0,mesenchymal_tumor_class1,1,854.8331778969304
-462.15,456.35,0.0,other_tissue,0,418.4490160313764
-159.49,-122.72000000000003,0.0,CAF,1,464.71034749548227
-481.35,443.22,0.0,other_tissue,0,505.173867841436
-99.88,-505.5,0.0,CD8_Tcell,1,465.61035791460256
-341.45,506.58,0.0,CAF,1,264.09136013428525
-114.79000000000002,146.99,0.0,other_tissue,0,1019.4518582015291
-408.78,-488.79999999999995,0.0,CD8_Tcell,1,672.8263408802184
-324.03999999999996,-161.36,0.0,mesenchymal_tumor_class1,1,817.7060400328877
44.51999999999998,-141.76999999999998,0.0,other_tissue,0,361.70575382900665
151.53999999999996,-335.34000000000003,0.0,CAF,1,315.4766929001857
279.71000000000004,164.91000000000003,0.0,other_tissue,0,820.1823747728346
233.51,176.22000000000003,0.0,apCAF,1,371.44000880808994
-512.02,-165.89999999999998,0.0,CAF,1,305.13699893770814
-235.2,-336.14,0.0,other_tissue,0,836.4541799986722
-392.40999999999997,-308.83000000000004,0.0,apCAF,1,693.9870443642907
169.01,366.63,0.0,CAF,1,1266.1957681158633
-60.64999999999998,-284.78999999999996,0.0,CD8_Tcell,1,290.86624433041425
-429.35,431.42,0.0,other_tissue,0,438.48352845795523
-472.4,44.94,0.0,CD4_Tcell,1,145.55250569002473
84.07000000000005,-189.89,0.0,CAF,1,239.63666346505184
-471.45,-539.0999999999999,0.0,other_tissue,0,781.5671912230295
83.62,-386.03999999999996,0.0,other_tissue,0,1019.4518582015291
-66.69,-324.78,0.0,CAF,1,287.914724276623
-283.93,117.98000000000002,0.0,other_tissue,0,828.1317044546192
48.559999999999945,-331.16999999999996,0.0,other_tissue,0,223.38538739086061
-403.12,3.9500000000000455,0.0,CD4_Tcell,1,513.4393175582767
-4.779999999999973,-355.65999999999997,0.0,other_tissue,0,331.61121960642396
33.25999999999999,-90.45000000000005,0.0,CD4_Tcell,1,846.4539392236164
-62.06999999999999,-182.11,0.0,other_tissue,0,499.2919959912696
-509.73,-488.0,0.0,apCAF,1,1103.273085147901
-131.87,-397.28,0.0,other_tissue,0,1019.4518582015291
-292.12,-509.20000000000005,0.0,CD4_Tcell,1,418.11092096340855
-103.81,-42.39999999999998,0.0,other_tissue,0,346.97169672306154
51.67999999999995,-183.5,0.0,other_tissue,0,500.47993984616335
-360.35,18.730000000000018,0.0,other_tissue,0,489.2102279760836
262.34000000000003,226.18,0.0,CAF,1,210.88715174895395
100.29999999999995,-394.05999999999995,0.0,CD8_Tcell,1,581.196652509398
-480.42,-236.94000000000005,0.0,apCAF,1,467.13721820843216
-39.93000000000001,-446.11,0.0,other_tissue,0,506.50938544912685
-549.7505,-505.5,0.0,other_tissue,0,418.36785659914625
157.64,-440.04999999999995,0.0,other_tissue,0,334.8770995481157
434.49,-59.889999999999986,0.0,other_tissue,0,247.17739642974345
164.03999999999996,347.7,0.0,mesenchymal_tumor_class1,1,2147.033990600881
12.240000000000009,-255.67999999999995,0.0,other_tissue,0,352.7945919931779
-155.8,-369.38,0.0,other_tissue,0,306.5969120814985
-156.41000000000003,102.94,0.0,CAF,1,322.7140860910075
-511.74,93.07,0.0,CAF,1,544.0923373854818
-282.47,-535.9000000000001,0.0,CAF,1,259.7755485832125
348.16999999999996,-337.22,0.0,other_tissue,0,470.27405415027715
-91.14999999999998,-463.29999999999995,0.0,other_tissue,0,1019.4518582015291
177.21000000000004,-352.86,0.0,other_tissue,0,1019.4518582015291
-241.17000000000002,271.64,0.0,apCAF,1,761.43152489024
-280.1,-348.84000000000003,0.0,CAF,1,736.3084385587881
-238.31,414.56,0.0,CAF,1,1005.1082540425527
116.0,456.54,0.0,other_tissue,0,521.9981970458193
176.34000000000003,-289.51,0.0,CD4_Tcell,1,1073.1564248430268
-549.939,-410.78,0.0,CAF,1,1266.1957681158633
-370.76,-494.5999999999999,0.0,apCAF,1,559.6936058331243
54.610000000000014,-417.16999999999996,0.0,other_tissue,0,291.08921440482635
486.0,-317.91999999999996,0.0,epithelial_tumor_class1_class2,1,5741.424798650259
189.33000000000004,53.420000000000016,0.0,CD4_Tcell,1,568.857271603509
-114.24000000000001,-384.63,0.0,other_tissue,0,754.7973074891013
-206.38,127.95999999999998,0.0,other_tissue,0,1019.4518582015291
72.15999999999997,122.77999999999997,0.0,other_tissue,0,486.96181607815186
73.33000000000004,-385.22,0.0,other_tissue,0,290.0284720115734
-252.61,412.72,0.0,CAF,1,305.91577303040054
-228.76999999999998,-102.55999999999995,0.0,CAF,1,328.5277909541678
-450.94,-217.28999999999996,0.0,other_tissue,0,506.3557580963827
42.83000000000004,-29.720000000000027,0.0,apCAF,1,137.47714904447022
142.22000000000003,-519.0,0.0,other_tissue,0,991.0537029357926
66.08000000000004,28.360000000000014,0.0,apCAF,1,614.5866117049243
-190.5,-350.59000000000003,0.0,other_tissue,0,552.7595921202472
-436.40999999999997,424.65,0.0,other_tissue,0,592.9278305655682
-1.5399999999999636,-156.5,0.0,CAF,1,435.823358686678
-450.15,-325.39,0.0,other_tissue,0,518.3542164804211
-349.01,-233.70000000000005,0.0,CAF,1,558.64326770467
99.91999999999996,388.43,0.0,epithelial_tumor_class1,1,4325.785439367753
-343.35,-3.009999999999991,0.0,CD4_Tcell,1,478.70260210502835
-301.75,-156.38,0.0,mesenchymal_tumor_class1,1,1879.9094345203937
508.9000000000001,-140.01,0.0,CD4_Tcell,1,701.8824819741769
67.79999999999995,-381.94000000000005,0.0,other_tissue,0,601.3638094337383
-8.289999999999964,-222.84000000000003,0.0,apCAF,1,290.18741881468435
83.74000000000001,38.89999999999998,0.0,CD8_Tcell,1,266.26707640524165
-514.93,404.4,0.0,epithelial_tumor_class1,1,1186.6389812219122
-295.78999999999996,-360.97,0.0,other_tissue,0,292.0460911103276
-100.08999999999997,-392.0,0.0,other_tissue,0,481.83149664088967
-61.56999999999999,-159.53999999999996,0.0,other_tissue,0,653.5195136126807
8.370000000000005,70.33999999999997,0.0,other_tissue,0,1019.4518582015291
-390.66999999999996,19.529999999999973,0.0,other_tissue,0,1019.4518582015291
-384.98,-469.9,0.0,apCAF,1,388.216439348523
-407.8,-88.30999999999995,0.0,apCAF,1,354.40268962333624
277.51,-439.07000000000005,0.0,CD8_Tcell,1,598.0794297038727
-406.6,-104.40999999999997,0.0,CAF,1,689.9200224262937
-322.08000000000004,-283.53,0.0,CAF,1,201.7696065266096
-127.29000000000002,90.66000000000003,0.0,CAF,1,374.9242729645635
-124.69,-467.5,0.0,CAF,1,1095.1349359885535
60.690000000000055,-67.09000000000003,0.0,other_tissue,0,628.090500862658
-338.78,13.269999999999982,0.0,CAF,1,898.009794565269
329.41999999999996,-299.26,0.0,CD8_Tcell,1,639.7419991012282
13.840000000000032,308.68,0.0,other_tissue,0,561.3373934590434
75.64999999999998,-442.53999999999996,0.0,other_tissue,0,296.58226119150726
508.0999999999999,-83.76999999999998,0.0,other_tissue,0,693.1155505255398
475.70000000000005,-320.66999999999996,0.0,CD4_Tcell,1,1073.1564248430268
-374.39,-457.9,0.0,other_tissue,0,593.4228711939259
267.1,24.090000000000032,0.0,CD8_Tcell,1,585.3998475940741
-51.79000000000002,6.190000000000055,0.0,other_tissue,0,304.1954665374098
-281.62,-455.29999999999995,0.0,CAF,1,435.9067601010268
362.37,-336.55999999999995,0.0,CAF,1,464.4782751641818
-95.91000000000003,-295.95000000000005,0.0,other_tissue,0,194.90337795668637
-171.76999999999998,32.42999999999995,0.0,other_tissue,0,253.67128747417408
-261.44,376.62,0.0,epithelial_tumor_class1,1,3421.282760421191
-173.24,312.61,0.0,other_tissue,0,308.9115067806705
-144.95,-382.22,0.0,CAF,1,857.2747679822156
-544.805,-157.09000000000003,0.0,apCAF,1,718.5312627058547
-382.8,-67.13999999999999,0.0,CD4_Tcell,1,429.69489926596253
-471.83,-281.75,0.0,other_tissue,0,1010.4066866825068
-539.98,317.76,0.0,other_tissue,0,522.9864039179108
145.47000000000003,-423.29999999999995,0.0,other_tissue,0,1019.4518582015291
0.25,216.41000000000003,0.0,other_tissue,0,500.2208685995976
-300.74,200.23000000000002,0.0,CAF,1,582.7135497264113
-485.32,525.12,0.0,apCAF,1,241.01997014650505
151.16999999999996,-520.5999999999999,0.0,CD8_Tcell,1,250.75629387392635
-380.0,-400.42999999999995,0.0,CD4_Tcell,1,446.9528572891525
-207.68,215.92000000000002,0.0,apCAF,1,352.7945919931779
25.299999999999955,-155.91999999999996,0.0,CAF,1,588.0095289984085
137.08000000000004,327.74,0.0,CAF,1,728.3717074841252
-386.15999999999997,-247.73000000000002,0.0,CAF,1,362.18469326728246
271.87,245.42000000000002,0.0,CAF,1,751.6745920683429
20.559999999999945,-44.33000000000004,0.0,apCAF,1,443.540910575398
100.96000000000004,-133.80999999999995,0.0,epithelial_tumor_class1,1,1975.8577404288962
-507.21,-131.12,0.0,epithelial_tumor_class1,1,6651.615197819109
49.67999999999995,-543.5,0.0,CAF,1,890.2002771184979
135.72000000000003,-439.48,0.0,CAF,1,1047.3944243362225
-16.399999999999977,160.01999999999998,0.0,other_tissue,0,660.4451587215867
31.309999999999945,442.46,0.0,other_tissue,0,946.1075042643012
118.34000000000003,-277.78,0.0,CD8_Tcell,1,181.25430186843028
269.27,-421.88,0.0,other_tissue,0,249.46048922675507
75.29999999999995,-363.32000000000005,0.0,CAF,1,1102.6019735476098
-256.35,-477.4000000000001,0.0,other_tissue,0,302.8086090436174
-404.65,545.891,0.0,CD4_Tcell,1,446.1194119104699
-345.51,-256.38,0.0,CAF,1,731.645532939754
-459.31,185.45999999999998,0.0,CAF,1,719.5598335866372
360.03999999999996,-46.08000000000004,0.0,CD4_Tcell,1,236.7841342660344
-538.39,67.77999999999997,0.0,other_tissue,0,748.3013826966168
537.8,52.23000000000002,0.0,CD4_Tcell,1,567.0994249422351
-440.93,-464.79999999999995,0.0,CAF,1,440.79027712996634
-315.91999999999996,-524.0999999999999,0.0,apCAF,1,241.47912707529042
175.01999999999998,-329.23,0.0,CD4_Tcell,1,292.237717740588
14.490000000000009,290.49,0.0,epithelial_tumor_class1,1,7857.210584612969
-330.78,97.07,0.0,mesenchymal_tumor_class1_class2,1,748.3013826966168
-369.65999999999997,-464.4,0.0,CD4_Tcell,1,569.056501699741
-475.67,131.32,0.0,other_tissue,0,259.99218410781526
148.94000000000005,-346.90999999999997,0.0,other_tissue,0,289.1711621350874
-90.47000000000003,-33.22000000000003,0.0,other_tissue,0,284.31360117457046
279.26,395.03999999999996,0.0,CAF,1,353.2052207990555
246.82000000000005,-362.74,0.0,epithelial_tumor_class1_class2,1,8005.688807602398
-219.89,-32.51999999999998,0.0,CAF,1,357.12209737537063
-405.32,480.04,0.0,epithelial_tumor_class1,1,869.1560250214826
112.77999999999997,-350.64,0.0,other_tissue,0,1017.8508338611233
-308.83000000000004,481.42,0.0,apCAF,1,189.98703423012645
152.38,-365.86,0.0,CD4_Tcell,1,178.54196686901983
-344.95,260.35,0.0,mesenchymal_tumor_class1,1,782.1828408136672
45.76999999999998,-436.0,0.0,apCAF,1,664.0826847550962
-347.76,-437.04999999999995,0.0,other_tissue,0,277.38676630095216
-205.07999999999998,80.00999999999999,0.0,other_tissue,0,379.0758062004989
-394.76,-286.61,0.0,other_tissue,0,540.7312042662262
-242.18,217.48000000000002,0.0,mesenchymal_tumor_class1,1,281.2924494751442
-329.0,-511.5999999999999,0.0,epithelial_tumor_class1_class2,1,3472.2624031896808
-430.26,-258.1,0.0,CAF,1,1266.1957681158633
-476.92,-36.51999999999998,0.0,CD8_Tcell,1,361.37442782859597
35.65999999999997,-161.34000000000003,0.0,CD8_Tcell,1,438.9442327908763
-335.73,-349.36,0.0,CD4_Tcell,1,526.5101281685288
448.11,-75.97000000000003,0.0,CAF,1,622.309370286899
165.01999999999998,106.86000000000001,0.0,other_tissue,0,912.7186108762081
-318.57,-378.44000000000005,0.0,other_tissue,0,396.49713476411745
-284.38,436.1,0.0,apCAF,1,478.98379430617615
-380.24,-53.84000000000003,0.0,other_tissue,0,269.1496139154434
-137.63,-46.40999999999997,0.0,other_tissue,0,308.1938442793432
-200.77999999999997,-235.62,0.0,mesenchymal_tumor_class1,1,1735.4229539606285
208.5,-274.66999999999996,0.0,other_tissue,0,352.64974020082917
234.70000000000005,-338.65999999999997,0.0,apCAF,1,494.0148385082558
13.889999999999986,-107.07000000000005,0.0,other_tissue,0,562.9679104551
127.23000000000002,-163.26,0.0,CD8_Tcell,1,773.5931207926204
121.08000000000004,-201.84000000000003,0.0,other_tissue,0,1019.4518582015291
65.72000000000003,-109.82000000000005,0.0,other_tissue,0,819.8222554440475
119.80999999999995,-363.41999999999996,0.0,other_tissue,0,178.10531551330843
-537.82,56.81,0.0,other_tissue,0,221.50345984397487
-208.54000000000002,195.60000000000002,0.0,CD4_Tcell,1,272.1036441538248
42.98000000000002,-309.63,0.0,apCAF,1,568.6912820493668
-217.75,-487.79999999999995,0.0,apCAF,1,170.85033516820607
389.9,-11.799999999999955,0.0,epithelial_tumor_class1_class2,1,2066.570474924136
343.67999999999995,-389.05999999999995,0.0,other_tissue,0,754.2562198052078
-502.23,-407.94000000000005,0.0,apCAF,1,802.1799956748446
-356.11,-5.850000000000023,0.0,apCAF,1,237.59946975545373
15.669999999999959,-533.8,0.0,CD8_Tcell,1,452.31719970212123
-271.84,-81.79999999999995,0.0,CAF,1,333.2705490441935
-231.24,97.23000000000002,0.0,other_tissue,0,1019.4518582015291
123.38999999999999,99.83999999999997,0.0,mesenchymal_tumor_class1,1,1070.277562274534
-235.05,-487.5,0.0,other_tissue,0,286.7144962331641
97.70000000000005,5.159999999999968,0.0,other_tissue,0,915.6111150763151
215.67999999999995,395.9,0.0,CAF,1,1266.1957681158633
-309.53999999999996,-357.08000000000004,0.0,apCAF,1,607.5869111621471
156.52999999999997,283.35,0.0,other_tissue,0,269.91640230893285
-145.98000000000002,-529.5999999999999,0.0,other_tissue,0,422.2345318896893
240.90999999999997,-52.67999999999995,0.0,epithelial_tumor_class1_class2,1,2221.316296998685
174.48000000000002,288.23,0.0,CAF,1,268.082573106329
-103.61000000000001,184.26999999999998,0.0,CAF,1,491.2999248674616
-422.77,537.14,0.0,other_tissue,0,200.5990241707309
-433.78,-164.28999999999996,0.0,other_tissue,0,396.5623888923502
-522.99,-483.5,0.0,other_tissue,0,866.5160874994829
-105.94,-305.15,0.0,apCAF,1,127.43943522870606
-480.45,157.75,0.0,CAF,1,1197.022047654512
341.89,204.41000000000003,0.0,other_tissue,0,459.37781605511293
-112.07999999999998,-295.67999999999995,0.0,CAF,1,527.9461501667939
-364.59000000000003,-409.20000000000005,0.0,other_tissue,0,301.045672984324
-362.61,-256.46000000000004,0.0,CAF,1,460.44392484397224
-222.7,-477.0,0.0,CAF,1,268.8171190157865
-146.32,206.51999999999998,0.0,CAF,1,318.79388272265174
134.66999999999996,-401.52,0.0,other_tissue,0,417.9757339446906
-14.740000000000009,-112.25,0.0,apCAF,1,1261.1319482720664
-28.67999999999995,-200.67999999999995,0.0,apCAF,1,285.73783698676544
-222.35000000000002,232.60000000000002,0.0,other_tissue,0,273.37479014302676
-339.22,-371.23,0.0,CAF,1,734.7519421166479
-441.7,-158.17999999999995,0.0,other_tissue,0,1019.4518582015291
150.58000000000004,188.01999999999998,0.0,CAF,1,297.77750468227606
-290.38,-368.08000000000004,0.0,other_tissue,0,700.1270292438377
347.98,335.26,0.0,other_tissue,0,247.57759619211728
195.94000000000005,-328.80999999999995,0.0,CAF,1,319.65223140334876
-347.40999999999997,130.22000000000003,0.0,CAF,1,602.6740198571803
-457.9,-63.539999999999964,0.0,CD4_Tcell,1,1049.091121133423
-70.36000000000001,-531.8,0.0,epithelial_tumor_class1_class2,1,1499.2140909853015
-525.32,-228.82000000000005,0.0,CD4_Tcell,1,423.06521946848324
-526.34,-269.70000000000005,0.0,apCAF,1,261.0475380461559
543.8,31.340000000000032,0.0,CD4_Tcell,1,863.5744809083614
46.49000000000001,-347.86,0.0,epithelial_tumor_class1_class2,1,1975.8577404288962
143.58000000000004,129.58999999999997,0.0,other_tissue,0,468.2736155595191
488.9000000000001,-149.89999999999998,0.0,other_tissue,0,332.48080873553033
-27.190000000000055,308.7,0.0,other_tissue,0,560.1699734111996
-270.31,-422.53999999999996,0.0,CD4_Tcell,1,204.44312370678907
-266.39,-514.4000000000001,0.0,CAF,1,199.37520729970936
-476.12,-433.30999999999995,0.0,CD4_Tcell,1,609.8620382051497
396.78,-292.49,0.0,CD8_Tcell,1,444.38522304163047
34.059999999999945,414.41999999999996,0.0,other_tissue,0,275.9699415227026
-243.8,-14.700000000000045,0.0,other_tissue,0,171.26759437596013
411.9,193.75,0.0,CAF,1,790.8359115720779
-530.11,357.24,0.0,apCAF,1,306.4320277568653
-503.87,361.58000000000004,0.0,apCAF,1,914.4260449586158
46.129999999999995,197.25,0.0,other_tissue,0,482.08417947716976
-78.13999999999999,-75.52999999999997,0.0,CAF,1,636.0509133430845
52.629999999999995,131.14,0.0,CAF,1,380.08990834091094
-60.39999999999998,-31.159999999999968,0.0,other_tissue,0,412.1366532351484
-345.87,-450.4,0.0,CAF,1,214.4624082474187
-535.6,11.17999999999995,0.0,apCAF,1,258.3899683639766
-172.69,-68.69000000000005,0.0,CAF,1,737.6499667283807
392.99,-51.539999999999964,0.0,CD8_Tcell,1,909.968433384612
180.95000000000005,-511.9000000000001,0.0,CD4_Tcell,1,546.8041850386381
-127.42000000000002,284.27,0.0,mesenchymal_tumor_class1,1,268.2836853058301
416.78999999999996,34.35000000000002,0.0,CD4_Tcell,1,935.9605249306342
-441.40999999999997,43.339999999999975,0.0,other_tissue,0,499.6725422966525
298.84000000000003,172.57,0.0,CAF,1,390.45973908342575
162.95000000000005,472.52,0.0,mesenchymal_tumor_class1,1,1822.2789609848294
117.00999999999999,-105.30999999999995,0.0,apCAF,1,268.8171190157865
-28.590000000000032,-299.20000000000005,0.0,apCAF,1,550.7588457330403
-495.09000000000003,44.35000000000002,0.0,other_tissue,0,229.23088943624842
449.23,24.590000000000032,0.0,other_tissue,0,557.5287241503097
424.48,-147.25,0.0,CAF,1,1266.1957681158633
-336.88,204.06,0.0,apCAF,1,444.68098534522153
-541.039,-308.84000000000003,0.0,apCAF,1,207.16555010774755
-404.18,-482.4000000000001,0.0,other_tissue,0,1019.4518582015291
-445.49,-310.87,0.0,CAF,1,485.52645410163996
333.98,-366.58000000000004,0.0,epithelial_tumor_class1,1,6412.347708950476
490.29999999999995,29.700000000000045,0.0,CD4_Tcell,1,496.754901713288
-244.87,129.51,0.0,CAF,1,353.21730293793996
-406.65,15.850000000000023,0.0,CAF,1,1266.1957681158633
-200.01999999999998,-512.3,0.0,CAF,1,539.3201417080393
-34.02999999999997,-194.75,0.0,apCAF,1,709.8568186244053
-320.38,311.72,0.0,mesenchymal_tumor_class1,1,327.9180072036695
127.62,-320.5,0.0,CAF,1,779.0464053428944
-170.77999999999997,17.82000000000005,0.0,other_tissue,0,509.2183152978576
92.29999999999995,113.68,0.0,other_tissue,0,431.2388438755087
-449.93,-299.64,0.0,CAF,1,1044.7034322711586
74.51999999999998,253.62,0.0,other_tissue,0,289.7531017308066
-443.61,-531.3,0.0,CAF,1,676.2855636438375
-297.23,-276.0,0.0,other_tissue,0,187.39384310040535
242.63,-482.0,0.0,CAF,1,512.4322095215637
26.039999999999964,15.740000000000009,0.0,other_tissue,0,239.20779753708678
272.41999999999996,41.00999999999999,0.0,CD8_Tcell,1,1175.4002561677623
-397.18,-49.15999999999997,0.0,CAF,1,372.1526413317859
100.27999999999997,248.44,0.0,other_tissue,0,248.6564681639904
-430.54,335.65,0.0,apCAF,1,179.09454581935265
-414.34000000000003,-48.59000000000003,0.0,CD4_Tcell,1,1073.1564248430268
-337.41999999999996,-268.40999999999997,0.0,CAF,1,345.0767878283307
-320.45,-419.15,0.0,CAF,1,178.97165210947875
489.0,-169.64999999999998,0.0,other_tissue,0,446.09117769597833
38.49000000000001,-343.47,0.0,CAF,1,1266.1957681158633
-497.01,90.36000000000001,0.0,other_tissue,0,708.5684311208346
-337.8,-315.21000000000004,0.0,CAF,1,288.009621520088
-363.06,272.66,0.0,epithelial_tumor_class1,1,1758.0430697481886
-320.52,-467.79999999999995,0.0,apCAF,1,926.0241832264884
-114.66000000000003,-401.03,0.0,CAF,1,802.1799956748446
50.120000000000005,-243.57000000000005,0.0,other_tissue,0,163.91818372706837
-503.53,377.27,0.0,other_tissue,0,412.243790997441
-51.23000000000002,-220.28999999999996,0.0,other_tissue,0,206.43834751917103
-64.94999999999999,-529.4000000000001,0.0,apCAF,1,515.6906963911206
-241.29000000000002,-71.45000000000005,0.0,apCAF,1,329.62269060352884
284.36,443.03,0.0,apCAF,1,341.21322804497146
-189.64999999999998,254.89,0.0,CAF,1,609.1841176326736
37.210000000000036,-334.70000000000005,0.0,other_tissue,0,581.8367987136779
-445.31,-545.2,0.0,other_tissue,0,420.5764202622057
70.04999999999995,-207.14999999999998,0.0,CAF,1,229.94711267819795
-359.25,-198.16999999999996,0.0,mesenchymal_tumor_class1,1,1365.1951920054382
-195.93,-43.10000000000002,0.0,CAF,1,1266.1957681158633
-512.66,302.53,0.0,apCAF,1,334.3060679263012
223.30999999999995,279.22,0.0,CAF,1,282.86284688021414
478.0,-189.66999999999996,0.0,other_tissue,0,401.1085361837615
294.28,-429.82000000000005,0.0,other_tissue,0,193.13677047081126
136.14,118.98000000000002,0.0,CAF,1,577.7513297650994
492.5999999999999,170.63,0.0,other_tissue,0,510.57639470650344
-43.04000000000002,-402.53,0.0,CAF,1,1266.1957681158633
142.73000000000002,199.73000000000002,0.0,other_tissue,0,260.9981589485593
-144.31,407.88,0.0,other_tissue,0,662.3357448620644
-193.39999999999998,-334.28999999999996,0.0,apCAF,1,719.5598335866372
288.03,245.58999999999997,0.0,other_tissue,0,642.4746550968609
128.60000000000002,-518.5,0.0,other_tissue,0,332.46920422578523
-169.77999999999997,382.94,0.0,other_tissue,0,276.26727870565514
-299.49,187.48000000000002,0.0,apCAF,1,240.97315015165822
45.77999999999997,237.64,0.0,other_tissue,0,260.12025260249794
27.0,243.26,0.0,other_tissue,0,394.3997761455434
258.26,452.37,0.0,CAF,1,443.540910575398
127.78999999999996,-145.79999999999995,0.0,CD8_Tcell,1,370.41641479125013
271.54999999999995,-448.07000000000005,0.0,other_tissue,0,1019.4518582015291
208.12,-449.36,0.0,CD4_Tcell,1,898.8653135245139
339.0,234.11,0.0,CAF,1,216.60067136378328
84.21000000000004,259.55,0.0,other_tissue,0,251.15072100665864
171.62,-345.88,0.0,other_tissue,0,1019.4518582015291
-337.78,512.31,0.0,other_tissue,0,417.86760531281567
-120.06,-273.89,0.0,apCAF,1,342.9754900277737
-414.4,-40.75999999999999,0.0,CD8_Tcell,1,486.88698790215193
-227.7,-350.1,0.0,CAF,1,608.142144188316
161.58000000000004,-406.62,0.0,other_tissue,0,346.6732966241268
-219.54000000000002,154.72000000000003,0.0,other_tissue,0,412.16343593526034
219.64,409.65,0.0,CAF,1,474.9099127083007
-176.01999999999998,17.649999999999977,0.0,CAF,1,561.2715802406609
-8.740000000000009,-209.22000000000003,0.0,apCAF,1,377.570668905573
-490.75,280.48,0.0,other_tissue,0,662.2438856215416
-238.48000000000002,-402.80999999999995,0.0,CAF,1,1015.8214410265858
312.76,-357.74,0.0,other_tissue,0,1014.3072703710378
-4.149999999999977,-538.7,0.0,CAF,1,823.3857113546097
-253.64999999999998,-471.1,0.0,apCAF,1,246.7395775005562
-543.224,359.89,0.0,CAF,1,571.4841949676878
355.53999999999996,-373.51,0.0,CD4_Tcell,1,224.79486734175123
-460.24,-532.7,0.0,other_tissue,0,348.4902138764154
475.4000000000001,-38.50999999999999,0.0,epithelial_tumor_class1,1,1459.1607394679654
4.590000000000032,-374.30999999999995,0.0,CAF,1,395.1935550140775
128.01,-238.38,0.0,CD8_Tcell,1,367.7663572610594
-299.62,-538.3,0.0,apCAF,1,264.40998633093056
-507.92,-181.52999999999997,0.0,apCAF,1,426.1249586944115
158.75,-511.0,0.0,other_tissue,0,521.1834726432825
-397.4,-366.74,0.0,apCAF,1,390.45973908342575
-193.63,-88.17999999999995,0.0,CAF,1,1266.1957681158633
108.39999999999998,-357.15999999999997,0.0,CAF,1,288.47386377784187
-73.06,-470.29999999999995,0.0,CD4_Tcell,1,1039.1864314245872
219.82000000000005,-391.39,0.0,epithelial_tumor_class1_class2,1,1027.2257816931728
-313.34000000000003,-319.28,0.0,CAF,1,610.3490604492505
488.70000000000005,145.97000000000003,0.0,mesenchymal_tumor_class1,1,703.3922212353879
-29.909999999999968,399.83000000000004,0.0,epithelial_tumor_class1_class2,1,1647.287411287708
298.0,-290.95000000000005,0.0,apCAF,1,1261.1319482720664
-134.3,84.75,0.0,CAF,1,211.87387378928923
283.27,-161.87,0.0,epithelial_tumor_class1_class2,1,1365.0166599191202
-449.59000000000003,-206.77999999999997,0.0,mesenchymal_tumor_class1,1,597.5646477473665
39.049999999999955,-317.33000000000004,0.0,apCAF,1,483.155345019779
-543.802,62.5,0.0,CAF,1,307.0919199166668
405.46000000000004,-203.38,0.0,CAF,1,752.0144690420206
-279.24,-517.5,0.0,CAF,1,274.06795316165807
-347.5,-412.28999999999996,0.0,other_tissue,0,179.2174957742908
-399.53,-532.8,0.0,other_tissue,0,575.1052212958073
-465.15,-323.86,0.0,other_tissue,0,149.14101626628485
457.79999999999995,-66.44000000000005,0.0,apCAF,1,132.69660137619087
198.01,-540.9000000000001,0.0,other_tissue,0,311.626555497165
-459.09000000000003,25.299999999999955,0.0,CAF,1,520.6199295607643
134.70000000000005,91.64999999999998,0.0,other_tissue,0,972.1155192047773
58.200000000000045,-461.9,0.0,CAF,1,543.5607088228936
-150.02999999999997,-176.87,0.0,apCAF,1,977.5117904630476
-335.41999999999996,-322.16999999999996,0.0,CAF,1,667.696598482766
-475.33,251.07,0.0,CD4_Tcell,1,435.9067601010268
-231.26999999999998,-357.96000000000004,0.0,CD8_Tcell,1,933.9953229031422
-308.28,227.58999999999997,0.0,CAF,1,643.3211934408295
-333.97,-307.57000000000005,0.0,other_tissue,0,659.5836608064843
480.9000000000001,-421.32000000000005,0.0,CD8_Tcell,1,1333.4241050137366
-385.40999999999997,228.01,0.0,CAF,1,589.1813134366026
-464.18,91.73000000000002,0.0,CAF,1,469.98166487283686
69.66999999999996,-78.38999999999999,0.0,CAF,1,337.84756505801624
-361.97,-231.15999999999997,0.0,CAF,1,789.926421769112
201.39,-311.90999999999997,0.0,other_tissue,0,277.8807092563437
15.379999999999995,-338.1,0.0,other_tissue,0,594.3283124293495
-29.649999999999977,-253.05999999999995,0.0,CD4_Tcell,1,541.1325227560025
-327.76,420.82,0.0,mesenchymal_tumor_class1,1,788.6460518804589
-508.81,-395.70000000000005,0.0,CD8_Tcell,1,333.63099233783635
-539.82,385.9,0.0,other_tissue,0,431.48732225742856
494.70000000000005,-352.32000000000005,0.0,other_tissue,0,224.81274675375622
246.52999999999997,-4.740000000000009,0.0,CAF,1,457.58069654013656
-390.51,-261.80999999999995,0.0,CAF,1,605.8539863507947
-326.03999999999996,-246.27999999999997,0.0,CAF,1,423.01071480229547
-478.83,187.74,0.0,mesenchymal_tumor_class1,1,748.3013826966168
-166.85000000000002,99.07,0.0,other_tissue,0,1019.4518582015291
-179.43,-510.79999999999995,0.0,CAF,1,366.57610892614844
68.95000000000005,-197.70000000000005,0.0,CAF,1,393.0878246913662
-396.41999999999996,211.0,0.0,CAF,1,590.014394823805
142.21000000000004,285.32,0.0,CAF,1,162.51720179740613
346.62,-293.80999999999995,0.0,other_tissue,0,176.02385360636043
-416.09000000000003,188.61,0.0,other_tissue,0,369.6686361528496
97.84000000000003,-451.9,0.0,other_tissue,0,573.8185955301144
-533.22,-346.26,0.0,apCAF,1,142.4766666725968
-373.48,-26.860000000000014,0.0,CAF,1,643.339212969327
-117.75,191.37,0.0,other_tissue,0,1019.4518582015291
345.53999999999996,-344.0,0.0,CD4_Tcell,1,388.61547697131874
-70.48000000000002,-338.13,0.0,other_tissue,0,847.2330969668757
-402.13,-291.30999999999995,0.0,CAF,1,379.44320953419344
475.9000000000001,-178.45000000000005,0.0,epithelial_tumor_class1,1,1285.388681258523
-408.99,-374.80999999999995,0.0,CD4_Tcell,1,202.53584049045358
-195.66000000000003,-66.25999999999999,0.0,CAF,1,195.00093397459798
537.0,-201.10000000000002,0.0,CAF,1,1153.5882181720526
-327.81,-394.97,0.0,CD4_Tcell,1,383.98553769805574
67.46000000000004,-31.360000000000014,0.0,other_tissue,0,919.9956277637098
102.54999999999995,175.51,0.0,other_tissue,0,611.16714484484
-183.25,-390.46000000000004,0.0,other_tissue,0,493.30498208169996
-38.920000000000016,-74.21000000000004,0.0,CAF,1,352.64974020082917
-254.51999999999998,-3.1299999999999955,0.0,other_tissue,0,840.6900906750384
304.96000000000004,343.51,0.0,CAF,1,310.44993727624546
-277.34,-324.36,0.0,CAF,1,577.415931584844
-113.68,41.25,0.0,other_tissue,0,554.1939899147508
-369.93,-187.99,0.0,epithelial_tumor_class1,1,4965.58472532829
-163.64,278.72,0.0,apCAF,1,347.76029561528094
-402.19,-453.79999999999995,0.0,apCAF,1,596.5017012699864
277.89,-491.79999999999995,0.0,CD4_Tcell,1,875.049111973835
-250.70999999999998,112.07,0.0,epithelial_tumor_class1_class2,1,2762.9465590249006
-518.79,535.36,0.0,CAF,1,566.6025794956922
-391.90999999999997,-489.0,0.0,CD8_Tcell,1,311.4265432133894
85.41999999999996,-66.46000000000004,0.0,apCAF,1,474.9099127083007
-8.960000000000036,-152.82000000000005,0.0,other_tissue,0,372.42793608675015
-118.94999999999999,-427.08000000000004,0.0,CAF,1,1034.0597314904758
-192.93,344.38,0.0,CAF,1,789.1208662542185
-428.32,-198.55999999999995,0.0,mesenchymal_tumor_class1,1,1369.0075858394164
-246.75,-503.5,0.0,CAF,1,663.6594599438032
-544.817,-543.8,0.0,mesenchymal_tumor_class1,1,988.9160866289058
-272.97,-295.39,0.0,other_tissue,0,754.9777275395276
366.40999999999997,-383.53,0.0,CD4_Tcell,1,468.8425047060439
10.289999999999964,-295.26,0.0,CD4_Tcell,1,199.9286140142701
-41.80000000000001,-438.78999999999996,0.0,other_tissue,0,263.34558322680834
-76.44999999999999,-225.34000000000003,0.0,other_tissue,0,600.021095750943
-153.8,-423.17999999999995,0.0,CAF,1,240.77657238568096
104.09000000000003,-261.17999999999995,0.0,CD4_Tcell,1,551.3439294437878
-531.87,-485.70000000000005,0.0,CAF,1,559.6936058331243
88.76999999999998,-80.49000000000001,0.0,other_tissue,0,296.3027573511586
-193.73000000000002,149.07,0.0,CAF,1,351.4803102022234
53.700000000000045,48.610000000000014,0.0,other_tissue,0,573.8185955301144
89.73000000000002,-106.99000000000001,0.0,apCAF,1,289.70016589845505
44.52999999999997,-185.79999999999995,0.0,other_tissue,0,287.777687284979
-133.73000000000002,-103.19000000000005,0.0,apCAF,1,789.926421769112
-125.41000000000003,323.28,0.0,other_tissue,0,370.528668488218
-206.77999999999997,231.2,0.0,CAF,1,342.9754900277737
74.95000000000005,386.03,0.0,mesenchymal_tumor_class1,1,1399.732308170628
-417.96000000000004,343.75,0.0,other_tissue,0,575.339359688428
-290.67,329.11,0.0,epithelial_tumor_class1_class2,1,1164.1791993146824
282.49,91.79000000000002,0.0,CD4_Tcell,1,311.0711771696088
-360.15,241.39999999999998,0.0,mesenchymal_tumor_class1,1,878.6154625105801
59.960000000000036,108.81,0.0,other_tissue,0,578.9766352899518
-84.57999999999998,-380.33000000000004,0.0,other_tissue,0,228.82357981846718
-347.93,-371.32000000000005,0.0,CAF,1,172.26879261294584
221.76,39.80000000000001,0.0,epithelial_tumor_class1_class2,1,1105.0295874591188
274.28,265.75,0.0,other_tissue,0,348.1191443080893
440.01,42.39999999999998,0.0,epithelial_tumor_class1,1,1356.25801538084
-88.99000000000001,-106.85000000000002,0.0,apCAF,1,1014.2096336445345
-418.03999999999996,24.139999999999986,0.0,CD4_Tcell,1,655.6340685689056
-414.53,-363.78999999999996,0.0,apCAF,1,1248.080065724095
-335.65999999999997,493.44,0.0,CAF,1,817.5580414911774
59.309999999999945,435.45,0.0,CAF,1,1073.4178132438785
57.52999999999997,-357.98,0.0,apCAF,1,129.83629503234508
37.02999999999997,-12.710000000000036,0.0,apCAF,1,1261.1319482720664
413.19000000000005,-38.75,0.0,CD4_Tcell,1,343.48518809446364
521.3,-41.210000000000036,0.0,other_tissue,0,413.26252593866565
-292.43,-537.7,0.0,CD8_Tcell,1,671.3421383807063
163.92999999999995,-499.9000000000001,0.0,other_tissue,0,903.8742071090111
-89.14999999999998,8.110000000000014,0.0,other_tissue,0,367.2701078439256
-197.89,161.76999999999998,0.0,CAF,1,859.5024000131813
114.61000000000001,-287.84000000000003,0.0,CAF,1,537.7995933654837
-132.81,395.18,0.0,other_tissue,0,261.51200602905567
266.48,100.77999999999997,0.0,CAF,1,753.6753396522522
-73.12,9.360000000000014,0.0,CAF,1,264.38010424400096
-216.51,387.95,0.0,CAF,1,233.2114847218602
129.83000000000004,452.7,0.0,other_tissue,0,662.9973821630637
-313.95,173.93,0.0,other_tissue,0,623.1733866868622
-512.52,-498.70000000000005,0.0,CAF,1,624.9745157613199
-145.88,-161.19000000000005,0.0,other_tissue,0,986.4460557559964
21.629999999999995,315.16999999999996,0.0,epithelial_tumor_class1,1,1337.0623555327181
412.65,142.41000000000003,0.0,CAF,1,596.9815853888741
461.6,-339.44000000000005,0.0,CD4_Tcell,1,450.6380348277038
235.51999999999998,391.63,0.0,other_tissue,0,291.87582666855224
502.0,-341.66999999999996,0.0,CD8_Tcell,1,1333.4241050137366
155.98000000000002,-71.92999999999995,0.0,epithelial_tumor_class1,1,1013.4531614500577
-14.129999999999995,-390.22,0.0,other_tissue,0,500.2513429282985
-497.12,192.62,0.0,other_tissue,0,316.1046186020911
-105.88999999999999,-52.33000000000004,0.0,CAF,1,920.7048536263486
-75.99000000000001,220.14,0.0,CAF,1,340.32847198001247
-523.16,-255.65999999999997,0.0,apCAF,1,790.8359115720779
-147.57,93.79000000000002,0.0,other_tissue,0,515.8617587117403
-29.92999999999995,15.519999999999982,0.0,other_tissue,0,310.33908869221415
-352.77,164.56,0.0,other_tissue,0,270.95792476178787
112.66999999999996,-268.03,0.0,CD4_Tcell,1,328.58535671379764
-354.9,260.16,0.0,mesenchymal_tumor_class1,1,2529.5309066455125
-114.39999999999998,-85.09000000000003,0.0,CAF,1,321.8389066075686
456.70000000000005,-394.20000000000005,0.0,other_tissue,0,236.5805922557738
270.29999999999995,60.110000000000014,0.0,apCAF,1,315.4766929001857
-80.07999999999998,-284.65,0.0,CD4_Tcell,1,246.37829118524857
-276.71,-541.8,0.0,CAF,1,482.50055552429654
496.5,-215.33000000000004,0.0,apCAF,1,498.82038697069237
440.87,-352.46000000000004,0.0,other_tissue,0,237.06187964788523
79.26999999999998,-260.87,0.0,CD8_Tcell,1,504.42271424954254
-475.39,-171.69000000000005,0.0,other_tissue,0,191.39693101533095
56.710000000000036,7.210000000000036,0.0,apCAF,1,137.21967715891478
93.07000000000005,44.97000000000003,0.0,apCAF,1,579.329441029748
-338.11,339.03,0.0,apCAF,1,187.3621722398439
-9.279999999999973,-322.5,0.0,other_tissue,0,1019.4518582015291
-346.46000000000004,497.2,0.0,CAF,1,1023.611361280779
-547.999,-211.38,0.0,CD4_Tcell,1,568.7410755246955
116.69000000000005,277.13,0.0,CAF,1,1266.1957681158633
-481.96,507.65,0.0,other_tissue,0,471.98696151477117
423.15999999999997,-461.9,0.0,CAF,1,427.85252726813314
-239.2,356.28,0.0,mesenchymal_tumor_class1,1,280.6389727595658
-436.71,145.7,0.0,other_tissue,0,391.6622801009877
-11.490000000000009,-88.82000000000005,0.0,other_tissue,0,467.9237587687572
-37.00999999999999,-371.75,0.0,epithelial_tumor_class1_class2,1,1413.483249184669
313.80999999999995,-69.98000000000002,0.0,apCAF,1,186.59524594272537
35.58000000000004,128.45,0.0,other_tissue,0,407.8929456584096
-268.1,173.93,0.0,other_tissue,0,197.06532550834615
500.4000000000001,-394.02,0.0,other_tissue,0,419.7218844731589
-451.19,-420.48,0.0,apCAF,1,162.51720179740613
319.53999999999996,-537.9000000000001,0.0,epithelial_tumor_class1_class2,1,1335.5369217966063
234.98000000000002,-270.15999999999997,0.0,CD4_Tcell,1,437.53521506843316
207.96000000000004,96.5,0.0,other_tissue,0,312.2382347181702
-81.94,-95.0,0.0,CAF,1,499.9161933791511
68.63999999999999,97.56,0.0,other_tissue,0,402.6228142289959
268.88,-520.0999999999999,0.0,other_tissue,0,474.98350868199697
-272.26,305.41999999999996,0.0,apCAF,1,503.5651651923079
-222.05,-515.9000000000001,0.0,other_tissue,0,332.82906960417324
-549.3237,209.76,0.0,other_tissue,0,1019.4518582015291
513.5999999999999,-455.70000000000005,0.0,epithelial_tumor_class1_class2,1,10871.668874768031
67.60000000000002,-528.9000000000001,0.0,CD4_Tcell,1,618.2995515710363
-100.13999999999999,-149.61,0.0,apCAF,1,134.35792175761156
85.72000000000003,248.26999999999998,0.0,other_tissue,0,340.0574535433497
257.49,220.61,0.0,apCAF,1,119.59082672218403
-366.48,-537.0,0.0,apCAF,1,118.85281871302858
-66.86000000000001,-254.90999999999997,0.0,CAF,1,650.5195817445069
208.79999999999995,-487.5999999999999,0.0,CD8_Tcell,1,975.9407769203193
1.8899999999999864,-298.74,0.0,apCAF,1,269.0891399161379
-534.18,-69.99000000000001,0.0,other_tissue,0,867.9673905980279
372.44000000000005,153.57,0.0,apCAF,1,743.2902750913474
-448.18,518.16,0.0,apCAF,1,1261.1319482720664
-538.32,-399.0,0.0,CAF,1,204.5606261834659
-342.65999999999997,271.77,0.0,epithelial_tumor_class1,1,1661.3573682861636
462.1,77.18,0.0,CAF,1,559.7428727089272
-471.22,-85.71000000000004,0.0,CAF,1,494.0148385082558
-438.4,-82.83000000000004,0.0,CAF,1,774.836751992663
-153.19,-46.549999999999955,0.0,other_tissue,0,595.7994779040496
-72.48000000000002,-325.87,0.0,other_tissue,0,424.4566708495825
-537.79,300.52,0.0,other_tissue,0,1019.4518582015291
96.44000000000005,-363.34000000000003,0.0,other_tissue,0,718.4730710424614
-98.69,288.93,0.0,mesenchymal_tumor_class1,1,984.1236739218351
138.05999999999995,-200.12,0.0,CAF,1,945.152397081701
356.44000000000005,-431.78,0.0,epithelial_tumor_class1_class2,1,5254.275196928308
204.01999999999998,380.33000000000004,0.0,other_tissue,0,544.5759367801015
-129.29000000000002,-220.64999999999998,0.0,CD8_Tcell,1,286.2521439779019
-405.63,-354.01,0.0,apCAF,1,344.9340564964179
55.789999999999964,-454.4,0.0,CAF,1,143.14390562208138
-143.20999999999998,215.3,0.0,CAF,1,777.7982726108756
-550.0071,-312.44000000000005,0.0,apCAF,1,422.96983937491734
16.57000000000005,-150.46000000000004,0.0,other_tissue,0,213.7355056554571
91.95000000000005,-65.90999999999997,0.0,mesenchymal_tumor_class1_class2,1,740.4368551962344
212.03999999999996,341.28,0.0,other_tissue,0,716.9030835020559
441.1,-106.97000000000003,0.0,other_tissue,0,428.2920170861168
-434.96,-437.02,0.0,CAF,1,429.61229210836785
49.289999999999964,272.08,0.0,CD4_Tcell,1,231.5754640660828
-475.81,284.91,0.0,CAF,1,1266.1957681158633
130.10000000000002,327.08000000000004,0.0,epithelial_tumor_class1,1,3038.537527185693
-535.83,-234.97000000000003,0.0,apCAF,1,415.58774383735033
228.97000000000003,383.01,0.0,CD4_Tcell,1,414.7937730584537
112.63999999999999,-492.0999999999999,0.0,CAF,1,557.7580677034666
174.77999999999997,-507.0,0.0,other_tissue,0,272.8455136253776
1.080000000000041,3.4400000000000546,0.0,other_tissue,0,401.16114288162873
-549.9122,516.96,0.0,other_tissue,0,928.1162257166443
340.12,258.04,0.0,other_tissue,0,260.21879544244155
-300.38,67.85000000000002,0.0,other_tissue,0,1019.4518582015291
-337.3,-41.450000000000045,0.0,other_tissue,0,443.5831007778214
-143.45,-215.80999999999995,0.0,CAF,1,529.1158274463817
450.79999999999995,-354.99,0.0,other_tissue,0,190.77123288676572
248.20000000000005,390.91999999999996,0.0,CAF,1,426.9744497986532
405.26,-296.20000000000005,0.0,CD8_Tcell,1,569.0731063071835
-389.48,-530.4000000000001,0.0,other_tissue,0,424.0061620647448
19.450000000000045,272.53,0.0,apCAF,1,571.3010465250154
463.4,123.75,0.0,epithelial_tumor_class1,1,3264.739702768475
-468.83,163.7,0.0,apCAF,1,752.0144690420206
-488.68,-196.76999999999998,0.0,apCAF,1,118.85281871302858
-135.45,-337.99,0.0,other_tissue,0,321.10135152065175
242.77999999999997,482.0,0.0,other_tissue,0,281.7806239887819
291.01,-336.92999999999995,0.0,other_tissue,0,511.38003001775786
-142.62,299.68,0.0,CD8_Tcell,1,636.2476504011839
-193.41000000000003,-531.5,0.0,other_tissue,0,165.1524475637294
12.190000000000055,-7.440000000000055,0.0,apCAF,1,1261.1319482720664
-390.65999999999997,-197.19000000000005,0.0,epithelial_tumor_class1,1,5762.305509262123
268.82000000000005,334.62,0.0,other_tissue,0,310.48319699785344
53.08000000000004,71.64999999999998,0.0,mesenchymal_tumor_class1,1,360.589870845749
-469.49,-348.88,0.0,apCAF,1,171.83496059211464
209.08000000000004,153.33999999999997,0.0,other_tissue,0,740.3576979528553
-230.5,388.4,0.0,CAF,1,643.3031742488122
-168.74,-533.4000000000001,0.0,CAF,1,670.8787731266533
198.89,487.11,0.0,mesenchymal_tumor_class1,1,659.5836608064843
-17.74000000000001,-442.51,0.0,CAF,1,1266.1957681158633
233.71000000000004,259.22,0.0,other_tissue,0,418.48959968323663
176.97000000000003,-156.73000000000002,0.0,apCAF,1,159.3835652187638
-154.66000000000003,-516.9000000000001,0.0,other_tissue,0,999.9492671216962
-72.56,-257.27,0.0,other_tissue,0,675.0939587843151
-15.289999999999964,-360.67999999999995,0.0,other_tissue,0,234.70795572564842
-75.83999999999997,166.56,0.0,other_tissue,0,232.15952822519384
-483.63,-515.7,0.0,other_tissue,0,261.0475380461559
-377.41999999999996,-203.55999999999995,0.0,mesenchymal_tumor_class1,1,999.1274042980461
-541.843,-4.8700000000000045,0.0,CAF,1,533.8118128683559
256.89,-33.450000000000045,0.0,epithelial_tumor_class1_class2,1,3392.1584732827077
-177.2,221.74,0.0,other_tissue,0,254.4860768550928
-5.0499999999999545,-366.57000000000005,0.0,other_tissue,0,278.88067474204786
-33.72000000000003,-328.34000000000003,0.0,other_tissue,0,366.29132712083094
-493.6,-475.0,0.0,other_tissue,0,201.4786127017513
-222.89999999999998,221.42000000000002,0.0,CAF,1,971.6884729218182
48.16999999999996,-398.35,0.0,other_tissue,0,349.48502065586933
272.01,451.08,0.0,CAF,1,522.1392931749623
-367.13,-162.79999999999995,0.0,mesenchymal_tumor_class1,1,1125.3373798128969
-369.25,-36.60000000000002,0.0,CAF,1,424.11534702885007
-294.41999999999996,177.07999999999998,0.0,CAF,1,452.64497954548614
-120.39999999999998,-343.11,0.0,CAF,1,817.2832344362822
322.21000000000004,-363.29999999999995,0.0,epithelial_tumor_class1,1,1235.5649045553007
434.14,231.99,0.0,other_tissue,0,869.3322112485259
28.840000000000032,248.54000000000002,0.0,CAF,1,344.2803748010934
-102.88999999999999,-468.1,0.0,other_tissue,0,473.3074091971825
391.73,-368.78999999999996,0.0,other_tissue,0,807.4101780468129
128.95000000000005,-366.55999999999995,0.0,other_tissue,0,1019.4518582015291
69.78999999999996,-456.20000000000005,0.0,other_tissue,0,180.7050155241448
-274.89,111.44999999999999,0.0,CD4_Tcell,1,433.50628582212994
144.63,164.32,0.0,other_tissue,0,925.4959234017442
-381.71000000000004,-367.30999999999995,0.0,CD4_Tcell,1,422.9153429012683
-83.08999999999997,-239.17999999999995,0.0,other_tissue,0,997.9920415066179
-549.5135,50.589999999999975,0.0,epithelial_tumor_class1,1,1301.2324589621662
-439.73,-0.40999999999996817,0.0,CD4_Tcell,1,346.0174187302068
-194.35000000000002,236.82999999999998,0.0,CD4_Tcell,1,274.1699876178009
86.15999999999997,-481.79999999999995,0.0,other_tissue,0,468.8862844837993
354.6,-9.120000000000005,0.0,CAF,1,388.01059136508707
187.36,-175.51,0.0,apCAF,1,605.8539863507947
-12.259999999999991,-49.10000000000002,0.0,other_tissue,0,442.07997022612824
-467.7,223.44,0.0,CAF,1,980.0146033565578
158.25,444.31,0.0,mesenchymal_tumor_class1,1,1695.4378939716482
475.5,-302.78,0.0,epithelial_tumor_class1,1,3807.3507128112683
40.860000000000014,-198.67999999999995,0.0,CD4_Tcell,1,538.7275878578824
-549.6579,38.55000000000001,0.0,epithelial_tumor_class1,1,1411.4437961116582
236.76,-506.5999999999999,0.0,CD8_Tcell,1,629.936623869438
-456.03,483.03,0.0,other_tissue,0,864.2763480760443
178.52999999999997,453.62,0.0,mesenchymal_tumor_class1,1,438.55331141355896
-424.42,-473.79999999999995,0.0,other_tissue,0,158.5746211968671
-448.74,511.8,0.0,CAF,1,1032.10761911688
104.75,-114.83000000000004,0.0,other_tissue,0,534.3052233484674
90.13,-488.20000000000005,0.0,other_tissue,0,300.21013879323937
476.9000000000001,-403.82000000000005,0.0,epithelial_tumor_class1_class2,1,1639.2736129222155
-299.75,-504.4000000000001,0.0,other_tissue,0,271.109825924495
-375.28999999999996,-503.29999999999995,0.0,apCAF,1,439.6289040690794
540.9000000000001,-222.42999999999995,0.0,apCAF,1,232.2874230306283
-12.509999999999991,8.269999999999982,0.0,apCAF,1,219.1835320277133
-299.78999999999996,109.41000000000003,0.0,other_tissue,0,370.366531537541
162.77999999999997,86.13,0.0,other_tissue,0,153.87555826883724
336.12,-56.07000000000005,0.0,other_tissue,0,380.1152840399608
63.77999999999997,-406.58000000000004,0.0,CD4_Tcell,1,255.46807189352631
82.97000000000003,24.639999999999986,0.0,other_tissue,0,394.95921452020764
-531.45,-24.58000000000004,0.0,CAF,1,165.73541517556848
504.5,-205.26999999999998,0.0,other_tissue,0,1019.4518582015291
416.95000000000005,-159.27999999999997,0.0,apCAF,1,512.4322095215637
75.99000000000001,214.14999999999998,0.0,apCAF,1,140.5658256851374
-45.94,-87.29999999999995,0.0,other_tissue,0,161.76945751895198
-448.18,72.38,0.0,other_tissue,0,391.50697497344447
-166.63,208.57,0.0,other_tissue,0,196.4354978218976
143.65999999999997,235.63,0.0,CD4_Tcell,1,337.67165775911394
-203.04000000000002,-384.94000000000005,0.0,other_tissue,0,350.22936335231174
350.90999999999997,-386.63,0.0,CAF,1,483.155345019779
-5.07000000000005,-314.17999999999995,0.0,other_tissue,0,795.3108062072184
-318.18,393.9,0.0,CAF,1,360.0389096652777
-496.38,-491.0,0.0,CD4_Tcell,1,318.20747774636743
-134.92000000000002,-299.4,0.0,mesenchymal_tumor_class1,1,1467.9192338774264
-391.31,-278.32000000000005,0.0,CAF,1,195.88855901656422
-363.78,-452.9,0.0,apCAF,1,346.4227727956571
220.54999999999995,-331.32000000000005,0.0,other_tissue,0,497.5895201852564
-63.93000000000001,126.18,0.0,apCAF,1,253.49691632108974
-501.32,142.75,0.0,CD4_Tcell,1,324.20667103566916
498.0999999999999,54.81999999999999,0.0,apCAF,1,201.7696065266096
-44.60000000000002,-379.28999999999996,0.0,apCAF,1,145.6328080575649
397.55999999999995,-64.42999999999995,0.0,CAF,1,860.0708443231541
256.6,38.51999999999998,0.0,epithelial_tumor_class1,1,780.2880154958913
-54.370000000000005,-453.20000000000005,0.0,CAF,1,893.0674569158555
88.77999999999997,-285.12,0.0,CD8_Tcell,1,1238.462717780394
-544.816,4.090000000000032,0.0,apCAF,1,619.4058003291353
52.809999999999945,-172.24,0.0,CAF,1,836.4541799986722
-414.01,-142.42999999999995,0.0,CD4_Tcell,1,723.7424057222449
527.7,-274.27,0.0,epithelial_tumor_class1,1,911.5360384473476
-390.68,-458.9,0.0,other_tissue,0,657.5703183070831
-363.01,-49.72000000000003,0.0,CAF,1,1018.9522361700516
16.090000000000032,-285.55999999999995,0.0,CD4_Tcell,1,376.56105471034266
453.5,-375.28,0.0,other_tissue,0,352.26366260695147
-341.99,-455.4,0.0,apCAF,1,473.983254698313
-123.42000000000002,243.57,0.0,other_tissue,0,280.929281764814
-379.44,-460.70000000000005,0.0,apCAF,1,1198.7129491147816
-309.26,5.090000000000032,0.0,apCAF,1,1052.3899378353387
214.52999999999997,101.88,0.0,CD8_Tcell,1,264.0814071923954
0.19000000000005457,-162.67999999999995,0.0,other_tissue,0,779.3125733298739
348.75,-183.70000000000005,0.0,CD4_Tcell,1,919.3553497952554
490.70000000000005,160.3,0.0,CAF,1,799.844218729766
-308.62,311.53,0.0,mesenchymal_tumor_class1,1,855.7264356119848
-257.46,-276.34000000000003,0.0,CAF,1,320.240409459542
-351.43,-307.16999999999996,0.0,CAF,1,738.0645912605679
-441.23,200.62,0.0,epithelial_tumor_class1,1,849.8988266827115
-273.05,398.68,0.0,CAF,1,335.5888837999575
284.86,-447.51,0.0,other_tissue,0,890.2450295413022
429.1,-432.72,0.0,other_tissue,0,338.85727956117125
245.21000000000004,15.42999999999995,0.0,CD4_Tcell,1,707.9728394265801
-140.07,112.30000000000001,0.0,other_tissue,0,637.482653748
246.01999999999998,460.54,0.0,CAF,1,571.3010465250154
-418.78999999999996,515.28,0.0,CAF,1,553.5416836895937
247.74,-283.30999999999995,0.0,other_tissue,0,1019.4518582015291
114.60000000000002,-450.20000000000005,0.0,CD4_Tcell,1,278.83939170529334
111.88,217.95,0.0,other_tissue,0,664.8007379812676
-285.61,-301.64,0.0,CAF,1,453.9434003270812
123.32000000000005,359.82,0.0,mesenchymal_tumor_class1,1,1028.826703931798
60.92999999999995,-192.67999999999995,0.0,CD8_Tcell,1,738.222584322487
-184.33999999999997,166.77999999999997,0.0,other_tissue,0,601.5188667108691
175.97000000000003,-408.98,0.0,other_tissue,0,632.4096818524772
-493.67,57.99000000000001,0.0,CD4_Tcell,1,119.71647378071953
342.04999999999995,-48.210000000000036,0.0,CD8_Tcell,1,278.42678539211437
-501.53,247.23000000000002,0.0,apCAF,1,441.12647665100224
9.299999999999955,-358.02,0.0,other_tissue,0,267.60031394601066
-349.81,93.68,0.0,mesenchymal_tumor_class1,1,457.5519807897526
-289.71,282.72,0.0,apCAF,1,577.7513297650994
204.14,133.64999999999998,0.0,CAF,1,659.6203050217839
-291.3,138.82,0.0,other_tissue,0,658.0824162123445
-34.98000000000002,-42.77999999999997,0.0,apCAF,1,418.2461371282524
-218.7,-146.82000000000005,0.0,apCAF,1,155.86289946453994
-387.43,202.74,0.0,other_tissue,0,400.4776144965977
-378.86,-61.50999999999999,0.0,CAF,1,301.68693548496134
-288.99,351.74,0.0,apCAF,1,173.22128378617666
163.14999999999998,-165.60000000000002,0.0,CAF,1,413.4101133074716
-330.90999999999997,183.37,0.0,CAF,1,281.0433864848032
-318.78999999999996,-315.21000000000004,0.0,other_tissue,0,317.6217923192581
-545.922,-273.5,0.0,other_tissue,0,626.7082781390983
171.49,-361.53,0.0,other_tissue,0,633.8716391158277
33.01999999999998,328.7,0.0,other_tissue,0,453.45798593193916
-257.09,-203.72000000000003,0.0,mesenchymal_tumor_class1,1,717.0967852491988
300.80999999999995,-29.82000000000005,0.0,other_tissue,0,392.90619995675786
-264.35,-427.0,0.0,other_tissue,0,346.6375001134495
-167.27999999999997,-120.54999999999995,0.0,other_tissue,0,224.0715475482794
104.0,-486.0999999999999,0.0,other_tissue,0,470.15708389141486
455.70000000000005,-56.25999999999999,0.0,CD4_Tcell,1,466.1480141639699
17.529999999999973,53.29000000000002,0.0,other_tissue,0,171.44662751906236
-239.97000000000003,-108.40999999999997,0.0,other_tissue,0,937.6736496576793
241.92999999999995,-295.30999999999995,0.0,other_tissue,0,707.5695637682475
419.38,-86.60000000000002,0.0,apCAF,1,438.12077641640946
-404.86,-111.80999999999995,0.0,mesenchymal_tumor_class1,1,434.31008448947915
71.05999999999995,-313.53,0.0,CAF,1,1266.1957681158633
116.60000000000002,-232.94000000000005,0.0,CAF,1,345.48140708084196
340.16999999999996,338.4,0.0,other_tissue,0,284.9622967186577
74.17999999999995,67.77999999999997,0.0,other_tissue,0,297.2279407789812
-39.51999999999998,-217.64999999999998,0.0,CAF,1,720.2590450223053
-91.63999999999999,-439.29999999999995,0.0,other_tissue,0,203.4628975817973
-502.3,-188.91999999999996,0.0,CD8_Tcell,1,481.17790404722723
132.82000000000005,-523.2,0.0,other_tissue,0,476.5012778193469
-540.422,-435.87,0.0,CAF,1,170.0698018515498
80.97000000000003,-116.42999999999995,0.0,other_tissue,0,552.4013798177809
369.88,243.8,0.0,apCAF,1,447.1224985367221
6.230000000000018,-21.090000000000032,0.0,other_tissue,0,524.730563449839
-105.82,-440.48,0.0,other_tissue,0,375.0374355077611
-277.91,-91.76999999999998,0.0,CAF,1,459.5217885419121
-9.269999999999982,211.01,0.0,CAF,1,312.3606665340968
-198.49,104.69999999999999,0.0,other_tissue,0,440.27230427633657
189.08000000000004,-333.76,0.0,other_tissue,0,360.5163769018521
-509.5,251.02999999999997,0.0,CAF,1,321.8729748505772
421.88,144.14999999999998,0.0,CAF,1,485.4069680845347
159.97000000000003,-85.10000000000002,0.0,epithelial_tumor_class1,1,2284.392501715402
124.58000000000004,249.44,0.0,other_tissue,0,306.4320277568653
208.96000000000004,-512.0,0.0,other_tissue,0,794.418628489844
-363.25,511.55,0.0,apCAF,1,440.0764204150189
46.77999999999997,-9.159999999999968,0.0,other_tissue,0,511.6274719634761
-27.32000000000005,7.330000000000041,0.0,other_tissue,0,708.8951876914857
-138.56,-276.73,0.0,mesenchymal_tumor_class1,1,725.0100874320515
-416.68,-438.27,0.0,CAF,1,345.37427122081783
-485.49,341.61,0.0,apCAF,1,290.3676287160152
-521.38,380.49,0.0,other_tissue,0,288.21002861806704
230.41999999999996,-287.42999999999995,0.0,other_tissue,0,1019.4518582015291
-495.65999999999997,-245.78999999999996,0.0,apCAF,1,159.37645728512942
277.53999999999996,-151.48000000000002,0.0,mesenchymal_tumor_class1,1,568.1769196399423
-197.57,-329.12,0.0,other_tissue,0,222.02613810341725
-335.61,-355.22,0.0,CAF,1,653.1553953273113
-412.82,132.08999999999997,0.0,apCAF,1,558.8072963416305
232.01,187.61,0.0,CAF,1,627.8245311242297
-497.72,-73.39999999999998,0.0,CAF,1,1266.1957681158633
417.4,-121.61000000000001,0.0,other_tissue,0,275.71378766150247
519.2,-24.860000000000014,0.0,CD4_Tcell,1,311.9489776097336
-151.49,-27.149999999999977,0.0,other_tissue,0,926.1390489118406
320.82000000000005,-49.57000000000005,0.0,mesenchymal_tumor_class1,1,820.4790228047208
17.879999999999995,-156.24,0.0,CAF,1,317.1267740298848
-63.75999999999999,-338.05999999999995,0.0,other_tissue,0,527.898767211752
-408.94,268.85,0.0,epithelial_tumor_class1,1,1027.2257816931728
-51.79000000000002,261.01,0.0,mesenchymal_tumor_class1,1,2224.157890285935
384.83000000000004,-56.690000000000055,0.0,CD8_Tcell,1,499.2006936373513
-42.76999999999998,-253.95000000000005,0.0,other_tissue,0,545.1243624088356
29.110000000000014,380.47,0.0,other_tissue,0,700.107964334265
17.870000000000005,-233.27999999999997,0.0,other_tissue,0,455.74530950669697
-249.26999999999998,-465.70000000000005,0.0,other_tissue,0,633.5148566484816
-550.0073,235.24,0.0,epithelial_tumor_class1,1,12657.689656927883
-245.48000000000002,-364.0,0.0,other_tissue,0,1019.4518582015291
-214.58999999999997,-110.45000000000005,0.0,CD4_Tcell,1,380.4960550680872
515.4000000000001,-129.71000000000004,0.0,CAF,1,516.6086551768243
-158.57999999999998,306.93,0.0,other_tissue,0,236.35867949594453
-120.95999999999998,-349.22,0.0,CAF,1,265.9269609617548
234.66999999999996,-261.51,0.0,other_tissue,0,170.35943610062017
354.42999999999995,-210.08000000000004,0.0,apCAF,1,618.334650319414
-353.65,319.52,0.0,epithelial_tumor_class1,1,12657.689656927883
501.4000000000001,-374.83000000000004,0.0,other_tissue,0,508.77129455318396
-493.27,289.97,0.0,CAF,1,991.0777385799313
310.48,108.49000000000001,0.0,epithelial_tumor_class1_class2,1,869.1560250214826
-280.23,-410.37,0.0,other_tissue,0,657.7531799073446
-72.16000000000003,112.66000000000003,0.0,CAF,1,336.5005026103184
-138.62,321.51,0.0,CAF,1,777.7164744489751
-178.10000000000002,177.22000000000003,0.0,other_tissue,0,293.399914420064
180.03999999999996,27.769999999999982,0.0,CD4_Tcell,1,394.5688529263856
-139.26999999999998,89.17000000000002,0.0,other_tissue,0,589.7252776847298
474.4000000000001,-96.45000000000005,0.0,other_tissue,0,363.20538156964716
-453.92,-257.03,0.0,apCAF,1,228.60654544072838
445.74,-41.14999999999998,0.0,CD4_Tcell,1,299.90669191042747
-7.230000000000018,145.48000000000002,0.0,other_tissue,0,422.3570239095664
-512.04,-374.77,0.0,CAF,1,1117.533560551878
-274.93,-126.24000000000001,0.0,apCAF,1,797.8457367245146
-413.35,368.41999999999996,0.0,apCAF,1,218.5688021427179
-370.03999999999996,-235.25,0.0,other_tissue,0,391.71405760236604
90.21000000000004,-100.13,0.0,apCAF,1,760.9275771095024
-41.74000000000001,-193.59000000000003,0.0,CAF,1,1007.4392204392531
-285.74,232.41000000000003,0.0,apCAF,1,789.926421769112
-124.00999999999999,-37.110000000000014,0.0,other_tissue,0,305.68529356507804
36.360000000000014,121.38999999999999,0.0,mesenchymal_tumor_class1,1,260.55402725352343
504.5,-366.98,0.0,other_tissue,0,561.7159193067869
-304.25,413.68,0.0,apCAF,1,838.5596012556116
143.36,-392.51,0.0,other_tissue,0,1019.4518582015291
468.1,-87.42999999999995,0.0,other_tissue,0,397.4636271244322
65.30999999999995,156.01999999999998,0.0,other_tissue,0,448.1837289449648
140.87,-359.98,0.0,other_tissue,0,562.0946152834906
-508.17,-72.94000000000005,0.0,CAF,1,697.2711587767792
-431.90999999999997,254.92000000000002,0.0,apCAF,1,203.1953482952503
-311.45,-70.57000000000005,0.0,other_tissue,0,477.04728418557653
-157.95999999999998,29.879999999999995,0.0,other_tissue,0,351.15525935708945
-97.45999999999998,-304.22,0.0,other_tissue,0,207.50436494551346
99.30999999999995,-300.75,0.0,apCAF,1,753.6753396522522
131.99,130.97000000000003,0.0,other_tissue,0,857.536642326162
-157.57,-13.350000000000023,0.0,other_tissue,0,209.8010324613408
-35.289999999999964,114.41000000000003,0.0,apCAF,1,118.85281871302858
260.99,-440.27,0.0,other_tissue,0,1019.4518582015291
439.82000000000005,-54.389999999999986,0.0,CD4_Tcell,1,189.76337286709997
-392.28999999999996,-451.29999999999995,0.0,CAF,1,364.9190187505772
290.53999999999996,-154.49,0.0,mesenchymal_tumor_class1_class2,1,1502.447112972793
-408.77,-524.5,0.0,other_tissue,0,190.67509283980428
-372.18,505.9,0.0,CAF,1,671.3421383807063
261.53,201.57999999999998,0.0,CAF,1,586.0600092877613
-333.33000000000004,-33.210000000000036,0.0,mesenchymal_tumor_class1,1,461.9016794629095
-536.74,398.69,0.0,mesenchymal_tumor_class1,1,1135.8866113414213
-265.94,-373.5,0.0,other_tissue,0,852.0919354496498
-453.48,29.269999999999982,0.0,apCAF,1,181.16138668281485
-458.65,-55.07000000000005,0.0,CD4_Tcell,1,563.479124754527
-530.06,304.02,0.0,CAF,1,514.6961747413974
160.26999999999998,-516.9000000000001,0.0,CAF,1,244.36916437511846
-166.16000000000003,77.18,0.0,epithelial_tumor_class1,1,2870.190635318542
481.9000000000001,17.360000000000014,0.0,CAF,1,377.2675954049017
23.399999999999977,-295.16999999999996,0.0,other_tissue,0,242.70953178031965
-376.03,-528.8,0.0,other_tissue,0,160.6878782647519
155.29999999999995,-445.08000000000004,0.0,CAF,1,293.66690697305404
-265.69,-504.4000000000001,0.0,CAF,1,266.0769761674871
499.29999999999995,-167.74,0.0,other_tissue,0,429.41958324815386
259.30999999999995,15.549999999999955,0.0,CD4_Tcell,1,702.5701962192684
-189.0,354.4,0.0,CAF,1,219.09564299485265
-303.58000000000004,-290.34000000000003,0.0,CAF,1,206.2103912436044
-480.35,16.409999999999968,0.0,CAF,1,737.5907473315832
340.73,-20.899999999999977,0.0,CAF,1,373.4677703875191
-496.35,276.13,0.0,apCAF,1,301.68693548496134
-264.2,-164.75,0.0,mesenchymal_tumor_class1_class2,1,791.4977969941966
-66.51999999999998,-469.6,0.0,apCAF,1,183.00234894484507
-421.37,-368.96000000000004,0.0,other_tissue,0,411.2935919617655
124.57000000000005,-270.05999999999995,0.0,CD8_Tcell,1,426.56326487911116
57.40999999999997,-59.00999999999999,0.0,other_tissue,0,451.448637006266
298.1,114.92000000000002,0.0,CAF,1,419.11221097181357
-17.970000000000027,115.88,0.0,CAF,1,948.7198566914406
-93.63999999999999,-424.13,0.0,CAF,1,207.50436494551346
-494.42,218.06,0.0,CAF,1,291.6205541073441
533.0,-42.299999999999955,0.0,CD8_Tcell,1,477.4459843931826
-225.7,-291.89,0.0,other_tissue,0,699.1932556340023
-506.68,261.97,0.0,apCAF,1,366.0438106904808
199.91999999999996,-280.09000000000003,0.0,other_tissue,0,284.5541313050441
-291.02,203.05,0.0,other_tissue,0,408.34527800241534
-401.4,-229.19000000000005,0.0,other_tissue,0,263.37538731174965
343.83000000000004,-418.90999999999997,0.0,epithelial_tumor_class1_class2,1,2285.608994914863
74.20000000000005,-191.46000000000004,0.0,CAF,1,358.25521149745674
-298.2,444.29,0.0,other_tissue,0,265.1577704849705
191.54999999999995,-55.129999999999995,0.0,mesenchymal_tumor_class1,1,1780.0419334476328
-383.13,211.44,0.0,apCAF,1,222.13254607023876
-93.82999999999998,-311.20000000000005,0.0,apCAF,1,431.4735153994829
131.79999999999995,186.5,0.0,other_tissue,0,380.47066242536005
535.0,-246.5,0.0,epithelial_tumor_class1_class2,1,1035.9152789443067
345.90999999999997,301.78999999999996,0.0,apCAF,1,321.8729748505772
-391.15,-505.79999999999995,0.0,other_tissue,0,315.5103106774682
303.34000000000003,-523.4000000000001,0.0,CD4_Tcell,1,901.4125666929611
461.0,5.649999999999977,0.0,CD4_Tcell,1,1073.1564248430268
-314.37,-478.70000000000005,0.0,other_tissue,0,161.92744250648275
357.19000000000005,-396.94000000000005,0.0,CAF,1,228.5342311566158
-60.06,-459.6,0.0,CD8_Tcell,1,1205.6842063203815
-138.82,-394.49,0.0,CAF,1,763.8131621908985
-480.98,-384.14,0.0,CAF,1,233.53227496560672
-35.07000000000005,-400.71000000000004,0.0,CD4_Tcell,1,393.6979742240284
-549.8668,177.02999999999997,0.0,epithelial_tumor_class1,1,12657.689656927883
-443.02,-510.5999999999999,0.0,other_tissue,0,309.6081497361376
-172.89,-166.13,0.0,other_tissue,0,432.5789950297643
-27.090000000000032,-229.04999999999995,0.0,CAF,1,513.3462985084695
-41.80000000000001,167.37,0.0,epithelial_tumor_class1,1,2002.7061442903662
-48.85000000000002,294.76,0.0,epithelial_tumor_class1,1,3343.7518028702734
-185.97000000000003,348.26,0.0,other_tissue,0,325.8297778987131
3.990000000000009,-135.32000000000005,0.0,other_tissue,0,310.26151038525916
1.240000000000009,144.22000000000003,0.0,apCAF,1,728.3717074841252
101.29999999999995,24.710000000000036,0.0,other_tissue,0,440.580239198867
-70.92000000000002,33.48000000000002,0.0,CAF,1,337.6482080670362
-299.45,1.2699999999999818,0.0,other_tissue,0,322.96442845975406
-63.00999999999999,17.980000000000018,0.0,other_tissue,0,240.72042695240432
-154.23000000000002,68.95999999999998,0.0,other_tissue,0,390.04653143484694
228.03999999999996,116.55000000000001,0.0,other_tissue,0,561.2715802406609
216.84000000000003,-90.49000000000001,0.0,mesenchymal_tumor_class1,1,1786.65583418542
414.47,-214.76,0.0,other_tissue,0,672.9377441669877
201.39,-181.42999999999995,0.0,CD8_Tcell,1,803.9557155325772
-212.49,-339.34000000000003,0.0,other_tissue,0,251.1892238319136
483.5,-129.39,0.0,other_tissue,0,307.8629906649531
80.21000000000004,-339.35,0.0,other_tissue,0,215.51238823645426
0.03999999999996362,-390.32000000000005,0.0,CAF,1,960.6762034592018
-520.61,-70.42999999999995,0.0,other_tissue,0,291.5992881149286
-463.76,41.27999999999997,0.0,other_tissue,0,253.2355094463518
-22.600000000000023,-378.58000000000004,0.0,other_tissue,0,217.55263930031538
-476.49,508.24,0.0,CAF,1,217.53514692762135
207.90999999999997,-166.96000000000004,0.0,CAF,1,365.8706155505174
149.12,-360.61,0.0,CD4_Tcell,1,172.27627887156862
-80.31,-146.92999999999995,0.0,CD4_Tcell,1,337.4958115306522
-112.44999999999999,-195.21000000000004,0.0,CAF,1,397.1891928377007
-350.28,-173.69000000000005,0.0,mesenchymal_tumor_class1,1,1060.6923666254058
-543.818,-37.889999999999986,0.0,apCAF,1,567.6628674732254
545.2,41.579999999999984,0.0,CD4_Tcell,1,406.59103345050204
-219.39,130.55,0.0,other_tissue,0,254.94273119778543
166.84000000000003,-354.21000000000004,0.0,other_tissue,0,281.97813133599897
92.41999999999996,-152.83000000000004,0.0,CD4_Tcell,1,309.2541686069299
181.19000000000005,360.24,0.0,CD8_Tcell,1,533.8595489882347
-143.06,130.81,0.0,other_tissue,0,1019.4518582015291
-464.93,-406.65,0.0,other_tissue,0,375.0374355077611
30.07000000000005,-189.75,0.0,CD8_Tcell,1,501.15089253116423
299.95000000000005,-474.9000000000001,0.0,other_tissue,0,167.6321802627187
394.79999999999995,-207.34000000000003,0.0,other_tissue,0,533.4459304834538
477.4000000000001,-224.59000000000003,0.0,epithelial_tumor_class1,1,866.6039991755231
-384.18,521.6,0.0,apCAF,1,293.2291241420036
470.29999999999995,-486.5,0.0,epithelial_tumor_class1_class2,1,1639.5089410908383
-9.700000000000045,65.43,0.0,other_tissue,0,250.82360583648907
215.01,-447.03999999999996,0.0,other_tissue,0,569.8040288520554
-430.34000000000003,200.56,0.0,epithelial_tumor_class1,1,780.2880154958913
-132.70999999999998,-115.88,0.0,other_tissue,0,331.47222621087326
243.03999999999996,-239.42999999999995,0.0,CD4_Tcell,1,275.70354480534974
231.51999999999998,449.58,0.0,CAF,1,240.30896044620314
201.41999999999996,366.09000000000003,0.0,other_tissue,0,295.46529957583186
-86.75999999999999,168.20999999999998,0.0,CAF,1,682.377067670105
-422.3,-349.12,0.0,CAF,1,181.16138668281485
376.47,233.23000000000002,0.0,other_tissue,0,485.0187739172667
111.41999999999996,-485.0999999999999,0.0,CAF,1,512.0761639135791
150.40999999999997,-379.38,0.0,CAF,1,283.25896460941505
-193.89999999999998,290.79,0.0,apCAF,1,400.01798476322716
411.27,-189.19000000000005,0.0,epithelial_tumor_class1_class2,1,1310.1870545452923
396.40999999999997,-7.7000000000000455,0.0,CAF,1,455.7596294121036
329.89,266.35,0.0,other_tissue,0,219.772994910094
289.42999999999995,191.61,0.0,CAF,1,229.71122918213533
304.27,385.53999999999996,0.0,other_tissue,0,212.82918960104175
-342.56,-335.46000000000004,0.0,apCAF,1,395.2716891057018
-87.49000000000001,-502.0,0.0,CAF,1,404.80212381549416
104.32000000000005,-221.51,0.0,apCAF,1,811.821059765844
-478.29,515.19,0.0,CAF,1,613.1195684094534
-82.36000000000001,-199.44000000000005,0.0,CAF,1,724.5028372659442
273.48,-427.64,0.0,other_tissue,0,235.34335481403463
-454.3,-366.01,0.0,CAF,1,281.915750627517
-66.57,395.31,0.0,other_tissue,0,473.116525887086
-252.41000000000003,-495.0,0.0,other_tissue,0,288.7484230967876
140.99,-147.59000000000003,0.0,CAF,1,193.1933298370659
-545.902,295.61,0.0,other_tissue,0,167.257547784654
-308.07,118.24000000000001,0.0,other_tissue,0,334.07318047428987
-108.61000000000001,-508.79999999999995,0.0,apCAF,1,1050.714675591303
231.97000000000003,-47.789999999999964,0.0,mesenchymal_tumor_class1_class2,1,1846.7694237077174
170.49,325.19,0.0,other_tissue,0,402.8601760575359
-205.05,-402.80999999999995,0.0,other_tissue,0,1019.4518582015291
62.299999999999955,10.779999999999973,0.0,other_tissue,0,348.53811301920825
-215.58999999999997,-382.27,0.0,other_tissue,0,712.7276351982459
483.70000000000005,-95.08000000000004,0.0,CD4_Tcell,1,401.01648552941816
-130.07,-161.80999999999995,0.0,other_tissue,0,301.15429752400195
120.34000000000003,311.44,0.0,other_tissue,0,1019.4518582015291
-401.36,361.15,0.0,other_tissue,0,171.54365587863182
23.700000000000045,-376.4,0.0,other_tissue,0,254.31133247333682
-346.4,482.65,0.0,other_tissue,0,1019.4518582015291
-544.297,-162.76999999999998,0.0,apCAF,1,551.2138750498962
387.75,-46.10000000000002,0.0,CD8_Tcell,1,560.4000406755729
106.12,-246.47000000000003,0.0,CAF,1,621.5694207508172
543.0999999999999,-38.889999999999986,0.0,apCAF,1,184.00961310759365
-186.38,-416.21000000000004,0.0,other_tissue,0,515.5041260849073
75.25,-245.67999999999995,0.0,other_tissue,0,898.7301954758738
-99.35000000000002,202.55,0.0,CAF,1,1266.1957681158633
189.21000000000004,-445.36,0.0,other_tissue,0,668.7685302983951
-289.19,413.71000000000004,0.0,CAF,1,447.47605565798676
-116.35000000000002,-61.59000000000003,0.0,CD4_Tcell,1,209.52795407225446
-257.17,278.17,0.0,other_tissue,0,312.6056261711269
-498.55,537.57,0.0,CD4_Tcell,1,260.34693833724816
3.230000000000018,234.36,0.0,CAF,1,264.210814943628
286.28,431.84000000000003,0.0,other_tissue,0,316.91317523148643
115.25999999999999,-261.12,0.0,CD4_Tcell,1,896.6151135151649
-382.83000000000004,-89.25999999999999,0.0,apCAF,1,246.99649544959001
-82.94,-302.54999999999995,0.0,other_tissue,0,549.5088064828956
427.22,133.37,0.0,apCAF,1,773.0227195608351
-153.94,165.7,0.0,other_tissue,0,225.03631940109796
-471.94,-66.92999999999995,0.0,apCAF,1,431.4735153994829
-162.39,-138.78999999999996,0.0,CAF,1,1266.1957681158633
-344.16999999999996,-467.9,0.0,other_tissue,0,136.48764636101032
-295.32,-454.0,0.0,apCAF,1,1103.273085147901
27.91999999999996,-22.92999999999995,0.0,apCAF,1,836.4541799986722
-323.8,218.60000000000002,0.0,apCAF,1,193.09637768271728
428.87,-157.85000000000002,0.0,CAF,1,595.6796412168688
208.46000000000004,-289.92999999999995,0.0,CAF,1,1266.1957681158633
-309.33000000000004,-439.33000000000004,0.0,apCAF,1,796.0790284724826
225.32000000000005,19.67999999999995,0.0,CD8_Tcell,1,1333.4241050137366
-489.47,-220.88,0.0,other_tissue,0,167.58807684788505
-131.31,262.36,0.0,other_tissue,0,349.90508433915267
-145.39,-392.37,0.0,CAF,1,590.6780205734448
-494.65,5.5499999999999545,0.0,apCAF,1,118.85281871302858
-234.70999999999998,47.48000000000002,0.0,mesenchymal_tumor_class1,1,1247.0152466863926
414.78999999999996,50.47000000000003,0.0,apCAF,1,441.12647665100224
2.769999999999982,-335.52,0.0,CAF,1,1266.1957681158633
23.769999999999982,-132.01,0.0,other_tissue,0,137.25827743044047
157.96000000000004,-544.7,0.0,CAF,1,671.5646294674178
-173.01,-471.79999999999995,0.0,CAF,1,572.2505125572138
-206.64,137.56,0.0,other_tissue,0,137.94140968595923
62.64999999999998,-247.66999999999996,0.0,other_tissue,0,167.24286769972062
495.79999999999995,204.04000000000002,0.0,other_tissue,0,238.1843240136624
504.9000000000001,-109.41999999999996,0.0,other_tissue,0,298.78139378037014
-348.93,-335.0,0.0,other_tissue,0,436.6300181042412
-318.95,-438.78999999999996,0.0,CAF,1,271.0996974145426
-192.62,-490.9000000000001,0.0,other_tissue,0,397.398274165386
-426.02,-314.0,0.0,CAF,1,548.7953482969308
444.90999999999997,18.769999999999982,0.0,CD4_Tcell,1,403.17680358703024
39.32000000000005,-49.64999999999998,0.0,other_tissue,0,313.02903986007374
-535.78,-49.48000000000002,0.0,apCAF,1,217.55263930031538
151.67999999999995,-406.6,0.0,other_tissue,0,999.1757366995618
275.34000000000003,29.57000000000005,0.0,CD4_Tcell,1,501.8529839500077
-418.07,-327.12,0.0,CAF,1,384.63738589991686
224.52999999999997,175.79000000000002,0.0,apCAF,1,199.37520729970936
-124.11000000000001,-507.4000000000001,0.0,CAF,1,1091.670431573253
-345.77,429.95,0.0,mesenchymal_tumor_class1,1,376.8385189693939
-43.81,-154.85000000000002,0.0,other_tissue,0,264.09136013428525
-38.51999999999998,29.789999999999964,0.0,mesenchymal_tumor_class1,1,304.39237096159655
-23.590000000000032,-249.60000000000002,0.0,CAF,1,188.70337832299916
-187.02999999999997,185.31,0.0,CD4_Tcell,1,229.07696015514352
42.09000000000003,-419.80999999999995,0.0,other_tissue,0,552.4339381757028
-200.79000000000002,274.68,0.0,other_tissue,0,313.75418614155785
-540.473,532.52,0.0,CAF,1,817.2832344362822
-393.53999999999996,-538.5999999999999,0.0,other_tissue,0,385.34118576626724
195.22000000000003,-505.29999999999995,0.0,epithelial_tumor_class1,1,2066.570474924136
520.3,-184.65999999999997,0.0,CAF,1,756.4421970862387
-485.95,-125.03999999999996,0.0,other_tissue,0,276.9961435110632
397.33000000000004,-145.08000000000004,0.0,apCAF,1,274.06795316165807
246.02999999999997,-273.36,0.0,CAF,1,953.1390978879999
-223.55,411.5,0.0,CAF,1,167.52193623100413
214.70000000000005,192.2,0.0,other_tissue,0,186.19285742725347
-305.9,-304.48,0.0,other_tissue,0,350.7702734965166
399.69000000000005,-320.19000000000005,0.0,CD4_Tcell,1,305.8389336743303
283.91999999999996,319.14,0.0,other_tissue,0,332.53883533471105
77.13999999999999,-132.54999999999995,0.0,other_tissue,0,167.43377581495662
165.98000000000002,517.37,0.0,other_tissue,0,645.6665546829574
309.48,147.18,0.0,apCAF,1,253.94269039782935
-261.43,330.65,0.0,epithelial_tumor_class1,1,5741.424798650259
-542.712,429.65,0.0,other_tissue,0,1019.4518582015291
-7.460000000000036,-94.88,0.0,CAF,1,265.5172071166243
501.5999999999999,-180.34000000000003,0.0,other_tissue,0,1019.4518582015291
-8.379999999999995,-271.98,0.0,other_tissue,0,158.93617799990355
-327.56,127.54000000000002,0.0,other_tissue,0,257.15596656189246
183.35000000000002,-502.9000000000001,0.0,CD4_Tcell,1,965.0852394241413
461.0,-120.37,0.0,CD4_Tcell,1,314.51399841617786
177.30999999999995,-20.909999999999968,0.0,CD8_Tcell,1,649.086506644685
8.029999999999973,-544.8,0.0,apCAF,1,279.8519994923326
301.02,359.9,0.0,CD4_Tcell,1,237.8685693168176
-293.71,-504.20000000000005,0.0,CAF,1,212.62239202237652
-278.81,96.00999999999999,0.0,other_tissue,0,759.2359413564329
-135.07999999999998,-280.91999999999996,0.0,mesenchymal_tumor_class1,1,287.4194884402098
-8.659999999999968,-228.45000000000005,0.0,CAF,1,228.7421758367399
235.84000000000003,-0.7599999999999909,0.0,CD4_Tcell,1,337.4840906198885
87.39999999999998,-56.40999999999997,0.0,apCAF,1,590.014394823805
-493.67,-307.73,0.0,CAF,1,1131.8376084355377
365.61,200.04000000000002,0.0,other_tissue,0,430.21832385014636
-92.16000000000003,-375.49,0.0,other_tissue,0,229.6477496607972
244.83000000000004,281.91,0.0,other_tissue,0,287.3036642491679
513.8,-0.9700000000000273,0.0,CD4_Tcell,1,280.6286082814947
-511.43,326.25,0.0,CAF,1,306.7728538762385
-149.13,229.98000000000002,0.0,CD4_Tcell,1,305.44396308130456
1.25,-328.15,0.0,other_tissue,0,609.601240035926
-149.8,27.120000000000005,0.0,other_tissue,0,103.08260903252324
-82.58999999999997,-340.33000000000004,0.0,other_tissue,0,1019.4518582015291
293.65,-417.34000000000003,0.0,epithelial_tumor_class1,1,4352.803160227119
19.950000000000045,-386.20000000000005,0.0,other_tissue,0,389.8142302939509
472.79999999999995,-144.12,0.0,other_tissue,0,711.0311855468555
351.89,-35.110000000000014,0.0,CD4_Tcell,1,753.4550838423763
-463.9,-466.70000000000005,0.0,CAF,1,434.6568556433776
-123.25999999999999,-93.01999999999998,0.0,other_tissue,0,238.45386490551294
480.0,142.29000000000002,0.0,mesenchymal_tumor_class1,1,1194.5431215315277
-232.94,106.29000000000002,0.0,CAF,1,418.2461371282524
-386.46000000000004,471.45,0.0,CAF,1,278.20002551486385
-149.99,-93.05999999999995,0.0,CAF,1,251.79616250230092
-519.46,-317.91999999999996,0.0,CAF,1,232.11386288846776
-179.56,342.14,0.0,other_tissue,0,546.3192671801621
-422.51,-24.110000000000014,0.0,CAF,1,528.9102186359679
-493.58,533.19,0.0,apCAF,1,186.2322816791399
318.84000000000003,202.48000000000002,0.0,CAF,1,426.1249586944115
-379.75,-229.02999999999997,0.0,apCAF,1,421.78559711055414
-67.82,-455.79999999999995,0.0,CAF,1,547.5644664639284
484.5,170.42000000000002,0.0,CAF,1,1067.1939434779956
-278.14,-374.08000000000004,0.0,CAF,1,709.8568186244053
264.41999999999996,-464.1,0.0,other_tissue,0,176.3810385903298
480.29999999999995,-200.90999999999997,0.0,other_tissue,0,258.81199770442123
-411.69,206.68,0.0,other_tissue,0,205.85612624385854
150.94000000000005,-439.14,0.0,other_tissue,0,354.54802100503053
-232.26999999999998,-527.4000000000001,0.0,other_tissue,0,789.8024544851738
478.5999999999999,177.76,0.0,other_tissue,0,271.9412225036822
-251.31,-197.23000000000002,0.0,mesenchymal_tumor_class1,1,2529.5309066455125
-469.37,-40.58000000000004,0.0,apCAF,1,132.6148400119958
-521.1,-28.730000000000018,0.0,CD4_Tcell,1,176.04663822710677
-230.14,160.55,0.0,CD4_Tcell,1,885.1083260430978
-349.68,-300.46000000000004,0.0,other_tissue,0,253.01297131303434
522.8,-151.26999999999998,0.0,other_tissue,0,270.00730252223565
-306.86,329.3,0.0,apCAF,1,306.7728538762385
31.049999999999955,280.5,0.0,apCAF,1,614.5866117049243
-521.5,490.93,0.0,CAF,1,940.0848159157016
264.73,-121.83000000000004,0.0,mesenchymal_tumor_class1_class2,1,1327.1677713910788
-393.3,-132.10000000000002,0.0,mesenchymal_tumor_class1_class2,1,486.96181607815186
-394.25,36.17999999999995,0.0,CD4_Tcell,1,124.43836432382768
-484.55,539.02,0.0,CAF,1,695.2956543680529
-539.56,17.83000000000004,0.0,apCAF,1,191.7746139931459
-181.89999999999998,-94.78999999999996,0.0,CAF,1,972.4952209249711
-371.03,-480.0999999999999,0.0,CD4_Tcell,1,500.19039550854575
131.79999999999995,-513.0999999999999,0.0,other_tissue,0,391.14475601349665
518.5,-471.6,0.0,epithelial_tumor_class1_class2,1,2031.0761307210687
-77.85000000000002,121.08999999999997,0.0,other_tissue,0,338.82202314201294
101.77999999999997,-207.04999999999995,0.0,apCAF,1,1261.1319482720664
-110.61000000000001,-238.76999999999998,0.0,CD4_Tcell,1,275.89820245626663
33.110000000000014,-434.72,0.0,CD4_Tcell,1,238.37948849747497
-131.54000000000002,-97.25,0.0,CAF,1,217.5176554926047
-411.2,-544.4000000000001,0.0,other_tissue,0,370.5411425209562
168.05999999999995,201.26,0.0,CAF,1,209.98036903741726
-444.98,-412.21000000000004,0.0,other_tissue,0,212.8378090754761
311.44000000000005,-497.29999999999995,0.0,other_tissue,0,655.9078349832237
140.52999999999997,-432.77,0.0,other_tissue,0,299.63593004394113
-36.76999999999998,-92.5,0.0,other_tissue,0,512.1999871519769
123.01999999999998,-94.03999999999996,0.0,epithelial_tumor_class1,1,3793.6302249807204
400.57000000000005,-389.67999999999995,0.0,other_tissue,0,123.21293180706701
422.08000000000004,-374.91999999999996,0.0,other_tissue,0,250.7274495769126
-270.82,-520.5,0.0,CAF,1,284.14635583447466
-509.49,196.72000000000003,0.0,CAF,1,278.983900160399
-111.20999999999998,308.94,0.0,other_tissue,0,196.19863832432515
-262.31,-266.36,0.0,apCAF,1,576.8292971564114
-327.22,-275.45000000000005,0.0,CAF,1,174.97788492182275
-157.38,293.2,0.0,other_tissue,0,304.8411926401489
-394.8,172.99,0.0,mesenchymal_tumor_class1,1,242.06093640372396
168.74,-11.620000000000005,0.0,other_tissue,0,448.2828627046022
-404.98,402.12,0.0,epithelial_tumor_class1,1,1367.5473165023532
413.6,-165.52999999999997,0.0,apCAF,1,545.8992370085194
-157.24,-394.0,0.0,other_tissue,0,890.0436554496114
-416.88,-537.5999999999999,0.0,other_tissue,0,777.7369234517729
407.53,-51.40999999999997,0.0,CAF,1,478.98379430617615
128.12,202.19,0.0,other_tissue,0,480.18379645032246
349.58000000000004,-284.78999999999996,0.0,CD4_Tcell,1,459.8386338926859
544.0999999999999,-63.97000000000003,0.0,other_tissue,0,698.5648557886576
-191.45,-144.64,0.0,other_tissue,0,453.41517187148395
-461.93,-483.20000000000005,0.0,other_tissue,0,185.57069248560038
-427.57,-238.05999999999995,0.0,CAF,1,281.6247622987561
-328.65999999999997,69.55000000000001,0.0,other_tissue,0,561.5019490127197
-521.05,524.83,0.0,apCAF,1,319.65223140334876
-88.97000000000003,-216.40999999999997,0.0,other_tissue,0,481.8166356949484
-2.5,-271.15999999999997,0.0,other_tissue,0,204.67817367408873
213.91999999999996,-157.32000000000005,0.0,CAF,1,321.50970418671034
87.71000000000004,-239.61,0.0,apCAF,1,226.16538192454246
371.74,-9.220000000000027,0.0,other_tissue,0,398.1960698396508
434.67999999999995,195.01,0.0,apCAF,1,650.3017637214566
126.02999999999997,-283.96000000000004,0.0,CAF,1,347.9755752226489
-371.62,143.32999999999998,0.0,other_tissue,0,196.04355779977723
431.26,-217.03999999999996,0.0,epithelial_tumor_class1,1,2629.5119362107575
-32.82000000000005,-75.5,0.0,other_tissue,0,332.34157243941837
-260.23,12.419999999999959,0.0,other_tissue,0,167.55867886932128
142.48000000000002,-457.1,0.0,other_tissue,0,691.3936582988601
387.42999999999995,255.04000000000002,0.0,CAF,1,531.8253363612116
60.22000000000003,-484.0,0.0,CAF,1,697.7656188638704
411.45000000000005,3.4600000000000364,0.0,CAF,1,346.76876603402064
510.20000000000005,-177.79999999999995,0.0,other_tissue,0,545.4148543952475
437.95000000000005,-396.08000000000004,0.0,other_tissue,0,362.94695415945665
-81.22000000000003,-53.52999999999997,0.0,other_tissue,0,149.44042325429868
-83.00999999999999,-216.24,0.0,CAF,1,521.8101084169243
-359.82,-224.51,0.0,CAF,1,345.18386216269744
-363.57,-374.32000000000005,0.0,CAF,1,1266.1957681158633
-283.72,247.02999999999997,0.0,other_tissue,0,256.6087848120401
278.40999999999997,58.23000000000002,0.0,apCAF,1,290.18741881468435
109.69000000000005,-232.92999999999995,0.0,apCAF,1,155.86289946453994
239.57000000000005,-12.230000000000018,0.0,CD4_Tcell,1,537.7676125773673
166.29999999999995,-319.15,0.0,apCAF,1,1012.7214498242191
-301.77,-379.21000000000004,0.0,CD4_Tcell,1,275.9904406826958
332.25,-307.86,0.0,other_tissue,0,369.4818488734933
92.22000000000003,-475.4000000000001,0.0,apCAF,1,229.94711267819795
353.78999999999996,-295.15,0.0,CD8_Tcell,1,223.86644366506187
-490.68,-465.20000000000005,0.0,other_tissue,0,248.79035152324533
-212.2,-137.54999999999995,0.0,CAF,1,1266.1957681158633
-408.25,-295.41999999999996,0.0,other_tissue,0,177.2341497568421
-155.64999999999998,-321.24,0.0,apCAF,1,163.6141982409527
-167.95999999999998,-495.5,0.0,other_tissue,0,191.43708646396962
-378.06,-83.01999999999998,0.0,CD4_Tcell,1,297.2925602310586
-29.529999999999973,-382.71000000000004,0.0,CAF,1,1266.1957681158633
-111.20999999999998,-451.20000000000005,0.0,CAF,1,256.36475806357686
-462.37,-280.64,0.0,other_tissue,0,720.0841997179583
416.46000000000004,-21.799999999999955,0.0,other_tissue,0,1019.4518582015291
-182.35000000000002,260.07,0.0,CAF,1,280.1210614002619
228.47000000000003,-233.25,0.0,apCAF,1,504.83652303265524
-119.69,253.31,0.0,CAF,1,420.56284715111593
269.62,473.0,0.0,apCAF,1,201.92769187319263
279.09000000000003,-418.99,0.0,other_tissue,0,762.5409931158053
149.46000000000004,-115.98000000000002,0.0,apCAF,1,212.36408348334317
-449.32,-162.83000000000004,0.0,other_tissue,0,485.9597552835116
195.65999999999997,501.61,0.0,CD4_Tcell,1,420.46784355014796
-499.24,-515.0999999999999,0.0,other_tissue,0,218.44599425676122
468.4,-314.61,0.0,CD4_Tcell,1,1035.742000671076
-98.61000000000001,-457.79999999999995,0.0,apCAF,1,664.0826847550962
233.33000000000004,-298.20000000000005,0.0,other_tissue,0,370.2792466201912
524.8,-188.83000000000004,0.0,CAF,1,497.84768217086736
494.4000000000001,-16.049999999999955,0.0,other_tissue,0,173.82307688720124
73.98000000000002,407.26,0.0,epithelial_tumor_class1,1,6294.484169414495
52.07000000000005,19.600000000000023,0.0,apCAF,1,621.5694207508172
471.70000000000005,179.10000000000002,0.0,CAF,1,260.27793309079317
198.77999999999997,-30.409999999999968,0.0,apCAF,1,779.988502790215
-427.21,75.75,0.0,other_tissue,0,217.49142009816995
84.73000000000002,-205.25,0.0,apCAF,1,118.85281871302858
190.38,-495.4000000000001,0.0,other_tissue,0,687.675819650476
492.5999999999999,-459.70000000000005,0.0,other_tissue,0,1019.4518582015291
364.28999999999996,-408.33000000000004,0.0,CAF,1,225.0810517102529
-47.72000000000003,-390.96000000000004,0.0,CAF,1,1266.1957681158633
-126.31,291.13,0.0,other_tissue,0,226.59649235343053
432.21000000000004,-169.94000000000005,0.0,CD4_Tcell,1,815.994577571904
483.0,-335.95000000000005,0.0,CD4_Tcell,1,782.8604286834795
-58.839999999999975,-470.4,0.0,apCAF,1,118.85281871302858
-389.98,411.05,0.0,mesenchymal_tumor_class1,1,1842.11922462424
14.220000000000027,-112.97000000000003,0.0,CAF,1,798.9486532102976
-222.10000000000002,64.75999999999999,0.0,other_tissue,0,189.07751064865707
-198.95999999999998,-398.32000000000005,0.0,other_tissue,0,442.68362324806185
88.17999999999995,-195.77999999999997,0.0,CAF,1,372.71588936494305
-463.90999999999997,-50.41999999999996,0.0,CD4_Tcell,1,291.9183865732195
-471.77,141.42000000000002,0.0,other_tissue,0,618.3522001917007
-33.08000000000004,-231.85000000000002,0.0,CAF,1,200.30087938214203
143.14,432.73,0.0,epithelial_tumor_class1,1,12657.689656927883
-323.98,86.31,0.0,CAF,1,170.9024554653356
-322.46000000000004,79.70999999999998,0.0,other_tissue,0,563.0833189038623
283.9,355.22,0.0,other_tissue,0,433.38164739934257
422.03999999999996,-17.700000000000045,0.0,other_tissue,0,573.2344005632999
46.860000000000014,16.200000000000045,0.0,apCAF,1,493.1842232204338
-52.24000000000001,365.6,0.0,CAF,1,789.2241119822255
358.27,-52.72000000000003,0.0,apCAF,1,433.7833456470402
-1.740000000000009,-215.65999999999997,0.0,apCAF,1,1029.7880552126526
380.83000000000004,-48.450000000000045,0.0,CD8_Tcell,1,532.9371549047531
246.97000000000003,-498.0999999999999,0.0,other_tissue,0,460.1556248555755
-63.80000000000001,254.37,0.0,CAF,1,489.2252405649116
-149.06,300.69,0.0,CAF,1,307.73071554784394
-111.75999999999999,-170.64,0.0,apCAF,1,118.85281871302858
209.26,383.77,0.0,other_tissue,0,189.6436265196821
445.92999999999995,-130.76999999999998,0.0,CAF,1,719.249218257393
259.0,360.0,0.0,CAF,1,1048.4421679308261
-256.89,-354.39,0.0,other_tissue,0,231.15627357501012
58.35000000000002,-132.86,0.0,other_tissue,0,176.56361714244687
-121.60000000000002,313.86,0.0,CAF,1,261.0475380461559
-179.39999999999998,-167.89999999999998,0.0,apCAF,1,227.208169423281
541.5,-319.64,0.0,other_tissue,0,245.11656661140282
-353.9,2.9400000000000546,0.0,CAF,1,315.981210355166
63.200000000000045,1.080000000000041,0.0,other_tissue,0,763.4697391926769
-284.34,151.33999999999997,0.0,other_tissue,0,464.0143623171393
-9.42999999999995,-60.48000000000002,0.0,other_tissue,0,323.8302436528252
-305.78999999999996,182.63,0.0,other_tissue,0,233.66067338593646
-166.07,-67.49000000000001,0.0,CAF,1,298.56531351746065
-366.78999999999996,95.27999999999997,0.0,mesenchymal_tumor_class1,1,567.2319660974193
9.809999999999945,251.17000000000002,0.0,CAF,1,237.23789734521122
-298.81,-373.58000000000004,0.0,other_tissue,0,451.39172095451585
-177.49,-427.78,0.0,other_tissue,0,394.8160520554688
138.64,-222.97000000000003,0.0,CD8_Tcell,1,401.70062676001425
222.76999999999998,109.44,0.0,CD4_Tcell,1,904.9144078224488
-94.64999999999998,-525.0,0.0,CAF,1,760.9275771095024
246.49,176.24,0.0,other_tissue,0,207.23328354774785
-527.08,115.82999999999998,0.0,other_tissue,0,1019.4518582015291
218.84000000000003,-40.870000000000005,0.0,epithelial_tumor_class1_class2,1,8527.45502704229
-240.06,-89.21000000000004,0.0,CAF,1,1266.1957681158633
-357.62,-416.01,0.0,CAF,1,113.82838284470029
-508.51,163.8,0.0,other_tissue,0,218.5688021427179
-550.686,255.31,0.0,epithelial_tumor_class1,1,12657.689656927883
-8.129999999999995,128.43,0.0,other_tissue,0,481.71261762914736
-186.01999999999998,-160.99,0.0,apCAF,1,287.37736695155155
387.36,-397.52,0.0,other_tissue,0,249.63300463869334
462.5,-138.64,0.0,CAF,1,900.2623264462695
-175.18,273.18,0.0,apCAF,1,306.7728538762385
53.389999999999986,-537.2,0.0,CAF,1,511.7666931286016
-404.86,312.5,0.0,epithelial_tumor_class1,1,11821.228645986916
179.74,-520.5999999999999,0.0,other_tissue,0,341.0361543079812
-30.710000000000036,-126.11000000000001,0.0,CD4_Tcell,1,119.71647378071953
-400.90999999999997,-357.09000000000003,0.0,apCAF,1,484.7352244873879
376.22,-132.47000000000003,0.0,epithelial_tumor_class1,1,1858.957327345628
-429.11,1.080000000000041,0.0,CAF,1,273.660068489764
-258.78,302.75,0.0,epithelial_tumor_class1,1,3936.7259559454487
481.20000000000005,164.95,0.0,other_tissue,0,869.7507489592906
-436.37,382.14,0.0,other_tissue,0,175.7505914810874
-390.0,-357.75,0.0,apCAF,1,262.8491794483153
-155.57999999999998,-180.64999999999998,0.0,apCAF,1,504.83652303265524
-96.58999999999997,-102.29999999999995,0.0,other_tissue,0,168.79635670520392
193.32000000000005,181.64999999999998,0.0,other_tissue,0,170.5675813065231
-134.66000000000003,-316.12,0.0,other_tissue,0,289.7636896710385
266.04999999999995,-297.17999999999995,0.0,CD4_Tcell,1,593.3545733523939
-137.3,-63.690000000000055,0.0,other_tissue,0,186.56366512770518
20.029999999999973,126.12,0.0,other_tissue,0,382.2381417399528
187.75,-279.25,0.0,CD4_Tcell,1,327.10231019473997
-420.6,172.38,0.0,other_tissue,0,266.0969824565712
407.61,-67.89999999999998,0.0,other_tissue,0,289.6684074939778
409.45000000000005,-160.58000000000004,0.0,other_tissue,0,254.40840280632935
342.44000000000005,-284.1,0.0,CD4_Tcell,1,485.5413912323309
-410.99,24.950000000000045,0.0,CD4_Tcell,1,363.6979635620774
207.25,-317.78,0.0,other_tissue,0,586.8223508209974
-145.02999999999997,-197.38,0.0,other_tissue,0,223.85752894526104
-259.38,-377.76,0.0,other_tissue,0,337.76546738464367
-277.51,-302.5,0.0,CAF,1,341.21322804497146
-338.09000000000003,44.44,0.0,apCAF,1,594.7728276798988
53.66999999999996,205.07,0.0,other_tissue,0,322.4525028797756
430.07000000000005,35.32000000000005,0.0,CD4_Tcell,1,678.4489198783708
-28.190000000000055,-540.2,0.0,other_tissue,0,374.6854490212842
-178.93,-384.9,0.0,CAF,1,690.0333046190312
-129.31,210.39,0.0,CAF,1,235.39866103988913
-150.98000000000002,-77.40999999999997,0.0,CAF,1,1036.7076543085946
7.169999999999959,119.58999999999997,0.0,other_tissue,0,320.70467362082377
-496.24,-130.53999999999996,0.0,mesenchymal_tumor_class1,1,1674.2795457855718
416.83000000000004,167.32999999999998,0.0,other_tissue,0,735.3821571071854
235.46000000000004,-281.61,0.0,other_tissue,0,666.9395450196272
-256.59,196.89,0.0,other_tissue,0,256.3354852543869
535.8,-121.64999999999998,0.0,CD4_Tcell,1,275.22241667048735
-212.76999999999998,255.26,0.0,other_tissue,0,612.4915509182324
-315.06,372.53999999999996,0.0,other_tissue,0,344.8627055920388
182.08000000000004,121.42000000000002,0.0,other_tissue,0,256.73573989743085
-147.88,319.41999999999996,0.0,other_tissue,0,200.5824528149129
-415.64,157.01999999999998,0.0,other_tissue,0,323.6934332432898
224.38,-497.0999999999999,0.0,other_tissue,0,968.7736701224204
-526.85,-212.62,0.0,CD4_Tcell,1,568.658088013806
-316.28,-240.96000000000004,0.0,CAF,1,600.0727015904047
-340.07,231.69,0.0,other_tissue,0,487.72550144405056
-356.3,70.08999999999997,0.0,apCAF,1,737.5907473315832
337.6,3.4700000000000273,0.0,epithelial_tumor_class1,1,780.2880154958913
-241.79000000000002,328.8,0.0,epithelial_tumor_class1,1,7924.969022327043
-10.389999999999986,27.629999999999995,0.0,other_tissue,0,179.61747172583623
-337.76,-385.94000000000005,0.0,CD4_Tcell,1,521.3087596411178
-41.74000000000001,-68.65999999999997,0.0,CD4_Tcell,1,188.41714291031897
372.02,250.76,0.0,CD4_Tcell,1,363.5131931583911
-131.86,157.5,0.0,other_tissue,0,431.98456532943464
53.0,-486.4000000000001,0.0,CAF,1,932.1943831448303
434.02,-354.95000000000005,0.0,other_tissue,0,123.70453595838867
172.03999999999996,-319.74,0.0,CAF,1,151.91895069766503
-347.59000000000003,226.26,0.0,CAF,1,242.4649976660999
-313.31,-503.29999999999995,0.0,other_tissue,0,212.57071356711643
50.440000000000055,139.7,0.0,other_tissue,0,646.7690324668474
122.84000000000003,-537.9000000000001,0.0,other_tissue,0,216.57450975602944
463.79999999999995,152.75,0.0,mesenchymal_tumor_class1,1,451.32058261725797
-390.76,-427.75,0.0,CD8_Tcell,1,625.7525436075188
-158.95,-90.75,0.0,other_tissue,0,210.73298613267255
-172.33999999999997,-416.95000000000005,0.0,other_tissue,0,480.5249027758456
-292.44,-118.89999999999998,0.0,epithelial_tumor_class1_class2,1,2189.9329042098384
-509.35,221.11,0.0,other_tissue,0,289.2028841854629
144.71000000000004,38.079999999999984,0.0,other_tissue,0,481.20759997118876
84.49000000000001,-330.90999999999997,0.0,apCAF,1,118.85281871302858
-19.110000000000014,-309.14,0.0,other_tissue,0,289.9331317950809
-170.3,-441.84000000000003,0.0,CAF,1,242.90716008745667
-13.740000000000009,135.56,0.0,other_tissue,0,242.17365249290407
543.8,-31.25,0.0,apCAF,1,216.60067136378328
-211.44,187.43,0.0,apCAF,1,454.6149845828098
451.4,63.50999999999999,0.0,epithelial_tumor_class1,1,12657.689656927883
-5.75,-74.10000000000002,0.0,other_tissue,0,323.5224744249982
-244.75,348.46000000000004,0.0,epithelial_tumor_class1,1,2298.4293139933434
117.08000000000004,125.67000000000002,0.0,other_tissue,0,163.6503672651036
-346.99,-200.45000000000005,0.0,apCAF,1,613.555944145201
-0.14999999999997726,-348.15,0.0,other_tissue,0,344.1853626818661
39.90999999999997,-533.4000000000001,0.0,CAF,1,1266.1957681158633
-383.13,242.51999999999998,0.0,other_tissue,0,338.98657402282373
-459.07,71.45999999999998,0.0,other_tissue,0,180.16455310813507
-388.40999999999997,126.82999999999998,0.0,CAF,1,336.0561746744884
-441.35,-19.92999999999995,0.0,apCAF,1,920.3845129574493
13.519999999999982,-124.95000000000005,0.0,other_tissue,0,272.2255028237928
-249.85000000000002,78.23000000000002,0.0,other_tissue,0,397.17612769024294
325.74,-204.15999999999997,0.0,other_tissue,0,241.0386998424024
-59.06,171.06,0.0,mesenchymal_tumor_class1,1,454.11480572705835
9.840000000000032,-265.15999999999997,0.0,other_tissue,0,100.76649039905271
462.0,-96.97000000000003,0.0,apCAF,1,272.1137976537362
76.84000000000003,-480.0,0.0,other_tissue,0,303.2231313804265
-457.21,-145.17999999999995,0.0,CAF,1,351.81761177588123
50.450000000000045,-513.8,0.0,other_tissue,0,602.0876380944633
51.65999999999997,-139.82000000000005,0.0,other_tissue,0,236.55284556797722
-256.24,320.89,0.0,epithelial_tumor_class1,1,9447.329217939738
-457.6,111.88,0.0,CAF,1,285.73783698676544
325.54999999999995,205.51999999999998,0.0,CAF,1,203.54655487180776
335.78,199.19,0.0,CAF,1,168.75204932332184
-70.05000000000001,-214.64,0.0,CAF,1,260.15966675252974
-218.22000000000003,-360.16999999999996,0.0,other_tissue,0,215.93855975135608
-178.77999999999997,-358.4,0.0,other_tissue,0,258.03699451217756
254.91999999999996,-255.79999999999995,0.0,other_tissue,0,188.4966236917361
160.14999999999998,-118.39999999999998,0.0,CD8_Tcell,1,1142.9559322640562
467.6,42.10000000000002,0.0,CAF,1,1266.1957681158633
-443.61,-277.71000000000004,0.0,CAF,1,253.15809008423028
-381.81,378.56,0.0,CD4_Tcell,1,1073.1564248430268
-263.22,-73.70000000000005,0.0,other_tissue,0,1019.4518582015291
90.37,-175.59000000000003,0.0,other_tissue,0,197.45042665513577
180.98000000000002,-183.11,0.0,CD4_Tcell,1,519.9629762360182
-489.54,108.54000000000002,0.0,other_tissue,0,235.85988325503442
-2.9700000000000273,-320.46000000000004,0.0,other_tissue,0,610.6274752520112
434.17999999999995,55.160000000000025,0.0,epithelial_tumor_class1,1,1273.6474421541973
23.090000000000032,108.61000000000001,0.0,other_tissue,0,496.0121191026791
-70.89999999999998,-36.110000000000014,0.0,other_tissue,0,1019.4518582015291
213.54999999999995,-431.28999999999996,0.0,CAF,1,550.7588457330403
222.15999999999997,354.64,0.0,CAF,1,372.56563436096116
-542.335,-509.9000000000001,0.0,CAF,1,556.4647383228313
491.4000000000001,-156.52999999999997,0.0,other_tissue,0,372.91629220465205
267.92999999999995,-431.19000000000005,0.0,other_tissue,0,220.57529985633033
59.710000000000036,396.18,0.0,mesenchymal_tumor_class1,1,2529.5309066455125
-84.82999999999998,-7.440000000000055,0.0,other_tissue,0,1019.4518582015291
197.95000000000005,393.53,0.0,CAF,1,613.555944145201
335.22,-29.409999999999968,0.0,CD4_Tcell,1,525.5174860410172
-317.2,493.12,0.0,CD4_Tcell,1,403.9294587795246
-145.51,494.43,0.0,other_tissue,0,191.9676648735716
109.69000000000005,-478.9000000000001,0.0,other_tissue,0,394.49081148590807
239.28999999999996,27.450000000000045,0.0,CD8_Tcell,1,278.8084321015101
-183.95,-81.40999999999997,0.0,other_tissue,0,272.04272845837943
-10.830000000000041,-127.22000000000003,0.0,other_tissue,0,366.91060630124406
25.940000000000055,-307.13,0.0,CAF,1,723.5475090214532
-546.815,322.34000000000003,0.0,other_tissue,0,526.762426641333
442.34000000000003,-61.809999999999945,0.0,CAF,1,210.65593150761023
-373.48,12.789999999999964,0.0,other_tissue,0,269.13953428642645
-550.8626,5.889999999999986,0.0,other_tissue,0,252.2206355229074
377.40999999999997,202.51,0.0,mesenchymal_tumor_class1,1,397.86897539867226
99.79999999999995,-501.5,0.0,other_tissue,0,652.7914123164086
-328.27,434.37,0.0,mesenchymal_tumor_class1,1,690.6943645637555
-150.51999999999998,-512.7,0.0,other_tissue,0,800.1567826826966
-397.94,76.10000000000002,0.0,apCAF,1,589.1813134366026
188.24,-269.03999999999996,0.0,CD4_Tcell,1,269.24034190169203
-531.65,-180.86,0.0,other_tissue,0,384.2538565161342
-137.36,332.36,0.0,other_tissue,0,154.8217828157203
-189.08999999999997,378.16999999999996,0.0,CD4_Tcell,1,179.89472648201124
-501.78,-337.64,0.0,apCAF,1,509.0795567124268
-58.860000000000014,317.90999999999997,0.0,epithelial_tumor_class1,1,12657.689656927883
260.4,-489.70000000000005,0.0,CD4_Tcell,1,735.2639643575505
-540.696,422.43,0.0,other_tissue,0,572.0005511638955
-463.47,483.24,0.0,mesenchymal_tumor_class1,1,671.5090020879423
-153.23000000000002,-328.99,0.0,other_tissue,0,303.72542750958706
-326.53999999999996,-358.12,0.0,other_tissue,0,331.4143237608685
-324.97,-77.74000000000001,0.0,CD8_Tcell,1,609.8272608190966
334.80999999999995,-42.440000000000055,0.0,CD4_Tcell,1,580.9440925268088
459.6,-126.58000000000004,0.0,epithelial_tumor_class1,1,944.1513901270717
-330.86,-403.53,0.0,other_tissue,0,1019.4518582015291
-234.24,258.59,0.0,CAF,1,207.16555010774755
-326.82,-351.15,0.0,apCAF,1,1261.1319482720664
292.95000000000005,-458.6,0.0,other_tissue,0,208.26804857931256
-457.87,-253.24,0.0,CAF,1,154.59182881457681
-549.4504,543.116,0.0,CAF,1,678.8597313381794
-334.47,66.12,0.0,other_tissue,0,125.45362361792768
-71.29000000000002,-542.4000000000001,0.0,other_tissue,0,566.5860229805669
481.9000000000001,-327.73,0.0,epithelial_tumor_class1_class2,1,2708.978263669923
-160.98000000000002,-248.14,0.0,mesenchymal_tumor_class1,1,797.9081388417236
423.27,-305.96000000000004,0.0,CD4_Tcell,1,382.92626197942764
-367.48,-320.90999999999997,0.0,CAF,1,236.4048998722175
432.39,77.45999999999998,0.0,epithelial_tumor_class1,1,9031.610898122612
-169.61,190.97000000000003,0.0,other_tissue,0,309.1546600503838
208.01999999999998,39.27999999999997,0.0,epithelial_tumor_class1,1,1941.4880939482634
112.96000000000004,-189.15999999999997,0.0,CAF,1,276.60588761643294
-112.25,-108.64999999999998,0.0,apCAF,1,353.21730293793996
315.1,-517.0999999999999,0.0,other_tissue,0,317.88075677105724
-310.27,-422.49,0.0,CAF,1,467.13721820843216
466.9,-183.51999999999998,0.0,CAF,1,365.3760733450147
478.70000000000005,62.639999999999986,0.0,other_tissue,0,373.4426914102212
-74.99000000000001,-239.63,0.0,apCAF,1,125.53241472181654
-457.34000000000003,-499.9000000000001,0.0,other_tissue,0,131.5862715879278
-64.02999999999997,208.32,0.0,other_tissue,0,1001.4007125124098
-91.32999999999998,-250.73000000000002,0.0,other_tissue,0,159.7249946172879
519.4000000000001,-246.62,0.0,epithelial_tumor_class1,1,3716.870450729009
-503.05,-148.69000000000005,0.0,apCAF,1,241.47912707529042
125.16999999999996,-310.13,0.0,epithelial_tumor_class1_class2,1,1116.8306492406307
-491.79,-208.65999999999997,0.0,apCAF,1,204.40116944389786
-118.47000000000003,-188.5,0.0,CAF,1,385.43082183340056
-360.98,-271.27,0.0,apCAF,1,493.1842232204338
87.90999999999997,-503.4000000000001,0.0,other_tissue,0,225.0810517102529
206.08000000000004,-480.70000000000005,0.0,other_tissue,0,321.3168278680735
-90.27999999999997,176.57999999999998,0.0,CAF,1,239.86062294913407
-293.46,394.9,0.0,CD4_Tcell,1,193.5814629804791
-514.73,-275.83000000000004,0.0,apCAF,1,168.48636784604852
507.4000000000001,-122.25,0.0,CAF,1,223.7594826468975
392.44000000000005,-481.5,0.0,epithelial_tumor_class1_class2,1,9447.329217939738
-446.75,478.71,0.0,other_tissue,0,488.1301285102019
241.13,151.94,0.0,apCAF,1,390.45973908342575
525.9000000000001,-267.33000000000004,0.0,epithelial_tumor_class1,1,1651.2365249908514
285.19000000000005,411.71000000000004,0.0,other_tissue,0,154.48737958464213
-463.05,165.45999999999998,0.0,apCAF,1,539.7207618076314
-176.26,-234.45000000000005,0.0,mesenchymal_tumor_class1,1,1313.0263845088725
179.35000000000002,17.389999999999986,0.0,CD4_Tcell,1,486.7523165033009
-412.06,99.32999999999998,0.0,other_tissue,0,187.94866103857555
534.7,-267.13,0.0,mesenchymal_tumor_class1_class2,1,1846.7694237077174
-9.190000000000055,-142.08000000000004,0.0,CAF,1,1084.5591499980542
61.120000000000005,312.24,0.0,CAF,1,869.993121654364
44.32000000000005,91.25999999999999,0.0,other_tissue,0,308.2379759960772
-236.60000000000002,-25.789999999999964,0.0,other_tissue,0,362.6517586845233
-155.10000000000002,-532.4000000000001,0.0,CD4_Tcell,1,264.7089310505742
227.57000000000005,253.01,0.0,other_tissue,0,302.38357122798897
491.4000000000001,-202.10000000000002,0.0,other_tissue,0,421.74480064448386
-431.33,87.45999999999998,0.0,apCAF,1,640.7658351793209
29.480000000000018,-410.88,0.0,other_tissue,0,183.5562785716806
-285.79,443.94,0.0,CAF,1,204.40116944389786
-500.89,-463.0,0.0,other_tissue,0,212.77747764137453
484.20000000000005,62.35000000000002,0.0,CAF,1,421.78559711055414
241.63,418.21000000000004,0.0,other_tissue,0,191.38890059949685
-11.700000000000045,44.95999999999998,0.0,other_tissue,0,167.76453693186616
362.97,-181.63,0.0,CD4_Tcell,1,647.6736381474486
311.9,285.45,0.0,CAF,1,437.89764386331734
305.40999999999997,-435.79999999999995,0.0,CAF,1,132.6148400119958
-23.840000000000032,207.74,0.0,mesenchymal_tumor_class1,1,870.3237024345561
279.69000000000005,155.16000000000003,0.0,CAF,1,323.29462298471503
-349.02,-162.66999999999996,0.0,CAF,1,1266.1957681158633
146.88,55.0,0.0,CAF,1,319.5392028696831
-60.30000000000001,-123.75,0.0,other_tissue,0,178.05939367088234
-476.53,258.97,0.0,other_tissue,0,153.00927394972055
383.94000000000005,-201.99,0.0,CAF,1,851.1577750658425
386.61,-134.25,0.0,CAF,1,793.2370030978309
-517.12,-138.86,0.0,mesenchymal_tumor_class1_class2,1,957.2901768505476
500.5,-128.76,0.0,CAF,1,986.5658650774665
212.24,-416.15999999999997,0.0,other_tissue,0,412.0697015609753
276.27,144.25,0.0,CD4_Tcell,1,285.49664017593346
-10.269999999999982,-438.15999999999997,0.0,CAF,1,1266.1957681158633
-254.52999999999997,21.230000000000018,0.0,other_tissue,0,321.62319689182175
-89.66000000000003,-295.32000000000005,0.0,apCAF,1,493.7731088574267
253.61,213.33999999999997,0.0,CAF,1,163.6141982409527
-428.95,260.55,0.0,apCAF,1,937.7199793146722
-120.5,-533.5999999999999,0.0,other_tissue,0,387.5862597350555
-339.49,-216.10000000000002,0.0,other_tissue,0,264.16103772976015
366.48,-84.79999999999995,0.0,other_tissue,0,369.4818488734933
-550.0255,-420.35,0.0,CAF,1,791.1874922385803
378.85,-141.01999999999998,0.0,epithelial_tumor_class1_class2,1,704.294492585643
-519.59,479.05,0.0,other_tissue,0,740.0806920288658
324.0,145.58999999999997,0.0,CAF,1,920.3845129574493
32.309999999999945,-300.88,0.0,CD4_Tcell,1,147.00920594798797
526.4000000000001,-155.90999999999997,0.0,other_tissue,0,181.32400910280975
217.77999999999997,-283.24,0.0,other_tissue,0,654.7949932607498
168.89999999999998,22.220000000000027,0.0,CAF,1,431.1422391616877
-284.31,405.47,0.0,apCAF,1,579.2118231962618
-263.4,351.47,0.0,epithelial_tumor_class1,1,6304.793754681747
-172.5,-11.590000000000032,0.0,mesenchymal_tumor_class1,1,1262.4862592289412
-286.64,-546.5999999999999,0.0,apCAF,1,596.5017012699864
254.75,-506.9000000000001,0.0,epithelial_tumor_class1,1,2530.0489447066598
-537.38,-464.1,0.0,other_tissue,0,163.67207123798147
261.45000000000005,427.12,0.0,other_tissue,0,195.07412234739655
-308.51,258.15,0.0,CAF,1,439.7407546992693
200.58000000000004,178.64,0.0,other_tissue,0,196.17414649050576
20.07000000000005,229.3,0.0,CAF,1,201.75297076507286
-399.94,12.019999999999982,0.0,CAF,1,263.4747505021327
-490.53,410.78999999999996,0.0,other_tissue,0,722.0868989286078
226.94000000000005,-523.3,0.0,other_tissue,0,312.3717982859115
430.63,-29.019999999999982,0.0,CD4_Tcell,1,642.0606624199362
372.62,-370.76,0.0,apCAF,1,290.3676287160152
-220.49,-221.72000000000003,0.0,epithelial_tumor_class1,1,6108.889089544893
-226.07999999999998,80.36000000000001,0.0,other_tissue,0,195.45662583687835
402.41999999999996,-488.4000000000001,0.0,epithelial_tumor_class1_class2,1,2447.3261842432044
-501.61,323.66999999999996,0.0,apCAF,1,264.210814943628
357.32000000000005,-21.710000000000036,0.0,apCAF,1,547.4026454765906
-539.29,-411.88,0.0,CAF,1,223.40319198873934
-333.45,-158.46000000000004,0.0,mesenchymal_tumor_class1_class2,1,189.7721257809089
-141.83999999999997,-190.07000000000005,0.0,other_tissue,0,218.50739244792166
-30.67999999999995,159.56,0.0,other_tissue,0,673.9595140262855
69.96000000000004,-401.78999999999996,0.0,apCAF,1,223.6792842455014
-76.89999999999998,-353.45000000000005,0.0,other_tissue,0,363.45161693328305
46.889999999999986,-211.48000000000002,0.0,other_tissue,0,610.8711576469764
-499.02,-217.52999999999997,0.0,CAF,1,322.58896343380604
-141.73000000000002,155.12,0.0,other_tissue,0,429.199415126017
-47.35000000000002,19.649999999999977,0.0,other_tissue,0,171.92465911247263
101.20000000000005,-91.96000000000004,0.0,apCAF,1,333.63099233783635
503.5,-383.98,0.0,apCAF,1,195.59510120079892
-182.0,386.39,0.0,CAF,1,617.3348564077922
-545.554,-345.57000000000005,0.0,apCAF,1,662.0969285034132
-514.32,-441.17999999999995,0.0,CAF,1,168.93671457825272
174.22000000000003,-144.20000000000005,0.0,CD8_Tcell,1,264.89837920106413
366.95000000000005,-436.47,0.0,CD4_Tcell,1,330.2461376355651
-549.9269,152.68,0.0,other_tissue,0,956.8909634862212
-188.94,-312.0,0.0,other_tissue,0,187.79003003986946
415.15,-178.61,0.0,other_tissue,0,1019.4518582015291
-447.48,-87.41999999999996,0.0,apCAF,1,170.46348752385245
136.66999999999996,-91.14999999999998,0.0,epithelial_tumor_class1,1,2561.289517226732
-333.73,31.120000000000005,0.0,other_tissue,0,612.9799718855439
-386.75,-516.8,0.0,other_tissue,0,238.70499949751974
-265.31,-542.5999999999999,0.0,apCAF,1,234.23904870191774
348.76,-40.89999999999998,0.0,CD4_Tcell,1,272.03257672644645
-46.5,-488.70000000000005,0.0,other_tissue,0,1019.4518582015291
242.5,-32.16999999999996,0.0,epithelial_tumor_class1_class2,1,1664.887331482747
255.37,-460.5,0.0,other_tissue,0,829.3904143662037
132.82000000000005,71.87,0.0,other_tissue,0,290.4524591852194
23.980000000000018,-122.17999999999995,0.0,other_tissue,0,154.33427249987025
-358.68,-507.79999999999995,0.0,other_tissue,0,949.5839214924671
-375.36,265.24,0.0,epithelial_tumor_class1,1,3143.820366859443
280.77,-376.14,0.0,epithelial_tumor_class1_class2,1,2109.9452475175076
-550.7614,-206.21000000000004,0.0,apCAF,1,118.85281871302858
140.70000000000005,-266.22,0.0,CD8_Tcell,1,368.1388375351925
-385.19,23.279999999999973,0.0,other_tissue,0,253.32262509366626
-286.56,296.77,0.0,apCAF,1,212.62239202237652
-532.53,77.44999999999999,0.0,CAF,1,230.39210117502518
-64.54000000000002,-307.35,0.0,other_tissue,0,415.4396386157216
486.5999999999999,-3.0499999999999545,0.0,other_tissue,0,202.95308444107548
126.78999999999996,-461.79999999999995,0.0,other_tissue,0,161.2674617184213
310.25,-430.37,0.0,other_tissue,0,321.3735481873112
-310.69,298.74,0.0,mesenchymal_tumor_class1,1,1393.5992355700405
227.32000000000005,-281.92999999999995,0.0,CAF,1,346.4227727956571
-17.99000000000001,-517.8,0.0,CAF,1,1266.1957681158633
-32.610000000000014,-208.71000000000004,0.0,other_tissue,0,599.4708175492025
470.5,-72.75,0.0,CD4_Tcell,1,285.9896654105352
-72.82,-244.55999999999995,0.0,apCAF,1,315.981210355166
-459.26,464.07,0.0,other_tissue,0,152.2565329326859
-507.82,-52.860000000000014,0.0,CAF,1,676.3041935869136
228.73000000000002,375.52,0.0,CAF,1,191.03578463585242
-100.56,-521.3,0.0,CAF,1,353.3139699682551
76.25,-81.05999999999995,0.0,other_tissue,0,163.2166906447039
-422.67,-152.46000000000004,0.0,other_tissue,0,283.4258615965229
211.70000000000005,175.05,0.0,other_tissue,0,661.0137911129906
539.9000000000001,112.01999999999998,0.0,other_tissue,0,426.78253063530684
-522.69,-519.8,0.0,other_tissue,0,609.3405162282005
-455.1,392.85,0.0,other_tissue,0,627.0979302937538
399.76,-165.80999999999995,0.0,other_tissue,0,1019.4518582015291
-4.029999999999973,-138.91999999999996,0.0,other_tissue,0,234.79997159809847
275.03,-481.5999999999999,0.0,CD4_Tcell,1,649.5941909540481
57.049999999999955,-106.89999999999998,0.0,other_tissue,0,495.5880045287049
-472.65999999999997,509.35,0.0,CAF,1,326.71217417834555
287.96000000000004,-285.17999999999995,0.0,CD8_Tcell,1,430.1218716112285
211.24,52.31999999999999,0.0,CD4_Tcell,1,731.272568233362
96.21000000000004,-169.32000000000005,0.0,CAF,1,218.5688021427179
86.37,-464.20000000000005,0.0,other_tissue,0,413.7456698164439
-162.01999999999998,-322.72,0.0,apCAF,1,364.8943239611864
-261.01,-226.75,0.0,apCAF,1,231.28379969180156
185.26,321.95,0.0,other_tissue,0,367.5678038876773
53.799999999999955,-478.79999999999995,0.0,CAF,1,938.3687547589928
54.73000000000002,-93.61000000000001,0.0,CD4_Tcell,1,348.25078398861933
-272.85,320.32,0.0,epithelial_tumor_class1_class2,1,2472.795093949064
-509.46,502.32,0.0,CAF,1,246.7395775005562
62.41999999999996,-282.84000000000003,0.0,apCAF,1,1261.1319482720664
-374.8,200.08999999999997,0.0,other_tissue,0,156.101121908146
-23.83000000000004,161.13,0.0,other_tissue,0,500.1446881925057
69.25999999999999,-59.15999999999997,0.0,CD4_Tcell,1,202.4941475759955
-35.58000000000004,-433.40999999999997,0.0,other_tissue,0,306.530951255862
96.15999999999997,-284.0,0.0,CD4_Tcell,1,279.18009862465954
365.39,-274.75,0.0,CD4_Tcell,1,178.41166292009416
309.86,-331.17999999999995,0.0,CD4_Tcell,1,467.79260741132055
269.6,-338.94000000000005,0.0,CD4_Tcell,1,550.2228827524843
263.96000000000004,-452.5,0.0,other_tissue,0,259.2639794260087
421.95000000000005,252.43,0.0,other_tissue,0,316.1495022935652
-32.47000000000003,-261.23,0.0,CD4_Tcell,1,555.3040862431675
42.940000000000055,-38.870000000000005,0.0,other_tissue,0,271.47462031893923
-43.74000000000001,155.16000000000003,0.0,CAF,1,1266.1957681158633
-202.89999999999998,-197.61,0.0,epithelial_tumor_class1_class2,1,704.294492585643
147.55999999999995,-269.13,0.0,CD8_Tcell,1,228.50711723220098
260.91999999999996,-418.61,0.0,CD4_Tcell,1,690.4487787501467
50.83000000000004,335.57,0.0,other_tissue,0,490.45731829534134
-246.95999999999998,-414.6,0.0,other_tissue,0,858.9123576203726
236.99,370.85,0.0,CAF,1,368.25063064012295
260.30999999999995,-348.52,0.0,epithelial_tumor_class1_class2,1,864.0569737502142
-528.2,-200.73000000000002,0.0,apCAF,1,650.3017637214566
-19.620000000000005,-24.269999999999982,0.0,other_tissue,0,111.73997931230784
-173.07,-359.64,0.0,other_tissue,0,159.14201401177027
-526.05,415.07,0.0,mesenchymal_tumor_class1,1,444.2162749065575
37.960000000000036,267.05,0.0,other_tissue,0,182.06089797191765
-54.52999999999997,-399.41999999999996,0.0,other_tissue,0,432.12275616822416
133.26,389.66999999999996,0.0,other_tissue,0,1019.4518582015291
-123.14999999999998,-540.2,0.0,CAF,1,617.1770927966693
423.79999999999995,-38.049999999999955,0.0,other_tissue,0,180.46553473674274
155.98000000000002,-321.38,0.0,CAF,1,289.3615292368243
245.73000000000002,-508.9000000000001,0.0,apCAF,1,400.7272751592617
-18.289999999999964,-274.82000000000005,0.0,other_tissue,0,328.8156869981073
347.15999999999997,22.610000000000014,0.0,epithelial_tumor_class1,1,1360.0834424254103
-96.51999999999998,145.14999999999998,0.0,epithelial_tumor_class1,1,2330.965951901123
151.17999999999995,158.26,0.0,other_tissue,0,420.46784355014796
-255.62,262.86,0.0,CAF,1,654.8132264116606
381.45000000000005,262.96,0.0,other_tissue,0,181.14590390638148
-536.71,-282.04999999999995,0.0,apCAF,1,411.53434918021935
-213.07999999999998,131.12,0.0,other_tissue,0,267.65052226775794
402.03999999999996,-107.73000000000002,0.0,apCAF,1,539.3201417080393
218.51999999999998,-21.950000000000045,0.0,other_tissue,0,529.9704651935955
531.0,132.05,0.0,other_tissue,0,221.3972528885727
30.370000000000005,-249.87,0.0,other_tissue,0,109.89903776210836
-429.15,351.06,0.0,other_tissue,0,250.17022785533763
-519.22,-214.36,0.0,CD4_Tcell,1,512.1380730379766
-364.15,-102.58000000000004,0.0,CAF,1,622.4327522744364
33.14999999999998,-234.55999999999995,0.0,apCAF,1,159.95288489257595
-318.3,479.73,0.0,CAF,1,308.74579358050914
264.03999999999996,-308.05999999999995,0.0,other_tissue,0,464.88445246416694
337.76,324.28999999999996,0.0,other_tissue,0,439.05596726619444
-531.02,-249.67999999999995,0.0,apCAF,1,736.3084385587881
-16.75999999999999,-140.98000000000002,0.0,CAF,1,878.9482237770063
-277.39,415.16999999999996,0.0,CAF,1,168.8406718419442
-401.75,98.79000000000002,0.0,other_tissue,0,146.3635742373306
219.16999999999996,-142.15999999999997,0.0,CD4_Tcell,1,650.3380633482222
-167.31,-329.44000000000005,0.0,apCAF,1,118.85281871302858
-246.58999999999997,-379.11,0.0,other_tissue,0,363.2176906956694
-67.14999999999998,402.76,0.0,other_tissue,0,180.31886082217508
-547.355,353.03999999999996,0.0,other_tissue,0,257.5864403558173
-500.77,454.2,0.0,other_tissue,0,233.22980767428328
34.75999999999999,-524.3,0.0,CAF,1,354.74185797704035
-50.10000000000002,-300.48,0.0,CAF,1,353.8701476778643
381.02,-111.71000000000004,0.0,apCAF,1,789.2241119822255
-542.542,-207.28999999999996,0.0,apCAF,1,768.6724822868721
-437.26,58.360000000000014,0.0,CD8_Tcell,1,195.02532806449761
-414.9,273.93,0.0,mesenchymal_tumor_class1,1,554.8957904430044
-465.08,263.58,0.0,mesenchymal_tumor_class1,1,2323.6196734817554
377.33000000000004,-85.15999999999997,0.0,CAF,1,324.5948102971255
126.61000000000001,-134.76,0.0,CD4_Tcell,1,767.4151894640434
346.58000000000004,-273.82000000000005,0.0,CD4_Tcell,1,208.65909832563364
-201.45999999999998,404.11,0.0,other_tissue,0,424.6205713106128
274.71000000000004,-523.8,0.0,apCAF,1,859.5024000131813
-484.51,-146.39999999999998,0.0,mesenchymal_tumor_class1,1,334.2245450107509
-113.0,214.31,0.0,CAF,1,110.03585870625574
-320.5,-505.20000000000005,0.0,other_tissue,0,279.6658268283967
-388.53,-53.75999999999999,0.0,other_tissue,0,309.8295250523057
202.98000000000002,-437.63,0.0,other_tissue,0,972.4952209249711
-539.13,355.63,0.0,CAF,1,482.64931933761835
-206.04000000000002,316.90999999999997,0.0,other_tissue,0,451.9183769976599
227.51999999999998,-262.22,0.0,CD8_Tcell,1,221.66283395455375
-420.88,248.41000000000003,0.0,mesenchymal_tumor_class1,1,1334.5987702731288
194.35000000000002,36.14999999999998,0.0,apCAF,1,245.44818074333045
-536.58,-318.54999999999995,0.0,apCAF,1,142.05493689196044
-501.83,-240.14999999999998,0.0,CAF,1,245.44818074333045
-213.05,-399.78999999999996,0.0,other_tissue,0,388.24217546435193
132.52999999999997,-301.86,0.0,CD4_Tcell,1,839.8073295496722
390.36,-285.33000000000004,0.0,CD4_Tcell,1,549.703493247611
12.620000000000005,122.89999999999998,0.0,apCAF,1,175.24277354351057
-139.47000000000003,-511.5999999999999,0.0,other_tissue,0,194.1970697165436
-98.89999999999998,82.61000000000001,0.0,other_tissue,0,423.09247355721203
244.83000000000004,-153.76,0.0,apCAF,1,170.46348752385245
-189.0,-485.5999999999999,0.0,CAF,1,1033.6394490099167
-519.93,191.42000000000002,0.0,other_tissue,0,457.1644357371172
199.28999999999996,-24.649999999999977,0.0,CD8_Tcell,1,171.05142900600018
494.5999999999999,-329.01,0.0,epithelial_tumor_class1_class2,1,2382.3062976888864
-247.06,-265.89,0.0,other_tissue,0,179.18675301187778
211.23000000000002,67.24000000000001,0.0,apCAF,1,143.30938478818794
194.54999999999995,-442.82000000000005,0.0,other_tissue,0,251.22773059210147
-142.45999999999998,145.26999999999998,0.0,other_tissue,0,403.91624623657924
-49.79000000000002,-240.28999999999996,0.0,other_tissue,0,466.68608415417833
74.22000000000003,272.38,0.0,other_tissue,0,143.17699125894958
-406.71000000000004,551.531,0.0,other_tissue,0,804.875940157169
-355.13,383.97,0.0,other_tissue,0,165.2325244176042
-423.55,442.14,0.0,other_tissue,0,437.8697576222341
-473.48,-370.17999999999995,0.0,other_tissue,0,389.4788470634387
-148.99,-213.47000000000003,0.0,CAF,1,199.51552711643674
169.42999999999995,341.93,0.0,CAF,1,1052.3899378353387
-254.33999999999997,357.12,0.0,epithelial_tumor_class1,1,3494.264939484354
-130.0,234.19,0.0,CAF,1,137.84460266159394
494.0999999999999,-125.10000000000002,0.0,other_tissue,0,413.28935739262613
520.2,-289.51,0.0,mesenchymal_tumor_class1,1,441.9817530984669
-103.86000000000001,-295.36,0.0,other_tissue,0,160.17386020665896
248.45000000000005,-245.25,0.0,CD4_Tcell,1,190.05096974035936
436.11,-203.19000000000005,0.0,other_tissue,0,500.60188667253027
-147.98000000000002,41.620000000000005,0.0,other_tissue,0,894.5931471468052
-540.499,-270.89,0.0,apCAF,1,217.11561122839112
200.52999999999997,439.78,0.0,CAF,1,141.64061025415893
-451.24,159.63,0.0,other_tissue,0,308.1276546027091
-81.08999999999997,-440.62,0.0,other_tissue,0,470.1717041129416
535.5999999999999,-180.94000000000005,0.0,other_tissue,0,285.1298620433861
119.37,69.01999999999998,0.0,other_tissue,0,196.00276072211963
345.95000000000005,131.37,0.0,epithelial_tumor_class1_class2,1,1551.6961071592082
-420.76,222.85000000000002,0.0,other_tissue,0,392.2320836198537
-488.29,306.53999999999996,0.0,other_tissue,0,864.6713154271353
-46.25,-180.45000000000005,0.0,other_tissue,0,179.86390631849613
-468.32,54.29000000000002,0.0,other_tissue,0,570.7019252161288
304.80999999999995,-335.45000000000005,0.0,CD4_Tcell,1,372.4154197444902
420.17999999999995,56.870000000000005,0.0,epithelial_tumor_class1,1,813.4002592479558
-53.14999999999998,-475.29999999999995,0.0,other_tissue,0,534.0027744229111
-3.1399999999999864,-38.77999999999997,0.0,CD4_Tcell,1,232.68968390692226
-378.56,-392.0,0.0,CD4_Tcell,1,142.34478658038034
-197.11,20.16999999999996,0.0,other_tissue,0,630.3098371393768
124.35000000000002,339.97,0.0,other_tissue,0,1019.4518582015291
-440.46,-307.25,0.0,other_tissue,0,242.8036271238408
113.12,-248.83000000000004,0.0,apCAF,1,575.4731815832865
415.75,136.8,0.0,apCAF,1,676.2855636438375
-251.64999999999998,179.7,0.0,other_tissue,0,385.6613784037035
216.14999999999998,25.309999999999945,0.0,CD4_Tcell,1,522.484301857301
-126.43,-529.0,0.0,other_tissue,0,575.8747717706367
178.76999999999998,-8.659999999999968,0.0,CD4_Tcell,1,444.4556307389205
359.90999999999997,-257.61,0.0,CD4_Tcell,1,330.16527611865223
-159.97000000000003,-211.91999999999996,0.0,mesenchymal_tumor_class1,1,1398.3409743783498
214.64999999999998,-177.82000000000005,0.0,CD8_Tcell,1,624.3737543299669
37.950000000000045,-232.61,0.0,other_tissue,0,174.40361758899124
53.51999999999998,299.91999999999996,0.0,other_tissue,0,115.51198244260824
480.5999999999999,104.68,0.0,epithelial_tumor_class1,1,1639.5089410908383
206.22000000000003,-145.04999999999995,0.0,apCAF,1,455.7596294121036
-374.64,-264.79999999999995,0.0,CAF,1,238.97493298670213
-303.47,-545.4000000000001,0.0,apCAF,1,1261.1319482720664
-250.5,42.79000000000002,0.0,other_tissue,0,597.4102707819519
380.78999999999996,-226.65999999999997,0.0,CAF,1,942.7325698615919
274.28999999999996,119.07,0.0,other_tissue,0,452.01806068618924
-158.45,286.27,0.0,other_tissue,0,213.75279374283107
-17.309999999999945,-126.44000000000005,0.0,other_tissue,0,183.75158997733476
-102.42000000000002,5.6200000000000045,0.0,other_tissue,0,104.40122199939735
-292.2,108.83999999999997,0.0,apCAF,1,301.68693548496134
289.53999999999996,79.56,0.0,other_tissue,0,148.04210117896002
-430.58,147.55,0.0,other_tissue,0,367.1833101190971
-385.41999999999996,342.5,0.0,apCAF,1,682.4145513043848
44.67999999999995,398.77,0.0,mesenchymal_tumor_class1,1,1458.6941862540111
333.6,-354.32000000000005,0.0,CD4_Tcell,1,1073.1564248430268
-367.62,257.42,0.0,epithelial_tumor_class1,1,5883.451262594044
-397.90999999999997,-233.36,0.0,CAF,1,158.36219708420242
-196.88,262.24,0.0,CAF,1,254.0687646737474
348.42999999999995,-67.22000000000003,0.0,CD8_Tcell,1,647.3478829985677
467.1,-6.440000000000055,0.0,other_tissue,0,572.6172543101083
479.5999999999999,127.74000000000001,0.0,epithelial_tumor_class1_class2,1,1639.5089410908383
-343.65999999999997,-329.33000000000004,0.0,other_tissue,0,200.5078930075094
-7.139999999999986,153.85000000000002,0.0,CAF,1,540.506552605985
232.16999999999996,322.55,0.0,CAF,1,208.79523028170377
247.22000000000003,-18.440000000000055,0.0,mesenchymal_tumor_class1_class2,1,534.5759323279303
-513.95,260.67,0.0,CD4_Tcell,1,401.7401201689221
296.23,347.96000000000004,0.0,other_tissue,0,154.07005313568192
-494.42,-214.13,0.0,CAF,1,176.62450464710372
-258.19,-122.88,0.0,CAF,1,1031.4656895101216
118.88,-314.53999999999996,0.0,other_tissue,0,312.6724555643669
-240.13,363.40999999999997,0.0,CAF,1,154.0909015866869
-355.82,129.49,0.0,other_tissue,0,283.61369905391643
172.76999999999998,93.54000000000002,0.0,CAF,1,281.9573367441511
-497.0,71.07,0.0,other_tissue,0,141.41734049486024
-220.76999999999998,70.11000000000001,0.0,apCAF,1,548.7953482969308
247.16999999999996,-473.4,0.0,CD4_Tcell,1,1073.1564248430268
366.48,315.73,0.0,other_tissue,0,316.6996723667375
-380.49,-112.25999999999999,0.0,CAF,1,329.62269060352884
323.44000000000005,-411.85,0.0,epithelial_tumor_class1_class2,1,10871.668874768031
157.27999999999997,343.18,0.0,other_tissue,0,607.2920811231497
355.64,-223.07000000000005,0.0,other_tissue,0,205.99947030062302
-389.68,-99.99000000000001,0.0,CAF,1,347.76029561528094
371.69000000000005,-202.76999999999998,0.0,other_tissue,0,518.9005096476884
460.29999999999995,-198.76999999999998,0.0,other_tissue,0,1019.4518582015291
-156.88,74.04000000000002,0.0,mesenchymal_tumor_class1,1,142.61918967931675
-348.77,157.27999999999997,0.0,CD8_Tcell,1,275.171265792153
340.20000000000005,31.269999999999982,0.0,CAF,1,821.4542270879596
-227.54000000000002,206.95999999999998,0.0,other_tissue,0,537.2401126036356
314.16999999999996,-442.70000000000005,0.0,other_tissue,0,441.9677232678774
-209.79000000000002,-347.90999999999997,0.0,other_tissue,0,170.40402438140262
-200.94,-218.57000000000005,0.0,epithelial_tumor_class1_class2,1,4227.613958285353
381.47,236.82,0.0,other_tissue,0,361.5339298938061
-397.02,-182.62,0.0,other_tissue,0,438.27422400760895
373.80999999999995,44.02999999999997,0.0,apCAF,1,519.994247188613
231.51,-224.52999999999997,0.0,CD8_Tcell,1,828.0037714435236
65.17999999999995,-55.559999999999945,0.0,other_tissue,0,139.65914858139357
219.07000000000005,70.24000000000001,0.0,CD4_Tcell,1,699.5742873725618
-262.25,-468.6,0.0,other_tissue,0,297.3033310502193
436.88,35.73000000000002,0.0,CAF,1,260.6230812881771
-298.15,-531.7,0.0,other_tissue,0,410.27809667707294
190.94000000000005,-300.29999999999995,0.0,CAF,1,377.570668905573
319.9,-464.4,0.0,epithelial_tumor_class1,1,1116.8306492406307
524.0,60.920000000000016,0.0,apCAF,1,211.29004973907416
251.97000000000003,273.55,0.0,other_tissue,0,161.39644701828493
-492.39,155.43,0.0,other_tissue,0,431.1146404650539
158.39999999999998,-128.88,0.0,CD8_Tcell,1,533.3664129640349
-73.85000000000002,-71.70000000000005,0.0,other_tissue,0,485.3024339018045
73.38,-397.16999999999996,0.0,CD4_Tcell,1,293.5921327382336
145.04999999999995,-310.0,0.0,other_tissue,0,222.92279982163993
-434.64,-507.9000000000001,0.0,other_tissue,0,202.3524344663599
-222.18,-48.73000000000002,0.0,mesenchymal_tumor_class1_class2,1,434.31008448947915
462.0,-456.70000000000005,0.0,CD4_Tcell,1,215.3299150855733
180.54999999999995,-425.88,0.0,other_tissue,0,175.545830585889
-534.65,161.36,0.0,CAF,1,439.33538640774134
406.92999999999995,221.43,0.0,CAF,1,219.55292263321937
-403.87,-259.85,0.0,other_tissue,0,175.30335702609273
217.51,-473.9,0.0,other_tissue,0,1019.4518582015291
317.74,123.51999999999998,0.0,mesenchymal_tumor_class1_class2,1,659.5836608064843
250.70000000000005,357.73,0.0,CAF,1,415.58774383735033
408.85,-130.35000000000002,0.0,CD4_Tcell,1,415.2646505425707
402.80999999999995,-286.6,0.0,CD4_Tcell,1,555.6472094551194
-24.220000000000027,-313.04999999999995,0.0,other_tissue,0,131.36745092173393
341.9,-195.54999999999995,0.0,other_tissue,0,499.4746340956179
107.0,272.32,0.0,CAF,1,133.1059123170569
129.82000000000005,84.91000000000003,0.0,other_tissue,0,257.64517852228823
410.09000000000003,-116.87,0.0,other_tissue,0,272.2356593548824
463.1,-467.29999999999995,0.0,other_tissue,0,498.24269084165616
-388.83000000000004,506.07,0.0,other_tissue,0,229.76564951022718
70.54999999999995,-496.29999999999995,0.0,other_tissue,0,105.12126495706406
56.01999999999998,173.27999999999997,0.0,other_tissue,0,343.66310847612846
538.5,-25.33000000000004,0.0,apCAF,1,295.77647755048537
164.51,-395.12,0.0,other_tissue,0,397.09774282216654
-377.87,-490.0999999999999,0.0,other_tissue,0,200.0443804352604
-403.31,-522.2,0.0,other_tissue,0,221.0169567584102
-403.12,232.35000000000002,0.0,CAF,1,396.36664798350034
-516.43,-522.0,0.0,CAF,1,232.7811715538685
-284.67,-283.69000000000005,0.0,CAF,1,389.0921055155688
515.8,-414.16999999999996,0.0,epithelial_tumor_class1_class2,1,975.2985750226302
-253.89999999999998,231.91000000000003,0.0,CAF,1,492.80697880291416
335.26,-280.66999999999996,0.0,other_tissue,0,485.9597552835116
513.2,80.92000000000002,0.0,epithelial_tumor_class1_class2,1,3194.5811497507943
371.49,-304.71000000000004,0.0,other_tissue,0,176.56361714244687
2.0399999999999636,-264.12,0.0,other_tissue,0,105.39078349523098
221.25,-431.40999999999997,0.0,other_tissue,0,493.4257606536704
-351.02,374.14,0.0,CAF,1,377.67172946370704
-530.84,533.05,0.0,other_tissue,0,194.94402234233814
7.17999999999995,-105.34000000000003,0.0,other_tissue,0,223.45661145868064
-367.24,121.56,0.0,CD8_Tcell,1,214.6530594618916
165.94000000000005,-291.05999999999995,0.0,CD4_Tcell,1,367.6670716388746
386.83000000000004,-187.66999999999996,0.0,other_tissue,0,1019.4518582015291
-264.56,-210.64999999999998,0.0,mesenchymal_tumor_class1,1,383.6918080584433
443.58000000000004,-141.54999999999995,0.0,other_tissue,0,313.3635837636158
-291.98,301.52,0.0,apCAF,1,143.30938478818794
316.29999999999995,-474.9000000000001,0.0,other_tissue,0,496.936920627311
-436.2,14.019999999999982,0.0,other_tissue,0,164.67252969041903
-321.51,-56.32000000000005,0.0,other_tissue,0,308.6243082397757
-550.1777,-191.57000000000005,0.0,apCAF,1,1197.022047654512
-423.1,278.82,0.0,epithelial_tumor_class1,1,1603.6324460016772
159.59000000000003,-251.30999999999995,0.0,CD4_Tcell,1,348.4542923994026
10.889999999999986,-323.20000000000005,0.0,CAF,1,351.22747555169025
264.21000000000004,409.56,0.0,other_tissue,0,90.57504587425744
-60.660000000000025,-508.5,0.0,other_tissue,0,348.72975348119326
-509.58,-322.19000000000005,0.0,CD4_Tcell,1,190.23486422925384
377.16999999999996,267.59,0.0,CD4_Tcell,1,142.8463642257459
301.94000000000005,-18.860000000000014,0.0,epithelial_tumor_class1,1,780.2880154958913
-121.36000000000001,97.70999999999998,0.0,apCAF,1,1261.1319482720664
50.15999999999997,-56.25999999999999,0.0,apCAF,1,245.44818074333045
-300.34000000000003,371.47,0.0,CAF,1,246.24527465432982
415.28,26.75,0.0,CD4_Tcell,1,362.6763521917441
253.54999999999995,-493.4000000000001,0.0,other_tissue,0,649.1046336707392
320.51,386.12,0.0,CAF,1,461.26624040405926
183.89,-157.71000000000004,0.0,CD8_Tcell,1,157.1197956735186
-189.88,246.93,0.0,CAF,1,289.70016589845505
345.04999999999995,-6.740000000000009,0.0,apCAF,1,210.88715174895395
-537.54,98.44,0.0,CAF,1,422.96983937491734
454.4,-93.99000000000001,0.0,CD4_Tcell,1,362.8116363566287
94.09000000000003,-481.5999999999999,0.0,other_tissue,0,293.453299978975
-158.83999999999997,-47.139999999999986,0.0,CAF,1,390.45973908342575
144.76999999999998,150.49,0.0,other_tissue,0,699.7457968083701
521.0,-108.44000000000005,0.0,other_tissue,0,303.3104474174826
217.11,169.72000000000003,0.0,other_tissue,0,461.5261222590994
149.24,-281.9,0.0,apCAF,1,353.2052207990555
257.85,310.38,0.0,other_tissue,0,196.39464638475965
-173.06,-203.55999999999995,0.0,mesenchymal_tumor_class1,1,1307.8144364167474
-488.65,175.61,0.0,other_tissue,0,651.5185367018174
252.44000000000005,-152.41999999999996,0.0,apCAF,1,743.2902750913474
-418.27,132.76,0.0,apCAF,1,118.85281871302858
-70.48000000000002,-413.22,0.0,apCAF,1,571.4009408239398
-114.25999999999999,-259.09000000000003,0.0,other_tissue,0,414.5920774384175
353.52,326.49,0.0,other_tissue,0,777.7573728130201
-428.32,-453.9,0.0,CAF,1,245.06921756065057
476.5,204.91000000000003,0.0,other_tissue,0,732.234682739367
307.90999999999997,89.14999999999998,0.0,CD4_Tcell,1,295.56184868236437
-251.58999999999997,171.57999999999998,0.0,other_tissue,0,368.5364269484108
87.55999999999995,295.78999999999996,0.0,other_tissue,0,148.15039494858166
248.51,33.950000000000045,0.0,other_tissue,0,121.59750776138951
-76.64999999999998,-129.20000000000005,0.0,other_tissue,0,615.5659395182781
-419.09000000000003,264.88,0.0,mesenchymal_tumor_class1,1,1021.3535943502087
-71.57,155.67000000000002,0.0,CAF,1,343.3191844853052
-501.55,-313.37,0.0,other_tissue,0,216.3391500759495
-278.9,-436.04999999999995,0.0,CAF,1,1221.4198935895392
-75.67000000000002,301.53999999999996,0.0,CAF,1,1121.3656967182183
-257.15,-502.5,0.0,other_tissue,0,135.22242048819697
-184.97000000000003,280.05,0.0,apCAF,1,493.7731088574267
132.17999999999995,-259.28,0.0,CD8_Tcell,1,414.35012901390775
110.11000000000001,133.19,0.0,other_tissue,0,245.182865527824
459.20000000000005,-188.10000000000002,0.0,apCAF,1,272.9879438842862
-270.72,-389.65999999999997,0.0,other_tissue,0,547.7101326167751
-534.07,-546.0,0.0,mesenchymal_tumor_class1,1,338.04700050420337
423.85,-476.29999999999995,0.0,other_tissue,0,707.934425620993
-523.52,42.589999999999975,0.0,other_tissue,0,295.56184868236437
-248.35000000000002,34.870000000000005,0.0,apCAF,1,133.9080700901263
-437.05,-263.80999999999995,0.0,CAF,1,193.66238942921592
-474.12,534.9,0.0,other_tissue,0,362.31985514762073
-283.01,313.46000000000004,0.0,apCAF,1,620.7420776990535
230.48000000000002,-186.16999999999996,0.0,CD4_Tcell,1,433.38164739934257
-511.82,-316.41999999999996,0.0,CD4_Tcell,1,119.71647378071953
-534.69,-55.89999999999998,0.0,apCAF,1,271.5962911294828
-279.31,-396.0,0.0,CAF,1,1266.1957681158633
-5.269999999999982,384.44,0.0,epithelial_tumor_class1,1,12657.689656927883
454.0,-148.63,0.0,other_tissue,0,664.9480948992687
-392.4,-393.15,0.0,CAF,1,664.4140296534639
-283.44,414.2,0.0,other_tissue,0,288.9280368104528
328.08000000000004,-87.00999999999999,0.0,mesenchymal_tumor_class1,1,569.5215528135013
395.05999999999995,-120.28999999999996,0.0,apCAF,1,323.31740331303985
222.88,-243.36,0.0,other_tissue,0,221.5919915818971
-274.26,-526.2,0.0,apCAF,1,235.39866103988913
-111.01999999999998,267.02,0.0,other_tissue,0,729.938785770488
320.99,-37.48000000000002,0.0,mesenchymal_tumor_class1,1,567.0662928797917
462.4,-58.440000000000055,0.0,CD4_Tcell,1,154.22298545381784
-243.7,299.78,0.0,apCAF,1,520.8233843442069
258.71000000000004,-249.32000000000005,0.0,CD4_Tcell,1,335.77574813243484
466.79999999999995,146.83999999999997,0.0,other_tissue,0,396.73208313151065
-56.70999999999998,371.53,0.0,CAF,1,220.13423172012958
275.9,376.44,0.0,CAF,1,178.67233424797985
-242.31,-116.91999999999996,0.0,CAF,1,307.929142435432
-490.22,326.51,0.0,apCAF,1,424.11534702885007
291.79999999999995,12.389999999999986,0.0,CD8_Tcell,1,202.27743665341828
-385.66999999999996,-119.80999999999995,0.0,CAF,1,858.060550994307
412.64,119.70999999999998,0.0,CAF,1,522.2804147273403
381.65,-377.94000000000005,0.0,other_tissue,0,84.77811384646273
19.960000000000036,-545.0,0.0,apCAF,1,243.2273571324169
84.0,417.43,0.0,epithelial_tumor_class1,1,12657.689656927883
-433.45,185.13,0.0,other_tissue,0,348.10717870963794
380.04999999999995,-94.71000000000004,0.0,apCAF,1,423.5559721660159
387.71000000000004,-153.08000000000004,0.0,apCAF,1,821.2209558042963
-159.94,252.32,0.0,CAF,1,196.37013824128655
-143.44,224.45,0.0,other_tissue,0,391.0542361955085
-247.43,-85.23000000000002,0.0,other_tissue,0,299.39779444929644
-319.94,435.17,0.0,mesenchymal_tumor_class1,1,329.64576723028546
-451.84000000000003,549.5654,0.0,epithelial_tumor_class1,1,1219.4592892891515
-296.58000000000004,-249.04999999999995,0.0,other_tissue,0,171.50633294767212
295.22,-484.79999999999995,0.0,other_tissue,0,260.98828387633375
-503.62,-21.33000000000004,0.0,CAF,1,135.0059492051691
-218.89999999999998,-197.0,0.0,epithelial_tumor_class1,1,11954.10114790957
401.76,-120.42999999999995,0.0,CAF,1,203.97356376713
-415.74,-27.870000000000005,0.0,CAF,1,321.57779660530235
-497.94,-268.52,0.0,CAF,1,262.8491794483153
227.12,-469.0,0.0,other_tissue,0,434.12983640146354
191.46000000000004,-117.80999999999995,0.0,apCAF,1,366.57610892614844
67.66999999999996,-227.30999999999995,0.0,CAF,1,438.10682841168557
-5.659999999999968,-86.54999999999995,0.0,other_tissue,0,551.8480834407784
-260.68,54.0,0.0,other_tissue,0,396.19705797284035
-352.19,-184.88,0.0,CAF,1,1220.0389676607117
195.70000000000005,-308.61,0.0,other_tissue,0,196.05987821583037
438.55999999999995,-321.94000000000005,0.0,CD4_Tcell,1,475.940948353113
518.4000000000001,162.8,0.0,CAF,1,368.0146495126476
156.52999999999997,-58.60000000000002,0.0,other_tissue,0,509.06414064800583
516.0999999999999,-210.87,0.0,other_tissue,0,862.8510784802271
-513.33,56.889999999999986,0.0,other_tissue,0,334.8887600202602
-213.8,423.23,0.0,other_tissue,0,117.87353969665516
331.33000000000004,-219.5,0.0,CD8_Tcell,1,812.5998758093143
-3.6000000000000227,179.70999999999998,0.0,CAF,1,1077.4279925390742
24.49000000000001,-169.17999999999995,0.0,CAF,1,258.625463004205
-194.16000000000003,-480.70000000000005,0.0,CAF,1,515.6906963911206
135.20000000000005,-428.78,0.0,other_tissue,0,440.09041019218716
-358.26,-162.73000000000002,0.0,CAF,1,1266.1957681158633
-84.44999999999999,-110.25999999999999,0.0,other_tissue,0,168.78897160304342
-153.07,-107.42999999999995,0.0,other_tissue,0,632.8016934028525
-414.78,-10.009999999999991,0.0,other_tissue,0,122.12051560043143
20.960000000000036,146.39999999999998,0.0,CAF,1,408.7446723797285
-548.504,195.38,0.0,mesenchymal_tumor_class1,1,887.7188684695736
-131.45999999999998,403.45,0.0,other_tissue,0,98.26890648038628
537.8,-52.450000000000045,0.0,other_tissue,0,467.6032098294896
258.69000000000005,265.18,0.0,CAF,1,194.6027850714188
-362.65999999999997,303.61,0.0,epithelial_tumor_class1,1,815.8467856162748
-466.45,-384.28,0.0,CAF,1,254.7969311491633
191.37,-23.720000000000027,0.0,CD4_Tcell,1,180.9833880101468
-354.86,-264.47,0.0,other_tissue,0,567.5965607548773
-484.45,361.55,0.0,other_tissue,0,578.8422707893762
323.79999999999995,169.26,0.0,other_tissue,0,1019.4518582015291
-223.63,2.519999999999982,0.0,other_tissue,0,568.2432715481218
274.67999999999995,346.82,0.0,CAF,1,238.81667144682103
-307.26,-375.65999999999997,0.0,apCAF,1,274.06795316165807
-544.169,417.63,0.0,mesenchymal_tumor_class1,1,304.0970461765654
455.79999999999995,0.4700000000000273,0.0,CD4_Tcell,1,538.663553991844
-234.01,-271.57000000000005,0.0,other_tissue,0,94.06180871905588
20.389999999999986,-269.05999999999995,0.0,other_tissue,0,130.42617686934028
-177.14,-540.5999999999999,0.0,other_tissue,0,157.10571494621837
-54.610000000000014,-160.82000000000005,0.0,other_tissue,0,195.98644347598068
-487.19,504.99,0.0,CAF,1,187.74245815154853
-284.51,-79.88,0.0,other_tissue,0,137.90268143914358
-446.21,380.34000000000003,0.0,apCAF,1,1053.641293159576
-39.44,346.94,0.0,epithelial_tumor_class1,1,12657.689656927883
496.0999999999999,30.620000000000005,0.0,CD4_Tcell,1,193.08022214453095
22.67999999999995,-337.28,0.0,other_tissue,0,118.05383372141577
-322.76,-408.15999999999997,0.0,other_tissue,0,348.76569388655304
375.75,-541.8,0.0,other_tissue,0,323.8644522774302
267.45000000000005,-265.61,0.0,CD4_Tcell,1,446.6419597888262
307.72,66.95999999999998,0.0,CD4_Tcell,1,280.3177925878599
412.79999999999995,-449.07000000000005,0.0,other_tissue,0,175.43214328458853
78.27999999999997,-2.7799999999999727,0.0,epithelial_tumor_class1,1,948.7432028994936
253.42999999999995,-417.72,0.0,other_tissue,0,567.1491254556253
256.76,95.38,0.0,other_tissue,0,182.18520166878685
399.99,-187.12,0.0,other_tissue,0,1019.4518582015291
-6.419999999999959,-81.27999999999997,0.0,other_tissue,0,378.7719276836622
-345.63,386.65,0.0,CD4_Tcell,1,164.94873232516707
114.19000000000005,-498.20000000000005,0.0,other_tissue,0,165.49477509082328
393.36,-155.65999999999997,0.0,apCAF,1,614.5866117049243
-264.54,-243.44000000000005,0.0,CAF,1,643.2311008454828
-13.799999999999955,61.20999999999998,0.0,other_tissue,0,391.6752240485526
-113.63,185.79000000000002,0.0,CAF,1,892.5293924563523
404.28999999999996,-140.95000000000005,0.0,apCAF,1,118.85281871302858
324.44000000000005,-273.76,0.0,other_tissue,0,278.9735764725156
-372.6,493.53,0.0,CAF,1,1266.1957681158633
66.63,434.01,0.0,apCAF,1,150.85437493002718
-319.69,-102.38999999999999,0.0,epithelial_tumor_class1,1,1487.3048417411549
151.09000000000003,248.98000000000002,0.0,other_tissue,0,771.6386269000342
-366.48,379.63,0.0,other_tissue,0,86.50221884873177
55.309999999999945,24.059999999999945,0.0,apCAF,1,857.1220325718425
-9.759999999999991,399.89,0.0,epithelial_tumor_class1_class2,1,2051.2693716465774
284.07000000000005,-12.539999999999964,0.0,mesenchymal_tumor_class1,1,480.0355397165703
363.84000000000003,-76.41999999999996,0.0,other_tissue,0,168.23570263746433
-79.41000000000003,203.76999999999998,0.0,other_tissue,0,457.93974479897116
-264.24,-217.58000000000004,0.0,CAF,1,137.39987369160286
328.61,-264.72,0.0,other_tissue,0,755.4188753612374
-369.64,18.370000000000005,0.0,mesenchymal_tumor_class1,1,381.7035074111598
-550.3305,420.77,0.0,other_tissue,0,631.7151502322345
387.20000000000005,-431.52,0.0,other_tissue,0,276.29804990853205
401.73,-30.200000000000045,0.0,epithelial_tumor_class1,1,1634.9408813317043
277.75,-337.62,0.0,epithelial_tumor_class1_class2,1,1310.1870545452923
534.0,24.299999999999955,0.0,other_tissue,0,99.44758322424138
-80.72000000000003,327.96000000000004,0.0,other_tissue,0,297.4649245568935
-92.56,274.94,0.0,other_tissue,0,223.65255570405557
167.86,-372.26,0.0,other_tissue,0,289.7531017308066
359.52,-201.86,0.0,apCAF,1,333.63099233783635
-424.39,24.450000000000045,0.0,apCAF,1,1080.9641827808541
-474.88,303.51,0.0,apCAF,1,390.45973908342575
-201.7,324.34000000000003,0.0,CAF,1,314.7936492579137
-500.31,-29.720000000000027,0.0,other_tissue,0,252.01798666907547
32.289999999999964,-127.58000000000004,0.0,other_tissue,0,129.21111101197846
270.62,-509.20000000000005,0.0,other_tissue,0,1019.4518582015291
330.86,-243.89999999999998,0.0,other_tissue,0,357.901618055251
-293.15,182.64999999999998,0.0,other_tissue,0,90.7214258155895
283.86,416.89,0.0,other_tissue,0,187.29092585096046
-481.24,307.86,0.0,CAF,1,286.9668980836099
172.10000000000002,517.36,0.0,CAF,1,175.65198303758456
-178.38,294.82,0.0,other_tissue,0,328.9885053304155
431.98,0.30999999999994543,0.0,epithelial_tumor_class1_class2,1,4548.268975075412
490.79999999999995,120.93,0.0,epithelial_tumor_class1,1,2478.6804862945614
301.95000000000005,-284.14,0.0,CD4_Tcell,1,639.7779046987147
-178.93,-482.4000000000001,0.0,other_tissue,0,233.12904331164793
61.539999999999964,-467.6,0.0,CAF,1,664.0826847550962
-504.38,-260.89,0.0,apCAF,1,892.5293924563523
219.39,-540.7,0.0,other_tissue,0,255.78946842880526
99.95000000000005,-157.32000000000005,0.0,CAF,1,132.64628271478404
-445.61,255.32999999999998,0.0,CAF,1,819.9917102296716
-248.7,-242.73000000000002,0.0,other_tissue,0,315.29743841793663
64.79999999999995,-119.75,0.0,CAF,1,268.93799454993734
-474.57,327.36,0.0,CAF,1,261.2352354173198
284.96000000000004,-407.08000000000004,0.0,epithelial_tumor_class1,1,2263.694733345672
-16.49000000000001,-324.73,0.0,other_tissue,0,209.4853069909822
492.70000000000005,63.85000000000002,0.0,other_tissue,0,250.98712789374557
482.5,-25.850000000000023,0.0,CD4_Tcell,1,1073.1564248430268
371.61,90.37,0.0,epithelial_tumor_class1,1,780.2880154958913
334.07000000000005,-74.51999999999998,0.0,mesenchymal_tumor_class1,1,665.8880071642425
-207.87,-514.0999999999999,0.0,other_tissue,0,180.7050155241448
-533.26,-170.64999999999998,0.0,apCAF,1,773.0227195608351
160.64,-524.3,0.0,other_tissue,0,397.99979167133336
-387.53,-222.89,0.0,apCAF,1,256.36475806357686
-238.22000000000003,140.44,0.0,other_tissue,0,150.19069326537664
172.55999999999995,-253.53999999999996,0.0,apCAF,1,1261.1319482720664
-230.14,-428.9,0.0,CAF,1,930.87977684566
344.23,-204.47000000000003,0.0,other_tissue,0,386.5331996338022
-348.36,421.65,0.0,other_tissue,0,336.5589959530138
-443.33,207.88,0.0,epithelial_tumor_class1,1,1513.3211590939918
-289.1,402.01,0.0,other_tissue,0,320.74999169383005
281.15,-313.62,0.0,CAF,1,385.5845160006869
202.26,117.99000000000001,0.0,CAF,1,211.7879499483129
425.51,-453.4,0.0,CD8_Tcell,1,199.90381273621634
-217.27999999999997,298.51,0.0,CAF,1,279.6037876271869
227.14,223.79000000000002,0.0,other_tissue,0,194.71648654554906
-550.8529,-375.55999999999995,0.0,apCAF,1,1031.4656895101216
-209.92000000000002,-234.0,0.0,mesenchymal_tumor_class1,1,1406.42962894424
221.49,252.61,0.0,other_tissue,0,172.05178544286392
407.94000000000005,34.059999999999945,0.0,CD8_Tcell,1,138.2773582679047
416.38,-290.16999999999996,0.0,CD4_Tcell,1,269.0790617970175
359.63,-170.10000000000002,0.0,epithelial_tumor_class1_class2,1,961.5004004398111
-208.23000000000002,-97.21000000000004,0.0,other_tissue,0,111.8690481788372
-450.04,238.35000000000002,0.0,CAF,1,718.5312627058547
371.30999999999995,-170.41999999999996,0.0,epithelial_tumor_class1,1,1128.9775787412118
286.08000000000004,-31.279999999999973,0.0,epithelial_tumor_class1,1,780.2880154958913
447.13,179.98000000000002,0.0,other_tissue,0,317.2842240176629
184.40999999999997,508.33,0.0,apCAF,1,1261.1319482720664
-506.4,-342.26,0.0,apCAF,1,956.9379240026647
-304.99,-329.59000000000003,0.0,CAF,1,182.44953485998747
-225.79000000000002,-473.0,0.0,other_tissue,0,161.99928785447312
26.99000000000001,-332.14,0.0,CAF,1,150.34788465880996
302.78,-47.22000000000003,0.0,other_tissue,0,244.82310078745016
-383.65999999999997,-190.26,0.0,mesenchymal_tumor_class1,1,1446.1348111254008
-368.11,102.32,0.0,other_tissue,0,410.98609440870075
-167.17000000000002,-209.39,0.0,mesenchymal_tumor_class1,1,957.2901768505476
460.70000000000005,-150.84000000000003,0.0,CAF,1,214.32382374697625
-65.54000000000002,3.0,0.0,other_tissue,0,326.1046398543152
183.87,46.889999999999986,0.0,apCAF,1,1047.0951972860362
-411.28,183.92000000000002,0.0,other_tissue,0,253.72942895629348
260.52,-20.0,0.0,mesenchymal_tumor_class1_class2,1,984.2911463261366
-242.2,12.370000000000005,0.0,other_tissue,0,282.4254623922074
-30.649999999999977,-106.00999999999999,0.0,other_tissue,0,164.8105924342754
476.5,-429.67999999999995,0.0,CD4_Tcell,1,1032.9227593995533
400.82000000000005,-87.98000000000002,0.0,apCAF,1,244.98400463596363
-475.14,-200.77999999999997,0.0,apCAF,1,354.40268962333624
469.4,-164.58000000000004,0.0,other_tissue,0,185.49203639613094
521.0999999999999,-215.70000000000005,0.0,other_tissue,0,577.9358541131521
-475.59000000000003,-519.9000000000001,0.0,other_tissue,0,209.3659259505222
155.32000000000005,-277.65999999999997,0.0,apCAF,1,119.72587133898243
0.19000000000005457,173.91000000000003,0.0,CAF,1,301.5129438890274
-307.65,249.39999999999998,0.0,CAF,1,170.85033516820607
230.12,-527.9000000000001,0.0,other_tissue,0,227.67666449675332
-421.22,319.03,0.0,epithelial_tumor_class1,1,2957.946949500934
500.9000000000001,219.89,0.0,other_tissue,0,303.19039218732627
166.77999999999997,-486.70000000000005,0.0,other_tissue,0,210.75867518268137
231.26999999999998,-9.07000000000005,0.0,other_tissue,0,226.72233601118677
-485.36,515.28,0.0,CAF,1,268.40440089084893
-31.25,-516.9000000000001,0.0,other_tissue,0,213.64907920087379
196.27999999999997,-490.0999999999999,0.0,other_tissue,0,412.0697015609753
223.64,-148.26,0.0,CD4_Tcell,1,191.99985261074033
-113.41000000000003,-487.5999999999999,0.0,other_tissue,0,207.19094841790815
-524.91,327.01,0.0,mesenchymal_tumor_class1,1,372.91629220465205
-150.86,-186.23000000000002,0.0,epithelial_tumor_class1_class2,1,1373.7232888344233
73.82000000000005,-47.639999999999986,0.0,apCAF,1,305.20275964700613
254.15999999999997,-427.9,0.0,epithelial_tumor_class1_class2,1,2385.067724660988
219.30999999999995,-422.70000000000005,0.0,other_tissue,0,303.20130498983707
170.08000000000004,-1.7000000000000455,0.0,mesenchymal_tumor_class1_class2,1,1846.7694237077174
-24.470000000000027,-462.9,0.0,other_tissue,0,738.2620861106345
360.42999999999995,318.48,0.0,other_tissue,0,295.1972179397972
-24.610000000000014,-275.73,0.0,other_tissue,0,195.2368287355464
347.82000000000005,-425.36,0.0,epithelial_tumor_class1_class2,1,3563.085675505759
-513.5,-534.2,0.0,CAF,1,397.7120337129305
-145.35000000000002,-436.67999999999995,0.0,other_tissue,0,503.58047003892966
14.389999999999986,159.97000000000003,0.0,CAF,1,337.6951085368886
325.65,-257.37,0.0,CAF,1,601.4844072350551
349.87,331.3,0.0,other_tissue,0,219.27144456157197
402.88,-180.01999999999998,0.0,other_tissue,0,842.9536406318452
339.82000000000005,-63.450000000000045,0.0,other_tissue,0,313.865846408186
383.30999999999995,-169.76999999999998,0.0,CAF,1,520.8233843442069
-59.81999999999999,158.04000000000002,0.0,epithelial_tumor_class1,1,1142.9559322640562
320.36,220.47000000000003,0.0,other_tissue,0,191.7746139931459
55.91999999999996,-283.45000000000005,0.0,apCAF,1,756.4421970862387
337.21000000000004,-93.70000000000005,0.0,epithelial_tumor_class1,1,1138.8373981056513
338.42999999999995,-432.53,0.0,CD4_Tcell,1,701.1188815494439
325.03,-375.59000000000003,0.0,other_tissue,0,1019.4518582015291
-24.25999999999999,-478.70000000000005,0.0,apCAF,1,170.85033516820607
-195.74,170.33999999999997,0.0,other_tissue,0,289.6048976482287
371.73,-294.46000000000004,0.0,CD4_Tcell,1,143.08436432088044
-72.01999999999998,161.29000000000002,0.0,CAF,1,182.92442033739889
196.64,-272.65999999999997,0.0,other_tissue,0,149.6175337748836
283.28,-294.78999999999996,0.0,CAF,1,195.59510120079892
74.36000000000001,-159.94000000000005,0.0,CAF,1,168.48636784604852
-387.05,264.48,0.0,mesenchymal_tumor_class1,1,718.4536745195411
-216.08999999999997,220.72000000000003,0.0,CAF,1,173.34904841293525
396.4,-226.95000000000005,0.0,apCAF,1,1261.1319482720664
326.54999999999995,-167.85000000000002,0.0,epithelial_tumor_class1,1,897.5822387267593
-480.21,293.22,0.0,CAF,1,528.3569212178379
-324.12,303.90999999999997,0.0,other_tissue,0,108.4354303735362
-511.36,542.546,0.0,CAF,1,857.1220325718425
532.7,-456.5,0.0,epithelial_tumor_class1_class2,1,899.5411069120174
-137.33999999999997,-237.32000000000005,0.0,other_tissue,0,153.237656292101
447.69000000000005,199.07,0.0,other_tissue,0,228.98644571687993
146.07000000000005,-131.48000000000002,0.0,CAF,1,193.09637768271728
403.51,55.420000000000016,0.0,other_tissue,0,314.1339391290598
367.78999999999996,-340.96000000000004,0.0,other_tissue,0,194.76522930333772
-14.17999999999995,127.16000000000003,0.0,other_tissue,0,184.94206601379233
-531.87,-504.9000000000001,0.0,other_tissue,0,250.3718850997797
268.85,109.48000000000002,0.0,other_tissue,0,128.1264828876544
251.54999999999995,8.080000000000041,0.0,CD8_Tcell,1,270.29023369457343
504.5999999999999,107.76999999999998,0.0,epithelial_tumor_class1,1,3550.4090088993134
-546.288,-113.15999999999997,0.0,epithelial_tumor_class1_class2,1,1264.2099761759491
-546.077,91.29000000000002,0.0,CAF,1,355.0327458820881
-439.89,-352.25,0.0,apCAF,1,172.53843458208166
77.28999999999996,393.78999999999996,0.0,mesenchymal_tumor_class1,1,1291.85980333003
-511.89,520.78,0.0,apCAF,1,976.2500857604768
263.39,216.89999999999998,0.0,other_tissue,0,185.02841784083532
144.48000000000002,-107.21000000000004,0.0,other_tissue,0,682.2458857593804
-51.72000000000003,-460.9,0.0,other_tissue,0,256.3257281465308
-269.71,418.62,0.0,other_tissue,0,236.97853324062606
21.549999999999955,-524.2,0.0,CAF,1,198.61697079097593
-367.3,-446.9,0.0,apCAF,1,244.36916437511846
-520.8,172.14,0.0,other_tissue,0,276.51351230839896
-418.48,500.40999999999997,0.0,other_tissue,0,111.72876062662029
314.24,-530.2,0.0,epithelial_tumor_class1_class2,1,4444.131833513104
281.85,-503.0999999999999,0.0,CD4_Tcell,1,836.2395394608435
202.0,-293.39,0.0,CAF,1,407.573853437286
158.75,-225.88,0.0,other_tissue,0,254.68033114180264
324.78,-496.4000000000001,0.0,other_tissue,0,322.47524363246526
289.78999999999996,-212.67999999999995,0.0,CD4_Tcell,1,425.1945551833803
-476.57,-144.24,0.0,mesenchymal_tumor_class1,1,405.91460503833474
-479.72,-45.039999999999964,0.0,CD8_Tcell,1,571.584110614347
381.96000000000004,89.62,0.0,other_tissue,0,622.8029960840694
414.47,-481.0,0.0,other_tissue,0,232.86353093659076
-243.04000000000002,-421.52,0.0,other_tissue,0,311.84889178694175
-260.18,-510.0,0.0,other_tissue,0,186.57155999737225
332.79999999999995,-417.04999999999995,0.0,epithelial_tumor_class1_class2,1,3247.5819663528478
-320.11,-231.91999999999996,0.0,other_tissue,0,87.92402765442348
19.039999999999964,-422.53999999999996,0.0,CAF,1,710.2032185334023
-264.66,47.79000000000002,0.0,other_tissue,0,375.20093271074506
350.30999999999995,31.059999999999945,0.0,CAF,1,575.4731815832865
-420.25,350.3,0.0,other_tissue,0,112.76402635840596
-195.20999999999998,-380.28999999999996,0.0,other_tissue,0,356.6597929564455
-133.89999999999998,-230.63,0.0,apCAF,1,196.95071139662406
-469.21,320.3,0.0,apCAF,1,423.01071480229547
-32.42999999999995,-362.03,0.0,other_tissue,0,171.39439663713313
86.97000000000003,450.68,0.0,CAF,1,387.4191837685069
-386.91999999999996,-143.34000000000003,0.0,mesenchymal_tumor_class1_class2,1,665.8880071642425
225.53999999999996,4.42999999999995,0.0,apCAF,1,186.4373775008249
143.69000000000005,-287.53999999999996,0.0,CD4_Tcell,1,179.3251231335069
-280.43,-276.17999999999995,0.0,apCAF,1,793.2370030978309
183.94000000000005,-144.24,0.0,CD4_Tcell,1,155.14270507235636
337.63,61.610000000000014,0.0,CD4_Tcell,1,512.4012424843551
-501.25,529.83,0.0,CAF,1,273.7925865866347
328.9,124.57999999999998,0.0,CD8_Tcell,1,321.1467069542002
140.80999999999995,-279.65999999999997,0.0,apCAF,1,118.85281871302858
-189.31,328.21000000000004,0.0,other_tissue,0,358.2674085267973
-22.539999999999964,-536.0999999999999,0.0,other_tissue,0,150.24535609942788
-474.5,-364.80999999999995,0.0,CAF,1,151.67124932622073
522.0999999999999,-295.28999999999996,0.0,other_tissue,0,286.1996354219118
513.5,-281.78,0.0,mesenchymal_tumor_class1,1,234.20229811579892
-104.35000000000002,-248.33000000000004,0.0,other_tissue,0,351.10712072719537
185.87,-26.279999999999973,0.0,CAF,1,175.24277354351057
445.54999999999995,-228.67999999999995,0.0,epithelial_tumor_class1,1,5720.517250746398
352.32000000000005,-77.24000000000001,0.0,apCAF,1,712.5925916615794
139.48000000000002,82.64999999999998,0.0,CAF,1,180.8287013621019
-281.56,320.08000000000004,0.0,apCAF,1,118.85281871302858
453.79999999999995,-458.0,0.0,CD4_Tcell,1,209.59620144082282
22.909999999999968,-327.34000000000003,0.0,CAF,1,206.24415194937293
-451.73,-4.940000000000055,0.0,other_tissue,0,114.91084577616174
-458.21,-470.0,0.0,other_tissue,0,409.05105104030685
489.79999999999995,100.68,0.0,epithelial_tumor_class1,1,4315.650642325605
154.28999999999996,-291.69000000000005,0.0,other_tissue,0,453.2439425787799
-416.33000000000004,-182.45000000000005,0.0,other_tissue,0,174.78128340719618
74.16999999999996,5.519999999999982,0.0,CAF,1,532.3175221821405
-487.92,-535.8,0.0,CAF,1,274.1597830327687
208.71000000000004,364.84000000000003,0.0,apCAF,1,421.8807990958066
-11.840000000000032,-421.67999999999995,0.0,other_tissue,0,395.7928462528315
228.08000000000004,330.9,0.0,other_tissue,0,363.7102838146783
185.91999999999996,-128.85000000000002,0.0,apCAF,1,158.36219708420242
-314.69,-404.29999999999995,0.0,apCAF,1,663.6594599438032
176.01999999999998,-186.28999999999996,0.0,apCAF,1,276.60588761643294
230.37,-460.79999999999995,0.0,other_tissue,0,270.5227892472529
-289.29,4.5499999999999545,0.0,CD4_Tcell,1,268.95814399447147
-313.48,27.690000000000055,0.0,other_tissue,0,167.97792474404238
-306.69,-499.0,0.0,CAF,1,303.82376767602295
242.69000000000005,362.25,0.0,CAF,1,118.81775141381638
78.05999999999995,140.45,0.0,other_tissue,0,185.6021611462906
-389.86,-87.69000000000005,0.0,apCAF,1,662.0969285034132
335.91999999999996,41.48000000000002,0.0,apCAF,1,121.18846812649322
304.96000000000004,30.159999999999968,0.0,CD4_Tcell,1,462.26298423742645
-236.17000000000002,-257.90999999999997,0.0,other_tissue,0,276.55456546137293
83.96000000000004,-39.210000000000036,0.0,other_tissue,0,966.928282287379
455.6,-219.38,0.0,epithelial_tumor_class1,1,4506.909297822873
376.71000000000004,-453.29999999999995,0.0,other_tissue,0,773.5523685452058
432.49,-14.169999999999959,0.0,epithelial_tumor_class1_class2,1,1563.6530066950268
324.0,45.94999999999999,0.0,CD4_Tcell,1,376.1955145089219
-15.919999999999959,-415.96000000000004,0.0,other_tissue,0,275.7445177521125
379.74,-445.22,0.0,other_tissue,0,349.71301348611155
53.77999999999997,64.47000000000003,0.0,other_tissue,0,138.67214649989387
-392.56,-172.11,0.0,other_tissue,0,291.63118749126676
-533.84,-269.04999999999995,0.0,apCAF,1,399.0211428352154
-292.62,-543.9000000000001,0.0,apCAF,1,816.5647994505131
-191.72000000000003,-174.59000000000003,0.0,mesenchymal_tumor_class1_class2,1,383.6918080584433
189.92999999999995,29.159999999999968,0.0,apCAF,1,259.7755485832125
-90.04000000000002,196.43,0.0,other_tissue,0,362.31985514762073
-459.36,-184.84000000000003,0.0,mesenchymal_tumor_class1,1,543.2708756229478
338.64,86.56,0.0,CD4_Tcell,1,681.7025969475336
164.96000000000004,-383.82000000000005,0.0,other_tissue,0,119.06921953384816
-458.19,537.28,0.0,CAF,1,208.3105302992269
-483.19,-545.3,0.0,other_tissue,0,667.9367593922298
-383.06,-433.03999999999996,0.0,apCAF,1,118.85281871302858
390.74,-99.72000000000003,0.0,other_tissue,0,415.6954788319761
-451.99,100.04000000000002,0.0,other_tissue,0,81.80015661409102
-203.24,157.41000000000003,0.0,CAF,1,295.7013456315905
468.9,-248.76,0.0,epithelial_tumor_class1_class2,1,920.0185003304479
-46.25,-470.29999999999995,0.0,CAF,1,435.9623669546653
1.7899999999999636,-416.41999999999996,0.0,CAF,1,568.6912820493668
323.17999999999995,198.83999999999997,0.0,CAF,1,352.1913044429996
-483.72,-9.549999999999955,0.0,other_tissue,0,122.9556607518134
-18.700000000000045,-498.20000000000005,0.0,other_tissue,0,1019.4518582015291
-117.0,-229.78999999999996,0.0,apCAF,1,515.6906963911206
339.53,-174.94000000000005,0.0,mesenchymal_tumor_class1_class2,1,1502.447112972793
246.62,4.4500000000000455,0.0,CD8_Tcell,1,188.0676928945657
-224.16000000000003,-450.9,0.0,other_tissue,0,341.4021742457311
-16.379999999999995,-482.0,0.0,apCAF,1,123.81863052167282
219.95000000000005,-58.200000000000045,0.0,mesenchymal_tumor_class1_class2,1,360.589870845749
-193.70999999999998,277.9,0.0,other_tissue,0,292.0141614851174
192.23000000000002,-9.379999999999995,0.0,epithelial_tumor_class1_class2,1,4562.5549811547835
-354.53999999999996,-334.80999999999995,0.0,apCAF,1,193.1933298370659
-522.52,160.8,0.0,CAF,1,237.12671814026638
-40.339999999999975,-495.20000000000005,0.0,other_tissue,0,790.0297377476232
-430.65999999999997,-50.210000000000036,0.0,apCAF,1,380.08990834091094
-6.919999999999959,-412.05999999999995,0.0,other_tissue,0,1019.4518582015291
-241.66000000000003,372.62,0.0,CAF,1,134.35792175761156
487.0999999999999,-245.53999999999996,0.0,other_tissue,0,1019.4518582015291
-375.28999999999996,-512.5,0.0,CAF,1,275.79573964382405
-253.63,384.55,0.0,CAF,1,619.8099974850777
-69.94,179.55,0.0,CAF,1,600.4512348288416
-300.56,-337.12,0.0,other_tissue,0,285.75881704013545
151.42999999999995,-135.37,0.0,CD4_Tcell,1,533.939115512038
-534.15,405.61,0.0,mesenchymal_tumor_class1,1,253.54534473448476
-544.758,-144.03999999999996,0.0,CAF,1,158.4259043860384
-373.74,-286.80999999999995,0.0,CAF,1,165.1306129128179
1.8899999999999864,-381.44000000000005,0.0,other_tissue,0,148.75374308166144
428.20000000000005,-177.11,0.0,epithelial_tumor_class1_class2,1,704.294492585643
-452.67,288.38,0.0,epithelial_tumor_class1,1,852.3310164500997
-124.39999999999998,214.94,0.0,other_tissue,0,148.44847509788167
45.97000000000003,-251.60000000000002,0.0,other_tissue,0,143.50150033593914
359.76,-439.39,0.0,CAF,1,410.8791746747477
227.97000000000003,181.07999999999998,0.0,apCAF,1,700.0126449778837
-357.03999999999996,-527.5999999999999,0.0,CAF,1,237.30276792707633
-279.48,-424.22,0.0,other_tissue,0,167.19149416690885
-249.7,54.829999999999984,0.0,CAF,1,425.3996747109743
15.110000000000014,254.01,0.0,CAF,1,160.08829724895585
-329.15,91.5,0.0,other_tissue,0,336.7579240210388
215.27999999999997,-239.54999999999995,0.0,other_tissue,0,360.4061547111087
453.1,-206.82000000000005,0.0,other_tissue,0,320.7160027388678
158.48000000000002,276.44,0.0,other_tissue,0,226.53358799090122
329.0,53.43000000000001,0.0,apCAF,1,515.2865176080868
380.57000000000005,-149.85000000000002,0.0,CAF,1,140.5658256851374
145.10000000000002,-225.28999999999996,0.0,CD8_Tcell,1,400.93759617850895
415.40999999999997,-228.67999999999995,0.0,other_tissue,0,1019.4518582015291
181.37,-373.61,0.0,CD8_Tcell,1,793.3613295032451
185.0,18.730000000000018,0.0,apCAF,1,301.68693548496134
-71.82999999999998,239.79000000000002,0.0,other_tissue,0,254.10756515188754
213.76,362.08000000000004,0.0,other_tissue,0,154.3203586923117
-479.02,151.08999999999997,0.0,other_tissue,0,274.1087639057301
-218.06,-369.9,0.0,other_tissue,0,139.29497323365584
-314.55,-397.55999999999995,0.0,CD4_Tcell,1,808.1651916282107
320.67999999999995,-424.1,0.0,apCAF,1,255.13721776773005
-100.31,338.43,0.0,other_tissue,0,120.6917462260094
-518.71,-358.5,0.0,apCAF,1,654.8132264116606
233.61,-35.190000000000055,0.0,epithelial_tumor_class1_class2,1,712.6890495898233
85.0,6.789999999999964,0.0,CAF,1,574.0356832811251
204.67999999999995,-459.0,0.0,other_tissue,0,273.63968488629473
-510.92,153.57999999999998,0.0,other_tissue,0,246.2167773421657
-455.26,270.24,0.0,mesenchymal_tumor_class1,1,763.1869975586035
501.5,137.89999999999998,0.0,mesenchymal_tumor_class1_class2,1,731.7044336937527
-378.88,-212.27999999999997,0.0,mesenchymal_tumor_class1,1,313.944024355574
96.38,-384.95000000000005,0.0,other_tissue,0,233.91761139886214
341.25,-231.72000000000003,0.0,epithelial_tumor_class1_class2,1,1673.7341075330432
-408.01,-401.28,0.0,apCAF,1,228.60654544072838
-432.01,-341.29999999999995,0.0,apCAF,1,454.9867836794331
471.0,218.18,0.0,other_tissue,0,139.15857086655052
-299.22,309.95,0.0,apCAF,1,270.79595940588655
15.590000000000032,147.05,0.0,other_tissue,0,81.80015661409102
485.29999999999995,-32.440000000000055,0.0,CAF,1,276.8112397314018
374.42999999999995,-233.14999999999998,0.0,other_tissue,0,157.5567156322347
-184.61,-425.49,0.0,other_tissue,0,463.01510158631845
183.0,-249.29999999999995,0.0,other_tissue,0,344.07849494426824
-381.71000000000004,258.71,0.0,epithelial_tumor_class1,1,1438.387401275322
-511.56,414.44,0.0,other_tissue,0,286.504274448426
167.64,-131.14,0.0,apCAF,1,153.26535443292335
-360.13,-66.03999999999996,0.0,CD4_Tcell,1,280.4213723054647
6.889999999999986,-162.62,0.0,apCAF,1,1010.5040791900924
-235.81,-422.40999999999997,0.0,other_tissue,0,81.8402580052206
410.6,76.33999999999997,0.0,epithelial_tumor_class1,1,12657.689656927883
-359.28999999999996,224.22000000000003,0.0,other_tissue,0,142.79351118162896
-310.34000000000003,-89.17999999999995,0.0,apCAF,1,1150.187238593139
-292.42,47.339999999999975,0.0,other_tissue,0,531.7777215824085
-508.96,534.88,0.0,CAF,1,387.62482254760806
27.940000000000055,-283.03999999999996,0.0,other_tissue,0,108.39694625096611
249.94000000000005,-539.4000000000001,0.0,other_tissue,0,356.7449243001654
-173.64,283.96,0.0,apCAF,1,233.53227496560672
-445.35,-48.629999999999995,0.0,CD4_Tcell,1,119.71647378071953
-117.51999999999998,-320.85,0.0,CD8_Tcell,1,126.30640139662681
-151.18,-199.17999999999995,0.0,apCAF,1,241.47912707529042
377.07000000000005,32.73000000000002,0.0,apCAF,1,241.8543810874065
-356.36,-377.74,0.0,other_tissue,0,178.5496337823709
4.0,-423.28999999999996,0.0,CAF,1,323.8416462600255
-118.56,337.90999999999997,0.0,other_tissue,0,124.12523118646381
91.94000000000005,404.53,0.0,mesenchymal_tumor_class1,1,1310.6213802907946
-280.4,-247.74,0.0,other_tissue,0,117.40911310574502
-409.15,504.21,0.0,other_tissue,0,167.44846706916925
-95.86000000000001,-107.5,0.0,apCAF,1,217.34279270916858
-310.44,84.88,0.0,CAF,1,903.3092151219245
-83.25999999999999,8.779999999999973,0.0,other_tissue,0,195.03345987986845
367.03,-157.02999999999997,0.0,epithelial_tumor_class1,1,780.2880154958913
212.95000000000005,-464.6,0.0,other_tissue,0,513.9821526457989
-204.14,-42.940000000000055,0.0,CAF,1,446.5430680999674
-21.32000000000005,270.37,0.0,other_tissue,0,443.17537421020603
-188.20999999999998,-209.17999999999995,0.0,epithelial_tumor_class1_class2,1,1356.25801538084
454.70000000000005,-73.60000000000002,0.0,other_tissue,0,202.69432575855814
-389.3,325.53,0.0,CAF,1,639.0779878407385
57.379999999999995,-541.8,0.0,CAF,1,179.18675301187778
264.13,-318.28999999999996,0.0,CD4_Tcell,1,420.3864232805241
457.5,-170.12,0.0,other_tissue,0,227.65863355794045
-247.89,-281.16999999999996,0.0,other_tissue,0,126.68774434409326
-531.97,192.93,0.0,CAF,1,163.41175018620567
-421.89,-163.69000000000005,0.0,other_tissue,0,420.5357018050228
304.5,41.49000000000001,0.0,CD4_Tcell,1,419.80321891786093
398.40999999999997,-128.51,0.0,apCAF,1,148.9031373983564
-235.52999999999997,-198.33000000000004,0.0,other_tissue,0,312.5610785330353
200.66999999999996,-546.3,0.0,other_tissue,0,311.57098794184054
-39.81,-207.53999999999996,0.0,other_tissue,0,152.79493977178123
-80.36000000000001,-269.76,0.0,other_tissue,0,81.80015661409102
-389.47,98.79000000000002,0.0,other_tissue,0,195.2042802229039
370.65999999999997,-268.15,0.0,CD4_Tcell,1,646.4616585223689
283.90999999999997,126.27999999999997,0.0,CAF,1,213.65772079771253
263.55999999999995,-423.89,0.0,CD4_Tcell,1,188.0676928945657
-40.64999999999998,-477.70000000000005,0.0,CAF,1,518.8536694865696
-298.83000000000004,173.52999999999997,0.0,other_tissue,0,198.38658533061889
203.32000000000005,407.96000000000004,0.0,other_tissue,0,127.29864974966519
201.28999999999996,-417.48,0.0,other_tissue,0,229.65681744774454
-240.10000000000002,108.57999999999998,0.0,apCAF,1,290.71766088831833
281.83000000000004,-431.32000000000005,0.0,other_tissue,0,1019.4518582015291
-451.45,-441.59000000000003,0.0,other_tissue,0,264.65909129113084
236.12,-179.96000000000004,0.0,CD8_Tcell,1,477.1506295844756
-458.56,-373.70000000000005,0.0,other_tissue,0,118.31005043663973
149.92999999999995,-257.69000000000005,0.0,CAF,1,429.36453416054684
-435.88,-17.25,0.0,CAF,1,198.78987688839044
55.450000000000045,-244.28999999999996,0.0,other_tissue,0,84.279794740564
311.47,32.65999999999997,0.0,apCAF,1,178.03643571003448
320.08000000000004,342.15999999999997,0.0,other_tissue,0,114.49414404965432
-283.37,330.76,0.0,apCAF,1,136.80197131505966
447.65,-178.85000000000002,0.0,CAF,1,352.20336344882327
80.57000000000005,-317.38,0.0,CAF,1,333.7705885159466
297.44000000000005,387.47,0.0,other_tissue,0,242.70012358325704
262.03999999999996,-168.07000000000005,0.0,CD8_Tcell,1,851.3098011365228
205.48000000000002,-305.65999999999997,0.0,other_tissue,0,195.69288788440204
70.71000000000004,-146.09000000000003,0.0,CD4_Tcell,1,260.50471041169027
-126.62,-280.92999999999995,0.0,mesenchymal_tumor_class1,1,336.19644647677933
-383.62,-127.47000000000003,0.0,CAF,1,441.12647665100224
-225.60000000000002,-512.0,0.0,other_tissue,0,128.1141925775536
266.88,-492.0,0.0,epithelial_tumor_class1_class2,1,2270.9560002775397
-365.52,-66.44000000000005,0.0,other_tissue,0,161.6546239119632
142.30999999999995,-377.74,0.0,other_tissue,0,242.23941970108962
322.92999999999995,-519.8,0.0,other_tissue,0,309.91810471728365
-384.13,514.76,0.0,other_tissue,0,191.52544822008733
310.71000000000004,354.41999999999996,0.0,other_tissue,0,163.05786805710295
333.48,-233.99,0.0,CD8_Tcell,1,1175.83119705375
258.89,-2.090000000000032,0.0,CD8_Tcell,1,572.1505192632025
-187.52999999999997,-503.5999999999999,0.0,other_tissue,0,170.00300983133835
536.2,-279.97,0.0,other_tissue,0,118.5666376018344
412.66999999999996,245.69,0.0,other_tissue,0,201.60329005756105
-11.289999999999964,198.32,0.0,other_tissue,0,304.3376667675811
46.23000000000002,-377.41999999999996,0.0,apCAF,1,422.030431157031
38.210000000000036,-225.25,0.0,apCAF,1,159.32670766671507
-35.139999999999986,-529.9000000000001,0.0,other_tissue,0,123.88471732249141
198.80999999999995,-16.440000000000055,0.0,CD4_Tcell,1,214.51439283287846
-314.11,15.440000000000055,0.0,other_tissue,0,333.32866749125964
299.58000000000004,54.379999999999995,0.0,CAF,1,640.7658351793209
-406.63,71.82999999999998,0.0,other_tissue,0,169.06975694679087
438.64,10.590000000000032,0.0,other_tissue,0,397.5551333036445
245.24,-175.0,0.0,CD4_Tcell,1,800.7196029804021
402.24,-447.66999999999996,0.0,other_tissue,0,262.32367293942144
388.71000000000004,-243.21000000000004,0.0,CD4_Tcell,1,581.2471732881502
41.65999999999997,276.98,0.0,CAF,1,364.8943239611864
401.53,85.10000000000002,0.0,epithelial_tumor_class1,1,4648.6976069201955
297.6,302.1,0.0,CD4_Tcell,1,128.21253706780482
208.07000000000005,-14.980000000000018,0.0,CD4_Tcell,1,475.0423909350722
-459.99,52.44999999999999,0.0,other_tissue,0,313.92168647466633
-230.07999999999998,-500.0999999999999,0.0,other_tissue,0,101.63816500273576
-433.37,-91.46000000000004,0.0,apCAF,1,162.51720179740613
220.74,-443.28999999999996,0.0,other_tissue,0,320.6706878674776
115.75999999999999,488.08,0.0,other_tissue,0,100.64087904024959
-189.20999999999998,-241.41999999999996,0.0,mesenchymal_tumor_class1,1,195.44848226322355
418.21000000000004,126.63,0.0,CAF,1,219.1835320277133
-507.48,-40.35000000000002,0.0,other_tissue,0,248.47484615772387
144.19000000000005,-248.30999999999995,0.0,other_tissue,0,882.3249452285943
-128.14999999999998,-535.8,0.0,other_tissue,0,344.636825975907
-501.27,-416.65999999999997,0.0,other_tissue,0,216.5657896882633
-278.41,-387.90999999999997,0.0,other_tissue,0,208.54853469060455
-511.40999999999997,-469.1,0.0,CAF,1,163.17336517034508
439.47,29.0,0.0,other_tissue,0,318.0835227602662
-328.25,-527.0,0.0,CD4_Tcell,1,452.83031644123406
293.90999999999997,-107.65999999999997,0.0,epithelial_tumor_class1,1,12657.689656927883
163.73000000000002,-309.34000000000003,0.0,CAF,1,394.67292419002894
-73.05000000000001,347.28999999999996,0.0,CAF,1,345.85060018346616
234.85000000000002,-160.71000000000004,0.0,CD8_Tcell,1,359.6596852941833
-372.98,-121.70000000000005,0.0,epithelial_tumor_class1_class2,1,2068.218582850979
-430.19,-503.5999999999999,0.0,other_tissue,0,155.49902824714465
224.94000000000005,67.35000000000002,0.0,CD4_Tcell,1,235.24198256683962
-38.329999999999984,208.13,0.0,other_tissue,0,686.0193749582546
168.14999999999998,-272.42999999999995,0.0,apCAF,1,262.0067253605734
-503.71,-494.79999999999995,0.0,other_tissue,0,254.0687646737474
-314.83000000000004,286.56,0.0,mesenchymal_tumor_class1,1,326.11609578910844
154.25,-533.9000000000001,0.0,other_tissue,0,130.50081510697981
212.54999999999995,-325.0,0.0,apCAF,1,314.7936492579137
208.0,-244.14999999999998,0.0,CD4_Tcell,1,363.14384011097394
-175.55,-514.7,0.0,other_tissue,0,218.88480518125974
-288.81,35.47000000000003,0.0,other_tissue,0,145.23827231112782
-15.039999999999964,-304.28,0.0,other_tissue,0,140.87983194347368
439.71000000000004,-230.76999999999998,0.0,other_tissue,0,368.63586901034864
299.36,-448.15999999999997,0.0,other_tissue,0,81.80015661409102
348.09000000000003,72.02999999999997,0.0,apCAF,1,618.2469059389119
-431.96,322.87,0.0,apCAF,1,163.41175018620567
166.87,425.39,0.0,other_tissue,0,1019.4518582015291
-504.23,220.93,0.0,apCAF,1,118.85281871302858
-77.79000000000002,-213.21000000000004,0.0,other_tissue,0,229.4030096284737
184.53999999999996,-16.610000000000014,0.0,CD4_Tcell,1,160.6950251363287
328.66999999999996,25.779999999999973,0.0,epithelial_tumor_class1_class2,1,4442.171321689164
543.2,58.25999999999999,0.0,apCAF,1,619.8099974850777
401.48,30.720000000000027,0.0,apCAF,1,1261.1319482720664
348.23,296.21000000000004,0.0,other_tissue,0,190.57097757803692
-93.47000000000003,-361.89,0.0,other_tissue,0,173.79295418093656
231.28999999999996,-516.5999999999999,0.0,other_tissue,0,147.81891197361605
406.28,94.05000000000001,0.0,other_tissue,0,772.9412565665075
-309.40999999999997,57.410000000000025,0.0,epithelial_tumor_class1,1,3195.892532613919
-338.90999999999997,-210.23000000000002,0.0,mesenchymal_tumor_class1,1,163.60696507569114
363.16999999999996,283.57,0.0,other_tissue,0,351.46826770644327
237.14999999999998,-325.83000000000004,0.0,CD8_Tcell,1,126.52922972383668
-433.76,375.23,0.0,other_tissue,0,243.60441964180242
-456.15999999999997,380.95,0.0,epithelial_tumor_class1_class2,1,2285.9866150806797
-521.95,-312.91999999999996,0.0,other_tissue,0,85.64432072038818
-230.12,-238.60000000000002,0.0,mesenchymal_tumor_class1_class2,1,776.7557755905601
24.82000000000005,-219.92999999999995,0.0,CAF,1,261.6900331818482
-53.93000000000001,-53.09000000000003,0.0,CD4_Tcell,1,321.60049621446626
85.87,312.62,0.0,apCAF,1,118.85281871302858
-52.24000000000001,-206.14999999999998,0.0,other_tissue,0,120.55007540464517
-305.35,2.1399999999999864,0.0,other_tissue,0,343.04658039753974
483.5,-142.42999999999995,0.0,other_tissue,0,280.3488638245096
-162.95999999999998,-32.610000000000014,0.0,other_tissue,0,348.0234271976765
359.75,79.38,0.0,epithelial_tumor_class1,1,1333.8954450192762
410.07000000000005,-251.49,0.0,epithelial_tumor_class1,1,3563.085675505759
-47.579999999999984,-213.87,0.0,other_tissue,0,330.30390394446374
-296.15999999999997,302.89,0.0,apCAF,1,290.6221696866001
-510.0,270.5,0.0,CD4_Tcell,1,279.8416543996286
371.20000000000005,-187.76,0.0,CD4_Tcell,1,418.09740095001297
137.03999999999996,-336.21000000000004,0.0,CAF,1,149.58346319757342
43.610000000000014,-454.4,0.0,other_tissue,0,247.3964999787911
302.66999999999996,-458.1,0.0,other_tissue,0,166.488004013522
417.32000000000005,-313.92999999999995,0.0,other_tissue,0,182.94779659623495
-550.2253,-383.63,0.0,CAF,1,186.53998185501175
-203.56,-138.25,0.0,CAF,1,254.61233090117338
178.74,-176.54999999999995,0.0,other_tissue,0,162.3084650130153
51.059999999999945,-411.95000000000005,0.0,CAF,1,169.75825537570225
-296.98,118.24000000000001,0.0,other_tissue,0,216.05171988759312
300.76,-267.4,0.0,CAF,1,482.128779734286
-370.48,167.57999999999998,0.0,other_tissue,0,203.44616887491307
-346.41999999999996,172.42000000000002,0.0,other_tissue,0,132.8728169016122
323.84000000000003,-122.25999999999999,0.0,epithelial_tumor_class1_class2,1,2385.067724660988
-288.92,-404.37,0.0,CAF,1,454.5435079856059
274.78999999999996,-265.96000000000004,0.0,CD8_Tcell,1,736.545060534502
392.32000000000005,277.63,0.0,other_tissue,0,149.52214919338246
-126.42000000000002,233.8,0.0,CAF,1,110.03585870625574
9.67999999999995,111.05000000000001,0.0,other_tissue,0,189.28468975267728
285.88,229.32,0.0,CAF,1,170.41145651784527
-36.639999999999986,-498.5,0.0,CAF,1,268.50502486854157
-204.12,-451.29999999999995,0.0,CAF,1,1129.7118048575933
-530.14,-294.17999999999995,0.0,CD4_Tcell,1,240.72978391842847
319.21000000000004,-214.58000000000004,0.0,CD4_Tcell,1,185.28763458870554
-433.33,288.64,0.0,CAF,1,1266.1957681158633
-194.98000000000002,-449.05999999999995,0.0,other_tissue,0,129.83629503234508
248.32000000000005,-201.37,0.0,CD8_Tcell,1,827.9184900897269
299.04999999999995,308.15,0.0,other_tissue,0,107.90296123296947
-287.34,-430.20000000000005,0.0,CAF,1,288.67448615029707
-72.19999999999999,190.22000000000003,0.0,other_tissue,0,270.3913284211854
-348.27,-355.79999999999995,0.0,other_tissue,0,81.80015661409102
159.38,-196.42999999999995,0.0,other_tissue,0,147.81215216849037
14.110000000000014,24.970000000000027,0.0,CAF,1,212.88090993850713
-440.08,512.98,0.0,other_tissue,0,227.50540901261894
-406.24,-232.63,0.0,other_tissue,0,165.60412805087364
-315.9,-323.44000000000005,0.0,other_tissue,0,177.1960059021966
-256.12,-252.21000000000004,0.0,mesenchymal_tumor_class1,1,142.61918967931675
233.01999999999998,-168.49,0.0,CD4_Tcell,1,766.5845074369098
-294.09000000000003,-517.8,0.0,other_tissue,0,152.2565329326859
493.70000000000005,138.55,0.0,mesenchymal_tumor_class1_class2,1,218.77943701626148
487.0,-437.74,0.0,other_tissue,0,1019.4518582015291
197.47000000000003,-364.98,0.0,other_tissue,0,159.13491326154772
341.57000000000005,-293.49,0.0,other_tissue,0,112.44263836400218
-212.41000000000003,122.63999999999999,0.0,other_tissue,0,201.644860603184
366.53999999999996,-221.91999999999996,0.0,other_tissue,0,199.73026121761347
407.58000000000004,-2.0599999999999454,0.0,CAF,1,426.0017392004092
-338.7,345.49,0.0,apCAF,1,227.208169423281
315.26,59.52999999999997,0.0,CD4_Tcell,1,530.0813189017043
348.99,-534.3,0.0,epithelial_tumor_class1_class2,1,1116.8306492406307
-187.89999999999998,121.32,0.0,other_tissue,0,160.20238796606827
-2.4400000000000546,205.68,0.0,other_tissue,0,219.94034816004748
178.53999999999996,-324.80999999999995,0.0,other_tissue,0,144.15863649006326
-143.89,281.84,0.0,other_tissue,0,676.9564571621517
-217.14999999999998,-397.71000000000004,0.0,other_tissue,0,162.31565985609296
357.22,-267.29999999999995,0.0,CD4_Tcell,1,389.5304319575225
-428.17,-22.600000000000023,0.0,other_tissue,0,205.74655507989212
-296.75,-545.4000000000001,0.0,apCAF,1,942.7325698615919
-120.32999999999998,181.97000000000003,0.0,CAF,1,285.6539270421464
205.5,28.129999999999995,0.0,other_tissue,0,658.5764766389648
-113.11000000000001,272.64,0.0,CAF,1,734.0237049979228
103.70000000000005,378.02,0.0,other_tissue,0,412.083091315696
57.48000000000002,-514.5999999999999,0.0,other_tissue,0,253.32262509366626
83.94000000000005,118.57999999999998,0.0,other_tissue,0,412.90041496425505
371.66999999999996,-506.0,0.0,apCAF,1,195.00093397459798
-527.55,208.89999999999998,0.0,other_tissue,0,291.1316978103304
-476.67,212.91000000000003,0.0,CAF,1,309.4864382723898
-460.78,501.04,0.0,CAF,1,547.4835519844426
45.549999999999955,-172.07000000000005,0.0,CAF,1,215.33860194675862
452.9,-195.16999999999996,0.0,other_tissue,0,276.0519442533694
-159.85000000000002,494.02,0.0,other_tissue,0,123.59051150609059
228.75,-215.26,0.0,CD4_Tcell,1,791.2909181439946
-24.5,-528.5999999999999,0.0,other_tissue,0,183.5875190916025
191.94000000000005,489.88,0.0,mesenchymal_tumor_class1,1,529.3531345862671
-126.12,206.23000000000002,0.0,other_tissue,0,103.9943045202529
456.20000000000005,-136.57000000000005,0.0,CAF,1,211.29004973907416
-31.350000000000023,-405.17999999999995,0.0,CAF,1,141.41077729160816
190.38,67.24000000000001,0.0,CD4_Tcell,1,338.91604569463965
49.85000000000002,-407.19000000000005,0.0,other_tissue,0,87.12324995352348
464.70000000000005,-333.32000000000005,0.0,other_tissue,0,367.6670716388746
340.72,70.45999999999998,0.0,CD4_Tcell,1,343.29547405106194
143.15999999999997,464.45,0.0,other_tissue,0,221.85772832881096
-31.110000000000014,-91.02999999999997,0.0,other_tissue,0,133.2067947069935
219.14,-198.63,0.0,CD8_Tcell,1,494.0903952002242
344.77,277.01,0.0,other_tissue,0,146.1085348214217
-222.57,-279.74,0.0,other_tissue,0,221.91090115936268
196.91999999999996,11.639999999999986,0.0,CD4_Tcell,1,320.1159270590017
-85.82,-434.87,0.0,other_tissue,0,146.27629053989583
135.88,-294.03999999999996,0.0,apCAF,1,230.39210117502518
396.64,-253.89,0.0,CD4_Tcell,1,877.2187823195982
193.01999999999998,-448.90999999999997,0.0,other_tissue,0,150.4641400681455
-508.15999999999997,-492.0,0.0,apCAF,1,209.58766970942187
261.32000000000005,-500.5,0.0,epithelial_tumor_class1_class2,1,704.294492585643
-111.45999999999998,118.99000000000001,0.0,other_tissue,0,194.78960373234
-293.09,234.73000000000002,0.0,apCAF,1,221.13188404125944
397.90999999999997,-271.24,0.0,CD8_Tcell,1,307.4112071149952
-272.44,-399.88,0.0,CAF,1,256.0136314099187
55.07000000000005,-231.82000000000005,0.0,other_tissue,0,128.65571011212097
348.16999999999996,-439.49,0.0,other_tissue,0,331.04390774848855
35.77999999999997,292.65,0.0,CAF,1,267.9519040879557
289.63,45.69999999999999,0.0,CAF,1,997.7505859785379
-116.88,-267.71000000000004,0.0,CAF,1,220.62826759000055
-116.18,247.61,0.0,other_tissue,0,192.58791099358328
-446.57,331.8,0.0,apCAF,1,153.26535443292335
-69.77999999999997,197.06,0.0,other_tissue,0,366.4027459075381
51.210000000000036,-97.72000000000003,0.0,CAF,1,331.48380751012047
441.35,-4.990000000000009,0.0,epithelial_tumor_class1,1,1825.0580902177244
-278.49,405.5,0.0,other_tissue,0,217.97273761355095
224.27999999999997,-14.879999999999995,0.0,CD4_Tcell,1,273.00829510954657
311.64,-207.79999999999995,0.0,other_tissue,0,194.57030706780222
-54.85000000000002,-197.03999999999996,0.0,other_tissue,0,245.11656661140282
462.29999999999995,-154.17999999999995,0.0,CAF,1,206.37078741415777
147.99,92.19,0.0,other_tissue,0,695.0869252553682
195.92999999999995,-231.76999999999998,0.0,CAF,1,362.40588475908044
-378.12,-536.8,0.0,other_tissue,0,81.80015661409102
-13.830000000000041,-462.0,0.0,other_tissue,0,726.0252979414796
-102.80000000000001,14.799999999999955,0.0,apCAF,1,170.9024554653356
-45.910000000000025,179.07,0.0,other_tissue,0,189.52393055854094
-190.72000000000003,-422.67999999999995,0.0,other_tissue,0,378.3290626845856
513.2,-202.70000000000005,0.0,CAF,1,202.48580967977742
-228.7,-77.49000000000001,0.0,CD4_Tcell,1,214.00357577968154
464.9,-24.120000000000005,0.0,other_tissue,0,371.83997109564456
258.77,-183.19000000000005,0.0,CAF,1,476.89967378864554
-17.590000000000032,-225.46000000000004,0.0,CAF,1,498.82038697069237
-129.54000000000002,-202.70000000000005,0.0,other_tissue,0,141.9562145060671
-172.17000000000002,291.55,0.0,CAF,1,137.47714904447022
389.95000000000005,-490.4000000000001,0.0,mesenchymal_tumor_class1_class2,1,797.9081388417236
449.44000000000005,-11.580000000000041,0.0,CAF,1,450.65224754957495
-382.7,-57.960000000000036,0.0,CAF,1,118.85281871302858
-492.45,-49.90999999999997,0.0,CD8_Tcell,1,126.30640139662681
-21.789999999999964,-435.30999999999995,0.0,CAF,1,165.84487410245015
-504.18,157.81,0.0,other_tissue,0,321.4983563848765
-401.69,533.08,0.0,CAF,1,272.1137976537362
545.0999999999999,-195.35000000000002,0.0,CAF,1,400.7272751592617
-30.08000000000004,129.7,0.0,other_tissue,0,603.398899278031
-440.47,272.91,0.0,epithelial_tumor_class1,1,1196.2589362425456
473.5,-155.52999999999997,0.0,other_tissue,0,140.3632781606696
-451.23,-146.26,0.0,other_tissue,0,254.77749534369872
138.17999999999995,-107.99000000000001,0.0,apCAF,1,957.5015700465466
313.01,23.75999999999999,0.0,CD8_Tcell,1,226.07563613238642
335.69000000000005,101.16000000000003,0.0,CD8_Tcell,1,481.51948094167545
-359.94,337.25,0.0,CAF,1,807.2634244791773
-349.24,473.48,0.0,CAF,1,367.07173314020616
-212.52999999999997,-144.75,0.0,apCAF,1,516.6086551768243
71.98000000000002,-141.15999999999997,0.0,CD4_Tcell,1,119.71647378071953
-266.39,-354.12,0.0,other_tissue,0,134.9995859025634
-302.21000000000004,400.25,0.0,other_tissue,0,138.38730580444977
-382.49,320.56,0.0,CAF,1,1248.080065724095
-13.17999999999995,-504.4000000000001,0.0,CAF,1,503.3662304042142
153.74,-151.80999999999995,0.0,CD4_Tcell,1,624.9214919053732
186.55999999999995,-479.4000000000001,0.0,other_tissue,0,210.27949038538216
305.28,-38.59000000000003,0.0,other_tissue,0,227.31622657243324
-447.45,370.5,0.0,apCAF,1,142.55583381336052
321.29999999999995,69.36000000000001,0.0,apCAF,1,186.53998185501175
-469.94,362.65,0.0,CAF,1,778.8826397856812
300.53,-541.0999999999999,0.0,epithelial_tumor_class1_class2,1,815.8467856162748
103.90999999999997,-276.83000000000004,0.0,CD4_Tcell,1,587.585353165707
439.66999999999996,-177.86,0.0,apCAF,1,259.7755485832125
-267.87,-30.529999999999973,0.0,mesenchymal_tumor_class1,1,183.91575858662927
101.13999999999999,10.710000000000036,0.0,CAF,1,231.15627357501012
-325.23,-67.51999999999998,0.0,CAF,1,255.04968657561236
391.14,-468.79999999999995,0.0,other_tissue,0,389.4143723504415
182.38,265.79,0.0,other_tissue,0,252.78089664937363
507.5999999999999,-185.5,0.0,CD4_Tcell,1,310.89359556898575
-221.26,330.40999999999997,0.0,mesenchymal_tumor_class1,1,476.6783152911064
-393.81,127.80000000000001,0.0,other_tissue,0,112.75273923300932
83.23000000000002,-489.29999999999995,0.0,other_tissue,0,232.2965601707939
-172.76,329.05,0.0,other_tissue,0,213.7441495826192
-528.48,146.45999999999998,0.0,other_tissue,0,145.98783015560173
-367.66999999999996,36.09000000000003,0.0,mesenchymal_tumor_class1,1,261.09692337148874
275.73,46.95999999999998,0.0,other_tissue,0,336.95693045983427
217.47000000000003,-508.5,0.0,other_tissue,0,110.48814855928103
-370.84000000000003,-88.01999999999998,0.0,CD4_Tcell,1,987.5246889041648
417.66999999999996,-300.84000000000003,0.0,CD4_Tcell,1,391.50697497344447
-186.64,-443.83000000000004,0.0,apCAF,1,731.645532939754
252.0,-6.029999999999973,0.0,CAF,1,110.03585870625574
82.94000000000005,202.95,0.0,other_tissue,0,431.07324462848584
193.0,-395.13,0.0,epithelial_tumor_class1_class2,1,10871.668874768031
125.07000000000005,-298.29999999999995,0.0,apCAF,1,981.4944588922081
442.4,-242.01,0.0,epithelial_tumor_class1,1,780.2880154958913
100.12,-143.78999999999996,0.0,other_tissue,0,96.21346697984175
217.14999999999998,46.829999999999984,0.0,CD4_Tcell,1,363.29155129208027
-48.75,-440.70000000000005,0.0,other_tissue,0,219.33299732004912
-253.32,-265.15999999999997,0.0,other_tissue,0,92.39637702566277
-318.03999999999996,398.08000000000004,0.0,other_tissue,0,81.80015661409102
218.53999999999996,-187.71000000000004,0.0,other_tissue,0,369.2577872061096
-131.60000000000002,-523.5999999999999,0.0,other_tissue,0,104.77157833413095
28.870000000000005,-448.74,0.0,other_tissue,0,459.0611824440648
154.08000000000004,244.36,0.0,other_tissue,0,212.3899049176946
37.07000000000005,-395.26,0.0,other_tissue,0,186.95868150856847
55.60000000000002,-519.5999999999999,0.0,other_tissue,0,113.25008564913433
330.03,-436.92999999999995,0.0,epithelial_tumor_class1_class2,1,2189.9329042098384
-339.99,314.0,0.0,other_tissue,0,689.3349286046786
-537.68,-243.64999999999998,0.0,apCAF,1,596.5017012699864
-184.51,-476.9000000000001,0.0,other_tissue,0,639.365071431821
165.63,-298.22,0.0,CAF,1,299.05164068609946
-360.85,-282.13,0.0,other_tissue,0,263.84261160104484
378.27,-105.16999999999996,0.0,other_tissue,0,145.64619465633012
379.57000000000005,273.89,0.0,CAF,1,608.7498175109856
-434.12,-51.42999999999995,0.0,apCAF,1,1131.8376084355377
257.48,-329.67999999999995,0.0,CD4_Tcell,1,565.6759112602638
-139.45,404.56,0.0,other_tissue,0,172.14155939641148
-472.36,515.29,0.0,other_tissue,0,149.14101626628485
161.60000000000002,-281.54999999999995,0.0,CAF,1,444.68098534522153
393.02,-444.25,0.0,other_tissue,0,226.76729146374083
-396.02,30.42999999999995,0.0,other_tissue,0,146.78705634751762
-397.91999999999996,-323.40999999999997,0.0,CAF,1,129.83629503234508
205.40999999999997,174.44,0.0,other_tissue,0,117.87353969665516
-422.23,-47.47000000000003,0.0,CAF,1,244.1990829892681
-538.38,284.22,0.0,other_tissue,0,367.878074949435
280.69000000000005,-325.0,0.0,CD4_Tcell,1,432.23333005616496
120.63999999999999,-500.5999999999999,0.0,other_tissue,0,204.34244311910072
336.15999999999997,-487.0999999999999,0.0,other_tissue,0,864.6493696403301
257.48,-194.26,0.0,CD8_Tcell,1,459.2338736434085
-199.26999999999998,-419.09000000000003,0.0,other_tissue,0,658.0824162123445
135.37,-407.12,0.0,CAF,1,173.6348670667417
192.94000000000005,-138.04999999999995,0.0,apCAF,1,151.91895069766503
-442.53,427.31,0.0,other_tissue,0,241.37600031416343
-116.36000000000001,-391.32000000000005,0.0,other_tissue,0,131.9243570663721
-24.639999999999986,-299.35,0.0,CD4_Tcell,1,119.71647378071953
351.64,-107.77999999999997,0.0,epithelial_tumor_class1_class2,1,1326.408678001972
-306.38,-122.15999999999997,0.0,epithelial_tumor_class1,1,2661.471450954818
298.80999999999995,-79.85000000000002,0.0,other_tissue,0,424.0061620647448
350.45000000000005,-396.0,0.0,other_tissue,0,230.31032559399137
-438.18,502.12,0.0,CAF,1,145.29172687262238
-110.31,-275.07000000000005,0.0,other_tissue,0,134.59275030070623
35.370000000000005,-72.67999999999995,0.0,other_tissue,0,319.1438128312216
-34.60000000000002,390.23,0.0,epithelial_tumor_class1_class2,1,2134.903808180204
80.70000000000005,-291.37,0.0,apCAF,1,299.8091988560409
397.55999999999995,-277.75,0.0,CD8_Tcell,1,354.6449306623055
455.5,-325.35,0.0,other_tissue,0,162.7621554982304
-199.19,-431.78,0.0,other_tissue,0,385.482048683657
-43.35000000000002,-39.60000000000002,0.0,apCAF,1,193.1933298370659
500.5999999999999,125.52999999999997,0.0,epithelial_tumor_class1_class2,1,2616.2675208538376
166.97000000000003,-257.85,0.0,CD4_Tcell,1,242.21123229692483
-335.8,88.08999999999997,0.0,other_tissue,0,144.77110405752921
-308.73,-297.91999999999996,0.0,other_tissue,0,148.0894732072591
-414.86,165.73000000000002,0.0,other_tissue,0,191.517414209844
-456.5,-34.67999999999995,0.0,other_tissue,0,165.3636150955352
321.28999999999996,3.7799999999999727,0.0,epithelial_tumor_class1,1,780.2880154958913
291.96000000000004,33.26999999999998,0.0,CAF,1,503.07557381625077
-157.60000000000002,-316.97,0.0,CAF,1,216.1649195504442
-131.76999999999998,57.879999999999995,0.0,other_tissue,0,353.1085736065783
-436.34000000000003,-252.26999999999998,0.0,CAF,1,110.03585870625574
183.13,-414.76,0.0,other_tissue,0,211.2728946991167
289.35,-517.3,0.0,other_tissue,0,322.873379897082
95.52999999999997,-405.53999999999996,0.0,other_tissue,0,108.88140936295889
-247.44,28.700000000000045,0.0,other_tissue,0,271.05918589736905
373.17999999999995,54.50999999999999,0.0,epithelial_tumor_class1,1,1310.1870545452923
332.58000000000004,-253.58000000000004,0.0,other_tissue,0,282.383830257681
-227.14,-37.710000000000036,0.0,apCAF,1,273.7925865866347
346.16999999999996,-16.57000000000005,0.0,other_tissue,0,167.77924752756104
359.76,323.26,0.0,other_tissue,0,173.00347728065765
372.42999999999995,-111.52999999999997,0.0,CAF,1,319.9462303242722
2.1000000000000227,-542.8,0.0,other_tissue,0,210.12562109489232
430.69000000000005,14.399999999999977,0.0,other_tissue,0,204.98064540698496
-215.26,357.95,0.0,apCAF,1,768.6724822868721
490.0999999999999,152.23000000000002,0.0,CAF,1,290.18741881468435
48.97000000000003,-533.5,0.0,other_tissue,0,197.83602918007887
344.85,-308.02,0.0,other_tissue,0,238.24936700109632
372.90999999999997,-155.57000000000005,0.0,epithelial_tumor_class1_class2,1,775.816283536424
-323.37,-201.15999999999997,0.0,CAF,1,184.1504547494807
-472.71,375.81,0.0,other_tissue,0,199.9286140142701
453.79999999999995,-189.59000000000003,0.0,apCAF,1,596.9815853888741
-446.86,215.45,0.0,other_tissue,0,276.3801176200019
-543.067,141.76999999999998,0.0,apCAF,1,1018.9522361700516
-157.67000000000002,-203.05999999999995,0.0,apCAF,1,986.5658650774665
147.65999999999997,118.62,0.0,other_tissue,0,210.7929304968075
365.53,-109.75999999999999,0.0,CD4_Tcell,1,223.64364666343738
-38.76999999999998,-460.0,0.0,other_tissue,0,246.7586023471733
-431.25,-67.62,0.0,CAF,1,179.98720809662564
60.01999999999998,287.07,0.0,other_tissue,0,113.22178821981532
-460.5,-420.21000000000004,0.0,other_tissue,0,250.76590913117727
278.54999999999995,-40.960000000000036,0.0,other_tissue,0,184.80082098319957
-487.1,-304.58000000000004,0.0,CAF,1,143.25641758713908
-298.2,47.95999999999998,0.0,other_tissue,0,230.6193571274602
158.17999999999995,-359.03999999999996,0.0,other_tissue,0,324.42353422290074
22.289999999999964,277.09,0.0,CAF,1,172.53843458208166
357.99,-281.17999999999995,0.0,CD4_Tcell,1,302.7977056657903
-117.23000000000002,-108.58000000000004,0.0,other_tissue,0,103.33798337379348
-352.7,-431.82000000000005,0.0,other_tissue,0,216.0865463428301
-59.94,-90.38,0.0,other_tissue,0,230.292155870865
260.62,-538.5,0.0,other_tissue,0,605.0406512338881
110.38,107.0,0.0,other_tissue,0,256.15014254139277
260.46000000000004,-109.45000000000005,0.0,mesenchymal_tumor_class1_class2,1,313.944024355574
321.48,14.309999999999945,0.0,CAF,1,170.2034383708612
477.9000000000001,-31.590000000000032,0.0,other_tissue,0,202.28576882848188
-340.95,403.39,0.0,apCAF,1,893.0674569158555
39.889999999999986,-449.28,0.0,other_tissue,0,148.14362504127212
-311.38,-304.54999999999995,0.0,other_tissue,0,153.22380847318092
-123.07999999999998,385.33000000000004,0.0,other_tissue,0,359.7330627672397
134.55999999999995,-115.88999999999999,0.0,apCAF,1,208.63358017307831
230.17999999999995,82.13999999999999,0.0,other_tissue,0,252.08552422161245
254.27999999999997,-323.99,0.0,apCAF,1,1034.0597314904758
-508.8,459.01,0.0,other_tissue,0,222.7983662214863
95.67999999999995,-445.53,0.0,other_tissue,0,222.17689275528852
-14.200000000000045,-17.340000000000032,0.0,other_tissue,0,81.80015661409102
-295.98,-401.59000000000003,0.0,CAF,1,210.1598077815552
-426.1,-12.759999999999991,0.0,apCAF,1,306.7728538762385
255.35000000000002,-446.27,0.0,other_tissue,0,277.21196863544174
187.08000000000004,-260.9,0.0,apCAF,1,312.3606665340968
173.32000000000005,-379.11,0.0,CAF,1,594.0036144616954
421.02,-207.63,0.0,other_tissue,0,527.0463587498409
-210.51,-421.28,0.0,other_tissue,0,665.5930374443374
34.35000000000002,32.33000000000004,0.0,other_tissue,0,207.02166555541416
460.70000000000005,-40.75999999999999,0.0,other_tissue,0,377.9750193343592
306.70000000000005,-346.55999999999995,0.0,CAF,1,900.7132843572983
378.17999999999995,-462.4,0.0,other_tissue,0,214.31516419854313
-106.70999999999998,366.03,0.0,CAF,1,474.6597432626497
544.7,-52.01999999999998,0.0,other_tissue,0,636.5338858082932
-414.6,-379.34000000000003,0.0,CAF,1,110.03585870625574
-51.60000000000002,-215.02999999999997,0.0,other_tissue,0,93.12970441356518
218.57000000000005,6.340000000000032,0.0,apCAF,1,365.43786673444305
-361.14,536.02,0.0,other_tissue,0,119.99038302858762
187.67999999999995,35.629999999999995,0.0,apCAF,1,258.3311170491255
292.99,-38.379999999999995,0.0,other_tissue,0,227.8209462823846
353.12,-145.76,0.0,epithelial_tumor_class1,1,12657.689656927883
197.13,-259.32000000000005,0.0,CD4_Tcell,1,396.73208313151065
203.08000000000004,-252.65999999999997,0.0,apCAF,1,693.1723648278579
345.75,-518.7,0.0,CD4_Tcell,1,977.4879746577359
126.94000000000005,-193.67999999999995,0.0,CD8_Tcell,1,206.29479991682783
215.30999999999995,-453.29999999999995,0.0,other_tissue,0,141.20086199104867
239.32000000000005,-465.29999999999995,0.0,epithelial_tumor_class1,1,780.2880154958913
134.13,221.66000000000003,0.0,other_tissue,0,115.01946796150035
155.57000000000005,-207.70000000000005,0.0,CAF,1,258.3311170491255
-253.95,-219.69000000000005,0.0,CAF,1,142.55583381336052
-487.47,-379.22,0.0,apCAF,1,1261.1319482720664
-258.4,-245.46000000000004,0.0,other_tissue,0,181.92112391187695
369.45000000000005,-250.14999999999998,0.0,CD8_Tcell,1,831.2488041547128
456.79999999999995,-16.16999999999996,0.0,other_tissue,0,819.3987206209551
331.30999999999995,69.89999999999998,0.0,apCAF,1,118.85281871302858
-44.879999999999995,201.68,0.0,CAF,1,559.7428727089272
-108.38,296.26,0.0,CAF,1,147.09004315789838
469.4,-98.23000000000002,0.0,other_tissue,0,146.59874137364946
138.16999999999996,-525.0,0.0,other_tissue,0,292.29096223226577
-496.35,207.67000000000002,0.0,CAF,1,110.03585870625574
-145.43,-517.7,0.0,other_tissue,0,150.83381945126104
82.29999999999995,388.48,0.0,mesenchymal_tumor_class1,1,371.51497987938814
-468.81,333.68,0.0,apCAF,1,123.81863052167282
-444.85,501.92,0.0,CAF,1,375.20093271074506
278.95000000000005,-235.40999999999997,0.0,CD4_Tcell,1,914.5171678734845
147.89999999999998,-457.20000000000005,0.0,CAF,1,241.8543810874065
-306.66999999999996,-471.70000000000005,0.0,other_tissue,0,150.10189444049556
367.41999999999996,-236.99,0.0,other_tissue,0,196.90978855774517
545.2,-74.50999999999999,0.0,apCAF,1,608.7498175109856
-436.45,-52.14999999999998,0.0,CAF,1,288.09399212895374
-204.43,-507.70000000000005,0.0,other_tissue,0,423.5559721660159
-375.19,512.12,0.0,other_tissue,0,212.8378090754761
-306.18,37.47000000000003,0.0,other_tissue,0,132.7658103115367
-501.93,-40.25,0.0,other_tissue,0,148.55696692958907
-438.11,-304.9,0.0,CAF,1,186.137672822566
486.0,-280.20000000000005,0.0,other_tissue,0,85.83238115735529
85.92999999999995,133.61,0.0,other_tissue,0,753.7554433152276
-40.64999999999998,380.55,0.0,CAF,1,293.485334422513
190.85000000000002,-221.25,0.0,CD4_Tcell,1,292.55728170185705
-395.74,-426.44000000000005,0.0,apCAF,1,384.867625982029
-477.2,138.98000000000002,0.0,CAF,1,256.5697301306046
208.03999999999996,-131.70000000000005,0.0,apCAF,1,603.3471029111034
500.29999999999995,-475.5999999999999,0.0,apCAF,1,336.0561746744884
482.20000000000005,-229.65999999999997,0.0,other_tissue,0,596.4674336770718
-31.970000000000027,-274.79999999999995,0.0,other_tissue,0,168.63393421244848
-282.35,-106.38999999999999,0.0,CAF,1,267.2590638680915
333.07000000000005,-188.0,0.0,CD4_Tcell,1,487.41094614124506
314.58000000000004,97.63,0.0,CAF,1,423.91064059450486
376.77,-161.26,0.0,other_tissue,0,380.64843465069924
207.63,-331.25,0.0,apCAF,1,178.55730091520627
-281.73,24.360000000000014,0.0,apCAF,1,663.6594599438032
172.35000000000002,-384.38,0.0,CAF,1,201.92769187319263
-49.31999999999999,61.56999999999999,0.0,other_tissue,0,262.6111273757376
-124.85000000000002,-437.44000000000005,0.0,other_tissue,0,136.73136660807967
174.0,-42.90999999999997,0.0,other_tissue,0,1019.4518582015291
191.13,3.909999999999968,0.0,other_tissue,0,207.84354899832778
375.78,-242.92999999999995,0.0,CD4_Tcell,1,723.2552295798754
21.74000000000001,381.18,0.0,other_tissue,0,180.6895587612138
304.89,-164.21000000000004,0.0,epithelial_tumor_class1_class2,1,2002.7061442903662
19.340000000000032,427.7,0.0,mesenchymal_tumor_class1,1,295.7979461502773
-1.2799999999999727,-221.82000000000005,0.0,apCAF,1,798.9486532102976
146.86,-524.5999999999999,0.0,other_tissue,0,174.13957547555435
24.470000000000027,62.360000000000014,0.0,other_tissue,0,97.63179959237223
-212.64999999999998,298.28999999999996,0.0,other_tissue,0,108.15525452903536
247.28999999999996,-534.0999999999999,0.0,other_tissue,0,95.52463871865457
257.65,-533.2,0.0,CAF,1,221.63626629569814
171.37,181.45,0.0,other_tissue,0,927.8401718156506
-430.65,-384.04999999999995,0.0,apCAF,1,238.97493298670213
-294.81,-183.29999999999995,0.0,mesenchymal_tumor_class1,1,142.61918967931675
-505.85,455.3,0.0,other_tissue,0,134.45308956945894
274.77,-9.389999999999986,0.0,mesenchymal_tumor_class1,1,503.8866320972674
207.51,71.07999999999998,0.0,other_tissue,0,663.3283659843049
-357.39,325.77,0.0,CAF,1,791.7460992074693
121.17999999999995,-213.66999999999996,0.0,CD4_Tcell,1,225.26899214134258
-445.2,363.96000000000004,0.0,apCAF,1,125.53241472181654
-366.46000000000004,396.06,0.0,other_tissue,0,139.4184616779182
225.12,30.629999999999995,0.0,epithelial_tumor_class1_class2,1,10871.668874768031
-194.61,-261.83000000000004,0.0,mesenchymal_tumor_class1,1,152.13935597187893
301.63,400.0,0.0,CAF,1,492.56564336214717
-460.0,524.2,0.0,apCAF,1,168.84805845205972
-37.97000000000003,-482.79999999999995,0.0,CAF,1,267.9921054162841
22.389999999999986,-411.48,0.0,other_tissue,0,144.81110773966944
-550.9089,295.47,0.0,other_tissue,0,154.97521210028694
-489.76,-254.04999999999995,0.0,apCAF,1,723.5475090214532
424.65999999999997,-235.66999999999996,0.0,CD4_Tcell,1,1073.1564248430268
339.41999999999996,-2.8700000000000045,0.0,mesenchymal_tumor_class1,1,406.0074037000893
-323.35,-51.52999999999997,0.0,other_tissue,0,178.96397311982977
-464.13,-348.46000000000004,0.0,apCAF,1,141.41077729160816
342.82000000000005,-238.29999999999995,0.0,CD4_Tcell,1,321.30548460514683
137.35000000000002,-8.879999999999995,0.0,other_tissue,0,498.2730847754303
385.65,-258.45000000000005,0.0,apCAF,1,615.3909833064108
173.48000000000002,-493.0999999999999,0.0,other_tissue,0,241.81683820443817
-72.86000000000001,104.23000000000002,0.0,mesenchymal_tumor_class1,1,778.1255226139073
388.76,-278.72,0.0,CD4_Tcell,1,371.25262525766806
181.79999999999995,-197.66999999999996,0.0,other_tissue,0,378.3417111772021
491.70000000000005,-49.39999999999998,0.0,mesenchymal_tumor_class1,1,188.32973985971512
-333.85,458.40999999999997,0.0,mesenchymal_tumor_class1,1,148.27906237769986
-13.669999999999959,186.5,0.0,other_tissue,0,370.8655656472605
358.65,66.86000000000001,0.0,CAF,1,561.3373934590434
514.5,124.73000000000002,0.0,epithelial_tumor_class1_class2,1,1933.4837496802081
177.89,93.16000000000003,0.0,other_tissue,0,186.2007418324734
-326.4,-326.71000000000004,0.0,other_tissue,0,100.61472315318103
262.38,-175.75,0.0,CD8_Tcell,1,1333.4241050137366
-244.14,-520.8,0.0,CAF,1,126.13960333425274
-549.8909,550.4409,0.0,epithelial_tumor_class1,1,1365.0166599191202
236.92999999999995,209.58999999999997,0.0,other_tissue,0,103.16768700948255
-242.57,-257.82000000000005,0.0,other_tissue,0,124.70373410254878
464.5,-284.96000000000004,0.0,epithelial_tumor_class1_class2,1,1337.0623555327181
209.49,-204.12,0.0,epithelial_tumor_class1_class2,1,1963.6233620292223
-346.72,-146.20000000000005,0.0,epithelial_tumor_class1,1,5406.112513054574
-442.37,149.69,0.0,other_tissue,0,104.4494797709063
521.4000000000001,-130.14,0.0,other_tissue,0,110.07666130513806
49.460000000000036,-389.74,0.0,other_tissue,0,97.37056496189807
114.5,-169.39,0.0,other_tissue,0,221.51231195645224
328.79999999999995,-526.0999999999999,0.0,epithelial_tumor_class1_class2,1,704.294492585643
199.29999999999995,-215.16999999999996,0.0,CD8_Tcell,1,546.7556803454866
-20.99000000000001,181.12,0.0,other_tissue,0,563.3471688688934
-341.45,-320.29999999999995,0.0,other_tissue,0,202.84454594089766
201.95000000000005,69.11000000000001,0.0,CD4_Tcell,1,364.4623454729453
-289.14,307.57,0.0,apCAF,1,118.85281871302858
195.15999999999997,-170.46000000000004,0.0,apCAF,1,246.24527465432982
179.25,-127.40999999999997,0.0,CAF,1,135.3434904583578
-549.7778,393.2,0.0,CAF,1,236.07224762290957
64.30999999999995,-443.36,0.0,other_tissue,0,115.78748460358534
530.9000000000001,-181.69000000000005,0.0,other_tissue,0,165.3199105018678
-13.590000000000032,194.3,0.0,mesenchymal_tumor_class1,1,534.5759323279303
215.03999999999996,-374.88,0.0,epithelial_tumor_class1,1,2522.200291065373
-420.43,-428.80999999999995,0.0,CD4_Tcell,1,214.20261129415266
273.70000000000005,-318.71000000000004,0.0,CAF,1,308.8341665768951
-163.20999999999998,-0.36000000000001364,0.0,other_tissue,0,188.9102840864328
-438.71,193.81,0.0,CAF,1,151.25901229062885
296.03,-206.11,0.0,other_tissue,0,604.2798911286881
14.490000000000009,-397.4,0.0,other_tissue,0,105.8662542983944
-486.39,292.89,0.0,CAF,1,310.7493602926594
474.5,-452.5,0.0,other_tissue,0,995.5069145906215
45.40999999999997,-475.5,0.0,CAF,1,1183.5520443641744
25.58000000000004,-261.85,0.0,other_tissue,0,86.64417829776663
444.67999999999995,-25.850000000000023,0.0,other_tissue,0,337.14430224263907
89.17999999999995,388.37,0.0,mesenchymal_tumor_class1,1,1053.8666424107614
-222.2,180.63,0.0,CAF,1,141.91673836210356
347.39,-91.14999999999998,0.0,epithelial_tumor_class1_class2,1,1250.800904555488
193.14,357.82,0.0,other_tissue,0,134.6435599896268
129.90999999999997,-538.4000000000001,0.0,other_tissue,0,155.23348079991104
310.79999999999995,-414.20000000000005,0.0,other_tissue,0,201.44537409044864
-85.13,205.33999999999997,0.0,other_tissue,0,252.2495942241906
300.4,166.31,0.0,other_tissue,0,142.83975688212433
-231.89,-55.64999999999998,0.0,mesenchymal_tumor_class1,1,159.81754891770368
-302.48,-391.98,0.0,other_tissue,0,470.80066040172466
93.63999999999999,453.33,0.0,other_tissue,0,276.58535799254133
6.059999999999945,-380.39,0.0,other_tissue,0,131.00536814552032
-364.84000000000003,-363.48,0.0,apCAF,1,199.51552711643674
36.64999999999998,-84.30999999999995,0.0,CAF,1,763.2475791740244
-151.73000000000002,111.92000000000002,0.0,other_tissue,0,181.7659033256247
143.44000000000005,-166.03999999999996,0.0,apCAF,1,212.36408348334317
-296.19,353.44,0.0,other_tissue,0,139.19753388081526
-118.01999999999998,-201.39,0.0,apCAF,1,441.12647665100224
391.78999999999996,54.99000000000001,0.0,CAF,1,448.9063239409673
420.65,62.30000000000001,0.0,epithelial_tumor_class1,1,6593.7153303867135
-549.753,495.11,0.0,other_tissue,0,506.3711194335808
313.19000000000005,-270.98,0.0,other_tissue,0,1019.4518582015291
-74.55000000000001,22.769999999999982,0.0,other_tissue,0,234.4596329571094
-459.12,-216.39999999999998,0.0,apCAF,1,976.2024955319015
-93.13,385.73,0.0,CAF,1,200.11055273577503
292.04999999999995,-220.04999999999995,0.0,CD4_Tcell,1,565.5766853463765
-43.81999999999999,-232.52999999999997,0.0,other_tissue,0,159.8104280870806
131.42999999999995,-281.77,0.0,other_tissue,0,93.3434908213454
-21.470000000000027,-7.909999999999968,0.0,other_tissue,0,119.49107643027664
119.28999999999996,-41.33000000000004,0.0,other_tissue,0,327.8490226646711
-504.44,503.87,0.0,CAF,1,113.29537134238801
379.16999999999996,78.89999999999998,0.0,epithelial_tumor_class1,1,1460.5921229657422
-14.539999999999964,-261.58000000000004,0.0,other_tissue,0,174.7586080980124
330.85,-468.4,0.0,other_tissue,0,161.18150970865491
-212.08999999999997,243.76999999999998,0.0,other_tissue,0,144.12539979257116
107.04999999999995,-280.58000000000004,0.0,apCAF,1,539.3201417080393
133.41999999999996,-329.59000000000003,0.0,other_tissue,0,364.5610533388369
431.64,-309.0,0.0,CD4_Tcell,1,880.8576769017244
-255.3,78.35000000000002,0.0,other_tissue,0,143.52138415194744
351.49,-46.389999999999986,0.0,CD4_Tcell,1,153.86861505260015
-183.70999999999998,-177.26,0.0,apCAF,1,670.6749599788978
200.86,-426.32000000000005,0.0,other_tissue,0,625.0275426165236
-430.98,540.0,0.0,CAF,1,447.71658093017265
-268.47,401.14,0.0,other_tissue,0,104.81457477489319
63.5,-332.09000000000003,0.0,CAF,1,432.3715739398665
-132.58999999999997,-0.25,0.0,other_tissue,0,263.9818915268707
12.360000000000014,-455.0,0.0,other_tissue,0,608.4025260697152
-48.370000000000005,227.8,0.0,other_tissue,0,195.50549202920263
-237.89,282.83,0.0,apCAF,1,179.0177306602798
-434.63,201.64,0.0,CAF,1,155.18459716332745
-369.66999999999996,333.57,0.0,CAF,1,956.9379240026647
114.90999999999997,398.82,0.0,epithelial_tumor_class1,1,12657.689656927883
-272.19,166.35000000000002,0.0,other_tissue,0,259.7164870599705
369.5,-519.5,0.0,epithelial_tumor_class1_class2,1,897.5822387267593
121.38999999999999,448.95,0.0,other_tissue,0,248.03549602034892
-68.76999999999998,-434.62,0.0,other_tissue,0,220.02846293217382
-253.56,267.8,0.0,other_tissue,0,295.16505904470523
-304.87,-440.13,0.0,other_tissue,0,81.80015661409102
205.26999999999998,-464.20000000000005,0.0,other_tissue,0,108.04002842455832
-233.56,175.85000000000002,0.0,apCAF,1,777.32801149703
-549.7356,506.36,0.0,CAF,1,501.91406634818173
172.60000000000002,-270.20000000000005,0.0,other_tissue,0,210.94712534374563
267.94000000000005,-279.17999999999995,0.0,CAF,1,496.4516356366333
-164.85000000000002,171.45,0.0,other_tissue,0,119.32690277370196
45.799999999999955,-151.45000000000005,0.0,other_tissue,0,252.2785551419837
-100.02999999999997,-108.15999999999997,0.0,CD4_Tcell,1,195.13105929639445
351.03999999999996,-262.65999999999997,0.0,apCAF,1,615.3909833064108
-11.379999999999995,-400.03,0.0,other_tissue,0,96.56929818748844
-89.45999999999998,-81.90999999999997,0.0,apCAF,1,173.34904841293525
-177.14999999999998,-55.08000000000004,0.0,other_tissue,0,213.76143813609556
267.73,-255.35000000000002,0.0,CD8_Tcell,1,559.9892504553985
-319.96000000000004,369.28999999999996,0.0,other_tissue,0,114.91084577616174
-550.4164,-34.690000000000055,0.0,apCAF,1,201.92769187319263
340.5,-84.84000000000003,0.0,other_tissue,0,139.04821514539154
289.78,166.05,0.0,CAF,1,136.63512661822332
19.159999999999968,237.95,0.0,other_tissue,0,91.30361978523212
280.07000000000005,423.13,0.0,other_tissue,0,277.3970508042373
-208.94,-73.30999999999995,0.0,other_tissue,0,320.8973049149031
201.05999999999995,-129.32000000000005,0.0,apCAF,1,319.5392028696831
504.0999999999999,-457.5,0.0,other_tissue,0,199.936881562783
-463.0,336.06,0.0,apCAF,1,253.2839045620534
173.20000000000005,313.87,0.0,other_tissue,0,327.88351372467923
-504.53,280.17,0.0,apCAF,1,385.99456685185635
289.19000000000005,-262.46000000000004,0.0,apCAF,1,454.6149845828098
-527.63,-158.89999999999998,0.0,apCAF,1,118.85281871302858
410.79999999999995,-282.45000000000005,0.0,CD8_Tcell,1,608.1074322182991
184.84000000000003,-409.96000000000004,0.0,other_tissue,0,244.77578953789595
38.08000000000004,-468.20000000000005,0.0,other_tissue,0,469.806289493092
-213.56,228.29000000000002,0.0,other_tissue,0,87.68041800282523
187.30999999999995,10.210000000000036,0.0,apCAF,1,237.12671814026638
-526.15,-70.79999999999995,0.0,other_tissue,0,301.50207163604256
-205.5,275.51,0.0,other_tissue,0,155.66689835641654
-170.14999999999998,-364.0,0.0,other_tissue,0,88.66717874802238
-334.34000000000003,-477.0,0.0,apCAF,1,394.67292419002894
80.91999999999996,430.88,0.0,mesenchymal_tumor_class1,1,563.7100971342661
328.94000000000005,104.26999999999998,0.0,CAF,1,551.8968888409992
26.92999999999995,-291.1,0.0,other_tissue,0,105.0566489543235
174.72000000000003,-229.89999999999998,0.0,CD8_Tcell,1,1333.4241050137366
179.89999999999998,-525.7,0.0,other_tissue,0,114.01021426206287
232.94000000000005,-197.13,0.0,CD4_Tcell,1,313.2631955776986
315.35,-63.200000000000045,0.0,CAF,1,395.3628585614611
-109.42000000000002,383.03999999999996,0.0,apCAF,1,459.4641959379801
-357.2,-188.14999999999998,0.0,CAF,1,549.8982259909169
-304.85,-359.01,0.0,apCAF,1,140.5658256851374
403.41999999999996,139.2,0.0,epithelial_tumor_class1,1,2773.434103590604
-133.95999999999998,285.22,0.0,other_tissue,0,197.9017136094505
-1.490000000000009,-512.8,0.0,other_tissue,0,191.79069662087295
-291.35,145.19,0.0,other_tissue,0,281.2613085574731
-217.93,-455.6,0.0,other_tissue,0,366.73713782889695
126.25999999999999,-531.7,0.0,other_tissue,0,132.57711532797808
203.64999999999998,-23.83000000000004,0.0,CD8_Tcell,1,134.29450150482367
305.15999999999997,-315.75,0.0,other_tissue,0,81.80015661409102
187.60000000000002,517.23,0.0,other_tissue,0,122.61517937421672
-487.14,158.2,0.0,other_tissue,0,110.99557096590684
137.69000000000005,-378.59000000000003,0.0,other_tissue,0,136.69928159187654
329.36,-272.79999999999995,0.0,other_tissue,0,127.56194172688883
373.82000000000005,-179.28999999999996,0.0,other_tissue,0,196.2394625771991
-156.42000000000002,-460.1,0.0,apCAF,1,276.4622015806937
347.82000000000005,-167.52999999999997,0.0,mesenchymal_tumor_class1_class2,1,1046.6713898624141
-482.92,-315.99,0.0,CAF,1,122.63905227145459
-224.97000000000003,-184.51,0.0,mesenchymal_tumor_class1_class2,1,257.9096107752089
331.48,-213.08000000000004,0.0,CD4_Tcell,1,249.37426133412015
-14.440000000000055,-430.83000000000004,0.0,CAF,1,205.54437201603707
-266.54,180.32,0.0,other_tissue,0,81.80015661409102
-505.29,-142.95000000000005,0.0,mesenchymal_tumor_class1_class2,1,197.04076159926294
329.04999999999995,-227.57000000000005,0.0,CD8_Tcell,1,532.2539972780131
465.6,-196.45000000000005,0.0,other_tissue,0,111.33098360533192
-331.93,-76.61000000000001,0.0,apCAF,1,175.65198303758456
264.84000000000003,-198.46000000000004,0.0,CD8_Tcell,1,1308.6242763714824
-474.45,77.68,0.0,other_tissue,0,123.84866706224481
-308.36,-430.85,0.0,other_tissue,0,81.80015661409102
117.67999999999995,195.17000000000002,0.0,other_tissue,0,180.28799223355387
-166.94,-58.26999999999998,0.0,other_tissue,0,161.73356617689282
-160.64,-111.38,0.0,other_tissue,0,1019.4518582015291
316.65,-26.99000000000001,0.0,mesenchymal_tumor_class1,1,218.77943701626148
153.83000000000004,350.62,0.0,other_tissue,0,1017.1903735990848
267.57000000000005,-213.64,0.0,CD8_Tcell,1,828.4515946335838
-482.52,500.58,0.0,CAF,1,433.7833456470402
86.46000000000004,-119.02999999999997,0.0,other_tissue,0,745.0575073948144
55.289999999999964,-43.690000000000055,0.0,CAF,1,151.66437257878005
-386.39,549.9323,0.0,other_tissue,0,287.79876706819516
-314.65,252.69,0.0,other_tissue,0,213.82195541468883
208.54999999999995,14.5,0.0,CD4_Tcell,1,317.49798948887707
28.350000000000023,406.78999999999996,0.0,CAF,1,163.93991137223648
-220.62,200.44,0.0,other_tissue,0,81.80015661409102
183.76,369.78,0.0,other_tissue,0,158.6950791392469
335.71000000000004,94.51999999999998,0.0,apCAF,1,1029.7880552126526
341.05999999999995,50.26999999999998,0.0,other_tissue,0,308.823119030247
95.62,-289.77,0.0,CD4_Tcell,1,184.04090504201667
400.22,-263.72,0.0,CD4_Tcell,1,268.53521696516384
383.28,-16.049999999999955,0.0,other_tissue,0,180.94470808123089
357.28,-39.33000000000004,0.0,CAF,1,132.8602249078529
-513.82,-54.940000000000055,0.0,CAF,1,269.028674975929
325.11,-25.799999999999955,0.0,CAF,1,243.9157894177705
363.59000000000003,-217.69000000000005,0.0,other_tissue,0,93.58252228254254
-490.39,93.25999999999999,0.0,other_tissue,0,115.01946796150035
59.74000000000001,-419.22,0.0,other_tissue,0,96.85459399908288
455.29999999999995,-239.92999999999995,0.0,epithelial_tumor_class1,1,12657.689656927883
-337.55,-82.46000000000004,0.0,CAF,1,796.0790284724826
245.62,275.1,0.0,other_tissue,0,169.60262491800455
242.47000000000003,-186.89999999999998,0.0,CAF,1,248.98169681746015
-348.59000000000003,369.09000000000003,0.0,other_tissue,0,91.72591186266924
123.97000000000003,-504.29999999999995,0.0,other_tissue,0,248.70427813415276
176.80999999999995,316.59000000000003,0.0,other_tissue,0,107.38862605045138
291.5,-179.38,0.0,CD8_Tcell,1,1333.4241050137366
-375.56,138.57,0.0,other_tissue,0,110.47701382137252
527.0,-257.29999999999995,0.0,other_tissue,0,374.8865571760139
204.19000000000005,-70.87,0.0,mesenchymal_tumor_class1,1,2025.6130922683908
544.5999999999999,-149.39999999999998,0.0,CD4_Tcell,1,459.2338736434085
-458.36,320.51,0.0,apCAF,1,289.3615292368243
-336.56,136.22000000000003,0.0,other_tissue,0,84.56364319279523
-413.40999999999997,228.98000000000002,0.0,CAF,1,193.0236848571475
380.16999999999996,-429.86,0.0,other_tissue,0,93.37334746856092
-269.51,-188.09000000000003,0.0,mesenchymal_tumor_class1,1,213.93437494730583
-204.56,-355.40999999999997,0.0,other_tissue,0,318.45548431903507
395.33000000000004,-180.47000000000003,0.0,other_tissue,0,224.6965475204505
238.26999999999998,-223.97000000000003,0.0,epithelial_tumor_class1_class2,1,3814.54800840803
204.32000000000005,-469.5,0.0,other_tissue,0,150.6078324112796
164.14999999999998,-196.39,0.0,other_tissue,0,120.15516454096067
346.21000000000004,-248.55999999999995,0.0,other_tissue,0,213.7787276217955
-479.34000000000003,-82.20000000000005,0.0,CAF,1,110.03585870625574
43.23000000000002,314.06,0.0,other_tissue,0,126.13352177713753
318.55999999999995,-156.36,0.0,epithelial_tumor_class1_class2,1,6593.7153303867135
-534.07,-511.5,0.0,other_tissue,0,94.68330531877642
-377.93,395.94,0.0,apCAF,1,619.4058003291353
200.20000000000005,354.01,0.0,other_tissue,0,178.53430017514984
-477.25,360.53999999999996,0.0,other_tissue,0,130.52570084587293
-450.72,363.72,0.0,apCAF,1,579.2118231962618
-448.36,349.43,0.0,other_tissue,0,352.81873781426265
-435.90999999999997,543.41,0.0,mesenchymal_tumor_class1,1,297.3895069690203
-41.50999999999999,120.69,0.0,CAF,1,325.9900952617524
191.69000000000005,-410.02,0.0,epithelial_tumor_class1,1,899.5411069120174
-85.49000000000001,211.61,0.0,other_tissue,0,143.54789876368588
38.370000000000005,37.65999999999997,0.0,other_tissue,0,177.09685749373352
317.80999999999995,85.97000000000003,0.0,apCAF,1,624.9921910464662
-97.38,274.67,0.0,other_tissue,0,311.4487625729139
252.70000000000005,-339.28999999999996,0.0,other_tissue,0,618.5628245614614
-241.89999999999998,402.6,0.0,CAF,1,579.2118231962618
67.42999999999995,-181.15999999999997,0.0,other_tissue,0,186.86382677597445
-550.5151,200.67000000000002,0.0,CAF,1,521.9041470826123
459.0,-306.14,0.0,other_tissue,0,163.93266861052462
72.73000000000002,-120.19000000000005,0.0,other_tissue,0,203.4127142120613
179.90999999999997,-495.9000000000001,0.0,CAF,1,126.78535757524726
-430.72,-41.52999999999997,0.0,other_tissue,0,150.59414348646305
-44.44999999999999,-237.63,0.0,other_tissue,0,106.21294799442039
433.97,-182.49,0.0,other_tissue,0,902.8122169737483
471.0,104.45999999999998,0.0,other_tissue,0,386.1740554764238
-541.425,516.57,0.0,other_tissue,0,174.15465641219407
-534.75,-274.4,0.0,other_tissue,0,146.7130562441208
-462.05,244.95999999999998,0.0,CAF,1,460.1556248555755
355.32000000000005,-200.26,0.0,other_tissue,0,185.2640594320038
244.54999999999995,-165.23000000000002,0.0,epithelial_tumor_class1_class2,1,704.294492585643
121.42999999999995,15.100000000000023,0.0,CAF,1,276.4622015806937
-365.7,451.26,0.0,mesenchymal_tumor_class1,1,1046.6713898624141
325.75,302.77,0.0,other_tissue,0,181.64954584580673
437.44000000000005,-471.9,0.0,other_tissue,0,120.63270323594713
-202.95999999999998,-309.97,0.0,apCAF,1,147.72429345476505
-412.38,478.57,0.0,other_tissue,0,316.84574291119515
230.16999999999996,-202.92999999999995,0.0,CD8_Tcell,1,695.0869252553682
-27.559999999999945,-13.539999999999964,0.0,other_tissue,0,353.0360997832595
-9.649999999999977,161.23000000000002,0.0,other_tissue,0,230.92866497738612
461.0,-425.4,0.0,other_tissue,0,135.3243693448904
-388.65,358.90999999999997,0.0,other_tissue,0,117.35114570239827
-285.64,-216.41999999999996,0.0,CAF,1,232.87268317807818
-539.77,328.81,0.0,other_tissue,0,143.16375639249023
-155.57999999999998,109.94,0.0,other_tissue,0,86.77207452020752
118.53999999999996,216.5,0.0,other_tissue,0,90.7458377949942
-498.15999999999997,-331.36,0.0,other_tissue,0,138.60737569032568
59.48000000000002,48.44,0.0,other_tissue,0,110.08776912678543
12.210000000000036,-405.6,0.0,other_tissue,0,142.00886075129137
485.9000000000001,194.49,0.0,other_tissue,0,132.0183723620366
-465.2,385.0,0.0,CAF,1,579.329441029748
-549.6704,334.99,0.0,other_tissue,0,562.1275534097989
-431.81,-513.5999999999999,0.0,other_tissue,0,81.80015661409102
279.51,-173.92999999999995,0.0,CD4_Tcell,1,444.5823833341955
360.26,-458.4,0.0,CD4_Tcell,1,1073.1564248430268
501.9000000000001,59.889999999999986,0.0,apCAF,1,133.9080700901263
389.40999999999997,-435.57000000000005,0.0,apCAF,1,805.7759287732332
-459.78,97.97000000000003,0.0,CAF,1,110.03585870625574
4.830000000000041,-278.72,0.0,other_tissue,0,132.91689514520172
251.76999999999998,-182.89,0.0,apCAF,1,178.03643571003448
421.04999999999995,-242.97000000000003,0.0,other_tissue,0,710.3764607394256
298.89,-60.16999999999996,0.0,other_tissue,0,116.11521195828418
410.9,-274.39,0.0,CD4_Tcell,1,951.7346806844076
-320.46000000000004,-268.26,0.0,other_tissue,0,97.18644488437032
-448.38,198.73000000000002,0.0,other_tissue,0,288.94917273120615
-231.63,-405.40999999999997,0.0,CAF,1,288.54776646546554
543.8,-314.88,0.0,other_tissue,0,167.9264007840775
279.91999999999996,-52.65999999999997,0.0,other_tissue,0,193.82430998277223
-423.32,359.35,0.0,other_tissue,0,144.21847542152048
-448.01,-35.210000000000036,0.0,other_tissue,0,230.08327273664642
-309.02,-399.9,0.0,CAF,1,197.75394408382272
-32.25,179.58999999999997,0.0,other_tissue,0,567.447389517597
-100.19,-472.9,0.0,other_tissue,0,173.13113479824534
-179.64,300.65999999999997,0.0,CAF,1,137.21967715891478
-317.21000000000004,305.15999999999997,0.0,mesenchymal_tumor_class1,1,457.39406563713374
-279.78,42.10000000000002,0.0,other_tissue,0,277.9733887914887
380.39,-276.38,0.0,apCAF,1,217.53514692762135
-533.11,100.11000000000001,0.0,CAF,1,175.07624094142844
488.4000000000001,135.33999999999997,0.0,mesenchymal_tumor_class1,1,333.44492465494807
-300.16999999999996,318.96000000000004,0.0,apCAF,1,601.4844072350551
-524.4,148.91000000000003,0.0,other_tissue,0,114.37445781189635
-306.86,-285.94000000000005,0.0,other_tissue,0,170.38172926862873
389.83000000000004,-194.45000000000005,0.0,other_tissue,0,422.5884623569927
321.13,108.50999999999999,0.0,apCAF,1,284.14635583447466
183.13,-229.64999999999998,0.0,CD8_Tcell,1,605.3866622539783
-394.25,-526.9000000000001,0.0,other_tissue,0,141.65375108266252
131.76,-294.02,0.0,apCAF,1,306.4320277568653
50.17999999999995,-352.80999999999995,0.0,apCAF,1,123.99291007636687
-549.9338,379.28,0.0,other_tissue,0,1019.4518582015291
-329.40999999999997,-66.10000000000002,0.0,CAF,1,241.17920349167227
-377.21000000000004,544.171,0.0,other_tissue,0,94.51764052963743
72.60000000000002,-331.28999999999996,0.0,CAF,1,195.97828519252516
87.0,52.35000000000002,0.0,other_tissue,0,144.29828641883688
293.96000000000004,3.9700000000000273,0.0,other_tissue,0,187.8376099636431
-349.37,23.41999999999996,0.0,other_tissue,0,239.80462000213885
-196.24,-112.23000000000002,0.0,other_tissue,0,81.80015661409102
194.10000000000002,-182.30999999999995,0.0,other_tissue,0,100.92365152032593
36.059999999999945,-493.9000000000001,0.0,CAF,1,298.4897100452478
246.84000000000003,150.33999999999997,0.0,other_tissue,0,96.02066803503645
479.4000000000001,-477.79999999999995,0.0,other_tissue,0,214.45374496644672
194.99,-249.64,0.0,CD4_Tcell,1,930.3957599366231
-243.33999999999997,-52.16999999999996,0.0,mesenchymal_tumor_class1,1,151.85011773005178
-399.65999999999997,-299.03999999999996,0.0,other_tissue,0,113.82270373030697
370.4,-387.78,0.0,other_tissue,0,197.53242774493722
82.50999999999999,-33.0,0.0,CAF,1,931.7329769249542
321.29999999999995,78.69,0.0,apCAF,1,124.42028465190641
127.45000000000005,441.46,0.0,other_tissue,0,1019.4518582015291
183.42999999999995,-380.71000000000004,0.0,CD8_Tcell,1,267.4898777411562
-409.8,68.35000000000002,0.0,CD4_Tcell,1,119.71647378071953
-27.970000000000027,-525.5999999999999,0.0,other_tissue,0,197.31107689055372
315.46000000000004,-415.73,0.0,other_tissue,0,253.7488114243761
-271.16,19.700000000000045,0.0,other_tissue,0,167.49254598801537
-404.19,114.10000000000002,0.0,CD8_Tcell,1,126.30640139662681
-383.47,-1.9400000000000546,0.0,other_tissue,0,248.59910428819032
-71.88,125.52999999999997,0.0,apCAF,1,154.09785148828337
354.82000000000005,38.879999999999995,0.0,apCAF,1,184.3696845653224
-47.73000000000002,34.049999999999955,0.0,other_tissue,0,577.818424982897
331.01,-6.539999999999964,0.0,CAF,1,194.7246097737
-279.46,-282.97,0.0,apCAF,1,515.7373460002782
-225.06,-161.10000000000002,0.0,mesenchymal_tumor_class1,1,387.93341713527116
-276.08,-253.20000000000005,0.0,other_tissue,0,101.98084820203435
324.38,382.34000000000003,0.0,CAF,1,179.0177306602798
-265.44,-120.70000000000005,0.0,apCAF,1,328.5277909541678
-146.13,120.29000000000002,0.0,other_tissue,0,210.52754887729853
257.55999999999995,-203.55999999999995,0.0,CD8_Tcell,1,968.7263231804923
-132.82,-224.40999999999997,0.0,CD8_Tcell,1,177.24177918459026
279.20000000000005,-212.97000000000003,0.0,CD4_Tcell,1,788.6460518804589
-509.44,-205.75,0.0,other_tissue,0,161.41078296228926
-95.32999999999998,174.32999999999998,0.0,CAF,1,110.03585870625574
-455.81,311.71000000000004,0.0,apCAF,1,118.85281871302858
509.29999999999995,59.05000000000001,0.0,apCAF,1,214.32382374697625
477.9000000000001,198.0,0.0,other_tissue,0,107.56353496066092
-20.299999999999955,-490.9000000000001,0.0,other_tissue,0,240.8608069036783
-463.33,374.32,0.0,other_tissue,0,479.17625240259486
261.62,49.56999999999999,0.0,CAF,1,222.13254607023876
-322.52,96.26999999999998,0.0,other_tissue,0,242.02337214762116
237.84000000000003,451.23,0.0,CAF,1,208.63358017307831
-352.16999999999996,-428.04999999999995,0.0,other_tissue,0,132.55825566913285
-296.49,-465.4,0.0,other_tissue,0,124.31786625500176
258.97,130.54000000000002,0.0,CAF,1,329.2420817352906
-417.1,292.24,0.0,epithelial_tumor_class1,1,1164.7412254629064
-25.970000000000027,-536.5,0.0,other_tissue,0,100.84505054915455
229.89999999999998,-531.8,0.0,other_tissue,0,145.90739732219862
-4.029999999999973,-304.67999999999995,0.0,other_tissue,0,138.10285542927335
-128.23000000000002,318.4,0.0,other_tissue,0,84.75478427335439
303.07000000000005,404.72,0.0,CAF,1,234.23904870191774
161.38,-153.65999999999997,0.0,epithelial_tumor_class1_class2,1,10871.668874768031
-501.65999999999997,52.629999999999995,0.0,other_tissue,0,110.68312760003565
5.3799999999999955,-520.5999999999999,0.0,CAF,1,110.03585870625574
208.10000000000002,-505.0,0.0,apCAF,1,535.0857501941327
15.730000000000018,-331.79999999999995,0.0,CAF,1,110.03585870625574
475.4000000000001,-476.4000000000001,0.0,other_tissue,0,221.81342412566502
-55.44,-446.73,0.0,CAF,1,345.2195585289734
-314.02,-158.47000000000003,0.0,mesenchymal_tumor_class1,1,1324.5122109930203
-322.02,34.59000000000003,0.0,mesenchymal_tumor_class1,1,170.68659750933367
145.82000000000005,-192.01999999999998,0.0,CAF,1,132.08734529281813
306.79999999999995,14.120000000000005,0.0,other_tissue,0,198.682827953217
307.40999999999997,4.17999999999995,0.0,other_tissue,0,251.45885379807538
363.87,111.0,0.0,epithelial_tumor_class1,1,1084.4570554257675
-447.79,63.75999999999999,0.0,other_tissue,0,115.64393929793377
287.39,-536.2,0.0,epithelial_tumor_class1_class2,1,984.4347092225232
-259.47,166.98000000000002,0.0,other_tissue,0,134.78970907138032
-440.55,243.37,0.0,other_tissue,0,146.35014371681615
385.32000000000005,-117.60000000000002,0.0,other_tissue,0,209.8437223807264
195.89999999999998,-127.28999999999996,0.0,apCAF,1,459.4641959379801
95.14999999999998,-210.58000000000004,0.0,apCAF,1,246.7395775005562
452.6,-24.57000000000005,0.0,other_tissue,0,562.8195513364226
335.41999999999996,-196.27999999999997,0.0,apCAF,1,619.8099974850777
-223.2,-432.05999999999995,0.0,CAF,1,488.45999005394003
139.67999999999995,-402.88,0.0,other_tissue,0,258.72362798569924
291.70000000000005,-12.340000000000032,0.0,mesenchymal_tumor_class1,1,323.60224771401414
-229.85000000000002,-411.67999999999995,0.0,other_tissue,0,99.68132485851643
-278.15,-522.0,0.0,CAF,1,110.03585870625574
283.21000000000004,-70.00999999999999,0.0,other_tissue,0,133.1689578395421
69.99000000000001,-250.25,0.0,other_tissue,0,315.90269456011544
442.08000000000004,-192.72000000000003,0.0,other_tissue,0,337.3083095215433
166.25,-282.08000000000004,0.0,other_tissue,0,130.59415294027397
-550.6263,91.87,0.0,other_tissue,0,200.73991754729394
-468.51,-285.79999999999995,0.0,other_tissue,0,134.75157303320213
-390.22,-369.53999999999996,0.0,other_tissue,0,165.4801983343645
-220.01999999999998,-283.87,0.0,other_tissue,0,135.3116229364833
275.53,-178.30999999999995,0.0,CD4_Tcell,1,419.8574477180332
480.79999999999995,191.85000000000002,0.0,CAF,1,222.70062945520235
-272.99,364.19,0.0,other_tissue,0,109.97672453169886
331.85,-178.90999999999997,0.0,apCAF,1,459.6657911069479
173.83000000000004,26.450000000000045,0.0,CAF,1,110.03585870625574
-310.08000000000004,-273.07000000000005,0.0,other_tissue,0,96.17285630138527
-499.72,-317.58000000000004,0.0,other_tissue,0,93.7670539563946
322.28999999999996,-182.03999999999996,0.0,other_tissue,0,176.28219444875006
377.65,-207.10000000000002,0.0,other_tissue,0,271.6774251964983
-149.25,-0.16999999999995907,0.0,other_tissue,0,301.05653426269214
340.98,-361.73,0.0,CD4_Tcell,1,326.3796563443072
462.5,-371.15999999999997,0.0,other_tissue,0,122.93174678359856
-59.51999999999998,151.77999999999997,0.0,other_tissue,0,214.9566010218136
-187.38,-493.4000000000001,0.0,other_tissue,0,140.32409790181396
-405.88,-475.9000000000001,0.0,other_tissue,0,108.82628418839381
364.79999999999995,-33.67999999999995,0.0,apCAF,1,335.0870294627819
303.94000000000005,-198.64,0.0,other_tissue,0,417.43527726824504
287.99,-503.9000000000001,0.0,CD4_Tcell,1,784.0317292331591
271.37,-171.80999999999995,0.0,other_tissue,0,461.82944110713134
117.74000000000001,-82.85000000000002,0.0,other_tissue,0,920.2701235855941
-522.42,-19.340000000000032,0.0,other_tissue,0,81.80015661409102
309.4,-43.700000000000045,0.0,mesenchymal_tumor_class1,1,551.3601876812501
394.48,101.50999999999999,0.0,epithelial_tumor_class1,1,3477.9208654183894
210.66999999999996,-307.74,0.0,CD8_Tcell,1,161.6976801439681
-460.61,-343.65,0.0,apCAF,1,614.5866117049243
-219.95,-503.0,0.0,other_tissue,0,198.04955672955023
-35.870000000000005,214.85000000000002,0.0,other_tissue,0,166.31244035757027
-544.92,396.82,0.0,CAF,1,240.57074846954646
-48.170000000000016,275.16,0.0,mesenchymal_tumor_class1,1,2529.5309066455125
226.63,-166.70000000000005,0.0,CD4_Tcell,1,235.3525719167025
164.22000000000003,-349.75,0.0,other_tissue,0,197.62265516257781
113.34000000000003,-243.75,0.0,CD8_Tcell,1,126.30640139662681
323.57000000000005,-62.559999999999945,0.0,other_tissue,0,243.1237331984471
146.19000000000005,272.39,0.0,other_tissue,0,165.64788271920642
3.409999999999968,155.57999999999998,0.0,CAF,1,259.1951656805647
-204.25,-430.02,0.0,CAF,1,571.4009408239398
-198.48000000000002,-456.6,0.0,other_tissue,0,165.86677166953191
358.74,57.26999999999998,0.0,CAF,1,431.4735153994829
-207.13,63.860000000000014,0.0,CAF,1,303.91119897553733
-457.28,344.84000000000003,0.0,apCAF,1,135.0059492051691
-19.92999999999995,-469.1,0.0,CAF,1,348.0832483353079
284.0,-21.710000000000036,0.0,mesenchymal_tumor_class1,1,142.61918967931675
452.1,-34.22000000000003,0.0,other_tissue,0,738.5188820819542
-180.14999999999998,44.93000000000001,0.0,other_tissue,0,142.69444686592217
-506.82,-500.79999999999995,0.0,other_tissue,0,200.94723351137011
439.22,-95.39999999999998,0.0,apCAF,1,991.0777385799313
-182.06,104.70999999999998,0.0,other_tissue,0,125.30824974852389
-199.48000000000002,136.19,0.0,other_tissue,0,129.05049801588754
351.83000000000004,294.84000000000003,0.0,other_tissue,0,161.05979664863244
-26.24000000000001,-259.90999999999997,0.0,apCAF,1,1261.1319482720664
369.53999999999996,-101.35000000000002,0.0,other_tissue,0,101.12295674929926
-162.12,85.19,0.0,other_tissue,0,670.6379074784468
-522.42,209.7,0.0,other_tissue,0,153.6742897859355
-521.66,-189.78999999999996,0.0,apCAF,1,1036.7076543085946
-327.73,-492.0999999999999,0.0,apCAF,1,1048.4421679308261
427.14,-194.76999999999998,0.0,other_tissue,0,710.0492491090376
13.529999999999973,-508.0999999999999,0.0,other_tissue,0,254.75806052662935
-365.7,-391.57000000000005,0.0,other_tissue,0,149.89028465807968
446.30999999999995,-301.21000000000004,0.0,CD4_Tcell,1,721.2892637194823
495.5999999999999,222.64999999999998,0.0,other_tissue,0,97.09447194882001
358.74,-508.0999999999999,0.0,epithelial_tumor_class1,1,1366.4751275276476
196.30999999999995,365.78999999999996,0.0,other_tissue,0,101.02851633298857
272.1,-433.67999999999995,0.0,other_tissue,0,90.77513795047415
-60.60000000000002,200.14,0.0,other_tissue,0,657.7531799073446
-40.98000000000002,398.57,0.0,other_tissue,0,372.72841243849246
54.610000000000014,356.89,0.0,other_tissue,0,329.4265827574698
171.40999999999997,458.40999999999997,0.0,other_tissue,0,166.39289170450718
-368.13,-203.41999999999996,0.0,mesenchymal_tumor_class1,1,142.61918967931675
-469.87,-185.51999999999998,0.0,mesenchymal_tumor_class1,1,142.61918967931675
-290.18,100.80000000000001,0.0,other_tissue,0,91.86368276189087
-414.19,330.84000000000003,0.0,other_tissue,0,86.48803143815321
-336.64,-336.54999999999995,0.0,apCAF,1,179.98720809662564
49.870000000000005,-307.24,0.0,apCAF,1,617.1770927966693
-233.61,207.82999999999998,0.0,other_tissue,0,82.63589835000951
345.21000000000004,80.38,0.0,apCAF,1,118.85281871302858
103.46000000000004,-398.62,0.0,CAF,1,290.3676287160152
-18.710000000000036,-36.98000000000002,0.0,other_tissue,0,122.9915375188152
489.5,-447.15,0.0,other_tissue,0,1019.4518582015291
140.97000000000003,-18.690000000000055,0.0,other_tissue,0,1019.4518582015291
-175.51,-435.88,0.0,other_tissue,0,115.23691764440893
385.79999999999995,-470.29999999999995,0.0,other_tissue,0,544.7372002340962
317.64,12.289999999999964,0.0,other_tissue,0,81.80015661409102
375.89,-212.54999999999995,0.0,other_tissue,0,374.5849219207
-212.2,-458.79999999999995,0.0,other_tissue,0,176.8758135670325
372.03,-18.230000000000018,0.0,apCAF,1,144.03900828830203
-442.0,4.67999999999995,0.0,CD4_Tcell,1,119.71647378071953
524.2,106.92000000000002,0.0,epithelial_tumor_class1,1,4905.794237678113
6.029999999999973,-263.78,0.0,other_tissue,0,81.80015661409102
117.28999999999996,-212.39999999999998,0.0,CD4_Tcell,1,136.6158840410356
493.79999999999995,-425.76,0.0,other_tissue,0,1019.4518582015291
267.1,-19.120000000000005,0.0,mesenchymal_tumor_class1,1,366.57610892614844
509.9000000000001,-262.19000000000005,0.0,mesenchymal_tumor_class1,1,268.082573106329
229.78999999999996,35.07000000000005,0.0,apCAF,1,667.9367593922298
-531.52,-374.54999999999995,0.0,other_tissue,0,96.78831460347851
88.88,26.450000000000045,0.0,CAF,1,110.03585870625574
297.99,31.690000000000055,0.0,other_tissue,0,282.17573095367425
-184.86,-381.80999999999995,0.0,other_tissue,0,130.32048809013787
-549.4175,-30.730000000000018,0.0,other_tissue,0,381.53812644861006
-451.27,356.06,0.0,apCAF,1,118.85281871302858
23.25999999999999,440.65999999999997,0.0,other_tissue,0,257.50813668860746
-432.29,24.25999999999999,0.0,apCAF,1,353.3139699682551
-541.681,-429.82000000000005,0.0,other_tissue,0,138.8082308733415
-99.31,-28.350000000000023,0.0,other_tissue,0,115.83918997775015
-98.26999999999998,-515.2,0.0,other_tissue,0,81.80015661409102
-455.65999999999997,355.63,0.0,apCAF,1,678.8597313381794
51.23000000000002,311.55,0.0,CAF,1,237.9428394183239
-480.55,544.655,0.0,other_tissue,0,156.97198999219484
-358.01,-425.38,0.0,other_tissue,0,123.32672394027537
56.65999999999997,236.91000000000003,0.0,CAF,1,297.08796409053986
30.649999999999977,-151.66999999999996,0.0,other_tissue,0,217.62261816836875
79.71000000000004,-487.0999999999999,0.0,other_tissue,0,232.68968390692226
-309.22,-406.74,0.0,other_tissue,0,649.5760548147804
390.63,-167.74,0.0,other_tissue,0,495.3003502253436
-400.75,26.139999999999986,0.0,other_tissue,0,104.65339875527569
251.13,-173.13,0.0,CD8_Tcell,1,624.7801096185681
-329.64,-429.46000000000004,0.0,other_tissue,0,196.58260990069738
85.58000000000004,-431.82000000000005,0.0,other_tissue,0,196.6561934754248
-194.10000000000002,92.25,0.0,apCAF,1,693.1723648278579
284.79999999999995,186.19,0.0,CD4_Tcell,1,205.52752940877596
-457.82,-189.80999999999995,0.0,mesenchymal_tumor_class1,1,519.4159374894261
-57.079999999999984,5.080000000000041,0.0,other_tissue,0,108.81526138668825
368.1,281.95,0.0,CAF,1,429.3094897777892
-132.82999999999998,-532.8,0.0,CAF,1,262.30385623137016
-357.83000000000004,-519.4000000000001,0.0,apCAF,1,193.09637768271728
-178.19,256.62,0.0,CAF,1,217.11561122839112
-373.24,-245.22000000000003,0.0,CAF,1,219.30661615609856
346.61,-470.0,0.0,CD4_Tcell,1,457.638131645228
179.98000000000002,142.02999999999997,0.0,other_tissue,0,289.3086411083478
313.17999999999995,-235.85000000000002,0.0,CD4_Tcell,1,451.30635584676565
435.26,-245.23000000000002,0.0,other_tissue,0,425.53645770519324
245.53999999999996,-215.26999999999998,0.0,apCAF,1,514.6495879385266
180.23000000000002,-237.39,0.0,epithelial_tumor_class1_class2,1,1977.8382318644926
83.34000000000003,-335.86,0.0,other_tissue,0,126.39520528968814
129.10000000000002,-84.5,0.0,other_tissue,0,779.2511445681442
357.38,-251.85000000000002,0.0,CD4_Tcell,1,135.70074860396147
-535.28,-278.63,0.0,apCAF,1,154.09785148828337
329.42999999999995,305.8,0.0,other_tissue,0,226.8931983448837
-128.64,-15.159999999999968,0.0,other_tissue,0,334.9820535420335
16.58000000000004,-511.20000000000005,0.0,CAF,1,121.00499573363625
240.41999999999996,-19.0,0.0,apCAF,1,159.37645728512942
-520.74,519.58,0.0,CAF,1,612.4392354938166
-521.2,361.53999999999996,0.0,apCAF,1,737.9066207425165
214.90999999999997,-307.87,0.0,other_tissue,0,138.5232037943366
231.49,-317.09000000000003,0.0,apCAF,1,681.384251433963
453.1,-268.28999999999996,0.0,epithelial_tumor_class1_class2,1,704.294492585643
380.89,-469.70000000000005,0.0,CAF,1,184.28353782768696
-41.24000000000001,-54.26999999999998,0.0,other_tissue,0,81.80015661409102
175.46000000000004,-135.25,0.0,apCAF,1,354.81456505176703
298.80999999999995,-297.73,0.0,apCAF,1,193.0236848571475
-143.82,276.2,0.0,CAF,1,313.2297376141331
-79.68,-347.39,0.0,other_tissue,0,674.8520852103924
356.45000000000005,-364.15999999999997,0.0,other_tissue,0,115.9771462243829
185.57000000000005,-396.98,0.0,CAF,1,528.0409245826743
182.26999999999998,-134.59000000000003,0.0,other_tissue,0,227.5775061139578
24.639999999999986,-442.24,0.0,CAF,1,543.8345348134206
-279.57,89.98000000000002,0.0,other_tissue,0,445.7101323877892
471.4,-468.4,0.0,other_tissue,0,253.17744344525275
-320.14,249.76,0.0,other_tissue,0,195.2693808660972
184.89,-536.0999999999999,0.0,other_tissue,0,88.48940240491036
-493.34000000000003,-272.40999999999997,0.0,other_tissue,0,224.25892568604183
-437.18,-542.0999999999999,0.0,other_tissue,0,135.86044161691993
335.03999999999996,118.0,0.0,CD8_Tcell,1,398.60191585811714
135.83000000000004,-517.5999999999999,0.0,other_tissue,0,141.69975038293785
204.23000000000002,-203.37,0.0,apCAF,1,1261.1319482720664
-126.14999999999998,-290.35,0.0,mesenchymal_tumor_class1,1,269.0891399161379
51.10000000000002,31.610000000000014,0.0,other_tissue,0,202.42745081482397
-315.26,-359.48,0.0,other_tissue,0,187.9169276950034
-454.26,515.75,0.0,apCAF,1,613.555944145201
448.16999999999996,0.7599999999999909,0.0,CD4_Tcell,1,217.38649961591162
-134.10000000000002,-291.87,0.0,mesenchymal_tumor_class1,1,438.2602727462881
-508.06,-229.86,0.0,other_tissue,0,94.56280265558911
265.62,-3.759999999999991,0.0,CD8_Tcell,1,397.5028423388234
389.95000000000005,-224.65999999999997,0.0,other_tissue,0,154.9263827014847
332.37,7.850000000000023,0.0,other_tissue,0,583.726279430992
467.79999999999995,-338.11,0.0,apCAF,1,202.48580967977742
296.16999999999996,383.89,0.0,CAF,1,213.7960180397443
-425.92,-468.6,0.0,other_tissue,0,93.69221460929455
232.76,386.87,0.0,CD4_Tcell,1,406.3389429481141
-362.6,59.889999999999986,0.0,other_tissue,0,128.31708321967213
-295.19,-152.36,0.0,mesenchymal_tumor_class1,1,625.1336053250391
-370.63,-370.94000000000005,0.0,other_tissue,0,208.51452296987398
-153.52999999999997,297.65,0.0,apCAF,1,288.54776646546554
-103.63,-109.41999999999996,0.0,other_tissue,0,102.07059993131413
271.35,-294.26,0.0,CAF,1,140.4024657119284
348.26,-479.0,0.0,apCAF,1,447.47605565798676
447.53999999999996,-316.01,0.0,CD4_Tcell,1,523.0648864106645
-234.38,396.78999999999996,0.0,other_tissue,0,273.69064579291415
-177.36,328.05,0.0,other_tissue,0,198.77340531930355
491.20000000000005,-342.49,0.0,other_tissue,0,507.8164727299911
-158.14999999999998,489.32,0.0,other_tissue,0,302.8958454892027
-111.88999999999999,-51.059999999999945,0.0,other_tissue,0,206.92014011095046
55.190000000000055,-153.46000000000004,0.0,CAF,1,163.73719467031978
277.95000000000005,438.15,0.0,apCAF,1,230.59207852620906
-405.56,351.07,0.0,other_tissue,0,152.72584243652292
-416.09000000000003,316.40999999999997,0.0,epithelial_tumor_class1,1,2440.04404687053
-61.370000000000005,-363.55999999999995,0.0,other_tissue,0,81.80015661409102
-533.6,317.90999999999997,0.0,other_tissue,0,155.16365017531697
69.80999999999995,-260.86,0.0,apCAF,1,290.4418544731396
-527.25,31.399999999999977,0.0,CAF,1,144.18522952681167
197.32000000000005,-496.4000000000001,0.0,other_tissue,0,130.9617135484333
477.0999999999999,-289.94000000000005,0.0,other_tissue,0,1019.4518582015291
307.54999999999995,-26.25,0.0,other_tissue,0,111.37575627825198
467.6,138.07999999999998,0.0,apCAF,1,759.3365637144748
29.549999999999955,314.34000000000003,0.0,other_tissue,0,218.96385350306082
28.00999999999999,-129.99,0.0,other_tissue,0,83.46438379434078
-277.31,120.55000000000001,0.0,other_tissue,0,104.31010899037162
-69.83999999999997,-407.01,0.0,apCAF,1,444.68098534522153
435.11,-19.450000000000045,0.0,other_tissue,0,191.2925531292511
-250.06,-320.5,0.0,apCAF,1,175.07624094142844
276.28,480.23,0.0,apCAF,1,1073.4178132438785
19.83000000000004,-120.95000000000005,0.0,other_tissue,0,185.2247719481598
8.399999999999977,-486.20000000000005,0.0,CAF,1,468.7111817237682
-368.53,-455.70000000000005,0.0,other_tissue,0,101.0075375620785
42.370000000000005,299.48,0.0,CAF,1,314.40218446981146
120.88999999999999,-478.5999999999999,0.0,CAF,1,541.2931057339912
199.45000000000005,-242.94000000000005,0.0,CD4_Tcell,1,326.6548274121184
-40.30000000000001,-304.65999999999997,0.0,other_tissue,0,152.0566790299482
410.76,31.49000000000001,0.0,CAF,1,144.03900828830203
150.87,-514.4000000000001,0.0,CD8_Tcell,1,217.09814229009334
-466.87,549.6281,0.0,apCAF,1,234.23904870191774
172.64,9.169999999999959,0.0,mesenchymal_tumor_class1_class2,1,234.20229811579892
30.450000000000045,-163.49,0.0,CD8_Tcell,1,126.30640139662681
326.86,114.19,0.0,apCAF,1,166.70763227382562
466.0,239.98000000000002,0.0,other_tissue,0,111.47653867778283
5.75,25.379999999999995,0.0,apCAF,1,247.3298025891131
-295.68,-260.61,0.0,other_tissue,0,94.87934041359745
-486.19,-338.97,0.0,apCAF,1,314.40218446981146
-218.3,-265.27,0.0,CAF,1,317.26172797229293
-66.10000000000002,192.58999999999997,0.0,other_tissue,0,814.8760252599966
-547.674,-293.59000000000003,0.0,other_tissue,0,128.61874008070575
-492.14,84.43,0.0,CD4_Tcell,1,558.9221354897179
252.73000000000002,-227.26999999999998,0.0,CD8_Tcell,1,1333.4241050137366
204.62,495.90999999999997,0.0,CAF,1,142.05493689196044
19.82000000000005,-498.5999999999999,0.0,other_tissue,0,329.6688449340677
361.17999999999995,40.80000000000001,0.0,apCAF,1,364.8943239611864
303.39,-6.57000000000005,0.0,epithelial_tumor_class1,1,796.598377526124
295.61,-223.62,0.0,CD4_Tcell,1,1073.1564248430268
314.40999999999997,-366.74,0.0,apCAF,1,622.309370286899
288.0,-376.5,0.0,other_tissue,0,1019.4518582015291
-110.69999999999999,256.24,0.0,other_tissue,0,102.35075212094279
-314.65999999999997,-419.34000000000003,0.0,CAF,1,162.97128099737182
-352.93,174.19,0.0,other_tissue,0,114.55116683102084
90.08000000000004,62.75999999999999,0.0,other_tissue,0,140.89947284635753
-545.905,-435.52,0.0,CAF,1,212.36408348334317
299.35,-190.89999999999998,0.0,CAF,1,267.44972665569065
318.4,182.19,0.0,other_tissue,0,119.20972798965586
287.72,-61.47000000000003,0.0,other_tissue,0,277.31478189543503
-280.85,-463.70000000000005,0.0,other_tissue,0,250.881311391102
87.02999999999997,-358.14,0.0,apCAF,1,124.42028465190641
-518.43,74.25,0.0,CD4_Tcell,1,119.71647378071953
55.34000000000003,348.25,0.0,other_tissue,0,252.70356997611057
4.17999999999995,-175.38,0.0,other_tissue,0,179.36357191620905
23.610000000000014,-106.72000000000003,0.0,other_tissue,0,382.7860224140247
36.90999999999997,-480.9000000000001,0.0,other_tissue,0,401.8981196899894
-535.25,-148.62,0.0,apCAF,1,360.0389096652777
294.19000000000005,453.93,0.0,other_tissue,0,386.40490831311376
-214.57999999999998,-431.79999999999995,0.0,other_tissue,0,303.50696978470444
-343.59000000000003,-114.12,0.0,apCAF,1,199.51552711643674
484.70000000000005,138.31,0.0,mesenchymal_tumor_class1_class2,1,304.75358305820447
257.61,-127.79999999999995,0.0,other_tissue,0,108.40244342519512
-182.74,188.17000000000002,0.0,other_tissue,0,94.19189648730202
187.19000000000005,-509.20000000000005,0.0,other_tissue,0,240.48658159577224
258.57000000000005,-225.30999999999995,0.0,CD8_Tcell,1,1333.4241050137366
-479.07,522.74,0.0,apCAF,1,469.98166487283686
381.69000000000005,-455.20000000000005,0.0,other_tissue,0,352.83081113793867
-335.82,483.9,0.0,other_tissue,0,154.54307998386594
2.67999999999995,-343.67999999999995,0.0,other_tissue,0,303.02673157011435
258.21000000000004,423.61,0.0,other_tissue,0,150.8886382112013
201.05999999999995,-235.35000000000002,0.0,other_tissue,0,198.18925393466046
32.700000000000045,252.08999999999997,0.0,other_tissue,0,117.61214934125331
-19.639999999999986,-475.20000000000005,0.0,other_tissue,0,210.47621043387187
427.19000000000005,-15.870000000000005,0.0,other_tissue,0,133.54764907896657
111.98000000000002,259.11,0.0,CAF,1,314.97271276287114
311.1,-35.35000000000002,0.0,mesenchymal_tumor_class1,1,194.5053619017278
239.21000000000004,-287.59000000000003,0.0,other_tissue,0,428.2920170861168
279.91999999999996,385.98,0.0,CAF,1,186.59524594272537
-547.73,-258.08000000000004,0.0,apCAF,1,643.3211934408295
-441.88,287.37,0.0,mesenchymal_tumor_class1,1,1436.7550402417319
-348.99,-261.6,0.0,CAF,1,186.4373775008249
-479.05,-159.58000000000004,0.0,other_tissue,0,200.49132667099826
472.79999999999995,-191.13,0.0,CAF,1,257.3124469510372
-301.78999999999996,-528.3,0.0,other_tissue,0,105.10510847318554
-304.0,-484.5999999999999,0.0,other_tissue,0,84.40535409779183
-168.82999999999998,-258.62,0.0,other_tissue,0,1019.4518582015291
130.15999999999997,-220.24,0.0,CD4_Tcell,1,136.75703823550108
-450.8,206.2,0.0,mesenchymal_tumor_class1,1,565.9240268179813
69.85000000000002,-151.64,0.0,other_tissue,0,155.6249195082815
170.38,-284.49,0.0,other_tissue,0,126.52922972383668
86.0,445.8,0.0,CAF,1,178.55730091520627
347.17999999999995,-508.29999999999995,0.0,CD4_Tcell,1,604.6429015807036
360.48,-363.57000000000005,0.0,other_tissue,0,121.03457552125678
-322.93,62.120000000000005,0.0,other_tissue,0,318.0722557216543
223.83000000000004,101.82999999999998,0.0,other_tissue,0,493.4408593611556
27.360000000000014,-207.35000000000002,0.0,other_tissue,0,356.9517282453618
-431.95,295.57,0.0,CAF,1,929.4512581519874
-4.419999999999959,191.83999999999997,0.0,other_tissue,0,140.27839681569762
295.6,368.46000000000004,0.0,CAF,1,203.1953482952503
172.22000000000003,-5.67999999999995,0.0,apCAF,1,550.336542800697
-251.64,-163.59000000000003,0.0,other_tissue,0,138.4325952540015
201.84000000000003,228.0,0.0,other_tissue,0,199.94514933921533
364.76,-209.29999999999995,0.0,apCAF,1,118.85281871302858
-126.67000000000002,98.19,0.0,other_tissue,0,147.11699547834158
244.80999999999995,111.31,0.0,other_tissue,0,375.7168889773153
146.20000000000005,-380.49,0.0,CAF,1,110.03585870625574
321.38,18.360000000000014,0.0,CAF,1,147.0226767590135
-384.34000000000003,-461.20000000000005,0.0,apCAF,1,622.4680072660138
-491.33,541.813,0.0,other_tissue,0,150.12921342687363
314.62,52.329999999999984,0.0,CAF,1,290.4418544731396
-549.7339,483.53,0.0,other_tissue,0,797.9289402704998
-476.2,-288.44000000000005,0.0,apCAF,1,430.76975612657077
117.91999999999996,-34.460000000000036,0.0,other_tissue,0,448.0704511168784
-472.48,545.802,0.0,other_tissue,0,151.45816679795456
293.47,-54.42999999999995,0.0,other_tissue,0,163.10117308557463
-6.019999999999982,206.13,0.0,CAF,1,307.40019352918677
-502.94,-264.98,0.0,CAF,1,210.93855699128613
4.1299999999999955,-154.24,0.0,other_tissue,0,208.60806410111815
-113.72000000000003,-96.67999999999995,0.0,other_tissue,0,102.18682737647212
26.409999999999968,147.32,0.0,other_tissue,0,270.3205594662521
-318.84000000000003,34.789999999999964,0.0,other_tissue,0,186.61103768661866
-101.19999999999999,-101.50999999999999,0.0,other_tissue,0,105.78510724456842
541.7,-213.38,0.0,other_tissue,0,93.02541584048787
-338.09000000000003,398.05,0.0,other_tissue,0,127.1579679949459
-418.25,194.45,0.0,other_tissue,0,98.49564115170486
367.47,-542.8,0.0,other_tissue,0,274.0373477620479
406.46000000000004,106.13,0.0,epithelial_tumor_class1,1,8527.45502704229
-26.659999999999968,-389.90999999999997,0.0,other_tissue,0,478.82098540399875
-388.89,-410.78,0.0,CAF,1,186.73740371428087
-409.96000000000004,514.17,0.0,other_tissue,0,122.29319842207997
-477.22,436.03,0.0,other_tissue,0,91.28891210904075
409.73,58.64999999999998,0.0,other_tissue,0,411.2401031125223
63.84000000000003,288.07,0.0,other_tissue,0,81.80015661409102
-248.07999999999998,268.4,0.0,other_tissue,0,200.6321696204408
67.27999999999997,-102.0,0.0,apCAF,1,619.4058003291353
431.40999999999997,-94.19000000000005,0.0,apCAF,1,422.96983937491734
-197.3,-488.0,0.0,other_tissue,0,92.48535912041194
446.37,-247.71000000000004,0.0,epithelial_tumor_class1,1,780.2880154958913
-201.37,262.99,0.0,other_tissue,0,86.20932752622821
-1.7100000000000364,9.269999999999982,0.0,apCAF,1,528.9102186359679
482.0999999999999,-219.28999999999996,0.0,epithelial_tumor_class1,1,918.5325718683555
341.88,-445.64,0.0,CD4_Tcell,1,1073.1564248430268
266.44000000000005,279.8,0.0,other_tissue,0,224.446408257064
395.84000000000003,257.23,0.0,other_tissue,0,264.5992918381129
-7.7000000000000455,-215.89999999999998,0.0,other_tissue,0,154.362102623926
-424.42,303.57,0.0,epithelial_tumor_class1,1,2330.1158807524453
544.3,-189.28999999999996,0.0,other_tissue,0,933.92601313572
437.66999999999996,-449.73,0.0,other_tissue,0,200.2263893723916
-123.55000000000001,103.43,0.0,CD4_Tcell,1,304.9616832287312
180.25,319.06,0.0,other_tissue,0,111.8690481788372
250.99,-309.45000000000005,0.0,other_tissue,0,151.0188859949388
411.15,66.12,0.0,epithelial_tumor_class1,1,12657.689656927883
-230.01999999999998,221.26,0.0,other_tissue,0,154.51522811099153
-356.83000000000004,-77.73000000000002,0.0,other_tissue,0,247.82555524538947
-145.10000000000002,15.529999999999973,0.0,other_tissue,0,318.03845620221267
-513.83,-323.1,0.0,other_tissue,0,122.3885413479517
349.14,123.18,0.0,epithelial_tumor_class1,1,979.3944617353721
-41.20999999999998,-472.20000000000005,0.0,other_tissue,0,88.20641304069744
-469.29,-466.0,0.0,other_tissue,0,130.50703624513523
413.26,242.5,0.0,other_tissue,0,157.64137423372858
184.17999999999995,512.53,0.0,other_tissue,0,191.9596185014125
489.9000000000001,194.18,0.0,other_tissue,0,98.94498345998278
495.0,156.01,0.0,CAF,1,154.9194079104822
273.47,194.98000000000002,0.0,other_tissue,0,163.44788936946745
462.0,-3.2799999999999727,0.0,CD4_Tcell,1,609.6186242669548
-204.97000000000003,-76.08000000000004,0.0,other_tissue,0,255.77972518161826
-130.62,-385.09000000000003,0.0,other_tissue,0,555.7452706131005
108.51999999999998,-286.70000000000005,0.0,apCAF,1,329.2420817352906
-481.81,380.02,0.0,other_tissue,0,272.20519051945683
-247.31,175.64999999999998,0.0,other_tissue,0,470.40566887951394
-170.61,51.85000000000002,0.0,other_tissue,0,197.68008691321032
63.799999999999955,-78.51999999999998,0.0,other_tissue,0,106.3594361193339
-174.22000000000003,317.07,0.0,other_tissue,0,81.80015661409102
-345.14,-311.14,0.0,other_tissue,0,270.4722223496965
467.1,-471.4,0.0,apCAF,1,627.8245311242297
-454.0,449.81,0.0,other_tissue,0,81.80015661409102
-454.96,370.03,0.0,other_tissue,0,770.5813185843941
220.86,-209.86,0.0,CD4_Tcell,1,158.7376082672181
-357.85,280.55,0.0,other_tissue,0,275.4782661471737
-162.81,-459.70000000000005,0.0,apCAF,1,474.43907848889853
329.80999999999995,-19.279999999999973,0.0,CAF,1,279.8519994923326
382.70000000000005,56.26999999999998,0.0,CAF,1,360.4796336750089
-480.61,143.76999999999998,0.0,other_tissue,0,148.26551493097728
-527.82,-260.4,0.0,apCAF,1,197.75394408382272
-92.38999999999999,224.47000000000003,0.0,other_tissue,0,339.4923133983524
9.289999999999964,-464.4,0.0,CAF,1,1266.1957681158633
-341.46000000000004,-381.23,0.0,other_tissue,0,187.07729505756993
181.87,-172.14999999999998,0.0,other_tissue,0,97.5190529144574
-203.37,238.01999999999998,0.0,other_tissue,0,81.80015661409102
48.75999999999999,204.95999999999998,0.0,other_tissue,0,187.2513523292679
-343.0,-96.47000000000003,0.0,CAF,1,618.2469059389119
-391.94,30.16999999999996,0.0,other_tissue,0,81.80015661409102
-263.93,-275.39,0.0,CAF,1,110.03585870625574
-483.69,181.04000000000002,0.0,mesenchymal_tumor_class1,1,260.83031659491036
-162.47000000000003,117.66000000000003,0.0,other_tissue,0,112.67939127644074
263.39,-287.33000000000004,0.0,other_tissue,0,212.33826414191458
-418.97,-361.04999999999995,0.0,CAF,1,352.98778941068804
-69.20999999999998,-275.26,0.0,other_tissue,0,129.92931577831524
-226.82999999999998,-59.710000000000036,0.0,CD4_Tcell,1,119.71647378071953
-320.13,-509.5999999999999,0.0,other_tissue,0,147.93386019533324
109.52999999999997,-440.95000000000005,0.0,CD4_Tcell,1,119.71647378071953
-140.97000000000003,-167.71000000000004,0.0,CAF,1,125.73863971729081
168.47000000000003,-154.29999999999995,0.0,CD4_Tcell,1,282.8941058974122
331.64,-161.39999999999998,0.0,CAF,1,306.4320277568653
-303.66999999999996,-216.78999999999996,0.0,CAF,1,300.43785823142105
-129.07,-209.79999999999995,0.0,other_tissue,0,82.21457560944627
213.90999999999997,-262.82000000000005,0.0,CD8_Tcell,1,126.30640139662681
66.25999999999999,-309.36,0.0,CAF,1,957.5015700465466
-41.43000000000001,-412.64,0.0,other_tissue,0,151.9809181506932
-372.9,-142.69000000000005,0.0,epithelial_tumor_class1,1,8879.889790798716
-34.940000000000055,105.98000000000002,0.0,other_tissue,0,1019.4518582015291
220.64999999999998,131.51999999999998,0.0,other_tissue,0,330.0613307076874
-272.58,-215.30999999999995,0.0,apCAF,1,570.069973962016
88.25,40.72000000000003,0.0,CD8_Tcell,1,126.30640139662681
354.55999999999995,-354.57000000000005,0.0,CD8_Tcell,1,264.0216947924323
460.5,104.5,0.0,other_tissue,0,330.60439734212764
-191.79000000000002,166.25,0.0,other_tissue,0,183.11928334958114
-67.85000000000002,-547.3,0.0,other_tissue,0,97.23756604732496
3.759999999999991,-482.0,0.0,apCAF,1,246.24527465432982
-64.25999999999999,-431.48,0.0,CAF,1,231.28379969180156
-431.42,-316.27,0.0,CAF,1,180.21083617515706
-219.14999999999998,-139.90999999999997,0.0,CAF,1,681.384251433963
449.82000000000005,-323.82000000000005,0.0,other_tissue,0,214.09009780328836
-233.47000000000003,181.44,0.0,other_tissue,0,106.16956995102102
-424.05,-80.54999999999995,0.0,CAF,1,371.44000880808994
-437.93,374.90999999999997,0.0,other_tissue,0,263.1965965285751
-77.95999999999998,10.0,0.0,other_tissue,0,81.80015661409102
432.36,-111.55999999999995,0.0,other_tissue,0,81.80015661409102
-293.63,-290.55999999999995,0.0,apCAF,1,162.6972908761383
239.30999999999995,12.700000000000045,0.0,other_tissue,0,281.39626913484074
203.96000000000004,353.65999999999997,0.0,other_tissue,0,81.80015661409102
-550.423,-346.07000000000005,0.0,other_tissue,0,99.33862895775509
45.460000000000036,-534.8,0.0,other_tissue,0,149.4063795707966
-365.94,170.41000000000003,0.0,other_tissue,0,86.46911730392117
456.1,-430.14,0.0,other_tissue,0,91.2693043311753
22.120000000000005,239.49,0.0,other_tissue,0,81.80015661409102
-432.07,-362.65,0.0,CAF,1,183.62657472594006
-183.98000000000002,244.57,0.0,other_tissue,0,186.2638250872164
-402.34000000000003,-236.04999999999995,0.0,other_tissue,0,137.41918981433852
-482.09000000000003,-31.789999999999964,0.0,CAF,1,110.03585870625574
-523.66,266.01,0.0,CD4_Tcell,1,119.71647378071953
-327.07,-134.66999999999996,0.0,epithelial_tumor_class1,1,12657.689656927883
213.46000000000004,-335.99,0.0,other_tissue,0,166.81019152912464
520.0999999999999,-65.09000000000003,0.0,other_tissue,0,233.69736729118299
263.37,431.76,0.0,CAF,1,178.61097699087577
-530.25,337.48,0.0,CAF,1,110.03585870625574
11.92999999999995,-543.2,0.0,apCAF,1,619.4058003291353
-378.72,517.74,0.0,apCAF,1,388.01059136508707
211.89999999999998,-218.53999999999996,0.0,other_tissue,0,287.967442393509
-288.16,227.75,0.0,other_tissue,0,148.05563501316476
-26.870000000000005,-7.529999999999973,0.0,CAF,1,131.6425790080063
295.78999999999996,-284.07000000000005,0.0,other_tissue,0,81.80015661409102
318.79999999999995,-191.72000000000003,0.0,apCAF,1,118.85281871302858
73.59000000000003,32.14999999999998,0.0,CD8_Tcell,1,465.23279284845506
-115.82999999999998,-77.32000000000005,0.0,other_tissue,0,81.80015661409102
353.89,111.02999999999997,0.0,mesenchymal_tumor_class1,1,352.6135334489917
219.17999999999995,297.51,0.0,other_tissue,0,103.71115980079924
-363.48,180.07999999999998,0.0,other_tissue,0,216.50475576770214
286.15999999999997,195.49,0.0,CAF,1,215.49500540147014
444.64,54.629999999999995,0.0,other_tissue,0,876.5985109744896
298.87,344.44,0.0,other_tissue,0,162.35883337968585
70.58000000000004,213.58999999999997,0.0,other_tissue,0,151.89141501503903
-178.61,62.18000000000001,0.0,other_tissue,0,882.6141445679291
-467.15999999999997,-443.72,0.0,CAF,1,239.44081331196074
-174.93,345.16999999999996,0.0,other_tissue,0,217.44769912880997
-212.89999999999998,-331.5,0.0,other_tissue,0,161.16718734356914
132.14999999999998,-485.29999999999995,0.0,other_tissue,0,258.9691491073211
-359.94,126.92000000000002,0.0,other_tissue,0,161.01685373166595
259.14,432.96,0.0,other_tissue,0,182.37176328079317
-512.6,-336.41999999999996,0.0,apCAF,1,568.6912820493668
-341.14,-443.42999999999995,0.0,other_tissue,0,233.60563973023068
285.90999999999997,-54.460000000000036,0.0,other_tissue,0,194.05115034819204
318.48,46.660000000000025,0.0,CD4_Tcell,1,240.00066846131386
-91.38,-329.70000000000005,0.0,apCAF,1,242.90716008745667
-486.6,230.49,0.0,other_tissue,0,152.03601447563491
-354.2,23.690000000000055,0.0,other_tissue,0,185.74381414498492
-314.57,-98.36000000000001,0.0,apCAF,1,596.5017012699864
-261.93,-353.76,0.0,other_tissue,0,124.95739330579885
198.49,230.31,0.0,CAF,1,143.3027631741802
393.5,-188.21000000000004,0.0,other_tissue,0,200.49132667099826
464.20000000000005,-61.91999999999996,0.0,other_tissue,0,111.09612391967065
94.11000000000001,-302.04999999999995,0.0,apCAF,1,1261.1319482720664
-87.88,334.6,0.0,CAF,1,110.03585870625574
477.29999999999995,-155.52999999999997,0.0,other_tissue,0,81.80015661409102
113.04999999999995,-108.59000000000003,0.0,apCAF,1,211.29004973907416
452.5,-131.98000000000002,0.0,CAF,1,241.01997014650505
-271.62,-546.4000000000001,0.0,CD8_Tcell,1,174.37342784811992
371.02,-21.470000000000027,0.0,apCAF,1,225.64518680206027
494.9000000000001,-31.539999999999964,0.0,CAF,1,331.6691449870237
251.88,438.55,0.0,other_tissue,0,81.80015661409102
-306.5,-84.75,0.0,CD4_Tcell,1,338.85727956117125
-290.22,-514.4000000000001,0.0,other_tissue,0,98.64527043310375
320.15999999999997,-267.1,0.0,other_tissue,0,400.0442398407069
530.8,-18.519999999999982,0.0,CD4_Tcell,1,231.36580552948206
-29.190000000000055,314.69,0.0,other_tissue,0,395.98839822155537
-104.79000000000002,-519.4000000000001,0.0,other_tissue,0,81.80015661409102
-271.75,173.58999999999997,0.0,other_tissue,0,181.86678665897685
229.61,77.24000000000001,0.0,CAF,1,124.42028465190641
-447.27,-121.54999999999995,0.0,mesenchymal_tumor_class1,1,186.84011810692562
-448.11,112.94,0.0,other_tissue,0,158.0085786133537
-439.9,-456.79999999999995,0.0,other_tissue,0,81.80015661409102
330.4,-506.9000000000001,0.0,other_tissue,0,456.41866936771953
1.1399999999999864,169.57999999999998,0.0,CAF,1,369.34491153197536
14.289999999999964,-539.3,0.0,apCAF,1,567.6628674732254
247.65999999999997,-444.37,0.0,epithelial_tumor_class1_class2,1,817.7271841396287
-299.90999999999997,-454.70000000000005,0.0,other_tissue,0,81.80015661409102
-225.82,328.21000000000004,0.0,mesenchymal_tumor_class1,1,431.44590256719016
467.79999999999995,-439.03,0.0,other_tissue,0,110.21556278950361
-446.5,3.8899999999999864,0.0,CD4_Tcell,1,120.12572821346181
13.340000000000032,-482.29999999999995,0.0,CAF,1,512.4476935080312
199.73000000000002,-379.09000000000003,0.0,other_tissue,0,299.64675738838054
-480.19,-188.10000000000002,0.0,other_tissue,0,96.19823663596327
344.22,-42.389999999999986,0.0,CD4_Tcell,1,119.71647378071953
-411.86,-195.79999999999995,0.0,mesenchymal_tumor_class1,1,175.96310422902513
149.58000000000004,-307.76,0.0,other_tissue,0,245.60935832419955
360.57000000000005,-104.30999999999995,0.0,CD4_Tcell,1,219.44734014484956
4.029999999999973,257.84,0.0,CAF,1,110.03585870625574
-353.71000000000004,-101.91999999999996,0.0,other_tissue,0,193.2337361441557
-310.19,93.50999999999999,0.0,mesenchymal_tumor_class1,1,142.61918967931675
-10.269999999999982,-315.14,0.0,other_tissue,0,194.38362867087514
267.45000000000005,-327.57000000000005,0.0,CD4_Tcell,1,479.53169508749676
34.32000000000005,-49.289999999999964,0.0,other_tissue,0,141.4042142914255
198.32000000000005,-500.5999999999999,0.0,other_tissue,0,156.33958696257676
201.77999999999997,-3.519999999999982,0.0,CD4_Tcell,1,766.5237493718323
-28.16999999999996,-404.59000000000003,0.0,other_tissue,0,170.11433958277132
-221.11,-508.29999999999995,0.0,other_tissue,0,209.78395811486195
507.9000000000001,-452.9,0.0,apCAF,1,132.8602249078529
353.74,-440.30999999999995,0.0,other_tissue,0,304.8521450183265
-418.71000000000004,-473.9,0.0,other_tissue,0,133.74991096857735
-214.3,-96.24000000000001,0.0,other_tissue,0,128.74200106780143
21.139999999999986,-437.85,0.0,CAF,1,478.98379430617615
349.82000000000005,-256.84000000000003,0.0,other_tissue,0,128.70501450660737
177.78999999999996,5.559999999999945,0.0,mesenchymal_tumor_class1_class2,1,1060.6923666254058
50.360000000000014,297.14,0.0,other_tissue,0,129.62561240124717
-268.02,-495.5,0.0,CAF,1,110.03585870625574
190.48000000000002,12.090000000000032,0.0,apCAF,1,351.60075028965286
-67.5,-182.14999999999998,0.0,other_tissue,0,172.2538207463366
95.52999999999997,61.829999999999984,0.0,other_tissue,0,102.79051024395314
-93.23000000000002,-132.19000000000005,0.0,other_tissue,0,580.5064952335729
348.65999999999997,-225.98000000000002,0.0,other_tissue,0,141.1353060879259
-258.09,96.72000000000003,0.0,other_tissue,0,234.4136664888786
-442.04,163.32999999999998,0.0,other_tissue,0,162.25091392233142
505.79999999999995,-30.090000000000032,0.0,other_tissue,0,81.80015661409102
-290.61,-518.2,0.0,other_tissue,0,86.01600494953857
281.59000000000003,433.62,0.0,other_tissue,0,255.56543633581
-253.26,-74.32000000000005,0.0,other_tissue,0,279.6348060808011
-68.88,-247.76999999999998,0.0,other_tissue,0,197.07351393168236
100.89999999999998,-167.66999999999996,0.0,CAF,1,110.03585870625574
245.88,-341.63,0.0,CAF,1,868.7596930508342
-182.39999999999998,117.74000000000001,0.0,other_tissue,0,124.45041841141926
338.49,-519.7,0.0,CD4_Tcell,1,1073.1564248430268
282.5,-273.55999999999995,0.0,other_tissue,0,353.12065354135933
-236.62,207.85000000000002,0.0,other_tissue,0,81.80015661409102
120.82000000000005,-431.27,0.0,apCAF,1,118.85281871302858
119.86000000000001,-243.64,0.0,CD4_Tcell,1,119.71647378071953
-349.6,-102.66999999999996,0.0,CAF,1,178.03643571003448
308.01,455.72,0.0,other_tissue,0,81.80015661409102
507.5,-66.0,0.0,other_tissue,0,156.1361750798983
372.25,280.33,0.0,CAF,1,172.62837772519052
389.28999999999996,77.85000000000002,0.0,epithelial_tumor_class1,1,1127.3005423658396
296.73,292.12,0.0,CAF,1,262.0067253605734
-332.11,-437.12,0.0,CAF,1,154.16736199807917
505.9000000000001,-32.389999999999986,0.0,other_tissue,0,81.80015661409102
-169.77999999999997,-137.97000000000003,0.0,CAF,1,976.2500857604768
195.79999999999995,-221.52999999999997,0.0,apCAF,1,671.5646294674178
-173.8,-446.23,0.0,other_tissue,0,143.71368907666314
32.83000000000004,-498.0,0.0,apCAF,1,778.657499620536
-346.35,343.87,0.0,apCAF,1,333.2705490441935
-292.4,118.52999999999997,0.0,other_tissue,0,81.80015661409102
-519.59,-192.89999999999998,0.0,apCAF,1,218.10412915747662
-28.159999999999968,-73.14999999999998,0.0,other_tissue,0,236.39565531495467
477.5999999999999,-193.88,0.0,CAF,1,110.03585870625574
279.47,148.72000000000003,0.0,apCAF,1,146.96879845196202
510.5,-127.46000000000004,0.0,other_tissue,0,438.17657139572236
346.71000000000004,-73.26999999999998,0.0,CD8_Tcell,1,436.5743544914233
-460.65,-487.5,0.0,other_tissue,0,82.62672388912382
-322.52,143.99,0.0,other_tissue,0,133.89541277456303
-26.17999999999995,-105.76999999999998,0.0,apCAF,1,345.85060018346616
148.59000000000003,-495.9000000000001,0.0,other_tissue,0,216.1649195504442
131.12,-473.4,0.0,other_tissue,0,488.16010978478545
343.13,326.48,0.0,CAF,1,233.2481315864126
-341.77,-133.24,0.0,other_tissue,0,1019.4518582015291
-412.82,-11.82000000000005,0.0,other_tissue,0,195.4810579150796
329.28999999999996,201.66000000000003,0.0,other_tissue,0,175.93273478251953
18.799999999999955,-520.3,0.0,CAF,1,140.63774419794674
-528.07,93.94999999999999,0.0,other_tissue,0,495.0884656631928
179.87,369.78999999999996,0.0,other_tissue,0,225.96797252463972
418.53,-448.17999999999995,0.0,other_tissue,0,116.98638974672724
321.42999999999995,21.129999999999995,0.0,apCAF,1,1050.714675591303
493.0999999999999,-186.24,0.0,other_tissue,0,256.07213024010036
-2.159999999999968,-136.01999999999998,0.0,other_tissue,0,84.12650248201527
-401.36,-323.29999999999995,0.0,other_tissue,0,103.35395825911817
-549.8627,-179.01999999999998,0.0,apCAF,1,1012.7214498242191
204.19000000000005,-543.8,0.0,other_tissue,0,179.01005035264163
353.37,336.64,0.0,other_tissue,0,212.88953080930713
322.37,-332.45000000000005,0.0,CD4_Tcell,1,129.19257194590904
303.5,173.89999999999998,0.0,CAF,1,110.03585870625574
541.2,154.76,0.0,other_tissue,0,713.055669101854
318.04999999999995,-353.99,0.0,CD4_Tcell,1,159.12781272254702
-242.01999999999998,-468.4,0.0,other_tissue,0,123.31474252310343
366.16999999999996,-242.14,0.0,CD8_Tcell,1,210.47621043387187
-319.81,288.31,0.0,mesenchymal_tumor_class1,1,156.64854913754533
27.559999999999945,-166.59000000000003,0.0,other_tissue,0,171.42424155623561
119.37,224.02999999999997,0.0,other_tissue,0,114.4713402367986
-496.05,-290.32000000000005,0.0,apCAF,1,151.91895069766503
-146.45,260.49,0.0,other_tissue,0,208.78672030030597
72.17999999999995,-320.9,0.0,other_tissue,0,178.5189674458405
322.41999999999996,184.37,0.0,apCAF,1,182.44953485998747
353.34000000000003,320.64,0.0,other_tissue,0,295.33660014408264
54.690000000000055,34.789999999999964,0.0,other_tissue,0,148.67229740582394
107.28999999999996,78.27999999999997,0.0,mesenchymal_tumor_class1,1,142.61918967931675
519.0,-117.23000000000002,0.0,other_tissue,0,312.44972795391385
-424.53,-326.20000000000005,0.0,CAF,1,121.47885097294933
-199.86,-137.82000000000005,0.0,CAF,1,334.3060679263012
-73.94999999999999,-66.53999999999996,0.0,other_tissue,0,108.04002842455832
-88.82,-309.65999999999997,0.0,other_tissue,0,94.87934041359745
423.77,7.809999999999945,0.0,other_tissue,0,106.1966798438028
-480.51,-222.64,0.0,CAF,1,171.83496059211464
-5.830000000000041,199.85000000000002,0.0,other_tissue,0,222.4608513127338
277.71000000000004,-282.55999999999995,0.0,other_tissue,0,285.3394110572199
527.0999999999999,-182.37,0.0,other_tissue,0,81.80015661409102
6.1200000000000045,231.3,0.0,other_tissue,0,81.80015661409102
-160.62,342.6,0.0,other_tissue,0,164.80332405092767
-174.27999999999997,97.66000000000003,0.0,other_tissue,0,639.5983901452345
-111.27999999999997,-233.84000000000003,0.0,other_tissue,0,166.74425575213036
-318.35,11.210000000000036,0.0,apCAF,1,503.64169252648185
215.41999999999996,226.07999999999998,0.0,other_tissue,0,460.530438316055
424.13,-124.41999999999996,0.0,CD4_Tcell,1,120.79807215138284
409.78,-110.21000000000004,0.0,other_tissue,0,114.22069810530265
-130.68,319.57,0.0,other_tissue,0,96.53876405042939
94.45000000000005,-77.98000000000002,0.0,apCAF,1,142.55583381336052
-275.5,-283.75,0.0,CAF,1,167.57337742882075
302.77,310.01,0.0,other_tissue,0,81.80015661409102
126.22000000000003,-512.0,0.0,other_tissue,0,141.3057936548782
493.4000000000001,-149.94000000000005,0.0,other_tissue,0,201.41213913500474
403.90999999999997,151.66000000000003,0.0,epithelial_tumor_class1,1,1525.272581116884
369.62,-35.90999999999997,0.0,apCAF,1,260.6230812881771
21.100000000000023,-471.20000000000005,0.0,other_tissue,0,501.19666112919344
-133.77999999999997,233.54000000000002,0.0,other_tissue,0,81.80015661409102
31.42999999999995,224.31,0.0,mesenchymal_tumor_class1,1,197.04076159926294
-438.89,310.78999999999996,0.0,CAF,1,1094.1590020328044
80.00999999999999,249.76,0.0,other_tissue,0,262.5318086365679
-207.92000000000002,-360.65999999999997,0.0,other_tissue,0,231.93126142346082
15.039999999999964,302.3,0.0,other_tissue,0,81.80015661409102
-466.72,-374.84000000000003,0.0,other_tissue,0,81.80015661409102
204.15999999999997,16.230000000000018,0.0,other_tissue,0,191.50938042427475
-513.63,-382.47,0.0,CAF,1,199.2184571439088
457.70000000000005,-33.539999999999964,0.0,CAF,1,262.49215525702016
-221.29000000000002,-89.65999999999997,0.0,other_tissue,0,157.56376935775066
-238.12,-36.210000000000036,0.0,other_tissue,0,169.41007141262912
-0.11000000000001364,-286.29999999999995,0.0,other_tissue,0,165.85217307732339
-150.19,124.19999999999999,0.0,other_tissue,0,293.9340614515833
-332.19,499.92,0.0,other_tissue,0,81.80015661409102
146.65999999999997,-336.59000000000003,0.0,other_tissue,0,82.56710644467466
285.88,-306.78,0.0,other_tissue,0,231.6940227245135
-239.48000000000002,258.33,0.0,other_tissue,0,92.97578199169017
-272.37,414.15,0.0,other_tissue,0,88.5326234078721
-426.43,88.14999999999998,0.0,CD4_Tcell,1,156.31151965401222
430.95000000000005,-257.87,0.0,other_tissue,0,999.9734463780757
-320.57,-484.29999999999995,0.0,apCAF,1,516.6709290706401
-453.46,102.70999999999998,0.0,other_tissue,0,105.3853886150067
-370.3,-436.09000000000003,0.0,apCAF,1,1261.1319482720664
-550.0695,-323.70000000000005,0.0,apCAF,1,1261.1319482720664
427.42999999999995,-255.91999999999996,0.0,other_tissue,0,1019.4518582015291
-529.55,492.79,0.0,other_tissue,0,325.5436276417381
-380.53999999999996,-273.51,0.0,CAF,1,116.37438046294969
-548.038,405.97,0.0,other_tissue,0,453.18687572914956
-244.55,265.21,0.0,CAF,1,302.8740348072677
534.3,-173.76999999999998,0.0,other_tissue,0,127.64161303646146
-158.10000000000002,-511.0,0.0,other_tissue,0,154.7938974665372
297.61,-530.0,0.0,other_tissue,0,1019.4518582015291
-285.74,-393.05999999999995,0.0,other_tissue,0,439.89458029022063
-62.43000000000001,10.240000000000009,0.0,other_tissue,0,100.87648603850097
334.46000000000004,-35.309999999999945,0.0,apCAF,1,325.9900952617524
225.67999999999995,-197.94000000000005,0.0,CD4_Tcell,1,190.97964717378548
82.85000000000002,63.120000000000005,0.0,other_tissue,0,183.68907526138958
301.79999999999995,303.39,0.0,other_tissue,0,195.50549202920263
-421.74,-438.78,0.0,CAF,1,110.03585870625574
-209.75,178.23000000000002,0.0,other_tissue,0,168.99583589983953
136.59000000000003,-217.0,0.0,apCAF,1,118.85281871302858
72.12,-37.200000000000045,0.0,other_tissue,0,148.67908340972116
-381.66999999999996,387.69,0.0,other_tissue,0,91.5637159391638
53.47000000000003,-349.53999999999996,0.0,apCAF,1,265.5172071166243
367.52,81.32,0.0,other_tissue,0,475.5872824858236
66.25,-466.1,0.0,other_tissue,0,131.03031798464684
-131.04000000000002,-287.85,0.0,mesenchymal_tumor_class1,1,286.22063807368784
-486.42,94.23000000000002,0.0,other_tissue,0,119.54974635219007
-43.72000000000003,61.31999999999999,0.0,other_tissue,0,107.89748095797056
414.21000000000004,-408.15999999999997,0.0,other_tissue,0,114.49414404965432
-169.5,10.549999999999955,0.0,CAF,1,255.41939894715142
70.30999999999995,-414.15999999999997,0.0,apCAF,1,802.1799956748446
-142.13,-315.59000000000003,0.0,CAF,1,192.99138279161025
402.38,122.81,0.0,epithelial_tumor_class1,1,1866.9014222570606
327.94000000000005,-491.20000000000005,0.0,other_tissue,0,395.83195149499255
273.49,476.79,0.0,apCAF,1,118.85281871302858
-228.31,414.09000000000003,0.0,other_tissue,0,116.13823356157938
422.82000000000005,-173.21000000000004,0.0,apCAF,1,260.27793309079317
333.26,355.75,0.0,other_tissue,0,104.6158148073858
270.71000000000004,280.99,0.0,other_tissue,0,122.75846323863824
-150.95999999999998,-392.01,0.0,other_tissue,0,86.17630074830998
-328.59000000000003,-40.10000000000002,0.0,other_tissue,0,103.64712299976746
324.85,-21.299999999999955,0.0,CAF,1,190.74719484608084
-468.21,450.07,0.0,other_tissue,0,81.80015661409102
-420.3,38.5,0.0,CAF,1,123.64451435052808
-353.16999999999996,-239.27999999999997,0.0,CAF,1,272.9879438842862
82.03999999999996,-298.01,0.0,other_tissue,0,85.76652872231581
471.5,213.76,0.0,other_tissue,0,81.80015661409102
-101.72000000000003,-516.4000000000001,0.0,other_tissue,0,113.77160020078567
238.11,366.49,0.0,other_tissue,0,132.9231928327954
537.3,-260.27,0.0,other_tissue,0,643.0869701889221
-299.41999999999996,-99.25,0.0,apCAF,1,337.84756505801624
96.74000000000001,-160.02999999999997,0.0,other_tissue,0,81.80015661409102
69.80999999999995,394.25,0.0,mesenchymal_tumor_class1,1,286.472750046351
-41.64999999999998,-187.55999999999995,0.0,other_tissue,0,143.70042115646132
180.12,-200.87,0.0,apCAF,1,695.2956543680529
-25.25,-174.01999999999998,0.0,CD4_Tcell,1,119.71647378071953
-356.19,-302.16999999999996,0.0,other_tissue,0,163.20946919979775
368.53999999999996,36.120000000000005,0.0,CD4_Tcell,1,180.5273159619918
231.45000000000005,474.76,0.0,other_tissue,0,513.6253893668907
-470.28,-404.27,0.0,other_tissue,0,97.04850724883252
251.26,270.13,0.0,other_tissue,0,91.20069921938267
216.92999999999995,253.69,0.0,other_tissue,0,152.12557440090123
-300.95,-249.69000000000005,0.0,CAF,1,247.3298025891131
47.57000000000005,375.99,0.0,mesenchymal_tumor_class1,1,288.1256353548122
18.149999999999977,-397.97,0.0,other_tissue,0,81.80015661409102
-312.75,396.15999999999997,0.0,other_tissue,0,99.2297543001722
-416.23,-428.14,0.0,apCAF,1,516.6709290706401
232.22000000000003,366.5,0.0,CAF,1,268.3440385729757
221.72000000000003,170.25,0.0,CAF,1,186.3742550644902
-203.51999999999998,289.93,0.0,CAF,1,131.83664973716523
-4.32000000000005,170.92000000000002,0.0,CAF,1,294.37254546171306
300.99,-227.73000000000002,0.0,CD4_Tcell,1,236.9137217648108
177.34000000000003,-121.25999999999999,0.0,CAF,1,242.596649461524
437.37,-26.129999999999995,0.0,other_tissue,0,199.697215178432
56.27999999999997,-319.97,0.0,CAF,1,257.02887296892806
-548.997,-340.33000000000004,0.0,CD4_Tcell,1,276.29804990853205
75.75,-296.21000000000004,0.0,apCAF,1,474.9099127083007
-56.629999999999995,-12.950000000000045,0.0,other_tissue,0,103.28474564470557
267.03,385.89,0.0,other_tissue,0,176.9367728198473
297.16999999999996,372.74,0.0,other_tissue,0,375.3770597551464
-359.46000000000004,-122.62,0.0,epithelial_tumor_class1,1,1067.8000884083374
440.40999999999997,229.43,0.0,other_tissue,0,778.2073494545278
167.51,-195.96000000000004,0.0,other_tissue,0,81.80015661409102
-184.88,380.11,0.0,other_tissue,0,316.0373010303565
-296.56,-290.58000000000004,0.0,other_tissue,0,81.80015661409102
364.52,-193.39,0.0,apCAF,1,1261.1319482720664
456.1,-454.9,0.0,apCAF,1,385.99456685185635
255.66999999999996,74.39999999999998,0.0,CD4_Tcell,1,178.75672341818083
-101.81,-304.27,0.0,other_tissue,0,81.80015661409102
-212.45,-85.48000000000002,0.0,other_tissue,0,81.80015661409102
171.52999999999997,-462.9,0.0,apCAF,1,234.23904870191774
-198.06,-518.0999999999999,0.0,other_tissue,0,106.01242355125146
-38.06,-280.77,0.0,other_tissue,0,170.3965924610544
-515.95,-283.59000000000003,0.0,apCAF,1,352.98778941068804
180.22000000000003,-18.090000000000032,0.0,other_tissue,0,82.05010081958137
-102.57999999999998,-513.4000000000001,0.0,CAF,1,110.03585870625574
-534.21,-309.09000000000003,0.0,apCAF,1,377.570668905573
107.91999999999996,-188.39999999999998,0.0,CAF,1,122.36470097245584
-495.5,-397.24,0.0,other_tissue,0,235.60152466558992
-318.14,-444.45000000000005,0.0,other_tissue,0,212.1403853800923
-186.39999999999998,-360.32000000000005,0.0,other_tissue,0,81.80015661409102
42.559999999999945,-462.29999999999995,0.0,other_tissue,0,183.06470776380397
494.70000000000005,41.97000000000003,0.0,CAF,1,148.56374942362677
-444.1,-83.65999999999997,0.0,apCAF,1,914.1527125325289
-87.49000000000001,-97.55999999999995,0.0,other_tissue,0,145.8001995080567
-442.42,239.68,0.0,other_tissue,0,312.82842785392586
-336.36,-100.23000000000002,0.0,CAF,1,821.2209558042963
-518.52,298.34000000000003,0.0,other_tissue,0,117.76893713018703
335.72,24.559999999999945,0.0,other_tissue,0,205.98260284124032
293.5,-281.94000000000005,0.0,CAF,1,110.03585870625574
-311.3,137.92000000000002,0.0,other_tissue,0,235.77681883548243
-298.48,182.26,0.0,apCAF,1,364.9190187505772
127.41999999999996,-251.14999999999998,0.0,apCAF,1,123.99291007636687
-486.59000000000003,-463.20000000000005,0.0,other_tissue,0,155.21252941312108
125.20000000000005,157.20999999999998,0.0,other_tissue,0,292.0567348359334
-321.78999999999996,358.02,0.0,apCAF,1,501.91406634818173
-540.101,404.56,0.0,mesenchymal_tumor_class1,1,142.6614356119778
-483.59000000000003,-431.57000000000005,0.0,CD4_Tcell,1,277.43819135946075
-238.51,-468.1,0.0,apCAF,1,118.85281871302858
69.10000000000002,-367.75,0.0,other_tissue,0,195.99460198584444
-463.6,-57.710000000000036,0.0,CAF,1,227.208169423281
57.60000000000002,-72.40999999999997,0.0,apCAF,1,118.85281871302858
-258.93,-95.78999999999996,0.0,other_tissue,0,81.80015661409102
-122.31,-215.33000000000004,0.0,other_tissue,0,183.05691213685083
156.33000000000004,-518.2,0.0,other_tissue,0,165.88137111837733
-323.82,-439.55999999999995,0.0,other_tissue,0,81.80015661409102
-292.14,-17.879999999999995,0.0,other_tissue,0,141.8180800222418
-464.9,25.139999999999986,0.0,CAF,1,132.69660137619087
523.9000000000001,-29.029999999999973,0.0,other_tissue,0,500.1599236551183
113.26999999999998,-280.0,0.0,apCAF,1,737.6499667283807
-23.350000000000023,185.3,0.0,other_tissue,0,618.703267376208
-201.48000000000002,-302.66999999999996,0.0,CAF,1,253.93299410449345
107.13999999999999,279.33,0.0,CAF,1,543.8989778202042
-413.15999999999997,30.539999999999964,0.0,other_tissue,0,242.0703280750352
-450.9,-30.379999999999995,0.0,other_tissue,0,109.79920854152093
48.75999999999999,-282.74,0.0,CAF,1,196.95071139662406
-22.99000000000001,-244.15999999999997,0.0,other_tissue,0,210.2709401214748
-130.13,400.3,0.0,other_tissue,0,96.73225566107253
-392.43,-123.02999999999997,0.0,mesenchymal_tumor_class1,1,361.81624081621
-343.7,157.44,0.0,other_tissue,0,172.96594289797142
295.28999999999996,-240.26999999999998,0.0,CD4_Tcell,1,1073.1564248430268
-438.42,-440.77,0.0,other_tissue,0,107.7495836648833
-536.37,-191.02999999999997,0.0,apCAF,1,360.4796336750089
183.41999999999996,516.47,0.0,CAF,1,159.95288489257595
-259.0,-41.200000000000045,0.0,other_tissue,0,617.5803199042331
311.90999999999997,-5.389999999999986,0.0,epithelial_tumor_class1,1,780.2880154958913
344.39,315.4,0.0,CAF,1,118.64251837976353
-106.82,-108.15999999999997,0.0,other_tissue,0,89.44835457590551
254.45000000000005,45.639999999999986,0.0,other_tissue,0,284.3763350922516
360.0,-273.61,0.0,CD4_Tcell,1,119.71647378071953
-244.94,-345.89,0.0,other_tissue,0,129.9169104459875
-464.1,-187.94000000000005,0.0,mesenchymal_tumor_class1,1,142.61918967931675
-126.38999999999999,311.24,0.0,other_tissue,0,363.72260434550833
-212.95999999999998,-286.1,0.0,apCAF,1,148.9031373983564
-417.53,228.08999999999997,0.0,CAF,1,119.72587133898243
120.64999999999998,111.62,0.0,other_tissue,0,553.1342523418465
91.58000000000004,-304.64,0.0,apCAF,1,601.3465824924331
423.12,154.0,0.0,CD4_Tcell,1,119.71647378071953
167.73000000000002,450.40999999999997,0.0,other_tissue,0,146.69960435248248
387.87,-207.53999999999996,0.0,other_tissue,0,115.72431004366538
-224.32999999999998,416.25,0.0,other_tissue,0,89.21159101191851
335.66999999999996,-449.32000000000005,0.0,epithelial_tumor_class1_class2,1,10871.668874768031
261.09000000000003,280.04,0.0,apCAF,1,1010.5040791900924
-188.06,150.29000000000002,0.0,other_tissue,0,175.39425842797786
275.0,-192.78999999999996,0.0,other_tissue,0,239.54338817347158
131.07000000000005,-433.62,0.0,other_tissue,0,248.34107602269034
305.14,-414.23,0.0,other_tissue,0,133.9650378814472
-6.279999999999973,8.029999999999973,0.0,apCAF,1,1248.080065724095
540.5,94.79000000000002,0.0,epithelial_tumor_class1,1,2019.1939959434467
492.0999999999999,224.44,0.0,other_tissue,0,95.73701300098197
215.14999999999998,111.16000000000003,0.0,other_tissue,0,455.7166705957489
203.97000000000003,-223.80999999999995,0.0,CAF,1,184.00961310759365
-549.9261,-43.98000000000002,0.0,apCAF,1,118.85281871302858
-306.88,-320.83000000000004,0.0,CAF,1,130.4883734237861
-303.71000000000004,324.65999999999997,0.0,apCAF,1,1261.1319482720664
400.15,-239.89999999999998,0.0,other_tissue,0,315.981210355166
-392.49,78.70999999999998,0.0,other_tissue,0,220.45174144748268
346.55999999999995,-278.44000000000005,0.0,CD4_Tcell,1,231.65753882844638
-508.96,54.10000000000002,0.0,CAF,1,235.2788418333592
437.63,-190.88,0.0,other_tissue,0,286.5673301905037
63.60000000000002,-337.58000000000004,0.0,apCAF,1,1248.080065724095
534.8,-218.03999999999996,0.0,other_tissue,0,81.80015661409102
19.470000000000027,-448.90999999999997,0.0,CD4_Tcell,1,571.7006935870439
-182.02999999999997,-298.78999999999996,0.0,mesenchymal_tumor_class1,1,166.70763227382562
417.33000000000004,249.33999999999997,0.0,other_tissue,0,123.5305267900939
-256.16,3.509999999999991,0.0,other_tissue,0,93.96682036437213
-471.94,347.03999999999996,0.0,other_tissue,0,294.29765148871735
349.61,54.06,0.0,CAF,1,153.26535443292335
-325.69,-467.0,0.0,other_tissue,0,119.42069786542407
-60.02999999999997,380.47,0.0,other_tissue,0,86.7294284716407
-522.01,152.60000000000002,0.0,other_tissue,0,133.66771746398715
330.64,309.18,0.0,other_tissue,0,344.64871191706806
-309.36,463.51,0.0,other_tissue,0,87.54686307063531
-446.51,-146.60000000000002,0.0,other_tissue,0,144.25837724055685
354.20000000000005,-277.44000000000005,0.0,CD4_Tcell,1,303.26678730396446
32.190000000000055,288.76,0.0,CAF,1,177.14261370058787
380.53,-42.40999999999997,0.0,CD4_Tcell,1,123.81262379638979
-154.25,288.1,0.0,other_tissue,0,82.3197717120596
-130.82999999999998,-503.0,0.0,CAF,1,223.1718059978254
-75.95999999999998,-528.9000000000001,0.0,apCAF,1,1261.1319482720664
502.20000000000005,-124.0,0.0,other_tissue,0,152.73275123243414
268.67999999999995,300.44,0.0,CAF,1,234.2666141643533
-94.80000000000001,331.76,0.0,other_tissue,0,239.8232866824628
506.70000000000005,-444.09000000000003,0.0,other_tissue,0,597.8048425516529
-126.10000000000002,4.75,0.0,other_tissue,0,115.59229204513997
7.7000000000000455,-100.51999999999998,0.0,other_tissue,0,263.2164581741562
-67.37,-448.54999999999995,0.0,CAF,1,284.8576017359124
544.0,-210.74,0.0,CAF,1,148.9031373983564
161.51999999999998,-322.03999999999996,0.0,other_tissue,0,155.36621670136137
-239.72000000000003,-397.76,0.0,other_tissue,0,127.10905951713525
-45.0,-189.20000000000005,0.0,other_tissue,0,96.36585884250603
60.370000000000005,-271.73,0.0,apCAF,1,309.4864382723898
-44.25,-414.53999999999996,0.0,other_tissue,0,81.80015661409102
-367.96000000000004,-311.29999999999995,0.0,other_tissue,0,565.3286713287191
-234.0,-448.40999999999997,0.0,other_tissue,0,119.4382899151673
-537.75,1.9500000000000455,0.0,apCAF,1,276.8112397314018
315.14,-45.73000000000002,0.0,mesenchymal_tumor_class1,1,258.2624684767794
173.25,510.89,0.0,other_tissue,0,81.80015661409102
-203.48000000000002,102.35000000000002,0.0,other_tissue,0,91.6472475151717
-456.15999999999997,-43.82000000000005,0.0,other_tissue,0,89.30817867289859
-29.940000000000055,247.57,0.0,CAF,1,110.03585870625574
-254.18,-243.59000000000003,0.0,other_tissue,0,81.80015661409102
-277.42,-355.38,0.0,CAF,1,232.3605268611009
-453.75,-240.08000000000004,0.0,apCAF,1,515.7373460002782
-529.07,158.88,0.0,other_tissue,0,166.66369117900229
-163.52999999999997,307.01,0.0,other_tissue,0,81.80015661409102
-152.77999999999997,488.42,0.0,other_tissue,0,146.2360174630973
337.15999999999997,-165.34000000000003,0.0,mesenchymal_tumor_class1_class2,1,963.1502083450188
-84.50999999999999,-291.57000000000005,0.0,CAF,1,159.10651237284443
-14.5,-311.41999999999996,0.0,other_tissue,0,138.16100671974507
-60.45999999999998,-436.91999999999996,0.0,other_tissue,0,259.58855113801286
123.65999999999997,-442.94000000000005,0.0,other_tissue,0,81.80015661409102
-327.9,-280.58000000000004,0.0,other_tissue,0,166.18084864260913
260.05999999999995,-124.99000000000001,0.0,other_tissue,0,144.13204672333583
-124.44999999999999,179.32999999999998,0.0,other_tissue,0,149.42680516039246
20.649999999999977,407.89,0.0,other_tissue,0,132.7217654782196
-501.47,189.98000000000002,0.0,apCAF,1,172.53843458208166
233.29999999999995,182.08999999999997,0.0,other_tissue,0,81.80015661409102
47.940000000000055,86.55000000000001,0.0,other_tissue,0,113.31801871544667
85.00999999999999,-436.34000000000003,0.0,other_tissue,0,130.02858686719503
-429.84000000000003,32.549999999999955,0.0,other_tissue,0,123.78859883792445
-499.69,-24.480000000000018,0.0,CAF,1,123.34469752115625
208.23000000000002,-178.64,0.0,CD8_Tcell,1,622.7853620980552
318.02,-14.82000000000005,0.0,epithelial_tumor_class1,1,780.2880154958913
405.74,30.399999999999977,0.0,CAF,1,161.14570538681156
114.29999999999995,310.22,0.0,CAF,1,493.7731088574267
60.049999999999955,-451.79999999999995,0.0,other_tissue,0,108.39694625096611
-391.12,-250.48000000000002,0.0,CAF,1,119.70237801962526
46.440000000000055,-393.03,0.0,other_tissue,0,180.94470808123089
-208.26999999999998,-273.05999999999995,0.0,mesenchymal_tumor_class1,1,363.1807641518997
-55.54000000000002,-501.79999999999995,0.0,other_tissue,0,90.76537053131352
-112.94999999999999,366.1,0.0,CAF,1,454.9724799671615
-364.1,185.61,0.0,other_tissue,0,214.98263217679548
-255.02999999999997,242.76,0.0,other_tissue,0,163.49849317687122
-48.0,-80.62,0.0,other_tissue,0,105.47712662032887
-483.43,-400.11,0.0,other_tissue,0,187.45719552812633
-402.09000000000003,-400.69000000000005,0.0,apCAF,1,523.9601418549579
491.0,176.57,0.0,other_tissue,0,224.05370745692247
-361.53999999999996,-5.340000000000032,0.0,other_tissue,0,213.17415013086725
203.71000000000004,-29.110000000000014,0.0,apCAF,1,204.16633163730356
-329.72,-389.95000000000005,0.0,CAF,1,290.71766088831833
-222.02999999999997,402.69,0.0,other_tissue,0,134.15504720495616
327.44000000000005,239.68,0.0,other_tissue,0,221.6097007597926
-333.51,-423.99,0.0,apCAF,1,579.531108644259
-525.75,-116.47000000000003,0.0,mesenchymal_tumor_class1,1,1254.0598796921897
-527.11,-522.7,0.0,other_tissue,0,134.02835437434126
344.87,-492.5,0.0,epithelial_tumor_class1,1,1218.8246141649045
-365.97,31.279999999999973,0.0,CAF,1,110.03585870625574
387.65,-228.0,0.0,other_tissue,0,217.0806742888446
-0.36000000000001364,-268.17999999999995,0.0,other_tissue,0,85.69600992825129
109.39999999999998,65.88,0.0,other_tissue,0,110.32120603116137
-341.1,388.02,0.0,CAF,1,110.03585870625574
152.63,201.68,0.0,other_tissue,0,226.77628326730834
263.22,221.94,0.0,apCAF,1,239.63666346505184
138.24,322.25,0.0,other_tissue,0,185.27191759536518
363.23,-23.220000000000027,0.0,apCAF,1,1261.1319482720664
161.87,98.92000000000002,0.0,other_tissue,0,116.36861697733141
192.84000000000003,415.59000000000003,0.0,CAF,1,159.37645728512942
-415.90999999999997,203.38,0.0,other_tissue,0,145.9140989296439
-387.28,-291.58000000000004,0.0,other_tissue,0,152.69820933631948
466.0,-69.92999999999995,0.0,other_tissue,0,502.5710151833507
91.99000000000001,-293.14,0.0,CD4_Tcell,1,119.71647378071953
86.39999999999998,112.95999999999998,0.0,other_tissue,0,176.7234766944186
43.23000000000002,419.23,0.0,CAF,1,351.60075028965286
-210.17000000000002,-383.01,0.0,other_tissue,0,184.41668500869653
81.74000000000001,-483.79999999999995,0.0,other_tissue,0,109.80475302267838
492.70000000000005,193.68,0.0,other_tissue,0,100.96034594639983
-532.0,-509.29999999999995,0.0,other_tissue,0,81.80015661409102
-508.37,-326.42999999999995,0.0,apCAF,1,1261.1319482720664
-193.45,153.88,0.0,other_tissue,0,150.69683064322837
-19.710000000000036,8.080000000000041,0.0,other_tissue,0,137.0010789762919
211.12,476.37,0.0,CAF,1,1266.1957681158633
-504.59000000000003,-304.08000000000004,0.0,other_tissue,0,108.42993208415803
-226.10000000000002,-496.70000000000005,0.0,other_tissue,0,121.99557094852223
30.24000000000001,-134.41999999999996,0.0,other_tissue,0,81.80015661409102
315.70000000000005,-242.45000000000005,0.0,CD8_Tcell,1,815.424621219233
37.190000000000055,-351.32000000000005,0.0,other_tissue,0,233.09240892221547
312.79999999999995,42.370000000000005,0.0,apCAF,1,951.7814723500479
-102.30000000000001,-462.1,0.0,other_tissue,0,116.93434353609861
159.94000000000005,-289.74,0.0,apCAF,1,603.3471029111034
-410.91999999999996,-266.74,0.0,other_tissue,0,139.32746311998903
158.07000000000005,117.68,0.0,other_tissue,0,393.94480951757583
119.46000000000004,-265.55999999999995,0.0,CD8_Tcell,1,142.12736239063477
-110.76999999999998,-34.210000000000036,0.0,other_tissue,0,106.94673552088643
140.61,20.059999999999945,0.0,other_tissue,0,81.80015661409102
397.77,145.74,0.0,other_tissue,0,361.0310442706452
-341.68,-235.45000000000005,0.0,CAF,1,816.0156921653297
-396.01,481.86,0.0,CAF,1,208.73566526771856
-140.10000000000002,177.49,0.0,other_tissue,0,102.41954689541458
-536.43,80.95999999999998,0.0,other_tissue,0,292.8557515057005
-503.95,-489.70000000000005,0.0,apCAF,1,154.9194079104822
-254.32,226.04000000000002,0.0,mesenchymal_tumor_class1,1,223.15401369610265
93.22000000000003,205.57999999999998,0.0,CAF,1,168.84805845205972
185.51,128.08999999999997,0.0,other_tissue,0,106.9412876712863
156.20000000000005,-459.9,0.0,apCAF,1,171.83496059211464
55.75999999999999,308.52,0.0,CAF,1,264.40998633093056
280.5,428.15999999999997,0.0,CAF,1,218.10412915747662
29.059999999999945,134.38,0.0,other_tissue,0,183.21286673008856
-393.91999999999996,-334.22,0.0,other_tissue,0,81.80015661409102
490.0,111.5,0.0,other_tissue,0,176.89867164578004
-477.52,75.85000000000002,0.0,other_tissue,0,113.27272698701758
-34.200000000000045,88.49000000000001,0.0,other_tissue,0,117.53670858066597
211.85000000000002,130.47000000000003,0.0,CAF,1,421.8807990958066
200.72000000000003,94.85000000000002,0.0,CAF,1,150.9640356910835
364.59000000000003,276.96,0.0,CAF,1,217.68386198652618
-302.49,-462.5,0.0,other_tissue,0,515.9239725698712
-265.46,-34.940000000000055,0.0,mesenchymal_tumor_class1,1,291.1104555909246
-268.48,17.480000000000018,0.0,other_tissue,0,160.62356595598598
-23.340000000000032,-103.96000000000004,0.0,other_tissue,0,159.60401599758336
-348.21000000000004,58.43000000000001,0.0,other_tissue,0,81.80015661409102
-247.45,399.13,0.0,apCAF,1,533.9232015748622
-479.74,-228.38,0.0,CD4_Tcell,1,119.71647378071953
121.34000000000003,260.13,0.0,other_tissue,0,109.98782562937035
78.25999999999999,-370.97,0.0,CAF,1,234.96566076749338
-544.598,284.03,0.0,other_tissue,0,230.11051119675034
-162.39999999999998,-117.94000000000005,0.0,other_tissue,0,194.78960373234
265.25,75.56,0.0,CD4_Tcell,1,119.71647378071953
493.5,-166.25,0.0,other_tissue,0,204.23340978923065
-534.47,93.92000000000002,0.0,other_tissue,0,89.21641874020426
-27.789999999999964,-376.71000000000004,0.0,CAF,1,185.63363336436956
-323.49,-442.66999999999996,0.0,apCAF,1,1221.3922648643318
-425.78,-345.15999999999997,0.0,apCAF,1,181.00659861319494
111.47000000000003,-87.34000000000003,0.0,other_tissue,0,324.01271748981156
192.35000000000002,-124.52999999999997,0.0,apCAF,1,779.0464053428944
-361.02,-365.69000000000005,0.0,other_tissue,0,208.8037404943385
170.25,269.38,0.0,other_tissue,0,234.15636528896738
-248.14999999999998,185.55,0.0,CAF,1,603.3471029111034
153.76,-360.52,0.0,CD4_Tcell,1,210.1427139747571
-549.3012,527.71,0.0,other_tissue,0,549.1357853472616
337.20000000000005,295.83000000000004,0.0,CAF,1,110.03585870625574
-299.02,-290.08000000000004,0.0,other_tissue,0,98.59881755432016
173.55999999999995,513.61,0.0,other_tissue,0,81.80015661409102
328.26,314.13,0.0,other_tissue,0,402.5305320362266
30.799999999999955,-30.57000000000005,0.0,other_tissue,0,151.06003244060543
-502.81,-283.95000000000005,0.0,apCAF,1,331.48380751012047
-361.78,137.8,0.0,other_tissue,0,121.93015777514435
-517.21,160.16000000000003,0.0,other_tissue,0,111.52135036370423
442.33000000000004,-76.60000000000002,0.0,other_tissue,0,139.65263989057027
281.1,43.97000000000003,0.0,CAF,1,624.3031018358381
-545.227,521.53,0.0,other_tissue,0,88.87889819335693
-549.341,-76.62,0.0,apCAF,1,165.50935270327815
-159.01999999999998,-287.0,0.0,mesenchymal_tumor_class1,1,387.76624141085006
-385.40999999999997,-351.04999999999995,0.0,other_tissue,0,192.6524286556124
-250.74,407.78,0.0,other_tissue,0,119.75524231064126
-9.129999999999995,-465.9,0.0,CAF,1,285.45470676495864
-526.24,-252.28999999999996,0.0,apCAF,1,1261.1319482720664
286.05999999999995,168.14999999999998,0.0,CAF,1,205.96573630263322
-115.88,310.41999999999996,0.0,other_tissue,0,155.7298807819731
-104.36000000000001,-21.799999999999955,0.0,other_tissue,0,193.00753337386817
307.89,408.52,0.0,other_tissue,0,239.58069538506038
-199.51,290.72,0.0,apCAF,1,567.6628674732254
-252.5,-351.24,0.0,other_tissue,0,119.69063251253415
491.5,-175.62,0.0,other_tissue,0,93.66229002405717
16.08000000000004,431.94,0.0,mesenchymal_tumor_class1,1,203.8897895100173
83.40999999999997,-438.63,0.0,other_tissue,0,140.4743284981462
383.98,268.33,0.0,CAF,1,221.13188404125944
334.44000000000005,74.17000000000002,0.0,apCAF,1,567.6628674732254
329.53999999999996,-294.74,0.0,other_tissue,0,95.22683424729394
7.350000000000023,-213.95000000000005,0.0,other_tissue,0,151.67812628152805
-259.84,-308.14,0.0,other_tissue,0,81.80015661409102
-153.41000000000003,-139.96000000000004,0.0,other_tissue,0,150.66944283861073
51.50999999999999,237.95999999999998,0.0,other_tissue,0,273.2831356544706
449.9,36.02999999999997,0.0,CAF,1,110.03585870625574
189.08000000000004,-15.990000000000009,0.0,CD4_Tcell,1,169.01800995105776
220.51999999999998,230.7,0.0,other_tissue,0,121.91232187782877
-72.52999999999997,277.39,0.0,other_tissue,0,240.59880845754617
64.35000000000002,-523.4000000000001,0.0,CD4_Tcell,1,185.61789681064388
-125.27999999999997,296.22,0.0,CAF,1,171.28996669950266
-308.03999999999996,140.41000000000003,0.0,other_tissue,0,81.80015661409102
38.66999999999996,137.77999999999997,0.0,other_tissue,0,187.21969752581373
122.17999999999995,-375.90999999999997,0.0,other_tissue,0,117.92004960080807
290.48,371.25,0.0,CAF,1,301.64343131244357
290.78999999999996,265.73,0.0,other_tissue,0,249.43174438767954
176.21000000000004,-97.52999999999997,0.0,other_tissue,0,272.65229467024375
-135.76,402.37,0.0,other_tissue,0,104.54603992208632
57.860000000000014,-245.71000000000004,0.0,other_tissue,0,81.80015661409102
-537.12,-503.9000000000001,0.0,other_tissue,0,126.41347577322301
-120.05000000000001,45.43000000000001,0.0,other_tissue,0,253.72942895629348
12.080000000000041,-282.13,0.0,CAF,1,253.2839045620534
-296.14,415.83000000000004,0.0,other_tissue,0,166.34169239168804
19.600000000000023,-104.09000000000003,0.0,other_tissue,0,250.8332228143715
-54.379999999999995,-169.99,0.0,other_tissue,0,397.398274165386
-134.07,268.2,0.0,other_tissue,0,154.5639710847998
215.73000000000002,-297.91999999999996,0.0,other_tissue,0,283.1025582003513
-34.99000000000001,-126.05999999999995,0.0,other_tissue,0,99.40606744816618
-270.45,-12.610000000000014,0.0,other_tissue,0,170.26285484335622
38.5,-143.97000000000003,0.0,other_tissue,0,213.3813052587665
67.24000000000001,-45.940000000000055,0.0,other_tissue,0,332.93359526704023
-419.34000000000003,168.32,0.0,other_tissue,0,200.72333843286995
-33.299999999999955,-366.46000000000004,0.0,other_tissue,0,86.63944381569247
412.4,199.69,0.0,other_tissue,0,142.6548339722004
-4.82000000000005,-58.700000000000045,0.0,apCAF,1,1080.9641827808541
380.72,-282.5,0.0,other_tissue,0,481.20759997118876
-408.97,-365.39,0.0,apCAF,1,325.944284936112
-184.14999999999998,-491.29999999999995,0.0,other_tissue,0,87.03774186261772
-80.80000000000001,-470.29999999999995,0.0,apCAF,1,294.37254546171306
139.58000000000004,-353.35,0.0,other_tissue,0,105.13203686609094
-305.13,-423.27,0.0,other_tissue,0,81.80015661409102
-27.889999999999986,-314.08000000000004,0.0,other_tissue,0,107.23027872391017
151.66999999999996,-508.20000000000005,0.0,other_tissue,0,216.6704459510184
-332.68,471.93,0.0,other_tissue,0,346.82844331490435
-307.18,172.35000000000002,0.0,other_tissue,0,113.11995650433637
-346.16999999999996,199.11,0.0,other_tissue,0,133.52869748816985
-119.42000000000002,-499.79999999999995,0.0,apCAF,1,175.24277354351057
-409.03999999999996,-450.4,0.0,other_tissue,0,124.69166366304283
-261.21,93.57999999999998,0.0,other_tissue,0,222.2389880295954
-435.15,-360.98,0.0,other_tissue,0,198.07420440587146
300.20000000000005,-377.25,0.0,epithelial_tumor_class1_class2,1,789.9884102752566
337.11,-346.38,0.0,CD4_Tcell,1,175.5913192553413
-324.26,355.52,0.0,other_tissue,0,118.80606384708409
484.0,186.07,0.0,CAF,1,123.84265936556567
-26.309999999999945,-408.22,0.0,other_tissue,0,115.01374929854896
-106.69999999999999,-500.0999999999999,0.0,other_tissue,0,160.93099079858627
-316.69,-231.77999999999997,0.0,CAF,1,110.03585870625574
-23.850000000000023,231.12,0.0,mesenchymal_tumor_class1,1,768.0031072409572
-496.08,-464.29999999999995,0.0,other_tissue,0,81.80015661409102
483.79999999999995,177.7,0.0,other_tissue,0,135.74545002667176
-326.33000000000004,-531.7,0.0,CAF,1,110.03585870625574
87.97000000000003,-476.5,0.0,other_tissue,0,137.97368876330435
-546.375,365.24,0.0,other_tissue,0,280.45245119555216
-356.62,-351.12,0.0,other_tissue,0,312.4163279378886
-474.35,221.35000000000002,0.0,other_tissue,0,172.13407704114533
43.47000000000003,231.88,0.0,CAF,1,204.16633163730356
-212.14,-359.65999999999997,0.0,other_tissue,0,162.18618520848742
-491.13,389.1,0.0,other_tissue,0,126.0727169566567
-407.25,369.6,0.0,other_tissue,0,206.53126673688507
-359.65999999999997,-55.190000000000055,0.0,CAF,1,110.09332331782034
-54.670000000000016,194.70999999999998,0.0,other_tissue,0,468.65282382613134
-209.42000000000002,-379.05999999999995,0.0,other_tissue,0,194.79772899389616
-478.61,62.01999999999998,0.0,other_tissue,0,81.80015661409102
-346.91999999999996,478.34000000000003,0.0,CAF,1,289.4673248298089
-369.24,-259.78,0.0,CAF,1,332.5620478646544
165.88,82.26999999999998,0.0,other_tissue,0,86.82421645044042
-486.06,-251.61,0.0,other_tissue,0,81.80015661409102
-447.11,278.02,0.0,mesenchymal_tumor_class1,1,493.38046637923134
425.78,174.18,0.0,other_tissue,0,93.01548765794158
146.39999999999998,-513.5999999999999,0.0,CAF,1,481.8909434804194
-334.85,151.26,0.0,other_tissue,0,181.85902507764243
384.44000000000005,-479.29999999999995,0.0,epithelial_tumor_class1_class2,1,3775.719799087401
205.90999999999997,-310.1,0.0,CD8_Tcell,1,126.30640139662681
-278.97,308.61,0.0,apCAF,1,378.0761520286882
-172.51,-515.8,0.0,other_tissue,0,152.28411272332926
543.0999999999999,-23.110000000000014,0.0,other_tissue,0,637.8409242456603
-473.38,540.129,0.0,other_tissue,0,140.59197503409564
-177.23000000000002,68.14999999999998,0.0,other_tissue,0,220.2400343983806
291.40999999999997,235.85000000000002,0.0,other_tissue,0,91.74558498042798
-550.0295,-435.49,0.0,CAF,1,327.6421270985028
-463.45,-416.35,0.0,other_tissue,0,343.2599104466096
-311.83000000000004,-362.4,0.0,CAF,1,143.30938478818794
-221.35000000000002,76.13,0.0,other_tissue,0,122.59727673453492
25.649999999999977,-406.30999999999995,0.0,other_tissue,0,355.5907254278478
-0.2300000000000182,-27.92999999999995,0.0,other_tissue,0,133.4907996855423
-487.98,-272.9,0.0,other_tissue,0,203.52145527747757
316.69000000000005,-283.75,0.0,CD4_Tcell,1,168.51587422953935
277.73,452.6,0.0,CAF,1,110.03585870625574
-207.10000000000002,322.85,0.0,CAF,1,169.04018594183873
-482.7,482.6,0.0,other_tissue,0,129.66896959158026
-264.1,214.02999999999997,0.0,mesenchymal_tumor_class1,1,228.31737980716028
253.55999999999995,306.49,0.0,CAF,1,110.03585870625574
-254.81,102.93,0.0,apCAF,1,172.62837772519052
361.80999999999995,-35.73000000000002,0.0,apCAF,1,159.3835652187638
211.25,-341.92999999999995,0.0,CD4_Tcell,1,374.3085651108808
222.15999999999997,-491.5,0.0,other_tissue,0,322.64583335882753
274.61,292.49,0.0,CAF,1,175.88718716489822
158.19000000000005,-377.40999999999997,0.0,other_tissue,0,99.90501990609988
132.84000000000003,196.08999999999997,0.0,mesenchymal_tumor_class1,1,369.27023269944203
-252.93,-361.29999999999995,0.0,other_tissue,0,565.9902032176942
235.35000000000002,154.47000000000003,0.0,other_tissue,0,94.96990933770351
-515.31,-69.99000000000001,0.0,other_tissue,0,118.50245606621587
57.90999999999997,-315.22,0.0,apCAF,1,562.0122755970137
-168.52999999999997,291.76,0.0,CAF,1,110.03585870625574
-290.86,-300.65,0.0,CAF,1,172.8758825303225
-344.08000000000004,29.67999999999995,0.0,other_tissue,0,383.24511564125055
-266.42,-224.19000000000005,0.0,CAF,1,110.03585870625574
-420.65999999999997,-382.63,0.0,apCAF,1,539.3201417080393
411.03,153.36,0.0,other_tissue,0,81.80015661409102
-69.22000000000003,-222.97000000000003,0.0,CD8_Tcell,1,208.25105750866382
107.49000000000001,-426.74,0.0,other_tissue,0,315.0846619287419
-46.19999999999999,-426.03,0.0,other_tissue,0,248.34107602269034
167.38,-542.0,0.0,other_tissue,0,81.80015661409102
217.12,-234.60000000000002,0.0,other_tissue,0,152.28411272332926
-277.72,409.78999999999996,0.0,other_tissue,0,83.68624459186316
-190.27999999999997,53.370000000000005,0.0,other_tissue,0,211.3844190585444
-143.57999999999998,-514.5999999999999,0.0,other_tissue,0,96.66603209585467
-238.63,367.33000000000004,0.0,other_tissue,0,156.48699545637837
-498.87,-544.7,0.0,other_tissue,0,395.91016970652066
-95.98000000000002,106.19,0.0,other_tissue,0,246.49234347336088
33.5,-315.61,0.0,CD8_Tcell,1,475.6609484216416
-199.55,-380.03999999999996,0.0,other_tissue,0,201.8361587175557
274.36,488.79,0.0,other_tissue,0,399.15221152152554
-547.476,490.04,0.0,other_tissue,0,189.56382361443403
24.529999999999973,-283.75,0.0,CAF,1,112.58352272386861
-371.05,-203.01999999999998,0.0,mesenchymal_tumor_class1,1,142.61918967931675
177.89999999999998,265.64,0.0,other_tissue,0,234.22067292832656
150.07000000000005,-462.0,0.0,other_tissue,0,153.56332027058005
19.67999999999995,80.10000000000002,0.0,other_tissue,0,92.060737536088
-116.44,-276.38,0.0,CAF,1,110.03585870625574
99.19000000000005,-335.0,0.0,CD8_Tcell,1,341.42579742412323
395.90999999999997,186.07999999999998,0.0,other_tissue,0,192.48310051712537
-94.32999999999998,301.66999999999996,0.0,CAF,1,110.03585870625574
-182.89999999999998,38.19999999999999,0.0,other_tissue,0,266.3571554805706
-105.99000000000001,173.2,0.0,CAF,1,712.5925916615794
472.20000000000005,-184.69000000000005,0.0,CAF,1,110.03585870625574
152.26,-64.14999999999998,0.0,other_tissue,0,176.86819464504666
-424.24,350.40999999999997,0.0,other_tissue,0,83.97803306563641
-443.65,-350.87,0.0,apCAF,1,264.40998633093056
-348.1,-328.03999999999996,0.0,other_tissue,0,127.96677015530153
358.85,-485.0999999999999,0.0,CD4_Tcell,1,455.67371447894243
-415.61,-473.6,0.0,other_tissue,0,166.6344014058619
284.94000000000005,-257.78999999999996,0.0,CD4_Tcell,1,202.04422863512318
208.25,-463.9,0.0,other_tissue,0,145.27167987532044
15.009999999999991,228.12,0.0,other_tissue,0,118.4441293182023
197.58000000000004,136.11,0.0,other_tissue,0,171.60338383023668
-384.21000000000004,385.87,0.0,other_tissue,0,81.80015661409102
478.70000000000005,-142.24,0.0,other_tissue,0,144.60450134871934
70.75999999999999,245.61,0.0,other_tissue,0,212.22640451187272
-322.23,118.23000000000002,0.0,other_tissue,0,108.45742538977213
-5.159999999999968,-545.0,0.0,CAF,1,231.6301784199623
-425.85,-417.19000000000005,0.0,apCAF,1,305.13699893770814
-46.389999999999986,-371.17999999999995,0.0,other_tissue,0,164.45469290420948
-538.99,23.889999999999986,0.0,apCAF,1,657.9360754053912
-140.05,189.49,0.0,other_tissue,0,371.7399536202622
-443.93,-80.60000000000002,0.0,apCAF,1,118.85281871302858
-396.45,-357.90999999999997,0.0,apCAF,1,178.03643571003448
331.92999999999995,319.2,0.0,other_tissue,0,172.7108530606178
342.71000000000004,296.71000000000004,0.0,CAF,1,121.57970431957861
-111.07,-302.1,0.0,CAF,1,146.96879845196202
-479.35,-373.20000000000005,0.0,apCAF,1,118.85281871302858
-27.49000000000001,-171.60000000000002,0.0,other_tissue,0,144.6911187964264
-223.5,390.24,0.0,other_tissue,0,132.5331122396886
132.76,-133.96000000000004,0.0,CD4_Tcell,1,311.1155831333071
88.04999999999995,214.02999999999997,0.0,apCAF,1,504.83652303265524
-494.64,-182.49,0.0,CAF,1,192.90257069382477
-63.920000000000016,225.67000000000002,0.0,other_tissue,0,81.80015661409102
25.75,-505.0,0.0,apCAF,1,460.1268014774036
-259.41,-252.32000000000005,0.0,CAF,1,110.03585870625574
-196.87,272.77,0.0,other_tissue,0,122.17408941309539
-370.65,293.67,0.0,other_tissue,0,134.05368655654692
253.27999999999997,-20.629999999999995,0.0,other_tissue,0,391.8953147929267
98.09000000000003,367.25,0.0,other_tissue,0,90.12712938354244
-318.06,-307.69000000000005,0.0,CAF,1,251.50702230108558
229.87,-519.8,0.0,other_tissue,0,132.28813040507325
-299.41999999999996,282.02,0.0,CAF,1,285.0670173509361
-110.20999999999998,-442.32000000000005,0.0,other_tissue,0,269.2201783652299
-419.86,-31.649999999999977,0.0,other_tissue,0,153.23073227835263
61.40999999999997,-142.38,0.0,other_tissue,0,81.80015661409102
-403.45,-365.79999999999995,0.0,apCAF,1,203.1953482952503
-90.68,121.57999999999998,0.0,other_tissue,0,136.69928159187654
-188.17000000000002,290.49,0.0,apCAF,1,351.60075028965286
-88.44,331.52,0.0,other_tissue,0,81.80015661409102
-153.5,-163.64999999999998,0.0,other_tissue,0,213.69228951528075
-398.14,-273.1,0.0,other_tissue,0,115.64393929793377
-301.72,-276.03,0.0,other_tissue,0,81.80015661409102
36.190000000000055,-517.3,0.0,other_tissue,0,203.9987005182609
-427.93,549.931,0.0,other_tissue,0,368.5364269484108
-141.42000000000002,-11.600000000000023,0.0,other_tissue,0,203.4127142120613
-302.15999999999997,118.10000000000002,0.0,other_tissue,0,86.45493351304172
135.89999999999998,217.51999999999998,0.0,CAF,1,271.5962911294828
320.47,240.47000000000003,0.0,other_tissue,0,179.88702111108933
164.13,-378.51,0.0,other_tissue,0,137.92204465631661
-434.1,-249.29999999999995,0.0,CAF,1,110.03585870625574
259.39,234.38,0.0,CD4_Tcell,1,119.71647378071953
-481.01,375.0,0.0,other_tissue,0,198.73223037736892
-440.95,371.63,0.0,apCAF,1,561.3373934590434
48.07000000000005,67.92000000000002,0.0,other_tissue,0,134.0916908144637
-399.78999999999996,-261.9,0.0,other_tissue,0,91.59319187360452
94.28999999999996,-6.340000000000032,0.0,other_tissue,0,110.63854075538723
439.02,-313.17999999999995,0.0,CD4_Tcell,1,246.07432376010408
-369.33000000000004,-406.80999999999995,0.0,other_tissue,0,123.81863052167282
16.470000000000027,-269.4,0.0,other_tissue,0,145.96101592760843
76.21000000000004,-390.03,0.0,other_tissue,0,188.78293957430142
-277.63,-314.09000000000003,0.0,CAF,1,162.35883337968585
49.460000000000036,242.24,0.0,other_tissue,0,148.42813876176243
6.75,-457.70000000000005,0.0,other_tissue,0,269.2806719949059
-127.38,-391.44000000000005,0.0,CAF,1,180.96791537717155
-472.42,-489.4000000000001,0.0,CAF,1,110.03585870625574
-51.420000000000016,155.87,0.0,other_tissue,0,408.39851554714824
-107.69999999999999,-463.70000000000005,0.0,CAF,1,182.51176804028492
203.91999999999996,491.34000000000003,0.0,CAF,1,126.79756275349956
309.71000000000004,-322.14,0.0,other_tissue,0,81.80015661409102
169.85000000000002,265.59,0.0,other_tissue,0,238.63057087481698
339.76,242.07999999999998,0.0,other_tissue,0,91.48023513496567
262.92999999999995,266.48,0.0,other_tissue,0,81.80015661409102
-509.1,280.1,0.0,other_tissue,0,141.26643819105902
-69.51999999999998,254.60000000000002,0.0,mesenchymal_tumor_class1,1,331.46064518137916
32.879999999999995,-477.79999999999995,0.0,other_tissue,0,263.6139009490678
-100.19,115.10000000000002,0.0,CAF,1,183.00234894484507
-228.75,-267.78999999999996,0.0,CAF,1,249.60424654848364
-64.39999999999998,12.480000000000018,0.0,other_tissue,0,97.95514574961368
75.60000000000002,-446.98,0.0,CAF,1,165.1524475637294
-225.89,84.82999999999998,0.0,other_tissue,0,109.21255137998423
44.370000000000005,-57.17999999999995,0.0,apCAF,1,131.83664973716523
-414.55,500.65,0.0,other_tissue,0,81.80015661409102
254.19000000000005,-472.20000000000005,0.0,other_tissue,0,275.71378766150247
-184.68,353.99,0.0,other_tissue,0,129.11225648441126
-216.91000000000003,-98.00999999999999,0.0,apCAF,1,118.85281871302858
190.72000000000003,-182.0,0.0,other_tissue,0,93.14460914083702
272.09000000000003,107.80000000000001,0.0,other_tissue,0,155.32429192982192
-136.95999999999998,-383.55999999999995,0.0,other_tissue,0,734.909462095127
-100.06,12.440000000000055,0.0,other_tissue,0,135.21605038532184
-395.99,466.44,0.0,mesenchymal_tumor_class1,1,266.87801017994036
271.44000000000005,-68.53999999999996,0.0,other_tissue,0,128.14491982656585
198.27999999999997,-136.08000000000004,0.0,apCAF,1,174.97788492182275
200.04999999999995,480.21,0.0,mesenchymal_tumor_class1,1,366.0933050534225
369.19000000000005,59.27999999999997,0.0,epithelial_tumor_class1,1,2031.0761307210687
273.26,-219.55999999999995,0.0,CD4_Tcell,1,748.6003710368894
-332.81,-39.89999999999998,0.0,other_tissue,0,141.0304588526145
-54.04000000000002,-440.83000000000004,0.0,other_tissue,0,296.56075465835056
-541.899,294.64,0.0,other_tissue,0,81.80015661409102
-457.14,520.46,0.0,apCAF,1,612.8055060299196
-56.93000000000001,208.85000000000002,0.0,other_tissue,0,338.6927705278228
-477.8,-543.3,0.0,other_tissue,0,304.47991130644544
216.41999999999996,-436.63,0.0,other_tissue,0,686.4520523147485
194.51,-89.10000000000002,0.0,epithelial_tumor_class1,1,780.2880154958913
309.16999999999996,280.69,0.0,CAF,1,110.03585870625574
144.52999999999997,458.4,0.0,other_tissue,0,213.09650153731644
240.96000000000004,276.35,0.0,apCAF,1,280.1210614002619
-89.39999999999998,-198.32000000000005,0.0,other_tissue,0,272.03257672644645
-537.36,-377.48,0.0,CAF,1,121.18846812649322
-264.17,175.51999999999998,0.0,other_tissue,0,146.4105875298066
-549.9759,-40.00999999999999,0.0,other_tissue,0,226.65940835983318
-352.83000000000004,178.39999999999998,0.0,other_tissue,0,149.59709080775016
327.83000000000004,-536.3,0.0,apCAF,1,423.01071480229547
-549.6237,-53.89999999999998,0.0,other_tissue,0,262.0661335741973
-211.91000000000003,181.38,0.0,other_tissue,0,206.4299016998049
202.14,-285.91999999999996,0.0,other_tissue,0,234.4136664888786
-199.70999999999998,-353.65,0.0,other_tissue,0,193.10445578974367
-167.33999999999997,243.08999999999997,0.0,other_tissue,0,332.63169193574123
85.69000000000005,-427.4,0.0,other_tissue,0,114.60820854236809
343.79999999999995,38.56,0.0,other_tissue,0,365.7964057891834
257.25,420.27,0.0,CAF,1,110.03585870625574
-498.5,98.49000000000001,0.0,other_tissue,0,283.5928241282112
106.85000000000002,16.309999999999945,0.0,CD4_Tcell,1,258.3016947430144
-545.182,84.19,0.0,other_tissue,0,427.550552486743
-184.01999999999998,177.7,0.0,CD4_Tcell,1,119.71647378071953
372.01,-182.83000000000004,0.0,other_tissue,0,221.24685115813065
-306.65999999999997,-512.0999999999999,0.0,other_tissue,0,154.18821922638924
-98.31,-218.46000000000004,0.0,other_tissue,0,183.05691213685083
-9.960000000000036,-428.51,0.0,CAF,1,558.8072963416305
-263.18,-40.97000000000003,0.0,mesenchymal_tumor_class1,1,492.1585684920512
-210.82999999999998,-167.67999999999995,0.0,apCAF,1,519.994247188613
-247.14,234.02999999999997,0.0,other_tissue,0,208.1915960388581
-38.19999999999999,19.75999999999999,0.0,other_tissue,0,84.91818119427441
500.0999999999999,-268.15,0.0,mesenchymal_tumor_class1,1,476.8701553636854
-166.25,-105.29999999999995,0.0,other_tissue,0,323.6136449685376
535.4000000000001,-127.55999999999995,0.0,CD4_Tcell,1,139.782852133835
-406.1,99.39999999999998,0.0,other_tissue,0,81.80015661409102
101.15999999999997,-251.59000000000003,0.0,CAF,1,447.1224985367221
402.65,-230.64,0.0,other_tissue,0,152.40136399009418
388.61,108.94,0.0,epithelial_tumor_class1,1,12657.689656927883
-532.47,-514.0,0.0,other_tissue,0,81.80015661409102
-294.64,-351.90999999999997,0.0,other_tissue,0,330.7200202359305
480.5999999999999,112.86000000000001,0.0,other_tissue,0,440.1463722657067
510.9000000000001,-341.49,0.0,other_tissue,0,695.8461405002482
7.67999999999995,-86.39999999999998,0.0,apCAF,1,405.95437416171404
107.85000000000002,-491.20000000000005,0.0,other_tissue,0,94.50760645478154
-64.50999999999999,-44.66999999999996,0.0,other_tissue,0,143.25641758713908
-486.28,403.41999999999996,0.0,other_tissue,0,208.73566526771856
-426.08,-49.50999999999999,0.0,apCAF,1,267.9921054162841
-43.75,-418.09000000000003,0.0,CAF,1,246.99649544959001
-302.47,8.440000000000055,0.0,other_tissue,0,169.10672555240635
-233.06,-395.35,0.0,other_tissue,0,205.19928244061177
-411.76,-5.330000000000041,0.0,CD4_Tcell,1,119.71647378071953
135.80999999999995,85.91000000000003,0.0,other_tissue,0,145.03793447698283
439.41999999999996,-128.54999999999995,0.0,other_tissue,0,137.0910618545516
265.03,58.639999999999986,0.0,apCAF,1,793.2370030978309
276.35,390.28,0.0,CAF,1,140.14135309565643
-245.29000000000002,-400.33000000000004,0.0,other_tissue,0,176.29739883552662
343.88,66.36000000000001,0.0,apCAF,1,1031.4656895101216
-210.11,-353.6,0.0,other_tissue,0,253.593779315376
-252.27999999999997,214.49,0.0,mesenchymal_tumor_class1,1,142.61918967931675
47.26999999999998,10.830000000000041,0.0,CD4_Tcell,1,459.8530394136238
-151.62,-261.47,0.0,mesenchymal_tumor_class1,1,1745.1484553142461
-43.79000000000002,114.41000000000003,0.0,other_tissue,0,288.7695502572316
-508.31,277.03,0.0,other_tissue,0,117.39751809828674
-274.35,-41.97000000000003,0.0,mesenchymal_tumor_class1,1,304.75358305820447
172.11,461.77,0.0,other_tissue,0,91.08806547077478
321.62,180.13,0.0,CD4_Tcell,1,119.71647378071953
292.41999999999996,458.14,0.0,CAF,1,228.60654544072838
106.38,136.87,0.0,other_tissue,0,158.41174573157946
533.3,-70.77999999999997,0.0,apCAF,1,259.1951656805647
-102.14999999999998,-30.149999999999977,0.0,other_tissue,0,121.07599532185812
-119.74000000000001,-257.85,0.0,other_tissue,0,81.80015661409102
-55.370000000000005,-99.66999999999996,0.0,other_tissue,0,143.08436432088044
412.1,-121.63,0.0,other_tissue,0,88.30706880590985
56.940000000000055,139.37,0.0,other_tissue,0,208.3955110687876
-86.61000000000001,-146.03999999999996,0.0,CAF,1,231.25646871932122
-531.24,124.19,0.0,CAF,1,110.03585870625574
-448.21,-453.6,0.0,CAF,1,210.87858502060675
281.89,390.49,0.0,CAF,1,142.4766666725968
205.98000000000002,160.32,0.0,other_tissue,0,192.90257069382477
-448.77,-374.36,0.0,apCAF,1,396.36664798350034
-173.36,154.13,0.0,other_tissue,0,157.50734544804226
-520.13,93.67000000000002,0.0,other_tissue,0,81.80015661409102
-36.65999999999997,-189.75,0.0,other_tissue,0,113.69213622866225
-359.6,4.039999999999964,0.0,other_tissue,0,175.85682645428213
-290.58,-109.0,0.0,CD4_Tcell,1,576.49425594669
-46.56,-219.24,0.0,other_tissue,0,92.09525106760874
-386.73,-279.22,0.0,other_tissue,0,83.61224736412683
76.71000000000004,-321.25,0.0,CAF,1,523.9601418549579
363.55999999999995,-449.09000000000003,0.0,other_tissue,0,653.2282081616237
284.85,483.39,0.0,CAF,1,298.01478044783005
-225.47000000000003,215.32999999999998,0.0,other_tissue,0,161.06695454368707
283.45000000000005,8.190000000000055,0.0,other_tissue,0,136.1546040124184
-412.23,363.83000000000004,0.0,other_tissue,0,118.22848676598976
-254.17000000000002,-46.49000000000001,0.0,mesenchymal_tumor_class1,1,142.61918967931675
-469.58,388.41999999999996,0.0,CAF,1,166.70763227382562
106.12,-482.0,0.0,other_tissue,0,81.80015661409102
442.92999999999995,-214.67999999999995,0.0,other_tissue,0,311.5154269925787
-340.51,68.25999999999999,0.0,other_tissue,0,81.80015661409102
41.25,310.14,0.0,CAF,1,110.03585870625574
340.23,-185.94000000000005,0.0,CD8_Tcell,1,347.1388755482383
-212.20999999999998,-271.84000000000003,0.0,CAF,1,205.98260284124032
-106.01999999999998,-196.66999999999996,0.0,other_tissue,0,173.5069620220478
153.09000000000003,-262.53,0.0,apCAF,1,429.36453416054684
74.5,-326.40999999999997,0.0,CAF,1,136.1610035582528
183.0,-402.75,0.0,CAF,1,436.616101757491
220.37,261.27,0.0,other_tissue,0,250.77552463422322
-413.94,20.019999999999982,0.0,other_tissue,0,115.42597772716975
-270.97,184.36,0.0,other_tissue,0,140.41552984966592
-425.79,-411.83000000000004,0.0,other_tissue,0,217.52640109290493
-109.0,-530.5999999999999,0.0,other_tissue,0,107.82625426792025
-122.24000000000001,307.63,0.0,other_tissue,0,208.82927251969576
-152.05,-297.4,0.0,mesenchymal_tumor_class1,1,192.426679860744
3.0299999999999727,-471.70000000000005,0.0,apCAF,1,430.76975612657077
442.07000000000005,176.14,0.0,other_tissue,0,169.02540173247354
-86.0,-440.20000000000005,0.0,other_tissue,0,129.05667297631595
-550.3788,-227.09000000000003,0.0,apCAF,1,421.8807990958066
341.40999999999997,165.89999999999998,0.0,CAF,1,342.12317152532125
-306.32,-443.87,0.0,other_tissue,0,90.89728981974322
494.9000000000001,193.99,0.0,other_tissue,0,104.61044640664069
-332.4,37.84000000000003,0.0,other_tissue,0,173.17620538153136
167.58000000000004,262.22,0.0,other_tissue,0,135.74545002667176
134.55999999999995,-19.99000000000001,0.0,other_tissue,0,81.80015661409102
401.78,250.56,0.0,apCAF,1,321.50970418671034
-456.84000000000003,244.56,0.0,CAF,1,136.80197131505966
63.860000000000014,113.68,0.0,other_tissue,0,243.34043500052059
114.15999999999997,463.62,0.0,other_tissue,0,81.80015661409102
392.04999999999995,194.01999999999998,0.0,other_tissue,0,161.69050357444482
-158.64999999999998,-403.52,0.0,other_tissue,0,199.24320170444992
51.47000000000003,-189.84000000000003,0.0,other_tissue,0,134.9995859025634
123.69000000000005,-348.09000000000003,0.0,other_tissue,0,109.71606371981972
172.55999999999995,260.42,0.0,other_tissue,0,118.57247343574592
183.51,-336.22,0.0,other_tissue,0,224.8395676493082
-360.53,-39.60000000000002,0.0,other_tissue,0,81.80015661409102
-308.18,-293.94000000000005,0.0,other_tissue,0,173.84567120095548
-270.99,-541.9000000000001,0.0,other_tissue,0,124.96343699934924
332.48,-1.2799999999999727,0.0,mesenchymal_tumor_class1,1,175.30335702609273
-397.64,-528.7,0.0,other_tissue,0,90.22924082136541
174.5,255.61,0.0,CAF,1,158.54628701306652
449.79999999999995,-189.40999999999997,0.0,CAF,1,163.3322627350455
-243.25,57.870000000000005,0.0,other_tissue,0,235.17748811397078
-428.86,-473.6,0.0,other_tissue,0,111.31419694697341
-193.18,158.2,0.0,other_tissue,0,154.70329320647502
344.70000000000005,43.80000000000001,0.0,apCAF,1,247.2154920982759
84.00999999999999,-103.47000000000003,0.0,CD8_Tcell,1,555.0590847379756
-197.32,-368.78,0.0,other_tissue,0,324.5148739626553
-461.6,418.06,0.0,other_tissue,0,81.80015661409102
66.26999999999998,-435.15,0.0,other_tissue,0,85.63022727189596
-517.76,-267.53999999999996,0.0,apCAF,1,118.85281871302858
-456.15999999999997,99.32,0.0,other_tissue,0,81.80015661409102
6.850000000000023,-112.72000000000003,0.0,other_tissue,0,232.70797951828123
-247.0,212.67000000000002,0.0,mesenchymal_tumor_class1,1,234.8828064428675
-287.84,-16.289999999999964,0.0,other_tissue,0,88.3358416541107
145.64999999999998,-383.35,0.0,other_tissue,0,114.87084432173687
280.64,479.88,0.0,other_tissue,0,231.15627357501012
-168.35000000000002,-447.97,0.0,other_tissue,0,89.0571956480216
473.29999999999995,174.07999999999998,0.0,CAF,1,110.03585870625574
-454.47,362.14,0.0,apCAF,1,194.7246097737
-94.50999999999999,-199.96000000000004,0.0,CAF,1,253.49691632108974
-456.12,-421.78999999999996,0.0,other_tissue,0,81.80015661409102
-201.43,-332.24,0.0,other_tissue,0,97.83701612978427
335.01,-11.960000000000036,0.0,mesenchymal_tumor_class1,1,213.35540353176287
459.9,-474.0999999999999,0.0,apCAF,1,865.4396519295854
-195.18,246.5,0.0,other_tissue,0,81.80015661409102
-331.19,332.16999999999996,0.0,CAF,1,503.71822761355673
-257.47,161.88,0.0,other_tissue,0,81.80015661409102
-233.92000000000002,357.89,0.0,CD4_Tcell,1,119.71647378071953
227.75,364.68,0.0,CAF,1,226.9471727003238
-543.603,-371.86,0.0,apCAF,1,858.1042196794615
-191.5,120.93,0.0,other_tissue,0,155.99599387196187
-530.94,410.13,0.0,mesenchymal_tumor_class1,1,365.9324646846799
-85.76999999999998,237.16000000000003,0.0,other_tissue,0,582.0053363300551
122.61000000000001,-464.1,0.0,other_tissue,0,81.80015661409102
-400.82,-206.84000000000003,0.0,mesenchymal_tumor_class1,1,259.677117684891
-434.08,104.93,0.0,other_tissue,0,83.30285773519992
-187.70999999999998,-377.80999999999995,0.0,other_tissue,0,275.54993240370965
-447.2,460.35,0.0,other_tissue,0,93.35841834925687
-361.81,199.61,0.0,other_tissue,0,315.5215171339278
30.950000000000045,-15.669999999999959,0.0,apCAF,1,659.5836608064843
-391.58000000000004,49.97000000000003,0.0,CAF,1,136.9432536377133
-60.44,132.95,0.0,other_tissue,0,269.78513802181277
-510.53,-366.26,0.0,CAF,1,143.6871540528977
-311.86,-507.29999999999995,0.0,other_tissue,0,81.80015661409102
292.03999999999996,388.48,0.0,CAF,1,208.88885533940817
-195.02999999999997,325.59000000000003,0.0,other_tissue,0,325.2462091472505
-538.28,-430.40999999999997,0.0,other_tissue,0,112.2118425325764
353.20000000000005,-345.34000000000003,0.0,CD4_Tcell,1,156.67665677511175
302.91999999999996,390.03999999999996,0.0,other_tissue,0,81.80015661409102
-434.22,-381.71000000000004,0.0,apCAF,1,622.309370286899
-429.9,-407.41999999999996,0.0,CD4_Tcell,1,172.78585343001538
-539.49,-321.70000000000005,0.0,apCAF,1,1261.1319482720664
403.80999999999995,4.230000000000018,0.0,CD4_Tcell,1,150.59414348646305
239.90999999999997,111.63,0.0,CAF,1,165.50935270327815
-244.10000000000002,-18.91999999999996,0.0,other_tissue,0,81.80015661409102
-147.31,-441.61,0.0,CAF,1,702.4937613515223
-364.14,-444.96000000000004,0.0,apCAF,1,501.91406634818173
90.92999999999995,-383.55999999999995,0.0,other_tissue,0,166.02010861198025
50.210000000000036,378.71000000000004,0.0,mesenchymal_tumor_class1,1,316.73337696840133
-504.77,189.56,0.0,other_tissue,0,81.80015661409102
-210.68,161.93,0.0,mesenchymal_tumor_class1,1,255.76998218185366
21.029999999999973,-225.12,0.0,other_tissue,0,137.3741216771086
315.78999999999996,290.89,0.0,CAF,1,181.00659861319494
163.41999999999996,450.44,0.0,other_tissue,0,193.7028611100056
465.6,-65.90999999999997,0.0,other_tissue,0,181.96770731346328
14.289999999999964,425.12,0.0,other_tissue,0,290.2722141832635
-325.76,36.02999999999997,0.0,other_tissue,0,95.15122005790742
2.1900000000000546,-30.230000000000018,0.0,other_tissue,0,81.80015661409102
-331.55,-433.80999999999995,0.0,apCAF,1,617.1770927966693
-60.660000000000025,-366.86,0.0,other_tissue,0,81.80015661409102
-432.65,-284.76,0.0,other_tissue,0,221.62741088118383
5.789999999999964,-324.28999999999996,0.0,other_tissue,0,102.38779163176824
-349.97,-5.17999999999995,0.0,CD4_Tcell,1,183.4625782767272
-226.17000000000002,-411.20000000000005,0.0,other_tissue,0,106.94673552088643
-548.458,-398.24,0.0,other_tissue,0,249.8247816917883
-95.55000000000001,-139.64,0.0,other_tissue,0,323.3515758119526
-0.4800000000000182,-311.91999999999996,0.0,other_tissue,0,134.63720807932515
349.52,277.34,0.0,CAF,1,165.03601833067296
-41.72000000000003,20.07000000000005,0.0,other_tissue,0,91.67674137275985
-456.14,-242.14,0.0,other_tissue,0,113.85110119131329
209.99,215.77999999999997,0.0,other_tissue,0,175.40941171604928
128.41999999999996,-429.04999999999995,0.0,other_tissue,0,134.30718395844687
-353.74,118.02999999999997,0.0,other_tissue,0,146.417304536161
-392.11,-361.69000000000005,0.0,other_tissue,0,111.65025085140113
-420.39,-158.89,0.0,other_tissue,0,227.028150281996
-72.94,-109.64999999999998,0.0,other_tissue,0,100.51537211281182
69.58000000000004,-362.63,0.0,other_tissue,0,120.20227266668401
-193.05,-129.49,0.0,other_tissue,0,198.27968123990354
-375.56,-215.53999999999996,0.0,apCAF,1,378.0761520286882
-138.55,399.41999999999996,0.0,other_tissue,0,128.87150983334348
126.89999999999998,-347.66999999999996,0.0,other_tissue,0,81.80015661409102
-125.82,-378.75,0.0,other_tissue,0,301.15429752400195
48.76999999999998,-28.49000000000001,0.0,other_tissue,0,168.39786936172644
-53.48000000000002,-353.64,0.0,other_tissue,0,126.99906129865771
-540.694,77.69999999999999,0.0,other_tissue,0,301.99158181920274
-393.94,1.0499999999999545,0.0,other_tissue,0,94.22193376472254
318.25,196.43,0.0,CAF,1,110.03585870625574
-479.85,274.21,0.0,other_tissue,0,81.80015661409102
-119.44,-87.54999999999995,0.0,other_tissue,0,123.68052498486126
-481.9,-35.60000000000002,0.0,CD8_Tcell,1,126.30640139662681
-316.3,487.92,0.0,apCAF,1,118.85281871302858
391.88,246.98000000000002,0.0,CAF,1,232.5890751852712
-507.94,-287.97,0.0,apCAF,1,295.7013456315905
227.14999999999998,324.93,0.0,other_tissue,0,276.9755945816701
-383.86,-393.08000000000004,0.0,CD4_Tcell,1,159.17752093132077
-213.85000000000002,-472.29999999999995,0.0,other_tissue,0,171.7303517569523
16.67999999999995,23.519999999999982,0.0,other_tissue,0,969.3182708432341
-123.82,235.94,0.0,other_tissue,0,145.95431288367928
-223.60000000000002,98.39999999999998,0.0,other_tissue,0,117.91423519384017
1.32000000000005,-229.12,0.0,other_tissue,0,190.62703493125363
304.42999999999995,10.779999999999973,0.0,CAF,1,320.44417753618455
-350.37,-12.139999999999986,0.0,other_tissue,0,81.80015661409102
-324.4,-272.66999999999996,0.0,other_tissue,0,126.33431639216121
15.370000000000005,-295.53,0.0,other_tissue,0,102.65792068496975
-433.8,-254.64,0.0,other_tissue,0,81.80015661409102
0.049999999999954525,-517.5999999999999,0.0,other_tissue,0,111.00115564872166
-452.61,273.24,0.0,mesenchymal_tumor_class1,1,1908.7468989272945
387.97,84.44,0.0,epithelial_tumor_class1,1,780.2880154958913
-508.24,412.0,0.0,other_tissue,0,236.70085297527305
-193.47000000000003,352.34000000000003,0.0,other_tissue,0,115.26554983133248
-383.15,-207.70000000000005,0.0,mesenchymal_tumor_class1,1,243.52897598698772
-478.40999999999997,548.165,0.0,apCAF,1,439.7407546992693
32.97000000000003,-136.97000000000003,0.0,other_tissue,0,91.21539741957243
-311.63,-470.70000000000005,0.0,other_tissue,0,155.7438791832096
-375.65,17.710000000000036,0.0,CAF,1,323.8416462600255
252.46000000000004,80.38,0.0,CAF,1,110.03585870625574
196.01999999999998,-413.03,0.0,other_tissue,0,256.7259726353377
8.509999999999991,306.2,0.0,other_tissue,0,103.75920470703463
-290.16,445.13,0.0,other_tissue,0,113.5106432540206
89.96000000000004,-72.80999999999995,0.0,CD4_Tcell,1,223.7327477168376
143.40999999999997,-452.4,0.0,CAF,1,119.59082672218403
44.450000000000045,-330.16999999999996,0.0,other_tissue,0,152.38066821832447
80.03999999999996,-333.89,0.0,apCAF,1,1140.2091415987595
7.1299999999999955,-90.16999999999996,0.0,other_tissue,0,152.66367264857274
331.55999999999995,131.54000000000002,0.0,apCAF,1,1159.662807643256
-86.35000000000002,-374.78,0.0,other_tissue,0,150.77216421872401
-364.95,329.98,0.0,CAF,1,384.867625982029
-405.88,-320.21000000000004,0.0,other_tissue,0,93.54265540101562
47.92999999999995,294.93,0.0,other_tissue,0,182.387315828217
205.05999999999995,-83.28999999999996,0.0,mesenchymal_tumor_class1,1,906.61209806706
83.88,154.39,0.0,other_tissue,0,119.55561440040734
-346.82,-352.02,0.0,other_tissue,0,88.60949549206659
270.19000000000005,291.7,0.0,other_tissue,0,95.1058707631319
-286.1,-20.0,0.0,other_tissue,0,125.13273954740005
284.6,-221.39,0.0,CD4_Tcell,1,751.2548854459342
49.17999999999995,-3.3899999999999864,0.0,other_tissue,0,383.23235809762275
343.90999999999997,249.94,0.0,other_tissue,0,81.80015661409102
-259.5,-305.61,0.0,other_tissue,0,81.80015661409102
27.07000000000005,257.79,0.0,other_tissue,0,81.80015661409102
-198.04000000000002,-258.74,0.0,mesenchymal_tumor_class1,1,184.9263685686729
-497.65,-441.84000000000003,0.0,other_tissue,0,86.68679639825712
266.80999999999995,361.73,0.0,other_tissue,0,89.43868256655246
-206.39,186.01,0.0,other_tissue,0,400.35939038444485
-296.47,-336.32000000000005,0.0,apCAF,1,619.8099974850777
-387.58000000000004,-366.76,0.0,CAF,1,152.41516221226686
320.11,257.28,0.0,other_tissue,0,108.27056253116672
27.470000000000027,-125.91999999999996,0.0,other_tissue,0,84.99294682146866
-68.02999999999997,91.41000000000003,0.0,CAF,1,567.6297134685923
80.62,133.73000000000002,0.0,other_tissue,0,128.42784107379242
136.04999999999995,-497.0,0.0,other_tissue,0,156.22733788417386
5.899999999999977,160.64,0.0,other_tissue,0,182.29401380553068
-540.858,6.830000000000041,0.0,other_tissue,0,190.9555916284887
151.72000000000003,-103.39999999999998,0.0,other_tissue,0,264.7089310505742
-2.669999999999959,-384.83000000000004,0.0,other_tissue,0,190.6590726396105
-289.81,-524.0999999999999,0.0,other_tissue,0,203.6720837983408
-454.09000000000003,246.5,0.0,other_tissue,0,155.44309837509834
-17.74000000000001,-434.32000000000005,0.0,other_tissue,0,108.94206855238377
-185.79000000000002,291.75,0.0,other_tissue,0,81.80015661409102
64.04999999999995,-357.20000000000005,0.0,apCAF,1,1261.1319482720664
-193.97000000000003,-395.76,0.0,CAF,1,385.99456685185635
169.51999999999998,439.32,0.0,other_tissue,0,81.80015661409102
43.940000000000055,244.25,0.0,other_tissue,0,120.01979724230581
-463.90999999999997,-331.78,0.0,apCAF,1,823.0883630756225
-345.97,59.73000000000002,0.0,other_tissue,0,81.80015661409102
-537.54,124.87,0.0,other_tissue,0,141.41734049486024
-350.65999999999997,337.77,0.0,CAF,1,122.51971876589266
-309.83000000000004,-312.52,0.0,other_tissue,0,123.60851070674117
228.38,-346.58000000000004,0.0,other_tissue,0,247.69201826983738
-323.49,493.85,0.0,other_tissue,0,136.62229803267957
265.86,142.11,0.0,other_tissue,0,112.73016724183806
289.62,197.85000000000002,0.0,other_tissue,0,81.80015661409102
-112.06,-94.12,0.0,other_tissue,0,81.80015661409102
543.0,-43.66999999999996,0.0,CAF,1,667.9367593922298
136.20000000000005,-263.66999999999996,0.0,apCAF,1,495.9969679887003
258.79999999999995,465.61,0.0,other_tissue,0,98.5781765123675
-363.11,379.82,0.0,other_tissue,0,81.80015661409102
186.07000000000005,-498.29999999999995,0.0,other_tissue,0,109.7271472700406
165.13,-242.04999999999995,0.0,other_tissue,0,228.86881259682494
-430.02,-83.42999999999995,0.0,CAF,1,150.85437493002718
277.29999999999995,182.49,0.0,other_tissue,0,112.3637944854214
485.5,-426.4,0.0,CD4_Tcell,1,956.022471029576
51.610000000000014,-150.73000000000002,0.0,other_tissue,0,196.4926993503844
170.74,-16.49000000000001,0.0,CAF,1,230.59207852620906
389.77,-423.05999999999995,0.0,other_tissue,0,133.45290905430366
252.86,448.21,0.0,CAF,1,110.03585870625574
-112.06,-446.63,0.0,other_tissue,0,290.516092878583
-140.57999999999998,97.73000000000002,0.0,other_tissue,0,112.25685104245679
-451.88,61.93000000000001,0.0,other_tissue,0,83.86216295523438
266.04999999999995,425.09000000000003,0.0,other_tissue,0,83.28902234945589
490.29999999999995,-426.55999999999995,0.0,other_tissue,0,782.3881291659237
-33.22000000000003,-246.34000000000003,0.0,other_tissue,0,135.2415319972124
-85.99000000000001,-203.62,0.0,other_tissue,0,199.16072780344604
-176.29000000000002,-246.45000000000005,0.0,CAF,1,251.9504611805088
-444.65999999999997,22.25,0.0,other_tissue,0,114.65385554314312
-324.95,-114.37,0.0,CAF,1,1053.641293159576
240.27999999999997,-215.25,0.0,apCAF,1,118.85281871302858
-489.04,-212.04999999999995,0.0,apCAF,1,225.0810517102529
-397.03,1.8500000000000227,0.0,CD4_Tcell,1,119.71647378071953
-490.24,-216.07000000000005,0.0,other_tissue,0,81.80015661409102
42.200000000000045,87.94,0.0,other_tissue,0,105.741845776034
-308.94,-328.42999999999995,0.0,other_tissue,0,150.09506521177687
-362.2,-517.3,0.0,CAF,1,253.8651269620802
-549.446,-171.80999999999995,0.0,apCAF,1,501.91406634818173
-274.42,-314.38,0.0,other_tissue,0,197.24552322341665
459.29999999999995,153.44,0.0,mesenchymal_tumor_class1,1,301.50207163604256
59.73000000000002,-10.710000000000036,0.0,CAF,1,241.47912707529042
-536.73,495.3,0.0,other_tissue,0,111.09612391967065
-219.08999999999997,-415.94000000000005,0.0,other_tissue,0,331.6807308725498
222.23000000000002,223.42000000000002,0.0,other_tissue,0,218.95506941651013
421.42999999999995,-179.53999999999996,0.0,other_tissue,0,442.23434082298905
-30.909999999999968,230.43,0.0,mesenchymal_tumor_class1,1,216.6181136060299
233.60000000000002,-275.78,0.0,apCAF,1,283.25896460941505
-446.33,-214.17999999999995,0.0,mesenchymal_tumor_class1_class2,1,269.0891399161379
-34.559999999999945,217.41000000000003,0.0,other_tissue,0,486.363405294967
-69.63999999999999,-128.36,0.0,CAF,1,255.13721776773005
-410.15,-478.0,0.0,other_tissue,0,235.92450240077247
-460.96,-334.91999999999996,0.0,other_tissue,0,170.5750181978385
-192.97000000000003,387.06,0.0,CAF,1,682.4145513043848
336.07000000000005,334.64,0.0,other_tissue,0,346.0293363929022
522.0999999999999,-126.38999999999999,0.0,other_tissue,0,81.80015661409102
91.23000000000002,248.20999999999998,0.0,other_tissue,0,101.19645108243103
-385.84000000000003,-179.78999999999996,0.0,mesenchymal_tumor_class1,1,142.61918967931675
138.02999999999997,317.48,0.0,CAF,1,155.03102968946192
-58.629999999999995,-170.74,0.0,other_tissue,0,247.38697104622307
-43.139999999999986,-175.90999999999997,0.0,other_tissue,0,251.69011871229637
-22.210000000000036,139.52999999999997,0.0,other_tissue,0,145.82029509741204
-165.89999999999998,7.809999999999945,0.0,other_tissue,0,81.80015661409102
259.64,23.899999999999977,0.0,other_tissue,0,217.68386198652618
-94.47000000000003,-468.9,0.0,other_tissue,0,215.60801053841212
66.08000000000004,245.57,0.0,other_tissue,0,121.30101056351788
-98.38999999999999,-540.5999999999999,0.0,other_tissue,0,126.41956632563847
304.61,-275.5,0.0,other_tissue,0,120.17871706502
-221.89999999999998,-482.5999999999999,0.0,apCAF,1,401.50319853938646
276.01,235.77999999999997,0.0,other_tissue,0,81.80015661409102
298.13,17.0,0.0,other_tissue,0,109.36731381654964
179.75,-146.88,0.0,apCAF,1,571.3010465250154
-106.94,120.18,0.0,other_tissue,0,90.11740850457937
-469.79,452.53,0.0,other_tissue,0,81.80015661409102
219.63,384.05,0.0,other_tissue,0,82.15515660487523
-68.43,-45.64999999999998,0.0,other_tissue,0,155.42911800290602
-125.13,193.18,0.0,CAF,1,504.83652303265524
293.12,-7.2999999999999545,0.0,mesenchymal_tumor_class1,1,406.57776293067684
-534.49,-357.95000000000005,0.0,apCAF,1,739.3489375695755
321.9,303.05,0.0,other_tissue,0,184.7615990192024
-479.84000000000003,-164.16999999999996,0.0,other_tissue,0,120.325990075344
14.07000000000005,41.889999999999986,0.0,other_tissue,0,286.7986137318895
-193.83999999999997,-373.86,0.0,other_tissue,0,392.98403227664284
-310.53,-525.5999999999999,0.0,CD4_Tcell,1,119.73761915129879
-397.33000000000004,128.06,0.0,other_tissue,0,81.80015661409102
-360.51,-250.41999999999996,0.0,CAF,1,216.31300953101933
-545.236,315.37,0.0,other_tissue,0,139.02225757507628
-105.63999999999999,-504.5,0.0,CD4_Tcell,1,119.71647378071953
-411.48,-440.95000000000005,0.0,CAF,1,110.03585870625574
-179.04000000000002,127.75999999999999,0.0,other_tissue,0,128.06503919666144
-367.81,43.170000000000016,0.0,mesenchymal_tumor_class1,1,216.65300089962233
18.110000000000014,-146.54999999999995,0.0,other_tissue,0,180.71274423615452
390.9,-200.24,0.0,CAF,1,211.98560952202936
-150.76999999999998,-333.24,0.0,CAF,1,151.41694808358062
-208.20999999999998,122.32,0.0,other_tissue,0,177.97522412892107
255.92999999999995,239.7,0.0,CD4_Tcell,1,188.87844259130307
165.39999999999998,322.99,0.0,other_tissue,0,160.60213233365556
307.54999999999995,-260.77,0.0,other_tissue,0,195.34263638885537
382.57000000000005,257.62,0.0,CAF,1,154.09785148828337
339.76,153.41000000000003,0.0,other_tissue,0,264.68899439601273
-340.05,-326.45000000000005,0.0,other_tissue,0,226.23719565662404
-322.33000000000004,-486.70000000000005,0.0,other_tissue,0,122.58534260957924
169.91999999999996,356.36,0.0,mesenchymal_tumor_class1,1,851.6573572719133
300.21000000000004,382.19,0.0,CAF,1,138.9703521263847
-10.690000000000055,56.379999999999995,0.0,other_tissue,0,336.3601462403244
498.0999999999999,173.39999999999998,0.0,CAF,1,220.29294844806319
-396.27,-176.01999999999998,0.0,other_tissue,0,166.8395018974406
-549.507,-157.74,0.0,apCAF,1,178.55730091520627
-522.17,-492.70000000000005,0.0,other_tissue,0,129.737121850949
475.29999999999995,16.909999999999968,0.0,other_tissue,0,227.49639794574776
51.950000000000045,-314.02,0.0,other_tissue,0,185.44485341270536
323.62,223.62,0.0,CAF,1,170.46348752385245
14.690000000000055,-45.889999999999986,0.0,other_tissue,0,279.159441824385
429.80999999999995,-87.77999999999997,0.0,other_tissue,0,285.3394110572199
63.73000000000002,-450.6,0.0,CAF,1,110.43804812992369
-322.36,367.3,0.0,other_tissue,0,177.22652054803783
-538.39,-42.01999999999998,0.0,apCAF,1,646.8413699047032
-350.31,384.32,0.0,other_tissue,0,99.84255975166873
531.0999999999999,-453.1,0.0,epithelial_tumor_class1_class2,1,4447.5314203164935
-187.73000000000002,-84.09000000000003,0.0,other_tissue,0,119.26244714529278
-472.03,-11.490000000000009,0.0,CD4_Tcell,1,119.71647378071953
-335.48,-284.51,0.0,CD4_Tcell,1,119.71647378071953
436.9,208.45,0.0,other_tissue,0,303.73635314668195
330.17999999999995,197.58999999999997,0.0,other_tissue,0,138.6268048150087
175.83000000000004,366.15999999999997,0.0,CAF,1,191.7746139931459
331.98,358.63,0.0,other_tissue,0,88.93188066315713
-153.24,258.84,0.0,other_tissue,0,203.5549218618127
87.71000000000004,88.82999999999998,0.0,other_tissue,0,901.8413379347045
319.64,374.35,0.0,other_tissue,0,141.06321803364668
-88.33999999999997,224.88,0.0,other_tissue,0,154.38297741238816
354.52,-216.26999999999998,0.0,apCAF,1,1261.1319482720664
-74.05000000000001,-420.78,0.0,other_tissue,0,595.7138786305007
320.24,24.5,0.0,CD8_Tcell,1,492.746637554199
275.92999999999995,2.590000000000032,0.0,apCAF,1,378.0761520286882
-549.3728,358.25,0.0,other_tissue,0,156.33958696257676
-486.54,15.730000000000018,0.0,CAF,1,258.5076978065688
29.75,31.25999999999999,0.0,other_tissue,0,180.16455310813507
195.51,231.19,0.0,other_tissue,0,225.75274786490527
-194.57,183.5,0.0,other_tissue,0,292.72781103066126
-457.85,281.45,0.0,mesenchymal_tumor_class1,1,373.99468831168065
-532.65,165.68,0.0,other_tissue,0,177.654093501731
308.26,-202.24,0.0,other_tissue,0,165.57496255294973
-367.83000000000004,-529.9000000000001,0.0,apCAF,1,268.40440089084893
391.67999999999995,-264.9,0.0,other_tissue,0,88.85482221066376
-172.17000000000002,151.05,0.0,other_tissue,0,153.01619129057528
219.09000000000003,-277.36,0.0,other_tissue,0,314.62583886973226
-336.2,506.06,0.0,other_tissue,0,90.02995204609248
-336.77,-400.28999999999996,0.0,other_tissue,0,133.76888348417185
-506.9,187.69,0.0,apCAF,1,260.27793309079317
248.39,249.68,0.0,other_tissue,0,239.7392942488879
-136.70999999999998,408.08000000000004,0.0,other_tissue,0,114.57398124378611
-549.5404,-427.34000000000003,0.0,CD4_Tcell,1,185.4684439041429
-362.34000000000003,-266.14,0.0,other_tissue,0,254.50549783726657
-68.43,-537.8,0.0,other_tissue,0,81.80015661409102
183.89,141.66000000000003,0.0,mesenchymal_tumor_class1,1,142.61918967931675
499.9000000000001,-457.6,0.0,other_tissue,0,425.2492472754778
217.96000000000004,175.82,0.0,other_tissue,0,119.23315680703905
-169.26,376.12,0.0,other_tissue,0,233.01915165736298
-31.07000000000005,-110.41999999999996,0.0,other_tissue,0,260.2582195459185
-354.03,380.23,0.0,other_tissue,0,99.19348043348336
-426.32,104.30000000000001,0.0,other_tissue,0,121.5737702251689
-93.69999999999999,110.24000000000001,0.0,other_tissue,0,138.47789458360464
-150.27999999999997,-396.01,0.0,other_tissue,0,96.19823663596327
288.11,449.48,0.0,other_tissue,0,227.36126049422776
-357.63,-368.19000000000005,0.0,other_tissue,0,103.19428347416458
-38.56999999999999,157.81,0.0,other_tissue,0,205.74655507989212
-318.73,474.63,0.0,other_tissue,0,151.45816679795456
66.07000000000005,-245.01999999999998,0.0,other_tissue,0,81.80015661409102
-255.32,26.340000000000032,0.0,other_tissue,0,131.44244779956327
129.53999999999996,355.65,0.0,other_tissue,0,186.5241941201079
-458.42,-244.17999999999995,0.0,other_tissue,0,81.80015661409102
370.34000000000003,-481.20000000000005,0.0,CD4_Tcell,1,469.295027174548
-439.05,517.74,0.0,apCAF,1,347.76029561528094
329.17999999999995,-453.20000000000005,0.0,epithelial_tumor_class1_class2,1,1825.0580902177244
34.59000000000003,-150.01999999999998,0.0,other_tissue,0,286.12613423181165
-419.74,-103.05999999999995,0.0,mesenchymal_tumor_class1,1,362.30756631464715
-449.06,-528.0,0.0,other_tissue,0,163.44788936946745
-376.96000000000004,323.19,0.0,CAF,1,619.4058003291353
321.57000000000005,-27.610000000000014,0.0,mesenchymal_tumor_class1,1,161.28895449427728
-176.51999999999998,214.14,0.0,other_tissue,0,81.80015661409102
-184.93,-483.9000000000001,0.0,other_tissue,0,169.6693120331142
-205.88,-378.03999999999996,0.0,other_tissue,0,180.11056621311218
226.21000000000004,49.360000000000014,0.0,apCAF,1,957.5015700465466
185.52999999999997,28.67999999999995,0.0,CD4_Tcell,1,119.71647378071953
382.03999999999996,-6.539999999999964,0.0,other_tissue,0,146.34342876467065
61.73000000000002,-411.11,0.0,other_tissue,0,141.1877491867736
-100.76999999999998,-442.0,0.0,other_tissue,0,108.1827013858094
33.049999999999955,-328.62,0.0,CAF,1,293.2291241420036
-448.73,-67.11000000000001,0.0,other_tissue,0,246.01735771578365
-246.41000000000003,303.3,0.0,CAF,1,179.09454581935265
-335.85,402.75,0.0,apCAF,1,558.64326770467
477.0,-437.32000000000005,0.0,other_tissue,0,162.23652827563902
408.15,-197.69000000000005,0.0,apCAF,1,394.67292419002894
-272.53,56.69,0.0,other_tissue,0,162.04959224053587
-404.55,26.120000000000005,0.0,apCAF,1,118.85281871302858
117.86000000000001,-270.13,0.0,CD4_Tcell,1,119.71647378071953
214.42999999999995,153.58999999999997,0.0,CAF,1,433.2431882847042
273.19000000000005,-251.63,0.0,CD4_Tcell,1,221.6097007597926
-229.26999999999998,-449.78999999999996,0.0,other_tissue,0,81.80015661409102
-162.14,-464.20000000000005,0.0,other_tissue,0,219.52652383692293
-207.58999999999997,157.75,0.0,other_tissue,0,210.9814010739011
-209.16000000000003,-505.0,0.0,other_tissue,0,221.65397783238
46.47000000000003,-465.29999999999995,0.0,other_tissue,0,150.31370329136558
483.29999999999995,-189.11,0.0,CAF,1,187.3621722398439
-274.35,-462.79999999999995,0.0,other_tissue,0,88.45099554676368
-140.07999999999998,-90.30999999999995,0.0,other_tissue,0,105.65535822626696
-319.6,-153.14,0.0,mesenchymal_tumor_class1,1,2529.5309066455125
147.75,-451.5,0.0,other_tissue,0,118.58414567804064
31.91999999999996,-510.9000000000001,0.0,other_tissue,0,309.6634836759565
-7.789999999999964,53.56,0.0,other_tissue,0,81.80015661409102
254.54999999999995,368.45,0.0,CAF,1,206.89476393725587
8.740000000000009,-439.9,0.0,other_tissue,0,174.3809749566907
477.0,-481.5,0.0,other_tissue,0,114.30610313997946
117.19000000000005,221.44,0.0,other_tissue,0,81.80015661409102
-332.76,-315.53999999999996,0.0,CAF,1,149.7129589135166
-51.06999999999999,-159.63,0.0,other_tissue,0,146.5718523896054
-454.35,-416.98,0.0,other_tissue,0,173.70260694302704
-37.50999999999999,-289.69000000000005,0.0,other_tissue,0,136.039446473545
131.29999999999995,-500.4000000000001,0.0,other_tissue,0,105.04588219553563
373.24,-488.9000000000001,0.0,CD4_Tcell,1,235.50929948441944
-110.29000000000002,-8.539999999999964,0.0,other_tissue,0,138.69806047254346
289.85,119.91000000000003,0.0,other_tissue,0,209.17841882251486
-135.99,340.39,0.0,other_tissue,0,193.85670492016578
16.75,0.44000000000005457,0.0,other_tissue,0,167.53663264170132
15.879999999999995,-418.59000000000003,0.0,CAF,1,820.5849858626555
-330.08000000000004,-233.04999999999995,0.0,CAF,1,111.94204409212702
439.94000000000005,-280.09000000000003,0.0,epithelial_tumor_class1_class2,1,1406.065426193625
-376.91999999999996,335.02,0.0,CAF,1,219.03413465326176
395.15999999999997,-363.08000000000004,0.0,other_tissue,0,124.70373410254878
-382.1,74.63,0.0,other_tissue,0,176.21378552617605
-486.69,262.92,0.0,apCAF,1,1261.1319482720664
376.64,124.89999999999998,0.0,epithelial_tumor_class1,1,1181.0107062206628
258.22,371.89,0.0,CAF,1,161.977732019162
21.730000000000018,2.240000000000009,0.0,other_tissue,0,115.91965115170048
4.190000000000055,-71.11000000000001,0.0,other_tissue,0,172.8158596563038
-3.82000000000005,197.45999999999998,0.0,other_tissue,0,223.79513253320397
-513.41,-415.33000000000004,0.0,apCAF,1,174.97788492182275
255.80999999999995,431.42,0.0,CAF,1,168.51587422953935
-391.52,-272.96000000000004,0.0,other_tissue,0,105.6283405415857
-375.98,-446.28999999999996,0.0,CAF,1,145.96771917676213
-50.589999999999975,-401.67999999999995,0.0,other_tissue,0,106.2888879982831
-63.829999999999984,-312.74,0.0,other_tissue,0,88.41739866347059
-68.63,7.460000000000036,0.0,other_tissue,0,90.86307625747301
-331.8,-277.67999999999995,0.0,other_tissue,0,116.35709057697888
-366.47,-116.02999999999997,0.0,CAF,1,843.6011146387978
-290.8,-360.66999999999996,0.0,other_tissue,0,182.9400042886886
-470.21,-475.9000000000001,0.0,other_tissue,0,114.07276350540099
-492.21,189.69,0.0,other_tissue,0,136.52610923510693
415.1,158.64999999999998,0.0,other_tissue,0,205.57805999095115
-479.2,482.22,0.0,other_tissue,0,81.80015661409102
-324.03,-317.03,0.0,CAF,1,184.3696845653224
-525.62,-303.65999999999997,0.0,apCAF,1,1208.589996665255
-530.06,-287.6,0.0,CD4_Tcell,1,272.3677172484846
29.730000000000018,266.05,0.0,other_tissue,0,81.80015661409102
296.03999999999996,167.85000000000002,0.0,other_tissue,0,120.72718126577904
164.51,-14.07000000000005,0.0,other_tissue,0,233.4589255629185
-503.71,534.75,0.0,CAF,1,179.28667984584303
325.21000000000004,-295.21000000000004,0.0,CD8_Tcell,1,246.81568275461473
-149.33999999999997,-67.83000000000004,0.0,other_tissue,0,228.1096926945405
-221.12,126.05000000000001,0.0,other_tissue,0,220.45174144748268
-520.21,430.44,0.0,mesenchymal_tumor_class1,1,291.20605371590995
-423.72,101.32999999999998,0.0,other_tissue,0,81.80015661409102
497.5,-103.67999999999995,0.0,other_tissue,0,128.3355384380819
4.139999999999986,7.559999999999945,0.0,other_tissue,0,170.5898926289726
514.0,-6.409999999999968,0.0,other_tissue,0,134.80242268286707
-16.019999999999982,-220.19000000000005,0.0,other_tissue,0,199.04530258218506
-440.38,-537.0999999999999,0.0,other_tissue,0,186.57155999737225
-278.15,399.91999999999996,0.0,other_tissue,0,112.88823445719188
533.9000000000001,-170.36,0.0,other_tissue,0,81.80015661409102
-303.03999999999996,-402.64,0.0,other_tissue,0,318.76003209980223
-126.75999999999999,-97.33000000000004,0.0,other_tissue,0,88.67198681569984
-336.06,-480.0,0.0,apCAF,1,322.7140860910075
-436.34000000000003,-267.49,0.0,CAF,1,110.03585870625574
-297.58000000000004,-215.40999999999997,0.0,apCAF,1,184.3696845653224
-424.5,-394.89,0.0,CD4_Tcell,1,207.98781407292023
-138.17000000000002,158.99,0.0,other_tissue,0,153.50092340085155
-187.58999999999997,393.83000000000004,0.0,CAF,1,400.01798476322716
9.580000000000041,372.16999999999996,0.0,mesenchymal_tumor_class1,1,716.9999300148216
50.41999999999996,63.889999999999986,0.0,other_tissue,0,147.5081741917221
-203.92000000000002,-348.58000000000004,0.0,other_tissue,0,322.83924109826313
-114.19999999999999,-272.09000000000003,0.0,CAF,1,123.81863052167282
41.60000000000002,246.16000000000003,0.0,other_tissue,0,125.88434620433725
-494.8,387.38,0.0,other_tissue,0,120.11984152494063
349.6,-457.20000000000005,0.0,other_tissue,0,1019.4518582015291
-524.1,-21.840000000000032,0.0,other_tissue,0,81.80015661409102
-323.7,-491.5,0.0,other_tissue,0,233.33976554353333
533.5999999999999,27.769999999999982,0.0,other_tissue,0,274.55794951042975
62.35000000000002,49.160000000000025,0.0,other_tissue,0,95.28735443319503
-369.82,-485.4000000000001,0.0,other_tissue,0,186.46894406296698
-184.47000000000003,358.23,0.0,CAF,1,162.6972908761383
-23.92999999999995,-510.4000000000001,0.0,CAF,1,336.69940763105427
-58.589999999999975,372.9,0.0,CAF,1,917.4819590874675
-262.3,-278.03,0.0,other_tissue,0,122.72263181351751
42.92999999999995,363.8,0.0,other_tissue,0,195.04159192128003
-84.19,-79.59000000000003,0.0,other_tissue,0,138.90548848583245
-302.27,-274.02,0.0,other_tissue,0,81.80015661409102
57.39999999999998,-137.20000000000005,0.0,other_tissue,0,90.70189938461623
54.629999999999995,-447.37,0.0,apCAF,1,281.9573367441511
164.98000000000002,-136.22000000000003,0.0,apCAF,1,608.142144188316
28.74000000000001,-263.82000000000005,0.0,CAF,1,110.03585870625574
-161.58999999999997,352.39,0.0,apCAF,1,447.47605565798676
-361.87,-311.40999999999997,0.0,other_tissue,0,222.97614268724985
-220.17000000000002,102.27999999999997,0.0,other_tissue,0,81.80015661409102
-461.04,-544.4000000000001,0.0,other_tissue,0,204.7873652287711
205.52999999999997,49.110000000000014,0.0,CD4_Tcell,1,221.80456399288695
97.66999999999996,116.38,0.0,other_tissue,0,159.32670766671507
-390.83000000000004,-282.03,0.0,other_tissue,0,81.80015661409102
-49.420000000000016,-145.29999999999995,0.0,other_tissue,0,198.36191174615794
4.090000000000032,-294.78,0.0,apCAF,1,1261.1319482720664
26.00999999999999,-93.38,0.0,other_tissue,0,139.9652852170008
299.74,376.13,0.0,other_tissue,0,225.49286712213103
-60.76999999999998,180.32999999999998,0.0,mesenchymal_tumor_class1,1,338.3404304799386
-222.92000000000002,161.55,0.0,other_tissue,0,276.4929872555341
34.16999999999996,220.20999999999998,0.0,mesenchymal_tumor_class1,1,142.61918967931675
-77.79000000000002,-179.19000000000005,0.0,other_tissue,0,388.5639728880266
-149.69,491.0,0.0,other_tissue,0,85.78534026553382
267.13,290.4,0.0,other_tissue,0,81.80015661409102
140.73000000000002,248.61,0.0,other_tissue,0,140.15440103132107
381.94000000000005,252.47000000000003,0.0,CAF,1,110.03585870625574
282.04999999999995,189.32999999999998,0.0,apCAF,1,254.0687646737474
-178.47000000000003,414.55,0.0,other_tissue,0,198.37013604698802
-328.15,-518.2,0.0,CD4_Tcell,1,154.1951720538421
-127.31,-116.97000000000003,0.0,CAF,1,232.2874230306283
-328.8,493.28,0.0,CAF,1,240.97315015165822
-328.03999999999996,84.55000000000001,0.0,other_tissue,0,267.00832986408045
-507.03,-482.79999999999995,0.0,other_tissue,0,169.29904917497203
537.9000000000001,-172.35000000000002,0.0,other_tissue,0,134.15504720495616
-411.76,429.64,0.0,other_tissue,0,101.42766508176263
-389.46000000000004,-441.53,0.0,other_tissue,0,83.20143381241287
-19.059999999999945,140.23000000000002,0.0,other_tissue,0,104.47629606853427
-197.95999999999998,145.37,0.0,other_tissue,0,275.1814954607605
-430.49,-290.13,0.0,other_tissue,0,81.80015661409102
191.54999999999995,-241.16999999999996,0.0,CD4_Tcell,1,247.32027536928166
-529.67,97.29000000000002,0.0,other_tissue,0,150.265858081128
144.64999999999998,115.50999999999999,0.0,CAF,1,194.99280306335865
-26.899999999999977,-195.23000000000002,0.0,other_tissue,0,81.80015661409102
159.91999999999996,-504.5,0.0,other_tissue,0,142.60862819615147
-49.139999999999986,190.72000000000003,0.0,other_tissue,0,848.8578776609754
489.29999999999995,60.55000000000001,0.0,other_tissue,0,121.76969731191197
8.509999999999991,-259.53999999999996,0.0,other_tissue,0,99.72291723261469
75.32000000000005,245.83999999999997,0.0,other_tissue,0,245.0502796478085
-413.66999999999996,-416.12,0.0,CAF,1,179.50972741215023
257.61,270.56,0.0,other_tissue,0,99.2038434931919
-125.10000000000002,-420.54999999999995,0.0,other_tissue,0,105.83920067123857
369.64,95.54000000000002,0.0,other_tissue,0,972.3528211954643
-78.11000000000001,20.25999999999999,0.0,other_tissue,0,153.32076072720085
-254.52999999999997,-25.549999999999955,0.0,other_tissue,0,302.54700020927567
-18.99000000000001,103.88999999999999,0.0,CAF,1,509.0795567124268
355.51,343.18,0.0,other_tissue,0,294.23346676614415
492.0999999999999,-195.73000000000002,0.0,CAF,1,149.72659438746734
318.23,308.59000000000003,0.0,other_tissue,0,139.87404884696687
-238.51999999999998,-421.09000000000003,0.0,CAF,1,215.09545813335535
-427.40999999999997,144.72000000000003,0.0,CAF,1,128.10190305342908
-234.01,-346.14,0.0,other_tissue,0,85.89826729189471
220.96000000000004,-238.91999999999996,0.0,other_tissue,0,156.53615220382898
377.49,-257.17999999999995,0.0,CAF,1,127.43943522870606
9.82000000000005,14.029999999999973,0.0,other_tissue,0,133.52238068969
-59.35000000000002,-442.54999999999995,0.0,other_tissue,0,303.2340449685114
-387.65,-256.79999999999995,0.0,other_tissue,0,124.25764640221469
201.32000000000005,-505.29999999999995,0.0,CD4_Tcell,1,119.71647378071953
271.86,437.89,0.0,CAF,1,133.9080700901263
340.23,-456.0,0.0,CD4_Tcell,1,1073.1564248430268
-505.33,338.69,0.0,other_tissue,0,120.75671576322601
-60.56999999999999,-154.17999999999995,0.0,other_tissue,0,100.90792805989716
-55.75999999999999,214.45,0.0,other_tissue,0,192.9833078383564
73.55999999999995,-371.32000000000005,0.0,other_tissue,0,167.22084918293643
81.14999999999998,214.3,0.0,other_tissue,0,116.51852945869487
-253.87,-166.15999999999997,0.0,other_tissue,0,186.6268303214677
435.64,5.7000000000000455,0.0,other_tissue,0,381.7289548771447
303.66999999999996,331.49,0.0,CAF,1,147.72429345476505
295.26,-61.92999999999995,0.0,other_tissue,0,190.92352071043757
-495.63,-51.210000000000036,0.0,other_tissue,0,81.80015661409102
53.690000000000055,228.2,0.0,other_tissue,0,102.57312323283193
257.38,214.60000000000002,0.0,other_tissue,0,107.85912422851882
-322.47,126.57,0.0,other_tissue,0,91.03912321505841
-376.56,-357.54999999999995,0.0,CD8_Tcell,1,126.30640139662681
-309.8,-308.59000000000003,0.0,other_tissue,0,174.50175831167726
497.70000000000005,-122.14999999999998,0.0,other_tissue,0,106.5930099836412
-411.28,-92.24000000000001,0.0,apCAF,1,236.07224762290957
-311.41999999999996,408.78999999999996,0.0,other_tissue,0,227.09114616112984
-200.35000000000002,319.61,0.0,other_tissue,0,238.03569878326863
424.26,-268.40999999999997,0.0,epithelial_tumor_class1,1,4729.374466602975
260.12,97.08999999999997,0.0,other_tissue,0,238.1192928652952
-332.18,12.480000000000018,0.0,other_tissue,0,480.0355397165703
-240.7,42.54000000000002,0.0,apCAF,1,1095.1349359885535
-125.86000000000001,-348.32000000000005,0.0,other_tissue,0,90.99509017698803
22.41999999999996,-164.77999999999997,0.0,other_tissue,0,140.83401026845428
137.57000000000005,-142.05999999999995,0.0,other_tissue,0,83.35821459975497
-550.5657,404.22,0.0,other_tissue,0,616.301117719124
338.86,-205.76,0.0,CAF,1,125.53241472181654
-191.22000000000003,349.73,0.0,other_tissue,0,111.56057043866586
-437.81,-356.19000000000005,0.0,CAF,1,110.03585870625574
-549.79,24.360000000000014,0.0,apCAF,1,734.0237049979228
357.12,118.07999999999998,0.0,other_tissue,0,298.5005097597787
312.34000000000003,-504.79999999999995,0.0,other_tissue,0,113.41430372170359
-356.45,143.69,0.0,apCAF,1,695.2956543680529
-538.13,46.75,0.0,other_tissue,0,205.36757052608587
-180.63,29.899999999999977,0.0,other_tissue,0,520.8233843442069
-189.89999999999998,-396.83000000000004,0.0,CAF,1,204.07412316242795
543.8,-112.60000000000002,0.0,other_tissue,0,884.194732995583
-410.09000000000003,500.69,0.0,other_tissue,0,114.46563975673205
201.10000000000002,-273.32000000000005,0.0,other_tissue,0,81.80015661409102
-332.0,504.15999999999997,0.0,other_tissue,0,127.47617893878127
38.200000000000045,272.58,0.0,other_tissue,0,210.68161429522175
-62.93000000000001,-16.549999999999955,0.0,other_tissue,0,417.4082666708694
497.9000000000001,-19.899999999999977,0.0,CD8_Tcell,1,126.30640139662681
153.86,-298.78,0.0,apCAF,1,149.7129589135166
-378.90999999999997,392.1,0.0,CAF,1,295.77647755048537
-412.35,161.25,0.0,other_tissue,0,98.5111130213051
-484.67,-18.299999999999955,0.0,CAF,1,159.3835652187638
-292.68,-275.76,0.0,apCAF,1,301.76307785158946
457.79999999999995,-464.9,0.0,CD4_Tcell,1,353.5073569365226
423.72,172.20999999999998,0.0,other_tissue,0,170.23314487893117
-401.08000000000004,523.7,0.0,other_tissue,0,132.12497701489755
423.17999999999995,150.58999999999997,0.0,CAF,1,110.03585870625574
402.83000000000004,-471.20000000000005,0.0,other_tissue,0,217.58762685883636
-489.95,-435.34000000000003,0.0,apCAF,1,539.7207618076314
-326.5,47.0,0.0,other_tissue,0,215.6340942560875
-155.5,-286.78,0.0,mesenchymal_tumor_class1,1,200.2346651279823
-468.5,-388.99,0.0,CAF,1,204.74536388239088
-33.059999999999945,-281.17999999999995,0.0,other_tissue,0,936.4927589398129
-389.62,546.134,0.0,other_tissue,0,208.0557266126924
3.6100000000000136,-90.65999999999997,0.0,other_tissue,0,269.53282632717134
185.20000000000005,-161.67999999999995,0.0,other_tissue,0,146.89473727464681
-291.04,-428.32000000000005,0.0,other_tissue,0,185.54709332449806
-378.82,-31.139999999999986,0.0,other_tissue,0,129.16785594974885
-486.39,-266.57000000000005,0.0,CAF,1,110.03585870625574
28.33000000000004,263.47,0.0,other_tissue,0,81.80015661409102
38.539999999999964,-185.69000000000005,0.0,other_tissue,0,152.80185065133804
288.59000000000003,481.04,0.0,CAF,1,223.6792842455014
-118.80000000000001,-91.85000000000002,0.0,other_tissue,0,85.04904983197235
-391.73,469.57,0.0,other_tissue,0,262.7995734081129
-50.610000000000014,-504.4000000000001,0.0,other_tissue,0,136.62229803267957
531.5,-176.42999999999995,0.0,other_tissue,0,97.2068911989058
-73.60000000000002,27.460000000000036,0.0,other_tissue,0,153.17534767686038
-36.57000000000005,-511.5,0.0,other_tissue,0,123.0752771138429
256.77,287.69,0.0,CAF,1,209.58766970942187
135.89,133.82,0.0,other_tissue,0,111.66146428111617
298.82000000000005,-487.4000000000001,0.0,other_tissue,0,216.14750164468325
120.46000000000004,219.2,0.0,other_tissue,0,81.80015661409102
-393.6,201.20999999999998,0.0,other_tissue,0,130.48215287874146
139.57000000000005,-426.47,0.0,other_tissue,0,218.34076697522886
116.17999999999995,231.2,0.0,other_tissue,0,106.32687157031447
-260.44,-505.5999999999999,0.0,other_tissue,0,90.4872935349321
76.78999999999996,-350.22,0.0,other_tissue,0,197.15541064099978
-344.43,90.76999999999998,0.0,other_tissue,0,130.07824136775372
-410.38,-368.08000000000004,0.0,other_tissue,0,81.80015661409102
122.46000000000004,-533.3,0.0,other_tissue,0,94.106825536844
312.21000000000004,306.59000000000003,0.0,other_tissue,0,91.70132442060245
-494.43,340.19,0.0,other_tissue,0,81.80015661409102
-388.11,511.48,0.0,other_tissue,0,129.0628481337191
288.41999999999996,461.3,0.0,other_tissue,0,221.08767652645514
47.72000000000003,-247.78999999999996,0.0,other_tissue,0,130.85573561867974
488.5999999999999,-126.40999999999997,0.0,other_tissue,0,136.1738032514988
21.440000000000055,-381.84000000000003,0.0,other_tissue,0,158.82268931679744
-529.79,-301.12,0.0,apCAF,1,200.30087938214203
-29.720000000000027,-521.5999999999999,0.0,other_tissue,0,181.8202204833871
243.80999999999995,365.7,0.0,CAF,1,110.03585870625574
151.35000000000002,-142.37,0.0,CD4_Tcell,1,153.60492757632468
-437.96,-362.46000000000004,0.0,other_tissue,0,165.75730310675726
208.01,495.32,0.0,other_tissue,0,144.59117865650836
52.22000000000003,9.42999999999995,0.0,other_tissue,0,188.95009098749316
233.13,333.09000000000003,0.0,other_tissue,0,222.21237435265917
-18.029999999999973,190.73000000000002,0.0,other_tissue,0,363.23000009979484
34.22000000000003,-19.909999999999968,0.0,other_tissue,0,158.31265876991625
333.78999999999996,339.28999999999996,0.0,other_tissue,0,169.95107257419133
-63.370000000000005,-176.09000000000003,0.0,other_tissue,0,175.2276298541357
-518.73,413.09000000000003,0.0,other_tissue,0,258.66472601658734
-490.27,514.65,0.0,other_tissue,0,131.79281065395776
-25.309999999999945,-72.07000000000005,0.0,other_tissue,0,81.80015661409102
-362.90999999999997,6.519999999999982,0.0,other_tissue,0,137.90268143914358
-509.90999999999997,158.07,0.0,other_tissue,0,174.0038862219599
-519.75,-344.6,0.0,apCAF,1,920.3845129574493
484.70000000000005,-40.75,0.0,mesenchymal_tumor_class1,1,178.93325935774126
286.01,385.35,0.0,other_tissue,0,172.8158596563038
385.71000000000004,261.65,0.0,other_tissue,0,81.80015661409102
-364.23,125.54000000000002,0.0,CD8_Tcell,1,126.30640139662681
344.13,272.51,0.0,other_tissue,0,224.37497400926875
-146.5,-184.61,0.0,apCAF,1,186.137672822566
-285.96,144.49,0.0,other_tissue,0,341.6975423045317
-89.60000000000002,-299.08000000000004,0.0,other_tissue,0,81.80015661409102
-268.22,-184.17999999999995,0.0,mesenchymal_tumor_class1,1,142.61918967931675
-477.73,-222.07000000000005,0.0,CD4_Tcell,1,159.51865611444003
-277.08,-335.04999999999995,0.0,other_tissue,0,287.17734607910404
181.29999999999995,-223.85000000000002,0.0,CD8_Tcell,1,185.6651091400383
-508.37,-67.74000000000001,0.0,other_tissue,0,319.92360862522406
127.88999999999999,-541.8,0.0,other_tissue,0,117.69342933101268
-351.40999999999997,-218.20000000000005,0.0,CAF,1,110.03585870625574
-146.42000000000002,157.33999999999997,0.0,CAF,1,244.37861565585695
-476.04,237.8,0.0,CAF,1,155.86289946453994
366.0,-205.99,0.0,other_tissue,0,221.66283395455375
276.88,472.21,0.0,other_tissue,0,233.78911886081477
-124.82,-401.32000000000005,0.0,other_tissue,0,157.23247178104603
-483.08,-535.8,0.0,other_tissue,0,81.80015661409102
-454.19,-445.58000000000004,0.0,other_tissue,0,101.90697453080398
-426.25,63.25,0.0,other_tissue,0,91.49987311024067
-263.01,254.32999999999998,0.0,other_tissue,0,279.8726904426023
-106.32999999999998,-433.19000000000005,0.0,other_tissue,0,195.45662583687835
-313.99,483.19,0.0,apCAF,1,233.53227496560672
280.21000000000004,414.40999999999997,0.0,CAF,1,181.40148254399722
356.63,105.06,0.0,mesenchymal_tumor_class1,1,507.29336831422194
337.14,-504.4000000000001,0.0,CD4_Tcell,1,539.8810653811662
76.09000000000003,-149.24,0.0,CAF,1,110.03585870625574
127.47000000000003,463.65,0.0,CAF,1,186.2322816791399
-42.31999999999999,-90.13,0.0,other_tissue,0,121.20031141935011
160.65999999999997,-377.76,0.0,other_tissue,0,147.98120913134292
-329.86,371.11,0.0,other_tissue,0,165.7937872743559
-492.3,168.99,0.0,other_tissue,0,168.1841259760417
195.27999999999997,70.02999999999997,0.0,CD8_Tcell,1,205.85612624385854
-336.1,217.0,0.0,CAF,1,159.3835652187638
-199.11,236.76,0.0,CD4_Tcell,1,119.71647378071953
-230.07,165.97000000000003,0.0,other_tissue,0,266.4472548696512
-314.2,-309.88,0.0,other_tissue,0,197.82781964847277
-463.4,-374.89,0.0,other_tissue,0,81.80015661409102
27.149999999999977,-491.4000000000001,0.0,apCAF,1,320.44417753618455
293.04999999999995,-64.27999999999997,0.0,other_tissue,0,107.60729184333998
67.25,287.75,0.0,other_tissue,0,145.59934514933255
21.470000000000027,50.48000000000002,0.0,other_tissue,0,83.51057241762837
323.85,230.85000000000002,0.0,other_tissue,0,149.3723410579633
22.299999999999955,-84.46000000000004,0.0,CAF,1,110.03585870625574
126.07000000000005,207.47000000000003,0.0,other_tissue,0,213.26044846603995
-263.35,-66.63999999999999,0.0,other_tissue,0,151.712514176174
-153.17000000000002,492.59000000000003,0.0,other_tissue,0,120.65631812068975
-283.09,-422.79999999999995,0.0,other_tissue,0,136.10981280600603
-523.92,155.19,0.0,CAF,1,190.53894973951492
435.65,224.45,0.0,other_tissue,0,160.41645413899462
233.20000000000005,375.7,0.0,other_tissue,0,148.38747166154704
-479.59000000000003,-68.75,0.0,apCAF,1,690.0333046190312
328.0,-358.16999999999996,0.0,CD4_Tcell,1,428.3057559902256
-484.33,-219.79999999999995,0.0,apCAF,1,614.5866117049243
-47.70999999999998,-283.80999999999995,0.0,other_tissue,0,243.9063500740034
54.47000000000003,167.82999999999998,0.0,other_tissue,0,181.15364518432511
11.259999999999991,-240.35000000000002,0.0,other_tissue,0,228.3354455112868
-174.95,109.02999999999997,0.0,other_tissue,0,354.6812763360113
-136.7,-254.35000000000002,0.0,mesenchymal_tumor_class1,1,195.25310434857064
-316.12,33.60000000000002,0.0,other_tissue,0,152.33238537070565
-441.84000000000003,-405.63,0.0,CAF,1,154.7311676736524
73.73000000000002,-151.44000000000005,0.0,other_tissue,0,96.98724355103855
-537.9,391.05,0.0,other_tissue,0,176.22138564343965
268.21000000000004,296.11,0.0,CAF,1,110.03585870625574
-136.26999999999998,-390.28999999999996,0.0,other_tissue,0,130.50081510697981
411.74,-125.04999999999995,0.0,other_tissue,0,81.80015661409102
-39.370000000000005,-81.22000000000003,0.0,other_tissue,0,243.94410891030208
163.57000000000005,131.45,0.0,other_tissue,0,402.3328319650885
-227.99,217.85000000000002,0.0,other_tissue,0,94.49255667406962
331.45000000000005,247.81,0.0,other_tissue,0,162.53880546652854
-232.14999999999998,414.15999999999997,0.0,other_tissue,0,195.42405289945256
6.17999999999995,306.43,0.0,other_tissue,0,135.50290312155693
-68.00999999999999,-270.88,0.0,CAF,1,207.50436494551346
-300.28999999999996,-59.39999999999998,0.0,other_tissue,0,184.62828585338283
-11.07000000000005,-231.39,0.0,other_tissue,0,167.4851989644177
-88.25999999999999,-42.460000000000036,0.0,other_tissue,0,111.53815784150089
-357.89,-430.70000000000005,0.0,CAF,1,128.2863284542352
-349.51,118.47000000000003,0.0,other_tissue,0,152.11868392752496
287.57000000000005,162.43,0.0,other_tissue,0,242.41799071317357
198.60000000000002,375.87,0.0,other_tissue,0,269.028674975929
-266.17,-21.230000000000018,0.0,other_tissue,0,226.8662143766115
412.17999999999995,263.64,0.0,other_tissue,0,152.5462868635385
83.84000000000003,241.73000000000002,0.0,other_tissue,0,111.6951090750288
-140.20999999999998,327.66999999999996,0.0,other_tissue,0,120.43799799581612
-203.91000000000003,134.11,0.0,other_tissue,0,98.16081498229617
47.97000000000003,191.35000000000002,0.0,other_tissue,0,111.63343211448193
-37.59000000000003,-231.80999999999995,0.0,other_tissue,0,81.80015661409102
89.42999999999995,-392.4,0.0,other_tissue,0,153.7367336249874
-282.58,-221.88,0.0,CAF,1,110.03585870625574
-397.48,-264.02,0.0,CAF,1,110.03585870625574
-544.45,77.98000000000002,0.0,other_tissue,0,310.5053714652598
163.01999999999998,-343.86,0.0,other_tissue,0,258.4193973728862
-498.59000000000003,-419.53999999999996,0.0,other_tissue,0,145.49229829027584
129.63,-439.78,0.0,other_tissue,0,91.1223354844773
-163.89999999999998,135.70999999999998,0.0,other_tissue,0,189.6037222680168
-505.77,383.56,0.0,other_tissue,0,134.53560468160978
161.41999999999996,-76.04999999999995,0.0,other_tissue,0,240.18748059189593
-172.25,352.0,0.0,other_tissue,0,176.54839745301967
343.58000000000004,116.27999999999997,0.0,apCAF,1,1261.1319482720664
61.59000000000003,-314.12,0.0,other_tissue,0,239.7392942488879
-271.82,404.45,0.0,other_tissue,0,87.41344382805438
-360.48,483.76,0.0,CAF,1,451.00766272575896
22.190000000000055,-112.19000000000005,0.0,other_tissue,0,354.087941218235
140.19000000000005,17.120000000000005,0.0,other_tissue,0,81.80015661409102
-257.23,388.43,0.0,other_tissue,0,155.56895945146107
79.38,-300.1,0.0,CD8_Tcell,1,126.30640139662681
-543.194,492.25,0.0,other_tissue,0,160.11681484830373
206.24,488.92,0.0,CAF,1,159.32670766671507
-352.08000000000004,-244.14,0.0,CAF,1,378.0761520286882
-37.34000000000003,-294.29999999999995,0.0,other_tissue,0,181.3549958317264
-106.73000000000002,148.2,0.0,other_tissue,0,198.94640218107142
-108.36000000000001,-369.98,0.0,CAF,1,120.80988999635908
-47.60000000000002,-234.04999999999995,0.0,other_tissue,0,98.28950432971251
-180.45999999999998,350.14,0.0,other_tissue,0,139.67216656972565
468.0,-94.30999999999995,0.0,other_tissue,0,164.63621020892427
-283.69,-320.45000000000005,0.0,CAF,1,154.41081339105943
-308.78,374.14,0.0,other_tissue,0,110.97323410782207
-258.63,-230.30999999999995,0.0,apCAF,1,118.85281871302858
-34.200000000000045,27.549999999999955,0.0,other_tissue,0,292.9197357203543
-100.82,159.07999999999998,0.0,other_tissue,0,193.8324083787538
-258.85,-209.51999999999998,0.0,CAF,1,181.78918078269442
-293.71,198.85000000000002,0.0,other_tissue,0,131.1988122608426
94.62,197.07,0.0,other_tissue,0,239.56204129510883
-150.72000000000003,-533.3,0.0,other_tissue,0,81.80015661409102
256.45000000000005,49.25,0.0,other_tissue,0,276.7290866935718
45.690000000000055,297.46000000000004,0.0,other_tissue,0,188.16295455619854
326.91999999999996,213.26999999999998,0.0,CAF,1,242.596649461524
-526.27,294.01,0.0,other_tissue,0,109.99337645833253
88.20000000000005,138.04000000000002,0.0,other_tissue,0,126.28561935603969
-98.22000000000003,-466.1,0.0,other_tissue,0,134.51655973704905
86.25,-338.36,0.0,other_tissue,0,87.30870956865905
159.92999999999995,-354.96000000000004,0.0,other_tissue,0,1019.4518582015291
40.51999999999998,238.13,0.0,other_tissue,0,186.01157753082413
-223.73000000000002,-144.14,0.0,other_tissue,0,144.278330909749
233.48000000000002,303.98,0.0,CAF,1,110.03585870625574
-91.44999999999999,172.14999999999998,0.0,other_tissue,0,137.98014518299274
-2.669999999999959,-284.20000000000005,0.0,other_tissue,0,344.7913645278065
438.26,-21.83000000000004,0.0,CAF,1,186.4373775008249
224.90999999999997,217.38,0.0,other_tissue,0,402.96570014131487
-143.93,-23.860000000000014,0.0,other_tissue,0,147.32598760457034
151.47000000000003,-542.5999999999999,0.0,other_tissue,0,191.7183318763384
-435.21,-465.29999999999995,0.0,other_tissue,0,240.2248546470825
-88.50999999999999,-515.8,0.0,apCAF,1,290.6221696866001
-215.18,420.18,0.0,other_tissue,0,106.22379435111297
169.61,79.36000000000001,0.0,other_tissue,0,176.79201745828885
-523.74,346.24,0.0,other_tissue,0,196.25579386386647
-470.55,295.57,0.0,apCAF,1,400.01798476322716
-62.670000000000016,-35.110000000000014,0.0,other_tissue,0,118.28674270415421
113.63,-274.02,0.0,CD4_Tcell,1,131.4674531003665
-377.6,-454.0,0.0,CAF,1,193.5733715757884
282.91999999999996,-243.54999999999995,0.0,CD4_Tcell,1,515.6906963911206
12.07000000000005,-95.61000000000001,0.0,other_tissue,0,265.41733104608244
1.57000000000005,-291.45000000000005,0.0,other_tissue,0,220.1518631461988
272.23,283.27,0.0,other_tissue,0,96.72206545225359
21.610000000000014,12.730000000000018,0.0,other_tissue,0,86.94754403902078
243.72000000000003,476.13,0.0,other_tissue,0,81.80015661409102
-460.34000000000003,-462.6,0.0,other_tissue,0,230.5557104041207
-187.87,-362.28,0.0,other_tissue,0,121.02865917813361
-341.78999999999996,-448.54999999999995,0.0,CAF,1,175.43972091049602
-320.93,-525.4000000000001,0.0,apCAF,1,297.77750468227606
-367.75,12.860000000000014,0.0,other_tissue,0,339.6099992539058
7.210000000000036,416.64,0.0,other_tissue,0,171.5735181217328
-386.93,312.56,0.0,other_tissue,0,656.4738603830634
-375.24,-254.42999999999995,0.0,other_tissue,0,127.47005449670209
-259.72,-34.08000000000004,0.0,other_tissue,0,257.7039256175676
-29.850000000000023,-528.5,0.0,other_tissue,0,125.1992930773385
-438.64,252.77999999999997,0.0,CAF,1,225.64518680206027
306.08000000000004,175.85000000000002,0.0,other_tissue,0,81.80015661409102
-526.42,82.50999999999999,0.0,other_tissue,0,169.19547219218768
-52.23000000000002,-261.46000000000004,0.0,other_tissue,0,96.80870504204917
-387.68,-363.75,0.0,CD4_Tcell,1,119.71647378071953
-106.76999999999998,-334.70000000000005,0.0,CAF,1,199.53203965729546
208.51,391.34000000000003,0.0,other_tissue,0,134.87236183639052
-48.420000000000016,-276.19000000000005,0.0,other_tissue,0,150.79956446960918
-360.18,186.11,0.0,other_tissue,0,134.90416035607262
-59.69999999999999,-187.48000000000002,0.0,other_tissue,0,117.22368458268852
297.85,296.12,0.0,CAF,1,319.2228647307145
257.66999999999996,-339.71000000000004,0.0,other_tissue,0,198.9381619600792
-196.44,-354.64,0.0,other_tissue,0,81.80015661409102
-292.19,464.48,0.0,CAF,1,110.03585870625574
507.70000000000005,-48.92999999999995,0.0,other_tissue,0,222.92279982163993
-62.5,7.169999999999959,0.0,other_tissue,0,81.80015661409102
379.20000000000005,-184.05999999999995,0.0,other_tissue,0,276.2775355194171
-284.39,400.08000000000004,0.0,apCAF,1,270.79595940588655
-395.12,-336.20000000000005,0.0,other_tissue,0,81.80015661409102
278.35,353.48,0.0,CAF,1,110.03585870625574
263.86,-248.66999999999996,0.0,CD4_Tcell,1,168.79635670520392
-380.38,-386.78,0.0,CAF,1,189.98703423012645
-487.58,-403.55999999999995,0.0,other_tissue,0,124.45644574711771
-500.46,-375.97,0.0,other_tissue,0,191.43708646396962
-373.86,-310.32000000000005,0.0,other_tissue,0,291.7268995785844
-137.99,397.03,0.0,other_tissue,0,81.80015661409102
-372.85,-8.460000000000036,0.0,other_tissue,0,137.59956093286397
235.64,113.38,0.0,other_tissue,0,204.5774159259694
-439.2,-341.80999999999995,0.0,apCAF,1,571.4841949676878
145.23000000000002,-434.33000000000004,0.0,other_tissue,0,129.65658083653213
80.09000000000003,-193.40999999999997,0.0,CAF,1,144.21182583378214
102.42999999999995,-447.78,0.0,other_tissue,0,89.6322552636037
323.89,-482.20000000000005,0.0,other_tissue,0,190.33885704621915
-369.62,512.6,0.0,other_tissue,0,184.41668500869653
92.01999999999998,-360.97,0.0,other_tissue,0,154.2299393263686
-242.63,-336.38,0.0,other_tissue,0,181.19235488229756
507.79999999999995,-131.38,0.0,other_tissue,0,81.80015661409102
282.29999999999995,204.01999999999998,0.0,other_tissue,0,85.63022727189596
141.05999999999995,-397.78,0.0,other_tissue,0,211.4273234910601
167.72000000000003,-482.0999999999999,0.0,other_tissue,0,100.58857179833112
-161.68,203.77999999999997,0.0,other_tissue,0,99.6397440509078
305.77,359.11,0.0,other_tissue,0,110.68312760003565
311.28,158.32,0.0,apCAF,1,134.35792175761156
158.14999999999998,-466.1,0.0,other_tissue,0,160.8880707811159
-480.15,7.0,0.0,other_tissue,0,124.45041841141926
-216.64,106.57999999999998,0.0,other_tissue,0,178.99469039638032
125.50999999999999,-432.1,0.0,other_tissue,0,124.90905077233305
-362.3,-478.0,0.0,other_tissue,0,81.80015661409102
104.24000000000001,-368.57000000000005,0.0,other_tissue,0,487.1713757571866
-225.86,-83.55999999999995,0.0,other_tissue,0,99.7437177576001
-369.69,376.76,0.0,other_tissue,0,81.80015661409102
-237.05,-117.66999999999996,0.0,other_tissue,0,196.86887138794887
-40.10000000000002,44.079999999999984,0.0,other_tissue,0,339.5864599073554
-287.78,-317.54999999999995,0.0,CAF,1,145.6328080575649
429.78,211.49,0.0,other_tissue,0,225.68103669265423
60.74000000000001,321.65999999999997,0.0,mesenchymal_tumor_class1,1,407.4941063929785
-101.01999999999998,-75.72000000000003,0.0,other_tissue,0,249.4796536796393
-128.75,-103.67999999999995,0.0,other_tissue,0,109.63296088267683
-173.37,64.82999999999998,0.0,other_tissue,0,383.48756276722065
-367.45,49.160000000000025,0.0,mesenchymal_tumor_class1,1,257.9096107752089
-452.2,-544.7,0.0,other_tissue,0,222.97614268724985
-450.87,-314.28999999999996,0.0,other_tissue,0,258.81199770442123
-264.95,-84.53999999999996,0.0,other_tissue,0,166.0128047107944
-461.43,-498.5999999999999,0.0,other_tissue,0,132.1877124339135
-412.36,541.257,0.0,other_tissue,0,118.91127954327409
-99.97000000000003,-90.34000000000003,0.0,other_tissue,0,162.5604110501061
257.98,227.14,0.0,CAF,1,110.03585870625574
-460.29,-349.9,0.0,apCAF,1,188.70337832299916
12.279999999999973,382.22,0.0,mesenchymal_tumor_class1,1,963.1502083450188
-493.39,180.66000000000003,0.0,mesenchymal_tumor_class1,1,281.6767098076571
-202.06,-377.76,0.0,other_tissue,0,147.8527140906814
-405.68,-263.53,0.0,CAF,1,173.22128378617666
15.610000000000014,-327.95000000000005,0.0,other_tissue,0,81.80015661409102
-208.31,276.7,0.0,CD4_Tcell,1,211.47881647286312
-462.1,268.5,0.0,mesenchymal_tumor_class1,1,142.61918967931675
219.44000000000005,220.02999999999997,0.0,other_tissue,0,104.77157833413095
-536.19,-508.20000000000005,0.0,other_tissue,0,106.05575878312473
327.83000000000004,131.26999999999998,0.0,apCAF,1,180.21083617515706
281.98,195.43,0.0,other_tissue,0,141.89700303486697
-464.47,-449.36,0.0,CAF,1,118.89958584395187
-78.24000000000001,182.26,0.0,apCAF,1,208.3105302992269
-343.27,-351.98,0.0,apCAF,1,207.50436494551346
-79.81,13.409999999999968,0.0,other_tissue,0,114.07845093440254
-206.08999999999997,344.11,0.0,other_tissue,0,205.83926661026788
238.74,395.01,0.0,other_tissue,0,89.70007163444006
81.69000000000005,244.76,0.0,other_tissue,0,87.40391907253803
251.26999999999998,365.75,0.0,other_tissue,0,151.25214800943618
-542.736,-315.87,0.0,CD4_Tcell,1,280.5353394619571
252.89,-478.20000000000005,0.0,apCAF,1,364.8943239611864
-136.0,55.51999999999998,0.0,other_tissue,0,172.19394195459114
-436.76,38.379999999999995,0.0,CD4_Tcell,1,221.45920281906834
334.75,313.55,0.0,other_tissue,0,239.27302670851174
311.16999999999996,-224.29999999999995,0.0,other_tissue,0,134.42770709371644
-525.3,-495.20000000000005,0.0,CAF,1,114.34027707063365
-319.52,-297.04999999999995,0.0,other_tissue,0,172.4035784538174
-292.43,230.05,0.0,other_tissue,0,91.98188184599431
8.799999999999955,106.41000000000003,0.0,other_tissue,0,205.906710668254
-518.29,550.0099,0.0,mesenchymal_tumor_class1,1,535.00606979545
-108.02999999999997,-200.72000000000003,0.0,other_tissue,0,186.89544145447317
495.79999999999995,-468.1,0.0,other_tissue,0,100.15512101865545
-132.18,-497.0,0.0,other_tissue,0,103.55111723136868
-307.71000000000004,-229.14,0.0,mesenchymal_tumor_class1,1,142.61918967931675
1.990000000000009,-101.96000000000004,0.0,other_tissue,0,221.8311450990629
-433.97,22.269999999999982,0.0,other_tissue,0,81.80015661409102
-305.74,-309.75,0.0,CAF,1,115.9024063360263
-468.33,-226.42999999999995,0.0,apCAF,1,186.2322816791399
-504.2,61.75999999999999,0.0,other_tissue,0,129.06902348810016
193.23000000000002,-27.889999999999986,0.0,apCAF,1,283.25896460941505
115.25999999999999,-480.79999999999995,0.0,other_tissue,0,157.9520485558017
55.549999999999955,-440.38,0.0,other_tissue,0,182.79978058675115
-458.82,-449.9,0.0,other_tissue,0,112.97862488534858
-507.49,-389.89,0.0,CAF,1,110.03585870625574
-97.56,-263.14,0.0,apCAF,1,773.0227195608351
207.01999999999998,217.48000000000002,0.0,other_tissue,0,261.32417609238934
-345.76,-443.42999999999995,0.0,other_tissue,0,167.08144345388365
-314.69,-118.73000000000002,0.0,CAF,1,1266.1957681158633
-342.76,344.2,0.0,apCAF,1,240.30896044620314
180.0,249.3,0.0,other_tissue,0,198.88872541234062
78.50999999999999,245.79000000000002,0.0,CAF,1,123.99291007636687
-360.22,-334.92999999999995,0.0,apCAF,1,161.14570538681156
-269.59,180.32,0.0,other_tissue,0,105.49332120455088
483.70000000000005,-278.69000000000005,0.0,other_tissue,0,149.84935091143356
-122.07,-219.23000000000002,0.0,CAF,1,110.03585870625574
315.33000000000004,255.68,0.0,other_tissue,0,129.16785594974885
-266.05,-498.5999999999999,0.0,other_tissue,0,89.25987613265711
432.51,136.14999999999998,0.0,CAF,1,253.94269039782935
-312.06,462.86,0.0,other_tissue,0,147.79863317650143
-148.63,190.27999999999997,0.0,other_tissue,0,106.20752509296152
-257.32,-46.27999999999997,0.0,mesenchymal_tumor_class1,1,147.58919419618124
-395.06,177.8,0.0,other_tissue,0,139.55503379337998
177.02999999999997,-459.6,0.0,other_tissue,0,315.0958583040537
-326.47,-315.1,0.0,other_tissue,0,130.171377625122
456.79999999999995,-115.83000000000004,0.0,CD4_Tcell,1,164.30957516018606
83.79999999999995,227.14999999999998,0.0,other_tissue,0,142.2986477816071
489.70000000000005,180.49,0.0,other_tissue,0,123.59051150609059
408.37,234.05,0.0,other_tissue,0,188.6795143073333
296.67999999999995,-280.65999999999997,0.0,other_tissue,0,94.87934041359745
529.8,-154.84000000000003,0.0,other_tissue,0,147.83243220214533
-485.95,-317.48,0.0,other_tissue,0,81.80015661409102
-214.32,214.49,0.0,apCAF,1,1261.1319482720664
-217.93,181.98000000000002,0.0,other_tissue,0,151.69188081575518
5.230000000000018,-158.33000000000004,0.0,other_tissue,0,81.80015661409102
-503.81,176.01999999999998,0.0,other_tissue,0,200.3505496510946
107.97000000000003,-239.76999999999998,0.0,apCAF,1,162.6972908761383
-185.68,-507.5999999999999,0.0,CAF,1,113.51631198370661
-428.53,501.06,0.0,apCAF,1,182.44953485998747
267.63,408.32,0.0,other_tissue,0,81.80015661409102
-402.64,48.360000000000014,0.0,other_tissue,0,145.17815160308785
126.53999999999996,92.44999999999999,0.0,other_tissue,0,151.45816679795456
-457.79,514.8,0.0,CAF,1,215.19964020098
-526.93,524.47,0.0,CD4_Tcell,1,119.71647378071953
353.44000000000005,-339.51,0.0,other_tissue,0,138.86657999112782
-53.93000000000001,-252.28999999999996,0.0,other_tissue,0,195.44033891576981
-38.56,-259.24,0.0,other_tissue,0,145.5190550844263
28.710000000000036,-159.59000000000003,0.0,CD8_Tcell,1,126.30640139662681
-387.18722408852557,552.0,0.0,duct_filler,0,1247.0
-380.2590208582501,552.0,0.0,duct_filler,0,1247.0
-373.33081762797457,552.0,0.0,duct_filler,0,1247.0
-366.40261439769904,552.0,0.0,duct_filler,0,1247.0
-359.47441116742357,552.0,0.0,duct_filler,0,1247.0
-352.54620793714804,552.0,0.0,duct_filler,0,1247.0
-345.61800470687257,552.0,0.0,duct_filler,0,1247.0
-338.68980147659704,552.0,0.0,duct_filler,0,1247.0
-331.76159824632157,552.0,0.0,duct_filler,0,1247.0
-324.83339501604604,552.0,0.0,duct_filler,0,1247.0
-317.90519178577057,552.0,0.0,duct_filler,0,1247.0
-310.97698855549504,552.0,0.0,duct_filler,0,1247.0
-304.04878532521957,552.0,0.0,duct_filler,0,1247.0
-297.12058209494404,552.0,0.0,duct_filler,0,1247.0
-290.19237886466857,552.0,0.0,duct_filler,0,1247.0
-283.26417563439304,552.0,0.0,duct_filler,0,1247.0
-276.33597240411746,552.0,0.0,duct_filler,0,1247.0
-269.4077691738419,552.0,0.0,duct_filler,0,1247.0
-262.4795659435664,552.0,0.0,duct_filler,0,1247.0
-255.55136271329087,552.0,0.0,duct_filler,0,1247.0
-248.62315948301534,552.0,0.0,duct_filler,0,1247.0
-241.69495625273993,552.0,0.0,duct_filler,0,1247.0
-234.76675302246434,552.0,0.0,duct_filler,0,1247.0
-227.83854979218881,552.0,0.0,duct_filler,0,1247.0
-220.9103465619133,552.0,0.0,duct_filler,0,1247.0
-213.98214333163776,552.0,0.0,duct_filler,0,1247.0
-207.05394010136217,552.0,0.0,duct_filler,0,1247.0
-200.1257368710867,552.0,0.0,duct_filler,0,1247.0
-193.19753364081112,552.0,0.0,duct_filler,0,1247.0
-186.26933041053564,552.0,0.0,duct_filler,0,1247.0
-179.34112718026006,552.0,0.0,duct_filler,0,1247.0
-172.4129239499846,552.0,0.0,duct_filler,0,1247.0
-165.484720719709,552.0,0.0,duct_filler,0,1247.0
-158.55651748943347,552.0,0.0,duct_filler,0,1247.0
-151.628314259158,552.0,0.0,duct_filler,0,1247.0
-144.70011102888242,552.0,0.0,duct_filler,0,1247.0
-137.7719077986069,552.0,0.0,duct_filler,0,1247.0
-130.84370456833136,552.0,0.0,duct_filler,0,1247.0
-123.91550133805578,552.0,0.0,duct_filler,0,1247.0
-116.9872981077803,552.0,0.0,duct_filler,0,1247.0
-110.05909487750478,552.0,0.0,duct_filler,0,1247.0
-103.1308916472293,552.0,0.0,duct_filler,0,1247.0
-96.20268841695378,552.0,0.0,duct_filler,0,1247.0
-89.27448518667825,552.0,0.0,duct_filler,0,1247.0
-82.34628195640266,552.0,0.0,duct_filler,0,1247.0
-75.41807872612725,552.0,0.0,duct_filler,0,1247.0
-68.48987549585166,552.0,0.0,duct_filler,0,1247.0
-61.561672265576135,552.0,0.0,duct_filler,0,1247.0
-54.63346903530061,552.0,0.0,duct_filler,0,1247.0
-47.70526580502502,552.0,0.0,duct_filler,0,1247.0
-40.77706257474949,552.0,0.0,duct_filler,0,1247.0
-33.84885934447402,552.0,0.0,duct_filler,0,1247.0
-26.920656114198437,552.0,0.0,duct_filler,0,1247.0
-19.99245288392308,552.0,0.0,duct_filler,0,1247.0
-13.064249653647607,552.0,0.0,duct_filler,0,1247.0
-6.136046423372136,552.0,0.0,duct_filler,0,1247.0
0.7921568069034493,552.0,0.0,duct_filler,0,1247.0
7.720360037178921,552.0,0.0,duct_filler,0,1247.0
14.648563267454392,552.0,0.0,duct_filler,0,1247.0
21.57676649772975,552.0,0.0,duct_filler,0,1247.0
28.504969728005335,552.0,0.0,duct_filler,0,1247.0
35.43317295828081,552.0,0.0,duct_filler,0,1247.0
42.361376188556164,552.0,0.0,duct_filler,0,1247.0
49.289579418831636,552.0,0.0,duct_filler,0,1247.0
56.21778264910711,552.0,0.0,duct_filler,0,1247.0
63.14598587938258,552.0,0.0,duct_filler,0,1247.0
70.07418910965805,552.0,0.0,duct_filler,0,1247.0
77.00239233993341,552.0,0.0,duct_filler,0,1247.0
83.9305955702091,552.0,0.0,duct_filler,0,1247.0
90.85879880048446,552.0,0.0,duct_filler,0,1247.0
97.78700203076005,552.0,0.0,duct_filler,0,1247.0
104.71520526103541,552.0,0.0,duct_filler,0,1247.0
111.64340849131088,552.0,0.0,duct_filler,0,1247.0
118.57161172158635,552.0,0.0,duct_filler,0,1247.0
125.49981495186205,552.0,0.0,duct_filler,0,1247.0
132.4280181821374,552.0,0.0,duct_filler,0,1247.0
139.35622141241288,552.0,0.0,duct_filler,0,1247.0
146.28442464268835,552.0,0.0,duct_filler,0,1247.0
153.21262787296382,552.0,0.0,duct_filler,0,1247.0
160.1408311032393,552.0,0.0,duct_filler,0,1247.0
167.06903433351465,552.0,0.0,duct_filler,0,1247.0
173.99723756379012,552.0,0.0,duct_filler,0,1247.0
180.9254407940656,552.0,0.0,duct_filler,0,1247.0
187.85364402434107,552.0,0.0,duct_filler,0,1247.0
194.78184725461665,552.0,0.0,duct_filler,0,1247.0
201.7100504848919,552.0,0.0,duct_filler,0,1247.0
208.6382537151676,552.0,0.0,duct_filler,0,1247.0
215.56645694544295,552.0,0.0,duct_filler,0,1247.0
222.49466017571854,552.0,0.0,duct_filler,0,1247.0
229.4228634059939,552.0,0.0,duct_filler,0,1247.0
236.35106663626937,552.0,0.0,duct_filler,0,1247.0
243.27926986654484,552.0,0.0,duct_filler,0,1247.0
250.20747309682042,552.0,0.0,duct_filler,0,1247.0
257.1356763270959,552.0,0.0,duct_filler,0,1247.0
264.06387955737125,552.0,0.0,duct_filler,0,1247.0
270.9920827876467,552.0,0.0,duct_filler,0,1247.0
277.92028601792254,552.0,0.0,duct_filler,0,1247.0
284.8484892481978,552.0,0.0,duct_filler,0,1247.0
291.77669247847336,552.0,0.0,duct_filler,0,1247.0
298.70489570874884,552.0,0.0,duct_filler,0,1247.0
305.6330989390242,552.0,0.0,duct_filler,0,1247.0
312.56130216929967,552.0,0.0,duct_filler,0,1247.0
319.48950539957514,552.0,0.0,duct_filler,0,1247.0
326.4177086298505,552.0,0.0,duct_filler,0,1247.0
333.34591186012597,552.0,0.0,duct_filler,0,1247.0
340.27411509040155,552.0,0.0,duct_filler,0,1247.0
347.2023183206768,552.0,0.0,duct_filler,0,1247.0
354.1305215509524,552.0,0.0,duct_filler,0,1247.0
361.05872478122785,552.0,0.0,duct_filler,0,1247.0
367.9869280115033,552.0,0.0,duct_filler,0,1247.0
374.9151312417789,552.0,0.0,duct_filler,0,1247.0
381.8433344720544,552.0,0.0,duct_filler,0,1247.0
388.77153770232997,552.0,0.0,duct_filler,0,1247.0
395.69974093260544,552.0,0.0,duct_filler,0,1247.0
402.6279441628808,552.0,0.0,duct_filler,0,1247.0
409.55614739315627,552.0,0.0,duct_filler,0,1247.0
416.48435062343174,552.0,0.0,duct_filler,0,1247.0
423.4125538537071,552.0,0.0,duct_filler,0,1247.0
430.3407570839827,552.0,0.0,duct_filler,0,1247.0
437.26896031425804,552.0,0.0,duct_filler,0,1247.0
444.19716354453374,552.0,0.0,duct_filler,0,1247.0
451.125366774809,552.0,0.0,duct_filler,0,1247.0
458.0535700050847,552.0,0.0,duct_filler,0,1247.0
464.9817732353599,552.0,0.0,duct_filler,0,1247.0
471.9099764656355,552.0,0.0,duct_filler,0,1247.0
478.83817969591087,552.0,0.0,duct_filler,0,1247.0
485.7663829261867,552.0,0.0,duct_filler,0,1247.0
492.69458615646204,552.0,0.0,duct_filler,0,1247.0
499.6227893867376,552.0,0.0,duct_filler,0,1247.0
506.5509926170132,552.0,0.0,duct_filler,0,1247.0
513.4791958472888,552.0,0.0,duct_filler,0,1247.0
520.4073990775644,552.0,0.0,duct_filler,0,1247.0
527.33560230784,552.0,0.0,duct_filler,0,1247.0
534.2638055381158,552.0,0.0,duct_filler,0,1247.0
541.1920087683911,552.0,0.0,duct_filler,0,1247.0
548.1202119986667,552.0,0.0,duct_filler,0,1247.0
-383.7231224733878,546.0,0.0,duct_filler,0,1247.0
-376.7949192431123,546.0,0.0,duct_filler,0,1247.0
-369.86671601283683,546.0,0.0,duct_filler,0,1247.0
-362.9385127825613,546.0,0.0,duct_filler,0,1247.0
-356.01030955228583,546.0,0.0,duct_filler,0,1247.0
-349.0821063220103,546.0,0.0,duct_filler,0,1247.0
-342.15390309173483,546.0,0.0,duct_filler,0,1247.0
-335.22569986145925,546.0,0.0,duct_filler,0,1247.0
-328.29749663118383,546.0,0.0,duct_filler,0,1247.0
-321.36929340090825,546.0,0.0,duct_filler,0,1247.0
-314.44109017063283,546.0,0.0,duct_filler,0,1247.0
-307.51288694035725,546.0,0.0,duct_filler,0,1247.0
-300.5846837100818,546.0,0.0,duct_filler,0,1247.0
-293.6564804798063,546.0,0.0,duct_filler,0,1247.0
-286.7282772495308,546.0,0.0,duct_filler,0,1247.0
-279.80007401925525,546.0,0.0,duct_filler,0,1247.0
-272.8718707889797,546.0,0.0,duct_filler,0,1247.0
-265.9436675587042,546.0,0.0,duct_filler,0,1247.0
-259.01546432842866,546.0,0.0,duct_filler,0,1247.0
-252.08726109815308,546.0,0.0,duct_filler,0,1247.0
-245.15905786787755,546.0,0.0,duct_filler,0,1247.0
-238.23085463760208,546.0,0.0,duct_filler,0,1247.0
-231.30265140732644,546.0,0.0,duct_filler,0,1247.0
-224.37444817705102,546.0,0.0,duct_filler,0,1247.0
-217.4462449467755,546.0,0.0,duct_filler,0,1247.0
-210.51804171649997,546.0,0.0,duct_filler,0,1247.0
-203.58983848622438,546.0,0.0,duct_filler,0,1247.0
-196.6616352559489,546.0,0.0,duct_filler,0,1247.0
-189.73343202567332,546.0,0.0,duct_filler,0,1247.0
-182.8052287953978,546.0,0.0,duct_filler,0,1247.0
-175.87702556512232,546.0,0.0,duct_filler,0,1247.0
-168.9488223348468,546.0,0.0,duct_filler,0,1247.0
-162.02061910457127,546.0,0.0,duct_filler,0,1247.0
-155.09241587429568,546.0,0.0,duct_filler,0,1247.0
-148.1642126440201,546.0,0.0,duct_filler,0,1247.0
-141.23600941374468,546.0,0.0,duct_filler,0,1247.0
-134.3078061834691,546.0,0.0,duct_filler,0,1247.0
-127.37960295319363,546.0,0.0,duct_filler,0,1247.0
-120.45139972291804,546.0,0.0,duct_filler,0,1247.0
-113.52319649264257,546.0,0.0,duct_filler,0,1247.0
-106.59499326236704,546.0,0.0,duct_filler,0,1247.0
-99.66679003209157,546.0,0.0,duct_filler,0,1247.0
-92.73858680181598,546.0,0.0,duct_filler,0,1247.0
-85.81038357154046,546.0,0.0,duct_filler,0,1247.0
-78.88218034126493,546.0,0.0,duct_filler,0,1247.0
-71.95397711098934,546.0,0.0,duct_filler,0,1247.0
-65.02577388071381,546.0,0.0,duct_filler,0,1247.0
-58.09757065043834,546.0,0.0,duct_filler,0,1247.0
-51.169367420162814,546.0,0.0,duct_filler,0,1247.0
-44.241164189887286,546.0,0.0,duct_filler,0,1247.0
-37.3129609596117,546.0,0.0,duct_filler,0,1247.0
-30.384757729336343,546.0,0.0,duct_filler,0,1247.0
-23.45655449906087,546.0,0.0,duct_filler,0,1247.0
-16.5283512687854,546.0,0.0,duct_filler,0,1247.0
-9.600148038509928,546.0,0.0,duct_filler,0,1247.0
-2.671944808234457,546.0,0.0,duct_filler,0,1247.0
4.256258422040901,546.0,0.0,duct_filler,0,1247.0
11.184461652316372,546.0,0.0,duct_filler,0,1247.0
18.11266488259207,546.0,0.0,duct_filler,0,1247.0
25.040868112867543,546.0,0.0,duct_filler,0,1247.0
31.969071343143014,546.0,0.0,duct_filler,0,1247.0
38.897274573418485,546.0,0.0,duct_filler,0,1247.0
45.82547780369396,546.0,0.0,duct_filler,0,1247.0
52.753681033969315,546.0,0.0,duct_filler,0,1247.0
59.6818842642449,546.0,0.0,duct_filler,0,1247.0
66.61008749452026,546.0,0.0,duct_filler,0,1247.0
73.53829072479573,546.0,0.0,duct_filler,0,1247.0
80.4664939550712,546.0,0.0,duct_filler,0,1247.0
87.39469718534656,546.0,0.0,duct_filler,0,1247.0
94.32290041562203,546.0,0.0,duct_filler,0,1247.0
101.25110364589762,546.0,0.0,duct_filler,0,1247.0
108.17930687617309,546.0,0.0,duct_filler,0,1247.0
115.10751010644856,546.0,0.0,duct_filler,0,1247.0
122.03571333672403,546.0,0.0,duct_filler,0,1247.0
128.9639165669995,546.0,0.0,duct_filler,0,1247.0
135.8921197972752,546.0,0.0,duct_filler,0,1247.0
142.82032302755067,546.0,0.0,duct_filler,0,1247.0
149.74852625782603,546.0,0.0,duct_filler,0,1247.0
156.6767294881015,546.0,0.0,duct_filler,0,1247.0
163.60493271837697,546.0,0.0,duct_filler,0,1247.0
170.53313594865244,546.0,0.0,duct_filler,0,1247.0
177.4613391789278,546.0,0.0,duct_filler,0,1247.0
184.38954240920327,546.0,0.0,duct_filler,0,1247.0
191.31774563947874,546.0,0.0,duct_filler,0,1247.0
198.24594886975422,546.0,0.0,duct_filler,0,1247.0
205.1741521000298,546.0,0.0,duct_filler,0,1247.0
212.10235533030504,546.0,0.0,duct_filler,0,1247.0
219.03055856058074,546.0,0.0,duct_filler,0,1247.0
225.9587617908561,546.0,0.0,duct_filler,0,1247.0
232.88696502113157,546.0,0.0,duct_filler,0,1247.0
239.81516825140704,546.0,0.0,duct_filler,0,1247.0
246.74337148168252,546.0,0.0,duct_filler,0,1247.0
253.6715747119581,546.0,0.0,duct_filler,0,1247.0
260.5997779422336,546.0,0.0,duct_filler,0,1247.0
267.52798117250904,546.0,0.0,duct_filler,0,1247.0
274.4561844027844,546.0,0.0,duct_filler,0,1247.0
281.3843876330599,546.0,0.0,duct_filler,0,1247.0
288.31259086333534,546.0,0.0,duct_filler,0,1247.0
295.2407940936107,546.0,0.0,duct_filler,0,1247.0
302.1689973238865,546.0,0.0,duct_filler,0,1247.0
309.097200554162,546.0,0.0,duct_filler,0,1247.0
316.02540378443734,546.0,0.0,duct_filler,0,1247.0
322.9536070147128,546.0,0.0,duct_filler,0,1247.0
329.8818102449883,546.0,0.0,duct_filler,0,1247.0
336.81001347526364,546.0,0.0,duct_filler,0,1247.0
343.7382167055391,546.0,0.0,duct_filler,0,1247.0
350.6664199358147,546.0,0.0,duct_filler,0,1247.0
357.5946231660902,546.0,0.0,duct_filler,0,1247.0
364.52282639636576,546.0,0.0,duct_filler,0,1247.0
371.451029626641,546.0,0.0,duct_filler,0,1247.0
378.3792328569166,546.0,0.0,duct_filler,0,1247.0
385.30743608719183,546.0,0.0,duct_filler,0,1247.0
392.23563931746753,546.0,0.0,duct_filler,0,1247.0
399.1638425477429,546.0,0.0,duct_filler,0,1247.0
406.0920457780186,546.0,0.0,duct_filler,0,1247.0
413.02024900829394,546.0,0.0,duct_filler,0,1247.0
419.9484522385694,546.0,0.0,duct_filler,0,1247.0
426.8766554688449,546.0,0.0,duct_filler,0,1247.0
433.80485869912025,546.0,0.0,duct_filler,0,1247.0
440.7330619293957,546.0,0.0,duct_filler,0,1247.0
447.6612651596713,546.0,0.0,duct_filler,0,1247.0
454.58946838994655,546.0,0.0,duct_filler,0,1247.0
461.51767162022213,546.0,0.0,duct_filler,0,1247.0
468.4458748504976,546.0,0.0,duct_filler,0,1247.0
475.3740780807732,546.0,0.0,duct_filler,0,1247.0
482.3022813110488,546.0,0.0,duct_filler,0,1247.0
489.23048454132436,546.0,0.0,duct_filler,0,1247.0
496.15868777160017,546.0,0.0,duct_filler,0,1247.0
503.08689100187576,546.0,0.0,duct_filler,0,1247.0
510.0150942321511,546.0,0.0,duct_filler,0,1247.0
516.9432974624267,546.0,0.0,duct_filler,0,1247.0
523.8715006927023,546.0,0.0,duct_filler,0,1247.0
530.7997039229779,546.0,0.0,duct_filler,0,1247.0
537.7279071532535,546.0,0.0,duct_filler,0,1247.0
544.6561103835293,546.0,0.0,duct_filler,0,1247.0
551.5843136138046,546.0,0.0,duct_filler,0,1247.0
-380.2590208582501,540.0,0.0,duct_filler,0,1247.0
-373.33081762797457,540.0,0.0,duct_filler,0,1247.0
-366.40261439769904,540.0,0.0,duct_filler,0,1247.0
-359.47441116742357,540.0,0.0,duct_filler,0,1247.0
-352.54620793714804,540.0,0.0,duct_filler,0,1247.0
-345.61800470687257,540.0,0.0,duct_filler,0,1247.0
-338.68980147659704,540.0,0.0,duct_filler,0,1247.0
-331.76159824632157,540.0,0.0,duct_filler,0,1247.0
-324.83339501604604,540.0,0.0,duct_filler,0,1247.0
-317.90519178577057,540.0,0.0,duct_filler,0,1247.0
-310.97698855549504,540.0,0.0,duct_filler,0,1247.0
-304.04878532521957,540.0,0.0,duct_filler,0,1247.0
-297.12058209494404,540.0,0.0,duct_filler,0,1247.0
-290.19237886466857,540.0,0.0,duct_filler,0,1247.0
-283.26417563439304,540.0,0.0,duct_filler,0,1247.0
-276.33597240411746,540.0,0.0,duct_filler,0,1247.0
-269.4077691738419,540.0,0.0,duct_filler,0,1247.0
-262.4795659435664,540.0,0.0,duct_filler,0,1247.0
-255.55136271329087,540.0,0.0,duct_filler,0,1247.0
-248.62315948301534,540.0,0.0,duct_filler,0,1247.0
-241.69495625273993,540.0,0.0,duct_filler,0,1247.0
-234.76675302246434,540.0,0.0,duct_filler,0,1247.0
-227.83854979218881,540.0,0.0,duct_filler,0,1247.0
-220.9103465619133,540.0,0.0,duct_filler,0,1247.0
-213.98214333163776,540.0,0.0,duct_filler,0,1247.0
-207.05394010136217,540.0,0.0,duct_filler,0,1247.0
-200.1257368710867,540.0,0.0,duct_filler,0,1247.0
-193.19753364081112,540.0,0.0,duct_filler,0,1247.0
-186.26933041053564,540.0,0.0,duct_filler,0,1247.0
-179.34112718026006,540.0,0.0,duct_filler,0,1247.0
-172.4129239499846,540.0,0.0,duct_filler,0,1247.0
-165.484720719709,540.0,0.0,duct_filler,0,1247.0
-158.55651748943347,540.0,0.0,duct_filler,0,1247.0
-151.628314259158,540.0,0.0,duct_filler,0,1247.0
-144.70011102888242,540.0,0.0,duct_filler,0,1247.0
-137.7719077986069,540.0,0.0,duct_filler,0,1247.0
-130.84370456833136,540.0,0.0,duct_filler,0,1247.0
-123.91550133805578,540.0,0.0,duct_filler,0,1247.0
-116.9872981077803,540.0,0.0,duct_filler,0,1247.0
-110.05909487750478,540.0,0.0,duct_filler,0,1247.0
-103.1308916472293,540.0,0.0,duct_filler,0,1247.0
-96.20268841695378,540.0,0.0,duct_filler,0,1247.0
-89.27448518667825,540.0,0.0,duct_filler,0,1247.0
-82.34628195640266,540.0,0.0,duct_filler,0,1247.0
-75.41807872612725,540.0,0.0,duct_filler,0,1247.0
-68.48987549585166,540.0,0.0,duct_filler,0,1247.0
-61.561672265576135,540.0,0.0,duct_filler,0,1247.0
-54.63346903530061,540.0,0.0,duct_filler,0,1247.0
-47.70526580502502,540.0,0.0,duct_filler,0,1247.0
-40.77706257474949,540.0,0.0,duct_filler,0,1247.0
-33.84885934447402,540.0,0.0,duct_filler,0,1247.0
-26.920656114198437,540.0,0.0,duct_filler,0,1247.0
-19.99245288392308,540.0,0.0,duct_filler,0,1247.0
-13.064249653647607,540.0,0.0,duct_filler,0,1247.0
-6.136046423372136,540.0,0.0,duct_filler,0,1247.0
0.7921568069034493,540.0,0.0,duct_filler,0,1247.0
7.720360037178921,540.0,0.0,duct_filler,0,1247.0
14.648563267454392,540.0,0.0,duct_filler,0,1247.0
21.57676649772975,540.0,0.0,duct_filler,0,1247.0
28.504969728005335,540.0,0.0,duct_filler,0,1247.0
35.43317295828081,540.0,0.0,duct_filler,0,1247.0
42.361376188556164,540.0,0.0,duct_filler,0,1247.0
49.289579418831636,540.0,0.0,duct_filler,0,1247.0
56.21778264910711,540.0,0.0,duct_filler,0,1247.0
63.14598587938258,540.0,0.0,duct_filler,0,1247.0
70.07418910965805,540.0,0.0,duct_filler,0,1247.0
77.00239233993341,540.0,0.0,duct_filler,0,1247.0
83.9305955702091,540.0,0.0,duct_filler,0,1247.0
90.85879880048446,540.0,0.0,duct_filler,0,1247.0
97.78700203076005,540.0,0.0,duct_filler,0,1247.0
104.71520526103541,540.0,0.0,duct_filler,0,1247.0
111.64340849131088,540.0,0.0,duct_filler,0,1247.0
118.57161172158635,540.0,0.0,duct_filler,0,1247.0
125.49981495186205,540.0,0.0,duct_filler,0,1247.0
132.4280181821374,540.0,0.0,duct_filler,0,1247.0
139.35622141241288,540.0,0.0,duct_filler,0,1247.0
146.28442464268835,540.0,0.0,duct_filler,0,1247.0
153.21262787296382,540.0,0.0,duct_filler,0,1247.0
160.1408311032393,540.0,0.0,duct_filler,0,1247.0
167.06903433351465,540.0,0.0,duct_filler,0,1247.0
173.99723756379012,540.0,0.0,duct_filler,0,1247.0
180.9254407940656,540.0,0.0,duct_filler,0,1247.0
187.85364402434107,540.0,0.0,duct_filler,0,1247.0
194.78184725461665,540.0,0.0,duct_filler,0,1247.0
201.7100504848919,540.0,0.0,duct_filler,0,1247.0
208.6382537151676,540.0,0.0,duct_filler,0,1247.0
215.56645694544295,540.0,0.0,duct_filler,0,1247.0
222.49466017571854,540.0,0.0,duct_filler,0,1247.0
229.4228634059939,540.0,0.0,duct_filler,0,1247.0
236.35106663626937,540.0,0.0,duct_filler,0,1247.0
243.27926986654484,540.0,0.0,duct_filler,0,1247.0
250.20747309682042,540.0,0.0,duct_filler,0,1247.0
257.1356763270959,540.0,0.0,duct_filler,0,1247.0
264.06387955737125,540.0,0.0,duct_filler,0,1247.0
270.9920827876467,540.0,0.0,duct_filler,0,1247.0
277.92028601792254,540.0,0.0,duct_filler,0,1247.0
284.8484892481978,540.0,0.0,duct_filler,0,1247.0
291.77669247847336,540.0,0.0,duct_filler,0,1247.0
298.70489570874884,540.0,0.0,duct_filler,0,1247.0
305.6330989390242,540.0,0.0,duct_filler,0,1247.0
312.56130216929967,540.0,0.0,duct_filler,0,1247.0
319.48950539957514,540.0,0.0,duct_filler,0,1247.0
326.4177086298505,540.0,0.0,duct_filler,0,1247.0
333.34591186012597,540.0,0.0,duct_filler,0,1247.0
340.27411509040155,540.0,0.0,duct_filler,0,1247.0
347.2023183206768,540.0,0.0,duct_filler,0,1247.0
354.1305215509524,540.0,0.0,duct_filler,0,1247.0
361.05872478122785,540.0,0.0,duct_filler,0,1247.0
367.9869280115033,540.0,0.0,duct_filler,0,1247.0
374.9151312417789,540.0,0.0,duct_filler,0,1247.0
381.8433344720544,540.0,0.0,duct_filler,0,1247.0
388.77153770232997,540.0,0.0,duct_filler,0,1247.0
395.69974093260544,540.0,0.0,duct_filler,0,1247.0
402.6279441628808,540.0,0.0,duct_filler,0,1247.0
409.55614739315627,540.0,0.0,duct_filler,0,1247.0
416.48435062343174,540.0,0.0,duct_filler,0,1247.0
423.4125538537071,540.0,0.0,duct_filler,0,1247.0
430.3407570839827,540.0,0.0,duct_filler,0,1247.0
437.26896031425804,540.0,0.0,duct_filler,0,1247.0
444.19716354453374,540.0,0.0,duct_filler,0,1247.0
451.125366774809,540.0,0.0,duct_filler,0,1247.0
458.0535700050847,540.0,0.0,duct_filler,0,1247.0
464.9817732353599,540.0,0.0,duct_filler,0,1247.0
471.9099764656355,540.0,0.0,duct_filler,0,1247.0
478.83817969591087,540.0,0.0,duct_filler,0,1247.0
485.7663829261867,540.0,0.0,duct_filler,0,1247.0
492.69458615646204,540.0,0.0,duct_filler,0,1247.0
499.6227893867376,540.0,0.0,duct_filler,0,1247.0
506.5509926170132,540.0,0.0,duct_filler,0,1247.0
513.4791958472888,540.0,0.0,duct_filler,0,1247.0
520.4073990775644,540.0,0.0,duct_filler,0,1247.0
527.33560230784,540.0,0.0,duct_filler,0,1247.0
534.2638055381158,540.0,0.0,duct_filler,0,1247.0
541.1920087683911,540.0,0.0,duct_filler,0,1247.0
548.1202119986667,540.0,0.0,duct_filler,0,1247.0
-376.7949192431123,534.0,0.0,duct_filler,0,1247.0
-369.86671601283683,534.0,0.0,duct_filler,0,1247.0
-362.9385127825613,534.0,0.0,duct_filler,0,1247.0
-356.01030955228583,534.0,0.0,duct_filler,0,1247.0
-349.0821063220103,534.0,0.0,duct_filler,0,1247.0
-342.15390309173483,534.0,0.0,duct_filler,0,1247.0
-335.22569986145925,534.0,0.0,duct_filler,0,1247.0
-328.29749663118383,534.0,0.0,duct_filler,0,1247.0
-321.36929340090825,534.0,0.0,duct_filler,0,1247.0
-314.44109017063283,534.0,0.0,duct_filler,0,1247.0
-307.51288694035725,534.0,0.0,duct_filler,0,1247.0
-300.5846837100818,534.0,0.0,duct_filler,0,1247.0
-293.6564804798063,534.0,0.0,duct_filler,0,1247.0
-286.7282772495308,534.0,0.0,duct_filler,0,1247.0
-279.80007401925525,534.0,0.0,duct_filler,0,1247.0
-272.8718707889797,534.0,0.0,duct_filler,0,1247.0
-265.9436675587042,534.0,0.0,duct_filler,0,1247.0
-259.01546432842866,534.0,0.0,duct_filler,0,1247.0
-252.08726109815308,534.0,0.0,duct_filler,0,1247.0
-245.15905786787755,534.0,0.0,duct_filler,0,1247.0
-238.23085463760208,534.0,0.0,duct_filler,0,1247.0
-231.30265140732644,534.0,0.0,duct_filler,0,1247.0
-224.37444817705102,534.0,0.0,duct_filler,0,1247.0
-217.4462449467755,534.0,0.0,duct_filler,0,1247.0
-210.51804171649997,534.0,0.0,duct_filler,0,1247.0
-203.58983848622438,534.0,0.0,duct_filler,0,1247.0
-196.6616352559489,534.0,0.0,duct_filler,0,1247.0
-189.73343202567332,534.0,0.0,duct_filler,0,1247.0
-182.8052287953978,534.0,0.0,duct_filler,0,1247.0
-175.87702556512232,534.0,0.0,duct_filler,0,1247.0
-168.9488223348468,534.0,0.0,duct_filler,0,1247.0
-162.02061910457127,534.0,0.0,duct_filler,0,1247.0
-155.09241587429568,534.0,0.0,duct_filler,0,1247.0
-148.1642126440201,534.0,0.0,duct_filler,0,1247.0
-141.23600941374468,534.0,0.0,duct_filler,0,1247.0
-134.3078061834691,534.0,0.0,duct_filler,0,1247.0
-127.37960295319363,534.0,0.0,duct_filler,0,1247.0
-120.45139972291804,534.0,0.0,duct_filler,0,1247.0
-113.52319649264257,534.0,0.0,duct_filler,0,1247.0
-106.59499326236704,534.0,0.0,duct_filler,0,1247.0
-99.66679003209157,534.0,0.0,duct_filler,0,1247.0
-92.73858680181598,534.0,0.0,duct_filler,0,1247.0
-85.81038357154046,534.0,0.0,duct_filler,0,1247.0
-78.88218034126493,534.0,0.0,duct_filler,0,1247.0
-71.95397711098934,534.0,0.0,duct_filler,0,1247.0
-65.02577388071381,534.0,0.0,duct_filler,0,1247.0
-58.09757065043834,534.0,0.0,duct_filler,0,1247.0
-51.169367420162814,534.0,0.0,duct_filler,0,1247.0
-44.241164189887286,534.0,0.0,duct_filler,0,1247.0
-37.3129609596117,534.0,0.0,duct_filler,0,1247.0
-30.384757729336343,534.0,0.0,duct_filler,0,1247.0
-23.45655449906087,534.0,0.0,duct_filler,0,1247.0
-16.5283512687854,534.0,0.0,duct_filler,0,1247.0
-9.600148038509928,534.0,0.0,duct_filler,0,1247.0
-2.671944808234457,534.0,0.0,duct_filler,0,1247.0
4.256258422040901,534.0,0.0,duct_filler,0,1247.0
11.184461652316372,534.0,0.0,duct_filler,0,1247.0
18.11266488259207,534.0,0.0,duct_filler,0,1247.0
25.040868112867543,534.0,0.0,duct_filler,0,1247.0
31.969071343143014,534.0,0.0,duct_filler,0,1247.0
38.897274573418485,534.0,0.0,duct_filler,0,1247.0
45.82547780369396,534.0,0.0,duct_filler,0,1247.0
52.753681033969315,534.0,0.0,duct_filler,0,1247.0
59.6818842642449,534.0,0.0,duct_filler,0,1247.0
66.61008749452026,534.0,0.0,duct_filler,0,1247.0
73.53829072479573,534.0,0.0,duct_filler,0,1247.0
80.4664939550712,534.0,0.0,duct_filler,0,1247.0
87.39469718534656,534.0,0.0,duct_filler,0,1247.0
94.32290041562203,534.0,0.0,duct_filler,0,1247.0
101.25110364589762,534.0,0.0,duct_filler,0,1247.0
108.17930687617309,534.0,0.0,duct_filler,0,1247.0
115.10751010644856,534.0,0.0,duct_filler,0,1247.0
122.03571333672403,534.0,0.0,duct_filler,0,1247.0
128.9639165669995,534.0,0.0,duct_filler,0,1247.0
135.8921197972752,534.0,0.0,duct_filler,0,1247.0
142.82032302755067,534.0,0.0,duct_filler,0,1247.0
149.74852625782603,534.0,0.0,duct_filler,0,1247.0
156.6767294881015,534.0,0.0,duct_filler,0,1247.0
163.60493271837697,534.0,0.0,duct_filler,0,1247.0
170.53313594865244,534.0,0.0,duct_filler,0,1247.0
177.4613391789278,534.0,0.0,duct_filler,0,1247.0
184.38954240920327,534.0,0.0,duct_filler,0,1247.0
191.31774563947874,534.0,0.0,duct_filler,0,1247.0
198.24594886975422,534.0,0.0,duct_filler,0,1247.0
205.1741521000298,534.0,0.0,duct_filler,0,1247.0
212.10235533030504,534.0,0.0,duct_filler,0,1247.0
219.03055856058074,534.0,0.0,duct_filler,0,1247.0
225.9587617908561,534.0,0.0,duct_filler,0,1247.0
232.88696502113157,534.0,0.0,duct_filler,0,1247.0
239.81516825140704,534.0,0.0,duct_filler,0,1247.0
246.74337148168252,534.0,0.0,duct_filler,0,1247.0
253.6715747119581,534.0,0.0,duct_filler,0,1247.0
260.5997779422336,534.0,0.0,duct_filler,0,1247.0
267.52798117250904,534.0,0.0,duct_filler,0,1247.0
274.4561844027844,534.0,0.0,duct_filler,0,1247.0
281.3843876330599,534.0,0.0,duct_filler,0,1247.0
288.31259086333534,534.0,0.0,duct_filler,0,1247.0
295.2407940936107,534.0,0.0,duct_filler,0,1247.0
302.1689973238865,534.0,0.0,duct_filler,0,1247.0
309.097200554162,534.0,0.0,duct_filler,0,1247.0
316.02540378443734,534.0,0.0,duct_filler,0,1247.0
322.9536070147128,534.0,0.0,duct_filler,0,1247.0
329.8818102449883,534.0,0.0,duct_filler,0,1247.0
336.81001347526364,534.0,0.0,duct_filler,0,1247.0
343.7382167055391,534.0,0.0,duct_filler,0,1247.0
350.6664199358147,534.0,0.0,duct_filler,0,1247.0
357.5946231660902,534.0,0.0,duct_filler,0,1247.0
364.52282639636576,534.0,0.0,duct_filler,0,1247.0
371.451029626641,534.0,0.0,duct_filler,0,1247.0
378.3792328569166,534.0,0.0,duct_filler,0,1247.0
385.30743608719183,534.0,0.0,duct_filler,0,1247.0
392.23563931746753,534.0,0.0,duct_filler,0,1247.0
399.1638425477429,534.0,0.0,duct_filler,0,1247.0
406.0920457780186,534.0,0.0,duct_filler,0,1247.0
413.02024900829394,534.0,0.0,duct_filler,0,1247.0
419.9484522385694,534.0,0.0,duct_filler,0,1247.0
426.8766554688449,534.0,0.0,duct_filler,0,1247.0
433.80485869912025,534.0,0.0,duct_filler,0,1247.0
440.7330619293957,534.0,0.0,duct_filler,0,1247.0
447.6612651596713,534.0,0.0,duct_filler,0,1247.0
454.58946838994655,534.0,0.0,duct_filler,0,1247.0
461.51767162022213,534.0,0.0,duct_filler,0,1247.0
468.4458748504976,534.0,0.0,duct_filler,0,1247.0
475.3740780807732,534.0,0.0,duct_filler,0,1247.0
482.3022813110488,534.0,0.0,duct_filler,0,1247.0
489.23048454132436,534.0,0.0,duct_filler,0,1247.0
496.15868777160017,534.0,0.0,duct_filler,0,1247.0
503.08689100187576,534.0,0.0,duct_filler,0,1247.0
510.0150942321511,534.0,0.0,duct_filler,0,1247.0
516.9432974624267,534.0,0.0,duct_filler,0,1247.0
523.8715006927023,534.0,0.0,duct_filler,0,1247.0
530.7997039229779,534.0,0.0,duct_filler,0,1247.0
537.7279071532535,534.0,0.0,duct_filler,0,1247.0
544.6561103835293,534.0,0.0,duct_filler,0,1247.0
551.5843136138046,534.0,0.0,duct_filler,0,1247.0
-366.40261439769904,528.0,0.0,duct_filler,0,1247.0
-359.47441116742357,528.0,0.0,duct_filler,0,1247.0
-352.54620793714804,528.0,0.0,duct_filler,0,1247.0
-345.61800470687257,528.0,0.0,duct_filler,0,1247.0
-338.68980147659704,528.0,0.0,duct_filler,0,1247.0
-331.76159824632157,528.0,0.0,duct_filler,0,1247.0
-324.8333950160461,528.0,0.0,duct_filler,0,1247.0
-317.9051917857706,528.0,0.0,duct_filler,0,1247.0
-310.97698855549504,528.0,0.0,duct_filler,0,1247.0
-304.04878532521957,528.0,0.0,duct_filler,0,1247.0
-297.12058209494404,528.0,0.0,duct_filler,0,1247.0
-290.19237886466857,528.0,0.0,duct_filler,0,1247.0
-283.26417563439304,528.0,0.0,duct_filler,0,1247.0
-276.3359724041175,528.0,0.0,duct_filler,0,1247.0
-269.407769173842,528.0,0.0,duct_filler,0,1247.0
-262.4795659435664,528.0,0.0,duct_filler,0,1247.0
-255.55136271329087,528.0,0.0,duct_filler,0,1247.0
-248.6231594830154,528.0,0.0,duct_filler,0,1247.0
-241.69495625273993,528.0,0.0,duct_filler,0,1247.0
-234.76675302246434,528.0,0.0,duct_filler,0,1247.0
-227.83854979218881,528.0,0.0,duct_filler,0,1247.0
-220.9103465619133,528.0,0.0,duct_filler,0,1247.0
-213.98214333163776,528.0,0.0,duct_filler,0,1247.0
-207.05394010136217,528.0,0.0,duct_filler,0,1247.0
-200.1257368710867,528.0,0.0,duct_filler,0,1247.0
-193.19753364081112,528.0,0.0,duct_filler,0,1247.0
-186.26933041053564,528.0,0.0,duct_filler,0,1247.0
-179.34112718026006,528.0,0.0,duct_filler,0,1247.0
-172.41292394998464,528.0,0.0,duct_filler,0,1247.0
-165.484720719709,528.0,0.0,duct_filler,0,1247.0
-158.55651748943353,528.0,0.0,duct_filler,0,1247.0
-151.62831425915806,528.0,0.0,duct_filler,0,1247.0
-144.70011102888253,528.0,0.0,duct_filler,0,1247.0
-137.77190779860695,528.0,0.0,duct_filler,0,1247.0
-130.84370456833142,528.0,0.0,duct_filler,0,1247.0
-123.91550133805589,528.0,0.0,duct_filler,0,1247.0
-116.9872981077803,528.0,0.0,duct_filler,0,1247.0
-110.05909487750478,528.0,0.0,duct_filler,0,1247.0
-103.1308916472293,528.0,0.0,duct_filler,0,1247.0
-96.20268841695378,528.0,0.0,duct_filler,0,1247.0
-89.27448518667825,528.0,0.0,duct_filler,0,1247.0
-82.34628195640266,528.0,0.0,duct_filler,0,1247.0
-75.41807872612725,528.0,0.0,duct_filler,0,1247.0
-68.48987549585166,528.0,0.0,duct_filler,0,1247.0
-61.561672265576135,528.0,0.0,duct_filler,0,1247.0
-54.63346903530061,528.0,0.0,duct_filler,0,1247.0
-47.70526580502502,528.0,0.0,duct_filler,0,1247.0
-40.77706257474949,528.0,0.0,duct_filler,0,1247.0
-33.84885934447402,528.0,0.0,duct_filler,0,1247.0
-26.920656114198437,528.0,0.0,duct_filler,0,1247.0
-19.99245288392308,528.0,0.0,duct_filler,0,1247.0
-13.064249653647607,528.0,0.0,duct_filler,0,1247.0
-6.136046423372136,528.0,0.0,duct_filler,0,1247.0
0.7921568069033356,528.0,0.0,duct_filler,0,1247.0
7.720360037178807,528.0,0.0,duct_filler,0,1247.0
14.648563267454392,528.0,0.0,duct_filler,0,1247.0
21.57676649772975,528.0,0.0,duct_filler,0,1247.0
28.50496972800522,528.0,0.0,duct_filler,0,1247.0
35.43317295828069,528.0,0.0,duct_filler,0,1247.0
42.361376188556164,528.0,0.0,duct_filler,0,1247.0
49.289579418831636,528.0,0.0,duct_filler,0,1247.0
56.21778264910711,528.0,0.0,duct_filler,0,1247.0
63.14598587938258,528.0,0.0,duct_filler,0,1247.0
70.07418910965805,528.0,0.0,duct_filler,0,1247.0
77.00239233993341,528.0,0.0,duct_filler,0,1247.0
83.9305955702091,528.0,0.0,duct_filler,0,1247.0
90.85879880048446,528.0,0.0,duct_filler,0,1247.0
97.78700203076005,528.0,0.0,duct_filler,0,1247.0
104.71520526103541,528.0,0.0,duct_filler,0,1247.0
111.64340849131088,528.0,0.0,duct_filler,0,1247.0
118.57161172158635,528.0,0.0,duct_filler,0,1247.0
125.49981495186182,528.0,0.0,duct_filler,0,1247.0
132.4280181821373,528.0,0.0,duct_filler,0,1247.0
139.35622141241265,528.0,0.0,duct_filler,0,1247.0
146.28442464268812,528.0,0.0,duct_filler,0,1247.0
153.2126278729637,528.0,0.0,duct_filler,0,1247.0
160.14083110323918,528.0,0.0,duct_filler,0,1247.0
167.06903433351465,528.0,0.0,duct_filler,0,1247.0
173.99723756379012,528.0,0.0,duct_filler,0,1247.0
180.9254407940656,528.0,0.0,duct_filler,0,1247.0
187.85364402434107,528.0,0.0,duct_filler,0,1247.0
194.78184725461665,528.0,0.0,duct_filler,0,1247.0
201.7100504848919,528.0,0.0,duct_filler,0,1247.0
208.6382537151676,528.0,0.0,duct_filler,0,1247.0
215.56645694544295,528.0,0.0,duct_filler,0,1247.0
222.49466017571854,528.0,0.0,duct_filler,0,1247.0
229.4228634059939,528.0,0.0,duct_filler,0,1247.0
236.35106663626937,528.0,0.0,duct_filler,0,1247.0
243.27926986654484,528.0,0.0,duct_filler,0,1247.0
250.20747309682042,528.0,0.0,duct_filler,0,1247.0
257.13567632709567,528.0,0.0,duct_filler,0,1247.0
264.06387955737125,528.0,0.0,duct_filler,0,1247.0
270.9920827876467,528.0,0.0,duct_filler,0,1247.0
277.92028601792254,528.0,0.0,duct_filler,0,1247.0
284.84848924819755,528.0,0.0,duct_filler,0,1247.0
291.77669247847336,528.0,0.0,duct_filler,0,1247.0
298.70489570874884,528.0,0.0,duct_filler,0,1247.0
305.6330989390242,528.0,0.0,duct_filler,0,1247.0
312.56130216929967,528.0,0.0,duct_filler,0,1247.0
319.48950539957514,528.0,0.0,duct_filler,0,1247.0
326.4177086298505,528.0,0.0,duct_filler,0,1247.0
333.34591186012597,528.0,0.0,duct_filler,0,1247.0
340.27411509040144,528.0,0.0,duct_filler,0,1247.0
347.2023183206768,528.0,0.0,duct_filler,0,1247.0
354.1305215509524,528.0,0.0,duct_filler,0,1247.0
361.05872478122785,528.0,0.0,duct_filler,0,1247.0
367.9869280115033,528.0,0.0,duct_filler,0,1247.0
374.9151312417787,528.0,0.0,duct_filler,0,1247.0
381.8433344720544,528.0,0.0,duct_filler,0,1247.0
388.77153770232974,528.0,0.0,duct_filler,0,1247.0
395.6997409326052,528.0,0.0,duct_filler,0,1247.0
402.6279441628807,528.0,0.0,duct_filler,0,1247.0
409.55614739315604,528.0,0.0,duct_filler,0,1247.0
416.4843506234315,528.0,0.0,duct_filler,0,1247.0
423.412553853707,528.0,0.0,duct_filler,0,1247.0
430.3407570839827,528.0,0.0,duct_filler,0,1247.0
437.2689603142578,528.0,0.0,duct_filler,0,1247.0
444.1971635445336,528.0,0.0,duct_filler,0,1247.0
451.125366774809,528.0,0.0,duct_filler,0,1247.0
458.05357000508445,528.0,0.0,duct_filler,0,1247.0
464.9817732353599,528.0,0.0,duct_filler,0,1247.0
471.9099764656353,528.0,0.0,duct_filler,0,1247.0
478.83817969591087,528.0,0.0,duct_filler,0,1247.0
485.7663829261867,528.0,0.0,duct_filler,0,1247.0
492.6945861564618,528.0,0.0,duct_filler,0,1247.0
499.6227893867376,528.0,0.0,duct_filler,0,1247.0
506.5509926170132,528.0,0.0,duct_filler,0,1247.0
513.4791958472888,528.0,0.0,duct_filler,0,1247.0
520.4073990775644,528.0,0.0,duct_filler,0,1247.0
527.33560230784,528.0,0.0,duct_filler,0,1247.0
534.2638055381158,528.0,0.0,duct_filler,0,1247.0
541.1920087683911,528.0,0.0,duct_filler,0,1247.0
548.1202119986667,528.0,0.0,duct_filler,0,1247.0
-362.9385127825613,522.0,0.0,duct_filler,0,1247.0
-356.01030955228583,522.0,0.0,duct_filler,0,1247.0
-349.0821063220103,522.0,0.0,duct_filler,0,1247.0
-342.15390309173483,522.0,0.0,duct_filler,0,1247.0
-335.22569986145925,522.0,0.0,duct_filler,0,1247.0
-328.29749663118383,522.0,0.0,duct_filler,0,1247.0
-321.3692934009083,522.0,0.0,duct_filler,0,1247.0
-314.44109017063283,522.0,0.0,duct_filler,0,1247.0
-307.51288694035725,522.0,0.0,duct_filler,0,1247.0
-300.5846837100818,522.0,0.0,duct_filler,0,1247.0
-293.6564804798063,522.0,0.0,duct_filler,0,1247.0
-286.7282772495308,522.0,0.0,duct_filler,0,1247.0
-279.80007401925525,522.0,0.0,duct_filler,0,1247.0
-272.8718707889797,522.0,0.0,duct_filler,0,1247.0
-265.9436675587042,522.0,0.0,duct_filler,0,1247.0
-259.01546432842866,522.0,0.0,duct_filler,0,1247.0
-252.0872610981532,522.0,0.0,duct_filler,0,1247.0
-245.15905786787755,522.0,0.0,duct_filler,0,1247.0
-238.23085463760208,522.0,0.0,duct_filler,0,1247.0
-231.30265140732655,522.0,0.0,duct_filler,0,1247.0
-224.37444817705102,522.0,0.0,duct_filler,0,1247.0
-217.4462449467755,522.0,0.0,duct_filler,0,1247.0
-210.51804171649997,522.0,0.0,duct_filler,0,1247.0
-203.58983848622438,522.0,0.0,duct_filler,0,1247.0
-196.6616352559489,522.0,0.0,duct_filler,0,1247.0
-189.73343202567332,522.0,0.0,duct_filler,0,1247.0
-182.8052287953978,522.0,0.0,duct_filler,0,1247.0
-175.87702556512232,522.0,0.0,duct_filler,0,1247.0
-168.9488223348468,522.0,0.0,duct_filler,0,1247.0
-162.02061910457127,522.0,0.0,duct_filler,0,1247.0
-155.09241587429574,522.0,0.0,duct_filler,0,1247.0
-148.1642126440201,522.0,0.0,duct_filler,0,1247.0
-141.23600941374474,522.0,0.0,duct_filler,0,1247.0
-134.3078061834692,522.0,0.0,duct_filler,0,1247.0
-127.37960295319363,522.0,0.0,duct_filler,0,1247.0
-120.4513997229181,522.0,0.0,duct_filler,0,1247.0
-113.52319649264263,522.0,0.0,duct_filler,0,1247.0
-106.5949932623671,522.0,0.0,duct_filler,0,1247.0
-99.66679003209157,522.0,0.0,duct_filler,0,1247.0
-92.73858680181598,522.0,0.0,duct_filler,0,1247.0
-85.81038357154046,522.0,0.0,duct_filler,0,1247.0
-78.88218034126493,522.0,0.0,duct_filler,0,1247.0
-71.95397711098934,522.0,0.0,duct_filler,0,1247.0
-65.02577388071381,522.0,0.0,duct_filler,0,1247.0
-58.09757065043834,522.0,0.0,duct_filler,0,1247.0
-51.169367420162814,522.0,0.0,duct_filler,0,1247.0
-44.241164189887286,522.0,0.0,duct_filler,0,1247.0
-37.3129609596117,522.0,0.0,duct_filler,0,1247.0
-30.384757729336343,522.0,0.0,duct_filler,0,1247.0
-23.45655449906087,522.0,0.0,duct_filler,0,1247.0
-16.5283512687854,522.0,0.0,duct_filler,0,1247.0
-9.600148038509928,522.0,0.0,duct_filler,0,1247.0
-2.671944808234457,522.0,0.0,duct_filler,0,1247.0
4.256258422040901,522.0,0.0,duct_filler,0,1247.0
11.184461652316372,522.0,0.0,duct_filler,0,1247.0
18.112664882591957,522.0,0.0,duct_filler,0,1247.0
25.040868112867543,522.0,0.0,duct_filler,0,1247.0
31.9690713431429,522.0,0.0,duct_filler,0,1247.0
38.89727457341837,522.0,0.0,duct_filler,0,1247.0
45.82547780369384,522.0,0.0,duct_filler,0,1247.0
52.753681033969315,522.0,0.0,duct_filler,0,1247.0
59.6818842642449,522.0,0.0,duct_filler,0,1247.0
66.61008749452026,522.0,0.0,duct_filler,0,1247.0
73.53829072479573,522.0,0.0,duct_filler,0,1247.0
80.4664939550712,522.0,0.0,duct_filler,0,1247.0
87.39469718534656,522.0,0.0,duct_filler,0,1247.0
94.32290041562203,522.0,0.0,duct_filler,0,1247.0
101.25110364589762,522.0,0.0,duct_filler,0,1247.0
108.17930687617309,522.0,0.0,duct_filler,0,1247.0
115.10751010644856,522.0,0.0,duct_filler,0,1247.0
122.03571333672403,522.0,0.0,duct_filler,0,1247.0
128.9639165669995,522.0,0.0,duct_filler,0,1247.0
135.89211979727497,522.0,0.0,duct_filler,0,1247.0
142.82032302755056,522.0,0.0,duct_filler,0,1247.0
149.7485262578258,522.0,0.0,duct_filler,0,1247.0
156.6767294881015,522.0,0.0,duct_filler,0,1247.0
163.60493271837686,522.0,0.0,duct_filler,0,1247.0
170.53313594865233,522.0,0.0,duct_filler,0,1247.0
177.4613391789278,522.0,0.0,duct_filler,0,1247.0
184.38954240920327,522.0,0.0,duct_filler,0,1247.0
191.31774563947874,522.0,0.0,duct_filler,0,1247.0
198.24594886975422,522.0,0.0,duct_filler,0,1247.0
205.1741521000298,522.0,0.0,duct_filler,0,1247.0
212.10235533030504,522.0,0.0,duct_filler,0,1247.0
219.03055856058074,522.0,0.0,duct_filler,0,1247.0
225.9587617908561,522.0,0.0,duct_filler,0,1247.0
232.88696502113157,522.0,0.0,duct_filler,0,1247.0
239.81516825140704,522.0,0.0,duct_filler,0,1247.0
246.74337148168252,522.0,0.0,duct_filler,0,1247.0
253.671574711958,522.0,0.0,duct_filler,0,1247.0
260.5997779422336,522.0,0.0,duct_filler,0,1247.0
267.5279811725088,522.0,0.0,duct_filler,0,1247.0
274.4561844027844,522.0,0.0,duct_filler,0,1247.0
281.3843876330599,522.0,0.0,duct_filler,0,1247.0
288.31259086333534,522.0,0.0,duct_filler,0,1247.0
295.2407940936107,522.0,0.0,duct_filler,0,1247.0
302.1689973238865,522.0,0.0,duct_filler,0,1247.0
309.097200554162,522.0,0.0,duct_filler,0,1247.0
316.02540378443734,522.0,0.0,duct_filler,0,1247.0
322.9536070147128,522.0,0.0,duct_filler,0,1247.0
329.8818102449883,522.0,0.0,duct_filler,0,1247.0
336.81001347526364,522.0,0.0,duct_filler,0,1247.0
343.7382167055391,522.0,0.0,duct_filler,0,1247.0
350.6664199358146,522.0,0.0,duct_filler,0,1247.0
357.5946231660902,522.0,0.0,duct_filler,0,1247.0
364.52282639636553,522.0,0.0,duct_filler,0,1247.0
371.451029626641,522.0,0.0,duct_filler,0,1247.0
378.3792328569165,522.0,0.0,duct_filler,0,1247.0
385.30743608719183,522.0,0.0,duct_filler,0,1247.0
392.2356393174673,522.0,0.0,duct_filler,0,1247.0
399.1638425477428,522.0,0.0,duct_filler,0,1247.0
406.09204577801836,522.0,0.0,duct_filler,0,1247.0
413.02024900829383,522.0,0.0,duct_filler,0,1247.0
419.9484522385692,522.0,0.0,duct_filler,0,1247.0
426.87665546884466,522.0,0.0,duct_filler,0,1247.0
433.80485869912013,522.0,0.0,duct_filler,0,1247.0
440.7330619293955,522.0,0.0,duct_filler,0,1247.0
447.6612651596713,522.0,0.0,duct_filler,0,1247.0
454.58946838994655,522.0,0.0,duct_filler,0,1247.0
461.51767162022213,522.0,0.0,duct_filler,0,1247.0
468.4458748504976,522.0,0.0,duct_filler,0,1247.0
475.37407808077296,522.0,0.0,duct_filler,0,1247.0
482.3022813110488,522.0,0.0,duct_filler,0,1247.0
489.23048454132436,522.0,0.0,duct_filler,0,1247.0
496.15868777160017,522.0,0.0,duct_filler,0,1247.0
503.08689100187576,522.0,0.0,duct_filler,0,1247.0
510.0150942321511,522.0,0.0,duct_filler,0,1247.0
516.9432974624267,522.0,0.0,duct_filler,0,1247.0
523.8715006927023,522.0,0.0,duct_filler,0,1247.0
530.7997039229779,522.0,0.0,duct_filler,0,1247.0
537.7279071532535,522.0,0.0,duct_filler,0,1247.0
544.6561103835293,522.0,0.0,duct_filler,0,1247.0
551.5843136138046,522.0,0.0,duct_filler,0,1247.0
-345.61800470687257,516.0,0.0,duct_filler,0,1247.0
-338.68980147659704,516.0,0.0,duct_filler,0,1247.0
-331.76159824632157,516.0,0.0,duct_filler,0,1247.0
-324.8333950160461,516.0,0.0,duct_filler,0,1247.0
-317.9051917857706,516.0,0.0,duct_filler,0,1247.0
-310.97698855549504,516.0,0.0,duct_filler,0,1247.0
-304.04878532521957,516.0,0.0,duct_filler,0,1247.0
-297.12058209494404,516.0,0.0,duct_filler,0,1247.0
-290.19237886466857,516.0,0.0,duct_filler,0,1247.0
-283.26417563439304,516.0,0.0,duct_filler,0,1247.0
-276.3359724041175,516.0,0.0,duct_filler,0,1247.0
-269.407769173842,516.0,0.0,duct_filler,0,1247.0
-262.4795659435664,516.0,0.0,duct_filler,0,1247.0
-255.55136271329087,516.0,0.0,duct_filler,0,1247.0
-248.6231594830154,516.0,0.0,duct_filler,0,1247.0
-241.69495625273993,516.0,0.0,duct_filler,0,1247.0
-234.76675302246434,516.0,0.0,duct_filler,0,1247.0
-227.83854979218881,516.0,0.0,duct_filler,0,1247.0
-220.9103465619133,516.0,0.0,duct_filler,0,1247.0
-213.98214333163776,516.0,0.0,duct_filler,0,1247.0
-207.05394010136217,516.0,0.0,duct_filler,0,1247.0
-200.1257368710867,516.0,0.0,duct_filler,0,1247.0
-193.19753364081112,516.0,0.0,duct_filler,0,1247.0
-186.26933041053564,516.0,0.0,duct_filler,0,1247.0
-179.34112718026006,516.0,0.0,duct_filler,0,1247.0
-172.41292394998464,516.0,0.0,duct_filler,0,1247.0
-165.484720719709,516.0,0.0,duct_filler,0,1247.0
-158.55651748943353,516.0,0.0,duct_filler,0,1247.0
-151.62831425915806,516.0,0.0,duct_filler,0,1247.0
-144.70011102888253,516.0,0.0,duct_filler,0,1247.0
-137.77190779860695,516.0,0.0,duct_filler,0,1247.0
-130.84370456833142,516.0,0.0,duct_filler,0,1247.0
-123.91550133805589,516.0,0.0,duct_filler,0,1247.0
-116.9872981077803,516.0,0.0,duct_filler,0,1247.0
-110.05909487750478,516.0,0.0,duct_filler,0,1247.0
-103.1308916472293,516.0,0.0,duct_filler,0,1247.0
-96.20268841695378,516.0,0.0,duct_filler,0,1247.0
-89.27448518667825,516.0,0.0,duct_filler,0,1247.0
-82.34628195640266,516.0,0.0,duct_filler,0,1247.0
-75.41807872612725,516.0,0.0,duct_filler,0,1247.0
-68.48987549585166,516.0,0.0,duct_filler,0,1247.0
-61.561672265576135,516.0,0.0,duct_filler,0,1247.0
-54.63346903530061,516.0,0.0,duct_filler,0,1247.0
-47.70526580502502,516.0,0.0,duct_filler,0,1247.0
-40.77706257474949,516.0,0.0,duct_filler,0,1247.0
-33.84885934447402,516.0,0.0,duct_filler,0,1247.0
-26.920656114198437,516.0,0.0,duct_filler,0,1247.0
-19.99245288392308,516.0,0.0,duct_filler,0,1247.0
-13.064249653647607,516.0,0.0,duct_filler,0,1247.0
-6.136046423372136,516.0,0.0,duct_filler,0,1247.0
0.7921568069033356,516.0,0.0,duct_filler,0,1247.0
7.720360037178807,516.0,0.0,duct_filler,0,1247.0
14.648563267454392,516.0,0.0,duct_filler,0,1247.0
21.57676649772975,516.0,0.0,duct_filler,0,1247.0
28.50496972800522,516.0,0.0,duct_filler,0,1247.0
35.43317295828069,516.0,0.0,duct_filler,0,1247.0
42.361376188556164,516.0,0.0,duct_filler,0,1247.0
49.289579418831636,516.0,0.0,duct_filler,0,1247.0
56.21778264910711,516.0,0.0,duct_filler,0,1247.0
63.14598587938258,516.0,0.0,duct_filler,0,1247.0
70.07418910965805,516.0,0.0,duct_filler,0,1247.0
77.00239233993341,516.0,0.0,duct_filler,0,1247.0
83.9305955702091,516.0,0.0,duct_filler,0,1247.0
90.85879880048446,516.0,0.0,duct_filler,0,1247.0
97.78700203076005,516.0,0.0,duct_filler,0,1247.0
104.71520526103541,516.0,0.0,duct_filler,0,1247.0
111.64340849131088,516.0,0.0,duct_filler,0,1247.0
118.57161172158635,516.0,0.0,duct_filler,0,1247.0
125.49981495186182,516.0,0.0,duct_filler,0,1247.0
132.4280181821373,516.0,0.0,duct_filler,0,1247.0
139.35622141241265,516.0,0.0,duct_filler,0,1247.0
146.28442464268812,516.0,0.0,duct_filler,0,1247.0
153.2126278729637,516.0,0.0,duct_filler,0,1247.0
160.14083110323918,516.0,0.0,duct_filler,0,1247.0
167.06903433351465,516.0,0.0,duct_filler,0,1247.0
173.99723756379012,516.0,0.0,duct_filler,0,1247.0
180.9254407940656,516.0,0.0,duct_filler,0,1247.0
187.85364402434107,516.0,0.0,duct_filler,0,1247.0
194.78184725461665,516.0,0.0,duct_filler,0,1247.0
201.7100504848919,516.0,0.0,duct_filler,0,1247.0
208.6382537151676,516.0,0.0,duct_filler,0,1247.0
215.56645694544295,516.0,0.0,duct_filler,0,1247.0
222.49466017571854,516.0,0.0,duct_filler,0,1247.0
229.4228634059939,516.0,0.0,duct_filler,0,1247.0
236.35106663626937,516.0,0.0,duct_filler,0,1247.0
243.27926986654484,516.0,0.0,duct_filler,0,1247.0
250.20747309682042,516.0,0.0,duct_filler,0,1247.0
257.13567632709567,516.0,0.0,duct_filler,0,1247.0
264.06387955737125,516.0,0.0,duct_filler,0,1247.0
270.9920827876467,516.0,0.0,duct_filler,0,1247.0
277.92028601792254,516.0,0.0,duct_filler,0,1247.0
284.84848924819755,516.0,0.0,duct_filler,0,1247.0
291.77669247847336,516.0,0.0,duct_filler,0,1247.0
298.70489570874884,516.0,0.0,duct_filler,0,1247.0
305.6330989390242,516.0,0.0,duct_filler,0,1247.0
312.56130216929967,516.0,0.0,duct_filler,0,1247.0
319.48950539957514,516.0,0.0,duct_filler,0,1247.0
326.4177086298505,516.0,0.0,duct_filler,0,1247.0
333.34591186012597,516.0,0.0,duct_filler,0,1247.0
340.27411509040144,516.0,0.0,duct_filler,0,1247.0
347.2023183206768,516.0,0.0,duct_filler,0,1247.0
354.1305215509524,516.0,0.0,duct_filler,0,1247.0
361.05872478122785,516.0,0.0,duct_filler,0,1247.0
367.9869280115033,516.0,0.0,duct_filler,0,1247.0
374.9151312417787,516.0,0.0,duct_filler,0,1247.0
381.8433344720544,516.0,0.0,duct_filler,0,1247.0
388.77153770232974,516.0,0.0,duct_filler,0,1247.0
395.6997409326052,516.0,0.0,duct_filler,0,1247.0
402.6279441628807,516.0,0.0,duct_filler,0,1247.0
409.55614739315604,516.0,0.0,duct_filler,0,1247.0
416.4843506234315,516.0,0.0,duct_filler,0,1247.0
423.412553853707,516.0,0.0,duct_filler,0,1247.0
430.3407570839827,516.0,0.0,duct_filler,0,1247.0
437.2689603142578,516.0,0.0,duct_filler,0,1247.0
444.1971635445336,516.0,0.0,duct_filler,0,1247.0
451.125366774809,516.0,0.0,duct_filler,0,1247.0
458.05357000508445,516.0,0.0,duct_filler,0,1247.0
464.9817732353599,516.0,0.0,duct_filler,0,1247.0
471.9099764656353,516.0,0.0,duct_filler,0,1247.0
478.83817969591087,516.0,0.0,duct_filler,0,1247.0
485.7663829261867,516.0,0.0,duct_filler,0,1247.0
492.6945861564618,516.0,0.0,duct_filler,0,1247.0
499.6227893867376,516.0,0.0,duct_filler,0,1247.0
506.5509926170132,516.0,0.0,duct_filler,0,1247.0
513.4791958472888,516.0,0.0,duct_filler,0,1247.0
520.4073990775644,516.0,0.0,duct_filler,0,1247.0
527.33560230784,516.0,0.0,duct_filler,0,1247.0
534.2638055381158,516.0,0.0,duct_filler,0,1247.0
541.1920087683911,516.0,0.0,duct_filler,0,1247.0
548.1202119986667,516.0,0.0,duct_filler,0,1247.0
-335.22569986145925,510.0,0.0,duct_filler,0,1247.0
-328.29749663118383,510.0,0.0,duct_filler,0,1247.0
-321.3692934009083,510.0,0.0,duct_filler,0,1247.0
-314.44109017063283,510.0,0.0,duct_filler,0,1247.0
-307.51288694035725,510.0,0.0,duct_filler,0,1247.0
-300.5846837100818,510.0,0.0,duct_filler,0,1247.0
-293.6564804798063,510.0,0.0,duct_filler,0,1247.0
-286.7282772495308,510.0,0.0,duct_filler,0,1247.0
-279.80007401925525,510.0,0.0,duct_filler,0,1247.0
-272.8718707889797,510.0,0.0,duct_filler,0,1247.0
-265.9436675587042,510.0,0.0,duct_filler,0,1247.0
-259.01546432842866,510.0,0.0,duct_filler,0,1247.0
-252.0872610981532,510.0,0.0,duct_filler,0,1247.0
-245.15905786787755,510.0,0.0,duct_filler,0,1247.0
-238.23085463760208,510.0,0.0,duct_filler,0,1247.0
-231.30265140732655,510.0,0.0,duct_filler,0,1247.0
-224.37444817705102,510.0,0.0,duct_filler,0,1247.0
-217.4462449467755,510.0,0.0,duct_filler,0,1247.0
-210.51804171649997,510.0,0.0,duct_filler,0,1247.0
-203.58983848622438,510.0,0.0,duct_filler,0,1247.0
-196.6616352559489,510.0,0.0,duct_filler,0,1247.0
-189.73343202567332,510.0,0.0,duct_filler,0,1247.0
-182.8052287953978,510.0,0.0,duct_filler,0,1247.0
-175.87702556512232,510.0,0.0,duct_filler,0,1247.0
-168.9488223348468,510.0,0.0,duct_filler,0,1247.0
-162.02061910457127,510.0,0.0,duct_filler,0,1247.0
-155.09241587429574,510.0,0.0,duct_filler,0,1247.0
-148.1642126440201,510.0,0.0,duct_filler,0,1247.0
-141.23600941374474,510.0,0.0,duct_filler,0,1247.0
-134.3078061834692,510.0,0.0,duct_filler,0,1247.0
-127.37960295319363,510.0,0.0,duct_filler,0,1247.0
-120.4513997229181,510.0,0.0,duct_filler,0,1247.0
-113.52319649264263,510.0,0.0,duct_filler,0,1247.0
-106.5949932623671,510.0,0.0,duct_filler,0,1247.0
-99.66679003209157,510.0,0.0,duct_filler,0,1247.0
-92.73858680181598,510.0,0.0,duct_filler,0,1247.0
-85.81038357154046,510.0,0.0,duct_filler,0,1247.0
-78.88218034126493,510.0,0.0,duct_filler,0,1247.0
-71.95397711098934,510.0,0.0,duct_filler,0,1247.0
-65.02577388071381,510.0,0.0,duct_filler,0,1247.0
-58.09757065043834,510.0,0.0,duct_filler,0,1247.0
-51.169367420162814,510.0,0.0,duct_filler,0,1247.0
-44.241164189887286,510.0,0.0,duct_filler,0,1247.0
-37.3129609596117,510.0,0.0,duct_filler,0,1247.0
-30.384757729336343,510.0,0.0,duct_filler,0,1247.0
-23.45655449906087,510.0,0.0,duct_filler,0,1247.0
-16.5283512687854,510.0,0.0,duct_filler,0,1247.0
-9.600148038509928,510.0,0.0,duct_filler,0,1247.0
-2.671944808234457,510.0,0.0,duct_filler,0,1247.0
4.256258422040901,510.0,0.0,duct_filler,0,1247.0
11.184461652316372,510.0,0.0,duct_filler,0,1247.0
18.112664882591957,510.0,0.0,duct_filler,0,1247.0
25.040868112867543,510.0,0.0,duct_filler,0,1247.0
31.9690713431429,510.0,0.0,duct_filler,0,1247.0
38.89727457341837,510.0,0.0,duct_filler,0,1247.0
45.82547780369384,510.0,0.0,duct_filler,0,1247.0
52.753681033969315,510.0,0.0,duct_filler,0,1247.0
59.6818842642449,510.0,0.0,duct_filler,0,1247.0
66.61008749452026,510.0,0.0,duct_filler,0,1247.0
73.53829072479573,510.0,0.0,duct_filler,0,1247.0
80.4664939550712,510.0,0.0,duct_filler,0,1247.0
87.39469718534656,510.0,0.0,duct_filler,0,1247.0
94.32290041562203,510.0,0.0,duct_filler,0,1247.0
101.25110364589762,510.0,0.0,duct_filler,0,1247.0
108.17930687617309,510.0,0.0,duct_filler,0,1247.0
115.10751010644856,510.0,0.0,duct_filler,0,1247.0
122.03571333672403,510.0,0.0,duct_filler,0,1247.0
128.9639165669995,510.0,0.0,duct_filler,0,1247.0
135.89211979727497,510.0,0.0,duct_filler,0,1247.0
142.82032302755056,510.0,0.0,duct_filler,0,1247.0
149.7485262578258,510.0,0.0,duct_filler,0,1247.0
156.6767294881015,510.0,0.0,duct_filler,0,1247.0
163.60493271837686,510.0,0.0,duct_filler,0,1247.0
170.53313594865233,510.0,0.0,duct_filler,0,1247.0
177.4613391789278,510.0,0.0,duct_filler,0,1247.0
184.38954240920327,510.0,0.0,duct_filler,0,1247.0
191.31774563947874,510.0,0.0,duct_filler,0,1247.0
198.24594886975422,510.0,0.0,duct_filler,0,1247.0
205.1741521000298,510.0,0.0,duct_filler,0,1247.0
212.10235533030504,510.0,0.0,duct_filler,0,1247.0
219.03055856058074,510.0,0.0,duct_filler,0,1247.0
225.9587617908561,510.0,0.0,duct_filler,0,1247.0
232.88696502113157,510.0,0.0,duct_filler,0,1247.0
239.81516825140704,510.0,0.0,duct_filler,0,1247.0
246.74337148168252,510.0,0.0,duct_filler,0,1247.0
253.671574711958,510.0,0.0,duct_filler,0,1247.0
260.5997779422336,510.0,0.0,duct_filler,0,1247.0
267.5279811725088,510.0,0.0,duct_filler,0,1247.0
274.4561844027844,510.0,0.0,duct_filler,0,1247.0
281.3843876330599,510.0,0.0,duct_filler,0,1247.0
288.31259086333534,510.0,0.0,duct_filler,0,1247.0
295.2407940936107,510.0,0.0,duct_filler,0,1247.0
302.1689973238865,510.0,0.0,duct_filler,0,1247.0
309.097200554162,510.0,0.0,duct_filler,0,1247.0
316.02540378443734,510.0,0.0,duct_filler,0,1247.0
322.9536070147128,510.0,0.0,duct_filler,0,1247.0
329.8818102449883,510.0,0.0,duct_filler,0,1247.0
336.81001347526364,510.0,0.0,duct_filler,0,1247.0
343.7382167055391,510.0,0.0,duct_filler,0,1247.0
350.6664199358146,510.0,0.0,duct_filler,0,1247.0
357.5946231660902,510.0,0.0,duct_filler,0,1247.0
364.52282639636553,510.0,0.0,duct_filler,0,1247.0
371.451029626641,510.0,0.0,duct_filler,0,1247.0
378.3792328569165,510.0,0.0,duct_filler,0,1247.0
385.30743608719183,510.0,0.0,duct_filler,0,1247.0
392.2356393174673,510.0,0.0,duct_filler,0,1247.0
399.1638425477428,510.0,0.0,duct_filler,0,1247.0
406.09204577801836,510.0,0.0,duct_filler,0,1247.0
413.02024900829383,510.0,0.0,duct_filler,0,1247.0
419.9484522385692,510.0,0.0,duct_filler,0,1247.0
426.87665546884466,510.0,0.0,duct_filler,0,1247.0
433.80485869912013,510.0,0.0,duct_filler,0,1247.0
440.7330619293955,510.0,0.0,duct_filler,0,1247.0
447.6612651596713,510.0,0.0,duct_filler,0,1247.0
454.58946838994655,510.0,0.0,duct_filler,0,1247.0
461.51767162022213,510.0,0.0,duct_filler,0,1247.0
468.4458748504976,510.0,0.0,duct_filler,0,1247.0
475.37407808077296,510.0,0.0,duct_filler,0,1247.0
482.3022813110488,510.0,0.0,duct_filler,0,1247.0
489.23048454132436,510.0,0.0,duct_filler,0,1247.0
496.15868777160017,510.0,0.0,duct_filler,0,1247.0
503.08689100187576,510.0,0.0,duct_filler,0,1247.0
510.0150942321511,510.0,0.0,duct_filler,0,1247.0
516.9432974624267,510.0,0.0,duct_filler,0,1247.0
523.8715006927023,510.0,0.0,duct_filler,0,1247.0
530.7997039229779,510.0,0.0,duct_filler,0,1247.0
537.7279071532535,510.0,0.0,duct_filler,0,1247.0
544.6561103835293,510.0,0.0,duct_filler,0,1247.0
551.5843136138046,510.0,0.0,duct_filler,0,1247.0
-324.8333950160461,504.0,0.0,duct_filler,0,1247.0
-317.9051917857706,504.0,0.0,duct_filler,0,1247.0
-310.97698855549504,504.0,0.0,duct_filler,0,1247.0
-304.04878532521957,504.0,0.0,duct_filler,0,1247.0
-297.12058209494404,504.0,0.0,duct_filler,0,1247.0
-290.19237886466857,504.0,0.0,duct_filler,0,1247.0
-283.26417563439304,504.0,0.0,duct_filler,0,1247.0
-276.3359724041175,504.0,0.0,duct_filler,0,1247.0
-269.407769173842,504.0,0.0,duct_filler,0,1247.0
-262.4795659435664,504.0,0.0,duct_filler,0,1247.0
-255.55136271329087,504.0,0.0,duct_filler,0,1247.0
-248.6231594830154,504.0,0.0,duct_filler,0,1247.0
-241.69495625273993,504.0,0.0,duct_filler,0,1247.0
-234.76675302246434,504.0,0.0,duct_filler,0,1247.0
-227.83854979218881,504.0,0.0,duct_filler,0,1247.0
-220.9103465619133,504.0,0.0,duct_filler,0,1247.0
-213.98214333163776,504.0,0.0,duct_filler,0,1247.0
-207.05394010136217,504.0,0.0,duct_filler,0,1247.0
-200.1257368710867,504.0,0.0,duct_filler,0,1247.0
-193.19753364081112,504.0,0.0,duct_filler,0,1247.0
-186.26933041053564,504.0,0.0,duct_filler,0,1247.0
-179.34112718026006,504.0,0.0,duct_filler,0,1247.0
-172.41292394998464,504.0,0.0,duct_filler,0,1247.0
-165.484720719709,504.0,0.0,duct_filler,0,1247.0
-158.55651748943353,504.0,0.0,duct_filler,0,1247.0
-151.62831425915806,504.0,0.0,duct_filler,0,1247.0
-144.70011102888253,504.0,0.0,duct_filler,0,1247.0
-137.77190779860695,504.0,0.0,duct_filler,0,1247.0
-130.84370456833142,504.0,0.0,duct_filler,0,1247.0
-123.91550133805589,504.0,0.0,duct_filler,0,1247.0
-116.9872981077803,504.0,0.0,duct_filler,0,1247.0
-110.05909487750478,504.0,0.0,duct_filler,0,1247.0
-103.1308916472293,504.0,0.0,duct_filler,0,1247.0
-96.20268841695378,504.0,0.0,duct_filler,0,1247.0
-89.27448518667825,504.0,0.0,duct_filler,0,1247.0
-82.34628195640266,504.0,0.0,duct_filler,0,1247.0
-75.41807872612725,504.0,0.0,duct_filler,0,1247.0
-68.48987549585166,504.0,0.0,duct_filler,0,1247.0
-61.561672265576135,504.0,0.0,duct_filler,0,1247.0
-54.63346903530061,504.0,0.0,duct_filler,0,1247.0
-47.70526580502502,504.0,0.0,duct_filler,0,1247.0
-40.77706257474949,504.0,0.0,duct_filler,0,1247.0
-33.84885934447402,504.0,0.0,duct_filler,0,1247.0
-26.920656114198437,504.0,0.0,duct_filler,0,1247.0
-19.99245288392308,504.0,0.0,duct_filler,0,1247.0
-13.064249653647607,504.0,0.0,duct_filler,0,1247.0
-6.136046423372136,504.0,0.0,duct_filler,0,1247.0
0.7921568069033356,504.0,0.0,duct_filler,0,1247.0
7.720360037178807,504.0,0.0,duct_filler,0,1247.0
14.648563267454392,504.0,0.0,duct_filler,0,1247.0
21.57676649772975,504.0,0.0,duct_filler,0,1247.0
28.50496972800522,504.0,0.0,duct_filler,0,1247.0
35.43317295828069,504.0,0.0,duct_filler,0,1247.0
42.361376188556164,504.0,0.0,duct_filler,0,1247.0
49.289579418831636,504.0,0.0,duct_filler,0,1247.0
56.21778264910711,504.0,0.0,duct_filler,0,1247.0
63.14598587938258,504.0,0.0,duct_filler,0,1247.0
70.07418910965805,504.0,0.0,duct_filler,0,1247.0
77.00239233993341,504.0,0.0,duct_filler,0,1247.0
83.9305955702091,504.0,0.0,duct_filler,0,1247.0
90.85879880048446,504.0,0.0,duct_filler,0,1247.0
97.78700203076005,504.0,0.0,duct_filler,0,1247.0
104.71520526103541,504.0,0.0,duct_filler,0,1247.0
111.64340849131088,504.0,0.0,duct_filler,0,1247.0
118.57161172158635,504.0,0.0,duct_filler,0,1247.0
125.49981495186182,504.0,0.0,duct_filler,0,1247.0
132.4280181821373,504.0,0.0,duct_filler,0,1247.0
139.35622141241265,504.0,0.0,duct_filler,0,1247.0
146.28442464268812,504.0,0.0,duct_filler,0,1247.0
153.2126278729637,504.0,0.0,duct_filler,0,1247.0
160.14083110323918,504.0,0.0,duct_filler,0,1247.0
167.06903433351465,504.0,0.0,duct_filler,0,1247.0
173.99723756379012,504.0,0.0,duct_filler,0,1247.0
180.9254407940656,504.0,0.0,duct_filler,0,1247.0
194.78184725461665,504.0,0.0,duct_filler,0,1247.0
201.7100504848919,504.0,0.0,duct_filler,0,1247.0
208.6382537151676,504.0,0.0,duct_filler,0,1247.0
215.56645694544295,504.0,0.0,duct_filler,0,1247.0
222.49466017571854,504.0,0.0,duct_filler,0,1247.0
229.4228634059939,504.0,0.0,duct_filler,0,1247.0
236.35106663626937,504.0,0.0,duct_filler,0,1247.0
243.27926986654484,504.0,0.0,duct_filler,0,1247.0
250.20747309682042,504.0,0.0,duct_filler,0,1247.0
257.13567632709567,504.0,0.0,duct_filler,0,1247.0
264.06387955737125,504.0,0.0,duct_filler,0,1247.0
270.9920827876467,504.0,0.0,duct_filler,0,1247.0
277.92028601792254,504.0,0.0,duct_filler,0,1247.0
284.84848924819755,504.0,0.0,duct_filler,0,1247.0
291.77669247847336,504.0,0.0,duct_filler,0,1247.0
298.70489570874884,504.0,0.0,duct_filler,0,1247.0
305.6330989390242,504.0,0.0,duct_filler,0,1247.0
312.56130216929967,504.0,0.0,duct_filler,0,1247.0
319.48950539957514,504.0,0.0,duct_filler,0,1247.0
326.4177086298505,504.0,0.0,duct_filler,0,1247.0
333.34591186012597,504.0,0.0,duct_filler,0,1247.0
340.27411509040144,504.0,0.0,duct_filler,0,1247.0
347.2023183206768,504.0,0.0,duct_filler,0,1247.0
354.1305215509524,504.0,0.0,duct_filler,0,1247.0
361.05872478122785,504.0,0.0,duct_filler,0,1247.0
367.9869280115033,504.0,0.0,duct_filler,0,1247.0
374.9151312417787,504.0,0.0,duct_filler,0,1247.0
381.8433344720544,504.0,0.0,duct_filler,0,1247.0
388.77153770232974,504.0,0.0,duct_filler,0,1247.0
395.6997409326052,504.0,0.0,duct_filler,0,1247.0
402.6279441628807,504.0,0.0,duct_filler,0,1247.0
409.55614739315604,504.0,0.0,duct_filler,0,1247.0
416.4843506234315,504.0,0.0,duct_filler,0,1247.0
423.412553853707,504.0,0.0,duct_filler,0,1247.0
430.3407570839827,504.0,0.0,duct_filler,0,1247.0
437.2689603142578,504.0,0.0,duct_filler,0,1247.0
444.1971635445336,504.0,0.0,duct_filler,0,1247.0
451.125366774809,504.0,0.0,duct_filler,0,1247.0
458.05357000508445,504.0,0.0,duct_filler,0,1247.0
464.9817732353599,504.0,0.0,duct_filler,0,1247.0
471.9099764656353,504.0,0.0,duct_filler,0,1247.0
478.83817969591087,504.0,0.0,duct_filler,0,1247.0
485.7663829261867,504.0,0.0,duct_filler,0,1247.0
492.6945861564618,504.0,0.0,duct_filler,0,1247.0
499.6227893867376,504.0,0.0,duct_filler,0,1247.0
506.5509926170132,504.0,0.0,duct_filler,0,1247.0
513.4791958472888,504.0,0.0,duct_filler,0,1247.0
520.4073990775644,504.0,0.0,duct_filler,0,1247.0
527.33560230784,504.0,0.0,duct_filler,0,1247.0
534.2638055381158,504.0,0.0,duct_filler,0,1247.0
541.1920087683911,504.0,0.0,duct_filler,0,1247.0
548.1202119986667,504.0,0.0,duct_filler,0,1247.0
-321.3692934009083,498.0,0.0,duct_filler,0,1247.0
-314.44109017063283,498.0,0.0,duct_filler,0,1247.0
-307.51288694035725,498.0,0.0,duct_filler,0,1247.0
-300.5846837100818,498.0,0.0,duct_filler,0,1247.0
-293.6564804798063,498.0,0.0,duct_filler,0,1247.0
-286.7282772495308,498.0,0.0,duct_filler,0,1247.0
-279.80007401925525,498.0,0.0,duct_filler,0,1247.0
-272.8718707889797,498.0,0.0,duct_filler,0,1247.0
-265.9436675587042,498.0,0.0,duct_filler,0,1247.0
-259.01546432842866,498.0,0.0,duct_filler,0,1247.0
-252.0872610981532,498.0,0.0,duct_filler,0,1247.0
-245.15905786787755,498.0,0.0,duct_filler,0,1247.0
-238.23085463760208,498.0,0.0,duct_filler,0,1247.0
-231.30265140732655,498.0,0.0,duct_filler,0,1247.0
-224.37444817705102,498.0,0.0,duct_filler,0,1247.0
-217.4462449467755,498.0,0.0,duct_filler,0,1247.0
-210.51804171649997,498.0,0.0,duct_filler,0,1247.0
-203.58983848622438,498.0,0.0,duct_filler,0,1247.0
-196.6616352559489,498.0,0.0,duct_filler,0,1247.0
-189.73343202567332,498.0,0.0,duct_filler,0,1247.0
-182.8052287953978,498.0,0.0,duct_filler,0,1247.0
-175.87702556512232,498.0,0.0,duct_filler,0,1247.0
-168.9488223348468,498.0,0.0,duct_filler,0,1247.0
-162.02061910457127,498.0,0.0,duct_filler,0,1247.0
-155.09241587429574,498.0,0.0,duct_filler,0,1247.0
-148.1642126440201,498.0,0.0,duct_filler,0,1247.0
-141.23600941374474,498.0,0.0,duct_filler,0,1247.0
-134.3078061834692,498.0,0.0,duct_filler,0,1247.0
-127.37960295319363,498.0,0.0,duct_filler,0,1247.0
-120.4513997229181,498.0,0.0,duct_filler,0,1247.0
-113.52319649264263,498.0,0.0,duct_filler,0,1247.0
-106.5949932623671,498.0,0.0,duct_filler,0,1247.0
-99.66679003209157,498.0,0.0,duct_filler,0,1247.0
-92.73858680181598,498.0,0.0,duct_filler,0,1247.0
-85.81038357154046,498.0,0.0,duct_filler,0,1247.0
-78.88218034126493,498.0,0.0,duct_filler,0,1247.0
-71.95397711098934,498.0,0.0,duct_filler,0,1247.0
-65.02577388071381,498.0,0.0,duct_filler,0,1247.0
-58.09757065043834,498.0,0.0,duct_filler,0,1247.0
-51.169367420162814,498.0,0.0,duct_filler,0,1247.0
-44.241164189887286,498.0,0.0,duct_filler,0,1247.0
-37.3129609596117,498.0,0.0,duct_filler,0,1247.0
-30.384757729336343,498.0,0.0,duct_filler,0,1247.0
-23.45655449906087,498.0,0.0,duct_filler,0,1247.0
-16.5283512687854,498.0,0.0,duct_filler,0,1247.0
-9.600148038509928,498.0,0.0,duct_filler,0,1247.0
-2.671944808234457,498.0,0.0,duct_filler,0,1247.0
4.256258422040901,498.0,0.0,duct_filler,0,1247.0
11.184461652316372,498.0,0.0,duct_filler,0,1247.0
18.112664882591957,498.0,0.0,duct_filler,0,1247.0
25.040868112867543,498.0,0.0,duct_filler,0,1247.0
31.9690713431429,498.0,0.0,duct_filler,0,1247.0
38.89727457341837,498.0,0.0,duct_filler,0,1247.0
45.82547780369384,498.0,0.0,duct_filler,0,1247.0
52.753681033969315,498.0,0.0,duct_filler,0,1247.0
59.6818842642449,498.0,0.0,duct_filler,0,1247.0
66.61008749452026,498.0,0.0,duct_filler,0,1247.0
73.53829072479573,498.0,0.0,duct_filler,0,1247.0
80.4664939550712,498.0,0.0,duct_filler,0,1247.0
87.39469718534656,498.0,0.0,duct_filler,0,1247.0
94.32290041562203,498.0,0.0,duct_filler,0,1247.0
101.25110364589762,498.0,0.0,duct_filler,0,1247.0
108.17930687617309,498.0,0.0,duct_filler,0,1247.0
115.10751010644856,498.0,0.0,duct_filler,0,1247.0
122.03571333672403,498.0,0.0,duct_filler,0,1247.0
128.9639165669995,498.0,0.0,duct_filler,0,1247.0
135.89211979727497,498.0,0.0,duct_filler,0,1247.0
142.82032302755056,498.0,0.0,duct_filler,0,1247.0
149.7485262578258,498.0,0.0,duct_filler,0,1247.0
156.6767294881015,498.0,0.0,duct_filler,0,1247.0
163.60493271837686,498.0,0.0,duct_filler,0,1247.0
170.53313594865233,498.0,0.0,duct_filler,0,1247.0
177.4613391789278,498.0,0.0,duct_filler,0,1247.0
205.1741521000298,498.0,0.0,duct_filler,0,1247.0
212.10235533030504,498.0,0.0,duct_filler,0,1247.0
219.03055856058074,498.0,0.0,duct_filler,0,1247.0
225.9587617908561,498.0,0.0,duct_filler,0,1247.0
232.88696502113157,498.0,0.0,duct_filler,0,1247.0
239.81516825140704,498.0,0.0,duct_filler,0,1247.0
246.74337148168252,498.0,0.0,duct_filler,0,1247.0
253.671574711958,498.0,0.0,duct_filler,0,1247.0
260.5997779422336,498.0,0.0,duct_filler,0,1247.0
267.5279811725088,498.0,0.0,duct_filler,0,1247.0
274.4561844027844,498.0,0.0,duct_filler,0,1247.0
281.3843876330599,498.0,0.0,duct_filler,0,1247.0
288.31259086333534,498.0,0.0,duct_filler,0,1247.0
295.2407940936107,498.0,0.0,duct_filler,0,1247.0
302.1689973238865,498.0,0.0,duct_filler,0,1247.0
309.097200554162,498.0,0.0,duct_filler,0,1247.0
316.02540378443734,498.0,0.0,duct_filler,0,1247.0
322.9536070147128,498.0,0.0,duct_filler,0,1247.0
329.8818102449883,498.0,0.0,duct_filler,0,1247.0
336.81001347526364,498.0,0.0,duct_filler,0,1247.0
343.7382167055391,498.0,0.0,duct_filler,0,1247.0
350.6664199358146,498.0,0.0,duct_filler,0,1247.0
357.5946231660902,498.0,0.0,duct_filler,0,1247.0
364.52282639636553,498.0,0.0,duct_filler,0,1247.0
371.451029626641,498.0,0.0,duct_filler,0,1247.0
378.3792328569165,498.0,0.0,duct_filler,0,1247.0
385.30743608719183,498.0,0.0,duct_filler,0,1247.0
392.2356393174673,498.0,0.0,duct_filler,0,1247.0
399.1638425477428,498.0,0.0,duct_filler,0,1247.0
406.09204577801836,498.0,0.0,duct_filler,0,1247.0
413.02024900829383,498.0,0.0,duct_filler,0,1247.0
419.9484522385692,498.0,0.0,duct_filler,0,1247.0
426.87665546884466,498.0,0.0,duct_filler,0,1247.0
433.80485869912013,498.0,0.0,duct_filler,0,1247.0
440.7330619293955,498.0,0.0,duct_filler,0,1247.0
447.6612651596713,498.0,0.0,duct_filler,0,1247.0
454.58946838994655,498.0,0.0,duct_filler,0,1247.0
461.51767162022213,498.0,0.0,duct_filler,0,1247.0
468.4458748504976,498.0,0.0,duct_filler,0,1247.0
475.37407808077296,498.0,0.0,duct_filler,0,1247.0
482.3022813110488,498.0,0.0,duct_filler,0,1247.0
489.23048454132436,498.0,0.0,duct_filler,0,1247.0
496.15868777160017,498.0,0.0,duct_filler,0,1247.0
503.08689100187576,498.0,0.0,duct_filler,0,1247.0
510.0150942321511,498.0,0.0,duct_filler,0,1247.0
516.9432974624267,498.0,0.0,duct_filler,0,1247.0
523.8715006927023,498.0,0.0,duct_filler,0,1247.0
530.7997039229779,498.0,0.0,duct_filler,0,1247.0
537.7279071532535,498.0,0.0,duct_filler,0,1247.0
544.6561103835293,498.0,0.0,duct_filler,0,1247.0
551.5843136138046,498.0,0.0,duct_filler,0,1247.0
-310.97698855549504,492.0,0.0,duct_filler,0,1247.0
-304.04878532521957,492.0,0.0,duct_filler,0,1247.0
-297.12058209494404,492.0,0.0,duct_filler,0,1247.0
-290.19237886466857,492.0,0.0,duct_filler,0,1247.0
-283.26417563439304,492.0,0.0,duct_filler,0,1247.0
-276.3359724041175,492.0,0.0,duct_filler,0,1247.0
-269.407769173842,492.0,0.0,duct_filler,0,1247.0
-262.4795659435664,492.0,0.0,duct_filler,0,1247.0
-255.55136271329087,492.0,0.0,duct_filler,0,1247.0
-248.6231594830154,492.0,0.0,duct_filler,0,1247.0
-241.69495625273993,492.0,0.0,duct_filler,0,1247.0
-234.76675302246434,492.0,0.0,duct_filler,0,1247.0
-227.83854979218881,492.0,0.0,duct_filler,0,1247.0
-220.9103465619133,492.0,0.0,duct_filler,0,1247.0
-213.98214333163776,492.0,0.0,duct_filler,0,1247.0
-207.05394010136217,492.0,0.0,duct_filler,0,1247.0
-200.1257368710867,492.0,0.0,duct_filler,0,1247.0
-193.19753364081112,492.0,0.0,duct_filler,0,1247.0
-186.26933041053564,492.0,0.0,duct_filler,0,1247.0
-179.34112718026006,492.0,0.0,duct_filler,0,1247.0
-172.41292394998464,492.0,0.0,duct_filler,0,1247.0
-165.484720719709,492.0,0.0,duct_filler,0,1247.0
-158.55651748943353,492.0,0.0,duct_filler,0,1247.0
-151.62831425915806,492.0,0.0,duct_filler,0,1247.0
-144.70011102888253,492.0,0.0,duct_filler,0,1247.0
-137.77190779860695,492.0,0.0,duct_filler,0,1247.0
-130.84370456833142,492.0,0.0,duct_filler,0,1247.0
-123.91550133805589,492.0,0.0,duct_filler,0,1247.0
-116.9872981077803,492.0,0.0,duct_filler,0,1247.0
-110.05909487750478,492.0,0.0,duct_filler,0,1247.0
-103.1308916472293,492.0,0.0,duct_filler,0,1247.0
-96.20268841695378,492.0,0.0,duct_filler,0,1247.0
-89.27448518667825,492.0,0.0,duct_filler,0,1247.0
-82.34628195640266,492.0,0.0,duct_filler,0,1247.0
-75.41807872612725,492.0,0.0,duct_filler,0,1247.0
-68.48987549585166,492.0,0.0,duct_filler,0,1247.0
-61.561672265576135,492.0,0.0,duct_filler,0,1247.0
-54.63346903530061,492.0,0.0,duct_filler,0,1247.0
-47.70526580502502,492.0,0.0,duct_filler,0,1247.0
-40.77706257474949,492.0,0.0,duct_filler,0,1247.0
-33.84885934447402,492.0,0.0,duct_filler,0,1247.0
-26.920656114198437,492.0,0.0,duct_filler,0,1247.0
-19.99245288392308,492.0,0.0,duct_filler,0,1247.0
-13.064249653647607,492.0,0.0,duct_filler,0,1247.0
-6.136046423372136,492.0,0.0,duct_filler,0,1247.0
0.7921568069033356,492.0,0.0,duct_filler,0,1247.0
7.720360037178807,492.0,0.0,duct_filler,0,1247.0
14.648563267454392,492.0,0.0,duct_filler,0,1247.0
21.57676649772975,492.0,0.0,duct_filler,0,1247.0
28.50496972800522,492.0,0.0,duct_filler,0,1247.0
35.43317295828069,492.0,0.0,duct_filler,0,1247.0
42.361376188556164,492.0,0.0,duct_filler,0,1247.0
49.289579418831636,492.0,0.0,duct_filler,0,1247.0
56.21778264910711,492.0,0.0,duct_filler,0,1247.0
63.14598587938258,492.0,0.0,duct_filler,0,1247.0
70.07418910965805,492.0,0.0,duct_filler,0,1247.0
77.00239233993341,492.0,0.0,duct_filler,0,1247.0
83.9305955702091,492.0,0.0,duct_filler,0,1247.0
90.85879880048446,492.0,0.0,duct_filler,0,1247.0
97.78700203076005,492.0,0.0,duct_filler,0,1247.0
104.71520526103541,492.0,0.0,duct_filler,0,1247.0
111.64340849131088,492.0,0.0,duct_filler,0,1247.0
118.57161172158635,492.0,0.0,duct_filler,0,1247.0
125.49981495186182,492.0,0.0,duct_filler,0,1247.0
132.4280181821373,492.0,0.0,duct_filler,0,1247.0
139.35622141241265,492.0,0.0,duct_filler,0,1247.0
146.28442464268812,492.0,0.0,duct_filler,0,1247.0
153.2126278729637,492.0,0.0,duct_filler,0,1247.0
160.14083110323918,492.0,0.0,duct_filler,0,1247.0
167.06903433351465,492.0,0.0,duct_filler,0,1247.0
215.56645694544295,492.0,0.0,duct_filler,0,1247.0
222.49466017571854,492.0,0.0,duct_filler,0,1247.0
229.4228634059939,492.0,0.0,duct_filler,0,1247.0
236.35106663626937,492.0,0.0,duct_filler,0,1247.0
243.27926986654484,492.0,0.0,duct_filler,0,1247.0
250.20747309682042,492.0,0.0,duct_filler,0,1247.0
257.13567632709567,492.0,0.0,duct_filler,0,1247.0
284.84848924819755,492.0,0.0,duct_filler,0,1247.0
291.77669247847336,492.0,0.0,duct_filler,0,1247.0
298.70489570874884,492.0,0.0,duct_filler,0,1247.0
305.6330989390242,492.0,0.0,duct_filler,0,1247.0
312.56130216929967,492.0,0.0,duct_filler,0,1247.0
319.48950539957514,492.0,0.0,duct_filler,0,1247.0
326.4177086298505,492.0,0.0,duct_filler,0,1247.0
333.34591186012597,492.0,0.0,duct_filler,0,1247.0
340.27411509040144,492.0,0.0,duct_filler,0,1247.0
347.2023183206768,492.0,0.0,duct_filler,0,1247.0
354.1305215509524,492.0,0.0,duct_filler,0,1247.0
361.05872478122785,492.0,0.0,duct_filler,0,1247.0
367.9869280115033,492.0,0.0,duct_filler,0,1247.0
374.9151312417787,492.0,0.0,duct_filler,0,1247.0
381.8433344720544,492.0,0.0,duct_filler,0,1247.0
388.77153770232974,492.0,0.0,duct_filler,0,1247.0
395.6997409326052,492.0,0.0,duct_filler,0,1247.0
402.6279441628807,492.0,0.0,duct_filler,0,1247.0
409.55614739315604,492.0,0.0,duct_filler,0,1247.0
416.4843506234315,492.0,0.0,duct_filler,0,1247.0
423.412553853707,492.0,0.0,duct_filler,0,1247.0
430.3407570839827,492.0,0.0,duct_filler,0,1247.0
437.2689603142578,492.0,0.0,duct_filler,0,1247.0
444.1971635445336,492.0,0.0,duct_filler,0,1247.0
451.125366774809,492.0,0.0,duct_filler,0,1247.0
458.05357000508445,492.0,0.0,duct_filler,0,1247.0
464.9817732353599,492.0,0.0,duct_filler,0,1247.0
471.9099764656353,492.0,0.0,duct_filler,0,1247.0
478.83817969591087,492.0,0.0,duct_filler,0,1247.0
485.7663829261867,492.0,0.0,duct_filler,0,1247.0
492.6945861564618,492.0,0.0,duct_filler,0,1247.0
499.6227893867376,492.0,0.0,duct_filler,0,1247.0
506.5509926170132,492.0,0.0,duct_filler,0,1247.0
513.4791958472888,492.0,0.0,duct_filler,0,1247.0
520.4073990775644,492.0,0.0,duct_filler,0,1247.0
527.33560230784,492.0,0.0,duct_filler,0,1247.0
534.2638055381158,492.0,0.0,duct_filler,0,1247.0
541.1920087683911,492.0,0.0,duct_filler,0,1247.0
548.1202119986667,492.0,0.0,duct_filler,0,1247.0
-307.51288694035725,486.0,0.0,duct_filler,0,1247.0
-300.5846837100818,486.0,0.0,duct_filler,0,1247.0
-293.6564804798063,486.0,0.0,duct_filler,0,1247.0
-286.7282772495308,486.0,0.0,duct_filler,0,1247.0
-279.80007401925525,486.0,0.0,duct_filler,0,1247.0
-272.8718707889797,486.0,0.0,duct_filler,0,1247.0
-265.9436675587042,486.0,0.0,duct_filler,0,1247.0
-259.01546432842866,486.0,0.0,duct_filler,0,1247.0
-252.0872610981532,486.0,0.0,duct_filler,0,1247.0
-245.15905786787755,486.0,0.0,duct_filler,0,1247.0
-238.23085463760208,486.0,0.0,duct_filler,0,1247.0
-231.30265140732655,486.0,0.0,duct_filler,0,1247.0
-224.37444817705102,486.0,0.0,duct_filler,0,1247.0
-217.4462449467755,486.0,0.0,duct_filler,0,1247.0
-210.51804171649997,486.0,0.0,duct_filler,0,1247.0
-203.58983848622438,486.0,0.0,duct_filler,0,1247.0
-196.6616352559489,486.0,0.0,duct_filler,0,1247.0
-189.73343202567332,486.0,0.0,duct_filler,0,1247.0
-182.8052287953978,486.0,0.0,duct_filler,0,1247.0
-175.87702556512232,486.0,0.0,duct_filler,0,1247.0
-168.9488223348468,486.0,0.0,duct_filler,0,1247.0
-162.02061910457127,486.0,0.0,duct_filler,0,1247.0
-155.09241587429574,486.0,0.0,duct_filler,0,1247.0
-148.1642126440201,486.0,0.0,duct_filler,0,1247.0
-141.23600941374474,486.0,0.0,duct_filler,0,1247.0
-134.3078061834692,486.0,0.0,duct_filler,0,1247.0
-127.37960295319363,486.0,0.0,duct_filler,0,1247.0
-120.4513997229181,486.0,0.0,duct_filler,0,1247.0
-113.52319649264263,486.0,0.0,duct_filler,0,1247.0
-106.5949932623671,486.0,0.0,duct_filler,0,1247.0
-99.66679003209157,486.0,0.0,duct_filler,0,1247.0
-92.73858680181598,486.0,0.0,duct_filler,0,1247.0
-85.81038357154046,486.0,0.0,duct_filler,0,1247.0
-78.88218034126493,486.0,0.0,duct_filler,0,1247.0
-71.95397711098934,486.0,0.0,duct_filler,0,1247.0
-65.02577388071381,486.0,0.0,duct_filler,0,1247.0
-58.09757065043834,486.0,0.0,duct_filler,0,1247.0
-51.169367420162814,486.0,0.0,duct_filler,0,1247.0
-44.241164189887286,486.0,0.0,duct_filler,0,1247.0
-37.3129609596117,486.0,0.0,duct_filler,0,1247.0
-30.384757729336343,486.0,0.0,duct_filler,0,1247.0
-23.45655449906087,486.0,0.0,duct_filler,0,1247.0
-16.5283512687854,486.0,0.0,duct_filler,0,1247.0
-9.600148038509928,486.0,0.0,duct_filler,0,1247.0
-2.671944808234457,486.0,0.0,duct_filler,0,1247.0
4.256258422040901,486.0,0.0,duct_filler,0,1247.0
11.184461652316372,486.0,0.0,duct_filler,0,1247.0
18.112664882591957,486.0,0.0,duct_filler,0,1247.0
25.040868112867543,486.0,0.0,duct_filler,0,1247.0
31.9690713431429,486.0,0.0,duct_filler,0,1247.0
38.89727457341837,486.0,0.0,duct_filler,0,1247.0
45.82547780369384,486.0,0.0,duct_filler,0,1247.0
52.753681033969315,486.0,0.0,duct_filler,0,1247.0
59.6818842642449,486.0,0.0,duct_filler,0,1247.0
66.61008749452026,486.0,0.0,duct_filler,0,1247.0
73.53829072479573,486.0,0.0,duct_filler,0,1247.0
80.4664939550712,486.0,0.0,duct_filler,0,1247.0
87.39469718534656,486.0,0.0,duct_filler,0,1247.0
94.32290041562203,486.0,0.0,duct_filler,0,1247.0
101.25110364589762,486.0,0.0,duct_filler,0,1247.0
108.17930687617309,486.0,0.0,duct_filler,0,1247.0
115.10751010644856,486.0,0.0,duct_filler,0,1247.0
122.03571333672403,486.0,0.0,duct_filler,0,1247.0
128.9639165669995,486.0,0.0,duct_filler,0,1247.0
135.89211979727497,486.0,0.0,duct_filler,0,1247.0
142.82032302755056,486.0,0.0,duct_filler,0,1247.0
149.7485262578258,486.0,0.0,duct_filler,0,1247.0
156.6767294881015,486.0,0.0,duct_filler,0,1247.0
295.2407940936107,486.0,0.0,duct_filler,0,1247.0
302.1689973238865,486.0,0.0,duct_filler,0,1247.0
309.097200554162,486.0,0.0,duct_filler,0,1247.0
316.02540378443734,486.0,0.0,duct_filler,0,1247.0
322.9536070147128,486.0,0.0,duct_filler,0,1247.0
329.8818102449883,486.0,0.0,duct_filler,0,1247.0
336.81001347526364,486.0,0.0,duct_filler,0,1247.0
343.7382167055391,486.0,0.0,duct_filler,0,1247.0
350.6664199358146,486.0,0.0,duct_filler,0,1247.0
357.5946231660902,486.0,0.0,duct_filler,0,1247.0
364.52282639636553,486.0,0.0,duct_filler,0,1247.0
371.451029626641,486.0,0.0,duct_filler,0,1247.0
378.3792328569165,486.0,0.0,duct_filler,0,1247.0
385.30743608719183,486.0,0.0,duct_filler,0,1247.0
392.2356393174673,486.0,0.0,duct_filler,0,1247.0
399.1638425477428,486.0,0.0,duct_filler,0,1247.0
406.09204577801836,486.0,0.0,duct_filler,0,1247.0
413.02024900829383,486.0,0.0,duct_filler,0,1247.0
419.9484522385692,486.0,0.0,duct_filler,0,1247.0
426.87665546884466,486.0,0.0,duct_filler,0,1247.0
433.80485869912013,486.0,0.0,duct_filler,0,1247.0
440.7330619293955,486.0,0.0,duct_filler,0,1247.0
447.6612651596713,486.0,0.0,duct_filler,0,1247.0
454.58946838994655,486.0,0.0,duct_filler,0,1247.0
461.51767162022213,486.0,0.0,duct_filler,0,1247.0
468.4458748504976,486.0,0.0,duct_filler,0,1247.0
475.37407808077296,486.0,0.0,duct_filler,0,1247.0
482.3022813110488,486.0,0.0,duct_filler,0,1247.0
489.23048454132436,486.0,0.0,duct_filler,0,1247.0
496.15868777160017,486.0,0.0,duct_filler,0,1247.0
503.08689100187576,486.0,0.0,duct_filler,0,1247.0
510.0150942321511,486.0,0.0,duct_filler,0,1247.0
516.9432974624267,486.0,0.0,duct_filler,0,1247.0
523.8715006927023,486.0,0.0,duct_filler,0,1247.0
530.7997039229779,486.0,0.0,duct_filler,0,1247.0
537.7279071532535,486.0,0.0,duct_filler,0,1247.0
544.6561103835293,486.0,0.0,duct_filler,0,1247.0
551.5843136138046,486.0,0.0,duct_filler,0,1247.0
-498.0384757729337,480.0,0.0,duct_filler,0,1247.0
-491.1102725426582,480.0,0.0,duct_filler,0,1247.0
-463.39745962155615,480.0,0.0,duct_filler,0,1247.0
-456.4692563912806,480.0,0.0,duct_filler,0,1247.0
-435.6846467004541,480.0,0.0,duct_filler,0,1247.0
-297.12058209494404,480.0,0.0,duct_filler,0,1247.0
-290.19237886466857,480.0,0.0,duct_filler,0,1247.0
-283.26417563439304,480.0,0.0,duct_filler,0,1247.0
-276.3359724041175,480.0,0.0,duct_filler,0,1247.0
-269.407769173842,480.0,0.0,duct_filler,0,1247.0
-262.4795659435664,480.0,0.0,duct_filler,0,1247.0
-255.55136271329087,480.0,0.0,duct_filler,0,1247.0
-248.6231594830154,480.0,0.0,duct_filler,0,1247.0
-241.69495625273993,480.0,0.0,duct_filler,0,1247.0
-234.76675302246434,480.0,0.0,duct_filler,0,1247.0
-227.83854979218881,480.0,0.0,duct_filler,0,1247.0
-220.9103465619133,480.0,0.0,duct_filler,0,1247.0
-213.98214333163776,480.0,0.0,duct_filler,0,1247.0
-207.05394010136217,480.0,0.0,duct_filler,0,1247.0
-200.1257368710867,480.0,0.0,duct_filler,0,1247.0
-193.19753364081112,480.0,0.0,duct_filler,0,1247.0
-186.26933041053564,480.0,0.0,duct_filler,0,1247.0
-179.34112718026006,480.0,0.0,duct_filler,0,1247.0
-172.41292394998464,480.0,0.0,duct_filler,0,1247.0
-165.484720719709,480.0,0.0,duct_filler,0,1247.0
-158.55651748943353,480.0,0.0,duct_filler,0,1247.0
-151.62831425915806,480.0,0.0,duct_filler,0,1247.0
-144.70011102888253,480.0,0.0,duct_filler,0,1247.0
-137.77190779860695,480.0,0.0,duct_filler,0,1247.0
-130.84370456833142,480.0,0.0,duct_filler,0,1247.0
-123.91550133805589,480.0,0.0,duct_filler,0,1247.0
-116.9872981077803,480.0,0.0,duct_filler,0,1247.0
-110.05909487750478,480.0,0.0,duct_filler,0,1247.0
-103.1308916472293,480.0,0.0,duct_filler,0,1247.0
-96.20268841695378,480.0,0.0,duct_filler,0,1247.0
-89.27448518667825,480.0,0.0,duct_filler,0,1247.0
-82.34628195640266,480.0,0.0,duct_filler,0,1247.0
-75.41807872612725,480.0,0.0,duct_filler,0,1247.0
-68.48987549585166,480.0,0.0,duct_filler,0,1247.0
-61.561672265576135,480.0,0.0,duct_filler,0,1247.0
-54.63346903530061,480.0,0.0,duct_filler,0,1247.0
-47.70526580502502,480.0,0.0,duct_filler,0,1247.0
-40.77706257474949,480.0,0.0,duct_filler,0,1247.0
-33.84885934447402,480.0,0.0,duct_filler,0,1247.0
-26.920656114198437,480.0,0.0,duct_filler,0,1247.0
-19.99245288392308,480.0,0.0,duct_filler,0,1247.0
-13.064249653647607,480.0,0.0,duct_filler,0,1247.0
-6.136046423372136,480.0,0.0,duct_filler,0,1247.0
0.7921568069033356,480.0,0.0,duct_filler,0,1247.0
7.720360037178807,480.0,0.0,duct_filler,0,1247.0
14.648563267454392,480.0,0.0,duct_filler,0,1247.0
21.57676649772975,480.0,0.0,duct_filler,0,1247.0
28.50496972800522,480.0,0.0,duct_filler,0,1247.0
35.43317295828069,480.0,0.0,duct_filler,0,1247.0
42.361376188556164,480.0,0.0,duct_filler,0,1247.0
49.289579418831636,480.0,0.0,duct_filler,0,1247.0
56.21778264910711,480.0,0.0,duct_filler,0,1247.0
63.14598587938258,480.0,0.0,duct_filler,0,1247.0
70.07418910965805,480.0,0.0,duct_filler,0,1247.0
77.00239233993341,480.0,0.0,duct_filler,0,1247.0
83.9305955702091,480.0,0.0,duct_filler,0,1247.0
90.85879880048446,480.0,0.0,duct_filler,0,1247.0
97.78700203076005,480.0,0.0,duct_filler,0,1247.0
104.71520526103541,480.0,0.0,duct_filler,0,1247.0
111.64340849131088,480.0,0.0,duct_filler,0,1247.0
118.57161172158635,480.0,0.0,duct_filler,0,1247.0
125.49981495186182,480.0,0.0,duct_filler,0,1247.0
132.4280181821373,480.0,0.0,duct_filler,0,1247.0
139.35622141241265,480.0,0.0,duct_filler,0,1247.0
146.28442464268812,480.0,0.0,duct_filler,0,1247.0
298.70489570874884,480.0,0.0,duct_filler,0,1247.0
305.6330989390242,480.0,0.0,duct_filler,0,1247.0
312.56130216929967,480.0,0.0,duct_filler,0,1247.0
319.48950539957514,480.0,0.0,duct_filler,0,1247.0
326.4177086298505,480.0,0.0,duct_filler,0,1247.0
333.34591186012597,480.0,0.0,duct_filler,0,1247.0
340.27411509040144,480.0,0.0,duct_filler,0,1247.0
347.2023183206768,480.0,0.0,duct_filler,0,1247.0
354.1305215509524,480.0,0.0,duct_filler,0,1247.0
361.05872478122785,480.0,0.0,duct_filler,0,1247.0
367.9869280115033,480.0,0.0,duct_filler,0,1247.0
374.9151312417787,480.0,0.0,duct_filler,0,1247.0
381.8433344720544,480.0,0.0,duct_filler,0,1247.0
388.77153770232974,480.0,0.0,duct_filler,0,1247.0
395.6997409326052,480.0,0.0,duct_filler,0,1247.0
402.6279441628807,480.0,0.0,duct_filler,0,1247.0
409.55614739315604,480.0,0.0,duct_filler,0,1247.0
416.4843506234315,480.0,0.0,duct_filler,0,1247.0
423.412553853707,480.0,0.0,duct_filler,0,1247.0
430.3407570839827,480.0,0.0,duct_filler,0,1247.0
437.2689603142578,480.0,0.0,duct_filler,0,1247.0
444.1971635445336,480.0,0.0,duct_filler,0,1247.0
451.125366774809,480.0,0.0,duct_filler,0,1247.0
458.05357000508445,480.0,0.0,duct_filler,0,1247.0
464.9817732353599,480.0,0.0,duct_filler,0,1247.0
471.9099764656353,480.0,0.0,duct_filler,0,1247.0
478.83817969591087,480.0,0.0,duct_filler,0,1247.0
485.7663829261867,480.0,0.0,duct_filler,0,1247.0
492.6945861564618,480.0,0.0,duct_filler,0,1247.0
499.6227893867376,480.0,0.0,duct_filler,0,1247.0
506.5509926170132,480.0,0.0,duct_filler,0,1247.0
513.4791958472888,480.0,0.0,duct_filler,0,1247.0
520.4073990775644,480.0,0.0,duct_filler,0,1247.0
527.33560230784,480.0,0.0,duct_filler,0,1247.0
534.2638055381158,480.0,0.0,duct_filler,0,1247.0
541.1920087683911,480.0,0.0,duct_filler,0,1247.0
548.1202119986667,480.0,0.0,duct_filler,0,1247.0
-550.0,474.0,0.0,duct_filler,0,1247.0
-543.0717967697245,474.0,0.0,duct_filler,0,1247.0
-536.143593539449,474.0,0.0,duct_filler,0,1247.0
-529.2153903091735,474.0,0.0,duct_filler,0,1247.0
-522.287187078898,474.0,0.0,duct_filler,0,1247.0
-515.3589838486224,474.0,0.0,duct_filler,0,1247.0
-501.5025773880715,474.0,0.0,duct_filler,0,1247.0
-494.57437415779594,474.0,0.0,duct_filler,0,1247.0
-487.6461709275204,474.0,0.0,duct_filler,0,1247.0
-480.71796769724494,474.0,0.0,duct_filler,0,1247.0
-473.7897644669694,474.0,0.0,duct_filler,0,1247.0
-466.8615612366939,474.0,0.0,duct_filler,0,1247.0
-459.93335800641836,474.0,0.0,duct_filler,0,1247.0
-453.00515477614283,474.0,0.0,duct_filler,0,1247.0
-446.07695154586736,474.0,0.0,duct_filler,0,1247.0
-439.14874831559183,474.0,0.0,duct_filler,0,1247.0
-432.2205450853163,474.0,0.0,duct_filler,0,1247.0
-300.5846837100818,474.0,0.0,duct_filler,0,1247.0
-293.6564804798063,474.0,0.0,duct_filler,0,1247.0
-286.7282772495308,474.0,0.0,duct_filler,0,1247.0
-279.80007401925525,474.0,0.0,duct_filler,0,1247.0
-272.8718707889797,474.0,0.0,duct_filler,0,1247.0
-265.9436675587042,474.0,0.0,duct_filler,0,1247.0
-259.01546432842866,474.0,0.0,duct_filler,0,1247.0
-252.0872610981532,474.0,0.0,duct_filler,0,1247.0
-245.15905786787755,474.0,0.0,duct_filler,0,1247.0
-238.23085463760208,474.0,0.0,duct_filler,0,1247.0
-231.30265140732655,474.0,0.0,duct_filler,0,1247.0
-224.37444817705102,474.0,0.0,duct_filler,0,1247.0
-217.4462449467755,474.0,0.0,duct_filler,0,1247.0
-210.51804171649997,474.0,0.0,duct_filler,0,1247.0
-203.58983848622438,474.0,0.0,duct_filler,0,1247.0
-196.6616352559489,474.0,0.0,duct_filler,0,1247.0
-189.73343202567332,474.0,0.0,duct_filler,0,1247.0
-182.8052287953978,474.0,0.0,duct_filler,0,1247.0
-175.87702556512232,474.0,0.0,duct_filler,0,1247.0
-168.9488223348468,474.0,0.0,duct_filler,0,1247.0
-162.02061910457127,474.0,0.0,duct_filler,0,1247.0
-155.09241587429574,474.0,0.0,duct_filler,0,1247.0
-148.1642126440201,474.0,0.0,duct_filler,0,1247.0
-141.23600941374474,474.0,0.0,duct_filler,0,1247.0
-134.3078061834692,474.0,0.0,duct_filler,0,1247.0
-127.37960295319363,474.0,0.0,duct_filler,0,1247.0
-120.4513997229181,474.0,0.0,duct_filler,0,1247.0
-113.52319649264263,474.0,0.0,duct_filler,0,1247.0
-106.5949932623671,474.0,0.0,duct_filler,0,1247.0
-99.66679003209157,474.0,0.0,duct_filler,0,1247.0
-92.73858680181598,474.0,0.0,duct_filler,0,1247.0
-85.81038357154046,474.0,0.0,duct_filler,0,1247.0
-78.88218034126493,474.0,0.0,duct_filler,0,1247.0
-71.95397711098934,474.0,0.0,duct_filler,0,1247.0
-65.02577388071381,474.0,0.0,duct_filler,0,1247.0
-58.09757065043834,474.0,0.0,duct_filler,0,1247.0
-51.169367420162814,474.0,0.0,duct_filler,0,1247.0
-44.241164189887286,474.0,0.0,duct_filler,0,1247.0
-37.3129609596117,474.0,0.0,duct_filler,0,1247.0
-30.384757729336343,474.0,0.0,duct_filler,0,1247.0
-23.45655449906087,474.0,0.0,duct_filler,0,1247.0
-16.5283512687854,474.0,0.0,duct_filler,0,1247.0
-9.600148038509928,474.0,0.0,duct_filler,0,1247.0
-2.671944808234457,474.0,0.0,duct_filler,0,1247.0
4.256258422040901,474.0,0.0,duct_filler,0,1247.0
11.184461652316372,474.0,0.0,duct_filler,0,1247.0
18.112664882591957,474.0,0.0,duct_filler,0,1247.0
25.040868112867543,474.0,0.0,duct_filler,0,1247.0
31.9690713431429,474.0,0.0,duct_filler,0,1247.0
38.89727457341837,474.0,0.0,duct_filler,0,1247.0
45.82547780369384,474.0,0.0,duct_filler,0,1247.0
52.753681033969315,474.0,0.0,duct_filler,0,1247.0
59.6818842642449,474.0,0.0,duct_filler,0,1247.0
66.61008749452026,474.0,0.0,duct_filler,0,1247.0
73.53829072479573,474.0,0.0,duct_filler,0,1247.0
80.4664939550712,474.0,0.0,duct_filler,0,1247.0
87.39469718534656,474.0,0.0,duct_filler,0,1247.0
94.32290041562203,474.0,0.0,duct_filler,0,1247.0
101.25110364589762,474.0,0.0,duct_filler,0,1247.0
108.17930687617309,474.0,0.0,duct_filler,0,1247.0
115.10751010644856,474.0,0.0,duct_filler,0,1247.0
122.03571333672403,474.0,0.0,duct_filler,0,1247.0
128.9639165669995,474.0,0.0,duct_filler,0,1247.0
135.89211979727497,474.0,0.0,duct_filler,0,1247.0
142.82032302755056,474.0,0.0,duct_filler,0,1247.0
302.1689973238865,474.0,0.0,duct_filler,0,1247.0
309.097200554162,474.0,0.0,duct_filler,0,1247.0
316.02540378443734,474.0,0.0,duct_filler,0,1247.0
322.9536070147128,474.0,0.0,duct_filler,0,1247.0
329.8818102449883,474.0,0.0,duct_filler,0,1247.0
336.81001347526364,474.0,0.0,duct_filler,0,1247.0
343.7382167055391,474.0,0.0,duct_filler,0,1247.0
350.6664199358146,474.0,0.0,duct_filler,0,1247.0
357.5946231660902,474.0,0.0,duct_filler,0,1247.0
364.52282639636553,474.0,0.0,duct_filler,0,1247.0
371.451029626641,474.0,0.0,duct_filler,0,1247.0
378.3792328569165,474.0,0.0,duct_filler,0,1247.0
385.30743608719183,474.0,0.0,duct_filler,0,1247.0
392.2356393174673,474.0,0.0,duct_filler,0,1247.0
399.1638425477428,474.0,0.0,duct_filler,0,1247.0
406.09204577801836,474.0,0.0,duct_filler,0,1247.0
413.02024900829383,474.0,0.0,duct_filler,0,1247.0
419.9484522385692,474.0,0.0,duct_filler,0,1247.0
426.87665546884466,474.0,0.0,duct_filler,0,1247.0
433.80485869912013,474.0,0.0,duct_filler,0,1247.0
440.7330619293955,474.0,0.0,duct_filler,0,1247.0
447.6612651596713,474.0,0.0,duct_filler,0,1247.0
454.58946838994655,474.0,0.0,duct_filler,0,1247.0
461.51767162022213,474.0,0.0,duct_filler,0,1247.0
468.4458748504976,474.0,0.0,duct_filler,0,1247.0
475.37407808077296,474.0,0.0,duct_filler,0,1247.0
482.3022813110488,474.0,0.0,duct_filler,0,1247.0
489.23048454132436,474.0,0.0,duct_filler,0,1247.0
496.15868777160017,474.0,0.0,duct_filler,0,1247.0
503.08689100187576,474.0,0.0,duct_filler,0,1247.0
510.0150942321511,474.0,0.0,duct_filler,0,1247.0
516.9432974624267,474.0,0.0,duct_filler,0,1247.0
523.8715006927023,474.0,0.0,duct_filler,0,1247.0
530.7997039229779,474.0,0.0,duct_filler,0,1247.0
537.7279071532535,474.0,0.0,duct_filler,0,1247.0
544.6561103835293,474.0,0.0,duct_filler,0,1247.0
551.5843136138046,474.0,0.0,duct_filler,0,1247.0
-546.5358983848622,468.0,0.0,duct_filler,0,1247.0
-539.6076951545867,468.0,0.0,duct_filler,0,1247.0
-532.6794919243113,468.0,0.0,duct_filler,0,1247.0
-525.7512886940357,468.0,0.0,duct_filler,0,1247.0
-518.8230854637602,468.0,0.0,duct_filler,0,1247.0
-511.89488223348474,468.0,0.0,duct_filler,0,1247.0
-504.9666790032092,468.0,0.0,duct_filler,0,1247.0
-498.0384757729337,468.0,0.0,duct_filler,0,1247.0
-491.1102725426582,468.0,0.0,duct_filler,0,1247.0
-484.1820693123827,468.0,0.0,duct_filler,0,1247.0
-477.25386608210715,468.0,0.0,duct_filler,0,1247.0
-470.3256628518316,468.0,0.0,duct_filler,0,1247.0
-463.39745962155615,468.0,0.0,duct_filler,0,1247.0
-456.4692563912806,468.0,0.0,duct_filler,0,1247.0
-449.54105316100515,468.0,0.0,duct_filler,0,1247.0
-442.6128499307296,468.0,0.0,duct_filler,0,1247.0
-435.6846467004541,468.0,0.0,duct_filler,0,1247.0
-428.75644347017857,468.0,0.0,duct_filler,0,1247.0
-290.19237886466857,468.0,0.0,duct_filler,0,1247.0
-283.26417563439304,468.0,0.0,duct_filler,0,1247.0
-276.3359724041175,468.0,0.0,duct_filler,0,1247.0
-269.407769173842,468.0,0.0,duct_filler,0,1247.0
-262.4795659435664,468.0,0.0,duct_filler,0,1247.0
-255.55136271329087,468.0,0.0,duct_filler,0,1247.0
-248.6231594830154,468.0,0.0,duct_filler,0,1247.0
-241.69495625273993,468.0,0.0,duct_filler,0,1247.0
-234.76675302246434,468.0,0.0,duct_filler,0,1247.0
-227.83854979218881,468.0,0.0,duct_filler,0,1247.0
-220.9103465619133,468.0,0.0,duct_filler,0,1247.0
-213.98214333163776,468.0,0.0,duct_filler,0,1247.0
-207.05394010136217,468.0,0.0,duct_filler,0,1247.0
-200.1257368710867,468.0,0.0,duct_filler,0,1247.0
-193.19753364081112,468.0,0.0,duct_filler,0,1247.0
-186.26933041053564,468.0,0.0,duct_filler,0,1247.0
-179.34112718026006,468.0,0.0,duct_filler,0,1247.0
-172.41292394998464,468.0,0.0,duct_filler,0,1247.0
-165.484720719709,468.0,0.0,duct_filler,0,1247.0
-158.55651748943353,468.0,0.0,duct_filler,0,1247.0
-151.62831425915806,468.0,0.0,duct_filler,0,1247.0
-144.70011102888253,468.0,0.0,duct_filler,0,1247.0
-137.77190779860695,468.0,0.0,duct_filler,0,1247.0
-130.84370456833142,468.0,0.0,duct_filler,0,1247.0
-123.91550133805589,468.0,0.0,duct_filler,0,1247.0
-116.9872981077803,468.0,0.0,duct_filler,0,1247.0
-110.05909487750478,468.0,0.0,duct_filler,0,1247.0
-103.1308916472293,468.0,0.0,duct_filler,0,1247.0
-96.20268841695378,468.0,0.0,duct_filler,0,1247.0
-89.27448518667825,468.0,0.0,duct_filler,0,1247.0
-82.34628195640266,468.0,0.0,duct_filler,0,1247.0
-75.41807872612725,468.0,0.0,duct_filler,0,1247.0
-68.48987549585166,468.0,0.0,duct_filler,0,1247.0
-61.561672265576135,468.0,0.0,duct_filler,0,1247.0
-54.63346903530061,468.0,0.0,duct_filler,0,1247.0
-47.70526580502502,468.0,0.0,duct_filler,0,1247.0
-40.77706257474949,468.0,0.0,duct_filler,0,1247.0
-33.84885934447402,468.0,0.0,duct_filler,0,1247.0
-26.920656114198437,468.0,0.0,duct_filler,0,1247.0
-19.99245288392308,468.0,0.0,duct_filler,0,1247.0
-13.064249653647607,468.0,0.0,duct_filler,0,1247.0
-6.136046423372136,468.0,0.0,duct_filler,0,1247.0
0.7921568069033356,468.0,0.0,duct_filler,0,1247.0
7.720360037178807,468.0,0.0,duct_filler,0,1247.0
14.648563267454392,468.0,0.0,duct_filler,0,1247.0
21.57676649772975,468.0,0.0,duct_filler,0,1247.0
28.50496972800522,468.0,0.0,duct_filler,0,1247.0
35.43317295828069,468.0,0.0,duct_filler,0,1247.0
42.361376188556164,468.0,0.0,duct_filler,0,1247.0
49.289579418831636,468.0,0.0,duct_filler,0,1247.0
56.21778264910711,468.0,0.0,duct_filler,0,1247.0
63.14598587938258,468.0,0.0,duct_filler,0,1247.0
70.07418910965805,468.0,0.0,duct_filler,0,1247.0
77.00239233993341,468.0,0.0,duct_filler,0,1247.0
83.9305955702091,468.0,0.0,duct_filler,0,1247.0
90.85879880048446,468.0,0.0,duct_filler,0,1247.0
97.78700203076005,468.0,0.0,duct_filler,0,1247.0
104.71520526103541,468.0,0.0,duct_filler,0,1247.0
111.64340849131088,468.0,0.0,duct_filler,0,1247.0
118.57161172158635,468.0,0.0,duct_filler,0,1247.0
125.49981495186182,468.0,0.0,duct_filler,0,1247.0
132.4280181821373,468.0,0.0,duct_filler,0,1247.0
139.35622141241265,468.0,0.0,duct_filler,0,1247.0
298.70489570874884,468.0,0.0,duct_filler,0,1247.0
305.6330989390242,468.0,0.0,duct_filler,0,1247.0
312.56130216929967,468.0,0.0,duct_filler,0,1247.0
319.48950539957514,468.0,0.0,duct_filler,0,1247.0
326.4177086298505,468.0,0.0,duct_filler,0,1247.0
333.34591186012597,468.0,0.0,duct_filler,0,1247.0
340.27411509040144,468.0,0.0,duct_filler,0,1247.0
347.2023183206768,468.0,0.0,duct_filler,0,1247.0
354.1305215509524,468.0,0.0,duct_filler,0,1247.0
361.05872478122785,468.0,0.0,duct_filler,0,1247.0
367.9869280115033,468.0,0.0,duct_filler,0,1247.0
374.9151312417787,468.0,0.0,duct_filler,0,1247.0
381.8433344720544,468.0,0.0,duct_filler,0,1247.0
388.77153770232974,468.0,0.0,duct_filler,0,1247.0
395.6997409326052,468.0,0.0,duct_filler,0,1247.0
402.6279441628807,468.0,0.0,duct_filler,0,1247.0
409.55614739315604,468.0,0.0,duct_filler,0,1247.0
416.4843506234315,468.0,0.0,duct_filler,0,1247.0
423.412553853707,468.0,0.0,duct_filler,0,1247.0
430.3407570839827,468.0,0.0,duct_filler,0,1247.0
437.2689603142578,468.0,0.0,duct_filler,0,1247.0
444.1971635445336,468.0,0.0,duct_filler,0,1247.0
451.125366774809,468.0,0.0,duct_filler,0,1247.0
458.05357000508445,468.0,0.0,duct_filler,0,1247.0
464.9817732353599,468.0,0.0,duct_filler,0,1247.0
471.9099764656353,468.0,0.0,duct_filler,0,1247.0
478.83817969591087,468.0,0.0,duct_filler,0,1247.0
485.7663829261867,468.0,0.0,duct_filler,0,1247.0
492.6945861564618,468.0,0.0,duct_filler,0,1247.0
499.6227893867376,468.0,0.0,duct_filler,0,1247.0
506.5509926170132,468.0,0.0,duct_filler,0,1247.0
513.4791958472888,468.0,0.0,duct_filler,0,1247.0
520.4073990775644,468.0,0.0,duct_filler,0,1247.0
527.33560230784,468.0,0.0,duct_filler,0,1247.0
534.2638055381158,468.0,0.0,duct_filler,0,1247.0
541.1920087683911,468.0,0.0,duct_filler,0,1247.0
548.1202119986667,468.0,0.0,duct_filler,0,1247.0
-550.0,462.0,0.0,duct_filler,0,1247.0
-543.0717967697245,462.0,0.0,duct_filler,0,1247.0
-536.143593539449,462.0,0.0,duct_filler,0,1247.0
-529.2153903091735,462.0,0.0,duct_filler,0,1247.0
-522.287187078898,462.0,0.0,duct_filler,0,1247.0
-515.3589838486224,462.0,0.0,duct_filler,0,1247.0
-508.43078061834694,462.0,0.0,duct_filler,0,1247.0
-501.5025773880715,462.0,0.0,duct_filler,0,1247.0
-494.57437415779594,462.0,0.0,duct_filler,0,1247.0
-487.6461709275204,462.0,0.0,duct_filler,0,1247.0
-480.71796769724494,462.0,0.0,duct_filler,0,1247.0
-473.7897644669694,462.0,0.0,duct_filler,0,1247.0
-466.8615612366939,462.0,0.0,duct_filler,0,1247.0
-459.93335800641836,462.0,0.0,duct_filler,0,1247.0
-453.00515477614283,462.0,0.0,duct_filler,0,1247.0
-446.07695154586736,462.0,0.0,duct_filler,0,1247.0
-439.14874831559183,462.0,0.0,duct_filler,0,1247.0
-432.2205450853163,462.0,0.0,duct_filler,0,1247.0
-425.29234185504083,462.0,0.0,duct_filler,0,1247.0
-279.80007401925525,462.0,0.0,duct_filler,0,1247.0
-272.8718707889797,462.0,0.0,duct_filler,0,1247.0
-265.9436675587042,462.0,0.0,duct_filler,0,1247.0
-259.01546432842866,462.0,0.0,duct_filler,0,1247.0
-252.0872610981532,462.0,0.0,duct_filler,0,1247.0
-245.15905786787755,462.0,0.0,duct_filler,0,1247.0
-238.23085463760208,462.0,0.0,duct_filler,0,1247.0
-231.30265140732655,462.0,0.0,duct_filler,0,1247.0
-224.37444817705102,462.0,0.0,duct_filler,0,1247.0
-217.4462449467755,462.0,0.0,duct_filler,0,1247.0
-210.51804171649997,462.0,0.0,duct_filler,0,1247.0
-203.58983848622438,462.0,0.0,duct_filler,0,1247.0
-196.6616352559489,462.0,0.0,duct_filler,0,1247.0
-189.73343202567332,462.0,0.0,duct_filler,0,1247.0
-182.8052287953978,462.0,0.0,duct_filler,0,1247.0
-175.87702556512232,462.0,0.0,duct_filler,0,1247.0
-168.9488223348468,462.0,0.0,duct_filler,0,1247.0
-162.02061910457127,462.0,0.0,duct_filler,0,1247.0
-155.09241587429574,462.0,0.0,duct_filler,0,1247.0
-148.1642126440201,462.0,0.0,duct_filler,0,1247.0
-141.23600941374474,462.0,0.0,duct_filler,0,1247.0
-134.3078061834692,462.0,0.0,duct_filler,0,1247.0
-127.37960295319363,462.0,0.0,duct_filler,0,1247.0
-120.4513997229181,462.0,0.0,duct_filler,0,1247.0
-113.52319649264263,462.0,0.0,duct_filler,0,1247.0
-106.5949932623671,462.0,0.0,duct_filler,0,1247.0
-99.66679003209157,462.0,0.0,duct_filler,0,1247.0
-92.73858680181598,462.0,0.0,duct_filler,0,1247.0
-85.81038357154046,462.0,0.0,duct_filler,0,1247.0
-78.88218034126493,462.0,0.0,duct_filler,0,1247.0
-71.95397711098934,462.0,0.0,duct_filler,0,1247.0
-65.02577388071381,462.0,0.0,duct_filler,0,1247.0
-58.09757065043834,462.0,0.0,duct_filler,0,1247.0
-51.169367420162814,462.0,0.0,duct_filler,0,1247.0
-44.241164189887286,462.0,0.0,duct_filler,0,1247.0
-37.3129609596117,462.0,0.0,duct_filler,0,1247.0
-30.384757729336343,462.0,0.0,duct_filler,0,1247.0
-23.45655449906087,462.0,0.0,duct_filler,0,1247.0
-16.5283512687854,462.0,0.0,duct_filler,0,1247.0
-9.600148038509928,462.0,0.0,duct_filler,0,1247.0
-2.671944808234457,462.0,0.0,duct_filler,0,1247.0
4.256258422040901,462.0,0.0,duct_filler,0,1247.0
11.184461652316372,462.0,0.0,duct_filler,0,1247.0
18.112664882591957,462.0,0.0,duct_filler,0,1247.0
25.040868112867543,462.0,0.0,duct_filler,0,1247.0
31.9690713431429,462.0,0.0,duct_filler,0,1247.0
38.89727457341837,462.0,0.0,duct_filler,0,1247.0
45.82547780369384,462.0,0.0,duct_filler,0,1247.0
52.753681033969315,462.0,0.0,duct_filler,0,1247.0
59.6818842642449,462.0,0.0,duct_filler,0,1247.0
66.61008749452026,462.0,0.0,duct_filler,0,1247.0
73.53829072479573,462.0,0.0,duct_filler,0,1247.0
80.4664939550712,462.0,0.0,duct_filler,0,1247.0
87.39469718534656,462.0,0.0,duct_filler,0,1247.0
94.32290041562203,462.0,0.0,duct_filler,0,1247.0
101.25110364589762,462.0,0.0,duct_filler,0,1247.0
108.17930687617309,462.0,0.0,duct_filler,0,1247.0
115.10751010644856,462.0,0.0,duct_filler,0,1247.0
122.03571333672403,462.0,0.0,duct_filler,0,1247.0
128.9639165669995,462.0,0.0,duct_filler,0,1247.0
302.1689973238865,462.0,0.0,duct_filler,0,1247.0
309.097200554162,462.0,0.0,duct_filler,0,1247.0
316.02540378443734,462.0,0.0,duct_filler,0,1247.0
322.9536070147128,462.0,0.0,duct_filler,0,1247.0
329.8818102449883,462.0,0.0,duct_filler,0,1247.0
336.81001347526364,462.0,0.0,duct_filler,0,1247.0
343.7382167055391,462.0,0.0,duct_filler,0,1247.0
350.6664199358146,462.0,0.0,duct_filler,0,1247.0
357.5946231660902,462.0,0.0,duct_filler,0,1247.0
364.52282639636553,462.0,0.0,duct_filler,0,1247.0
371.451029626641,462.0,0.0,duct_filler,0,1247.0
378.3792328569165,462.0,0.0,duct_filler,0,1247.0
385.30743608719183,462.0,0.0,duct_filler,0,1247.0
392.2356393174673,462.0,0.0,duct_filler,0,1247.0
399.1638425477428,462.0,0.0,duct_filler,0,1247.0
406.09204577801836,462.0,0.0,duct_filler,0,1247.0
413.02024900829383,462.0,0.0,duct_filler,0,1247.0
419.9484522385692,462.0,0.0,duct_filler,0,1247.0
426.87665546884466,462.0,0.0,duct_filler,0,1247.0
433.80485869912013,462.0,0.0,duct_filler,0,1247.0
440.7330619293955,462.0,0.0,duct_filler,0,1247.0
447.6612651596713,462.0,0.0,duct_filler,0,1247.0
454.58946838994655,462.0,0.0,duct_filler,0,1247.0
461.51767162022213,462.0,0.0,duct_filler,0,1247.0
468.4458748504976,462.0,0.0,duct_filler,0,1247.0
475.37407808077296,462.0,0.0,duct_filler,0,1247.0
482.3022813110488,462.0,0.0,duct_filler,0,1247.0
489.23048454132436,462.0,0.0,duct_filler,0,1247.0
496.15868777160017,462.0,0.0,duct_filler,0,1247.0
503.08689100187576,462.0,0.0,duct_filler,0,1247.0
510.0150942321511,462.0,0.0,duct_filler,0,1247.0
516.9432974624267,462.0,0.0,duct_filler,0,1247.0
523.8715006927023,462.0,0.0,duct_filler,0,1247.0
530.7997039229779,462.0,0.0,duct_filler,0,1247.0
537.7279071532535,462.0,0.0,duct_filler,0,1247.0
544.6561103835293,462.0,0.0,duct_filler,0,1247.0
551.5843136138046,462.0,0.0,duct_filler,0,1247.0
-532.6794919243113,456.0,0.0,duct_filler,0,1247.0
-525.7512886940357,456.0,0.0,duct_filler,0,1247.0
-518.8230854637602,456.0,0.0,duct_filler,0,1247.0
-511.89488223348474,456.0,0.0,duct_filler,0,1247.0
-504.9666790032092,456.0,0.0,duct_filler,0,1247.0
-498.0384757729337,456.0,0.0,duct_filler,0,1247.0
-491.1102725426582,456.0,0.0,duct_filler,0,1247.0
-484.1820693123827,456.0,0.0,duct_filler,0,1247.0
-477.25386608210715,456.0,0.0,duct_filler,0,1247.0
-470.3256628518316,456.0,0.0,duct_filler,0,1247.0
-463.39745962155615,456.0,0.0,duct_filler,0,1247.0
-456.4692563912806,456.0,0.0,duct_filler,0,1247.0
-449.54105316100515,456.0,0.0,duct_filler,0,1247.0
-442.6128499307296,456.0,0.0,duct_filler,0,1247.0
-435.6846467004541,456.0,0.0,duct_filler,0,1247.0
-428.75644347017857,456.0,0.0,duct_filler,0,1247.0
-421.8282402399031,456.0,0.0,duct_filler,0,1247.0
-414.90003700962757,456.0,0.0,duct_filler,0,1247.0
-407.9718337793521,456.0,0.0,duct_filler,0,1247.0
-352.54620793714804,456.0,0.0,duct_filler,0,1247.0
-345.61800470687257,456.0,0.0,duct_filler,0,1247.0
-283.26417563439304,456.0,0.0,duct_filler,0,1247.0
-276.3359724041175,456.0,0.0,duct_filler,0,1247.0
-269.407769173842,456.0,0.0,duct_filler,0,1247.0
-262.4795659435664,456.0,0.0,duct_filler,0,1247.0
-255.55136271329087,456.0,0.0,duct_filler,0,1247.0
-248.6231594830154,456.0,0.0,duct_filler,0,1247.0
-241.69495625273993,456.0,0.0,duct_filler,0,1247.0
-234.76675302246434,456.0,0.0,duct_filler,0,1247.0
-227.83854979218881,456.0,0.0,duct_filler,0,1247.0
-220.9103465619133,456.0,0.0,duct_filler,0,1247.0
-213.98214333163776,456.0,0.0,duct_filler,0,1247.0
-207.05394010136217,456.0,0.0,duct_filler,0,1247.0
-200.1257368710867,456.0,0.0,duct_filler,0,1247.0
-193.19753364081112,456.0,0.0,duct_filler,0,1247.0
-186.26933041053564,456.0,0.0,duct_filler,0,1247.0
-179.34112718026006,456.0,0.0,duct_filler,0,1247.0
-172.41292394998464,456.0,0.0,duct_filler,0,1247.0
-165.484720719709,456.0,0.0,duct_filler,0,1247.0
-158.55651748943353,456.0,0.0,duct_filler,0,1247.0
-151.62831425915806,456.0,0.0,duct_filler,0,1247.0
-144.70011102888253,456.0,0.0,duct_filler,0,1247.0
-137.77190779860695,456.0,0.0,duct_filler,0,1247.0
-130.84370456833142,456.0,0.0,duct_filler,0,1247.0
-123.91550133805589,456.0,0.0,duct_filler,0,1247.0
-116.9872981077803,456.0,0.0,duct_filler,0,1247.0
-110.05909487750478,456.0,0.0,duct_filler,0,1247.0
-103.1308916472293,456.0,0.0,duct_filler,0,1247.0
-96.20268841695378,456.0,0.0,duct_filler,0,1247.0
-89.27448518667825,456.0,0.0,duct_filler,0,1247.0
-82.34628195640266,456.0,0.0,duct_filler,0,1247.0
-75.41807872612725,456.0,0.0,duct_filler,0,1247.0
-68.48987549585166,456.0,0.0,duct_filler,0,1247.0
-61.561672265576135,456.0,0.0,duct_filler,0,1247.0
-54.63346903530061,456.0,0.0,duct_filler,0,1247.0
-47.70526580502502,456.0,0.0,duct_filler,0,1247.0
-40.77706257474949,456.0,0.0,duct_filler,0,1247.0
-33.84885934447402,456.0,0.0,duct_filler,0,1247.0
-26.920656114198437,456.0,0.0,duct_filler,0,1247.0
-19.99245288392308,456.0,0.0,duct_filler,0,1247.0
-13.064249653647607,456.0,0.0,duct_filler,0,1247.0
-6.136046423372136,456.0,0.0,duct_filler,0,1247.0
0.7921568069033356,456.0,0.0,duct_filler,0,1247.0
7.720360037178807,456.0,0.0,duct_filler,0,1247.0
14.648563267454392,456.0,0.0,duct_filler,0,1247.0
21.57676649772975,456.0,0.0,duct_filler,0,1247.0
28.50496972800522,456.0,0.0,duct_filler,0,1247.0
35.43317295828069,456.0,0.0,duct_filler,0,1247.0
42.361376188556164,456.0,0.0,duct_filler,0,1247.0
49.289579418831636,456.0,0.0,duct_filler,0,1247.0
56.21778264910711,456.0,0.0,duct_filler,0,1247.0
63.14598587938258,456.0,0.0,duct_filler,0,1247.0
70.07418910965805,456.0,0.0,duct_filler,0,1247.0
77.00239233993341,456.0,0.0,duct_filler,0,1247.0
83.9305955702091,456.0,0.0,duct_filler,0,1247.0
90.85879880048446,456.0,0.0,duct_filler,0,1247.0
97.78700203076005,456.0,0.0,duct_filler,0,1247.0
104.71520526103541,456.0,0.0,duct_filler,0,1247.0
111.64340849131088,456.0,0.0,duct_filler,0,1247.0
118.57161172158635,456.0,0.0,duct_filler,0,1247.0
298.70489570874884,456.0,0.0,duct_filler,0,1247.0
305.6330989390242,456.0,0.0,duct_filler,0,1247.0
312.56130216929967,456.0,0.0,duct_filler,0,1247.0
319.48950539957514,456.0,0.0,duct_filler,0,1247.0
326.4177086298505,456.0,0.0,duct_filler,0,1247.0
333.34591186012597,456.0,0.0,duct_filler,0,1247.0
340.27411509040144,456.0,0.0,duct_filler,0,1247.0
347.2023183206768,456.0,0.0,duct_filler,0,1247.0
354.1305215509524,456.0,0.0,duct_filler,0,1247.0
361.05872478122785,456.0,0.0,duct_filler,0,1247.0
367.9869280115033,456.0,0.0,duct_filler,0,1247.0
374.9151312417787,456.0,0.0,duct_filler,0,1247.0
381.8433344720544,456.0,0.0,duct_filler,0,1247.0
388.77153770232974,456.0,0.0,duct_filler,0,1247.0
395.6997409326052,456.0,0.0,duct_filler,0,1247.0
402.6279441628807,456.0,0.0,duct_filler,0,1247.0
409.55614739315604,456.0,0.0,duct_filler,0,1247.0
416.4843506234315,456.0,0.0,duct_filler,0,1247.0
423.412553853707,456.0,0.0,duct_filler,0,1247.0
430.3407570839827,456.0,0.0,duct_filler,0,1247.0
437.2689603142578,456.0,0.0,duct_filler,0,1247.0
444.1971635445336,456.0,0.0,duct_filler,0,1247.0
451.125366774809,456.0,0.0,duct_filler,0,1247.0
458.05357000508445,456.0,0.0,duct_filler,0,1247.0
464.9817732353599,456.0,0.0,duct_filler,0,1247.0
471.9099764656353,456.0,0.0,duct_filler,0,1247.0
478.83817969591087,456.0,0.0,duct_filler,0,1247.0
485.7663829261867,456.0,0.0,duct_filler,0,1247.0
492.6945861564618,456.0,0.0,duct_filler,0,1247.0
499.6227893867376,456.0,0.0,duct_filler,0,1247.0
506.5509926170132,456.0,0.0,duct_filler,0,1247.0
513.4791958472888,456.0,0.0,duct_filler,0,1247.0
520.4073990775644,456.0,0.0,duct_filler,0,1247.0
527.33560230784,456.0,0.0,duct_filler,0,1247.0
534.2638055381158,456.0,0.0,duct_filler,0,1247.0
541.1920087683911,456.0,0.0,duct_filler,0,1247.0
548.1202119986667,456.0,0.0,duct_filler,0,1247.0
-529.2153903091735,450.0,0.0,duct_filler,0,1247.0
-522.287187078898,450.0,0.0,duct_filler,0,1247.0
-515.3589838486224,450.0,0.0,duct_filler,0,1247.0
-508.43078061834694,450.0,0.0,duct_filler,0,1247.0
-501.5025773880715,450.0,0.0,duct_filler,0,1247.0
-494.57437415779594,450.0,0.0,duct_filler,0,1247.0
-487.6461709275204,450.0,0.0,duct_filler,0,1247.0
-480.71796769724494,450.0,0.0,duct_filler,0,1247.0
-473.7897644669694,450.0,0.0,duct_filler,0,1247.0
-466.8615612366939,450.0,0.0,duct_filler,0,1247.0
-459.93335800641836,450.0,0.0,duct_filler,0,1247.0
-453.00515477614283,450.0,0.0,duct_filler,0,1247.0
-446.07695154586736,450.0,0.0,duct_filler,0,1247.0
-439.14874831559183,450.0,0.0,duct_filler,0,1247.0
-432.2205450853163,450.0,0.0,duct_filler,0,1247.0
-425.29234185504083,450.0,0.0,duct_filler,0,1247.0
-418.36413862476525,450.0,0.0,duct_filler,0,1247.0
-411.4359353944898,450.0,0.0,duct_filler,0,1247.0
-404.5077321642143,450.0,0.0,duct_filler,0,1247.0
-397.57952893393883,450.0,0.0,duct_filler,0,1247.0
-390.6513257036633,450.0,0.0,duct_filler,0,1247.0
-383.72312247338783,450.0,0.0,duct_filler,0,1247.0
-376.7949192431123,450.0,0.0,duct_filler,0,1247.0
-362.9385127825613,450.0,0.0,duct_filler,0,1247.0
-356.01030955228583,450.0,0.0,duct_filler,0,1247.0
-349.0821063220103,450.0,0.0,duct_filler,0,1247.0
-342.15390309173483,450.0,0.0,duct_filler,0,1247.0
-335.22569986145925,450.0,0.0,duct_filler,0,1247.0
-328.29749663118383,450.0,0.0,duct_filler,0,1247.0
-279.80007401925525,450.0,0.0,duct_filler,0,1247.0
-272.8718707889797,450.0,0.0,duct_filler,0,1247.0
-265.9436675587042,450.0,0.0,duct_filler,0,1247.0
-259.01546432842866,450.0,0.0,duct_filler,0,1247.0
-252.0872610981532,450.0,0.0,duct_filler,0,1247.0
-245.15905786787755,450.0,0.0,duct_filler,0,1247.0
-238.23085463760208,450.0,0.0,duct_filler,0,1247.0
-231.30265140732655,450.0,0.0,duct_filler,0,1247.0
-224.37444817705102,450.0,0.0,duct_filler,0,1247.0
-217.4462449467755,450.0,0.0,duct_filler,0,1247.0
-210.51804171649997,450.0,0.0,duct_filler,0,1247.0
-203.58983848622438,450.0,0.0,duct_filler,0,1247.0
-196.6616352559489,450.0,0.0,duct_filler,0,1247.0
-189.73343202567332,450.0,0.0,duct_filler,0,1247.0
-182.8052287953978,450.0,0.0,duct_filler,0,1247.0
-175.87702556512232,450.0,0.0,duct_filler,0,1247.0
-168.9488223348468,450.0,0.0,duct_filler,0,1247.0
-162.02061910457127,450.0,0.0,duct_filler,0,1247.0
-155.09241587429574,450.0,0.0,duct_filler,0,1247.0
-148.1642126440201,450.0,0.0,duct_filler,0,1247.0
-141.23600941374474,450.0,0.0,duct_filler,0,1247.0
-134.3078061834692,450.0,0.0,duct_filler,0,1247.0
-127.37960295319363,450.0,0.0,duct_filler,0,1247.0
-120.4513997229181,450.0,0.0,duct_filler,0,1247.0
-113.52319649264263,450.0,0.0,duct_filler,0,1247.0
-106.5949932623671,450.0,0.0,duct_filler,0,1247.0
-99.66679003209157,450.0,0.0,duct_filler,0,1247.0
-92.73858680181598,450.0,0.0,duct_filler,0,1247.0
-85.81038357154046,450.0,0.0,duct_filler,0,1247.0
-78.88218034126493,450.0,0.0,duct_filler,0,1247.0
-71.95397711098934,450.0,0.0,duct_filler,0,1247.0
-65.02577388071381,450.0,0.0,duct_filler,0,1247.0
-58.09757065043834,450.0,0.0,duct_filler,0,1247.0
-51.169367420162814,450.0,0.0,duct_filler,0,1247.0
-44.241164189887286,450.0,0.0,duct_filler,0,1247.0
-37.3129609596117,450.0,0.0,duct_filler,0,1247.0
-30.384757729336343,450.0,0.0,duct_filler,0,1247.0
-23.45655449906087,450.0,0.0,duct_filler,0,1247.0
-16.5283512687854,450.0,0.0,duct_filler,0,1247.0
-9.600148038509928,450.0,0.0,duct_filler,0,1247.0
-2.671944808234457,450.0,0.0,duct_filler,0,1247.0
4.256258422040901,450.0,0.0,duct_filler,0,1247.0
11.184461652316372,450.0,0.0,duct_filler,0,1247.0
18.112664882591957,450.0,0.0,duct_filler,0,1247.0
25.040868112867543,450.0,0.0,duct_filler,0,1247.0
31.9690713431429,450.0,0.0,duct_filler,0,1247.0
38.89727457341837,450.0,0.0,duct_filler,0,1247.0
45.82547780369384,450.0,0.0,duct_filler,0,1247.0
52.753681033969315,450.0,0.0,duct_filler,0,1247.0
59.6818842642449,450.0,0.0,duct_filler,0,1247.0
66.61008749452026,450.0,0.0,duct_filler,0,1247.0
302.1689973238865,450.0,0.0,duct_filler,0,1247.0
309.097200554162,450.0,0.0,duct_filler,0,1247.0
316.02540378443734,450.0,0.0,duct_filler,0,1247.0
322.9536070147128,450.0,0.0,duct_filler,0,1247.0
329.8818102449883,450.0,0.0,duct_filler,0,1247.0
336.81001347526364,450.0,0.0,duct_filler,0,1247.0
343.7382167055391,450.0,0.0,duct_filler,0,1247.0
350.6664199358146,450.0,0.0,duct_filler,0,1247.0
357.5946231660902,450.0,0.0,duct_filler,0,1247.0
364.52282639636553,450.0,0.0,duct_filler,0,1247.0
371.451029626641,450.0,0.0,duct_filler,0,1247.0
378.3792328569165,450.0,0.0,duct_filler,0,1247.0
385.30743608719183,450.0,0.0,duct_filler,0,1247.0
392.2356393174673,450.0,0.0,duct_filler,0,1247.0
399.1638425477428,450.0,0.0,duct_filler,0,1247.0
406.09204577801836,450.0,0.0,duct_filler,0,1247.0
413.02024900829383,450.0,0.0,duct_filler,0,1247.0
419.9484522385692,450.0,0.0,duct_filler,0,1247.0
426.87665546884466,450.0,0.0,duct_filler,0,1247.0
433.80485869912013,450.0,0.0,duct_filler,0,1247.0
440.7330619293955,450.0,0.0,duct_filler,0,1247.0
447.6612651596713,450.0,0.0,duct_filler,0,1247.0
454.58946838994655,450.0,0.0,duct_filler,0,1247.0
461.51767162022213,450.0,0.0,duct_filler,0,1247.0
468.4458748504976,450.0,0.0,duct_filler,0,1247.0
475.37407808077296,450.0,0.0,duct_filler,0,1247.0
482.3022813110488,450.0,0.0,duct_filler,0,1247.0
489.23048454132436,450.0,0.0,duct_filler,0,1247.0
496.15868777160017,450.0,0.0,duct_filler,0,1247.0
503.08689100187576,450.0,0.0,duct_filler,0,1247.0
510.0150942321511,450.0,0.0,duct_filler,0,1247.0
516.9432974624267,450.0,0.0,duct_filler,0,1247.0
523.8715006927023,450.0,0.0,duct_filler,0,1247.0
530.7997039229779,450.0,0.0,duct_filler,0,1247.0
537.7279071532535,450.0,0.0,duct_filler,0,1247.0
544.6561103835293,450.0,0.0,duct_filler,0,1247.0
551.5843136138046,450.0,0.0,duct_filler,0,1247.0
-539.6076951545867,444.0,0.0,duct_filler,0,1247.0
-532.6794919243113,444.0,0.0,duct_filler,0,1247.0
-525.7512886940357,444.0,0.0,duct_filler,0,1247.0
-518.8230854637602,444.0,0.0,duct_filler,0,1247.0
-511.89488223348474,444.0,0.0,duct_filler,0,1247.0
-504.9666790032092,444.0,0.0,duct_filler,0,1247.0
-498.0384757729337,444.0,0.0,duct_filler,0,1247.0
-491.1102725426582,444.0,0.0,duct_filler,0,1247.0
-484.1820693123827,444.0,0.0,duct_filler,0,1247.0
-477.25386608210715,444.0,0.0,duct_filler,0,1247.0
-470.3256628518316,444.0,0.0,duct_filler,0,1247.0
-463.39745962155615,444.0,0.0,duct_filler,0,1247.0
-456.4692563912806,444.0,0.0,duct_filler,0,1247.0
-449.54105316100515,444.0,0.0,duct_filler,0,1247.0
-442.6128499307296,444.0,0.0,duct_filler,0,1247.0
-435.6846467004541,444.0,0.0,duct_filler,0,1247.0
-428.75644347017857,444.0,0.0,duct_filler,0,1247.0
-421.8282402399031,444.0,0.0,duct_filler,0,1247.0
-414.90003700962757,444.0,0.0,duct_filler,0,1247.0
-407.9718337793521,444.0,0.0,duct_filler,0,1247.0
-401.0436305490765,444.0,0.0,duct_filler,0,1247.0
-394.11542731880104,444.0,0.0,duct_filler,0,1247.0
-387.18722408852557,444.0,0.0,duct_filler,0,1247.0
-380.2590208582501,444.0,0.0,duct_filler,0,1247.0
-373.33081762797457,444.0,0.0,duct_filler,0,1247.0
-366.40261439769904,444.0,0.0,duct_filler,0,1247.0
-359.47441116742357,444.0,0.0,duct_filler,0,1247.0
-352.54620793714804,444.0,0.0,duct_filler,0,1247.0
-345.61800470687257,444.0,0.0,duct_filler,0,1247.0
-338.68980147659704,444.0,0.0,duct_filler,0,1247.0
-331.76159824632157,444.0,0.0,duct_filler,0,1247.0
-324.8333950160461,444.0,0.0,duct_filler,0,1247.0
-317.9051917857706,444.0,0.0,duct_filler,0,1247.0
-276.3359724041175,444.0,0.0,duct_filler,0,1247.0
-269.407769173842,444.0,0.0,duct_filler,0,1247.0
-262.4795659435664,444.0,0.0,duct_filler,0,1247.0
-255.55136271329087,444.0,0.0,duct_filler,0,1247.0
-248.6231594830154,444.0,0.0,duct_filler,0,1247.0
-241.69495625273993,444.0,0.0,duct_filler,0,1247.0
-234.76675302246434,444.0,0.0,duct_filler,0,1247.0
-227.83854979218881,444.0,0.0,duct_filler,0,1247.0
-220.9103465619133,444.0,0.0,duct_filler,0,1247.0
-213.98214333163776,444.0,0.0,duct_filler,0,1247.0
-207.05394010136217,444.0,0.0,duct_filler,0,1247.0
-200.1257368710867,444.0,0.0,duct_filler,0,1247.0
-193.19753364081112,444.0,0.0,duct_filler,0,1247.0
-186.26933041053564,444.0,0.0,duct_filler,0,1247.0
-179.34112718026006,444.0,0.0,duct_filler,0,1247.0
-172.41292394998464,444.0,0.0,duct_filler,0,1247.0
-165.484720719709,444.0,0.0,duct_filler,0,1247.0
-158.55651748943353,444.0,0.0,duct_filler,0,1247.0
-151.62831425915806,444.0,0.0,duct_filler,0,1247.0
-144.70011102888253,444.0,0.0,duct_filler,0,1247.0
-137.77190779860695,444.0,0.0,duct_filler,0,1247.0
-130.84370456833142,444.0,0.0,duct_filler,0,1247.0
-123.91550133805589,444.0,0.0,duct_filler,0,1247.0
-116.9872981077803,444.0,0.0,duct_filler,0,1247.0
-110.05909487750478,444.0,0.0,duct_filler,0,1247.0
-103.1308916472293,444.0,0.0,duct_filler,0,1247.0
-96.20268841695378,444.0,0.0,duct_filler,0,1247.0
-89.27448518667825,444.0,0.0,duct_filler,0,1247.0
-82.34628195640266,444.0,0.0,duct_filler,0,1247.0
-75.41807872612725,444.0,0.0,duct_filler,0,1247.0
-68.48987549585166,444.0,0.0,duct_filler,0,1247.0
-61.561672265576135,444.0,0.0,duct_filler,0,1247.0
-54.63346903530061,444.0,0.0,duct_filler,0,1247.0
-47.70526580502502,444.0,0.0,duct_filler,0,1247.0
-40.77706257474949,444.0,0.0,duct_filler,0,1247.0
-33.84885934447402,444.0,0.0,duct_filler,0,1247.0
-26.920656114198437,444.0,0.0,duct_filler,0,1247.0
-19.99245288392308,444.0,0.0,duct_filler,0,1247.0
-13.064249653647607,444.0,0.0,duct_filler,0,1247.0
-6.136046423372136,444.0,0.0,duct_filler,0,1247.0
0.7921568069033356,444.0,0.0,duct_filler,0,1247.0
7.720360037178807,444.0,0.0,duct_filler,0,1247.0
28.50496972800522,444.0,0.0,duct_filler,0,1247.0
35.43317295828069,444.0,0.0,duct_filler,0,1247.0
42.361376188556164,444.0,0.0,duct_filler,0,1247.0
49.289579418831636,444.0,0.0,duct_filler,0,1247.0
56.21778264910711,444.0,0.0,duct_filler,0,1247.0
298.70489570874884,444.0,0.0,duct_filler,0,1247.0
305.6330989390242,444.0,0.0,duct_filler,0,1247.0
312.56130216929967,444.0,0.0,duct_filler,0,1247.0
319.48950539957514,444.0,0.0,duct_filler,0,1247.0
326.4177086298505,444.0,0.0,duct_filler,0,1247.0
333.34591186012597,444.0,0.0,duct_filler,0,1247.0
340.27411509040144,444.0,0.0,duct_filler,0,1247.0
347.2023183206768,444.0,0.0,duct_filler,0,1247.0
354.1305215509524,444.0,0.0,duct_filler,0,1247.0
361.05872478122785,444.0,0.0,duct_filler,0,1247.0
367.9869280115033,444.0,0.0,duct_filler,0,1247.0
374.9151312417787,444.0,0.0,duct_filler,0,1247.0
381.8433344720544,444.0,0.0,duct_filler,0,1247.0
388.77153770232974,444.0,0.0,duct_filler,0,1247.0
395.6997409326052,444.0,0.0,duct_filler,0,1247.0
402.6279441628807,444.0,0.0,duct_filler,0,1247.0
409.55614739315604,444.0,0.0,duct_filler,0,1247.0
416.4843506234315,444.0,0.0,duct_filler,0,1247.0
423.412553853707,444.0,0.0,duct_filler,0,1247.0
430.3407570839827,444.0,0.0,duct_filler,0,1247.0
437.2689603142578,444.0,0.0,duct_filler,0,1247.0
444.1971635445336,444.0,0.0,duct_filler,0,1247.0
451.125366774809,444.0,0.0,duct_filler,0,1247.0
458.05357000508445,444.0,0.0,duct_filler,0,1247.0
464.9817732353599,444.0,0.0,duct_filler,0,1247.0
471.9099764656353,444.0,0.0,duct_filler,0,1247.0
478.83817969591087,444.0,0.0,duct_filler,0,1247.0
485.7663829261867,444.0,0.0,duct_filler,0,1247.0
492.6945861564618,444.0,0.0,duct_filler,0,1247.0
499.6227893867376,444.0,0.0,duct_filler,0,1247.0
506.5509926170132,444.0,0.0,duct_filler,0,1247.0
513.4791958472888,444.0,0.0,duct_filler,0,1247.0
520.4073990775644,444.0,0.0,duct_filler,0,1247.0
527.33560230784,444.0,0.0,duct_filler,0,1247.0
534.2638055381158,444.0,0.0,duct_filler,0,1247.0
541.1920087683911,444.0,0.0,duct_filler,0,1247.0
548.1202119986667,444.0,0.0,duct_filler,0,1247.0
-550.0,438.0,0.0,duct_filler,0,1247.0
-543.0717967697245,438.0,0.0,duct_filler,0,1247.0
-536.143593539449,438.0,0.0,duct_filler,0,1247.0
-522.287187078898,438.0,0.0,duct_filler,0,1247.0
-515.3589838486224,438.0,0.0,duct_filler,0,1247.0
-508.43078061834694,438.0,0.0,duct_filler,0,1247.0
-501.5025773880715,438.0,0.0,duct_filler,0,1247.0
-494.57437415779594,438.0,0.0,duct_filler,0,1247.0
-487.6461709275204,438.0,0.0,duct_filler,0,1247.0
-480.71796769724494,438.0,0.0,duct_filler,0,1247.0
-473.7897644669694,438.0,0.0,duct_filler,0,1247.0
-466.8615612366939,438.0,0.0,duct_filler,0,1247.0
-459.93335800641836,438.0,0.0,duct_filler,0,1247.0
-453.00515477614283,438.0,0.0,duct_filler,0,1247.0
-446.07695154586736,438.0,0.0,duct_filler,0,1247.0
-439.14874831559183,438.0,0.0,duct_filler,0,1247.0
-432.2205450853163,438.0,0.0,duct_filler,0,1247.0
-425.29234185504083,438.0,0.0,duct_filler,0,1247.0
-418.36413862476525,438.0,0.0,duct_filler,0,1247.0
-411.4359353944898,438.0,0.0,duct_filler,0,1247.0
-404.5077321642143,438.0,0.0,duct_filler,0,1247.0
-397.57952893393883,438.0,0.0,duct_filler,0,1247.0
-390.6513257036633,438.0,0.0,duct_filler,0,1247.0
-383.72312247338783,438.0,0.0,duct_filler,0,1247.0
-376.7949192431123,438.0,0.0,duct_filler,0,1247.0
-369.86671601283683,438.0,0.0,duct_filler,0,1247.0
-362.9385127825613,438.0,0.0,duct_filler,0,1247.0
-356.01030955228583,438.0,0.0,duct_filler,0,1247.0
-349.0821063220103,438.0,0.0,duct_filler,0,1247.0
-342.15390309173483,438.0,0.0,duct_filler,0,1247.0
-335.22569986145925,438.0,0.0,duct_filler,0,1247.0
-328.29749663118383,438.0,0.0,duct_filler,0,1247.0
-321.3692934009083,438.0,0.0,duct_filler,0,1247.0
-272.8718707889797,438.0,0.0,duct_filler,0,1247.0
-265.9436675587042,438.0,0.0,duct_filler,0,1247.0
-259.01546432842866,438.0,0.0,duct_filler,0,1247.0
-252.0872610981532,438.0,0.0,duct_filler,0,1247.0
-245.15905786787755,438.0,0.0,duct_filler,0,1247.0
-238.23085463760208,438.0,0.0,duct_filler,0,1247.0
-231.30265140732655,438.0,0.0,duct_filler,0,1247.0
-224.37444817705102,438.0,0.0,duct_filler,0,1247.0
-217.4462449467755,438.0,0.0,duct_filler,0,1247.0
-210.51804171649997,438.0,0.0,duct_filler,0,1247.0
-203.58983848622438,438.0,0.0,duct_filler,0,1247.0
-196.6616352559489,438.0,0.0,duct_filler,0,1247.0
-189.73343202567332,438.0,0.0,duct_filler,0,1247.0
-182.8052287953978,438.0,0.0,duct_filler,0,1247.0
-175.87702556512232,438.0,0.0,duct_filler,0,1247.0
-168.9488223348468,438.0,0.0,duct_filler,0,1247.0
-162.02061910457127,438.0,0.0,duct_filler,0,1247.0
-155.09241587429574,438.0,0.0,duct_filler,0,1247.0
-148.1642126440201,438.0,0.0,duct_filler,0,1247.0
-141.23600941374474,438.0,0.0,duct_filler,0,1247.0
-134.3078061834692,438.0,0.0,duct_filler,0,1247.0
-127.37960295319363,438.0,0.0,duct_filler,0,1247.0
-120.4513997229181,438.0,0.0,duct_filler,0,1247.0
-113.52319649264263,438.0,0.0,duct_filler,0,1247.0
-106.5949932623671,438.0,0.0,duct_filler,0,1247.0
-99.66679003209157,438.0,0.0,duct_filler,0,1247.0
-92.73858680181598,438.0,0.0,duct_filler,0,1247.0
-85.81038357154046,438.0,0.0,duct_filler,0,1247.0
-78.88218034126493,438.0,0.0,duct_filler,0,1247.0
-71.95397711098934,438.0,0.0,duct_filler,0,1247.0
-65.02577388071381,438.0,0.0,duct_filler,0,1247.0
-58.09757065043834,438.0,0.0,duct_filler,0,1247.0
-51.169367420162814,438.0,0.0,duct_filler,0,1247.0
-44.241164189887286,438.0,0.0,duct_filler,0,1247.0
-37.3129609596117,438.0,0.0,duct_filler,0,1247.0
-30.384757729336343,438.0,0.0,duct_filler,0,1247.0
-23.45655449906087,438.0,0.0,duct_filler,0,1247.0
-16.5283512687854,438.0,0.0,duct_filler,0,1247.0
-9.600148038509928,438.0,0.0,duct_filler,0,1247.0
-2.671944808234457,438.0,0.0,duct_filler,0,1247.0
38.89727457341837,438.0,0.0,duct_filler,0,1247.0
45.82547780369384,438.0,0.0,duct_filler,0,1247.0
302.1689973238865,438.0,0.0,duct_filler,0,1247.0
309.097200554162,438.0,0.0,duct_filler,0,1247.0
316.02540378443734,438.0,0.0,duct_filler,0,1247.0
322.9536070147128,438.0,0.0,duct_filler,0,1247.0
329.8818102449883,438.0,0.0,duct_filler,0,1247.0
336.81001347526364,438.0,0.0,duct_filler,0,1247.0
343.7382167055391,438.0,0.0,duct_filler,0,1247.0
350.6664199358146,438.0,0.0,duct_filler,0,1247.0
357.5946231660902,438.0,0.0,duct_filler,0,1247.0
364.52282639636553,438.0,0.0,duct_filler,0,1247.0
371.451029626641,438.0,0.0,duct_filler,0,1247.0
378.3792328569165,438.0,0.0,duct_filler,0,1247.0
385.30743608719183,438.0,0.0,duct_filler,0,1247.0
392.2356393174673,438.0,0.0,duct_filler,0,1247.0
399.1638425477428,438.0,0.0,duct_filler,0,1247.0
406.09204577801836,438.0,0.0,duct_filler,0,1247.0
413.02024900829383,438.0,0.0,duct_filler,0,1247.0
419.9484522385692,438.0,0.0,duct_filler,0,1247.0
426.87665546884466,438.0,0.0,duct_filler,0,1247.0
433.80485869912013,438.0,0.0,duct_filler,0,1247.0
440.7330619293955,438.0,0.0,duct_filler,0,1247.0
447.6612651596713,438.0,0.0,duct_filler,0,1247.0
454.58946838994655,438.0,0.0,duct_filler,0,1247.0
461.51767162022213,438.0,0.0,duct_filler,0,1247.0
468.4458748504976,438.0,0.0,duct_filler,0,1247.0
475.37407808077296,438.0,0.0,duct_filler,0,1247.0
482.3022813110488,438.0,0.0,duct_filler,0,1247.0
489.23048454132436,438.0,0.0,duct_filler,0,1247.0
496.15868777160017,438.0,0.0,duct_filler,0,1247.0
503.08689100187576,438.0,0.0,duct_filler,0,1247.0
510.0150942321511,438.0,0.0,duct_filler,0,1247.0
516.9432974624267,438.0,0.0,duct_filler,0,1247.0
523.8715006927023,438.0,0.0,duct_filler,0,1247.0
530.7997039229779,438.0,0.0,duct_filler,0,1247.0
537.7279071532535,438.0,0.0,duct_filler,0,1247.0
544.6561103835293,438.0,0.0,duct_filler,0,1247.0
551.5843136138046,438.0,0.0,duct_filler,0,1247.0
-546.5358983848622,432.0,0.0,duct_filler,0,1247.0
-511.89488223348474,432.0,0.0,duct_filler,0,1247.0
-504.9666790032092,432.0,0.0,duct_filler,0,1247.0
-498.0384757729337,432.0,0.0,duct_filler,0,1247.0
-491.1102725426582,432.0,0.0,duct_filler,0,1247.0
-484.1820693123827,432.0,0.0,duct_filler,0,1247.0
-477.25386608210715,432.0,0.0,duct_filler,0,1247.0
-470.3256628518316,432.0,0.0,duct_filler,0,1247.0
-463.39745962155615,432.0,0.0,duct_filler,0,1247.0
-456.4692563912806,432.0,0.0,duct_filler,0,1247.0
-449.54105316100515,432.0,0.0,duct_filler,0,1247.0
-442.6128499307296,432.0,0.0,duct_filler,0,1247.0
-435.6846467004541,432.0,0.0,duct_filler,0,1247.0
-428.75644347017857,432.0,0.0,duct_filler,0,1247.0
-421.8282402399031,432.0,0.0,duct_filler,0,1247.0
-414.90003700962757,432.0,0.0,duct_filler,0,1247.0
-407.9718337793521,432.0,0.0,duct_filler,0,1247.0
-401.0436305490765,432.0,0.0,duct_filler,0,1247.0
-394.11542731880104,432.0,0.0,duct_filler,0,1247.0
-387.18722408852557,432.0,0.0,duct_filler,0,1247.0
-380.2590208582501,432.0,0.0,duct_filler,0,1247.0
-373.33081762797457,432.0,0.0,duct_filler,0,1247.0
-366.40261439769904,432.0,0.0,duct_filler,0,1247.0
-359.47441116742357,432.0,0.0,duct_filler,0,1247.0
-352.54620793714804,432.0,0.0,duct_filler,0,1247.0
-345.61800470687257,432.0,0.0,duct_filler,0,1247.0
-338.68980147659704,432.0,0.0,duct_filler,0,1247.0
-331.76159824632157,432.0,0.0,duct_filler,0,1247.0
-324.8333950160461,432.0,0.0,duct_filler,0,1247.0
-241.69495625273993,432.0,0.0,duct_filler,0,1247.0
-234.76675302246434,432.0,0.0,duct_filler,0,1247.0
-227.83854979218881,432.0,0.0,duct_filler,0,1247.0
-220.9103465619133,432.0,0.0,duct_filler,0,1247.0
-213.98214333163776,432.0,0.0,duct_filler,0,1247.0
-186.26933041053564,432.0,0.0,duct_filler,0,1247.0
-179.34112718026006,432.0,0.0,duct_filler,0,1247.0
-172.41292394998464,432.0,0.0,duct_filler,0,1247.0
-165.484720719709,432.0,0.0,duct_filler,0,1247.0
-158.55651748943353,432.0,0.0,duct_filler,0,1247.0
-151.62831425915806,432.0,0.0,duct_filler,0,1247.0
-144.70011102888253,432.0,0.0,duct_filler,0,1247.0
-137.77190779860695,432.0,0.0,duct_filler,0,1247.0
-130.84370456833142,432.0,0.0,duct_filler,0,1247.0
-123.91550133805589,432.0,0.0,duct_filler,0,1247.0
-116.9872981077803,432.0,0.0,duct_filler,0,1247.0
-110.05909487750478,432.0,0.0,duct_filler,0,1247.0
-103.1308916472293,432.0,0.0,duct_filler,0,1247.0
-96.20268841695378,432.0,0.0,duct_filler,0,1247.0
-89.27448518667825,432.0,0.0,duct_filler,0,1247.0
-82.34628195640266,432.0,0.0,duct_filler,0,1247.0
-75.41807872612725,432.0,0.0,duct_filler,0,1247.0
-68.48987549585166,432.0,0.0,duct_filler,0,1247.0
-61.561672265576135,432.0,0.0,duct_filler,0,1247.0
-54.63346903530061,432.0,0.0,duct_filler,0,1247.0
-47.70526580502502,432.0,0.0,duct_filler,0,1247.0
-40.77706257474949,432.0,0.0,duct_filler,0,1247.0
-33.84885934447402,432.0,0.0,duct_filler,0,1247.0
-26.920656114198437,432.0,0.0,duct_filler,0,1247.0
-19.99245288392308,432.0,0.0,duct_filler,0,1247.0
-13.064249653647607,432.0,0.0,duct_filler,0,1247.0
-6.136046423372136,432.0,0.0,duct_filler,0,1247.0
298.70489570874884,432.0,0.0,duct_filler,0,1247.0
305.6330989390242,432.0,0.0,duct_filler,0,1247.0
312.56130216929967,432.0,0.0,duct_filler,0,1247.0
319.48950539957514,432.0,0.0,duct_filler,0,1247.0
326.4177086298505,432.0,0.0,duct_filler,0,1247.0
333.34591186012597,432.0,0.0,duct_filler,0,1247.0
340.27411509040144,432.0,0.0,duct_filler,0,1247.0
347.2023183206768,432.0,0.0,duct_filler,0,1247.0
354.1305215509524,432.0,0.0,duct_filler,0,1247.0
361.05872478122785,432.0,0.0,duct_filler,0,1247.0
367.9869280115033,432.0,0.0,duct_filler,0,1247.0
374.9151312417787,432.0,0.0,duct_filler,0,1247.0
381.8433344720544,432.0,0.0,duct_filler,0,1247.0
388.77153770232974,432.0,0.0,duct_filler,0,1247.0
395.6997409326052,432.0,0.0,duct_filler,0,1247.0
402.6279441628807,432.0,0.0,duct_filler,0,1247.0
409.55614739315604,432.0,0.0,duct_filler,0,1247.0
416.4843506234315,432.0,0.0,duct_filler,0,1247.0
423.412553853707,432.0,0.0,duct_filler,0,1247.0
430.3407570839827,432.0,0.0,duct_filler,0,1247.0
437.2689603142578,432.0,0.0,duct_filler,0,1247.0
444.1971635445336,432.0,0.0,duct_filler,0,1247.0
451.125366774809,432.0,0.0,duct_filler,0,1247.0
458.05357000508445,432.0,0.0,duct_filler,0,1247.0
464.9817732353599,432.0,0.0,duct_filler,0,1247.0
471.9099764656353,432.0,0.0,duct_filler,0,1247.0
478.83817969591087,432.0,0.0,duct_filler,0,1247.0
485.7663829261867,432.0,0.0,duct_filler,0,1247.0
492.6945861564618,432.0,0.0,duct_filler,0,1247.0
499.6227893867376,432.0,0.0,duct_filler,0,1247.0
506.5509926170132,432.0,0.0,duct_filler,0,1247.0
513.4791958472888,432.0,0.0,duct_filler,0,1247.0
520.4073990775644,432.0,0.0,duct_filler,0,1247.0
527.33560230784,432.0,0.0,duct_filler,0,1247.0
534.2638055381158,432.0,0.0,duct_filler,0,1247.0
541.1920087683911,432.0,0.0,duct_filler,0,1247.0
548.1202119986667,432.0,0.0,duct_filler,0,1247.0
-550.0,426.0,0.0,duct_filler,0,1247.0
-508.43078061834694,426.0,0.0,duct_filler,0,1247.0
-501.5025773880715,426.0,0.0,duct_filler,0,1247.0
-494.57437415779594,426.0,0.0,duct_filler,0,1247.0
-487.6461709275204,426.0,0.0,duct_filler,0,1247.0
-480.71796769724494,426.0,0.0,duct_filler,0,1247.0
-473.7897644669694,426.0,0.0,duct_filler,0,1247.0
-466.8615612366939,426.0,0.0,duct_filler,0,1247.0
-459.93335800641836,426.0,0.0,duct_filler,0,1247.0
-453.00515477614283,426.0,0.0,duct_filler,0,1247.0
-446.07695154586736,426.0,0.0,duct_filler,0,1247.0
-439.14874831559183,426.0,0.0,duct_filler,0,1247.0
-432.2205450853163,426.0,0.0,duct_filler,0,1247.0
-425.29234185504083,426.0,0.0,duct_filler,0,1247.0
-418.36413862476525,426.0,0.0,duct_filler,0,1247.0
-411.4359353944898,426.0,0.0,duct_filler,0,1247.0
-404.5077321642143,426.0,0.0,duct_filler,0,1247.0
-397.57952893393883,426.0,0.0,duct_filler,0,1247.0
-390.6513257036633,426.0,0.0,duct_filler,0,1247.0
-383.72312247338783,426.0,0.0,duct_filler,0,1247.0
-376.7949192431123,426.0,0.0,duct_filler,0,1247.0
-369.86671601283683,426.0,0.0,duct_filler,0,1247.0
-362.9385127825613,426.0,0.0,duct_filler,0,1247.0
-356.01030955228583,426.0,0.0,duct_filler,0,1247.0
-342.15390309173483,426.0,0.0,duct_filler,0,1247.0
-335.22569986145925,426.0,0.0,duct_filler,0,1247.0
-155.09241587429574,426.0,0.0,duct_filler,0,1247.0
-148.1642126440201,426.0,0.0,duct_filler,0,1247.0
-141.23600941374474,426.0,0.0,duct_filler,0,1247.0
-134.3078061834692,426.0,0.0,duct_filler,0,1247.0
-127.37960295319363,426.0,0.0,duct_filler,0,1247.0
-120.4513997229181,426.0,0.0,duct_filler,0,1247.0
-113.52319649264263,426.0,0.0,duct_filler,0,1247.0
-106.5949932623671,426.0,0.0,duct_filler,0,1247.0
-99.66679003209157,426.0,0.0,duct_filler,0,1247.0
-92.73858680181598,426.0,0.0,duct_filler,0,1247.0
-85.81038357154046,426.0,0.0,duct_filler,0,1247.0
-78.88218034126493,426.0,0.0,duct_filler,0,1247.0
-71.95397711098934,426.0,0.0,duct_filler,0,1247.0
-65.02577388071381,426.0,0.0,duct_filler,0,1247.0
-58.09757065043834,426.0,0.0,duct_filler,0,1247.0
-51.169367420162814,426.0,0.0,duct_filler,0,1247.0
-44.241164189887286,426.0,0.0,duct_filler,0,1247.0
-37.3129609596117,426.0,0.0,duct_filler,0,1247.0
-30.384757729336343,426.0,0.0,duct_filler,0,1247.0
-23.45655449906087,426.0,0.0,duct_filler,0,1247.0
-16.5283512687854,426.0,0.0,duct_filler,0,1247.0
-9.600148038509928,426.0,0.0,duct_filler,0,1247.0
295.2407940936107,426.0,0.0,duct_filler,0,1247.0
302.1689973238865,426.0,0.0,duct_filler,0,1247.0
309.097200554162,426.0,0.0,duct_filler,0,1247.0
316.02540378443734,426.0,0.0,duct_filler,0,1247.0
322.9536070147128,426.0,0.0,duct_filler,0,1247.0
329.8818102449883,426.0,0.0,duct_filler,0,1247.0
336.81001347526364,426.0,0.0,duct_filler,0,1247.0
343.7382167055391,426.0,0.0,duct_filler,0,1247.0
350.6664199358146,426.0,0.0,duct_filler,0,1247.0
357.5946231660902,426.0,0.0,duct_filler,0,1247.0
364.52282639636553,426.0,0.0,duct_filler,0,1247.0
371.451029626641,426.0,0.0,duct_filler,0,1247.0
378.3792328569165,426.0,0.0,duct_filler,0,1247.0
385.30743608719183,426.0,0.0,duct_filler,0,1247.0
392.2356393174673,426.0,0.0,duct_filler,0,1247.0
399.1638425477428,426.0,0.0,duct_filler,0,1247.0
406.09204577801836,426.0,0.0,duct_filler,0,1247.0
413.02024900829383,426.0,0.0,duct_filler,0,1247.0
419.9484522385692,426.0,0.0,duct_filler,0,1247.0
426.87665546884466,426.0,0.0,duct_filler,0,1247.0
433.80485869912013,426.0,0.0,duct_filler,0,1247.0
440.7330619293955,426.0,0.0,duct_filler,0,1247.0
447.6612651596713,426.0,0.0,duct_filler,0,1247.0
454.58946838994655,426.0,0.0,duct_filler,0,1247.0
461.51767162022213,426.0,0.0,duct_filler,0,1247.0
468.4458748504976,426.0,0.0,duct_filler,0,1247.0
475.37407808077296,426.0,0.0,duct_filler,0,1247.0
482.3022813110488,426.0,0.0,duct_filler,0,1247.0
489.23048454132436,426.0,0.0,duct_filler,0,1247.0
496.15868777160017,426.0,0.0,duct_filler,0,1247.0
503.08689100187576,426.0,0.0,duct_filler,0,1247.0
510.0150942321511,426.0,0.0,duct_filler,0,1247.0
516.9432974624267,426.0,0.0,duct_filler,0,1247.0
523.8715006927023,426.0,0.0,duct_filler,0,1247.0
530.7997039229779,426.0,0.0,duct_filler,0,1247.0
537.7279071532535,426.0,0.0,duct_filler,0,1247.0
544.6561103835293,426.0,0.0,duct_filler,0,1247.0
551.5843136138046,426.0,0.0,duct_filler,0,1247.0
-511.89488223348474,420.0,0.0,duct_filler,0,1247.0
-504.9666790032092,420.0,0.0,duct_filler,0,1247.0
-498.0384757729337,420.0,0.0,duct_filler,0,1247.0
-491.1102725426582,420.0,0.0,duct_filler,0,1247.0
-484.1820693123827,420.0,0.0,duct_filler,0,1247.0
-477.25386608210715,420.0,0.0,duct_filler,0,1247.0
-470.3256628518316,420.0,0.0,duct_filler,0,1247.0
-463.39745962155615,420.0,0.0,duct_filler,0,1247.0
-456.4692563912806,420.0,0.0,duct_filler,0,1247.0
-449.54105316100515,420.0,0.0,duct_filler,0,1247.0
-442.6128499307296,420.0,0.0,duct_filler,0,1247.0
-435.6846467004541,420.0,0.0,duct_filler,0,1247.0
-428.75644347017857,420.0,0.0,duct_filler,0,1247.0
-421.8282402399031,420.0,0.0,duct_filler,0,1247.0
-414.90003700962757,420.0,0.0,duct_filler,0,1247.0
-407.9718337793521,420.0,0.0,duct_filler,0,1247.0
-401.0436305490765,420.0,0.0,duct_filler,0,1247.0
-394.11542731880104,420.0,0.0,duct_filler,0,1247.0
-387.18722408852557,420.0,0.0,duct_filler,0,1247.0
-380.2590208582501,420.0,0.0,duct_filler,0,1247.0
-373.33081762797457,420.0,0.0,duct_filler,0,1247.0
-366.40261439769904,420.0,0.0,duct_filler,0,1247.0
-359.47441116742357,420.0,0.0,duct_filler,0,1247.0
-144.70011102888253,420.0,0.0,duct_filler,0,1247.0
-137.77190779860695,420.0,0.0,duct_filler,0,1247.0
-130.84370456833142,420.0,0.0,duct_filler,0,1247.0
-123.91550133805589,420.0,0.0,duct_filler,0,1247.0
-116.9872981077803,420.0,0.0,duct_filler,0,1247.0
-110.05909487750478,420.0,0.0,duct_filler,0,1247.0
-103.1308916472293,420.0,0.0,duct_filler,0,1247.0
-96.20268841695378,420.0,0.0,duct_filler,0,1247.0
-89.27448518667825,420.0,0.0,duct_filler,0,1247.0
-82.34628195640266,420.0,0.0,duct_filler,0,1247.0
-75.41807872612725,420.0,0.0,duct_filler,0,1247.0
-68.48987549585166,420.0,0.0,duct_filler,0,1247.0
-61.561672265576135,420.0,0.0,duct_filler,0,1247.0
-54.63346903530061,420.0,0.0,duct_filler,0,1247.0
-47.70526580502502,420.0,0.0,duct_filler,0,1247.0
-40.77706257474949,420.0,0.0,duct_filler,0,1247.0
-33.84885934447402,420.0,0.0,duct_filler,0,1247.0
-26.920656114198437,420.0,0.0,duct_filler,0,1247.0
-19.99245288392308,420.0,0.0,duct_filler,0,1247.0
298.70489570874884,420.0,0.0,duct_filler,0,1247.0
305.6330989390242,420.0,0.0,duct_filler,0,1247.0
312.56130216929967,420.0,0.0,duct_filler,0,1247.0
319.48950539957514,420.0,0.0,duct_filler,0,1247.0
326.4177086298505,420.0,0.0,duct_filler,0,1247.0
333.34591186012597,420.0,0.0,duct_filler,0,1247.0
340.27411509040144,420.0,0.0,duct_filler,0,1247.0
347.2023183206768,420.0,0.0,duct_filler,0,1247.0
354.1305215509524,420.0,0.0,duct_filler,0,1247.0
361.05872478122785,420.0,0.0,duct_filler,0,1247.0
367.9869280115033,420.0,0.0,duct_filler,0,1247.0
374.9151312417787,420.0,0.0,duct_filler,0,1247.0
381.8433344720544,420.0,0.0,duct_filler,0,1247.0
388.77153770232974,420.0,0.0,duct_filler,0,1247.0
395.6997409326052,420.0,0.0,duct_filler,0,1247.0
402.6279441628807,420.0,0.0,duct_filler,0,1247.0
409.55614739315604,420.0,0.0,duct_filler,0,1247.0
416.4843506234315,420.0,0.0,duct_filler,0,1247.0
423.412553853707,420.0,0.0,duct_filler,0,1247.0
430.3407570839827,420.0,0.0,duct_filler,0,1247.0
437.2689603142578,420.0,0.0,duct_filler,0,1247.0
444.1971635445336,420.0,0.0,duct_filler,0,1247.0
451.125366774809,420.0,0.0,duct_filler,0,1247.0
458.05357000508445,420.0,0.0,duct_filler,0,1247.0
464.9817732353599,420.0,0.0,duct_filler,0,1247.0
471.9099764656353,420.0,0.0,duct_filler,0,1247.0
478.83817969591087,420.0,0.0,duct_filler,0,1247.0
485.7663829261867,420.0,0.0,duct_filler,0,1247.0
492.6945861564618,420.0,0.0,duct_filler,0,1247.0
499.6227893867376,420.0,0.0,duct_filler,0,1247.0
506.5509926170132,420.0,0.0,duct_filler,0,1247.0
513.4791958472888,420.0,0.0,duct_filler,0,1247.0
520.4073990775644,420.0,0.0,duct_filler,0,1247.0
527.33560230784,420.0,0.0,duct_filler,0,1247.0
534.2638055381158,420.0,0.0,duct_filler,0,1247.0
541.1920087683911,420.0,0.0,duct_filler,0,1247.0
548.1202119986667,420.0,0.0,duct_filler,0,1247.0
-501.5025773880715,414.0,0.0,duct_filler,0,1247.0
-494.57437415779594,414.0,0.0,duct_filler,0,1247.0
-487.6461709275204,414.0,0.0,duct_filler,0,1247.0
-480.71796769724494,414.0,0.0,duct_filler,0,1247.0
-466.8615612366939,414.0,0.0,duct_filler,0,1247.0
-459.93335800641836,414.0,0.0,duct_filler,0,1247.0
-453.00515477614283,414.0,0.0,duct_filler,0,1247.0
-446.07695154586736,414.0,0.0,duct_filler,0,1247.0
-439.14874831559183,414.0,0.0,duct_filler,0,1247.0
-432.2205450853163,414.0,0.0,duct_filler,0,1247.0
-425.29234185504083,414.0,0.0,duct_filler,0,1247.0
-418.36413862476525,414.0,0.0,duct_filler,0,1247.0
-411.4359353944898,414.0,0.0,duct_filler,0,1247.0
-404.5077321642143,414.0,0.0,duct_filler,0,1247.0
-397.57952893393883,414.0,0.0,duct_filler,0,1247.0
-390.6513257036633,414.0,0.0,duct_filler,0,1247.0
-383.72312247338783,414.0,0.0,duct_filler,0,1247.0
-376.7949192431123,414.0,0.0,duct_filler,0,1247.0
-369.86671601283683,414.0,0.0,duct_filler,0,1247.0
-134.3078061834692,414.0,0.0,duct_filler,0,1247.0
-127.37960295319363,414.0,0.0,duct_filler,0,1247.0
-120.4513997229181,414.0,0.0,duct_filler,0,1247.0
-113.52319649264263,414.0,0.0,duct_filler,0,1247.0
-106.5949932623671,414.0,0.0,duct_filler,0,1247.0
-99.66679003209157,414.0,0.0,duct_filler,0,1247.0
-92.73858680181598,414.0,0.0,duct_filler,0,1247.0
-85.81038357154046,414.0,0.0,duct_filler,0,1247.0
-78.88218034126493,414.0,0.0,duct_filler,0,1247.0
-71.95397711098934,414.0,0.0,duct_filler,0,1247.0
-65.02577388071381,414.0,0.0,duct_filler,0,1247.0
-58.09757065043834,414.0,0.0,duct_filler,0,1247.0
-51.169367420162814,414.0,0.0,duct_filler,0,1247.0
-44.241164189887286,414.0,0.0,duct_filler,0,1247.0
-37.3129609596117,414.0,0.0,duct_filler,0,1247.0
-30.384757729336343,414.0,0.0,duct_filler,0,1247.0
-23.45655449906087,414.0,0.0,duct_filler,0,1247.0
302.1689973238865,414.0,0.0,duct_filler,0,1247.0
309.097200554162,414.0,0.0,duct_filler,0,1247.0
316.02540378443734,414.0,0.0,duct_filler,0,1247.0
322.9536070147128,414.0,0.0,duct_filler,0,1247.0
329.8818102449883,414.0,0.0,duct_filler,0,1247.0
336.81001347526364,414.0,0.0,duct_filler,0,1247.0
343.7382167055391,414.0,0.0,duct_filler,0,1247.0
350.6664199358146,414.0,0.0,duct_filler,0,1247.0
357.5946231660902,414.0,0.0,duct_filler,0,1247.0
364.52282639636553,414.0,0.0,duct_filler,0,1247.0
371.451029626641,414.0,0.0,duct_filler,0,1247.0
378.3792328569165,414.0,0.0,duct_filler,0,1247.0
385.30743608719183,414.0,0.0,duct_filler,0,1247.0
392.2356393174673,414.0,0.0,duct_filler,0,1247.0
399.1638425477428,414.0,0.0,duct_filler,0,1247.0
406.09204577801836,414.0,0.0,duct_filler,0,1247.0
413.02024900829383,414.0,0.0,duct_filler,0,1247.0
419.9484522385692,414.0,0.0,duct_filler,0,1247.0
426.87665546884466,414.0,0.0,duct_filler,0,1247.0
433.80485869912013,414.0,0.0,duct_filler,0,1247.0
440.7330619293955,414.0,0.0,duct_filler,0,1247.0
447.6612651596713,414.0,0.0,duct_filler,0,1247.0
454.58946838994655,414.0,0.0,duct_filler,0,1247.0
461.51767162022213,414.0,0.0,duct_filler,0,1247.0
468.4458748504976,414.0,0.0,duct_filler,0,1247.0
475.37407808077296,414.0,0.0,duct_filler,0,1247.0
482.3022813110488,414.0,0.0,duct_filler,0,1247.0
489.23048454132436,414.0,0.0,duct_filler,0,1247.0
496.15868777160017,414.0,0.0,duct_filler,0,1247.0
503.08689100187576,414.0,0.0,duct_filler,0,1247.0
510.0150942321511,414.0,0.0,duct_filler,0,1247.0
516.9432974624267,414.0,0.0,duct_filler,0,1247.0
523.8715006927023,414.0,0.0,duct_filler,0,1247.0
530.7997039229779,414.0,0.0,duct_filler,0,1247.0
537.7279071532535,414.0,0.0,duct_filler,0,1247.0
544.6561103835293,414.0,0.0,duct_filler,0,1247.0
551.5843136138046,414.0,0.0,duct_filler,0,1247.0
-491.1102725426582,408.0,0.0,duct_filler,0,1247.0
-463.39745962155615,408.0,0.0,duct_filler,0,1247.0
-456.4692563912806,408.0,0.0,duct_filler,0,1247.0
-449.54105316100515,408.0,0.0,duct_filler,0,1247.0
-442.6128499307296,408.0,0.0,duct_filler,0,1247.0
-435.6846467004541,408.0,0.0,duct_filler,0,1247.0
-428.75644347017857,408.0,0.0,duct_filler,0,1247.0
-414.90003700962757,408.0,0.0,duct_filler,0,1247.0
-407.9718337793521,408.0,0.0,duct_filler,0,1247.0
-130.84370456833142,408.0,0.0,duct_filler,0,1247.0
-123.91550133805589,408.0,0.0,duct_filler,0,1247.0
-116.9872981077803,408.0,0.0,duct_filler,0,1247.0
-110.05909487750478,408.0,0.0,duct_filler,0,1247.0
-103.1308916472293,408.0,0.0,duct_filler,0,1247.0
-96.20268841695378,408.0,0.0,duct_filler,0,1247.0
-89.27448518667825,408.0,0.0,duct_filler,0,1247.0
-82.34628195640266,408.0,0.0,duct_filler,0,1247.0
-75.41807872612725,408.0,0.0,duct_filler,0,1247.0
-68.48987549585166,408.0,0.0,duct_filler,0,1247.0
-61.561672265576135,408.0,0.0,duct_filler,0,1247.0
-54.63346903530061,408.0,0.0,duct_filler,0,1247.0
-47.70526580502502,408.0,0.0,duct_filler,0,1247.0
298.70489570874884,408.0,0.0,duct_filler,0,1247.0
305.6330989390242,408.0,0.0,duct_filler,0,1247.0
312.56130216929967,408.0,0.0,duct_filler,0,1247.0
319.48950539957514,408.0,0.0,duct_filler,0,1247.0
326.4177086298505,408.0,0.0,duct_filler,0,1247.0
333.34591186012597,408.0,0.0,duct_filler,0,1247.0
340.27411509040144,408.0,0.0,duct_filler,0,1247.0
347.2023183206768,408.0,0.0,duct_filler,0,1247.0
354.1305215509524,408.0,0.0,duct_filler,0,1247.0
361.05872478122785,408.0,0.0,duct_filler,0,1247.0
367.9869280115033,408.0,0.0,duct_filler,0,1247.0
374.9151312417787,408.0,0.0,duct_filler,0,1247.0
381.8433344720544,408.0,0.0,duct_filler,0,1247.0
388.77153770232974,408.0,0.0,duct_filler,0,1247.0
395.6997409326052,408.0,0.0,duct_filler,0,1247.0
402.6279441628807,408.0,0.0,duct_filler,0,1247.0
409.55614739315604,408.0,0.0,duct_filler,0,1247.0
416.4843506234315,408.0,0.0,duct_filler,0,1247.0
423.412553853707,408.0,0.0,duct_filler,0,1247.0
430.3407570839827,408.0,0.0,duct_filler,0,1247.0
437.2689603142578,408.0,0.0,duct_filler,0,1247.0
444.1971635445336,408.0,0.0,duct_filler,0,1247.0
451.125366774809,408.0,0.0,duct_filler,0,1247.0
458.05357000508445,408.0,0.0,duct_filler,0,1247.0
464.9817732353599,408.0,0.0,duct_filler,0,1247.0
471.9099764656353,408.0,0.0,duct_filler,0,1247.0
478.83817969591087,408.0,0.0,duct_filler,0,1247.0
485.7663829261867,408.0,0.0,duct_filler,0,1247.0
492.6945861564618,408.0,0.0,duct_filler,0,1247.0
499.6227893867376,408.0,0.0,duct_filler,0,1247.0
506.5509926170132,408.0,0.0,duct_filler,0,1247.0
513.4791958472888,408.0,0.0,duct_filler,0,1247.0
520.4073990775644,408.0,0.0,duct_filler,0,1247.0
527.33560230784,408.0,0.0,duct_filler,0,1247.0
534.2638055381158,408.0,0.0,duct_filler,0,1247.0
541.1920087683911,408.0,0.0,duct_filler,0,1247.0
548.1202119986667,408.0,0.0,duct_filler,0,1247.0
-453.00515477614283,402.0,0.0,duct_filler,0,1247.0
-446.07695154586736,402.0,0.0,duct_filler,0,1247.0
-127.37960295319363,402.0,0.0,duct_filler,0,1247.0
-120.4513997229181,402.0,0.0,duct_filler,0,1247.0
-113.52319649264263,402.0,0.0,duct_filler,0,1247.0
-106.5949932623671,402.0,0.0,duct_filler,0,1247.0
-99.66679003209157,402.0,0.0,duct_filler,0,1247.0
-92.73858680181598,402.0,0.0,duct_filler,0,1247.0
-85.81038357154046,402.0,0.0,duct_filler,0,1247.0
-78.88218034126493,402.0,0.0,duct_filler,0,1247.0
-71.95397711098934,402.0,0.0,duct_filler,0,1247.0
-65.02577388071381,402.0,0.0,duct_filler,0,1247.0
309.097200554162,402.0,0.0,duct_filler,0,1247.0
316.02540378443734,402.0,0.0,duct_filler,0,1247.0
322.9536070147128,402.0,0.0,duct_filler,0,1247.0
329.8818102449883,402.0,0.0,duct_filler,0,1247.0
336.81001347526364,402.0,0.0,duct_filler,0,1247.0
343.7382167055391,402.0,0.0,duct_filler,0,1247.0
350.6664199358146,402.0,0.0,duct_filler,0,1247.0
357.5946231660902,402.0,0.0,duct_filler,0,1247.0
364.52282639636553,402.0,0.0,duct_filler,0,1247.0
371.451029626641,402.0,0.0,duct_filler,0,1247.0
378.3792328569165,402.0,0.0,duct_filler,0,1247.0
385.30743608719183,402.0,0.0,duct_filler,0,1247.0
392.2356393174673,402.0,0.0,duct_filler,0,1247.0
399.1638425477428,402.0,0.0,duct_filler,0,1247.0
406.09204577801836,402.0,0.0,duct_filler,0,1247.0
413.02024900829383,402.0,0.0,duct_filler,0,1247.0
419.9484522385692,402.0,0.0,duct_filler,0,1247.0
426.87665546884466,402.0,0.0,duct_filler,0,1247.0
433.80485869912013,402.0,0.0,duct_filler,0,1247.0
440.7330619293955,402.0,0.0,duct_filler,0,1247.0
447.6612651596713,402.0,0.0,duct_filler,0,1247.0
454.58946838994655,402.0,0.0,duct_filler,0,1247.0
461.51767162022213,402.0,0.0,duct_filler,0,1247.0
468.4458748504976,402.0,0.0,duct_filler,0,1247.0
475.37407808077296,402.0,0.0,duct_filler,0,1247.0
482.3022813110488,402.0,0.0,duct_filler,0,1247.0
489.23048454132436,402.0,0.0,duct_filler,0,1247.0
496.15868777160017,402.0,0.0,duct_filler,0,1247.0
503.08689100187576,402.0,0.0,duct_filler,0,1247.0
510.0150942321511,402.0,0.0,duct_filler,0,1247.0
516.9432974624267,402.0,0.0,duct_filler,0,1247.0
523.8715006927023,402.0,0.0,duct_filler,0,1247.0
530.7997039229779,402.0,0.0,duct_filler,0,1247.0
537.7279071532535,402.0,0.0,duct_filler,0,1247.0
544.6561103835293,402.0,0.0,duct_filler,0,1247.0
551.5843136138046,402.0,0.0,duct_filler,0,1247.0
-123.91550133805589,396.0,0.0,duct_filler,0,1247.0
-116.9872981077803,396.0,0.0,duct_filler,0,1247.0
-110.05909487750478,396.0,0.0,duct_filler,0,1247.0
-103.1308916472293,396.0,0.0,duct_filler,0,1247.0
-96.20268841695378,396.0,0.0,duct_filler,0,1247.0
-89.27448518667825,396.0,0.0,duct_filler,0,1247.0
-82.34628195640266,396.0,0.0,duct_filler,0,1247.0
-75.41807872612725,396.0,0.0,duct_filler,0,1247.0
312.56130216929967,396.0,0.0,duct_filler,0,1247.0
319.48950539957514,396.0,0.0,duct_filler,0,1247.0
326.4177086298505,396.0,0.0,duct_filler,0,1247.0
333.34591186012597,396.0,0.0,duct_filler,0,1247.0
340.27411509040144,396.0,0.0,duct_filler,0,1247.0
347.2023183206768,396.0,0.0,duct_filler,0,1247.0
354.1305215509524,396.0,0.0,duct_filler,0,1247.0
361.05872478122785,396.0,0.0,duct_filler,0,1247.0
367.9869280115033,396.0,0.0,duct_filler,0,1247.0
374.9151312417787,396.0,0.0,duct_filler,0,1247.0
381.8433344720544,396.0,0.0,duct_filler,0,1247.0
388.77153770232974,396.0,0.0,duct_filler,0,1247.0
395.6997409326052,396.0,0.0,duct_filler,0,1247.0
402.6279441628807,396.0,0.0,duct_filler,0,1247.0
409.55614739315604,396.0,0.0,duct_filler,0,1247.0
416.4843506234315,396.0,0.0,duct_filler,0,1247.0
423.412553853707,396.0,0.0,duct_filler,0,1247.0
430.3407570839827,396.0,0.0,duct_filler,0,1247.0
437.2689603142578,396.0,0.0,duct_filler,0,1247.0
444.1971635445336,396.0,0.0,duct_filler,0,1247.0
451.125366774809,396.0,0.0,duct_filler,0,1247.0
458.05357000508445,396.0,0.0,duct_filler,0,1247.0
464.9817732353599,396.0,0.0,duct_filler,0,1247.0
471.9099764656353,396.0,0.0,duct_filler,0,1247.0
478.83817969591087,396.0,0.0,duct_filler,0,1247.0
485.7663829261867,396.0,0.0,duct_filler,0,1247.0
492.6945861564618,396.0,0.0,duct_filler,0,1247.0
499.6227893867376,396.0,0.0,duct_filler,0,1247.0
506.5509926170132,396.0,0.0,duct_filler,0,1247.0
513.4791958472888,396.0,0.0,duct_filler,0,1247.0
520.4073990775644,396.0,0.0,duct_filler,0,1247.0
527.33560230784,396.0,0.0,duct_filler,0,1247.0
534.2638055381158,396.0,0.0,duct_filler,0,1247.0
541.1920087683911,396.0,0.0,duct_filler,0,1247.0
548.1202119986667,396.0,0.0,duct_filler,0,1247.0
128.9639165669995,390.0,0.0,duct_filler,0,1247.0
316.02540378443734,390.0,0.0,duct_filler,0,1247.0
322.9536070147128,390.0,0.0,duct_filler,0,1247.0
329.8818102449883,390.0,0.0,duct_filler,0,1247.0
336.81001347526364,390.0,0.0,duct_filler,0,1247.0
343.7382167055391,390.0,0.0,duct_filler,0,1247.0
350.6664199358146,390.0,0.0,duct_filler,0,1247.0
357.5946231660902,390.0,0.0,duct_filler,0,1247.0
364.52282639636553,390.0,0.0,duct_filler,0,1247.0
371.451029626641,390.0,0.0,duct_filler,0,1247.0
378.3792328569165,390.0,0.0,duct_filler,0,1247.0
385.30743608719183,390.0,0.0,duct_filler,0,1247.0
392.2356393174673,390.0,0.0,duct_filler,0,1247.0
399.1638425477428,390.0,0.0,duct_filler,0,1247.0
406.09204577801836,390.0,0.0,duct_filler,0,1247.0
413.02024900829383,390.0,0.0,duct_filler,0,1247.0
419.9484522385692,390.0,0.0,duct_filler,0,1247.0
426.87665546884466,390.0,0.0,duct_filler,0,1247.0
433.80485869912013,390.0,0.0,duct_filler,0,1247.0
440.7330619293955,390.0,0.0,duct_filler,0,1247.0
447.6612651596713,390.0,0.0,duct_filler,0,1247.0
454.58946838994655,390.0,0.0,duct_filler,0,1247.0
461.51767162022213,390.0,0.0,duct_filler,0,1247.0
468.4458748504976,390.0,0.0,duct_filler,0,1247.0
475.37407808077296,390.0,0.0,duct_filler,0,1247.0
482.3022813110488,390.0,0.0,duct_filler,0,1247.0
489.23048454132436,390.0,0.0,duct_filler,0,1247.0
496.15868777160017,390.0,0.0,duct_filler,0,1247.0
503.08689100187576,390.0,0.0,duct_filler,0,1247.0
510.0150942321511,390.0,0.0,duct_filler,0,1247.0
516.9432974624267,390.0,0.0,duct_filler,0,1247.0
523.8715006927023,390.0,0.0,duct_filler,0,1247.0
530.7997039229779,390.0,0.0,duct_filler,0,1247.0
537.7279071532535,390.0,0.0,duct_filler,0,1247.0
544.6561103835293,390.0,0.0,duct_filler,0,1247.0
551.5843136138046,390.0,0.0,duct_filler,0,1247.0
70.07418910965805,384.0,0.0,duct_filler,0,1247.0
90.85879880048446,384.0,0.0,duct_filler,0,1247.0
118.57161172158635,384.0,0.0,duct_filler,0,1247.0
125.49981495186182,384.0,0.0,duct_filler,0,1247.0
132.4280181821373,384.0,0.0,duct_filler,0,1247.0
319.48950539957514,384.0,0.0,duct_filler,0,1247.0
326.4177086298505,384.0,0.0,duct_filler,0,1247.0
333.34591186012597,384.0,0.0,duct_filler,0,1247.0
340.27411509040144,384.0,0.0,duct_filler,0,1247.0
347.2023183206768,384.0,0.0,duct_filler,0,1247.0
354.1305215509524,384.0,0.0,duct_filler,0,1247.0
361.05872478122785,384.0,0.0,duct_filler,0,1247.0
367.9869280115033,384.0,0.0,duct_filler,0,1247.0
374.9151312417787,384.0,0.0,duct_filler,0,1247.0
381.8433344720544,384.0,0.0,duct_filler,0,1247.0
388.77153770232974,384.0,0.0,duct_filler,0,1247.0
395.6997409326052,384.0,0.0,duct_filler,0,1247.0
402.6279441628807,384.0,0.0,duct_filler,0,1247.0
409.55614739315604,384.0,0.0,duct_filler,0,1247.0
416.4843506234315,384.0,0.0,duct_filler,0,1247.0
423.412553853707,384.0,0.0,duct_filler,0,1247.0
430.3407570839827,384.0,0.0,duct_filler,0,1247.0
437.2689603142578,384.0,0.0,duct_filler,0,1247.0
444.1971635445336,384.0,0.0,duct_filler,0,1247.0
451.125366774809,384.0,0.0,duct_filler,0,1247.0
458.05357000508445,384.0,0.0,duct_filler,0,1247.0
464.9817732353599,384.0,0.0,duct_filler,0,1247.0
471.9099764656353,384.0,0.0,duct_filler,0,1247.0
478.83817969591087,384.0,0.0,duct_filler,0,1247.0
485.7663829261867,384.0,0.0,duct_filler,0,1247.0
492.6945861564618,384.0,0.0,duct_filler,0,1247.0
499.6227893867376,384.0,0.0,duct_filler,0,1247.0
506.5509926170132,384.0,0.0,duct_filler,0,1247.0
513.4791958472888,384.0,0.0,duct_filler,0,1247.0
520.4073990775644,384.0,0.0,duct_filler,0,1247.0
527.33560230784,384.0,0.0,duct_filler,0,1247.0
534.2638055381158,384.0,0.0,duct_filler,0,1247.0
541.1920087683911,384.0,0.0,duct_filler,0,1247.0
548.1202119986667,384.0,0.0,duct_filler,0,1247.0
66.61008749452026,378.0,0.0,duct_filler,0,1247.0
73.53829072479573,378.0,0.0,duct_filler,0,1247.0
80.4664939550712,378.0,0.0,duct_filler,0,1247.0
87.39469718534656,378.0,0.0,duct_filler,0,1247.0
94.32290041562203,378.0,0.0,duct_filler,0,1247.0
101.25110364589762,378.0,0.0,duct_filler,0,1247.0
108.17930687617309,378.0,0.0,duct_filler,0,1247.0
115.10751010644856,378.0,0.0,duct_filler,0,1247.0
122.03571333672403,378.0,0.0,duct_filler,0,1247.0
128.9639165669995,378.0,0.0,duct_filler,0,1247.0
135.89211979727497,378.0,0.0,duct_filler,0,1247.0
322.9536070147128,378.0,0.0,duct_filler,0,1247.0
329.8818102449883,378.0,0.0,duct_filler,0,1247.0
336.81001347526364,378.0,0.0,duct_filler,0,1247.0
343.7382167055391,378.0,0.0,duct_filler,0,1247.0
350.6664199358146,378.0,0.0,duct_filler,0,1247.0
357.5946231660902,378.0,0.0,duct_filler,0,1247.0
364.52282639636553,378.0,0.0,duct_filler,0,1247.0
371.451029626641,378.0,0.0,duct_filler,0,1247.0
378.3792328569165,378.0,0.0,duct_filler,0,1247.0
385.30743608719183,378.0,0.0,duct_filler,0,1247.0
392.2356393174673,378.0,0.0,duct_filler,0,1247.0
399.1638425477428,378.0,0.0,duct_filler,0,1247.0
406.09204577801836,378.0,0.0,duct_filler,0,1247.0
413.02024900829383,378.0,0.0,duct_filler,0,1247.0
419.9484522385692,378.0,0.0,duct_filler,0,1247.0
426.87665546884466,378.0,0.0,duct_filler,0,1247.0
433.80485869912013,378.0,0.0,duct_filler,0,1247.0
440.7330619293955,378.0,0.0,duct_filler,0,1247.0
447.6612651596713,378.0,0.0,duct_filler,0,1247.0
454.58946838994655,378.0,0.0,duct_filler,0,1247.0
461.51767162022213,378.0,0.0,duct_filler,0,1247.0
468.4458748504976,378.0,0.0,duct_filler,0,1247.0
475.37407808077296,378.0,0.0,duct_filler,0,1247.0
482.3022813110488,378.0,0.0,duct_filler,0,1247.0
489.23048454132436,378.0,0.0,duct_filler,0,1247.0
496.15868777160017,378.0,0.0,duct_filler,0,1247.0
503.08689100187576,378.0,0.0,duct_filler,0,1247.0
510.0150942321511,378.0,0.0,duct_filler,0,1247.0
516.9432974624267,378.0,0.0,duct_filler,0,1247.0
523.8715006927023,378.0,0.0,duct_filler,0,1247.0
530.7997039229779,378.0,0.0,duct_filler,0,1247.0
537.7279071532535,378.0,0.0,duct_filler,0,1247.0
544.6561103835293,378.0,0.0,duct_filler,0,1247.0
551.5843136138046,378.0,0.0,duct_filler,0,1247.0
14.648563267454392,372.0,0.0,duct_filler,0,1247.0
21.57676649772975,372.0,0.0,duct_filler,0,1247.0
70.07418910965805,372.0,0.0,duct_filler,0,1247.0
77.00239233993341,372.0,0.0,duct_filler,0,1247.0
83.9305955702091,372.0,0.0,duct_filler,0,1247.0
90.85879880048446,372.0,0.0,duct_filler,0,1247.0
97.78700203076005,372.0,0.0,duct_filler,0,1247.0
104.71520526103541,372.0,0.0,duct_filler,0,1247.0
111.64340849131088,372.0,0.0,duct_filler,0,1247.0
118.57161172158635,372.0,0.0,duct_filler,0,1247.0
125.49981495186182,372.0,0.0,duct_filler,0,1247.0
132.4280181821373,372.0,0.0,duct_filler,0,1247.0
139.35622141241265,372.0,0.0,duct_filler,0,1247.0
333.34591186012597,372.0,0.0,duct_filler,0,1247.0
340.27411509040144,372.0,0.0,duct_filler,0,1247.0
347.2023183206768,372.0,0.0,duct_filler,0,1247.0
354.1305215509524,372.0,0.0,duct_filler,0,1247.0
361.05872478122785,372.0,0.0,duct_filler,0,1247.0
367.9869280115033,372.0,0.0,duct_filler,0,1247.0
374.9151312417787,372.0,0.0,duct_filler,0,1247.0
381.8433344720544,372.0,0.0,duct_filler,0,1247.0
388.77153770232974,372.0,0.0,duct_filler,0,1247.0
395.6997409326052,372.0,0.0,duct_filler,0,1247.0
402.6279441628807,372.0,0.0,duct_filler,0,1247.0
409.55614739315604,372.0,0.0,duct_filler,0,1247.0
416.4843506234315,372.0,0.0,duct_filler,0,1247.0
423.412553853707,372.0,0.0,duct_filler,0,1247.0
430.3407570839827,372.0,0.0,duct_filler,0,1247.0
437.2689603142578,372.0,0.0,duct_filler,0,1247.0
444.1971635445336,372.0,0.0,duct_filler,0,1247.0
451.125366774809,372.0,0.0,duct_filler,0,1247.0
458.05357000508445,372.0,0.0,duct_filler,0,1247.0
464.9817732353599,372.0,0.0,duct_filler,0,1247.0
471.9099764656353,372.0,0.0,duct_filler,0,1247.0
478.83817969591087,372.0,0.0,duct_filler,0,1247.0
485.7663829261867,372.0,0.0,duct_filler,0,1247.0
492.6945861564618,372.0,0.0,duct_filler,0,1247.0
499.6227893867376,372.0,0.0,duct_filler,0,1247.0
506.5509926170132,372.0,0.0,duct_filler,0,1247.0
513.4791958472888,372.0,0.0,duct_filler,0,1247.0
520.4073990775644,372.0,0.0,duct_filler,0,1247.0
527.33560230784,372.0,0.0,duct_filler,0,1247.0
534.2638055381158,372.0,0.0,duct_filler,0,1247.0
541.1920087683911,372.0,0.0,duct_filler,0,1247.0
548.1202119986667,372.0,0.0,duct_filler,0,1247.0
11.184461652316372,366.0,0.0,duct_filler,0,1247.0
18.112664882591957,366.0,0.0,duct_filler,0,1247.0
25.040868112867543,366.0,0.0,duct_filler,0,1247.0
31.9690713431429,366.0,0.0,duct_filler,0,1247.0
59.6818842642449,366.0,0.0,duct_filler,0,1247.0
73.53829072479573,366.0,0.0,duct_filler,0,1247.0
80.4664939550712,366.0,0.0,duct_filler,0,1247.0
87.39469718534656,366.0,0.0,duct_filler,0,1247.0
94.32290041562203,366.0,0.0,duct_filler,0,1247.0
101.25110364589762,366.0,0.0,duct_filler,0,1247.0
108.17930687617309,366.0,0.0,duct_filler,0,1247.0
115.10751010644856,366.0,0.0,duct_filler,0,1247.0
122.03571333672403,366.0,0.0,duct_filler,0,1247.0
128.9639165669995,366.0,0.0,duct_filler,0,1247.0
135.89211979727497,366.0,0.0,duct_filler,0,1247.0
336.81001347526364,366.0,0.0,duct_filler,0,1247.0
343.7382167055391,366.0,0.0,duct_filler,0,1247.0
350.6664199358146,366.0,0.0,duct_filler,0,1247.0
357.5946231660902,366.0,0.0,duct_filler,0,1247.0
364.52282639636553,366.0,0.0,duct_filler,0,1247.0
371.451029626641,366.0,0.0,duct_filler,0,1247.0
378.3792328569165,366.0,0.0,duct_filler,0,1247.0
385.30743608719183,366.0,0.0,duct_filler,0,1247.0
392.2356393174673,366.0,0.0,duct_filler,0,1247.0
399.1638425477428,366.0,0.0,duct_filler,0,1247.0
406.09204577801836,366.0,0.0,duct_filler,0,1247.0
413.02024900829383,366.0,0.0,duct_filler,0,1247.0
419.9484522385692,366.0,0.0,duct_filler,0,1247.0
426.87665546884466,366.0,0.0,duct_filler,0,1247.0
433.80485869912013,366.0,0.0,duct_filler,0,1247.0
440.7330619293955,366.0,0.0,duct_filler,0,1247.0
447.6612651596713,366.0,0.0,duct_filler,0,1247.0
454.58946838994655,366.0,0.0,duct_filler,0,1247.0
461.51767162022213,366.0,0.0,duct_filler,0,1247.0
468.4458748504976,366.0,0.0,duct_filler,0,1247.0
475.37407808077296,366.0,0.0,duct_filler,0,1247.0
482.3022813110488,366.0,0.0,duct_filler,0,1247.0
489.23048454132436,366.0,0.0,duct_filler,0,1247.0
496.15868777160017,366.0,0.0,duct_filler,0,1247.0
503.08689100187576,366.0,0.0,duct_filler,0,1247.0
510.0150942321511,366.0,0.0,duct_filler,0,1247.0
516.9432974624267,366.0,0.0,duct_filler,0,1247.0
523.8715006927023,366.0,0.0,duct_filler,0,1247.0
530.7997039229779,366.0,0.0,duct_filler,0,1247.0
537.7279071532535,366.0,0.0,duct_filler,0,1247.0
544.6561103835293,366.0,0.0,duct_filler,0,1247.0
551.5843136138046,366.0,0.0,duct_filler,0,1247.0
-13.064249653647607,360.0,0.0,duct_filler,0,1247.0
-6.136046423372136,360.0,0.0,duct_filler,0,1247.0
0.7921568069033356,360.0,0.0,duct_filler,0,1247.0
7.720360037178807,360.0,0.0,duct_filler,0,1247.0
14.648563267454392,360.0,0.0,duct_filler,0,1247.0
21.57676649772975,360.0,0.0,duct_filler,0,1247.0
28.50496972800522,360.0,0.0,duct_filler,0,1247.0
35.43317295828069,360.0,0.0,duct_filler,0,1247.0
42.361376188556164,360.0,0.0,duct_filler,0,1247.0
49.289579418831636,360.0,0.0,duct_filler,0,1247.0
56.21778264910711,360.0,0.0,duct_filler,0,1247.0
63.14598587938258,360.0,0.0,duct_filler,0,1247.0
70.07418910965805,360.0,0.0,duct_filler,0,1247.0
77.00239233993341,360.0,0.0,duct_filler,0,1247.0
83.9305955702091,360.0,0.0,duct_filler,0,1247.0
97.78700203076005,360.0,0.0,duct_filler,0,1247.0
104.71520526103541,360.0,0.0,duct_filler,0,1247.0
111.64340849131088,360.0,0.0,duct_filler,0,1247.0
118.57161172158635,360.0,0.0,duct_filler,0,1247.0
125.49981495186182,360.0,0.0,duct_filler,0,1247.0
132.4280181821373,360.0,0.0,duct_filler,0,1247.0
340.27411509040144,360.0,0.0,duct_filler,0,1247.0
347.2023183206768,360.0,0.0,duct_filler,0,1247.0
354.1305215509524,360.0,0.0,duct_filler,0,1247.0
361.05872478122785,360.0,0.0,duct_filler,0,1247.0
367.9869280115033,360.0,0.0,duct_filler,0,1247.0
374.9151312417787,360.0,0.0,duct_filler,0,1247.0
381.8433344720544,360.0,0.0,duct_filler,0,1247.0
388.77153770232974,360.0,0.0,duct_filler,0,1247.0
395.6997409326052,360.0,0.0,duct_filler,0,1247.0
402.6279441628807,360.0,0.0,duct_filler,0,1247.0
409.55614739315604,360.0,0.0,duct_filler,0,1247.0
416.4843506234315,360.0,0.0,duct_filler,0,1247.0
423.412553853707,360.0,0.0,duct_filler,0,1247.0
430.3407570839827,360.0,0.0,duct_filler,0,1247.0
437.2689603142578,360.0,0.0,duct_filler,0,1247.0
444.1971635445336,360.0,0.0,duct_filler,0,1247.0
451.125366774809,360.0,0.0,duct_filler,0,1247.0
458.05357000508445,360.0,0.0,duct_filler,0,1247.0
464.9817732353599,360.0,0.0,duct_filler,0,1247.0
471.9099764656353,360.0,0.0,duct_filler,0,1247.0
478.83817969591087,360.0,0.0,duct_filler,0,1247.0
485.7663829261867,360.0,0.0,duct_filler,0,1247.0
492.6945861564618,360.0,0.0,duct_filler,0,1247.0
499.6227893867376,360.0,0.0,duct_filler,0,1247.0
506.5509926170132,360.0,0.0,duct_filler,0,1247.0
513.4791958472888,360.0,0.0,duct_filler,0,1247.0
520.4073990775644,360.0,0.0,duct_filler,0,1247.0
527.33560230784,360.0,0.0,duct_filler,0,1247.0
534.2638055381158,360.0,0.0,duct_filler,0,1247.0
541.1920087683911,360.0,0.0,duct_filler,0,1247.0
548.1202119986667,360.0,0.0,duct_filler,0,1247.0
-9.600148038509928,354.0,0.0,duct_filler,0,1247.0
-2.671944808234457,354.0,0.0,duct_filler,0,1247.0
4.256258422040901,354.0,0.0,duct_filler,0,1247.0
11.184461652316372,354.0,0.0,duct_filler,0,1247.0
18.112664882591957,354.0,0.0,duct_filler,0,1247.0
25.040868112867543,354.0,0.0,duct_filler,0,1247.0
31.9690713431429,354.0,0.0,duct_filler,0,1247.0
38.89727457341837,354.0,0.0,duct_filler,0,1247.0
45.82547780369384,354.0,0.0,duct_filler,0,1247.0
52.753681033969315,354.0,0.0,duct_filler,0,1247.0
59.6818842642449,354.0,0.0,duct_filler,0,1247.0
80.4664939550712,354.0,0.0,duct_filler,0,1247.0
87.39469718534656,354.0,0.0,duct_filler,0,1247.0
115.10751010644856,354.0,0.0,duct_filler,0,1247.0
122.03571333672403,354.0,0.0,duct_filler,0,1247.0
350.6664199358146,354.0,0.0,duct_filler,0,1247.0
357.5946231660902,354.0,0.0,duct_filler,0,1247.0
364.52282639636553,354.0,0.0,duct_filler,0,1247.0
371.451029626641,354.0,0.0,duct_filler,0,1247.0
378.3792328569165,354.0,0.0,duct_filler,0,1247.0
385.30743608719183,354.0,0.0,duct_filler,0,1247.0
392.2356393174673,354.0,0.0,duct_filler,0,1247.0
399.1638425477428,354.0,0.0,duct_filler,0,1247.0
406.09204577801836,354.0,0.0,duct_filler,0,1247.0
413.02024900829383,354.0,0.0,duct_filler,0,1247.0
419.9484522385692,354.0,0.0,duct_filler,0,1247.0
426.87665546884466,354.0,0.0,duct_filler,0,1247.0
433.80485869912013,354.0,0.0,duct_filler,0,1247.0
440.7330619293955,354.0,0.0,duct_filler,0,1247.0
447.6612651596713,354.0,0.0,duct_filler,0,1247.0
454.58946838994655,354.0,0.0,duct_filler,0,1247.0
461.51767162022213,354.0,0.0,duct_filler,0,1247.0
468.4458748504976,354.0,0.0,duct_filler,0,1247.0
475.37407808077296,354.0,0.0,duct_filler,0,1247.0
482.3022813110488,354.0,0.0,duct_filler,0,1247.0
489.23048454132436,354.0,0.0,duct_filler,0,1247.0
496.15868777160017,354.0,0.0,duct_filler,0,1247.0
503.08689100187576,354.0,0.0,duct_filler,0,1247.0
510.0150942321511,354.0,0.0,duct_filler,0,1247.0
516.9432974624267,354.0,0.0,duct_filler,0,1247.0
523.8715006927023,354.0,0.0,duct_filler,0,1247.0
530.7997039229779,354.0,0.0,duct_filler,0,1247.0
537.7279071532535,354.0,0.0,duct_filler,0,1247.0
544.6561103835293,354.0,0.0,duct_filler,0,1247.0
551.5843136138046,354.0,0.0,duct_filler,0,1247.0
-13.064249653647607,348.0,0.0,duct_filler,0,1247.0
-6.136046423372136,348.0,0.0,duct_filler,0,1247.0
0.7921568069033356,348.0,0.0,duct_filler,0,1247.0
7.720360037178807,348.0,0.0,duct_filler,0,1247.0
14.648563267454392,348.0,0.0,duct_filler,0,1247.0
21.57676649772975,348.0,0.0,duct_filler,0,1247.0
28.50496972800522,348.0,0.0,duct_filler,0,1247.0
35.43317295828069,348.0,0.0,duct_filler,0,1247.0
42.361376188556164,348.0,0.0,duct_filler,0,1247.0
49.289579418831636,348.0,0.0,duct_filler,0,1247.0
56.21778264910711,348.0,0.0,duct_filler,0,1247.0
63.14598587938258,348.0,0.0,duct_filler,0,1247.0
83.9305955702091,348.0,0.0,duct_filler,0,1247.0
111.64340849131088,348.0,0.0,duct_filler,0,1247.0
118.57161172158635,348.0,0.0,duct_filler,0,1247.0
354.1305215509524,348.0,0.0,duct_filler,0,1247.0
361.05872478122785,348.0,0.0,duct_filler,0,1247.0
367.9869280115033,348.0,0.0,duct_filler,0,1247.0
374.9151312417787,348.0,0.0,duct_filler,0,1247.0
381.8433344720544,348.0,0.0,duct_filler,0,1247.0
388.77153770232974,348.0,0.0,duct_filler,0,1247.0
395.6997409326052,348.0,0.0,duct_filler,0,1247.0
402.6279441628807,348.0,0.0,duct_filler,0,1247.0
409.55614739315604,348.0,0.0,duct_filler,0,1247.0
416.4843506234315,348.0,0.0,duct_filler,0,1247.0
423.412553853707,348.0,0.0,duct_filler,0,1247.0
430.3407570839827,348.0,0.0,duct_filler,0,1247.0
437.2689603142578,348.0,0.0,duct_filler,0,1247.0
444.1971635445336,348.0,0.0,duct_filler,0,1247.0
451.125366774809,348.0,0.0,duct_filler,0,1247.0
458.05357000508445,348.0,0.0,duct_filler,0,1247.0
464.9817732353599,348.0,0.0,duct_filler,0,1247.0
471.9099764656353,348.0,0.0,duct_filler,0,1247.0
478.83817969591087,347.99999999999994,0.0,duct_filler,0,1247.0
485.7663829261867,347.99999999999994,0.0,duct_filler,0,1247.0
492.6945861564618,347.99999999999994,0.0,duct_filler,0,1247.0
499.6227893867376,347.99999999999994,0.0,duct_filler,0,1247.0
506.5509926170132,347.99999999999994,0.0,duct_filler,0,1247.0
513.4791958472888,347.99999999999994,0.0,duct_filler,0,1247.0
520.4073990775644,347.99999999999994,0.0,duct_filler,0,1247.0
527.33560230784,347.99999999999994,0.0,duct_filler,0,1247.0
534.2638055381158,347.99999999999994,0.0,duct_filler,0,1247.0
541.1920087683911,347.99999999999994,0.0,duct_filler,0,1247.0
548.1202119986667,347.99999999999994,0.0,duct_filler,0,1247.0
-16.5283512687854,342.0,0.0,duct_filler,0,1247.0
-9.600148038509928,342.0,0.0,duct_filler,0,1247.0
-2.671944808234457,342.0,0.0,duct_filler,0,1247.0
4.256258422040901,342.0,0.0,duct_filler,0,1247.0
11.184461652316372,342.0,0.0,duct_filler,0,1247.0
18.112664882591957,342.0,0.0,duct_filler,0,1247.0
25.040868112867543,342.0,0.0,duct_filler,0,1247.0
31.9690713431429,342.0,0.0,duct_filler,0,1247.0
38.89727457341837,342.0,0.0,duct_filler,0,1247.0
45.82547780369384,342.0,0.0,duct_filler,0,1247.0
52.753681033969315,342.0,0.0,duct_filler,0,1247.0
59.6818842642449,342.0,0.0,duct_filler,0,1247.0
66.61008749452026,342.0,0.0,duct_filler,0,1247.0
108.17930687617309,342.0,0.0,duct_filler,0,1247.0
115.10751010644856,342.0,0.0,duct_filler,0,1247.0
357.5946231660902,342.0,0.0,duct_filler,0,1247.0
364.52282639636553,342.0,0.0,duct_filler,0,1247.0
371.451029626641,342.0,0.0,duct_filler,0,1247.0
378.3792328569165,342.0,0.0,duct_filler,0,1247.0
385.30743608719183,342.0,0.0,duct_filler,0,1247.0
392.2356393174673,342.0,0.0,duct_filler,0,1247.0
399.1638425477428,342.0,0.0,duct_filler,0,1247.0
406.09204577801836,342.0,0.0,duct_filler,0,1247.0
413.02024900829383,342.0,0.0,duct_filler,0,1247.0
419.9484522385692,342.0,0.0,duct_filler,0,1247.0
426.87665546884466,342.0,0.0,duct_filler,0,1247.0
433.80485869912013,342.0,0.0,duct_filler,0,1247.0
440.7330619293955,342.0,0.0,duct_filler,0,1247.0
447.6612651596713,342.0,0.0,duct_filler,0,1247.0
454.58946838994655,342.0,0.0,duct_filler,0,1247.0
461.51767162022213,342.0,0.0,duct_filler,0,1247.0
468.4458748504976,342.0,0.0,duct_filler,0,1247.0
475.37407808077296,342.0,0.0,duct_filler,0,1247.0
482.3022813110488,342.0,0.0,duct_filler,0,1247.0
489.23048454132436,342.0,0.0,duct_filler,0,1247.0
496.15868777160017,342.0,0.0,duct_filler,0,1247.0
503.08689100187576,342.0,0.0,duct_filler,0,1247.0
510.0150942321511,342.0,0.0,duct_filler,0,1247.0
516.9432974624267,342.0,0.0,duct_filler,0,1247.0
523.8715006927023,342.0,0.0,duct_filler,0,1247.0
530.7997039229779,342.0,0.0,duct_filler,0,1247.0
537.7279071532535,342.0,0.0,duct_filler,0,1247.0
544.6561103835293,342.0,0.0,duct_filler,0,1247.0
551.5843136138046,342.0,0.0,duct_filler,0,1247.0
-19.99245288392308,336.0,0.0,duct_filler,0,1247.0
-13.064249653647607,336.0,0.0,duct_filler,0,1247.0
-6.136046423372136,336.0,0.0,duct_filler,0,1247.0
0.7921568069033356,336.0,0.0,duct_filler,0,1247.0
7.720360037178807,336.0,0.0,duct_filler,0,1247.0
14.648563267454392,336.0,0.0,duct_filler,0,1247.0
21.57676649772975,336.0,0.0,duct_filler,0,1247.0
28.50496972800522,336.0,0.0,duct_filler,0,1247.0
35.43317295828069,336.0,0.0,duct_filler,0,1247.0
42.361376188556164,336.0,0.0,duct_filler,0,1247.0
49.289579418831636,336.0,0.0,duct_filler,0,1247.0
56.21778264910711,336.0,0.0,duct_filler,0,1247.0
63.14598587938258,336.0,0.0,duct_filler,0,1247.0
70.07418910965805,336.0,0.0,duct_filler,0,1247.0
361.05872478122785,336.0,0.0,duct_filler,0,1247.0
367.9869280115033,336.0,0.0,duct_filler,0,1247.0
374.9151312417787,336.0,0.0,duct_filler,0,1247.0
381.8433344720544,336.0,0.0,duct_filler,0,1247.0
388.77153770232974,336.0,0.0,duct_filler,0,1247.0
395.6997409326052,336.0,0.0,duct_filler,0,1247.0
402.6279441628807,336.0,0.0,duct_filler,0,1247.0
409.55614739315604,336.0,0.0,duct_filler,0,1247.0
416.4843506234315,336.0,0.0,duct_filler,0,1247.0
423.412553853707,336.0,0.0,duct_filler,0,1247.0
430.3407570839827,336.0,0.0,duct_filler,0,1247.0
437.2689603142578,336.0,0.0,duct_filler,0,1247.0
444.1971635445336,336.0,0.0,duct_filler,0,1247.0
451.125366774809,336.0,0.0,duct_filler,0,1247.0
458.05357000508445,336.0,0.0,duct_filler,0,1247.0
464.9817732353599,336.0,0.0,duct_filler,0,1247.0
471.9099764656353,336.0,0.0,duct_filler,0,1247.0
478.83817969591087,336.00000000000006,0.0,duct_filler,0,1247.0
485.7663829261867,336.00000000000006,0.0,duct_filler,0,1247.0
492.6945861564618,336.00000000000006,0.0,duct_filler,0,1247.0
499.6227893867376,336.00000000000006,0.0,duct_filler,0,1247.0
506.5509926170132,336.00000000000006,0.0,duct_filler,0,1247.0
513.4791958472888,336.00000000000006,0.0,duct_filler,0,1247.0
520.4073990775644,336.00000000000006,0.0,duct_filler,0,1247.0
527.33560230784,336.00000000000006,0.0,duct_filler,0,1247.0
534.2638055381158,336.00000000000006,0.0,duct_filler,0,1247.0
541.1920087683911,336.00000000000006,0.0,duct_filler,0,1247.0
548.1202119986667,336.00000000000006,0.0,duct_filler,0,1247.0
-16.5283512687854,330.0,0.0,duct_filler,0,1247.0
-9.600148038509928,330.0,0.0,duct_filler,0,1247.0
-2.671944808234457,330.0,0.0,duct_filler,0,1247.0
4.256258422040901,330.0,0.0,duct_filler,0,1247.0
11.184461652316372,330.0,0.0,duct_filler,0,1247.0
18.112664882591957,330.0,0.0,duct_filler,0,1247.0
25.040868112867543,330.0,0.0,duct_filler,0,1247.0
31.9690713431429,330.0,0.0,duct_filler,0,1247.0
38.89727457341837,330.0,0.0,duct_filler,0,1247.0
45.82547780369384,330.0,0.0,duct_filler,0,1247.0
357.5946231660902,330.0,0.0,duct_filler,0,1247.0
364.52282639636553,330.0,0.0,duct_filler,0,1247.0
371.451029626641,330.0,0.0,duct_filler,0,1247.0
378.3792328569165,330.0,0.0,duct_filler,0,1247.0
385.30743608719183,330.0,0.0,duct_filler,0,1247.0
392.2356393174673,330.0,0.0,duct_filler,0,1247.0
399.1638425477428,330.0,0.0,duct_filler,0,1247.0
406.09204577801836,330.0,0.0,duct_filler,0,1247.0
413.02024900829383,330.0,0.0,duct_filler,0,1247.0
419.9484522385692,330.0,0.0,duct_filler,0,1247.0
426.87665546884466,330.0,0.0,duct_filler,0,1247.0
433.80485869912013,330.0,0.0,duct_filler,0,1247.0
440.7330619293955,330.0,0.0,duct_filler,0,1247.0
447.6612651596713,330.0,0.0,duct_filler,0,1247.0
454.58946838994655,330.0,0.0,duct_filler,0,1247.0
461.51767162022213,330.0,0.0,duct_filler,0,1247.0
468.4458748504976,330.0,0.0,duct_filler,0,1247.0
475.37407808077296,330.0,0.0,duct_filler,0,1247.0
482.3022813110488,330.0,0.0,duct_filler,0,1247.0
489.23048454132436,330.0,0.0,duct_filler,0,1247.0
496.15868777160017,330.0,0.0,duct_filler,0,1247.0
503.08689100187576,330.0,0.0,duct_filler,0,1247.0
510.0150942321511,330.0,0.0,duct_filler,0,1247.0
516.9432974624267,330.0,0.0,duct_filler,0,1247.0
523.8715006927023,330.0,0.0,duct_filler,0,1247.0
530.7997039229779,330.0,0.0,duct_filler,0,1247.0
537.7279071532535,330.0,0.0,duct_filler,0,1247.0
544.6561103835293,330.0,0.0,duct_filler,0,1247.0
551.5843136138046,330.0,0.0,duct_filler,0,1247.0
-19.99245288392308,324.0,0.0,duct_filler,0,1247.0
-13.064249653647607,324.0,0.0,duct_filler,0,1247.0
-6.136046423372136,324.0,0.0,duct_filler,0,1247.0
0.7921568069033356,324.0,0.0,duct_filler,0,1247.0
7.720360037178807,324.0,0.0,duct_filler,0,1247.0
14.648563267454392,324.0,0.0,duct_filler,0,1247.0
21.57676649772975,324.0,0.0,duct_filler,0,1247.0
28.50496972800522,324.0,0.0,duct_filler,0,1247.0
361.05872478122785,324.0,0.0,duct_filler,0,1247.0
367.9869280115033,324.0,0.0,duct_filler,0,1247.0
374.9151312417787,324.0,0.0,duct_filler,0,1247.0
381.8433344720544,324.0,0.0,duct_filler,0,1247.0
388.77153770232974,324.0,0.0,duct_filler,0,1247.0
395.6997409326052,324.0,0.0,duct_filler,0,1247.0
402.6279441628807,324.0,0.0,duct_filler,0,1247.0
409.55614739315604,324.0,0.0,duct_filler,0,1247.0
416.4843506234315,324.0,0.0,duct_filler,0,1247.0
423.412553853707,324.0,0.0,duct_filler,0,1247.0
430.3407570839827,324.0,0.0,duct_filler,0,1247.0
437.2689603142578,324.0,0.0,duct_filler,0,1247.0
444.1971635445336,324.0,0.0,duct_filler,0,1247.0
451.125366774809,324.0,0.0,duct_filler,0,1247.0
458.05357000508445,324.0,0.0,duct_filler,0,1247.0
464.9817732353599,324.0,0.0,duct_filler,0,1247.0
471.9099764656353,324.0,0.0,duct_filler,0,1247.0
478.83817969591087,323.99999999999994,0.0,duct_filler,0,1247.0
485.7663829261867,323.99999999999994,0.0,duct_filler,0,1247.0
492.6945861564618,323.99999999999994,0.0,duct_filler,0,1247.0
499.6227893867376,323.99999999999994,0.0,duct_filler,0,1247.0
506.5509926170132,323.99999999999994,0.0,duct_filler,0,1247.0
513.4791958472888,323.99999999999994,0.0,duct_filler,0,1247.0
520.4073990775644,323.99999999999994,0.0,duct_filler,0,1247.0
527.33560230784,323.99999999999994,0.0,duct_filler,0,1247.0
534.2638055381158,323.99999999999994,0.0,duct_filler,0,1247.0
541.1920087683911,323.99999999999994,0.0,duct_filler,0,1247.0
548.1202119986667,323.99999999999994,0.0,duct_filler,0,1247.0
-16.5283512687854,318.00000000000006,0.0,duct_filler,0,1247.0
-9.600148038509928,318.00000000000006,0.0,duct_filler,0,1247.0
-2.671944808234457,318.00000000000006,0.0,duct_filler,0,1247.0
4.256258422040901,318.00000000000006,0.0,duct_filler,0,1247.0
11.184461652316372,318.00000000000006,0.0,duct_filler,0,1247.0
18.112664882591957,318.00000000000006,0.0,duct_filler,0,1247.0
357.5946231660902,318.00000000000006,0.0,duct_filler,0,1247.0
364.52282639636553,318.00000000000006,0.0,duct_filler,0,1247.0
371.451029626641,318.00000000000006,0.0,duct_filler,0,1247.0
378.3792328569165,318.00000000000006,0.0,duct_filler,0,1247.0
385.30743608719183,318.00000000000006,0.0,duct_filler,0,1247.0
392.2356393174673,318.00000000000006,0.0,duct_filler,0,1247.0
399.1638425477428,318.00000000000006,0.0,duct_filler,0,1247.0
406.09204577801836,318.00000000000006,0.0,duct_filler,0,1247.0
413.02024900829383,318.00000000000006,0.0,duct_filler,0,1247.0
419.9484522385692,318.00000000000006,0.0,duct_filler,0,1247.0
426.87665546884466,318.00000000000006,0.0,duct_filler,0,1247.0
433.80485869912013,318.00000000000006,0.0,duct_filler,0,1247.0
440.7330619293955,318.00000000000006,0.0,duct_filler,0,1247.0
447.6612651596713,318.00000000000006,0.0,duct_filler,0,1247.0
454.58946838994655,318.00000000000006,0.0,duct_filler,0,1247.0
461.51767162022213,318.00000000000006,0.0,duct_filler,0,1247.0
468.4458748504976,318.00000000000006,0.0,duct_filler,0,1247.0
475.37407808077296,318.0,0.0,duct_filler,0,1247.0
482.3022813110488,318.0,0.0,duct_filler,0,1247.0
489.23048454132436,318.0,0.0,duct_filler,0,1247.0
496.15868777160017,318.0,0.0,duct_filler,0,1247.0
503.08689100187576,318.0,0.0,duct_filler,0,1247.0
510.0150942321511,318.0,0.0,duct_filler,0,1247.0
516.9432974624267,318.0,0.0,duct_filler,0,1247.0
523.8715006927023,318.0,0.0,duct_filler,0,1247.0
530.7997039229779,318.0,0.0,duct_filler,0,1247.0
537.7279071532535,318.0,0.0,duct_filler,0,1247.0
544.6561103835293,318.0,0.0,duct_filler,0,1247.0
551.5843136138046,318.0,0.0,duct_filler,0,1247.0
-19.99245288392308,312.0,0.0,duct_filler,0,1247.0
-13.064249653647607,312.0,0.0,duct_filler,0,1247.0
-6.136046423372136,312.0,0.0,duct_filler,0,1247.0
0.7921568069033356,312.0,0.0,duct_filler,0,1247.0
7.720360037178807,312.0,0.0,duct_filler,0,1247.0
14.648563267454392,312.0,0.0,duct_filler,0,1247.0
361.05872478122785,312.0,0.0,duct_filler,0,1247.0
367.9869280115033,312.0,0.0,duct_filler,0,1247.0
374.9151312417787,312.0,0.0,duct_filler,0,1247.0
381.8433344720544,312.0,0.0,duct_filler,0,1247.0
388.77153770232974,312.0,0.0,duct_filler,0,1247.0
395.6997409326052,312.0,0.0,duct_filler,0,1247.0
402.6279441628807,312.0,0.0,duct_filler,0,1247.0
409.55614739315604,312.0,0.0,duct_filler,0,1247.0
416.4843506234315,312.0,0.0,duct_filler,0,1247.0
423.412553853707,312.0,0.0,duct_filler,0,1247.0
430.3407570839827,312.0,0.0,duct_filler,0,1247.0
437.2689603142578,312.0,0.0,duct_filler,0,1247.0
444.1971635445336,312.0,0.0,duct_filler,0,1247.0
451.125366774809,312.0,0.0,duct_filler,0,1247.0
458.05357000508445,312.0,0.0,duct_filler,0,1247.0
464.9817732353599,312.0,0.0,duct_filler,0,1247.0
471.9099764656353,312.0,0.0,duct_filler,0,1247.0
478.83817969591087,312.00000000000006,0.0,duct_filler,0,1247.0
485.7663829261867,312.00000000000006,0.0,duct_filler,0,1247.0
492.6945861564618,312.00000000000006,0.0,duct_filler,0,1247.0
499.6227893867376,312.00000000000006,0.0,duct_filler,0,1247.0
506.5509926170132,312.00000000000006,0.0,duct_filler,0,1247.0
513.4791958472888,312.00000000000006,0.0,duct_filler,0,1247.0
520.4073990775644,312.00000000000006,0.0,duct_filler,0,1247.0
527.33560230784,312.00000000000006,0.0,duct_filler,0,1247.0
534.2638055381158,312.00000000000006,0.0,duct_filler,0,1247.0
541.1920087683911,312.00000000000006,0.0,duct_filler,0,1247.0
548.1202119986667,312.00000000000006,0.0,duct_filler,0,1247.0
-356.01030955228583,306.0,0.0,duct_filler,0,1247.0
-349.0821063220103,306.0,0.0,duct_filler,0,1247.0
-342.15390309173483,306.0,0.0,duct_filler,0,1247.0
-335.22569986145925,306.0,0.0,duct_filler,0,1247.0
-328.29749663118383,306.0,0.0,duct_filler,0,1247.0
-23.45655449906087,306.0,0.0,duct_filler,0,1247.0
-16.5283512687854,306.0,0.0,duct_filler,0,1247.0
-9.600148038509928,306.0,0.0,duct_filler,0,1247.0
-2.671944808234457,306.0,0.0,duct_filler,0,1247.0
4.256258422040901,306.0,0.0,duct_filler,0,1247.0
11.184461652316372,306.0,0.0,duct_filler,0,1247.0
364.52282639636553,306.0,0.0,duct_filler,0,1247.0
371.451029626641,306.0,0.0,duct_filler,0,1247.0
378.3792328569165,306.0,0.0,duct_filler,0,1247.0
385.30743608719183,306.0,0.0,duct_filler,0,1247.0
392.2356393174673,306.0,0.0,duct_filler,0,1247.0
399.1638425477428,306.0,0.0,duct_filler,0,1247.0
406.09204577801836,306.0,0.0,duct_filler,0,1247.0
413.02024900829383,306.0,0.0,duct_filler,0,1247.0
419.9484522385692,306.0,0.0,duct_filler,0,1247.0
426.87665546884466,306.0,0.0,duct_filler,0,1247.0
433.80485869912013,306.0,0.0,duct_filler,0,1247.0
440.7330619293955,306.0,0.0,duct_filler,0,1247.0
447.6612651596713,306.0,0.0,duct_filler,0,1247.0
454.58946838994655,306.0,0.0,duct_filler,0,1247.0
461.51767162022213,306.0,0.0,duct_filler,0,1247.0
468.4458748504976,306.0,0.0,duct_filler,0,1247.0
475.37407808077296,306.0,0.0,duct_filler,0,1247.0
482.3022813110488,306.0,0.0,duct_filler,0,1247.0
489.23048454132436,306.0,0.0,duct_filler,0,1247.0
496.15868777160017,306.0,0.0,duct_filler,0,1247.0
503.08689100187576,306.0,0.0,duct_filler,0,1247.0
510.0150942321511,306.0,0.0,duct_filler,0,1247.0
516.9432974624267,306.0,0.0,duct_filler,0,1247.0
523.8715006927023,306.0,0.0,duct_filler,0,1247.0
530.7997039229779,306.0,0.0,duct_filler,0,1247.0
537.7279071532535,306.0,0.0,duct_filler,0,1247.0
544.6561103835293,306.0,0.0,duct_filler,0,1247.0
551.5843136138046,306.0,0.0,duct_filler,0,1247.0
-366.40261439769904,300.0,0.0,duct_filler,0,1247.0
-359.47441116742357,300.0,0.0,duct_filler,0,1247.0
-352.54620793714804,300.0,0.0,duct_filler,0,1247.0
-345.61800470687257,300.0,0.0,duct_filler,0,1247.0
-338.68980147659704,300.0,0.0,duct_filler,0,1247.0
-331.76159824632157,300.0,0.0,duct_filler,0,1247.0
-324.8333950160461,300.0,0.0,duct_filler,0,1247.0
-26.920656114198437,300.0,0.0,duct_filler,0,1247.0
-19.99245288392308,300.0,0.0,duct_filler,0,1247.0
-13.064249653647607,300.0,0.0,duct_filler,0,1247.0
-6.136046423372136,300.0,0.0,duct_filler,0,1247.0
0.7921568069033356,300.0,0.0,duct_filler,0,1247.0
7.720360037178807,300.0,0.0,duct_filler,0,1247.0
367.9869280115033,300.0,0.0,duct_filler,0,1247.0
374.9151312417787,300.0,0.0,duct_filler,0,1247.0
381.8433344720544,300.0,0.0,duct_filler,0,1247.0
388.77153770232974,300.0,0.0,duct_filler,0,1247.0
395.6997409326052,300.0,0.0,duct_filler,0,1247.0
402.6279441628807,300.0,0.0,duct_filler,0,1247.0
409.55614739315604,300.0,0.0,duct_filler,0,1247.0
416.4843506234315,300.0,0.0,duct_filler,0,1247.0
423.412553853707,300.0,0.0,duct_filler,0,1247.0
430.3407570839827,300.0,0.0,duct_filler,0,1247.0
437.2689603142578,300.0,0.0,duct_filler,0,1247.0
444.1971635445336,300.0,0.0,duct_filler,0,1247.0
451.125366774809,300.0,0.0,duct_filler,0,1247.0
458.05357000508445,300.0,0.0,duct_filler,0,1247.0
464.9817732353599,300.0,0.0,duct_filler,0,1247.0
471.9099764656353,300.0,0.0,duct_filler,0,1247.0
478.83817969591087,299.99999999999994,0.0,duct_filler,0,1247.0
485.7663829261867,299.99999999999994,0.0,duct_filler,0,1247.0
492.6945861564618,299.99999999999994,0.0,duct_filler,0,1247.0
499.6227893867376,299.99999999999994,0.0,duct_filler,0,1247.0
506.5509926170132,299.99999999999994,0.0,duct_filler,0,1247.0
513.4791958472888,299.99999999999994,0.0,duct_filler,0,1247.0
520.4073990775644,299.99999999999994,0.0,duct_filler,0,1247.0
527.33560230784,299.99999999999994,0.0,duct_filler,0,1247.0
534.2638055381158,299.99999999999994,0.0,duct_filler,0,1247.0
541.1920087683911,299.99999999999994,0.0,duct_filler,0,1247.0
548.1202119986667,299.99999999999994,0.0,duct_filler,0,1247.0
-369.86671601283683,294.0,0.0,duct_filler,0,1247.0
-362.9385127825613,294.0,0.0,duct_filler,0,1247.0
-356.01030955228583,294.0,0.0,duct_filler,0,1247.0
-349.0821063220103,294.0,0.0,duct_filler,0,1247.0
-342.15390309173483,294.0,0.0,duct_filler,0,1247.0
-335.22569986145925,294.0,0.0,duct_filler,0,1247.0
-328.29749663118383,294.0,0.0,duct_filler,0,1247.0
-321.3692934009083,294.0,0.0,duct_filler,0,1247.0
-30.384757729336343,294.0,0.0,duct_filler,0,1247.0
-23.45655449906087,294.0,0.0,duct_filler,0,1247.0
-16.5283512687854,294.0,0.0,duct_filler,0,1247.0
-9.600148038509928,294.0,0.0,duct_filler,0,1247.0
-2.671944808234457,294.0,0.0,duct_filler,0,1247.0
4.256258422040901,294.0,0.0,duct_filler,0,1247.0
371.451029626641,294.0,0.0,duct_filler,0,1247.0
378.3792328569165,294.0,0.0,duct_filler,0,1247.0
385.30743608719183,294.0,0.0,duct_filler,0,1247.0
392.2356393174673,294.0,0.0,duct_filler,0,1247.0
399.1638425477428,294.0,0.0,duct_filler,0,1247.0
406.09204577801836,294.0,0.0,duct_filler,0,1247.0
413.02024900829383,294.0,0.0,duct_filler,0,1247.0
419.9484522385692,294.0,0.0,duct_filler,0,1247.0
426.87665546884466,294.0,0.0,duct_filler,0,1247.0
433.80485869912013,294.0,0.0,duct_filler,0,1247.0
440.7330619293955,294.0,0.0,duct_filler,0,1247.0
447.6612651596713,294.0,0.0,duct_filler,0,1247.0
454.58946838994655,294.0,0.0,duct_filler,0,1247.0
461.51767162022213,294.0,0.0,duct_filler,0,1247.0
468.4458748504976,294.0,0.0,duct_filler,0,1247.0
475.37407808077296,294.00000000000006,0.0,duct_filler,0,1247.0
482.3022813110488,294.0,0.0,duct_filler,0,1247.0
489.23048454132436,294.0,0.0,duct_filler,0,1247.0
496.15868777160017,294.0,0.0,duct_filler,0,1247.0
503.08689100187576,294.0,0.0,duct_filler,0,1247.0
510.0150942321511,294.0,0.0,duct_filler,0,1247.0
516.9432974624267,294.0,0.0,duct_filler,0,1247.0
523.8715006927023,294.0,0.0,duct_filler,0,1247.0
530.7997039229779,294.0,0.0,duct_filler,0,1247.0
537.7279071532535,294.0,0.0,duct_filler,0,1247.0
544.6561103835293,294.0,0.0,duct_filler,0,1247.0
551.5843136138046,294.0,0.0,duct_filler,0,1247.0
-380.2590208582501,288.0,0.0,duct_filler,0,1247.0
-373.33081762797457,288.0,0.0,duct_filler,0,1247.0
-366.40261439769904,288.0,0.0,duct_filler,0,1247.0
-359.47441116742357,288.0,0.0,duct_filler,0,1247.0
-352.54620793714804,288.0,0.0,duct_filler,0,1247.0
-345.61800470687257,288.0,0.0,duct_filler,0,1247.0
-338.68980147659704,288.0,0.0,duct_filler,0,1247.0
-331.76159824632157,288.0,0.0,duct_filler,0,1247.0
-324.8333950160461,288.0,0.0,duct_filler,0,1247.0
-33.84885934447402,288.0,0.0,duct_filler,0,1247.0
-26.920656114198437,288.0,0.0,duct_filler,0,1247.0
-19.99245288392308,288.0,0.0,duct_filler,0,1247.0
-13.064249653647607,288.0,0.0,duct_filler,0,1247.0
-6.136046423372136,288.0,0.0,duct_filler,0,1247.0
381.8433344720544,288.0,0.0,duct_filler,0,1247.0
388.77153770232974,288.0,0.0,duct_filler,0,1247.0
395.6997409326052,288.0,0.0,duct_filler,0,1247.0
402.6279441628807,288.0,0.0,duct_filler,0,1247.0
409.55614739315604,288.0,0.0,duct_filler,0,1247.0
416.4843506234315,288.0,0.0,duct_filler,0,1247.0
423.412553853707,288.0,0.0,duct_filler,0,1247.0
430.3407570839827,288.0,0.0,duct_filler,0,1247.0
437.2689603142578,288.0,0.0,duct_filler,0,1247.0
444.1971635445336,288.0,0.0,duct_filler,0,1247.0
451.125366774809,288.0,0.0,duct_filler,0,1247.0
458.05357000508445,288.0,0.0,duct_filler,0,1247.0
464.9817732353599,288.0,0.0,duct_filler,0,1247.0
471.9099764656353,288.0,0.0,duct_filler,0,1247.0
478.83817969591087,287.99999999999994,0.0,duct_filler,0,1247.0
485.7663829261867,287.99999999999994,0.0,duct_filler,0,1247.0
492.6945861564618,287.99999999999994,0.0,duct_filler,0,1247.0
499.6227893867376,287.99999999999994,0.0,duct_filler,0,1247.0
506.5509926170132,287.99999999999994,0.0,duct_filler,0,1247.0
513.4791958472888,287.99999999999994,0.0,duct_filler,0,1247.0
520.4073990775644,287.99999999999994,0.0,duct_filler,0,1247.0
527.33560230784,287.99999999999994,0.0,duct_filler,0,1247.0
534.2638055381158,287.99999999999994,0.0,duct_filler,0,1247.0
541.1920087683911,287.99999999999994,0.0,duct_filler,0,1247.0
548.1202119986667,287.99999999999994,0.0,duct_filler,0,1247.0
-390.6513257036633,282.0,0.0,duct_filler,0,1247.0
-383.72312247338783,282.0,0.0,duct_filler,0,1247.0
-376.7949192431123,282.0,0.0,duct_filler,0,1247.0
-369.86671601283683,282.0,0.0,duct_filler,0,1247.0
-362.9385127825613,282.0,0.0,duct_filler,0,1247.0
-356.01030955228583,282.0,0.0,duct_filler,0,1247.0
-349.0821063220103,282.0,0.0,duct_filler,0,1247.0
-342.15390309173483,282.0,0.0,duct_filler,0,1247.0
-335.22569986145925,282.0,0.0,duct_filler,0,1247.0
-328.29749663118383,282.0,0.0,duct_filler,0,1247.0
-37.3129609596117,282.0,0.0,duct_filler,0,1247.0
-30.384757729336343,282.0,0.0,duct_filler,0,1247.0
-23.45655449906087,282.0,0.0,duct_filler,0,1247.0
-16.5283512687854,282.0,0.0,duct_filler,0,1247.0
-9.600148038509928,282.0,0.0,duct_filler,0,1247.0
392.2356393174673,282.0,0.0,duct_filler,0,1247.0
399.1638425477428,282.0,0.0,duct_filler,0,1247.0
406.09204577801836,282.0,0.0,duct_filler,0,1247.0
413.02024900829383,282.0,0.0,duct_filler,0,1247.0
419.9484522385692,282.0,0.0,duct_filler,0,1247.0
426.87665546884466,282.0,0.0,duct_filler,0,1247.0
433.80485869912013,282.0,0.0,duct_filler,0,1247.0
440.7330619293955,282.0,0.0,duct_filler,0,1247.0
447.6612651596713,282.0,0.0,duct_filler,0,1247.0
454.58946838994655,282.0,0.0,duct_filler,0,1247.0
461.51767162022213,282.0,0.0,duct_filler,0,1247.0
468.4458748504976,282.0,0.0,duct_filler,0,1247.0
475.37407808077296,282.0,0.0,duct_filler,0,1247.0
482.3022813110488,282.0,0.0,duct_filler,0,1247.0
489.23048454132436,282.0,0.0,duct_filler,0,1247.0
496.15868777160017,282.0,0.0,duct_filler,0,1247.0
503.08689100187576,282.0,0.0,duct_filler,0,1247.0
510.0150942321511,282.0,0.0,duct_filler,0,1247.0
516.9432974624267,282.0,0.0,duct_filler,0,1247.0
523.8715006927023,282.0,0.0,duct_filler,0,1247.0
530.7997039229779,282.0,0.0,duct_filler,0,1247.0
537.7279071532535,282.0,0.0,duct_filler,0,1247.0
544.6561103835293,282.0,0.0,duct_filler,0,1247.0
551.5843136138046,282.0,0.0,duct_filler,0,1247.0
-394.11542731880104,276.0,0.0,duct_filler,0,1247.0
-387.18722408852557,276.0,0.0,duct_filler,0,1247.0
-380.2590208582501,276.0,0.0,duct_filler,0,1247.0
-373.33081762797457,276.0,0.0,duct_filler,0,1247.0
-366.40261439769904,276.0,0.0,duct_filler,0,1247.0
-352.54620793714804,276.0,0.0,duct_filler,0,1247.0
-345.61800470687257,276.0,0.0,duct_filler,0,1247.0
-338.68980147659704,276.0,0.0,duct_filler,0,1247.0
-331.76159824632157,276.0,0.0,duct_filler,0,1247.0
-40.77706257474949,276.00000000000006,0.0,duct_filler,0,1247.0
-33.84885934447402,276.0,0.0,duct_filler,0,1247.0
-26.920656114198437,276.0,0.0,duct_filler,0,1247.0
-19.99245288392308,276.0,0.0,duct_filler,0,1247.0
-13.064249653647607,276.0,0.0,duct_filler,0,1247.0
395.6997409326052,276.0,0.0,duct_filler,0,1247.0
402.6279441628807,276.0,0.0,duct_filler,0,1247.0
409.55614739315604,276.0,0.0,duct_filler,0,1247.0
416.4843506234315,276.0,0.0,duct_filler,0,1247.0
423.412553853707,276.0,0.0,duct_filler,0,1247.0
430.3407570839827,276.0,0.0,duct_filler,0,1247.0
437.2689603142578,276.0,0.0,duct_filler,0,1247.0
444.1971635445336,276.0,0.0,duct_filler,0,1247.0
451.125366774809,276.0,0.0,duct_filler,0,1247.0
458.05357000508445,276.0,0.0,duct_filler,0,1247.0
464.9817732353599,276.0,0.0,duct_filler,0,1247.0
471.9099764656353,276.0,0.0,duct_filler,0,1247.0
478.83817969591087,276.00000000000006,0.0,duct_filler,0,1247.0
485.7663829261867,276.00000000000006,0.0,duct_filler,0,1247.0
492.6945861564618,276.00000000000006,0.0,duct_filler,0,1247.0
499.6227893867376,276.00000000000006,0.0,duct_filler,0,1247.0
506.5509926170132,276.00000000000006,0.0,duct_filler,0,1247.0
513.4791958472888,276.00000000000006,0.0,duct_filler,0,1247.0
520.4073990775644,276.00000000000006,0.0,duct_filler,0,1247.0
527.33560230784,276.00000000000006,0.0,duct_filler,0,1247.0
534.2638055381158,276.00000000000006,0.0,duct_filler,0,1247.0
541.1920087683911,276.00000000000006,0.0,duct_filler,0,1247.0
548.1202119986667,276.00000000000006,0.0,duct_filler,0,1247.0
-397.57952893393883,270.0,0.0,duct_filler,0,1247.0
-390.6513257036633,270.0,0.0,duct_filler,0,1247.0
-383.72312247338783,270.0,0.0,duct_filler,0,1247.0
-376.7949192431123,270.0,0.0,duct_filler,0,1247.0
-356.01030955228583,270.0,0.0,duct_filler,0,1247.0
-349.0821063220103,270.0,0.0,duct_filler,0,1247.0
-37.3129609596117,269.99999999999994,0.0,duct_filler,0,1247.0
406.09204577801836,269.99999999999994,0.0,duct_filler,0,1247.0
413.02024900829383,269.99999999999994,0.0,duct_filler,0,1247.0
419.9484522385692,269.99999999999994,0.0,duct_filler,0,1247.0
426.87665546884466,269.99999999999994,0.0,duct_filler,0,1247.0
433.80485869912013,269.99999999999994,0.0,duct_filler,0,1247.0
440.7330619293955,269.99999999999994,0.0,duct_filler,0,1247.0
447.6612651596713,269.99999999999994,0.0,duct_filler,0,1247.0
454.58946838994655,269.99999999999994,0.0,duct_filler,0,1247.0
461.51767162022213,269.99999999999994,0.0,duct_filler,0,1247.0
468.4458748504976,269.99999999999994,0.0,duct_filler,0,1247.0
475.37407808077296,270.00000000000006,0.0,duct_filler,0,1247.0
482.3022813110488,270.0,0.0,duct_filler,0,1247.0
489.23048454132436,270.0,0.0,duct_filler,0,1247.0
496.15868777160017,270.0,0.0,duct_filler,0,1247.0
503.08689100187576,270.0,0.0,duct_filler,0,1247.0
510.0150942321511,270.0,0.0,duct_filler,0,1247.0
516.9432974624267,270.0,0.0,duct_filler,0,1247.0
523.8715006927023,270.0,0.0,duct_filler,0,1247.0
530.7997039229779,270.0,0.0,duct_filler,0,1247.0
537.7279071532535,270.0,0.0,duct_filler,0,1247.0
544.6561103835293,270.0,0.0,duct_filler,0,1247.0
551.5843136138046,270.0,0.0,duct_filler,0,1247.0
-394.11542731880104,264.0,0.0,duct_filler,0,1247.0
-387.18722408852557,264.0,0.0,duct_filler,0,1247.0
-352.54620793714804,264.0,0.0,duct_filler,0,1247.0
409.55614739315604,264.0,0.0,duct_filler,0,1247.0
416.4843506234315,264.0,0.0,duct_filler,0,1247.0
423.412553853707,264.0,0.0,duct_filler,0,1247.0
430.3407570839827,264.0,0.0,duct_filler,0,1247.0
437.2689603142578,264.0,0.0,duct_filler,0,1247.0
444.1971635445336,264.0,0.0,duct_filler,0,1247.0
451.125366774809,264.0,0.0,duct_filler,0,1247.0
458.05357000508445,264.0,0.0,duct_filler,0,1247.0
464.9817732353599,264.0,0.0,duct_filler,0,1247.0
471.9099764656353,264.0,0.0,duct_filler,0,1247.0
478.83817969591087,263.99999999999994,0.0,duct_filler,0,1247.0
485.7663829261867,263.99999999999994,0.0,duct_filler,0,1247.0
492.6945861564618,263.99999999999994,0.0,duct_filler,0,1247.0
499.6227893867376,263.99999999999994,0.0,duct_filler,0,1247.0
506.5509926170132,263.99999999999994,0.0,duct_filler,0,1247.0
513.4791958472888,263.99999999999994,0.0,duct_filler,0,1247.0
520.4073990775644,263.99999999999994,0.0,duct_filler,0,1247.0
527.33560230784,263.99999999999994,0.0,duct_filler,0,1247.0
534.2638055381158,263.99999999999994,0.0,duct_filler,0,1247.0
541.1920087683911,263.99999999999994,0.0,duct_filler,0,1247.0
548.1202119986667,263.99999999999994,0.0,duct_filler,0,1247.0
413.02024900829383,258.0,0.0,duct_filler,0,1247.0
419.9484522385692,258.0,0.0,duct_filler,0,1247.0
426.87665546884466,258.0,0.0,duct_filler,0,1247.0
433.80485869912013,258.0,0.0,duct_filler,0,1247.0
440.7330619293955,258.0,0.0,duct_filler,0,1247.0
447.6612651596713,258.0,0.0,duct_filler,0,1247.0
454.58946838994655,258.0,0.0,duct_filler,0,1247.0
461.51767162022213,258.0,0.0,duct_filler,0,1247.0
468.4458748504976,258.0,0.0,duct_filler,0,1247.0
475.37407808077296,258.0,0.0,duct_filler,0,1247.0
482.3022813110488,258.0,0.0,duct_filler,0,1247.0
489.23048454132436,258.0,0.0,duct_filler,0,1247.0
496.15868777160017,258.0,0.0,duct_filler,0,1247.0
503.08689100187576,258.0,0.0,duct_filler,0,1247.0
510.0150942321511,258.0,0.0,duct_filler,0,1247.0
516.9432974624267,258.0,0.0,duct_filler,0,1247.0
523.8715006927023,258.0,0.0,duct_filler,0,1247.0
530.7997039229779,258.0,0.0,duct_filler,0,1247.0
537.7279071532535,258.0,0.0,duct_filler,0,1247.0
544.6561103835293,258.0,0.0,duct_filler,0,1247.0
551.5843136138046,258.0,0.0,duct_filler,0,1247.0
416.4843506234315,252.0,0.0,duct_filler,0,1247.0
423.412553853707,252.0,0.0,duct_filler,0,1247.0
430.3407570839827,252.0,0.0,duct_filler,0,1247.0
437.2689603142578,252.0,0.0,duct_filler,0,1247.0
444.1971635445336,252.0,0.0,duct_filler,0,1247.0
451.125366774809,252.0,0.0,duct_filler,0,1247.0
458.05357000508445,252.0,0.0,duct_filler,0,1247.0
464.9817732353599,252.0,0.0,duct_filler,0,1247.0
471.9099764656353,252.0,0.0,duct_filler,0,1247.0
478.83817969591087,252.00000000000006,0.0,duct_filler,0,1247.0
485.7663829261867,252.00000000000006,0.0,duct_filler,0,1247.0
492.6945861564618,252.00000000000006,0.0,duct_filler,0,1247.0
499.6227893867376,252.00000000000006,0.0,duct_filler,0,1247.0
506.5509926170132,252.00000000000006,0.0,duct_filler,0,1247.0
513.4791958472888,252.00000000000006,0.0,duct_filler,0,1247.0
520.4073990775644,252.00000000000006,0.0,duct_filler,0,1247.0
527.33560230784,252.00000000000006,0.0,duct_filler,0,1247.0
534.2638055381158,252.00000000000006,0.0,duct_filler,0,1247.0
541.1920087683911,252.00000000000006,0.0,duct_filler,0,1247.0
548.1202119986667,252.00000000000006,0.0,duct_filler,0,1247.0
419.9484522385692,246.0,0.0,duct_filler,0,1247.0
426.87665546884466,246.0,0.0,duct_filler,0,1247.0
433.80485869912013,246.0,0.0,duct_filler,0,1247.0
440.7330619293955,246.0,0.0,duct_filler,0,1247.0
447.6612651596713,246.0,0.0,duct_filler,0,1247.0
454.58946838994655,246.0,0.0,duct_filler,0,1247.0
461.51767162022213,246.0,0.0,duct_filler,0,1247.0
468.4458748504976,246.0,0.0,duct_filler,0,1247.0
475.37407808077296,245.99999999999994,0.0,duct_filler,0,1247.0
482.3022813110488,246.0,0.0,duct_filler,0,1247.0
489.23048454132436,246.0,0.0,duct_filler,0,1247.0
496.15868777160017,246.0,0.0,duct_filler,0,1247.0
503.08689100187576,246.0,0.0,duct_filler,0,1247.0
510.0150942321511,246.0,0.0,duct_filler,0,1247.0
516.9432974624267,246.0,0.0,duct_filler,0,1247.0
523.8715006927023,246.0,0.0,duct_filler,0,1247.0
530.7997039229779,246.0,0.0,duct_filler,0,1247.0
537.7279071532535,246.0,0.0,duct_filler,0,1247.0
544.6561103835293,246.0,0.0,duct_filler,0,1247.0
551.5843136138046,246.0,0.0,duct_filler,0,1247.0
430.3407570839827,240.0,0.0,duct_filler,0,1247.0
437.2689603142578,240.0,0.0,duct_filler,0,1247.0
444.1971635445336,240.0,0.0,duct_filler,0,1247.0
451.125366774809,240.0,0.0,duct_filler,0,1247.0
458.05357000508445,240.0,0.0,duct_filler,0,1247.0
464.9817732353599,240.0,0.0,duct_filler,0,1247.0
471.9099764656353,240.0,0.0,duct_filler,0,1247.0
478.83817969591087,239.99999999999994,0.0,duct_filler,0,1247.0
485.7663829261867,239.99999999999994,0.0,duct_filler,0,1247.0
492.6945861564618,239.99999999999994,0.0,duct_filler,0,1247.0
499.6227893867376,239.99999999999994,0.0,duct_filler,0,1247.0
506.5509926170132,239.99999999999994,0.0,duct_filler,0,1247.0
513.4791958472888,239.99999999999994,0.0,duct_filler,0,1247.0
520.4073990775644,239.99999999999994,0.0,duct_filler,0,1247.0
527.33560230784,239.99999999999994,0.0,duct_filler,0,1247.0
534.2638055381158,239.99999999999994,0.0,duct_filler,0,1247.0
541.1920087683911,239.99999999999994,0.0,duct_filler,0,1247.0
548.1202119986667,239.99999999999994,0.0,duct_filler,0,1247.0
440.7330619293955,233.9999999999999,0.0,duct_filler,0,1247.0
447.6612651596713,233.9999999999999,0.0,duct_filler,0,1247.0
454.58946838994655,233.9999999999999,0.0,duct_filler,0,1247.0
461.51767162022213,233.9999999999999,0.0,duct_filler,0,1247.0
468.4458748504976,233.9999999999999,0.0,duct_filler,0,1247.0
475.37407808077296,234.0,0.0,duct_filler,0,1247.0
482.3022813110488,234.0,0.0,duct_filler,0,1247.0
489.23048454132436,234.0,0.0,duct_filler,0,1247.0
496.15868777160017,234.0,0.0,duct_filler,0,1247.0
503.08689100187576,234.0,0.0,duct_filler,0,1247.0
510.0150942321511,234.0,0.0,duct_filler,0,1247.0
516.9432974624267,234.0,0.0,duct_filler,0,1247.0
523.8715006927023,234.0,0.0,duct_filler,0,1247.0
530.7997039229779,234.0,0.0,duct_filler,0,1247.0
537.7279071532535,234.0,0.0,duct_filler,0,1247.0
544.6561103835293,234.0,0.0,duct_filler,0,1247.0
551.5843136138046,234.0,0.0,duct_filler,0,1247.0
451.125366774809,228.0,0.0,duct_filler,0,1247.0
458.05357000508445,228.0,0.0,duct_filler,0,1247.0
464.9817732353599,228.0,0.0,duct_filler,0,1247.0
471.9099764656353,228.0,0.0,duct_filler,0,1247.0
478.83817969591087,228.00000000000006,0.0,duct_filler,0,1247.0
485.7663829261867,228.00000000000006,0.0,duct_filler,0,1247.0
492.6945861564618,228.00000000000006,0.0,duct_filler,0,1247.0
499.6227893867376,228.00000000000006,0.0,duct_filler,0,1247.0
506.5509926170132,228.00000000000006,0.0,duct_filler,0,1247.0
513.4791958472888,228.00000000000006,0.0,duct_filler,0,1247.0
520.4073990775644,228.00000000000006,0.0,duct_filler,0,1247.0
527.33560230784,228.00000000000006,0.0,duct_filler,0,1247.0
534.2638055381158,228.00000000000006,0.0,duct_filler,0,1247.0
541.1920087683911,228.00000000000006,0.0,duct_filler,0,1247.0
548.1202119986667,228.00000000000006,0.0,duct_filler,0,1247.0
461.51767162022213,222.00000000000006,0.0,duct_filler,0,1247.0
468.4458748504976,222.00000000000006,0.0,duct_filler,0,1247.0
475.37407808077296,222.0,0.0,duct_filler,0,1247.0
482.3022813110488,222.0,0.0,duct_filler,0,1247.0
489.23048454132436,222.0,0.0,duct_filler,0,1247.0
496.15868777160017,222.0,0.0,duct_filler,0,1247.0
503.08689100187576,222.0,0.0,duct_filler,0,1247.0
510.0150942321511,222.0,0.0,duct_filler,0,1247.0
516.9432974624267,222.0,0.0,duct_filler,0,1247.0
523.8715006927023,222.0,0.0,duct_filler,0,1247.0
530.7997039229779,222.0,0.0,duct_filler,0,1247.0
537.7279071532535,222.0,0.0,duct_filler,0,1247.0
544.6561103835293,222.0,0.0,duct_filler,0,1247.0
551.5843136138046,222.0,0.0,duct_filler,0,1247.0
35.43317295828069,216.0,0.0,duct_filler,0,1247.0
42.361376188556164,216.0,0.0,duct_filler,0,1247.0
56.21778264910711,216.0,0.0,duct_filler,0,1247.0
471.9099764656353,216.0,0.0,duct_filler,0,1247.0
478.83817969591087,216.00000000000006,0.0,duct_filler,0,1247.0
485.7663829261867,216.00000000000006,0.0,duct_filler,0,1247.0
492.6945861564618,216.00000000000006,0.0,duct_filler,0,1247.0
499.6227893867376,216.00000000000006,0.0,duct_filler,0,1247.0
506.5509926170132,216.00000000000006,0.0,duct_filler,0,1247.0
513.4791958472888,216.00000000000006,0.0,duct_filler,0,1247.0
520.4073990775644,216.00000000000006,0.0,duct_filler,0,1247.0
527.33560230784,216.00000000000006,0.0,duct_filler,0,1247.0
534.2638055381158,216.00000000000006,0.0,duct_filler,0,1247.0
541.1920087683911,216.00000000000006,0.0,duct_filler,0,1247.0
548.1202119986667,216.00000000000006,0.0,duct_filler,0,1247.0
25.040868112867543,209.99999999999994,0.0,duct_filler,0,1247.0
31.9690713431429,209.99999999999994,0.0,duct_filler,0,1247.0
38.89727457341837,209.99999999999994,0.0,duct_filler,0,1247.0
45.82547780369384,209.99999999999994,0.0,duct_filler,0,1247.0
52.753681033969315,209.99999999999994,0.0,duct_filler,0,1247.0
59.6818842642449,209.99999999999994,0.0,duct_filler,0,1247.0
482.3022813110488,210.0,0.0,duct_filler,0,1247.0
489.23048454132436,210.0,0.0,duct_filler,0,1247.0
496.15868777160017,210.0,0.0,duct_filler,0,1247.0
503.08689100187576,210.0,0.0,duct_filler,0,1247.0
510.0150942321511,210.0,0.0,duct_filler,0,1247.0
516.9432974624267,210.0,0.0,duct_filler,0,1247.0
523.8715006927023,210.0,0.0,duct_filler,0,1247.0
530.7997039229779,210.0,0.0,duct_filler,0,1247.0
537.7279071532535,210.0,0.0,duct_filler,0,1247.0
544.6561103835293,210.0,0.0,duct_filler,0,1247.0
551.5843136138046,210.0,0.0,duct_filler,0,1247.0
14.648563267454392,204.0,0.0,duct_filler,0,1247.0
21.57676649772975,204.0,0.0,duct_filler,0,1247.0
28.50496972800522,204.0,0.0,duct_filler,0,1247.0
35.43317295828069,204.0,0.0,duct_filler,0,1247.0
42.361376188556164,204.0,0.0,duct_filler,0,1247.0
49.289579418831636,204.0,0.0,duct_filler,0,1247.0
56.21778264910711,204.0,0.0,duct_filler,0,1247.0
63.14598587938258,204.0,0.0,duct_filler,0,1247.0
70.07418910965805,204.0,0.0,duct_filler,0,1247.0
374.9151312417787,204.0,0.0,duct_filler,0,1247.0
492.6945861564618,203.99999999999994,0.0,duct_filler,0,1247.0
499.6227893867376,203.99999999999994,0.0,duct_filler,0,1247.0
506.5509926170132,203.99999999999994,0.0,duct_filler,0,1247.0
513.4791958472888,203.99999999999994,0.0,duct_filler,0,1247.0
520.4073990775644,203.99999999999994,0.0,duct_filler,0,1247.0
527.33560230784,203.99999999999994,0.0,duct_filler,0,1247.0
534.2638055381158,203.99999999999994,0.0,duct_filler,0,1247.0
541.1920087683911,203.99999999999994,0.0,duct_filler,0,1247.0
548.1202119986667,203.99999999999994,0.0,duct_filler,0,1247.0
11.184461652316372,198.0,0.0,duct_filler,0,1247.0
18.112664882591957,198.0,0.0,duct_filler,0,1247.0
25.040868112867543,198.0,0.0,duct_filler,0,1247.0
31.9690713431429,198.0,0.0,duct_filler,0,1247.0
38.89727457341837,198.0,0.0,duct_filler,0,1247.0
45.82547780369384,198.0,0.0,duct_filler,0,1247.0
52.753681033969315,198.0,0.0,duct_filler,0,1247.0
59.6818842642449,198.0,0.0,duct_filler,0,1247.0
66.61008749452026,198.0,0.0,duct_filler,0,1247.0
73.53829072479573,198.0,0.0,duct_filler,0,1247.0
80.4664939550712,198.0,0.0,duct_filler,0,1247.0
87.39469718534656,198.0,0.0,duct_filler,0,1247.0
94.32290041562203,198.0,0.0,duct_filler,0,1247.0
101.25110364589762,198.0,0.0,duct_filler,0,1247.0
122.03571333672403,198.0,0.0,duct_filler,0,1247.0
128.9639165669995,198.0,0.0,duct_filler,0,1247.0
371.451029626641,198.0,0.0,duct_filler,0,1247.0
378.3792328569165,198.0,0.0,duct_filler,0,1247.0
496.15868777160017,198.0,0.0,duct_filler,0,1247.0
503.08689100187576,198.0,0.0,duct_filler,0,1247.0
510.0150942321511,198.0,0.0,duct_filler,0,1247.0
516.9432974624267,198.0,0.0,duct_filler,0,1247.0
523.8715006927023,198.0,0.0,duct_filler,0,1247.0
530.7997039229779,198.0,0.0,duct_filler,0,1247.0
537.7279071532535,198.0,0.0,duct_filler,0,1247.0
544.6561103835293,198.0,0.0,duct_filler,0,1247.0
551.5843136138046,198.0,0.0,duct_filler,0,1247.0
14.648563267454392,191.99999999999994,0.0,duct_filler,0,1247.0
21.57676649772975,191.99999999999994,0.0,duct_filler,0,1247.0
28.50496972800522,191.99999999999994,0.0,duct_filler,0,1247.0
35.43317295828069,191.99999999999994,0.0,duct_filler,0,1247.0
42.361376188556164,191.99999999999994,0.0,duct_filler,0,1247.0
49.289579418831636,191.99999999999994,0.0,duct_filler,0,1247.0
56.21778264910711,191.99999999999994,0.0,duct_filler,0,1247.0
63.14598587938258,191.99999999999994,0.0,duct_filler,0,1247.0
70.07418910965805,191.99999999999994,0.0,duct_filler,0,1247.0
77.00239233993341,191.99999999999994,0.0,duct_filler,0,1247.0
83.9305955702091,191.99999999999994,0.0,duct_filler,0,1247.0
90.85879880048446,191.99999999999994,0.0,duct_filler,0,1247.0
97.78700203076005,191.99999999999994,0.0,duct_filler,0,1247.0
104.71520526103541,191.99999999999994,0.0,duct_filler,0,1247.0
111.64340849131088,191.99999999999994,0.0,duct_filler,0,1247.0
118.57161172158635,191.99999999999994,0.0,duct_filler,0,1247.0
125.49981495186182,191.99999999999994,0.0,duct_filler,0,1247.0
132.4280181821373,191.99999999999994,0.0,duct_filler,0,1247.0
367.9869280115033,191.99999999999994,0.0,duct_filler,0,1247.0
374.9151312417787,191.99999999999994,0.0,duct_filler,0,1247.0
381.8433344720544,191.99999999999994,0.0,duct_filler,0,1247.0
506.5509926170132,191.99999999999994,0.0,duct_filler,0,1247.0
513.4791958472888,191.99999999999994,0.0,duct_filler,0,1247.0
520.4073990775644,191.99999999999994,0.0,duct_filler,0,1247.0
527.33560230784,191.99999999999994,0.0,duct_filler,0,1247.0
534.2638055381158,191.99999999999994,0.0,duct_filler,0,1247.0
541.1920087683911,191.99999999999994,0.0,duct_filler,0,1247.0
548.1202119986667,191.99999999999994,0.0,duct_filler,0,1247.0
18.112664882591957,186.0,0.0,duct_filler,0,1247.0
25.040868112867543,186.0,0.0,duct_filler,0,1247.0
31.9690713431429,186.0,0.0,duct_filler,0,1247.0
38.89727457341837,186.0,0.0,duct_filler,0,1247.0
45.82547780369384,186.0,0.0,duct_filler,0,1247.0
52.753681033969315,186.0,0.0,duct_filler,0,1247.0
59.6818842642449,186.0,0.0,duct_filler,0,1247.0
66.61008749452026,186.0,0.0,duct_filler,0,1247.0
73.53829072479573,186.0,0.0,duct_filler,0,1247.0
80.4664939550712,186.0,0.0,duct_filler,0,1247.0
87.39469718534656,186.0,0.0,duct_filler,0,1247.0
94.32290041562203,186.0,0.0,duct_filler,0,1247.0
101.25110364589762,186.0,0.0,duct_filler,0,1247.0
108.17930687617309,186.0,0.0,duct_filler,0,1247.0
115.10751010644856,186.0,0.0,duct_filler,0,1247.0
122.03571333672403,186.0,0.0,duct_filler,0,1247.0
128.9639165669995,186.0,0.0,duct_filler,0,1247.0
357.5946231660902,186.0,0.0,duct_filler,0,1247.0
364.52282639636553,186.0,0.0,duct_filler,0,1247.0
371.451029626641,186.0,0.0,duct_filler,0,1247.0
378.3792328569165,186.0,0.0,duct_filler,0,1247.0
385.30743608719183,186.0,0.0,duct_filler,0,1247.0
392.2356393174673,186.0,0.0,duct_filler,0,1247.0
503.08689100187576,186.0,0.0,duct_filler,0,1247.0
510.0150942321511,186.0,0.0,duct_filler,0,1247.0
516.9432974624267,186.0,0.0,duct_filler,0,1247.0
523.8715006927023,186.0,0.0,duct_filler,0,1247.0
530.7997039229779,186.0,0.0,duct_filler,0,1247.0
537.7279071532535,186.0,0.0,duct_filler,0,1247.0
544.6561103835293,186.0,0.0,duct_filler,0,1247.0
551.5843136138046,186.0,0.0,duct_filler,0,1247.0
21.57676649772975,180.0,0.0,duct_filler,0,1247.0
28.50496972800522,180.0,0.0,duct_filler,0,1247.0
35.43317295828069,180.0,0.0,duct_filler,0,1247.0
42.361376188556164,180.0,0.0,duct_filler,0,1247.0
49.289579418831636,180.0,0.0,duct_filler,0,1247.0
56.21778264910711,180.0,0.0,duct_filler,0,1247.0
63.14598587938258,180.0,0.0,duct_filler,0,1247.0
70.07418910965805,180.0,0.0,duct_filler,0,1247.0
77.00239233993341,180.0,0.0,duct_filler,0,1247.0
83.9305955702091,180.0,0.0,duct_filler,0,1247.0
90.85879880048446,180.0,0.0,duct_filler,0,1247.0
97.78700203076005,180.0,0.0,duct_filler,0,1247.0
104.71520526103541,180.0,0.0,duct_filler,0,1247.0
111.64340849131088,180.0,0.0,duct_filler,0,1247.0
118.57161172158635,180.0,0.0,duct_filler,0,1247.0
125.49981495186182,180.0,0.0,duct_filler,0,1247.0
354.1305215509524,180.0,0.0,duct_filler,0,1247.0
361.05872478122785,180.0,0.0,duct_filler,0,1247.0
367.9869280115033,180.0,0.0,duct_filler,0,1247.0
374.9151312417787,180.0,0.0,duct_filler,0,1247.0
381.8433344720544,180.0,0.0,duct_filler,0,1247.0
388.77153770232974,180.0,0.0,duct_filler,0,1247.0
395.6997409326052,180.0,0.0,duct_filler,0,1247.0
513.4791958472888,180.00000000000006,0.0,duct_filler,0,1247.0
520.4073990775644,180.00000000000006,0.0,duct_filler,0,1247.0
527.33560230784,180.00000000000006,0.0,duct_filler,0,1247.0
534.2638055381158,180.00000000000006,0.0,duct_filler,0,1247.0
541.1920087683911,180.00000000000006,0.0,duct_filler,0,1247.0
548.1202119986667,180.00000000000006,0.0,duct_filler,0,1247.0
25.040868112867543,173.99999999999994,0.0,duct_filler,0,1247.0
31.9690713431429,173.99999999999994,0.0,duct_filler,0,1247.0
38.89727457341837,173.99999999999994,0.0,duct_filler,0,1247.0
45.82547780369384,173.99999999999994,0.0,duct_filler,0,1247.0
52.753681033969315,173.99999999999994,0.0,duct_filler,0,1247.0
59.6818842642449,173.99999999999994,0.0,duct_filler,0,1247.0
66.61008749452026,173.99999999999994,0.0,duct_filler,0,1247.0
73.53829072479573,173.99999999999994,0.0,duct_filler,0,1247.0
80.4664939550712,173.99999999999994,0.0,duct_filler,0,1247.0
87.39469718534656,173.99999999999994,0.0,duct_filler,0,1247.0
94.32290041562203,173.99999999999994,0.0,duct_filler,0,1247.0
101.25110364589762,173.99999999999994,0.0,duct_filler,0,1247.0
108.17930687617309,173.99999999999994,0.0,duct_filler,0,1247.0
115.10751010644856,173.99999999999994,0.0,duct_filler,0,1247.0
122.03571333672403,173.99999999999994,0.0,duct_filler,0,1247.0
163.60493271837686,173.99999999999994,0.0,duct_filler,0,1247.0
170.53313594865233,173.99999999999994,0.0,duct_filler,0,1247.0
177.4613391789278,173.99999999999994,0.0,duct_filler,0,1247.0
350.6664199358146,173.99999999999994,0.0,duct_filler,0,1247.0
357.5946231660902,173.99999999999994,0.0,duct_filler,0,1247.0
364.52282639636553,173.99999999999994,0.0,duct_filler,0,1247.0
371.451029626641,173.99999999999994,0.0,duct_filler,0,1247.0
378.3792328569165,173.99999999999994,0.0,duct_filler,0,1247.0
385.30743608719183,173.99999999999994,0.0,duct_filler,0,1247.0
392.2356393174673,173.99999999999994,0.0,duct_filler,0,1247.0
399.1638425477428,173.99999999999994,0.0,duct_filler,0,1247.0
523.8715006927023,174.0,0.0,duct_filler,0,1247.0
530.7997039229779,174.0,0.0,duct_filler,0,1247.0
537.7279071532535,174.0,0.0,duct_filler,0,1247.0
544.6561103835293,174.0,0.0,duct_filler,0,1247.0
551.5843136138046,174.0,0.0,duct_filler,0,1247.0
28.50496972800522,168.0,0.0,duct_filler,0,1247.0
35.43317295828069,168.0,0.0,duct_filler,0,1247.0
42.361376188556164,168.0,0.0,duct_filler,0,1247.0
49.289579418831636,168.0,0.0,duct_filler,0,1247.0
56.21778264910711,168.0,0.0,duct_filler,0,1247.0
63.14598587938258,168.0,0.0,duct_filler,0,1247.0
70.07418910965805,168.0,0.0,duct_filler,0,1247.0
77.00239233993341,168.0,0.0,duct_filler,0,1247.0
83.9305955702091,168.0,0.0,duct_filler,0,1247.0
90.85879880048446,168.0,0.0,duct_filler,0,1247.0
97.78700203076005,168.0,0.0,duct_filler,0,1247.0
104.71520526103541,168.0,0.0,duct_filler,0,1247.0
111.64340849131088,168.0,0.0,duct_filler,0,1247.0
118.57161172158635,168.0,0.0,duct_filler,0,1247.0
153.2126278729637,168.0,0.0,duct_filler,0,1247.0
160.14083110323918,168.0,0.0,duct_filler,0,1247.0
167.06903433351465,168.0,0.0,duct_filler,0,1247.0
173.99723756379012,168.0,0.0,duct_filler,0,1247.0
354.1305215509524,168.0,0.0,duct_filler,0,1247.0
361.05872478122785,168.0,0.0,duct_filler,0,1247.0
367.9869280115033,168.0,0.0,duct_filler,0,1247.0
374.9151312417787,168.0,0.0,duct_filler,0,1247.0
381.8433344720544,168.0,0.0,duct_filler,0,1247.0
388.77153770232974,168.0,0.0,duct_filler,0,1247.0
395.6997409326052,168.0,0.0,duct_filler,0,1247.0
402.6279441628807,168.0,0.0,duct_filler,0,1247.0
513.4791958472888,168.00000000000006,0.0,duct_filler,0,1247.0
520.4073990775644,168.00000000000006,0.0,duct_filler,0,1247.0
527.33560230784,168.00000000000006,0.0,duct_filler,0,1247.0
534.2638055381158,168.00000000000006,0.0,duct_filler,0,1247.0
541.1920087683911,168.00000000000006,0.0,duct_filler,0,1247.0
548.1202119986667,168.00000000000006,0.0,duct_filler,0,1247.0
38.89727457341837,162.0,0.0,duct_filler,0,1247.0
45.82547780369384,162.0,0.0,duct_filler,0,1247.0
52.753681033969315,162.0,0.0,duct_filler,0,1247.0
59.6818842642449,162.0,0.0,duct_filler,0,1247.0
66.61008749452026,162.0,0.0,duct_filler,0,1247.0
73.53829072479573,162.0,0.0,duct_filler,0,1247.0
80.4664939550712,162.0,0.0,duct_filler,0,1247.0
87.39469718534656,162.0,0.0,duct_filler,0,1247.0
94.32290041562203,162.0,0.0,duct_filler,0,1247.0
108.17930687617309,162.0,0.0,duct_filler,0,1247.0
115.10751010644856,162.0,0.0,duct_filler,0,1247.0
156.6767294881015,162.0,0.0,duct_filler,0,1247.0
163.60493271837686,162.0,0.0,duct_filler,0,1247.0
170.53313594865233,162.0,0.0,duct_filler,0,1247.0
177.4613391789278,162.0,0.0,duct_filler,0,1247.0
357.5946231660902,162.0,0.0,duct_filler,0,1247.0
364.52282639636553,162.0,0.0,duct_filler,0,1247.0
371.451029626641,162.0,0.0,duct_filler,0,1247.0
378.3792328569165,162.0,0.0,duct_filler,0,1247.0
385.30743608719183,162.0,0.0,duct_filler,0,1247.0
392.2356393174673,162.0,0.0,duct_filler,0,1247.0
399.1638425477428,162.0,0.0,duct_filler,0,1247.0
516.9432974624267,162.0,0.0,duct_filler,0,1247.0
523.8715006927023,162.0,0.0,duct_filler,0,1247.0
530.7997039229779,162.0,0.0,duct_filler,0,1247.0
537.7279071532535,162.0,0.0,duct_filler,0,1247.0
544.6561103835293,162.0,0.0,duct_filler,0,1247.0
551.5843136138046,162.0,0.0,duct_filler,0,1247.0
111.64340849131088,156.00000000000006,0.0,duct_filler,0,1247.0
153.2126278729637,156.00000000000006,0.0,duct_filler,0,1247.0
160.14083110323918,156.00000000000006,0.0,duct_filler,0,1247.0
167.06903433351465,156.00000000000006,0.0,duct_filler,0,1247.0
173.99723756379012,156.00000000000006,0.0,duct_filler,0,1247.0
180.9254407940656,156.00000000000006,0.0,duct_filler,0,1247.0
361.05872478122785,156.00000000000006,0.0,duct_filler,0,1247.0
367.9869280115033,156.00000000000006,0.0,duct_filler,0,1247.0
374.9151312417787,156.00000000000006,0.0,duct_filler,0,1247.0
381.8433344720544,156.00000000000006,0.0,duct_filler,0,1247.0
388.77153770232974,156.00000000000006,0.0,duct_filler,0,1247.0
395.6997409326052,156.00000000000006,0.0,duct_filler,0,1247.0
527.33560230784,155.99999999999994,0.0,duct_filler,0,1247.0
534.2638055381158,155.99999999999994,0.0,duct_filler,0,1247.0
541.1920087683911,155.99999999999994,0.0,duct_filler,0,1247.0
548.1202119986667,155.99999999999994,0.0,duct_filler,0,1247.0
149.7485262578258,150.0,0.0,duct_filler,0,1247.0
156.6767294881015,150.0,0.0,duct_filler,0,1247.0
163.60493271837686,150.0,0.0,duct_filler,0,1247.0
170.53313594865233,150.0,0.0,duct_filler,0,1247.0
177.4613391789278,150.0,0.0,duct_filler,0,1247.0
357.5946231660902,150.0,0.0,duct_filler,0,1247.0
364.52282639636553,150.0,0.0,duct_filler,0,1247.0
371.451029626641,150.0,0.0,duct_filler,0,1247.0
378.3792328569165,150.0,0.0,duct_filler,0,1247.0
385.30743608719183,150.0,0.0,duct_filler,0,1247.0
392.2356393174673,150.0,0.0,duct_filler,0,1247.0
537.7279071532535,150.0,0.0,duct_filler,0,1247.0
544.6561103835293,150.0,0.0,duct_filler,0,1247.0
551.5843136138046,150.0,0.0,duct_filler,0,1247.0
-137.77190779860695,144.0,0.0,duct_filler,0,1247.0
-130.84370456833142,144.0,0.0,duct_filler,0,1247.0
-123.91550133805589,144.0,0.0,duct_filler,0,1247.0
153.2126278729637,144.0,0.0,duct_filler,0,1247.0
160.14083110323918,144.0,0.0,duct_filler,0,1247.0
361.05872478122785,144.0,0.0,duct_filler,0,1247.0
367.9869280115033,144.0,0.0,duct_filler,0,1247.0
374.9151312417787,144.0,0.0,duct_filler,0,1247.0
381.8433344720544,144.0,0.0,duct_filler,0,1247.0
388.77153770232974,144.0,0.0,duct_filler,0,1247.0
395.6997409326052,144.0,0.0,duct_filler,0,1247.0
541.1920087683911,144.0,0.0,duct_filler,0,1247.0
548.1202119986667,144.0,0.0,duct_filler,0,1247.0
-134.3078061834692,138.0,0.0,duct_filler,0,1247.0
-127.37960295319363,138.0,0.0,duct_filler,0,1247.0
-120.4513997229181,138.0,0.0,duct_filler,0,1247.0
149.7485262578258,138.00000000000006,0.0,duct_filler,0,1247.0
156.6767294881015,138.00000000000006,0.0,duct_filler,0,1247.0
163.60493271837686,138.00000000000006,0.0,duct_filler,0,1247.0
357.5946231660902,138.00000000000006,0.0,duct_filler,0,1247.0
364.52282639636553,138.00000000000006,0.0,duct_filler,0,1247.0
371.451029626641,138.00000000000006,0.0,duct_filler,0,1247.0
378.3792328569165,138.00000000000006,0.0,duct_filler,0,1247.0
385.30743608719183,138.00000000000006,0.0,duct_filler,0,1247.0
392.2356393174673,138.00000000000006,0.0,duct_filler,0,1247.0
523.8715006927023,138.0,0.0,duct_filler,0,1247.0
530.7997039229779,138.0,0.0,duct_filler,0,1247.0
537.7279071532535,138.0,0.0,duct_filler,0,1247.0
544.6561103835293,138.0,0.0,duct_filler,0,1247.0
551.5843136138046,138.0,0.0,duct_filler,0,1247.0
-130.84370456833142,132.00000000000006,0.0,duct_filler,0,1247.0
-123.91550133805589,132.00000000000006,0.0,duct_filler,0,1247.0
-116.9872981077803,132.00000000000006,0.0,duct_filler,0,1247.0
160.14083110323918,132.00000000000006,0.0,duct_filler,0,1247.0
167.06903433351465,132.00000000000006,0.0,duct_filler,0,1247.0
354.1305215509524,132.00000000000006,0.0,duct_filler,0,1247.0
361.05872478122785,132.00000000000006,0.0,duct_filler,0,1247.0
367.9869280115033,132.00000000000006,0.0,duct_filler,0,1247.0
374.9151312417787,132.00000000000006,0.0,duct_filler,0,1247.0
381.8433344720544,132.00000000000006,0.0,duct_filler,0,1247.0
388.77153770232974,132.00000000000006,0.0,duct_filler,0,1247.0
395.6997409326052,132.00000000000006,0.0,duct_filler,0,1247.0
520.4073990775644,132.0,0.0,duct_filler,0,1247.0
527.33560230784,132.0,0.0,duct_filler,0,1247.0
534.2638055381158,132.0,0.0,duct_filler,0,1247.0
541.1920087683911,132.0,0.0,duct_filler,0,1247.0
548.1202119986667,132.0,0.0,duct_filler,0,1247.0
-127.37960295319363,126.00000000000006,0.0,duct_filler,0,1247.0
-120.4513997229181,126.00000000000006,0.0,duct_filler,0,1247.0
357.5946231660902,126.0,0.0,duct_filler,0,1247.0
364.52282639636553,126.0,0.0,duct_filler,0,1247.0
371.451029626641,126.0,0.0,duct_filler,0,1247.0
523.8715006927023,126.0,0.0,duct_filler,0,1247.0
530.7997039229779,126.0,0.0,duct_filler,0,1247.0
537.7279071532535,126.0,0.0,duct_filler,0,1247.0
544.6561103835293,126.0,0.0,duct_filler,0,1247.0
551.5843136138046,126.0,0.0,duct_filler,0,1247.0
361.05872478122785,120.0,0.0,duct_filler,0,1247.0
367.9869280115033,120.0,0.0,duct_filler,0,1247.0
520.4073990775644,120.0,0.0,duct_filler,0,1247.0
527.33560230784,120.0,0.0,duct_filler,0,1247.0
534.2638055381158,120.0,0.0,duct_filler,0,1247.0
541.1920087683911,120.0,0.0,duct_filler,0,1247.0
548.1202119986667,120.0,0.0,duct_filler,0,1247.0
523.8715006927023,114.0,0.0,duct_filler,0,1247.0
530.7997039229779,114.0,0.0,duct_filler,0,1247.0
537.7279071532535,114.0,0.0,duct_filler,0,1247.0
544.6561103835293,114.0,0.0,duct_filler,0,1247.0
551.5843136138046,114.0,0.0,duct_filler,0,1247.0
437.2689603142578,108.0,0.0,duct_filler,0,1247.0
444.1971635445336,108.0,0.0,duct_filler,0,1247.0
451.125366774809,108.0,0.0,duct_filler,0,1247.0
458.05357000508445,108.0,0.0,duct_filler,0,1247.0
534.2638055381158,108.0,0.0,duct_filler,0,1247.0
541.1920087683911,108.0,0.0,duct_filler,0,1247.0
548.1202119986667,108.0,0.0,duct_filler,0,1247.0
426.87665546884466,102.0,0.0,duct_filler,0,1247.0
433.80485869912013,102.0,0.0,duct_filler,0,1247.0
440.7330619293955,102.0,0.0,duct_filler,0,1247.0
447.6612651596713,102.0,0.0,duct_filler,0,1247.0
454.58946838994655,102.0,0.0,duct_filler,0,1247.0
461.51767162022213,102.0,0.0,duct_filler,0,1247.0
468.4458748504976,102.0,0.0,duct_filler,0,1247.0
475.37407808077296,102.0,0.0,duct_filler,0,1247.0
530.7997039229779,102.0,0.0,duct_filler,0,1247.0
537.7279071532535,102.0,0.0,duct_filler,0,1247.0
544.6561103835293,102.0,0.0,duct_filler,0,1247.0
551.5843136138046,102.0,0.0,duct_filler,0,1247.0
423.412553853707,96.0,0.0,duct_filler,0,1247.0
430.3407570839827,96.0,0.0,duct_filler,0,1247.0
437.2689603142578,96.0,0.0,duct_filler,0,1247.0
444.1971635445336,96.0,0.0,duct_filler,0,1247.0
451.125366774809,96.0,0.0,duct_filler,0,1247.0
458.05357000508445,96.0,0.0,duct_filler,0,1247.0
464.9817732353599,96.0,0.0,duct_filler,0,1247.0
471.9099764656353,96.0,0.0,duct_filler,0,1247.0
478.83817969591087,96.0,0.0,duct_filler,0,1247.0
534.2638055381158,96.0,0.0,duct_filler,0,1247.0
541.1920087683911,96.0,0.0,duct_filler,0,1247.0
548.1202119986667,96.0,0.0,duct_filler,0,1247.0
-279.80007401925525,90.0,0.0,duct_filler,0,1247.0
-272.8718707889797,90.0,0.0,duct_filler,0,1247.0
-92.73858680181598,90.0,0.0,duct_filler,0,1247.0
-85.81038357154046,90.0,0.0,duct_filler,0,1247.0
-78.88218034126493,90.0,0.0,duct_filler,0,1247.0
-71.95397711098934,90.0,0.0,duct_filler,0,1247.0
419.9484522385692,89.99999999999994,0.0,duct_filler,0,1247.0
426.87665546884466,89.99999999999994,0.0,duct_filler,0,1247.0
433.80485869912013,89.99999999999994,0.0,duct_filler,0,1247.0
440.7330619293955,89.99999999999994,0.0,duct_filler,0,1247.0
447.6612651596713,89.99999999999994,0.0,duct_filler,0,1247.0
454.58946838994655,89.99999999999994,0.0,duct_filler,0,1247.0
461.51767162022213,89.99999999999994,0.0,duct_filler,0,1247.0
468.4458748504976,89.99999999999994,0.0,duct_filler,0,1247.0
475.37407808077296,90.0,0.0,duct_filler,0,1247.0
482.3022813110488,90.0,0.0,duct_filler,0,1247.0
537.7279071532535,90.0,0.0,duct_filler,0,1247.0
544.6561103835293,90.0,0.0,duct_filler,0,1247.0
551.5843136138046,90.0,0.0,duct_filler,0,1247.0
-283.26417563439304,84.00000000000006,0.0,duct_filler,0,1247.0
-276.3359724041175,84.00000000000006,0.0,duct_filler,0,1247.0
-269.407769173842,84.00000000000006,0.0,duct_filler,0,1247.0
-116.9872981077803,84.00000000000006,0.0,duct_filler,0,1247.0
-110.05909487750478,84.00000000000006,0.0,duct_filler,0,1247.0
-103.1308916472293,84.00000000000006,0.0,duct_filler,0,1247.0
-96.20268841695378,84.00000000000006,0.0,duct_filler,0,1247.0
-89.27448518667825,84.00000000000006,0.0,duct_filler,0,1247.0
-82.34628195640266,84.00000000000006,0.0,duct_filler,0,1247.0
-75.41807872612725,84.00000000000006,0.0,duct_filler,0,1247.0
-68.48987549585166,84.00000000000006,0.0,duct_filler,0,1247.0
-61.561672265576135,84.00000000000006,0.0,duct_filler,0,1247.0
-54.63346903530061,84.00000000000006,0.0,duct_filler,0,1247.0
423.412553853707,84.0,0.0,duct_filler,0,1247.0
430.3407570839827,84.0,0.0,duct_filler,0,1247.0
437.2689603142578,84.0,0.0,duct_filler,0,1247.0
444.1971635445336,84.0,0.0,duct_filler,0,1247.0
451.125366774809,84.0,0.0,duct_filler,0,1247.0
458.05357000508445,84.0,0.0,duct_filler,0,1247.0
464.9817732353599,84.0,0.0,duct_filler,0,1247.0
548.1202119986667,84.0,0.0,duct_filler,0,1247.0
-286.7282772495308,78.00000000000006,0.0,duct_filler,0,1247.0
-279.80007401925525,78.00000000000006,0.0,duct_filler,0,1247.0
-272.8718707889797,78.00000000000006,0.0,duct_filler,0,1247.0
-120.4513997229181,78.00000000000006,0.0,duct_filler,0,1247.0
-113.52319649264263,78.00000000000006,0.0,duct_filler,0,1247.0
-106.5949932623671,78.00000000000006,0.0,duct_filler,0,1247.0
-99.66679003209157,78.00000000000006,0.0,duct_filler,0,1247.0
-92.73858680181598,78.00000000000006,0.0,duct_filler,0,1247.0
-85.81038357154046,78.00000000000006,0.0,duct_filler,0,1247.0
-78.88218034126493,78.00000000000006,0.0,duct_filler,0,1247.0
-71.95397711098934,78.00000000000006,0.0,duct_filler,0,1247.0
-65.02577388071381,78.00000000000006,0.0,duct_filler,0,1247.0
-58.09757065043834,78.00000000000006,0.0,duct_filler,0,1247.0
-51.169367420162814,78.00000000000006,0.0,duct_filler,0,1247.0
440.7330619293955,78.0,0.0,duct_filler,0,1247.0
447.6612651596713,78.0,0.0,duct_filler,0,1247.0
454.58946838994655,78.0,0.0,duct_filler,0,1247.0
461.51767162022213,78.0,0.0,duct_filler,0,1247.0
551.5843136138046,78.0,0.0,duct_filler,0,1247.0
-283.26417563439304,72.00000000000006,0.0,duct_filler,0,1247.0
-276.3359724041175,72.00000000000006,0.0,duct_filler,0,1247.0
-179.34112718026006,72.00000000000006,0.0,duct_filler,0,1247.0
-172.41292394998464,72.00000000000006,0.0,duct_filler,0,1247.0
-123.91550133805589,72.00000000000006,0.0,duct_filler,0,1247.0
-116.9872981077803,72.00000000000006,0.0,duct_filler,0,1247.0
-110.05909487750478,72.00000000000006,0.0,duct_filler,0,1247.0
-103.1308916472293,72.00000000000006,0.0,duct_filler,0,1247.0
-96.20268841695378,72.00000000000006,0.0,duct_filler,0,1247.0
-89.27448518667825,72.00000000000006,0.0,duct_filler,0,1247.0
-82.34628195640266,72.00000000000006,0.0,duct_filler,0,1247.0
-75.41807872612725,72.00000000000006,0.0,duct_filler,0,1247.0
-68.48987549585166,72.00000000000006,0.0,duct_filler,0,1247.0
-61.561672265576135,72.00000000000006,0.0,duct_filler,0,1247.0
-54.63346903530061,72.00000000000006,0.0,duct_filler,0,1247.0
451.125366774809,71.99999999999994,0.0,duct_filler,0,1247.0
548.1202119986667,72.0,0.0,duct_filler,0,1247.0
-175.87702556512232,66.00000000000006,0.0,duct_filler,0,1247.0
-168.9488223348468,66.00000000000006,0.0,duct_filler,0,1247.0
-113.52319649264263,66.00000000000006,0.0,duct_filler,0,1247.0
-106.5949932623671,66.00000000000006,0.0,duct_filler,0,1247.0
-99.66679003209157,66.00000000000006,0.0,duct_filler,0,1247.0
-92.73858680181598,66.00000000000006,0.0,duct_filler,0,1247.0
-85.81038357154046,66.00000000000006,0.0,duct_filler,0,1247.0
-78.88218034126493,66.00000000000006,0.0,duct_filler,0,1247.0
-71.95397711098934,66.00000000000006,0.0,duct_filler,0,1247.0
-65.02577388071381,66.00000000000006,0.0,duct_filler,0,1247.0
-58.09757065043834,66.00000000000006,0.0,duct_filler,0,1247.0
-51.169367420162814,66.00000000000006,0.0,duct_filler,0,1247.0
-44.241164189887286,66.00000000000006,0.0,duct_filler,0,1247.0
551.5843136138046,66.0,0.0,duct_filler,0,1247.0
-179.34112718026006,60.0,0.0,duct_filler,0,1247.0
-172.41292394998464,60.0,0.0,duct_filler,0,1247.0
-165.484720719709,60.0,0.0,duct_filler,0,1247.0
-158.55651748943353,60.0,0.0,duct_filler,0,1247.0
-110.05909487750478,60.0,0.0,duct_filler,0,1247.0
-103.1308916472293,60.0,0.0,duct_filler,0,1247.0
-96.20268841695378,60.0,0.0,duct_filler,0,1247.0
-89.27448518667825,60.0,0.0,duct_filler,0,1247.0
-82.34628195640266,60.0,0.0,duct_filler,0,1247.0
-75.41807872612725,60.0,0.0,duct_filler,0,1247.0
-68.48987549585166,60.0,0.0,duct_filler,0,1247.0
-61.561672265576135,60.0,0.0,duct_filler,0,1247.0
-54.63346903530061,60.0,0.0,duct_filler,0,1247.0
-47.70526580502502,60.0,0.0,duct_filler,0,1247.0
548.1202119986667,60.0,0.0,duct_filler,0,1247.0
-189.73343202567332,54.0,0.0,duct_filler,0,1247.0
-182.8052287953978,54.0,0.0,duct_filler,0,1247.0
-175.87702556512232,54.0,0.0,duct_filler,0,1247.0
-168.9488223348468,54.0,0.0,duct_filler,0,1247.0
-162.02061910457127,54.0,0.0,duct_filler,0,1247.0
-155.09241587429574,54.0,0.0,duct_filler,0,1247.0
-148.1642126440201,54.0,0.0,duct_filler,0,1247.0
-134.3078061834692,54.0,0.0,duct_filler,0,1247.0
-127.37960295319363,54.0,0.0,duct_filler,0,1247.0
-120.4513997229181,54.0,0.0,duct_filler,0,1247.0
-92.73858680181598,54.0,0.0,duct_filler,0,1247.0
-85.81038357154046,54.0,0.0,duct_filler,0,1247.0
-78.88218034126493,54.0,0.0,duct_filler,0,1247.0
-71.95397711098934,54.0,0.0,duct_filler,0,1247.0
-65.02577388071381,54.0,0.0,duct_filler,0,1247.0
-58.09757065043834,54.0,0.0,duct_filler,0,1247.0
-51.169367420162814,54.0,0.0,duct_filler,0,1247.0
551.5843136138046,54.0,0.0,duct_filler,0,1247.0
-200.1257368710867,48.0,0.0,duct_filler,0,1247.0
-193.19753364081112,48.0,0.0,duct_filler,0,1247.0
-186.26933041053564,48.0,0.0,duct_filler,0,1247.0
-179.34112718026006,48.0,0.0,duct_filler,0,1247.0
-172.41292394998464,48.0,0.0,duct_filler,0,1247.0
-165.484720719709,48.0,0.0,duct_filler,0,1247.0
-158.55651748943353,48.0,0.0,duct_filler,0,1247.0
-151.62831425915806,48.0,0.0,duct_filler,0,1247.0
-144.70011102888253,48.0,0.0,duct_filler,0,1247.0
-130.84370456833142,48.0,0.0,duct_filler,0,1247.0
-123.91550133805589,48.0,0.0,duct_filler,0,1247.0
-116.9872981077803,48.0,0.0,duct_filler,0,1247.0
-61.561672265576135,48.0,0.0,duct_filler,0,1247.0
-210.51804171649997,42.0,0.0,duct_filler,0,1247.0
-203.58983848622438,42.0,0.0,duct_filler,0,1247.0
-196.6616352559489,42.0,0.0,duct_filler,0,1247.0
-189.73343202567332,42.0,0.0,duct_filler,0,1247.0
-182.8052287953978,42.0,0.0,duct_filler,0,1247.0
-175.87702556512232,42.0,0.0,duct_filler,0,1247.0
-168.9488223348468,42.0,0.0,duct_filler,0,1247.0
-162.02061910457127,42.0,0.0,duct_filler,0,1247.0
-155.09241587429574,42.0,0.0,duct_filler,0,1247.0
-148.1642126440201,42.0,0.0,duct_filler,0,1247.0
-141.23600941374474,42.0,0.0,duct_filler,0,1247.0
-134.3078061834692,42.0,0.0,duct_filler,0,1247.0
-127.37960295319363,42.0,0.0,duct_filler,0,1247.0
-120.4513997229181,42.0,0.0,duct_filler,0,1247.0
-113.52319649264263,42.0,0.0,duct_filler,0,1247.0
-345.61800470687257,36.0,0.0,duct_filler,0,1247.0
-213.98214333163776,36.0,0.0,duct_filler,0,1247.0
-207.05394010136217,36.0,0.0,duct_filler,0,1247.0
-200.1257368710867,36.0,0.0,duct_filler,0,1247.0
-193.19753364081112,36.0,0.0,duct_filler,0,1247.0
-186.26933041053564,36.0,0.0,duct_filler,0,1247.0
-172.41292394998464,36.0,0.0,duct_filler,0,1247.0
-165.484720719709,36.0,0.0,duct_filler,0,1247.0
-158.55651748943353,36.0,0.0,duct_filler,0,1247.0
-151.62831425915806,36.0,0.0,duct_filler,0,1247.0
-144.70011102888253,36.0,0.0,duct_filler,0,1247.0
-137.77190779860695,36.0,0.0,duct_filler,0,1247.0
-130.84370456833142,36.0,0.0,duct_filler,0,1247.0
-123.91550133805589,36.0,0.0,duct_filler,0,1247.0
-116.9872981077803,36.0,0.0,duct_filler,0,1247.0
-356.01030955228583,30.0,0.0,duct_filler,0,1247.0
-349.0821063220103,30.0,0.0,duct_filler,0,1247.0
-342.15390309173483,30.0,0.0,duct_filler,0,1247.0
-335.22569986145925,30.0,0.0,duct_filler,0,1247.0
-217.4462449467755,30.0,0.0,duct_filler,0,1247.0
-210.51804171649997,30.0,0.0,duct_filler,0,1247.0
-203.58983848622438,30.0,0.0,duct_filler,0,1247.0
-196.6616352559489,30.0,0.0,duct_filler,0,1247.0
-155.09241587429574,30.0,0.0,duct_filler,0,1247.0
-148.1642126440201,30.0,0.0,duct_filler,0,1247.0
-141.23600941374474,30.0,0.0,duct_filler,0,1247.0
-134.3078061834692,30.0,0.0,duct_filler,0,1247.0
-352.54620793714804,23.999999999999886,0.0,duct_filler,0,1247.0
-345.61800470687257,23.999999999999886,0.0,duct_filler,0,1247.0
-338.68980147659704,23.999999999999886,0.0,duct_filler,0,1247.0
-331.76159824632157,23.999999999999886,0.0,duct_filler,0,1247.0
-220.9103465619133,24.0,0.0,duct_filler,0,1247.0
-213.98214333163776,24.0,0.0,duct_filler,0,1247.0
-207.05394010136217,24.0,0.0,duct_filler,0,1247.0
-200.1257368710867,24.0,0.0,duct_filler,0,1247.0
-144.70011102888253,24.0,0.0,duct_filler,0,1247.0
-137.77190779860695,24.0,0.0,duct_filler,0,1247.0
-342.15390309173483,18.0,0.0,duct_filler,0,1247.0
-335.22569986145925,18.0,0.0,duct_filler,0,1247.0
-224.37444817705102,18.000000000000114,0.0,duct_filler,0,1247.0
-217.4462449467755,18.000000000000114,0.0,duct_filler,0,1247.0
-210.51804171649997,18.000000000000114,0.0,duct_filler,0,1247.0
-203.58983848622438,18.000000000000114,0.0,duct_filler,0,1247.0
-196.6616352559489,18.000000000000114,0.0,duct_filler,0,1247.0
-141.23600941374474,18.000000000000114,0.0,duct_filler,0,1247.0
-134.3078061834692,18.000000000000114,0.0,duct_filler,0,1247.0
-220.9103465619133,11.999999999999886,0.0,duct_filler,0,1247.0
-213.98214333163776,11.999999999999886,0.0,duct_filler,0,1247.0
-207.05394010136217,11.999999999999886,0.0,duct_filler,0,1247.0
-200.1257368710867,11.999999999999886,0.0,duct_filler,0,1247.0
-144.70011102888253,11.999999999999886,0.0,duct_filler,0,1247.0
-137.77190779860695,11.999999999999886,0.0,duct_filler,0,1247.0
-130.84370456833142,11.999999999999886,0.0,duct_filler,0,1247.0
-123.91550133805589,11.999999999999886,0.0,duct_filler,0,1247.0
-224.37444817705102,6.000000000000114,0.0,duct_filler,0,1247.0
-217.4462449467755,6.000000000000114,0.0,duct_filler,0,1247.0
-210.51804171649997,6.000000000000114,0.0,duct_filler,0,1247.0
-203.58983848622438,6.000000000000114,0.0,duct_filler,0,1247.0
-196.6616352559489,6.000000000000114,0.0,duct_filler,0,1247.0
-189.73343202567332,6.000000000000114,0.0,duct_filler,0,1247.0
-134.3078061834692,6.000000000000114,0.0,duct_filler,0,1247.0
-127.37960295319363,6.000000000000114,0.0,duct_filler,0,1247.0
-220.9103465619133,-1.1368683772161603e-13,0.0,duct_filler,0,1247.0
-213.98214333163776,-1.1368683772161603e-13,0.0,duct_filler,0,1247.0
-207.05394010136217,-1.1368683772161603e-13,0.0,duct_filler,0,1247.0
-200.1257368710867,-1.1368683772161603e-13,0.0,duct_filler,0,1247.0
-193.19753364081112,-1.1368683772161603e-13,0.0,duct_filler,0,1247.0
-217.4462449467755,-5.999999999999886,0.0,duct_filler,0,1247.0
-210.51804171649997,-5.999999999999886,0.0,duct_filler,0,1247.0
101.25110364589762,-6.0,0.0,duct_filler,0,1247.0
108.17930687617309,-6.0,0.0,duct_filler,0,1247.0
115.10751010644856,-6.0,0.0,duct_filler,0,1247.0
122.03571333672403,-6.0,0.0,duct_filler,0,1247.0
128.9639165669995,-6.0,0.0,duct_filler,0,1247.0
135.89211979727497,-6.0,0.0,duct_filler,0,1247.0
97.78700203076005,-12.0,0.0,duct_filler,0,1247.0
104.71520526103541,-12.0,0.0,duct_filler,0,1247.0
111.64340849131088,-12.0,0.0,duct_filler,0,1247.0
118.57161172158635,-12.0,0.0,duct_filler,0,1247.0
125.49981495186182,-12.0,0.0,duct_filler,0,1247.0
132.4280181821373,-12.0,0.0,duct_filler,0,1247.0
139.35622141241265,-12.0,0.0,duct_filler,0,1247.0
101.25110364589762,-18.0,0.0,duct_filler,0,1247.0
108.17930687617309,-18.0,0.0,duct_filler,0,1247.0
115.10751010644856,-18.0,0.0,duct_filler,0,1247.0
122.03571333672403,-18.0,0.0,duct_filler,0,1247.0
128.9639165669995,-18.0,0.0,duct_filler,0,1247.0
135.89211979727497,-18.0,0.0,duct_filler,0,1247.0
-310.97698855549504,-24.0,0.0,duct_filler,0,1247.0
-304.04878532521957,-24.0,0.0,duct_filler,0,1247.0
-297.12058209494404,-24.0,0.0,duct_filler,0,1247.0
-276.3359724041175,-24.0,0.0,duct_filler,0,1247.0
104.71520526103541,-24.000000000000114,0.0,duct_filler,0,1247.0
111.64340849131088,-24.000000000000114,0.0,duct_filler,0,1247.0
118.57161172158635,-24.000000000000114,0.0,duct_filler,0,1247.0
125.49981495186182,-24.000000000000114,0.0,duct_filler,0,1247.0
132.4280181821373,-24.000000000000114,0.0,duct_filler,0,1247.0
139.35622141241265,-24.000000000000114,0.0,duct_filler,0,1247.0
-328.29749663118383,-30.0,0.0,duct_filler,0,1247.0
-321.3692934009083,-30.0,0.0,duct_filler,0,1247.0
-314.44109017063283,-30.0,0.0,duct_filler,0,1247.0
-307.51288694035725,-30.0,0.0,duct_filler,0,1247.0
-300.5846837100818,-30.0,0.0,duct_filler,0,1247.0
-293.6564804798063,-29.999999999999886,0.0,duct_filler,0,1247.0
-286.7282772495308,-30.0,0.0,duct_filler,0,1247.0
-279.80007401925525,-30.0,0.0,duct_filler,0,1247.0
-272.8718707889797,-30.0,0.0,duct_filler,0,1247.0
115.10751010644856,-30.0,0.0,duct_filler,0,1247.0
122.03571333672403,-30.0,0.0,duct_filler,0,1247.0
128.9639165669995,-30.0,0.0,duct_filler,0,1247.0
135.89211979727497,-30.0,0.0,duct_filler,0,1247.0
149.7485262578258,-30.0,0.0,duct_filler,0,1247.0
156.6767294881015,-30.0,0.0,duct_filler,0,1247.0
163.60493271837686,-30.0,0.0,duct_filler,0,1247.0
170.53313594865233,-30.0,0.0,duct_filler,0,1247.0
274.4561844027844,-30.0,0.0,duct_filler,0,1247.0
-324.8333950160461,-35.999999999999886,0.0,duct_filler,0,1247.0
-317.9051917857706,-35.999999999999886,0.0,duct_filler,0,1247.0
-310.97698855549504,-35.999999999999886,0.0,duct_filler,0,1247.0
-304.04878532521957,-35.999999999999886,0.0,duct_filler,0,1247.0
-297.12058209494404,-35.999999999999886,0.0,duct_filler,0,1247.0
-290.19237886466857,-36.000000000000114,0.0,duct_filler,0,1247.0
-283.26417563439304,-36.000000000000114,0.0,duct_filler,0,1247.0
-276.3359724041175,-36.000000000000114,0.0,duct_filler,0,1247.0
-262.4795659435664,-36.000000000000114,0.0,duct_filler,0,1247.0
118.57161172158635,-36.0,0.0,duct_filler,0,1247.0
125.49981495186182,-36.0,0.0,duct_filler,0,1247.0
132.4280181821373,-36.0,0.0,duct_filler,0,1247.0
139.35622141241265,-36.0,0.0,duct_filler,0,1247.0
146.28442464268812,-36.0,0.0,duct_filler,0,1247.0
153.2126278729637,-36.0,0.0,duct_filler,0,1247.0
160.14083110323918,-36.0,0.0,duct_filler,0,1247.0
167.06903433351465,-36.0,0.0,duct_filler,0,1247.0
173.99723756379012,-36.0,0.0,duct_filler,0,1247.0
270.9920827876467,-36.0,0.0,duct_filler,0,1247.0
277.92028601792254,-36.0,0.0,duct_filler,0,1247.0
-328.29749663118383,-42.0,0.0,duct_filler,0,1247.0
-321.3692934009083,-42.0,0.0,duct_filler,0,1247.0
-314.44109017063283,-42.0,0.0,duct_filler,0,1247.0
-307.51288694035725,-42.0,0.0,duct_filler,0,1247.0
-300.5846837100818,-42.0,0.0,duct_filler,0,1247.0
-293.6564804798063,-42.0,0.0,duct_filler,0,1247.0
-286.7282772495308,-42.0,0.0,duct_filler,0,1247.0
-279.80007401925525,-42.0,0.0,duct_filler,0,1247.0
-272.8718707889797,-42.0,0.0,duct_filler,0,1247.0
-265.9436675587042,-42.0,0.0,duct_filler,0,1247.0
-259.01546432842866,-42.0,0.0,duct_filler,0,1247.0
115.10751010644856,-41.999999999999886,0.0,duct_filler,0,1247.0
122.03571333672403,-41.999999999999886,0.0,duct_filler,0,1247.0
128.9639165669995,-41.999999999999886,0.0,duct_filler,0,1247.0
135.89211979727497,-41.999999999999886,0.0,duct_filler,0,1247.0
142.82032302755056,-41.999999999999886,0.0,duct_filler,0,1247.0
149.7485262578258,-41.999999999999886,0.0,duct_filler,0,1247.0
156.6767294881015,-41.999999999999886,0.0,duct_filler,0,1247.0
163.60493271837686,-41.999999999999886,0.0,duct_filler,0,1247.0
170.53313594865233,-41.999999999999886,0.0,duct_filler,0,1247.0
260.5997779422336,-41.999999999999886,0.0,duct_filler,0,1247.0
267.5279811725088,-41.999999999999886,0.0,duct_filler,0,1247.0
274.4561844027844,-41.999999999999886,0.0,duct_filler,0,1247.0
-317.9051917857706,-48.000000000000114,0.0,duct_filler,0,1247.0
-310.97698855549504,-48.000000000000114,0.0,duct_filler,0,1247.0
-304.04878532521957,-48.000000000000114,0.0,duct_filler,0,1247.0
-297.12058209494404,-48.000000000000114,0.0,duct_filler,0,1247.0
-290.19237886466857,-48.000000000000114,0.0,duct_filler,0,1247.0
-283.26417563439304,-48.000000000000114,0.0,duct_filler,0,1247.0
-276.3359724041175,-48.000000000000114,0.0,duct_filler,0,1247.0
-269.407769173842,-48.000000000000114,0.0,duct_filler,0,1247.0
-262.4795659435664,-48.000000000000114,0.0,duct_filler,0,1247.0
111.64340849131088,-48.000000000000114,0.0,duct_filler,0,1247.0
118.57161172158635,-48.000000000000114,0.0,duct_filler,0,1247.0
125.49981495186182,-48.000000000000114,0.0,duct_filler,0,1247.0
132.4280181821373,-48.000000000000114,0.0,duct_filler,0,1247.0
139.35622141241265,-48.000000000000114,0.0,duct_filler,0,1247.0
146.28442464268812,-48.000000000000114,0.0,duct_filler,0,1247.0
153.2126278729637,-48.000000000000114,0.0,duct_filler,0,1247.0
160.14083110323918,-48.000000000000114,0.0,duct_filler,0,1247.0
167.06903433351465,-48.000000000000114,0.0,duct_filler,0,1247.0
173.99723756379012,-48.000000000000114,0.0,duct_filler,0,1247.0
257.13567632709567,-48.000000000000114,0.0,duct_filler,0,1247.0
264.06387955737125,-48.000000000000114,0.0,duct_filler,0,1247.0
270.9920827876467,-48.000000000000114,0.0,duct_filler,0,1247.0
277.92028601792254,-48.000000000000114,0.0,duct_filler,0,1247.0
305.6330989390242,-48.000000000000114,0.0,duct_filler,0,1247.0
312.56130216929967,-48.000000000000114,0.0,duct_filler,0,1247.0
492.6945861564618,-48.000000000000114,0.0,duct_filler,0,1247.0
499.6227893867376,-48.000000000000114,0.0,duct_filler,0,1247.0
506.5509926170132,-48.000000000000114,0.0,duct_filler,0,1247.0
513.4791958472888,-48.000000000000114,0.0,duct_filler,0,1247.0
-265.9436675587042,-54.0,0.0,duct_filler,0,1247.0
108.17930687617309,-54.0,0.0,duct_filler,0,1247.0
115.10751010644856,-54.0,0.0,duct_filler,0,1247.0
122.03571333672403,-54.0,0.0,duct_filler,0,1247.0
128.9639165669995,-54.0,0.0,duct_filler,0,1247.0
135.89211979727497,-54.0,0.0,duct_filler,0,1247.0
142.82032302755056,-54.0,0.0,duct_filler,0,1247.0
149.7485262578258,-54.0,0.0,duct_filler,0,1247.0
156.6767294881015,-54.0,0.0,duct_filler,0,1247.0
163.60493271837686,-54.0,0.0,duct_filler,0,1247.0
170.53313594865233,-54.0,0.0,duct_filler,0,1247.0
177.4613391789278,-54.0,0.0,duct_filler,0,1247.0
253.671574711958,-54.0,0.0,duct_filler,0,1247.0
260.5997779422336,-54.0,0.0,duct_filler,0,1247.0
267.5279811725088,-54.0,0.0,duct_filler,0,1247.0
274.4561844027844,-54.0,0.0,duct_filler,0,1247.0
281.3843876330599,-54.0,0.0,duct_filler,0,1247.0
302.1689973238865,-54.0,0.0,duct_filler,0,1247.0
309.097200554162,-54.0,0.0,duct_filler,0,1247.0
316.02540378443734,-54.0,0.0,duct_filler,0,1247.0
496.15868777160017,-53.999999999999886,0.0,duct_filler,0,1247.0
503.08689100187576,-53.999999999999886,0.0,duct_filler,0,1247.0
510.0150942321511,-53.999999999999886,0.0,duct_filler,0,1247.0
97.78700203076005,-59.999999999999886,0.0,duct_filler,0,1247.0
104.71520526103541,-59.999999999999886,0.0,duct_filler,0,1247.0
111.64340849131088,-59.999999999999886,0.0,duct_filler,0,1247.0
118.57161172158635,-59.999999999999886,0.0,duct_filler,0,1247.0
125.49981495186182,-59.999999999999886,0.0,duct_filler,0,1247.0
132.4280181821373,-59.999999999999886,0.0,duct_filler,0,1247.0
139.35622141241265,-59.999999999999886,0.0,duct_filler,0,1247.0
146.28442464268812,-59.999999999999886,0.0,duct_filler,0,1247.0
153.2126278729637,-59.999999999999886,0.0,duct_filler,0,1247.0
160.14083110323918,-59.999999999999886,0.0,duct_filler,0,1247.0
167.06903433351465,-59.999999999999886,0.0,duct_filler,0,1247.0
173.99723756379012,-59.999999999999886,0.0,duct_filler,0,1247.0
180.9254407940656,-59.999999999999886,0.0,duct_filler,0,1247.0
250.20747309682042,-59.999999999999886,0.0,duct_filler,0,1247.0
257.13567632709567,-59.999999999999886,0.0,duct_filler,0,1247.0
264.06387955737125,-59.999999999999886,0.0,duct_filler,0,1247.0
270.9920827876467,-59.999999999999886,0.0,duct_filler,0,1247.0
277.92028601792254,-59.999999999999886,0.0,duct_filler,0,1247.0
284.84848924819755,-59.999999999999886,0.0,duct_filler,0,1247.0
291.77669247847336,-59.999999999999886,0.0,duct_filler,0,1247.0
298.70489570874884,-59.999999999999886,0.0,duct_filler,0,1247.0
305.6330989390242,-59.999999999999886,0.0,duct_filler,0,1247.0
312.56130216929967,-59.999999999999886,0.0,duct_filler,0,1247.0
101.25110364589762,-66.0,0.0,duct_filler,0,1247.0
108.17930687617309,-66.0,0.0,duct_filler,0,1247.0
115.10751010644856,-66.0,0.0,duct_filler,0,1247.0
122.03571333672403,-66.0,0.0,duct_filler,0,1247.0
128.9639165669995,-66.0,0.0,duct_filler,0,1247.0
135.89211979727497,-66.0,0.0,duct_filler,0,1247.0
149.7485262578258,-66.0,0.0,duct_filler,0,1247.0
156.6767294881015,-66.0,0.0,duct_filler,0,1247.0
163.60493271837686,-66.0,0.0,duct_filler,0,1247.0
170.53313594865233,-66.0,0.0,duct_filler,0,1247.0
177.4613391789278,-66.0,0.0,duct_filler,0,1247.0
191.31774563947874,-66.0,0.0,duct_filler,0,1247.0
198.24594886975422,-66.0,0.0,duct_filler,0,1247.0
246.74337148168252,-66.0,0.0,duct_filler,0,1247.0
253.671574711958,-66.0,0.0,duct_filler,0,1247.0
260.5997779422336,-66.0,0.0,duct_filler,0,1247.0
267.5279811725088,-66.0,0.0,duct_filler,0,1247.0
274.4561844027844,-66.0,0.0,duct_filler,0,1247.0
281.3843876330599,-66.0,0.0,duct_filler,0,1247.0
288.31259086333534,-66.0,0.0,duct_filler,0,1247.0
295.2407940936107,-66.0,0.0,duct_filler,0,1247.0
302.1689973238865,-66.0,0.0,duct_filler,0,1247.0
309.097200554162,-66.0,0.0,duct_filler,0,1247.0
104.71520526103541,-72.0,0.0,duct_filler,0,1247.0
111.64340849131088,-72.0,0.0,duct_filler,0,1247.0
118.57161172158635,-72.0,0.0,duct_filler,0,1247.0
125.49981495186182,-72.0,0.0,duct_filler,0,1247.0
132.4280181821373,-72.0,0.0,duct_filler,0,1247.0
160.14083110323918,-72.0,0.0,duct_filler,0,1247.0
167.06903433351465,-72.0,0.0,duct_filler,0,1247.0
173.99723756379012,-72.0,0.0,duct_filler,0,1247.0
180.9254407940656,-72.0,0.0,duct_filler,0,1247.0
187.85364402434107,-72.0,0.0,duct_filler,0,1247.0
194.78184725461665,-72.0,0.0,duct_filler,0,1247.0
201.7100504848919,-72.0,0.0,duct_filler,0,1247.0
236.35106663626937,-72.0,0.0,duct_filler,0,1247.0
243.27926986654484,-72.0,0.0,duct_filler,0,1247.0
250.20747309682042,-72.0,0.0,duct_filler,0,1247.0
257.13567632709567,-72.0,0.0,duct_filler,0,1247.0
264.06387955737125,-72.0,0.0,duct_filler,0,1247.0
270.9920827876467,-72.0,0.0,duct_filler,0,1247.0
277.92028601792254,-72.0,0.0,duct_filler,0,1247.0
284.84848924819755,-72.0,0.0,duct_filler,0,1247.0
291.77669247847336,-72.0,0.0,duct_filler,0,1247.0
298.70489570874884,-72.0,0.0,duct_filler,0,1247.0
305.6330989390242,-72.0,0.0,duct_filler,0,1247.0
312.56130216929967,-72.0,0.0,duct_filler,0,1247.0
115.10751010644856,-78.0,0.0,duct_filler,0,1247.0
122.03571333672403,-78.0,0.0,duct_filler,0,1247.0
128.9639165669995,-78.0,0.0,duct_filler,0,1247.0
163.60493271837686,-78.0,0.0,duct_filler,0,1247.0
170.53313594865233,-78.0,0.0,duct_filler,0,1247.0
177.4613391789278,-78.0,0.0,duct_filler,0,1247.0
184.38954240920327,-78.0,0.0,duct_filler,0,1247.0
191.31774563947874,-78.0,0.0,duct_filler,0,1247.0
198.24594886975422,-78.0,0.0,duct_filler,0,1247.0
205.1741521000298,-78.0,0.0,duct_filler,0,1247.0
232.88696502113157,-78.0,0.0,duct_filler,0,1247.0
239.81516825140704,-78.0,0.0,duct_filler,0,1247.0
246.74337148168252,-78.0,0.0,duct_filler,0,1247.0
267.5279811725088,-78.0,0.0,duct_filler,0,1247.0
274.4561844027844,-78.0,0.0,duct_filler,0,1247.0
281.3843876330599,-78.0,0.0,duct_filler,0,1247.0
288.31259086333534,-78.0,0.0,duct_filler,0,1247.0
295.2407940936107,-78.0,0.0,duct_filler,0,1247.0
302.1689973238865,-78.0,0.0,duct_filler,0,1247.0
309.097200554162,-78.0,0.0,duct_filler,0,1247.0
167.06903433351465,-84.0,0.0,duct_filler,0,1247.0
173.99723756379012,-84.0,0.0,duct_filler,0,1247.0
180.9254407940656,-84.0,0.0,duct_filler,0,1247.0
187.85364402434107,-84.0,0.0,duct_filler,0,1247.0
194.78184725461665,-84.0,0.0,duct_filler,0,1247.0
201.7100504848919,-84.0,0.0,duct_filler,0,1247.0
229.4228634059939,-84.0,0.0,duct_filler,0,1247.0
236.35106663626937,-84.0,0.0,duct_filler,0,1247.0
243.27926986654484,-84.0,0.0,duct_filler,0,1247.0
264.06387955737125,-84.0,0.0,duct_filler,0,1247.0
270.9920827876467,-84.0,0.0,duct_filler,0,1247.0
277.92028601792254,-84.0,0.0,duct_filler,0,1247.0
284.84848924819755,-84.0,0.0,duct_filler,0,1247.0
291.77669247847336,-84.0,0.0,duct_filler,0,1247.0
298.70489570874884,-84.0,0.0,duct_filler,0,1247.0
170.53313594865233,-90.0,0.0,duct_filler,0,1247.0
177.4613391789278,-90.0,0.0,duct_filler,0,1247.0
232.88696502113157,-90.0,0.0,duct_filler,0,1247.0
239.81516825140704,-90.0,0.0,duct_filler,0,1247.0
260.5997779422336,-90.0,0.0,duct_filler,0,1247.0
267.5279811725088,-90.0,0.0,duct_filler,0,1247.0
274.4561844027844,-90.0,0.0,duct_filler,0,1247.0
281.3843876330599,-90.0,0.0,duct_filler,0,1247.0
288.31259086333534,-90.0,0.0,duct_filler,0,1247.0
257.13567632709567,-96.0,0.0,duct_filler,0,1247.0
264.06387955737125,-96.0,0.0,duct_filler,0,1247.0
270.9920827876467,-96.0,0.0,duct_filler,0,1247.0
277.92028601792254,-96.0,0.0,duct_filler,0,1247.0
284.84848924819755,-96.0,0.0,duct_filler,0,1247.0
260.5997779422336,-102.0,0.0,duct_filler,0,1247.0
267.5279811725088,-102.0,0.0,duct_filler,0,1247.0
274.4561844027844,-102.0,0.0,duct_filler,0,1247.0
281.3843876330599,-102.0,0.0,duct_filler,0,1247.0
-498.0384757729337,-108.00000000000011,0.0,duct_filler,0,1247.0
-491.1102725426582,-108.0,0.0,duct_filler,0,1247.0
-484.1820693123827,-108.00000000000011,0.0,duct_filler,0,1247.0
264.06387955737125,-108.0,0.0,duct_filler,0,1247.0
270.9920827876467,-108.0,0.0,duct_filler,0,1247.0
548.1202119986667,-107.99999999999989,0.0,duct_filler,0,1247.0
-501.5025773880715,-114.0,0.0,duct_filler,0,1247.0
-494.57437415779594,-114.0,0.0,duct_filler,0,1247.0
-487.6461709275204,-114.0,0.0,duct_filler,0,1247.0
-480.71796769724494,-114.0,0.0,duct_filler,0,1247.0
-473.7897644669694,-114.0,0.0,duct_filler,0,1247.0
-466.8615612366939,-114.0,0.0,duct_filler,0,1247.0
-459.93335800641836,-114.0,0.0,duct_filler,0,1247.0
-453.00515477614283,-114.0,0.0,duct_filler,0,1247.0
267.5279811725088,-114.0,0.0,duct_filler,0,1247.0
274.4561844027844,-114.0,0.0,duct_filler,0,1247.0
544.6561103835293,-114.0,0.0,duct_filler,0,1247.0
551.5843136138046,-114.0,0.0,duct_filler,0,1247.0
-504.9666790032092,-120.0,0.0,duct_filler,0,1247.0
-498.0384757729337,-120.0,0.0,duct_filler,0,1247.0
-491.1102725426582,-120.0,0.0,duct_filler,0,1247.0
-484.1820693123827,-120.0,0.0,duct_filler,0,1247.0
-477.25386608210715,-120.00000000000011,0.0,duct_filler,0,1247.0
-470.3256628518316,-120.00000000000011,0.0,duct_filler,0,1247.0
-463.39745962155615,-120.00000000000011,0.0,duct_filler,0,1247.0
-456.4692563912806,-120.00000000000011,0.0,duct_filler,0,1247.0
-449.54105316100515,-120.00000000000011,0.0,duct_filler,0,1247.0
270.9920827876467,-120.00000000000011,0.0,duct_filler,0,1247.0
277.92028601792254,-120.00000000000011,0.0,duct_filler,0,1247.0
284.84848924819755,-120.00000000000011,0.0,duct_filler,0,1247.0
541.1920087683911,-120.0,0.0,duct_filler,0,1247.0
548.1202119986667,-120.0,0.0,duct_filler,0,1247.0
-501.5025773880715,-126.0,0.0,duct_filler,0,1247.0
-494.57437415779594,-126.0,0.0,duct_filler,0,1247.0
-487.6461709275204,-126.0,0.0,duct_filler,0,1247.0
-480.71796769724494,-126.0,0.0,duct_filler,0,1247.0
-473.7897644669694,-126.0,0.0,duct_filler,0,1247.0
-466.8615612366939,-126.0,0.0,duct_filler,0,1247.0
-459.93335800641836,-126.0,0.0,duct_filler,0,1247.0
-453.00515477614283,-126.0,0.0,duct_filler,0,1247.0
-446.07695154586736,-126.0,0.0,duct_filler,0,1247.0
-411.4359353944898,-126.0,0.0,duct_filler,0,1247.0
-404.5077321642143,-126.0,0.0,duct_filler,0,1247.0
267.5279811725088,-126.0,0.0,duct_filler,0,1247.0
274.4561844027844,-126.0,0.0,duct_filler,0,1247.0
281.3843876330599,-126.0,0.0,duct_filler,0,1247.0
544.6561103835293,-126.00000000000011,0.0,duct_filler,0,1247.0
551.5843136138046,-126.00000000000011,0.0,duct_filler,0,1247.0
-491.1102725426582,-131.9999999999999,0.0,duct_filler,0,1247.0
-484.1820693123827,-131.9999999999999,0.0,duct_filler,0,1247.0
-477.25386608210715,-132.0,0.0,duct_filler,0,1247.0
-470.3256628518316,-132.0,0.0,duct_filler,0,1247.0
-463.39745962155615,-132.0,0.0,duct_filler,0,1247.0
-456.4692563912806,-132.0,0.0,duct_filler,0,1247.0
-449.54105316100515,-132.0,0.0,duct_filler,0,1247.0
-442.6128499307296,-132.0,0.0,duct_filler,0,1247.0
-435.6846467004541,-132.0,0.0,duct_filler,0,1247.0
-428.75644347017857,-132.0,0.0,duct_filler,0,1247.0
-414.90003700962757,-131.9999999999999,0.0,duct_filler,0,1247.0
-407.9718337793521,-131.9999999999999,0.0,duct_filler,0,1247.0
-401.0436305490765,-131.9999999999999,0.0,duct_filler,0,1247.0
270.9920827876467,-131.9999999999999,0.0,duct_filler,0,1247.0
277.92028601792254,-131.9999999999999,0.0,duct_filler,0,1247.0
284.84848924819755,-131.9999999999999,0.0,duct_filler,0,1247.0
541.1920087683911,-132.0,0.0,duct_filler,0,1247.0
548.1202119986667,-132.0,0.0,duct_filler,0,1247.0
-480.71796769724494,-138.0,0.0,duct_filler,0,1247.0
-473.7897644669694,-138.0,0.0,duct_filler,0,1247.0
-466.8615612366939,-138.0,0.0,duct_filler,0,1247.0
-459.93335800641836,-138.0,0.0,duct_filler,0,1247.0
-453.00515477614283,-138.0,0.0,duct_filler,0,1247.0
-446.07695154586736,-138.0,0.0,duct_filler,0,1247.0
-439.14874831559183,-138.0,0.0,duct_filler,0,1247.0
-432.2205450853163,-138.0,0.0,duct_filler,0,1247.0
-425.29234185504083,-138.0,0.0,duct_filler,0,1247.0
-418.36413862476525,-138.0,0.0,duct_filler,0,1247.0
-411.4359353944898,-138.0,0.0,duct_filler,0,1247.0
-404.5077321642143,-138.0,0.0,duct_filler,0,1247.0
-397.57952893393883,-138.0,0.0,duct_filler,0,1247.0
-335.22569986145925,-138.0,0.0,duct_filler,0,1247.0
274.4561844027844,-138.0000000000001,0.0,duct_filler,0,1247.0
281.3843876330599,-138.0000000000001,0.0,duct_filler,0,1247.0
288.31259086333534,-138.0000000000001,0.0,duct_filler,0,1247.0
544.6561103835293,-138.0,0.0,duct_filler,0,1247.0
551.5843136138046,-138.0,0.0,duct_filler,0,1247.0
-470.3256628518316,-143.9999999999999,0.0,duct_filler,0,1247.0
-463.39745962155615,-143.9999999999999,0.0,duct_filler,0,1247.0
-456.4692563912806,-143.9999999999999,0.0,duct_filler,0,1247.0
-449.54105316100515,-143.9999999999999,0.0,duct_filler,0,1247.0
-442.6128499307296,-143.9999999999999,0.0,duct_filler,0,1247.0
-435.6846467004541,-143.9999999999999,0.0,duct_filler,0,1247.0
-428.75644347017857,-143.9999999999999,0.0,duct_filler,0,1247.0
-421.8282402399031,-143.9999999999999,0.0,duct_filler,0,1247.0
-414.90003700962757,-143.9999999999999,0.0,duct_filler,0,1247.0
-407.9718337793521,-143.9999999999999,0.0,duct_filler,0,1247.0
-401.0436305490765,-143.9999999999999,0.0,duct_filler,0,1247.0
-394.11542731880104,-143.9999999999999,0.0,duct_filler,0,1247.0
-338.68980147659704,-143.9999999999999,0.0,duct_filler,0,1247.0
-331.76159824632157,-143.9999999999999,0.0,duct_filler,0,1247.0
-324.8333950160461,-143.9999999999999,0.0,duct_filler,0,1247.0
277.92028601792254,-144.0,0.0,duct_filler,0,1247.0
284.84848924819755,-144.0,0.0,duct_filler,0,1247.0
541.1920087683911,-144.0000000000001,0.0,duct_filler,0,1247.0
548.1202119986667,-144.0000000000001,0.0,duct_filler,0,1247.0
-459.93335800641836,-150.0000000000001,0.0,duct_filler,0,1247.0
-453.00515477614283,-150.0000000000001,0.0,duct_filler,0,1247.0
-446.07695154586736,-150.0000000000001,0.0,duct_filler,0,1247.0
-439.14874831559183,-150.0000000000001,0.0,duct_filler,0,1247.0
-432.2205450853163,-150.0000000000001,0.0,duct_filler,0,1247.0
-425.29234185504083,-150.0,0.0,duct_filler,0,1247.0
-418.36413862476525,-150.0,0.0,duct_filler,0,1247.0
-411.4359353944898,-150.0,0.0,duct_filler,0,1247.0
-404.5077321642143,-150.0,0.0,duct_filler,0,1247.0
-397.57952893393883,-150.0,0.0,duct_filler,0,1247.0
-390.6513257036633,-150.0,0.0,duct_filler,0,1247.0
-342.15390309173483,-150.0,0.0,duct_filler,0,1247.0
-335.22569986145925,-150.0,0.0,duct_filler,0,1247.0
-328.29749663118383,-150.0,0.0,duct_filler,0,1247.0
-321.3692934009083,-150.0,0.0,duct_filler,0,1247.0
-314.44109017063283,-150.0,0.0,duct_filler,0,1247.0
-307.51288694035725,-150.0,0.0,duct_filler,0,1247.0
-300.5846837100818,-150.0,0.0,duct_filler,0,1247.0
537.7279071532535,-150.0000000000001,0.0,duct_filler,0,1247.0
544.6561103835293,-150.0000000000001,0.0,duct_filler,0,1247.0
551.5843136138046,-150.0000000000001,0.0,duct_filler,0,1247.0
-463.39745962155615,-156.0,0.0,duct_filler,0,1247.0
-456.4692563912806,-156.0,0.0,duct_filler,0,1247.0
-449.54105316100515,-156.0,0.0,duct_filler,0,1247.0
-442.6128499307296,-156.0,0.0,duct_filler,0,1247.0
-435.6846467004541,-156.0,0.0,duct_filler,0,1247.0
-428.75644347017857,-156.0,0.0,duct_filler,0,1247.0
-421.8282402399031,-156.0,0.0,duct_filler,0,1247.0
-414.90003700962757,-156.0,0.0,duct_filler,0,1247.0
-407.9718337793521,-156.0,0.0,duct_filler,0,1247.0
-401.0436305490765,-156.0,0.0,duct_filler,0,1247.0
-394.11542731880104,-156.0,0.0,duct_filler,0,1247.0
-387.18722408852557,-156.0,0.0,duct_filler,0,1247.0
-331.76159824632157,-156.0,0.0,duct_filler,0,1247.0
-324.8333950160461,-156.0,0.0,duct_filler,0,1247.0
-317.9051917857706,-156.0,0.0,duct_filler,0,1247.0
-310.97698855549504,-156.0,0.0,duct_filler,0,1247.0
-304.04878532521957,-156.0,0.0,duct_filler,0,1247.0
-297.12058209494404,-156.0,0.0,duct_filler,0,1247.0
-290.19237886466857,-156.0,0.0,duct_filler,0,1247.0
534.2638055381158,-155.9999999999999,0.0,duct_filler,0,1247.0
541.1920087683911,-155.9999999999999,0.0,duct_filler,0,1247.0
548.1202119986667,-155.9999999999999,0.0,duct_filler,0,1247.0
-453.00515477614283,-162.0000000000001,0.0,duct_filler,0,1247.0
-446.07695154586736,-162.0000000000001,0.0,duct_filler,0,1247.0
-439.14874831559183,-162.0000000000001,0.0,duct_filler,0,1247.0
-432.2205450853163,-162.0000000000001,0.0,duct_filler,0,1247.0
-425.29234185504083,-162.0,0.0,duct_filler,0,1247.0
-418.36413862476525,-162.0,0.0,duct_filler,0,1247.0
-411.4359353944898,-162.0,0.0,duct_filler,0,1247.0
-404.5077321642143,-162.0,0.0,duct_filler,0,1247.0
-397.57952893393883,-162.0,0.0,duct_filler,0,1247.0
-390.6513257036633,-162.0,0.0,duct_filler,0,1247.0
-383.72312247338783,-162.0,0.0,duct_filler,0,1247.0
-321.3692934009083,-162.0,0.0,duct_filler,0,1247.0
-314.44109017063283,-162.0,0.0,duct_filler,0,1247.0
-307.51288694035725,-162.0,0.0,duct_filler,0,1247.0
-300.5846837100818,-162.0,0.0,duct_filler,0,1247.0
-293.6564804798063,-162.0,0.0,duct_filler,0,1247.0
-286.7282772495308,-162.0,0.0,duct_filler,0,1247.0
-259.01546432842866,-162.0,0.0,duct_filler,0,1247.0
537.7279071532535,-162.0000000000001,0.0,duct_filler,0,1247.0
544.6561103835293,-162.0000000000001,0.0,duct_filler,0,1247.0
551.5843136138046,-162.0000000000001,0.0,duct_filler,0,1247.0
-449.54105316100515,-168.0,0.0,duct_filler,0,1247.0
-442.6128499307296,-168.0,0.0,duct_filler,0,1247.0
-435.6846467004541,-168.0,0.0,duct_filler,0,1247.0
-428.75644347017857,-168.0,0.0,duct_filler,0,1247.0
-421.8282402399031,-168.0,0.0,duct_filler,0,1247.0
-414.90003700962757,-168.0,0.0,duct_filler,0,1247.0
-407.9718337793521,-168.0,0.0,duct_filler,0,1247.0
-401.0436305490765,-168.0,0.0,duct_filler,0,1247.0
-394.11542731880104,-168.0,0.0,duct_filler,0,1247.0
-387.18722408852557,-168.0,0.0,duct_filler,0,1247.0
-380.2590208582501,-168.0,0.0,duct_filler,0,1247.0
-317.9051917857706,-168.0,0.0,duct_filler,0,1247.0
-310.97698855549504,-168.0,0.0,duct_filler,0,1247.0
-304.04878532521957,-168.0,0.0,duct_filler,0,1247.0
-297.12058209494404,-168.0,0.0,duct_filler,0,1247.0
-290.19237886466857,-168.0,0.0,duct_filler,0,1247.0
-262.4795659435664,-168.0,0.0,duct_filler,0,1247.0
-255.55136271329087,-168.0,0.0,duct_filler,0,1247.0
-248.6231594830154,-168.0,0.0,duct_filler,0,1247.0
534.2638055381158,-168.0,0.0,duct_filler,0,1247.0
541.1920087683911,-168.0,0.0,duct_filler,0,1247.0
548.1202119986667,-168.0,0.0,duct_filler,0,1247.0
-446.07695154586736,-174.0,0.0,duct_filler,0,1247.0
-439.14874831559183,-174.0,0.0,duct_filler,0,1247.0
-432.2205450853163,-174.0,0.0,duct_filler,0,1247.0
-425.29234185504083,-174.0,0.0,duct_filler,0,1247.0
-418.36413862476525,-174.0,0.0,duct_filler,0,1247.0
-411.4359353944898,-174.0,0.0,duct_filler,0,1247.0
-404.5077321642143,-174.0,0.0,duct_filler,0,1247.0
-397.57952893393883,-174.0,0.0,duct_filler,0,1247.0
-390.6513257036633,-174.0,0.0,duct_filler,0,1247.0
-383.72312247338783,-174.0,0.0,duct_filler,0,1247.0
-376.7949192431123,-174.0,0.0,duct_filler,0,1247.0
-321.3692934009083,-174.0,0.0,duct_filler,0,1247.0
-314.44109017063283,-174.0,0.0,duct_filler,0,1247.0
-307.51288694035725,-174.0,0.0,duct_filler,0,1247.0
-300.5846837100818,-174.0,0.0,duct_filler,0,1247.0
-293.6564804798063,-174.0000000000001,0.0,duct_filler,0,1247.0
-286.7282772495308,-174.0000000000001,0.0,duct_filler,0,1247.0
-265.9436675587042,-174.0000000000001,0.0,duct_filler,0,1247.0
-259.01546432842866,-174.0000000000001,0.0,duct_filler,0,1247.0
-252.0872610981532,-174.0000000000001,0.0,duct_filler,0,1247.0
-245.15905786787755,-174.0000000000001,0.0,duct_filler,0,1247.0
-238.23085463760208,-174.0000000000001,0.0,duct_filler,0,1247.0
537.7279071532535,-174.0000000000001,0.0,duct_filler,0,1247.0
544.6561103835293,-174.0000000000001,0.0,duct_filler,0,1247.0
551.5843136138046,-174.0000000000001,0.0,duct_filler,0,1247.0
-442.6128499307296,-180.0,0.0,duct_filler,0,1247.0
-435.6846467004541,-180.0,0.0,duct_filler,0,1247.0
-421.8282402399031,-180.0000000000001,0.0,duct_filler,0,1247.0
-414.90003700962757,-180.0000000000001,0.0,duct_filler,0,1247.0
-387.18722408852557,-180.0000000000001,0.0,duct_filler,0,1247.0
-317.9051917857706,-180.0000000000001,0.0,duct_filler,0,1247.0
-310.97698855549504,-180.0000000000001,0.0,duct_filler,0,1247.0
-304.04878532521957,-180.0000000000001,0.0,duct_filler,0,1247.0
-297.12058209494404,-180.0000000000001,0.0,duct_filler,0,1247.0
-290.19237886466857,-180.0000000000001,0.0,duct_filler,0,1247.0
-283.26417563439304,-180.0000000000001,0.0,duct_filler,0,1247.0
-262.4795659435664,-180.0000000000001,0.0,duct_filler,0,1247.0
-255.55136271329087,-180.0000000000001,0.0,duct_filler,0,1247.0
-248.6231594830154,-180.0000000000001,0.0,duct_filler,0,1247.0
-241.69495625273993,-180.0000000000001,0.0,duct_filler,0,1247.0
-234.76675302246434,-180.0000000000001,0.0,duct_filler,0,1247.0
541.1920087683911,-180.0,0.0,duct_filler,0,1247.0
548.1202119986667,-180.0,0.0,duct_filler,0,1247.0
-307.51288694035725,-186.0,0.0,duct_filler,0,1247.0
-300.5846837100818,-186.0,0.0,duct_filler,0,1247.0
-293.6564804798063,-186.0,0.0,duct_filler,0,1247.0
-286.7282772495308,-186.0000000000001,0.0,duct_filler,0,1247.0
-265.9436675587042,-186.0000000000001,0.0,duct_filler,0,1247.0
-259.01546432842866,-186.0000000000001,0.0,duct_filler,0,1247.0
-252.0872610981532,-186.0000000000001,0.0,duct_filler,0,1247.0
-245.15905786787755,-186.0000000000001,0.0,duct_filler,0,1247.0
-238.23085463760208,-186.0000000000001,0.0,duct_filler,0,1247.0
-231.30265140732655,-186.0000000000001,0.0,duct_filler,0,1247.0
544.6561103835293,-185.9999999999999,0.0,duct_filler,0,1247.0
551.5843136138046,-185.9999999999999,0.0,duct_filler,0,1247.0
-304.04878532521957,-192.0,0.0,duct_filler,0,1247.0
-297.12058209494404,-192.0,0.0,duct_filler,0,1247.0
-290.19237886466857,-191.9999999999999,0.0,duct_filler,0,1247.0
-262.4795659435664,-191.9999999999999,0.0,duct_filler,0,1247.0
-255.55136271329087,-191.9999999999999,0.0,duct_filler,0,1247.0
-248.6231594830154,-191.9999999999999,0.0,duct_filler,0,1247.0
-241.69495625273993,-191.9999999999999,0.0,duct_filler,0,1247.0
-234.76675302246434,-191.9999999999999,0.0,duct_filler,0,1247.0
548.1202119986667,-192.0000000000001,0.0,duct_filler,0,1247.0
-252.0872610981532,-198.0000000000001,0.0,duct_filler,0,1247.0
-245.15905786787755,-198.0000000000001,0.0,duct_filler,0,1247.0
-238.23085463760208,-198.0000000000001,0.0,duct_filler,0,1247.0
544.6561103835293,-197.9999999999999,0.0,duct_filler,0,1247.0
551.5843136138046,-197.9999999999999,0.0,duct_filler,0,1247.0
548.1202119986667,-203.9999999999999,0.0,duct_filler,0,1247.0
544.6561103835293,-210.0,0.0,duct_filler,0,1247.0
551.5843136138046,-210.0,0.0,duct_filler,0,1247.0
548.1202119986667,-216.0,0.0,duct_filler,0,1247.0
544.6561103835293,-222.0000000000001,0.0,duct_filler,0,1247.0
551.5843136138046,-222.0000000000001,0.0,duct_filler,0,1247.0
548.1202119986667,-228.0,0.0,duct_filler,0,1247.0
-203.58983848622438,-234.0000000000001,0.0,duct_filler,0,1247.0
-182.8052287953978,-234.0000000000001,0.0,duct_filler,0,1247.0
-175.87702556512232,-234.0000000000001,0.0,duct_filler,0,1247.0
544.6561103835293,-234.0,0.0,duct_filler,0,1247.0
551.5843136138046,-234.0,0.0,duct_filler,0,1247.0
-207.05394010136217,-239.9999999999999,0.0,duct_filler,0,1247.0
-200.1257368710867,-239.9999999999999,0.0,duct_filler,0,1247.0
-193.19753364081112,-239.9999999999999,0.0,duct_filler,0,1247.0
-186.26933041053564,-239.9999999999999,0.0,duct_filler,0,1247.0
-179.34112718026006,-239.9999999999999,0.0,duct_filler,0,1247.0
-172.41292394998464,-239.9999999999999,0.0,duct_filler,0,1247.0
548.1202119986667,-239.9999999999999,0.0,duct_filler,0,1247.0
-203.58983848622438,-245.9999999999999,0.0,duct_filler,0,1247.0
-196.6616352559489,-245.9999999999999,0.0,duct_filler,0,1247.0
-189.73343202567332,-245.9999999999999,0.0,duct_filler,0,1247.0
-182.8052287953978,-245.9999999999999,0.0,duct_filler,0,1247.0
-175.87702556512232,-245.9999999999999,0.0,duct_filler,0,1247.0
-168.9488223348468,-245.9999999999999,0.0,duct_filler,0,1247.0
-200.1257368710867,-251.9999999999999,0.0,duct_filler,0,1247.0
-193.19753364081112,-251.9999999999999,0.0,duct_filler,0,1247.0
-186.26933041053564,-251.9999999999999,0.0,duct_filler,0,1247.0
-179.34112718026006,-251.9999999999999,0.0,duct_filler,0,1247.0
-172.41292394998464,-251.9999999999999,0.0,duct_filler,0,1247.0
-165.484720719709,-251.9999999999999,0.0,duct_filler,0,1247.0
-196.6616352559489,-258.0,0.0,duct_filler,0,1247.0
-189.73343202567332,-258.0,0.0,duct_filler,0,1247.0
-182.8052287953978,-258.0,0.0,duct_filler,0,1247.0
-175.87702556512232,-258.0,0.0,duct_filler,0,1247.0
-168.9488223348468,-258.0,0.0,duct_filler,0,1247.0
-162.02061910457127,-258.0,0.0,duct_filler,0,1247.0
-193.19753364081112,-264.0,0.0,duct_filler,0,1247.0
-186.26933041053564,-264.0,0.0,duct_filler,0,1247.0
-179.34112718026006,-264.0,0.0,duct_filler,0,1247.0
-172.41292394998464,-264.0,0.0,duct_filler,0,1247.0
-165.484720719709,-264.0,0.0,duct_filler,0,1247.0
-158.55651748943353,-264.0,0.0,duct_filler,0,1247.0
478.83817969591087,-263.9999999999999,0.0,duct_filler,0,1247.0
485.7663829261867,-263.9999999999999,0.0,duct_filler,0,1247.0
-182.8052287953978,-270.0,0.0,duct_filler,0,1247.0
-175.87702556512232,-270.0,0.0,duct_filler,0,1247.0
-168.9488223348468,-270.0,0.0,duct_filler,0,1247.0
-162.02061910457127,-270.0,0.0,duct_filler,0,1247.0
482.3022813110488,-270.0,0.0,duct_filler,0,1247.0
489.23048454132436,-270.0,0.0,duct_filler,0,1247.0
496.15868777160017,-270.0,0.0,duct_filler,0,1247.0
544.6561103835293,-270.0,0.0,duct_filler,0,1247.0
551.5843136138046,-270.0,0.0,duct_filler,0,1247.0
478.83817969591087,-276.0000000000001,0.0,duct_filler,0,1247.0
485.7663829261867,-276.0000000000001,0.0,duct_filler,0,1247.0
492.6945861564618,-276.0000000000001,0.0,duct_filler,0,1247.0
499.6227893867376,-276.0000000000001,0.0,duct_filler,0,1247.0
506.5509926170132,-276.0000000000001,0.0,duct_filler,0,1247.0
541.1920087683911,-276.0000000000001,0.0,duct_filler,0,1247.0
548.1202119986667,-276.0000000000001,0.0,duct_filler,0,1247.0
482.3022813110488,-282.0,0.0,duct_filler,0,1247.0
489.23048454132436,-282.0,0.0,duct_filler,0,1247.0
496.15868777160017,-282.0,0.0,duct_filler,0,1247.0
503.08689100187576,-282.0,0.0,duct_filler,0,1247.0
510.0150942321511,-282.0,0.0,duct_filler,0,1247.0
537.7279071532535,-282.0,0.0,duct_filler,0,1247.0
544.6561103835293,-282.0,0.0,duct_filler,0,1247.0
551.5843136138046,-282.0,0.0,duct_filler,0,1247.0
478.83817969591087,-287.9999999999999,0.0,duct_filler,0,1247.0
485.7663829261867,-287.9999999999999,0.0,duct_filler,0,1247.0
492.6945861564618,-287.9999999999999,0.0,duct_filler,0,1247.0
499.6227893867376,-287.9999999999999,0.0,duct_filler,0,1247.0
506.5509926170132,-287.9999999999999,0.0,duct_filler,0,1247.0
513.4791958472888,-287.9999999999999,0.0,duct_filler,0,1247.0
520.4073990775644,-287.9999999999999,0.0,duct_filler,0,1247.0
527.33560230784,-287.9999999999999,0.0,duct_filler,0,1247.0
534.2638055381158,-287.9999999999999,0.0,duct_filler,0,1247.0
541.1920087683911,-287.9999999999999,0.0,duct_filler,0,1247.0
548.1202119986667,-287.9999999999999,0.0,duct_filler,0,1247.0
482.3022813110488,-294.0,0.0,duct_filler,0,1247.0
489.23048454132436,-294.0,0.0,duct_filler,0,1247.0
496.15868777160017,-294.0,0.0,duct_filler,0,1247.0
503.08689100187576,-294.0,0.0,duct_filler,0,1247.0
510.0150942321511,-294.0,0.0,duct_filler,0,1247.0
516.9432974624267,-294.0,0.0,duct_filler,0,1247.0
523.8715006927023,-294.0,0.0,duct_filler,0,1247.0
530.7997039229779,-294.0,0.0,duct_filler,0,1247.0
537.7279071532535,-294.0,0.0,duct_filler,0,1247.0
544.6561103835293,-294.0,0.0,duct_filler,0,1247.0
551.5843136138046,-294.0,0.0,duct_filler,0,1247.0
485.7663829261867,-300.0000000000001,0.0,duct_filler,0,1247.0
492.6945861564618,-300.0000000000001,0.0,duct_filler,0,1247.0
499.6227893867376,-300.0000000000001,0.0,duct_filler,0,1247.0
506.5509926170132,-300.0000000000001,0.0,duct_filler,0,1247.0
513.4791958472888,-300.0000000000001,0.0,duct_filler,0,1247.0
520.4073990775644,-300.0000000000001,0.0,duct_filler,0,1247.0
527.33560230784,-300.0000000000001,0.0,duct_filler,0,1247.0
534.2638055381158,-300.0000000000001,0.0,duct_filler,0,1247.0
541.1920087683911,-300.0000000000001,0.0,duct_filler,0,1247.0
548.1202119986667,-300.0000000000001,0.0,duct_filler,0,1247.0
489.23048454132436,-306.0,0.0,duct_filler,0,1247.0
496.15868777160017,-306.0,0.0,duct_filler,0,1247.0
503.08689100187576,-306.0,0.0,duct_filler,0,1247.0
510.0150942321511,-306.0,0.0,duct_filler,0,1247.0
516.9432974624267,-306.0,0.0,duct_filler,0,1247.0
523.8715006927023,-306.0,0.0,duct_filler,0,1247.0
530.7997039229779,-306.0,0.0,duct_filler,0,1247.0
537.7279071532535,-306.0,0.0,duct_filler,0,1247.0
544.6561103835293,-306.0,0.0,duct_filler,0,1247.0
551.5843136138046,-306.0,0.0,duct_filler,0,1247.0
492.6945861564618,-311.9999999999999,0.0,duct_filler,0,1247.0
499.6227893867376,-311.9999999999999,0.0,duct_filler,0,1247.0
506.5509926170132,-311.9999999999999,0.0,duct_filler,0,1247.0
513.4791958472888,-311.9999999999999,0.0,duct_filler,0,1247.0
520.4073990775644,-311.9999999999999,0.0,duct_filler,0,1247.0
527.33560230784,-311.9999999999999,0.0,duct_filler,0,1247.0
534.2638055381158,-311.9999999999999,0.0,duct_filler,0,1247.0
541.1920087683911,-311.9999999999999,0.0,duct_filler,0,1247.0
548.1202119986667,-311.9999999999999,0.0,duct_filler,0,1247.0
503.08689100187576,-318.0,0.0,duct_filler,0,1247.0
510.0150942321511,-318.0,0.0,duct_filler,0,1247.0
516.9432974624267,-318.0,0.0,duct_filler,0,1247.0
523.8715006927023,-318.0,0.0,duct_filler,0,1247.0
530.7997039229779,-318.0,0.0,duct_filler,0,1247.0
537.7279071532535,-318.0,0.0,duct_filler,0,1247.0
544.6561103835293,-318.0,0.0,duct_filler,0,1247.0
551.5843136138046,-318.0,0.0,duct_filler,0,1247.0
506.5509926170132,-324.0000000000001,0.0,duct_filler,0,1247.0
513.4791958472888,-324.0000000000001,0.0,duct_filler,0,1247.0
520.4073990775644,-324.0000000000001,0.0,duct_filler,0,1247.0
527.33560230784,-324.0000000000001,0.0,duct_filler,0,1247.0
534.2638055381158,-324.0000000000001,0.0,duct_filler,0,1247.0
541.1920087683911,-324.0000000000001,0.0,duct_filler,0,1247.0
548.1202119986667,-324.0000000000001,0.0,duct_filler,0,1247.0
510.0150942321511,-330.0,0.0,duct_filler,0,1247.0
516.9432974624267,-330.0,0.0,duct_filler,0,1247.0
523.8715006927023,-330.0,0.0,duct_filler,0,1247.0
530.7997039229779,-330.0,0.0,duct_filler,0,1247.0
537.7279071532535,-330.0,0.0,duct_filler,0,1247.0
544.6561103835293,-330.0,0.0,duct_filler,0,1247.0
551.5843136138046,-330.0,0.0,duct_filler,0,1247.0
506.5509926170132,-335.9999999999999,0.0,duct_filler,0,1247.0
513.4791958472888,-335.9999999999999,0.0,duct_filler,0,1247.0
520.4073990775644,-335.9999999999999,0.0,duct_filler,0,1247.0
527.33560230784,-335.9999999999999,0.0,duct_filler,0,1247.0
534.2638055381158,-335.9999999999999,0.0,duct_filler,0,1247.0
541.1920087683911,-335.9999999999999,0.0,duct_filler,0,1247.0
548.1202119986667,-335.9999999999999,0.0,duct_filler,0,1247.0
516.9432974624267,-342.0,0.0,duct_filler,0,1247.0
523.8715006927023,-342.0,0.0,duct_filler,0,1247.0
530.7997039229779,-342.0,0.0,duct_filler,0,1247.0
537.7279071532535,-342.0,0.0,duct_filler,0,1247.0
544.6561103835293,-342.0,0.0,duct_filler,0,1247.0
551.5843136138046,-342.0,0.0,duct_filler,0,1247.0
513.4791958472888,-347.9999999999999,0.0,duct_filler,0,1247.0
520.4073990775644,-347.9999999999999,0.0,duct_filler,0,1247.0
527.33560230784,-347.9999999999999,0.0,duct_filler,0,1247.0
534.2638055381158,-347.9999999999999,0.0,duct_filler,0,1247.0
541.1920087683911,-347.9999999999999,0.0,duct_filler,0,1247.0
548.1202119986667,-347.9999999999999,0.0,duct_filler,0,1247.0
260.5997779422336,-353.9999999999999,0.0,duct_filler,0,1247.0
516.9432974624267,-354.0000000000002,0.0,duct_filler,0,1247.0
523.8715006927023,-354.0000000000002,0.0,duct_filler,0,1247.0
530.7997039229779,-354.0000000000002,0.0,duct_filler,0,1247.0
537.7279071532535,-354.0000000000002,0.0,duct_filler,0,1247.0
544.6561103835293,-354.0000000000002,0.0,duct_filler,0,1247.0
551.5843136138046,-354.0000000000002,0.0,duct_filler,0,1247.0
257.13567632709567,-360.0000000000001,0.0,duct_filler,0,1247.0
264.06387955737125,-360.0000000000001,0.0,duct_filler,0,1247.0
270.9920827876467,-360.0000000000001,0.0,duct_filler,0,1247.0
520.4073990775644,-359.9999999999999,0.0,duct_filler,0,1247.0
527.33560230784,-359.9999999999999,0.0,duct_filler,0,1247.0
534.2638055381158,-359.9999999999999,0.0,duct_filler,0,1247.0
541.1920087683911,-359.9999999999999,0.0,duct_filler,0,1247.0
548.1202119986667,-359.9999999999999,0.0,duct_filler,0,1247.0
253.671574711958,-366.0,0.0,duct_filler,0,1247.0
260.5997779422336,-366.0,0.0,duct_filler,0,1247.0
267.5279811725088,-366.0,0.0,duct_filler,0,1247.0
274.4561844027844,-366.0,0.0,duct_filler,0,1247.0
281.3843876330599,-366.0,0.0,duct_filler,0,1247.0
516.9432974624267,-366.0,0.0,duct_filler,0,1247.0
523.8715006927023,-366.0,0.0,duct_filler,0,1247.0
530.7997039229779,-366.0,0.0,duct_filler,0,1247.0
537.7279071532535,-366.0,0.0,duct_filler,0,1247.0
544.6561103835293,-366.0,0.0,duct_filler,0,1247.0
551.5843136138046,-366.0,0.0,duct_filler,0,1247.0
257.13567632709567,-371.9999999999999,0.0,duct_filler,0,1247.0
264.06387955737125,-371.9999999999999,0.0,duct_filler,0,1247.0
270.9920827876467,-371.9999999999999,0.0,duct_filler,0,1247.0
277.92028601792254,-371.9999999999999,0.0,duct_filler,0,1247.0
284.84848924819755,-371.9999999999999,0.0,duct_filler,0,1247.0
520.4073990775644,-372.0000000000001,0.0,duct_filler,0,1247.0
527.33560230784,-372.0000000000001,0.0,duct_filler,0,1247.0
534.2638055381158,-372.0000000000001,0.0,duct_filler,0,1247.0
541.1920087683911,-372.0000000000001,0.0,duct_filler,0,1247.0
548.1202119986667,-372.0000000000001,0.0,duct_filler,0,1247.0
239.81516825140704,-378.0,0.0,duct_filler,0,1247.0
246.74337148168252,-378.0,0.0,duct_filler,0,1247.0
253.671574711958,-378.0,0.0,duct_filler,0,1247.0
260.5997779422336,-378.0,0.0,duct_filler,0,1247.0
267.5279811725088,-378.0,0.0,duct_filler,0,1247.0
274.4561844027844,-378.0,0.0,duct_filler,0,1247.0
281.3843876330599,-378.0,0.0,duct_filler,0,1247.0
288.31259086333534,-378.0,0.0,duct_filler,0,1247.0
295.2407940936107,-378.0,0.0,duct_filler,0,1247.0
302.1689973238865,-378.0,0.0,duct_filler,0,1247.0
523.8715006927023,-378.0,0.0,duct_filler,0,1247.0
530.7997039229779,-378.0,0.0,duct_filler,0,1247.0
537.7279071532535,-378.0,0.0,duct_filler,0,1247.0
544.6561103835293,-378.0,0.0,duct_filler,0,1247.0
551.5843136138046,-378.0,0.0,duct_filler,0,1247.0
243.27926986654484,-383.9999999999999,0.0,duct_filler,0,1247.0
250.20747309682042,-383.9999999999999,0.0,duct_filler,0,1247.0
257.13567632709567,-383.9999999999999,0.0,duct_filler,0,1247.0
264.06387955737125,-383.9999999999999,0.0,duct_filler,0,1247.0
270.9920827876467,-383.9999999999999,0.0,duct_filler,0,1247.0
277.92028601792254,-383.9999999999999,0.0,duct_filler,0,1247.0
284.84848924819755,-383.9999999999999,0.0,duct_filler,0,1247.0
298.70489570874884,-383.9999999999999,0.0,duct_filler,0,1247.0
305.6330989390242,-383.9999999999999,0.0,duct_filler,0,1247.0
527.33560230784,-383.9999999999999,0.0,duct_filler,0,1247.0
534.2638055381158,-383.9999999999999,0.0,duct_filler,0,1247.0
541.1920087683911,-383.9999999999999,0.0,duct_filler,0,1247.0
548.1202119986667,-383.9999999999999,0.0,duct_filler,0,1247.0
239.81516825140704,-390.0,0.0,duct_filler,0,1247.0
246.74337148168252,-390.0,0.0,duct_filler,0,1247.0
253.671574711958,-390.0,0.0,duct_filler,0,1247.0
260.5997779422336,-390.0,0.0,duct_filler,0,1247.0
267.5279811725088,-390.0,0.0,duct_filler,0,1247.0
274.4561844027844,-390.0,0.0,duct_filler,0,1247.0
281.3843876330599,-390.0,0.0,duct_filler,0,1247.0
302.1689973238865,-390.0,0.0,duct_filler,0,1247.0
309.097200554162,-390.0,0.0,duct_filler,0,1247.0
316.02540378443734,-390.0,0.0,duct_filler,0,1247.0
523.8715006927023,-390.0,0.0,duct_filler,0,1247.0
530.7997039229779,-390.0,0.0,duct_filler,0,1247.0
537.7279071532535,-390.0,0.0,duct_filler,0,1247.0
544.6561103835293,-390.0,0.0,duct_filler,0,1247.0
551.5843136138046,-390.0,0.0,duct_filler,0,1247.0
215.56645694544295,-396.0000000000002,0.0,duct_filler,0,1247.0
222.49466017571854,-396.0000000000002,0.0,duct_filler,0,1247.0
236.35106663626937,-396.0000000000002,0.0,duct_filler,0,1247.0
243.27926986654484,-396.0000000000002,0.0,duct_filler,0,1247.0
250.20747309682042,-396.0000000000002,0.0,duct_filler,0,1247.0
257.13567632709567,-396.0000000000002,0.0,duct_filler,0,1247.0
264.06387955737125,-396.0000000000002,0.0,duct_filler,0,1247.0
270.9920827876467,-396.0000000000002,0.0,duct_filler,0,1247.0
277.92028601792254,-396.0000000000002,0.0,duct_filler,0,1247.0
312.56130216929967,-396.0000000000002,0.0,duct_filler,0,1247.0
319.48950539957514,-396.0000000000002,0.0,duct_filler,0,1247.0
326.4177086298505,-396.0000000000002,0.0,duct_filler,0,1247.0
527.33560230784,-396.0000000000001,0.0,duct_filler,0,1247.0
534.2638055381158,-396.0000000000001,0.0,duct_filler,0,1247.0
541.1920087683911,-396.0000000000001,0.0,duct_filler,0,1247.0
548.1202119986667,-396.0000000000001,0.0,duct_filler,0,1247.0
219.03055856058074,-402.0000000000001,0.0,duct_filler,0,1247.0
225.9587617908561,-402.0000000000001,0.0,duct_filler,0,1247.0
246.74337148168252,-402.0000000000001,0.0,duct_filler,0,1247.0
253.671574711958,-402.0000000000001,0.0,duct_filler,0,1247.0
260.5997779422336,-402.0000000000001,0.0,duct_filler,0,1247.0
267.5279811725088,-402.0000000000001,0.0,duct_filler,0,1247.0
316.02540378443734,-402.0000000000001,0.0,duct_filler,0,1247.0
322.9536070147128,-402.0000000000001,0.0,duct_filler,0,1247.0
329.8818102449883,-402.0000000000001,0.0,duct_filler,0,1247.0
530.7997039229779,-402.0,0.0,duct_filler,0,1247.0
537.7279071532535,-402.0,0.0,duct_filler,0,1247.0
544.6561103835293,-402.0,0.0,duct_filler,0,1247.0
551.5843136138046,-402.0,0.0,duct_filler,0,1247.0
243.27926986654484,-408.0,0.0,duct_filler,0,1247.0
250.20747309682042,-408.0,0.0,duct_filler,0,1247.0
257.13567632709567,-408.0,0.0,duct_filler,0,1247.0
264.06387955737125,-408.0,0.0,duct_filler,0,1247.0
326.4177086298505,-408.0,0.0,duct_filler,0,1247.0
333.34591186012597,-408.0,0.0,duct_filler,0,1247.0
534.2638055381158,-407.9999999999999,0.0,duct_filler,0,1247.0
541.1920087683911,-407.9999999999999,0.0,duct_filler,0,1247.0
548.1202119986667,-407.9999999999999,0.0,duct_filler,0,1247.0
239.81516825140704,-413.9999999999999,0.0,duct_filler,0,1247.0
246.74337148168252,-413.9999999999999,0.0,duct_filler,0,1247.0
253.671574711958,-413.9999999999999,0.0,duct_filler,0,1247.0
329.8818102449883,-413.9999999999999,0.0,duct_filler,0,1247.0
537.7279071532535,-414.0,0.0,duct_filler,0,1247.0
544.6561103835293,-414.0,0.0,duct_filler,0,1247.0
551.5843136138046,-414.0,0.0,duct_filler,0,1247.0
236.35106663626937,-419.9999999999999,0.0,duct_filler,0,1247.0
243.27926986654484,-419.9999999999999,0.0,duct_filler,0,1247.0
250.20747309682042,-419.9999999999999,0.0,duct_filler,0,1247.0
534.2638055381158,-420.0000000000001,0.0,duct_filler,0,1247.0
541.1920087683911,-420.0000000000001,0.0,duct_filler,0,1247.0
548.1202119986667,-420.0000000000001,0.0,duct_filler,0,1247.0
239.81516825140704,-426.0,0.0,duct_filler,0,1247.0
246.74337148168252,-426.0,0.0,duct_filler,0,1247.0
253.671574711958,-426.0,0.0,duct_filler,0,1247.0
537.7279071532535,-426.0,0.0,duct_filler,0,1247.0
544.6561103835293,-426.0,0.0,duct_filler,0,1247.0
551.5843136138046,-426.0,0.0,duct_filler,0,1247.0
243.27926986654484,-431.9999999999999,0.0,duct_filler,0,1247.0
250.20747309682042,-431.9999999999999,0.0,duct_filler,0,1247.0
534.2638055381158,-431.9999999999999,0.0,duct_filler,0,1247.0
541.1920087683911,-431.9999999999999,0.0,duct_filler,0,1247.0
548.1202119986667,-431.9999999999999,0.0,duct_filler,0,1247.0
246.74337148168252,-438.0000000000001,0.0,duct_filler,0,1247.0
537.7279071532535,-438.0,0.0,duct_filler,0,1247.0
544.6561103835293,-438.0,0.0,duct_filler,0,1247.0
551.5843136138046,-438.0,0.0,duct_filler,0,1247.0
534.2638055381158,-443.9999999999999,0.0,duct_filler,0,1247.0
541.1920087683911,-443.9999999999999,0.0,duct_filler,0,1247.0
548.1202119986667,-443.9999999999999,0.0,duct_filler,0,1247.0
537.7279071532535,-450.0000000000002,0.0,duct_filler,0,1247.0
544.6561103835293,-450.0000000000002,0.0,duct_filler,0,1247.0
551.5843136138046,-450.0000000000002,0.0,duct_filler,0,1247.0
534.2638055381158,-455.9999999999999,0.0,duct_filler,0,1247.0
541.1920087683911,-455.9999999999999,0.0,duct_filler,0,1247.0
548.1202119986667,-455.9999999999999,0.0,duct_filler,0,1247.0
530.7997039229779,-462.0,0.0,duct_filler,0,1247.0
537.7279071532535,-462.0,0.0,duct_filler,0,1247.0
544.6561103835293,-462.0,0.0,duct_filler,0,1247.0
551.5843136138046,-462.0,0.0,duct_filler,0,1247.0
527.33560230784,-468.0000000000001,0.0,duct_filler,0,1247.0
534.2638055381158,-468.0000000000001,0.0,duct_filler,0,1247.0
541.1920087683911,-468.0000000000001,0.0,duct_filler,0,1247.0
548.1202119986667,-468.0000000000001,0.0,duct_filler,0,1247.0
523.8715006927023,-474.0,0.0,duct_filler,0,1247.0
530.7997039229779,-474.0,0.0,duct_filler,0,1247.0
537.7279071532535,-474.0,0.0,duct_filler,0,1247.0
544.6561103835293,-474.0,0.0,duct_filler,0,1247.0
551.5843136138046,-474.0,0.0,duct_filler,0,1247.0
520.4073990775644,-480.0,0.0,duct_filler,0,1247.0
527.33560230784,-480.0,0.0,duct_filler,0,1247.0
534.2638055381158,-480.0,0.0,duct_filler,0,1247.0
541.1920087683911,-480.0,0.0,duct_filler,0,1247.0
548.1202119986667,-480.0,0.0,duct_filler,0,1247.0
413.02024900829383,-486.0,0.0,duct_filler,0,1247.0
419.9484522385692,-486.0,0.0,duct_filler,0,1247.0
475.37407808077296,-486.0,0.0,duct_filler,0,1247.0
482.3022813110488,-486.0,0.0,duct_filler,0,1247.0
489.23048454132436,-486.0,0.0,duct_filler,0,1247.0
496.15868777160017,-486.0,0.0,duct_filler,0,1247.0
503.08689100187576,-486.0,0.0,duct_filler,0,1247.0
510.0150942321511,-486.0,0.0,duct_filler,0,1247.0
516.9432974624267,-486.0,0.0,duct_filler,0,1247.0
523.8715006927023,-486.0,0.0,duct_filler,0,1247.0
530.7997039229779,-486.0,0.0,duct_filler,0,1247.0
537.7279071532535,-486.0,0.0,duct_filler,0,1247.0
544.6561103835293,-486.0,0.0,duct_filler,0,1247.0
551.5843136138046,-486.0,0.0,duct_filler,0,1247.0
409.55614739315604,-492.0,0.0,duct_filler,0,1247.0
416.4843506234315,-492.0,0.0,duct_filler,0,1247.0
423.412553853707,-492.0,0.0,duct_filler,0,1247.0
430.3407570839827,-492.0,0.0,duct_filler,0,1247.0
437.2689603142578,-492.0,0.0,duct_filler,0,1247.0
444.1971635445336,-492.0,0.0,duct_filler,0,1247.0
451.125366774809,-492.0,0.0,duct_filler,0,1247.0
458.05357000508445,-492.0,0.0,duct_filler,0,1247.0
464.9817732353599,-492.0,0.0,duct_filler,0,1247.0
471.9099764656353,-492.0,0.0,duct_filler,0,1247.0
478.83817969591087,-492.0,0.0,duct_filler,0,1247.0
485.7663829261867,-492.0,0.0,duct_filler,0,1247.0
492.6945861564618,-492.0,0.0,duct_filler,0,1247.0
499.6227893867376,-492.0,0.0,duct_filler,0,1247.0
506.5509926170132,-492.0,0.0,duct_filler,0,1247.0
513.4791958472888,-492.0,0.0,duct_filler,0,1247.0
520.4073990775644,-492.0,0.0,duct_filler,0,1247.0
527.33560230784,-492.0,0.0,duct_filler,0,1247.0
534.2638055381158,-492.0,0.0,duct_filler,0,1247.0
541.1920087683911,-492.0,0.0,duct_filler,0,1247.0
548.1202119986667,-492.0,0.0,duct_filler,0,1247.0
406.09204577801836,-498.0,0.0,duct_filler,0,1247.0
413.02024900829383,-498.0,0.0,duct_filler,0,1247.0
419.9484522385692,-498.0,0.0,duct_filler,0,1247.0
426.87665546884466,-498.0,0.0,duct_filler,0,1247.0
433.80485869912013,-498.0,0.0,duct_filler,0,1247.0
440.7330619293955,-498.0,0.0,duct_filler,0,1247.0
447.6612651596713,-498.0,0.0,duct_filler,0,1247.0
454.58946838994655,-498.0,0.0,duct_filler,0,1247.0
461.51767162022213,-498.0,0.0,duct_filler,0,1247.0
468.4458748504976,-498.0,0.0,duct_filler,0,1247.0
475.37407808077296,-498.0000000000002,0.0,duct_filler,0,1247.0
482.3022813110488,-498.0,0.0,duct_filler,0,1247.0
489.23048454132436,-498.0,0.0,duct_filler,0,1247.0
496.15868777160017,-498.0,0.0,duct_filler,0,1247.0
503.08689100187576,-498.0,0.0,duct_filler,0,1247.0
510.0150942321511,-498.0,0.0,duct_filler,0,1247.0
516.9432974624267,-498.0,0.0,duct_filler,0,1247.0
523.8715006927023,-498.0,0.0,duct_filler,0,1247.0
530.7997039229779,-498.0,0.0,duct_filler,0,1247.0
537.7279071532535,-498.0,0.0,duct_filler,0,1247.0
544.6561103835293,-498.0,0.0,duct_filler,0,1247.0
551.5843136138046,-498.0,0.0,duct_filler,0,1247.0
388.77153770232974,-504.0,0.0,duct_filler,0,1247.0
395.6997409326052,-504.0,0.0,duct_filler,0,1247.0
402.6279441628807,-504.0,0.0,duct_filler,0,1247.0
409.55614739315604,-504.0,0.0,duct_filler,0,1247.0
416.4843506234315,-504.0,0.0,duct_filler,0,1247.0
423.412553853707,-504.0,0.0,duct_filler,0,1247.0
430.3407570839827,-504.0,0.0,duct_filler,0,1247.0
437.2689603142578,-504.0,0.0,duct_filler,0,1247.0
444.1971635445336,-504.0,0.0,duct_filler,0,1247.0
451.125366774809,-504.0,0.0,duct_filler,0,1247.0
458.05357000508445,-504.0,0.0,duct_filler,0,1247.0
464.9817732353599,-504.0,0.0,duct_filler,0,1247.0
471.9099764656353,-504.0,0.0,duct_filler,0,1247.0
478.83817969591087,-504.0,0.0,duct_filler,0,1247.0
485.7663829261867,-504.0,0.0,duct_filler,0,1247.0
492.6945861564618,-504.0,0.0,duct_filler,0,1247.0
499.6227893867376,-504.0,0.0,duct_filler,0,1247.0
506.5509926170132,-504.0,0.0,duct_filler,0,1247.0
513.4791958472888,-504.0,0.0,duct_filler,0,1247.0
520.4073990775644,-504.0,0.0,duct_filler,0,1247.0
527.33560230784,-504.0,0.0,duct_filler,0,1247.0
534.2638055381158,-504.0,0.0,duct_filler,0,1247.0
541.1920087683911,-504.0,0.0,duct_filler,0,1247.0
548.1202119986667,-504.0,0.0,duct_filler,0,1247.0
385.30743608719183,-510.0,0.0,duct_filler,0,1247.0
392.2356393174673,-510.0,0.0,duct_filler,0,1247.0
399.1638425477428,-510.0,0.0,duct_filler,0,1247.0
406.09204577801836,-510.0,0.0,duct_filler,0,1247.0
413.02024900829383,-510.0,0.0,duct_filler,0,1247.0
419.9484522385692,-510.0,0.0,duct_filler,0,1247.0
426.87665546884466,-510.0,0.0,duct_filler,0,1247.0
433.80485869912013,-510.0,0.0,duct_filler,0,1247.0
440.7330619293955,-510.0,0.0,duct_filler,0,1247.0
447.6612651596713,-510.0,0.0,duct_filler,0,1247.0
454.58946838994655,-510.0,0.0,duct_filler,0,1247.0
461.51767162022213,-510.0,0.0,duct_filler,0,1247.0
468.4458748504976,-510.0,0.0,duct_filler,0,1247.0
475.37407808077296,-510.0,0.0,duct_filler,0,1247.0
482.3022813110488,-510.0,0.0,duct_filler,0,1247.0
489.23048454132436,-510.0,0.0,duct_filler,0,1247.0
496.15868777160017,-510.0,0.0,duct_filler,0,1247.0
503.08689100187576,-510.0,0.0,duct_filler,0,1247.0
510.0150942321511,-510.0,0.0,duct_filler,0,1247.0
516.9432974624267,-510.0,0.0,duct_filler,0,1247.0
523.8715006927023,-510.0,0.0,duct_filler,0,1247.0
530.7997039229779,-510.0,0.0,duct_filler,0,1247.0
537.7279071532535,-510.0,0.0,duct_filler,0,1247.0
544.6561103835293,-510.0,0.0,duct_filler,0,1247.0
551.5843136138046,-510.0,0.0,duct_filler,0,1247.0
381.8433344720544,-515.9999999999998,0.0,duct_filler,0,1247.0
388.77153770232974,-515.9999999999998,0.0,duct_filler,0,1247.0
395.6997409326052,-515.9999999999998,0.0,duct_filler,0,1247.0
402.6279441628807,-515.9999999999998,0.0,duct_filler,0,1247.0
409.55614739315604,-515.9999999999998,0.0,duct_filler,0,1247.0
416.4843506234315,-515.9999999999998,0.0,duct_filler,0,1247.0
423.412553853707,-515.9999999999998,0.0,duct_filler,0,1247.0
430.3407570839827,-515.9999999999998,0.0,duct_filler,0,1247.0
437.2689603142578,-515.9999999999998,0.0,duct_filler,0,1247.0
444.1971635445336,-515.9999999999998,0.0,duct_filler,0,1247.0
451.125366774809,-515.9999999999998,0.0,duct_filler,0,1247.0
458.05357000508445,-515.9999999999998,0.0,duct_filler,0,1247.0
464.9817732353599,-515.9999999999998,0.0,duct_filler,0,1247.0
471.9099764656353,-515.9999999999998,0.0,duct_filler,0,1247.0
478.83817969591087,-516.0,0.0,duct_filler,0,1247.0
485.7663829261867,-516.0,0.0,duct_filler,0,1247.0
492.6945861564618,-516.0,0.0,duct_filler,0,1247.0
499.6227893867376,-516.0,0.0,duct_filler,0,1247.0
506.5509926170132,-516.0,0.0,duct_filler,0,1247.0
513.4791958472888,-516.0,0.0,duct_filler,0,1247.0
520.4073990775644,-516.0,0.0,duct_filler,0,1247.0
527.33560230784,-516.0,0.0,duct_filler,0,1247.0
534.2638055381158,-516.0,0.0,duct_filler,0,1247.0
541.1920087683911,-516.0,0.0,duct_filler,0,1247.0
548.1202119986667,-516.0,0.0,duct_filler,0,1247.0
385.30743608719183,-522.0,0.0,duct_filler,0,1247.0
392.2356393174673,-522.0,0.0,duct_filler,0,1247.0
399.1638425477428,-522.0,0.0,duct_filler,0,1247.0
406.09204577801836,-522.0,0.0,duct_filler,0,1247.0
413.02024900829383,-522.0,0.0,duct_filler,0,1247.0
419.9484522385692,-522.0,0.0,duct_filler,0,1247.0
426.87665546884466,-522.0,0.0,duct_filler,0,1247.0
433.80485869912013,-522.0,0.0,duct_filler,0,1247.0
440.7330619293955,-522.0,0.0,duct_filler,0,1247.0
447.6612651596713,-522.0,0.0,duct_filler,0,1247.0
454.58946838994655,-522.0,0.0,duct_filler,0,1247.0
461.51767162022213,-522.0,0.0,duct_filler,0,1247.0
468.4458748504976,-522.0,0.0,duct_filler,0,1247.0
475.37407808077296,-522.0,0.0,duct_filler,0,1247.0
482.3022813110488,-522.0,0.0,duct_filler,0,1247.0
489.23048454132436,-522.0,0.0,duct_filler,0,1247.0
496.15868777160017,-522.0,0.0,duct_filler,0,1247.0
503.08689100187576,-522.0,0.0,duct_filler,0,1247.0
510.0150942321511,-522.0,0.0,duct_filler,0,1247.0
516.9432974624267,-522.0,0.0,duct_filler,0,1247.0
523.8715006927023,-522.0,0.0,duct_filler,0,1247.0
530.7997039229779,-522.0,0.0,duct_filler,0,1247.0
537.7279071532535,-522.0,0.0,duct_filler,0,1247.0
544.6561103835293,-522.0,0.0,duct_filler,0,1247.0
551.5843136138046,-522.0,0.0,duct_filler,0,1247.0
381.8433344720544,-528.0,0.0,duct_filler,0,1247.0
388.77153770232974,-528.0,0.0,duct_filler,0,1247.0
395.6997409326052,-528.0,0.0,duct_filler,0,1247.0
402.6279441628807,-528.0,0.0,duct_filler,0,1247.0
409.55614739315604,-528.0,0.0,duct_filler,0,1247.0
416.4843506234315,-528.0,0.0,duct_filler,0,1247.0
423.412553853707,-528.0,0.0,duct_filler,0,1247.0
430.3407570839827,-528.0,0.0,duct_filler,0,1247.0
437.2689603142578,-528.0,0.0,duct_filler,0,1247.0
444.1971635445336,-528.0,0.0,duct_filler,0,1247.0
451.125366774809,-528.0,0.0,duct_filler,0,1247.0
458.05357000508445,-528.0,0.0,duct_filler,0,1247.0
464.9817732353599,-528.0,0.0,duct_filler,0,1247.0
471.9099764656353,-528.0,0.0,duct_filler,0,1247.0
478.83817969591087,-528.0,0.0,duct_filler,0,1247.0
485.7663829261867,-528.0,0.0,duct_filler,0,1247.0
492.6945861564618,-528.0,0.0,duct_filler,0,1247.0
499.6227893867376,-528.0,0.0,duct_filler,0,1247.0
506.5509926170132,-528.0,0.0,duct_filler,0,1247.0
513.4791958472888,-528.0,0.0,duct_filler,0,1247.0
520.4073990775644,-528.0,0.0,duct_filler,0,1247.0
527.33560230784,-528.0,0.0,duct_filler,0,1247.0
534.2638055381158,-528.0,0.0,duct_filler,0,1247.0
541.1920087683911,-528.0,0.0,duct_filler,0,1247.0
548.1202119986667,-528.0,0.0,duct_filler,0,1247.0
385.30743608719183,-534.0000000000002,0.0,duct_filler,0,1247.0
392.2356393174673,-534.0000000000002,0.0,duct_filler,0,1247.0
399.1638425477428,-534.0000000000002,0.0,duct_filler,0,1247.0
406.09204577801836,-534.0000000000002,0.0,duct_filler,0,1247.0
413.02024900829383,-534.0000000000002,0.0,duct_filler,0,1247.0
419.9484522385692,-534.0000000000002,0.0,duct_filler,0,1247.0
426.87665546884466,-534.0000000000002,0.0,duct_filler,0,1247.0
433.80485869912013,-534.0000000000002,0.0,duct_filler,0,1247.0
440.7330619293955,-534.0000000000002,0.0,duct_filler,0,1247.0
447.6612651596713,-534.0000000000002,0.0,duct_filler,0,1247.0
454.58946838994655,-534.0000000000002,0.0,duct_filler,0,1247.0
461.51767162022213,-534.0000000000002,0.0,duct_filler,0,1247.0
468.4458748504976,-534.0000000000002,0.0,duct_filler,0,1247.0
475.37407808077296,-534.0,0.0,duct_filler,0,1247.0
482.3022813110488,-534.0,0.0,duct_filler,0,1247.0
489.23048454132436,-534.0,0.0,duct_filler,0,1247.0
496.15868777160017,-534.0,0.0,duct_filler,0,1247.0
503.08689100187576,-534.0,0.0,duct_filler,0,1247.0
510.0150942321511,-534.0,0.0,duct_filler,0,1247.0
516.9432974624267,-534.0,0.0,duct_filler,0,1247.0
523.8715006927023,-534.0,0.0,duct_filler,0,1247.0
530.7997039229779,-534.0,0.0,duct_filler,0,1247.0
537.7279071532535,-534.0,0.0,duct_filler,0,1247.0
544.6561103835293,-534.0,0.0,duct_filler,0,1247.0
551.5843136138046,-534.0,0.0,duct_filler,0,1247.0
257.13567632709567,-540.0,0.0,duct_filler,0,1247.0
374.9151312417787,-540.0,0.0,duct_filler,0,1247.0
381.8433344720544,-540.0,0.0,duct_filler,0,1247.0
388.77153770232974,-540.0,0.0,duct_filler,0,1247.0
395.6997409326052,-540.0,0.0,duct_filler,0,1247.0
402.6279441628807,-540.0,0.0,duct_filler,0,1247.0
409.55614739315604,-540.0,0.0,duct_filler,0,1247.0
416.4843506234315,-540.0,0.0,duct_filler,0,1247.0
423.412553853707,-540.0,0.0,duct_filler,0,1247.0
430.3407570839827,-540.0,0.0,duct_filler,0,1247.0
437.2689603142578,-540.0,0.0,duct_filler,0,1247.0
444.1971635445336,-540.0,0.0,duct_filler,0,1247.0
451.125366774809,-540.0,0.0,duct_filler,0,1247.0
458.05357000508445,-540.0,0.0,duct_filler,0,1247.0
464.9817732353599,-540.0,0.0,duct_filler,0,1247.0
471.9099764656353,-540.0,0.0,duct_filler,0,1247.0
478.83817969591087,-540.0,0.0,duct_filler,0,1247.0
485.7663829261867,-540.0,0.0,duct_filler,0,1247.0
492.6945861564618,-540.0,0.0,duct_filler,0,1247.0
499.6227893867376,-540.0,0.0,duct_filler,0,1247.0
506.5509926170132,-540.0,0.0,duct_filler,0,1247.0
513.4791958472888,-540.0,0.0,duct_filler,0,1247.0
520.4073990775644,-540.0,0.0,duct_filler,0,1247.0
527.33560230784,-540.0,0.0,duct_filler,0,1247.0
534.2638055381158,-540.0,0.0,duct_filler,0,1247.0
541.1920087683911,-540.0,0.0,duct_filler,0,1247.0
548.1202119986667,-540.0,0.0,duct_filler,0,1247.0
246.74337148168252,-546.0,0.0,duct_filler,0,1247.0
253.671574711958,-546.0,0.0,duct_filler,0,1247.0
260.5997779422336,-546.0,0.0,duct_filler,0,1247.0
267.5279811725088,-546.0,0.0,duct_filler,0,1247.0
274.4561844027844,-546.0,0.0,duct_filler,0,1247.0
371.451029626641,-546.0,0.0,duct_filler,0,1247.0
378.3792328569165,-546.0,0.0,duct_filler,0,1247.0
385.30743608719183,-546.0,0.0,duct_filler,0,1247.0
392.2356393174673,-546.0,0.0,duct_filler,0,1247.0
399.1638425477428,-546.0,0.0,duct_filler,0,1247.0
406.09204577801836,-546.0,0.0,duct_filler,0,1247.0
413.02024900829383,-546.0,0.0,duct_filler,0,1247.0
419.9484522385692,-546.0,0.0,duct_filler,0,1247.0
426.87665546884466,-546.0,0.0,duct_filler,0,1247.0
433.80485869912013,-546.0,0.0,duct_filler,0,1247.0
440.7330619293955,-546.0,0.0,duct_filler,0,1247.0
447.6612651596713,-546.0,0.0,duct_filler,0,1247.0
454.58946838994655,-546.0,0.0,duct_filler,0,1247.0
461.51767162022213,-546.0,0.0,duct_filler,0,1247.0
468.4458748504976,-546.0,0.0,duct_filler,0,1247.0
475.37407808077296,-546.0,0.0,duct_filler,0,1247.0
482.3022813110488,-546.0000000000002,0.0,duct_filler,0,1247.0
489.23048454132436,-546.0000000000002,0.0,duct_filler,0,1247.0
496.15868777160017,-546.0000000000002,0.0,duct_filler,0,1247.0
503.08689100187576,-546.0000000000002,0.0,duct_filler,0,1247.0
510.0150942321511,-546.0000000000002,0.0,duct_filler,0,1247.0
516.9432974624267,-546.0000000000002,0.0,duct_filler,0,1247.0
523.8715006927023,-546.0000000000002,0.0,duct_filler,0,1247.0
530.7997039229779,-546.0000000000002,0.0,duct_filler,0,1247.0
537.7279071532535,-546.0000000000002,0.0,duct_filler,0,1247.0
544.6561103835293,-546.0000000000002,0.0,duct_filler,0,1247.0
551.5843136138046,-546.0000000000002,0.0,duct_filler,0,1247.0
250.20747309682042,-551.9999999999998,0.0,duct_filler,0,1247.0
257.13567632709567,-551.9999999999998,0.0,duct_filler,0,1247.0
264.06387955737125,-551.9999999999998,0.0,duct_filler,0,1247.0
270.9920827876467,-551.9999999999998,0.0,duct_filler,0,1247.0
277.92028601792254,-551.9999999999998,0.0,duct_filler,0,1247.0
367.9869280115033,-551.9999999999998,0.0,duct_filler,0,1247.0
374.9151312417787,-551.9999999999998,0.0,duct_filler,0,1247.0
381.8433344720544,-551.9999999999998,0.0,duct_filler,0,1247.0
388.77153770232974,-551.9999999999998,0.0,duct_filler,0,1247.0
395.6997409326052,-551.9999999999998,0.0,duct_filler,0,1247.0
402.6279441628807,-551.9999999999998,0.0,duct_filler,0,1247.0
409.55614739315604,-551.9999999999998,0.0,duct_filler,0,1247.0
416.4843506234315,-551.9999999999998,0.0,duct_filler,0,1247.0
423.412553853707,-551.9999999999998,0.0,duct_filler,0,1247.0
430.3407570839827,-551.9999999999998,0.0,duct_filler,0,1247.0
437.2689603142578,-551.9999999999998,0.0,duct_filler,0,1247.0
444.1971635445336,-551.9999999999998,0.0,duct_filler,0,1247.0
451.125366774809,-551.9999999999998,0.0,duct_filler,0,1247.0
458.05357000508445,-551.9999999999998,0.0,duct_filler,0,1247.0
464.9817732353599,-551.9999999999998,0.0,duct_filler,0,1247.0
471.9099764656353,-551.9999999999998,0.0,duct_filler,0,1247.0
478.83817969591087,-552.0,0.0,duct_filler,0,1247.0
485.7663829261867,-552.0,0.0,duct_filler,0,1247.0
492.6945861564618,-552.0,0.0,duct_filler,0,1247.0
499.6227893867376,-552.0,0.0,duct_filler,0,1247.0
506.5509926170132,-552.0,0.0,duct_filler,0,1247.0
513.4791958472888,-552.0,0.0,duct_filler,0,1247.0
520.4073990775644,-552.0,0.0,duct_filler,0,1247.0
527.33560230784,-552.0,0.0,duct_filler,0,1247.0
534.2638055381158,-552.0,0.0,duct_filler,0,1247.0
541.1920087683911,-552.0,0.0,duct_filler,0,1247.0
548.1202119986667,-552.0,0.0,duct_filler,0,1247.0
