x,y,z,type,is_movable,volume
60.25999999999999,159.72000000000003,0.0,other_tissue,0,981.8923155844441
60.25,-56.389999999999986,0.0,epithelial_tumor_class1,1,1345.826671179829
343.5,102.13999999999999,0.0,other_tissue,0,981.8923155844441
-176.24,-67.65999999999997,0.0,CD4_Tcell,1,1135.3649367583816
-183.68,177.76,0.0,other_tissue,0,850.528145583417
127.73000000000002,-223.99,0.0,CD4_Tcell,1,839.1833108053277
224.05999999999995,368.31,0.0,epithelial_tumor_class1,1,1743.1514241770374
248.5,-328.71000000000004,0.0,other_tissue,0,731.7044336937527
-169.64999999999998,-296.08000000000004,0.0,epithelial_tumor_class1,1,538.663553991844
462.04999999999995,306.07,0.0,epithelial_tumor_class1,1,1154.2532536012598
-201.06,-60.700000000000045,0.0,mesenchymal_tumor_class1,1,1945.4796957195138
457.11,317.90999999999997,0.0,epithelial_tumor_class1_class2,1,1178.1493090421543
-351.91999999999996,425.48,0.0,other_tissue,0,981.8923155844441
425.82000000000005,-65.57000000000005,0.0,other_tissue,0,857.536642326162
252.87,491.728,0.0,epithelial_tumor_class1,1,3020.6664039143166
-210.0,-249.98000000000002,0.0,CD8_Tcell,1,1322.4619484597722
68.20000000000005,-22.5,0.0,other_tissue,0,628.0727672102546
-134.06,300.2,0.0,other_tissue,0,492.2339357996566
423.91999999999996,-421.96000000000004,0.0,CD4_Tcell,1,700.107964334265
275.30999999999995,362.69,0.0,epithelial_tumor_class1,1,4171.488314369853
-348.75,-342.27,0.0,epithelial_tumor_class1,1,1897.3843086936893
137.82000000000005,-309.72,0.0,CD8_Tcell,1,1097.294322574577
-412.21,-183.91999999999996,0.0,CD4_Tcell,1,590.0654253024848
-483.3,-172.01999999999998,0.0,epithelial_tumor_class1,1,927.6101687167852
344.22,377.79,0.0,other_tissue,0,589.5552529070028
-140.14999999999998,40.920000000000016,0.0,other_tissue,0,867.2635262821955
-164.04000000000002,-52.32000000000005,0.0,CD4_Tcell,1,769.8295914493814
280.16999999999996,453.71,0.0,epithelial_tumor_class1,1,2379.719396455148
-447.81,-427.66999999999996,0.0,CAF,1,619.1247233656916
409.55999999999995,382.58,0.0,epithelial_tumor_class1,1,832.7246718453546
192.37,454.01,0.0,epithelial_tumor_class1,1,2565.365502939821
5.769999999999982,25.05000000000001,0.0,epithelial_tumor_class1,1,1159.369246896786
-264.01,130.47000000000003,0.0,other_tissue,0,901.999340554809
-253.82,-397.77,0.0,other_tissue,0,477.19492503836335
-357.94,-324.11,0.0,CAF,1,488.0401920519278
-175.52999999999997,66.08999999999997,0.0,CD8_Tcell,1,443.27376808270765
18.33000000000004,146.22000000000003,0.0,other_tissue,0,888.5231437262153
480.53,200.3,0.0,epithelial_tumor_class1,1,4171.488314369853
304.90999999999997,137.92000000000002,0.0,epithelial_tumor_class1,1,1795.571266056512
-428.23,-280.26,0.0,other_tissue,0,981.8923155844441
-229.64,259.85,0.0,other_tissue,0,921.5747243924279
-303.28999999999996,312.65,0.0,epithelial_tumor_class1_class2,1,1180.33543138022
-335.48,-420.15,0.0,CD4_Tcell,1,630.7898993354571
-109.16000000000003,-273.87,0.0,other_tissue,0,759.4774499510219
167.69000000000005,311.03999999999996,0.0,epithelial_tumor_class1,1,1068.457004374182
21.82000000000005,121.52999999999997,0.0,epithelial_tumor_class1,1,1467.7630833314388
-292.09000000000003,327.19,0.0,epithelial_tumor_class1,1,1974.9060518757665
438.37,224.48000000000002,0.0,epithelial_tumor_class1,1,906.8159634691198
-194.99,167.64,0.0,epithelial_tumor_class1,1,1499.9743843623173
-264.11,94.07,0.0,CD4_Tcell,1,763.7323475163902
-98.38,-378.23,0.0,CD4_Tcell,1,1081.193411065122
-442.13,-464.19000000000005,0.0,CD4_Tcell,1,559.7264500957691
-28.44999999999999,-322.03999999999996,0.0,other_tissue,0,981.8923155844441
-452.95,8.180000000000007,0.0,epithelial_tumor_class1,1,1141.001032907908
107.5,417.04,0.0,epithelial_tumor_class1,1,1815.2895107658285
-312.55,-159.5,0.0,CD8_Tcell,1,786.8311292802823
471.87,447.94,0.0,CAF,1,571.3509922190277
-454.74,378.06,0.0,epithelial_tumor_class1_class2,1,847.1032041528894
-309.16999999999996,-298.65,0.0,epithelial_tumor_class1,1,2394.143644023895
18.340000000000032,13.819999999999993,0.0,epithelial_tumor_class1,1,1371.3640860151415
-261.77,453.82,0.0,other_tissue,0,583.4561035398385
152.91999999999996,403.68,0.0,epithelial_tumor_class1,1,4171.488314369853
336.92999999999995,-482.47,0.0,epithelial_tumor_class1,1,2190.8708933984385
-323.63,-51.460000000000036,0.0,epithelial_tumor_class1,1,2224.7347410194006
437.47,-62.48000000000002,0.0,apCAF,1,575.205558541351
-281.02,-272.36,0.0,epithelial_tumor_class1,1,2539.623826042204
492.11,266.40999999999997,0.0,other_tissue,0,626.3187874268051
-327.12,-161.32000000000005,0.0,epithelial_tumor_class1,1,1895.3838385879624
330.23,-311.22,0.0,other_tissue,0,981.8923155844441
161.39,432.4,0.0,other_tissue,0,629.9010874339475
253.08000000000004,370.78,0.0,epithelial_tumor_class1,1,3588.302761670826
36.559999999999945,-46.200000000000045,0.0,CD4_Tcell,1,730.448569745362
-470.72,351.53,0.0,epithelial_tumor_class1,1,1002.8777878094512
92.16999999999996,-111.37,0.0,other_tissue,0,981.8923155844441
16.289999999999964,-95.44000000000005,0.0,epithelial_tumor_class1,1,2788.68813240705
-371.39,230.52999999999997,0.0,epithelial_tumor_class1,1,1255.072435561095
162.64999999999998,-218.26,0.0,CAF,1,774.2249636637654
102.14999999999998,-187.77999999999997,0.0,epithelial_tumor_class1,1,681.1595966349072
290.71000000000004,118.07999999999998,0.0,other_tissue,0,546.5293630375637
-267.76,416.17,0.0,CD4_Tcell,1,620.7772688217002
362.01,-43.460000000000036,0.0,other_tissue,0,859.3056892004504
244.19000000000005,405.90999999999997,0.0,epithelial_tumor_class1,1,639.9754094996545
-433.59000000000003,492.287,0.0,other_tissue,0,981.8923155844441
-391.32,-289.24,0.0,epithelial_tumor_class1,1,3723.7209313286944
299.30999999999995,-157.33000000000004,0.0,epithelial_tumor_class1,1,1068.684461119599
35.92999999999995,-134.5,0.0,other_tissue,0,654.9591038042042
147.73000000000002,175.31,0.0,CD4_Tcell,1,529.954630211319
-214.22000000000003,445.34000000000003,0.0,other_tissue,0,981.8923155844441
-113.25,441.72,0.0,other_tissue,0,816.3746959842779
-459.57,-342.26,0.0,other_tissue,0,981.8923155844441
-426.15,446.43,0.0,other_tissue,0,981.8923155844441
-427.78,-312.49,0.0,epithelial_tumor_class1,1,902.5637862760311
455.08000000000004,332.03,0.0,epithelial_tumor_class1_class2,1,953.1859355737
396.64,-458.09000000000003,0.0,epithelial_tumor_class1,1,2033.0545396530324
56.950000000000045,30.44999999999999,0.0,epithelial_tumor_class1,1,1381.4168798106327
-245.75,-249.5,0.0,epithelial_tumor_class1,1,4171.488314369853
-243.60000000000002,-424.65,0.0,CAF,1,684.1402827232077
-260.03999999999996,21.519999999999982,0.0,epithelial_tumor_class1,1,1783.5601998529805
-262.08000000000004,-229.78999999999996,0.0,epithelial_tumor_class1,1,1677.3839795420674
-418.71,-1.3500000000000227,0.0,epithelial_tumor_class1,1,2236.416762416026
-299.22,369.65999999999997,0.0,other_tissue,0,638.2889511018597
60.32000000000005,-94.14999999999998,0.0,epithelial_tumor_class1,1,1452.9792233140906
288.64,211.11,0.0,epithelial_tumor_class1,1,2652.4264077647044
282.65999999999997,66.51999999999998,0.0,CD4_Tcell,1,618.2995515710363
-76.00999999999999,-391.90999999999997,0.0,CD4_Tcell,1,327.24007937615534
369.89,365.5,0.0,other_tissue,0,981.8923155844441
42.22000000000003,23.829999999999984,0.0,epithelial_tumor_class1,1,2470.0105311905113
-248.74,67.75,0.0,epithelial_tumor_class1,1,4123.349037883886
-156.11,181.82999999999998,0.0,epithelial_tumor_class1,1,1457.823553027418
-122.62,471.27,0.0,epithelial_tumor_class1,1,1348.6286938573337
-450.09000000000003,-3.1100000000000136,0.0,CD4_Tcell,1,853.8752516105275
-231.38,148.77999999999997,0.0,CD8_Tcell,1,1322.4619484597722
357.23,-233.0,0.0,other_tissue,0,928.6684977726071
-214.39,425.87,0.0,epithelial_tumor_class1,1,1182.8758010592305
54.66999999999996,343.61,0.0,epithelial_tumor_class1,1,1729.737431056438
401.59000000000003,410.69,0.0,epithelial_tumor_class1,1,1481.8296035726275
252.14999999999998,398.01,0.0,epithelial_tumor_class1,1,3461.2405283787257
358.87,-116.09000000000003,0.0,apCAF,1,113.98310791582618
-21.69999999999999,411.40999999999997,0.0,other_tissue,0,554.2918800260841
-98.13999999999999,372.07,0.0,other_tissue,0,532.8576879546715
158.80999999999995,-255.76999999999998,0.0,epithelial_tumor_class1,1,1313.519338469775
-464.03,-433.09000000000003,0.0,CD4_Tcell,1,933.1638319874273
-377.53,-191.86,0.0,epithelial_tumor_class1,1,895.7160860781675
444.29999999999995,-238.40999999999997,0.0,other_tissue,0,548.7953482969308
-121.05000000000001,344.47,0.0,epithelial_tumor_class1,1,2087.155864905127
-199.26,432.22,0.0,epithelial_tumor_class1,1,763.8535716659246
-60.339999999999975,-229.08000000000004,0.0,epithelial_tumor_class1,1,3080.9884482785187
288.30999999999995,30.180000000000007,0.0,other_tissue,0,453.18687572914956
111.00999999999999,-402.92999999999995,0.0,epithelial_tumor_class1,1,4171.488314369853
-224.72000000000003,-362.53,0.0,CAF,1,747.8829327803408
-240.39,-10.149999999999977,0.0,CD8_Tcell,1,475.7051516342662
-433.2,157.89,0.0,apCAF,1,183.18946789656255
-366.0,-130.69000000000005,0.0,other_tissue,0,700.6228383851638
-18.189999999999998,-206.88,0.0,epithelial_tumor_class1_class2,1,3824.000824983289
-129.45999999999998,-117.11000000000001,0.0,epithelial_tumor_class1,1,1753.292460531218
-473.51,385.67,0.0,other_tissue,0,633.9430116800767
-443.7,-240.08000000000004,0.0,other_tissue,0,765.8151424747298
-248.15,120.61000000000001,0.0,CD4_Tcell,1,620.3550631235511
-101.32999999999998,397.3,0.0,other_tissue,0,694.6885584122907
373.78999999999996,101.14999999999998,0.0,apCAF,1,347.42559274022426
-92.82,138.58999999999997,0.0,epithelial_tumor_class1,1,1801.54326733374
-375.38,-278.41999999999996,0.0,epithelial_tumor_class1,1,2484.7969978432316
108.01999999999998,-419.96000000000004,0.0,epithelial_tumor_class1,1,4171.488314369853
151.38,-169.64,0.0,epithelial_tumor_class1,1,1941.4128332343362
-94.27999999999997,405.68,0.0,CD8_Tcell,1,1322.4619484597722
-102.70999999999998,121.92000000000002,0.0,CAF,1,542.6915183448787
-239.67000000000002,-263.83000000000004,0.0,epithelial_tumor_class1,1,2524.889426709077
61.73000000000002,-79.32000000000005,0.0,epithelial_tumor_class1,1,1584.3307303347788
351.72,-192.49,0.0,other_tissue,0,747.6438885973332
250.08000000000004,-377.08000000000004,0.0,epithelial_tumor_class1,1,1674.518212278523
-133.81,93.60000000000002,0.0,other_tissue,0,981.8923155844441
187.01999999999998,409.99,0.0,epithelial_tumor_class1,1,4084.24045469241
-309.49,-323.07000000000005,0.0,other_tissue,0,891.0060502260159
-425.94,-345.20000000000005,0.0,epithelial_tumor_class1,1,979.084489053496
342.27,136.92000000000002,0.0,epithelial_tumor_class1,1,4171.488314369853
-157.79000000000002,-215.62,0.0,other_tissue,0,491.4655501919023
364.86,-220.96000000000004,0.0,epithelial_tumor_class1,1,1300.1664182078548
-224.22000000000003,-462.23,0.0,CD4_Tcell,1,949.9110016938224
345.20000000000005,236.26,0.0,epithelial_tumor_class1,1,1366.2369394417221
139.94000000000005,371.99,0.0,epithelial_tumor_class1_class2,1,935.613524459437
-373.49,-171.24,0.0,epithelial_tumor_class1,1,899.5861718439719
109.04999999999995,-375.96000000000004,0.0,epithelial_tumor_class1,1,1125.3373798128969
226.54999999999995,-214.34000000000003,0.0,CAF,1,1035.1886280041429
78.67999999999995,-284.17999999999995,0.0,other_tissue,0,471.8990190962317
-286.57,-338.91999999999996,0.0,other_tissue,0,981.8923155844441
403.9,335.05,0.0,epithelial_tumor_class1,1,884.8185820975424
34.02999999999997,17.160000000000025,0.0,epithelial_tumor_class1,1,1227.3143130019107
-238.88,-372.79999999999995,0.0,epithelial_tumor_class1,1,1305.5602155920835
288.83000000000004,-494.4,0.0,CD4_Tcell,1,562.8195513364226
-410.31,-263.24,0.0,epithelial_tumor_class1,1,2201.2064577240385
-245.82,219.36,0.0,CD8_Tcell,1,691.2235164015386
-52.339999999999975,316.43,0.0,CD4_Tcell,1,534.2256204568178
103.23000000000002,47.99000000000001,0.0,CAF,1,423.31054840560233
256.99,-438.05999999999995,0.0,CAF,1,1035.1886280041429
-171.81,200.14,0.0,other_tissue,0,629.1906393549456
-101.85000000000002,446.77,0.0,other_tissue,0,981.8923155844441
-295.26,48.370000000000005,0.0,apCAF,1,1036.141809933224
183.89999999999998,-274.6,0.0,CD8_Tcell,1,1296.4254864752031
195.12,-261.77,0.0,epithelial_tumor_class1,1,1384.718615737338
-212.62,60.55000000000001,0.0,other_tissue,0,457.0209560851523
-290.83000000000004,-227.47000000000003,0.0,epithelial_tumor_class1,1,3520.219668237412
451.27,-419.09000000000003,0.0,CD8_Tcell,1,732.3132599337561
-52.51999999999998,-405.1,0.0,epithelial_tumor_class1,1,857.6239456238632
264.13,-74.5,0.0,CD4_Tcell,1,1135.3649367583816
-417.83,51.910000000000025,0.0,epithelial_tumor_class1,1,2196.5044536811615
492.04999999999995,-220.76999999999998,0.0,other_tissue,0,981.8923155844441
192.19000000000005,-410.28999999999996,0.0,other_tissue,0,498.72914212101074
-324.34000000000003,-438.41999999999996,0.0,other_tissue,0,523.3631914904297
-113.45999999999998,-139.39999999999998,0.0,epithelial_tumor_class1,1,947.6463450907315
-233.17000000000002,249.14,0.0,epithelial_tumor_class1,1,1037.7482600276285
-176.82,454.43,0.0,epithelial_tumor_class1,1,1180.33543138022
-470.41,366.33000000000004,0.0,epithelial_tumor_class1,1,1745.0082630418797
255.27999999999997,-124.92999999999995,0.0,epithelial_tumor_class1,1,1807.3132283300326
-393.62,-259.71000000000004,0.0,epithelial_tumor_class1,1,836.0249356450915
-120.43,-41.370000000000005,0.0,CD4_Tcell,1,670.1563491518519
173.70000000000005,472.15,0.0,epithelial_tumor_class1,1,1852.9319921889778
79.35000000000002,-54.440000000000055,0.0,other_tissue,0,981.8923155844441
-242.70999999999998,234.83999999999997,0.0,epithelial_tumor_class1,1,1511.2185870174662
-160.58999999999997,-403.64,0.0,epithelial_tumor_class1,1,1176.8551037790162
-366.15,317.37,0.0,other_tissue,0,934.3650329110516
-364.0,-289.55999999999995,0.0,other_tissue,0,981.8923155844441
-426.57,305.03999999999996,0.0,epithelial_tumor_class1,1,779.4354405380838
-343.01,-90.09000000000003,0.0,other_tissue,0,981.8923155844441
-313.86,-147.59000000000003,0.0,epithelial_tumor_class1,1,1333.0459234041898
470.05999999999995,-144.22000000000003,0.0,other_tissue,0,673.6621652859326
353.86,-303.99,0.0,epithelial_tumor_class1,1,1075.548566133289
424.17999999999995,365.40999999999997,0.0,epithelial_tumor_class1,1,1457.5437802232077
149.44000000000005,-143.02999999999997,0.0,epithelial_tumor_class1,1,1731.1314998687726
-284.61,46.18000000000001,0.0,epithelial_tumor_class1,1,1216.6187636531552
43.22000000000003,-305.47,0.0,CD4_Tcell,1,646.9860609610745
-2.3100000000000023,336.05,0.0,epithelial_tumor_class1,1,1335.6542216403604
-105.07999999999998,-191.04999999999995,0.0,epithelial_tumor_class1,1,1118.0023319058596
-309.62,-269.75,0.0,CD4_Tcell,1,605.42127060968
283.70000000000005,-237.39999999999998,0.0,epithelial_tumor_class1,1,1086.9857797398963
335.75,-416.24,0.0,epithelial_tumor_class1,1,655.8895815184293
-121.63999999999999,-79.63999999999999,0.0,other_tissue,0,498.02996791226764
-47.56,-194.08000000000004,0.0,epithelial_tumor_class1,1,2078.9526477823542
206.62,-291.30999999999995,0.0,epithelial_tumor_class1_class2,1,3546.8087021597707
459.80999999999995,468.75,0.0,other_tissue,0,981.8923155844441
397.35,-250.54999999999995,0.0,CD8_Tcell,1,1322.4619484597722
340.73,-345.37,0.0,CAF,1,946.3172480263373
-299.65,-125.48000000000002,0.0,epithelial_tumor_class1,1,1702.9438325494807
-295.95,-253.33000000000004,0.0,epithelial_tumor_class1,1,1710.8869232825734
393.28999999999996,-468.33000000000004,0.0,epithelial_tumor_class1,1,1171.1235019467276
439.03999999999996,194.97000000000003,0.0,epithelial_tumor_class1,1,4171.488314369853
25.100000000000023,-208.54999999999995,0.0,other_tissue,0,688.4484819803315
-174.31,390.89,0.0,other_tissue,0,428.3881955850231
323.34000000000003,146.8,0.0,epithelial_tumor_class1,1,2766.7094930005846
-5.310000000000002,-312.89,0.0,epithelial_tumor_class1,1,918.5554201794854
-347.8,-121.33000000000004,0.0,epithelial_tumor_class1,1,1126.0961988418019
-480.32,-324.45000000000005,0.0,CD4_Tcell,1,439.02803186993356
271.66999999999996,187.57,0.0,epithelial_tumor_class1,1,1865.1056200698258
-286.02,-3.3700000000000045,0.0,CD8_Tcell,1,922.0327711000601
402.33000000000004,121.24000000000001,0.0,epithelial_tumor_class1,1,1776.670172263042
-434.03,206.38,0.0,other_tissue,0,504.42271424954254
-152.62,79.22000000000003,0.0,epithelial_tumor_class1,1,1564.7282197019292
192.46000000000004,167.32,0.0,epithelial_tumor_class1,1,969.0341058796495
151.78999999999996,246.25,0.0,CD8_Tcell,1,589.5552529070028
-35.95999999999998,106.64999999999998,0.0,epithelial_tumor_class1_class2,1,537.4143715829254
-493.524,-115.33000000000004,0.0,CD8_Tcell,1,1283.5029699068832
-233.87,27.629999999999995,0.0,other_tissue,0,585.9584136625932
215.69000000000005,235.54000000000002,0.0,CD4_Tcell,1,439.1816912140594
-461.73,-250.54999999999995,0.0,other_tissue,0,981.8923155844441
103.82000000000005,15.829999999999984,0.0,CD8_Tcell,1,572.3671861242068
357.28999999999996,139.39999999999998,0.0,epithelial_tumor_class1,1,4171.488314369853
449.15,-302.91999999999996,0.0,CD4_Tcell,1,954.169881456556
-2.5500000000000114,379.73,0.0,other_tissue,0,981.8923155844441
-106.29000000000002,99.73000000000002,0.0,apCAF,1,139.49649197088138
183.17999999999995,462.61,0.0,epithelial_tumor_class1,1,1687.4056391811487
245.59000000000003,-366.25,0.0,CAF,1,479.8576719212881
308.54999999999995,225.67000000000002,0.0,epithelial_tumor_class1,1,2257.6971275926608
371.96000000000004,139.19,0.0,epithelial_tumor_class1,1,3961.7973618320443
232.23000000000002,-263.26,0.0,epithelial_tumor_class1_class2,1,2905.938478256213
182.48000000000002,-139.84000000000003,0.0,other_tissue,0,619.4585117287453
-121.87,327.64,0.0,other_tissue,0,714.2915229914045
-432.89,-410.13,0.0,other_tissue,0,981.8923155844441
-174.66000000000003,-450.03,0.0,CAF,1,671.8984582593724
-224.2,-261.40999999999997,0.0,epithelial_tumor_class1,1,1995.4539551014363
71.80999999999995,-323.6,0.0,other_tissue,0,434.55974112125017
301.86,-50.620000000000005,0.0,CD4_Tcell,1,565.3617356743682
437.74,-421.03999999999996,0.0,epithelial_tumor_class1,1,1763.8610137818946
-287.64,-376.41999999999996,0.0,CAF,1,743.8856587897054
28.440000000000055,-116.26999999999998,0.0,CD8_Tcell,1,982.8562849476676
179.85000000000002,305.86,0.0,epithelial_tumor_class1,1,1198.7129491147816
250.17999999999995,-16.639999999999986,0.0,CD8_Tcell,1,467.9529068434231
63.51999999999998,-150.03999999999996,0.0,epithelial_tumor_class1_class2,1,1321.1322399815692
71.76999999999998,315.9,0.0,CAF,1,392.7635340624551
384.82000000000005,143.68,0.0,epithelial_tumor_class1,1,2488.0810069529985
386.48,-144.86,0.0,epithelial_tumor_class1,1,4171.488314369853
255.37,-196.17999999999995,0.0,other_tissue,0,740.4368551962344
-410.42,250.84,0.0,epithelial_tumor_class1,1,1641.6279081749842
-255.86,-209.03999999999996,0.0,epithelial_tumor_class1,1,4171.488314369853
471.28999999999996,-477.9,0.0,other_tissue,0,702.0543684427138
-55.110000000000014,193.66000000000003,0.0,CD4_Tcell,1,762.036555871005
351.29999999999995,94.36000000000001,0.0,other_tissue,0,598.0622655439918
374.86,-439.4,0.0,CD4_Tcell,1,1135.3649367583816
184.45000000000005,15.269999999999982,0.0,other_tissue,0,712.6697573078595
-490.304,327.08000000000004,0.0,epithelial_tumor_class1,1,4171.488314369853
482.91999999999996,-400.32000000000005,0.0,epithelial_tumor_class1,1,2095.6578029984453
438.07000000000005,-119.22000000000003,0.0,other_tissue,0,418.81436336719054
15.620000000000005,318.73,0.0,epithelial_tumor_class1,1,1711.4404031254112
473.25,-326.26,0.0,CAF,1,464.05784101842147
-78.75,462.26,0.0,CD8_Tcell,1,806.6346820303031
-190.97000000000003,-56.639999999999986,0.0,epithelial_tumor_class1,1,1247.4635176952306
481.9,-333.54999999999995,0.0,epithelial_tumor_class1,1,1835.0428585116215
452.08000000000004,123.07,0.0,epithelial_tumor_class1,1,1837.2908114458296
-273.40999999999997,375.95,0.0,epithelial_tumor_class1,1,1525.8493648599374
-137.81,-67.65999999999997,0.0,other_tissue,0,981.8923155844441
419.29999999999995,-484.66999999999996,0.0,CAF,1,689.7878755389775
117.27999999999997,-136.60000000000002,0.0,epithelial_tumor_class1,1,995.0489442973927
-315.31,307.40999999999997,0.0,CAF,1,695.0489789962868
99.64999999999998,-225.99,0.0,CAF,1,692.112343008044
94.05999999999995,-178.08000000000004,0.0,CAF,1,632.3562382789821
-52.25,241.95,0.0,epithelial_tumor_class1,1,3428.9196721196345
-312.53999999999996,-64.60000000000002,0.0,CD4_Tcell,1,761.9356951251901
369.27,297.21000000000004,0.0,other_tissue,0,981.8923155844441
283.35,186.83999999999997,0.0,epithelial_tumor_class1,1,1430.176558063577
-232.18,-484.30999999999995,0.0,CD4_Tcell,1,1135.3649367583816
-122.20999999999998,-353.44000000000005,0.0,CAF,1,746.4892264252841
-247.93,479.55,0.0,CD4_Tcell,1,814.2433357348472
144.10000000000002,-182.30999999999995,0.0,CAF,1,743.627620166602
32.67999999999995,168.12,0.0,CD4_Tcell,1,509.4650594802651
201.24,-175.91999999999996,0.0,other_tissue,0,778.7188971804918
64.92999999999995,415.15999999999997,0.0,epithelial_tumor_class1,1,1040.5017838291183
-492.109,-270.65,0.0,CAF,1,1035.1886280041429
334.36,145.45999999999998,0.0,epithelial_tumor_class1,1,2295.3985666071467
-406.12,-195.51999999999998,0.0,CD4_Tcell,1,522.9393181907245
347.03,-284.46000000000004,0.0,other_tissue,0,894.6829477035686
34.34000000000003,365.40999999999997,0.0,CD4_Tcell,1,923.9582246637051
278.17999999999995,-174.23000000000002,0.0,CD4_Tcell,1,342.8096506944522
-388.52,279.27,0.0,other_tissue,0,737.8079006160774
-186.77999999999997,-495.85,0.0,other_tissue,0,374.4216037345719
192.64999999999998,223.19,0.0,CAF,1,898.4374861573375
472.67999999999995,-315.02,0.0,CAF,1,723.8983482794569
-15.819999999999993,-251.39,0.0,CAF,1,801.5330314733582
252.5,-136.01999999999998,0.0,apCAF,1,878.9482237770063
314.16999999999996,-256.29999999999995,0.0,CAF,1,1035.1886280041429
-437.52,-334.35,0.0,other_tissue,0,981.8923155844441
-267.85,-13.090000000000032,0.0,other_tissue,0,981.8923155844441
116.90999999999997,301.78999999999996,0.0,other_tissue,0,568.2598603322731
209.19000000000005,-169.76,0.0,epithelial_tumor_class1,1,602.2773082000534
-364.58000000000004,-55.84000000000003,0.0,CD4_Tcell,1,1135.3649367583816
235.91999999999996,214.35000000000002,0.0,epithelial_tumor_class1_class2,1,1171.1235019467276
-232.49,180.07,0.0,other_tissue,0,285.29749304378754
259.65,194.08999999999997,0.0,epithelial_tumor_class1,1,2979.0730409257594
251.51,-219.02999999999997,0.0,other_tissue,0,963.3624633241383
257.92999999999995,275.63,0.0,CAF,1,488.1751008824336
-399.53,51.18000000000001,0.0,epithelial_tumor_class1,1,1134.4920354065207
417.57000000000005,212.68,0.0,epithelial_tumor_class1,1,4171.488314369853
204.49,406.58,0.0,epithelial_tumor_class1,1,3364.991427606406
388.65999999999997,9.170000000000016,0.0,epithelial_tumor_class1,1,2779.404741921794
-455.61,-241.0,0.0,other_tissue,0,613.590863146045
-315.91999999999996,64.42000000000002,0.0,other_tissue,0,904.8691651182464
-96.14999999999998,195.93,0.0,epithelial_tumor_class1,1,1156.4097239176583
-227.82999999999998,-51.690000000000055,0.0,epithelial_tumor_class1,1,1434.385698041492
-287.25,-238.25,0.0,epithelial_tumor_class1,1,1448.517070421221
-456.09000000000003,358.28999999999996,0.0,other_tissue,0,583.4561035398385
85.60000000000002,-405.92999999999995,0.0,CD4_Tcell,1,1135.3649367583816
-443.44,-301.45000000000005,0.0,epithelial_tumor_class1,1,1017.3860357339056
10.29000000000002,379.03,0.0,apCAF,1,506.78599298346256
-207.99,-267.63,0.0,epithelial_tumor_class1,1,3614.549663725801
64.25,-196.36,0.0,CAF,1,686.1698508021927
236.38,3.75,0.0,CAF,1,409.26427429358483
-344.75,-264.28,0.0,CAF,1,761.5323411393222
-160.48000000000002,-420.85,0.0,epithelial_tumor_class1,1,935.613524459437
378.03999999999996,-481.58000000000004,0.0,CD8_Tcell,1,519.994247188613
133.91999999999996,99.43,0.0,CD4_Tcell,1,1124.2912923480094
-294.19,-75.69000000000005,0.0,CD4_Tcell,1,450.92234604727753
-283.35,-59.450000000000045,0.0,other_tissue,0,981.8923155844441
-87.83999999999997,-454.12,0.0,CD8_Tcell,1,567.2319660974193
61.15999999999997,-107.15999999999997,0.0,epithelial_tumor_class1,1,924.3023374835445
-85.14999999999998,-210.25,0.0,other_tissue,0,529.3689575845897
150.25,217.97000000000003,0.0,other_tissue,0,620.8828501698133
-43.75999999999999,429.57,0.0,CD4_Tcell,1,1135.3649367583816
244.51,419.37,0.0,epithelial_tumor_class1,1,2086.208240536647
116.83000000000004,-184.79999999999995,0.0,CAF,1,835.2955573103682
-369.93,-42.49000000000001,0.0,epithelial_tumor_class1,1,1091.2090504673135
386.84000000000003,-309.23,0.0,epithelial_tumor_class1,1,1790.3967122817257
-54.160000000000025,-478.74,0.0,other_tissue,0,981.8923155844441
-446.29,92.22000000000003,0.0,other_tissue,0,981.8923155844441
-444.39,-363.48,0.0,CAF,1,775.1427669779351
-465.8,257.77,0.0,epithelial_tumor_class1,1,1095.4946368374021
-191.45999999999998,-487.82000000000005,0.0,epithelial_tumor_class1_class2,1,1113.0867663969293
194.27999999999997,-242.26,0.0,other_tissue,0,679.5697053125814
-53.50999999999999,286.9,0.0,epithelial_tumor_class1,1,1268.115320727294
-146.04000000000002,314.16999999999996,0.0,CAF,1,345.9935842257392
116.27999999999997,-348.37,0.0,CD4_Tcell,1,816.3958171344367
-409.64,-352.17999999999995,0.0,CD8_Tcell,1,680.4298095755843
376.38,-313.69000000000005,0.0,CAF,1,451.3490370551923
-3.519999999999982,-323.90999999999997,0.0,CAF,1,352.6256020908967
-441.69,-251.83000000000004,0.0,other_tissue,0,311.7599445850286
226.48000000000002,-444.5,0.0,CAF,1,513.7339520129947
-144.97000000000003,-420.44000000000005,0.0,epithelial_tumor_class1,1,1292.8926025909427
160.35000000000002,90.44999999999999,0.0,CD8_Tcell,1,525.155404007353
386.49,481.61,0.0,epithelial_tumor_class1,1,3193.112826892016
-143.73000000000002,-469.98,0.0,CD4_Tcell,1,316.16072388025225
379.91999999999996,499.4775,0.0,epithelial_tumor_class1,1,4171.488314369853
459.08000000000004,139.54000000000002,0.0,epithelial_tumor_class1,1,2043.4330643344117
-194.04000000000002,283.98,0.0,CAF,1,836.4541799986722
-444.76,-218.5,0.0,CD4_Tcell,1,470.1424639729731
117.75,-326.51,0.0,epithelial_tumor_class1,1,862.5004833775849
-463.64,-205.84000000000003,0.0,epithelial_tumor_class1,1,1173.166440067862
-400.96,-4.600000000000023,0.0,other_tissue,0,981.8923155844441
185.79999999999995,-435.65999999999997,0.0,epithelial_tumor_class1,1,575.4564527117299
177.57000000000005,413.81,0.0,epithelial_tumor_class1,1,3343.211148054348
272.44000000000005,477.9,0.0,CD4_Tcell,1,1135.3649367583816
283.40999999999997,-310.39,0.0,CAF,1,552.2711591785345
-402.27,-336.09000000000003,0.0,epithelial_tumor_class1,1,1922.9577258446582
-435.4,-360.13,0.0,CAF,1,382.8497634256191
280.78,-369.77,0.0,CAF,1,603.9861319645672
436.75,118.94999999999999,0.0,epithelial_tumor_class1,1,2079.8192774348317
445.36,33.14999999999998,0.0,epithelial_tumor_class1,1,1739.6165676964242
-456.34000000000003,-20.029999999999973,0.0,epithelial_tumor_class1,1,1470.075242511793
120.20000000000005,-65.94000000000005,0.0,CD8_Tcell,1,232.2874230306283
132.08000000000004,-358.77,0.0,CD4_Tcell,1,545.2695955054253
-51.97000000000003,131.82999999999998,0.0,other_tissue,0,622.3269952867647
424.40999999999997,-356.51,0.0,CD8_Tcell,1,436.8805629139019
-40.629999999999995,-387.63,0.0,CD8_Tcell,1,893.5160091208938
-257.40999999999997,427.95,0.0,other_tissue,0,745.1966218930352
-447.61,-272.80999999999995,0.0,other_tissue,0,890.7150205387925
-242.39999999999998,-297.94000000000005,0.0,other_tissue,0,782.6961290382742
-376.04,-347.95000000000005,0.0,CD4_Tcell,1,602.6740198571803
197.55999999999995,-373.44000000000005,0.0,epithelial_tumor_class1,1,2549.1777119735057
134.65999999999997,-252.44000000000005,0.0,epithelial_tumor_class1,1,1230.0048986436043
-212.95,226.56,0.0,epithelial_tumor_class1,1,1923.2194748444333
272.74,-463.32000000000005,0.0,epithelial_tumor_class1,1,3374.3935721375883
287.08000000000004,46.80000000000001,0.0,CD8_Tcell,1,1322.4619484597722
228.78999999999996,382.59000000000003,0.0,epithelial_tumor_class1,1,2067.5906289298514
-142.23000000000002,-101.89999999999998,0.0,CD4_Tcell,1,905.638496200201
130.82000000000005,-322.25,0.0,CD4_Tcell,1,1135.3649367583816
297.03,-282.4,0.0,epithelial_tumor_class1,1,808.8577007564452
401.53,-325.92999999999995,0.0,other_tissue,0,665.1138974581154
44.75999999999999,-230.13,0.0,epithelial_tumor_class1,1,605.9751836956956
337.58000000000004,400.11,0.0,other_tissue,0,560.1699734111996
33.5,-397.46000000000004,0.0,epithelial_tumor_class1,1,2275.93096992817
38.82000000000005,-66.85000000000002,0.0,epithelial_tumor_class1_class2,1,538.2314581106745
77.08000000000004,-4.769999999999982,0.0,epithelial_tumor_class1_class2,1,1748.7960904345293
-89.79000000000002,-383.75,0.0,CD4_Tcell,1,517.3251071275878
277.6,-226.29999999999995,0.0,epithelial_tumor_class1,1,1527.9013291024598
405.98,-299.09000000000003,0.0,epithelial_tumor_class1,1,1579.3082685586417
-280.39,92.06,0.0,other_tissue,0,533.0802153241684
28.340000000000032,70.60000000000002,0.0,epithelial_tumor_class1,1,1226.1505354815072
-213.07,-38.24000000000001,0.0,epithelial_tumor_class1,1,3238.0994398566827
96.5,340.19,0.0,CAF,1,498.07554629900386
-264.05,-295.44000000000005,0.0,epithelial_tumor_class1,1,679.7192365659646
207.53999999999996,-101.85000000000002,0.0,CD8_Tcell,1,586.0092100073861
388.07000000000005,424.62,0.0,epithelial_tumor_class1,1,1702.3921861851536
161.45000000000005,-240.05999999999995,0.0,epithelial_tumor_class1,1,1170.6131382635267
160.80999999999995,-326.71000000000004,0.0,epithelial_tumor_class1,1,2918.2656895665814
14.149999999999977,56.56999999999999,0.0,epithelial_tumor_class1_class2,1,1941.4128332343362
-321.72,167.67000000000002,0.0,CD4_Tcell,1,227.53244364092936
-186.12,-263.72,0.0,epithelial_tumor_class1,1,3089.1359988506347
-417.94,-308.13,0.0,epithelial_tumor_class1,1,894.5258006727399
124.86000000000001,-287.59000000000003,0.0,CAF,1,1031.6878657821385
112.48000000000002,475.58,0.0,other_tissue,0,981.8923155844441
-52.23000000000002,468.25,0.0,epithelial_tumor_class1,1,2883.004331387135
-471.69,-221.77999999999997,0.0,other_tissue,0,858.3444239316403
-180.60000000000002,159.16000000000003,0.0,other_tissue,0,981.8923155844441
-154.77999999999997,-477.73,0.0,other_tissue,0,649.2315323028912
-157.37,69.22000000000003,0.0,epithelial_tumor_class1,1,1085.0952516301475
355.61,-338.0,0.0,other_tissue,0,485.3024339018045
-357.88,-21.17999999999995,0.0,CAF,1,372.0525677937402
-383.93,6.430000000000007,0.0,other_tissue,0,556.6447022211682
-76.95999999999998,-231.41999999999996,0.0,epithelial_tumor_class1,1,2159.654399076848
221.94000000000005,404.96,0.0,epithelial_tumor_class1_class2,1,889.9765375012951
-471.52,-289.87,0.0,apCAF,1,359.7819866267884
-300.41999999999996,145.41000000000003,0.0,epithelial_tumor_class1,1,1779.615791581031
-241.97000000000003,-308.09000000000003,0.0,CAF,1,873.4794448266971
412.27,-307.94000000000005,0.0,CD4_Tcell,1,1135.3649367583816
313.84000000000003,-477.66999999999996,0.0,other_tissue,0,773.6950076729173
-462.63,-485.62,0.0,CD4_Tcell,1,1135.3649367583816
-64.01999999999998,-357.15999999999997,0.0,other_tissue,0,742.5762341017041
-210.7,180.82999999999998,0.0,epithelial_tumor_class1,1,3315.7687316506804
270.92999999999995,-319.48,0.0,other_tissue,0,439.90856621341493
454.6,2.2900000000000205,0.0,other_tissue,0,763.9950160522488
-241.49,-468.30999999999995,0.0,other_tissue,0,457.95411063467606
-478.29,252.19,0.0,epithelial_tumor_class1,1,846.6919644963476
85.40999999999997,304.02,0.0,CAF,1,1035.1886280041429
-47.47000000000003,228.77999999999997,0.0,epithelial_tumor_class1,1,1673.222866769024
-122.22000000000003,366.44,0.0,CD8_Tcell,1,473.7921897083834
347.65,217.35000000000002,0.0,epithelial_tumor_class1,1,1479.0342525025037
209.70000000000005,144.31,0.0,epithelial_tumor_class1,1,485.19791472803314
-332.88,351.34000000000003,0.0,epithelial_tumor_class1_class2,1,571.933907087901
273.76,-271.95000000000005,0.0,CAF,1,590.950421178158
-435.94,-288.37,0.0,other_tissue,0,981.8923155844441
105.34000000000003,-47.84000000000003,0.0,epithelial_tumor_class1,1,687.5816321062551
-384.51,-89.28999999999996,0.0,other_tissue,0,611.8116827439196
111.85000000000002,388.72,0.0,other_tissue,0,640.1909156362823
107.67999999999995,-387.66999999999996,0.0,other_tissue,0,476.6783152911064
-362.19,-246.73000000000002,0.0,other_tissue,0,638.3606548624132
236.51999999999998,328.35,0.0,epithelial_tumor_class1,1,1099.5080619787077
-294.18,174.62,0.0,other_tissue,0,666.2199522528657
-62.19999999999999,482.21,0.0,other_tissue,0,650.6103536073518
302.17999999999995,-342.96000000000004,0.0,other_tissue,0,709.4143604575121
-463.25,53.39999999999998,0.0,epithelial_tumor_class1,1,3347.754460234553
-290.47,205.19,0.0,CD4_Tcell,1,605.5943321729952
297.58000000000004,-242.24,0.0,epithelial_tumor_class1,1,2647.286855538137
-71.87,-433.34000000000003,0.0,other_tissue,0,981.8923155844441
257.75,-258.76,0.0,other_tissue,0,557.9710858828456
-193.72000000000003,-312.89,0.0,other_tissue,0,981.8923155844441
470.1,426.35,0.0,other_tissue,0,300.7091029108256
-376.37,-364.62,0.0,other_tissue,0,377.6843633012902
400.08000000000004,-219.92999999999995,0.0,CAF,1,334.81880124743043
410.82000000000005,-259.40999999999997,0.0,other_tissue,0,981.8923155844441
474.74,488.44,0.0,other_tissue,0,491.42037595789134
-311.66999999999996,-101.62,0.0,epithelial_tumor_class1,1,707.9920468504633
188.26,158.32,0.0,epithelial_tumor_class1,1,1621.9885070166797
-196.64,-434.89,0.0,CAF,1,667.2349123957706
-17.689999999999998,-39.960000000000036,0.0,other_tissue,0,411.3738339317469
-446.43,-312.28999999999996,0.0,other_tissue,0,981.8923155844441
240.63,-229.01,0.0,CD8_Tcell,1,806.0272080693838
-281.5,106.00999999999999,0.0,epithelial_tumor_class1,1,1224.240212781805
288.86,98.72000000000003,0.0,CD4_Tcell,1,454.9724799671615
-164.38,128.08999999999997,0.0,other_tissue,0,981.8923155844441
123.83000000000004,-257.42999999999995,0.0,CD4_Tcell,1,889.4173524806436
-212.70999999999998,-359.54999999999995,0.0,CAF,1,767.0099037926182
418.26,-318.85,0.0,CAF,1,558.3644926936403
-493.47,52.18000000000001,0.0,other_tissue,0,438.2881755650029
46.47000000000003,-48.65999999999997,0.0,CD4_Tcell,1,1016.0169275798543
-180.61,205.64999999999998,0.0,other_tissue,0,981.8923155844441
348.6,-430.87,0.0,other_tissue,0,507.0934527778997
332.13,-259.47,0.0,epithelial_tumor_class1,1,859.349400120344
174.26999999999998,-311.32000000000005,0.0,CD4_Tcell,1,862.4785743375179
160.29999999999995,-228.38,0.0,epithelial_tumor_class1,1,1088.9552807565465
-59.98000000000002,-292.4,0.0,other_tissue,0,350.6379996234786
-328.68,-83.13999999999999,0.0,CD4_Tcell,1,600.554498787216
395.11,416.87,0.0,epithelial_tumor_class1,1,932.9098637863389
-111.92000000000002,-479.40999999999997,0.0,CD8_Tcell,1,436.5604393274513
348.72,483.89,0.0,epithelial_tumor_class1,1,889.9765375012951
449.85,-371.78,0.0,epithelial_tumor_class1,1,1612.3275596186063
230.07000000000005,-246.97000000000003,0.0,CD4_Tcell,1,482.88740503542454
122.22000000000003,274.82,0.0,CAF,1,400.083624610944
441.38,349.78999999999996,0.0,epithelial_tumor_class1,1,1816.5131720036886
476.24,307.68,0.0,other_tissue,0,557.0211157450783
396.42999999999995,-396.45000000000005,0.0,other_tissue,0,981.8923155844441
157.72000000000003,-308.42999999999995,0.0,other_tissue,0,819.3140311646087
-55.620000000000005,31.360000000000014,0.0,CD8_Tcell,1,449.14736142209193
-89.0,-165.71000000000004,0.0,epithelial_tumor_class1,1,902.5637862760311
299.53999999999996,-59.91999999999996,0.0,CD4_Tcell,1,759.4371949625167
441.54999999999995,-52.950000000000045,0.0,other_tissue,0,876.5763638358799
137.07000000000005,-106.51999999999998,0.0,epithelial_tumor_class1,1,1357.413782331569
3.980000000000018,38.31,0.0,CAF,1,723.5085338804729
-23.579999999999984,-21.92999999999995,0.0,CAF,1,504.9745095691344
34.75,44.69999999999999,0.0,epithelial_tumor_class1,1,958.394462192555
-250.25,193.81,0.0,CD8_Tcell,1,844.8754472245587
70.07000000000005,61.35000000000002,0.0,CAF,1,692.8315255800806
-160.82999999999998,171.76,0.0,other_tissue,0,803.7675742174629
-353.59000000000003,-32.049999999999955,0.0,CAF,1,603.3816334930218
128.46000000000004,-168.70000000000005,0.0,epithelial_tumor_class1,1,820.3942589265762
292.36,-487.1,0.0,CD4_Tcell,1,555.2550801756915
259.9,-236.64,0.0,CAF,1,860.7051739782289
210.96000000000004,472.68,0.0,epithelial_tumor_class1,1,2233.151599143031
6.579999999999984,-443.80999999999995,0.0,CD4_Tcell,1,926.2079728822441
-456.03,210.86,0.0,other_tissue,0,453.54362213817774
261.17999999999995,-205.52999999999997,0.0,epithelial_tumor_class1,1,1463.2083685593934
277.6,-249.11,0.0,epithelial_tumor_class1_class2,1,1113.0867663969293
99.62,408.47,0.0,epithelial_tumor_class1,1,1134.3868307419339
-139.12,-111.20000000000005,0.0,epithelial_tumor_class1,1,1207.7671300210543
-224.32,-247.60000000000002,0.0,epithelial_tumor_class1,1,3146.467553992791
-88.43,-190.12,0.0,epithelial_tumor_class1,1,3824.000824983289
-308.37,170.52999999999997,0.0,other_tissue,0,819.335202981598
-158.08999999999997,-41.879999999999995,0.0,other_tissue,0,657.7348922219701
-221.55,91.51999999999998,0.0,epithelial_tumor_class1,1,1247.2393687647002
246.13,-55.889999999999986,0.0,CD8_Tcell,1,623.2263116149298
-272.25,-392.24,0.0,CAF,1,643.2311008454828
-340.33000000000004,-326.36,0.0,other_tissue,0,490.0514060152438
-301.5,-236.28999999999996,0.0,epithelial_tumor_class1,1,827.8758516088333
-425.07,-209.01,0.0,CD4_Tcell,1,464.94249711579306
8.519999999999982,-313.89,0.0,other_tissue,0,658.7046067318945
490.67999999999995,7.5,0.0,CAF,1,601.5705583923111
387.99,153.92000000000002,0.0,epithelial_tumor_class1,1,1690.8351152769258
-200.08999999999997,-407.33000000000004,0.0,CAF,1,607.3094214258476
-346.84000000000003,106.75,0.0,other_tissue,0,981.8923155844441
-353.97,-135.27999999999997,0.0,epithelial_tumor_class1,1,2473.325724019154
-139.99,477.6,0.0,other_tissue,0,981.8923155844441
-374.85,-28.83000000000004,0.0,other_tissue,0,694.7454586400171
242.76,-336.54999999999995,0.0,other_tissue,0,392.29686896635366
-178.2,-465.85,0.0,CD4_Tcell,1,404.55077336071435
305.17999999999995,-458.67999999999995,0.0,CD4_Tcell,1,1135.3649367583816
275.09000000000003,-412.99,0.0,CAF,1,563.9741428451497
407.08000000000004,157.19,0.0,epithelial_tumor_class1,1,4171.488314369853
-428.0,44.52999999999997,0.0,epithelial_tumor_class1,1,875.5579986572518
304.52,216.98000000000002,0.0,epithelial_tumor_class1,1,1592.3624206574805
295.27,-453.28999999999996,0.0,CAF,1,1035.1886280041429
-337.65999999999997,38.629999999999995,0.0,CD4_Tcell,1,460.48718022554567
-197.43,67.44,0.0,CD4_Tcell,1,467.8508938776165
425.42999999999995,347.53,0.0,epithelial_tumor_class1,1,1370.2600723348617
30.0,-284.69000000000005,0.0,CD8_Tcell,1,473.55710329348193
371.79999999999995,-352.29999999999995,0.0,CAF,1,587.2122472185229
-294.37,477.96,0.0,epithelial_tumor_class1,1,4171.488314369853
-79.23000000000002,-155.37,0.0,epithelial_tumor_class1,1,3433.540288680645
-496.626,-318.07000000000005,0.0,other_tissue,0,509.8353251851133
-324.13,143.25,0.0,CD4_Tcell,1,1027.5704552820855
-435.90999999999997,432.53,0.0,other_tissue,0,804.4993998024568
139.83000000000004,-477.6,0.0,epithelial_tumor_class1,1,4171.488314369853
-326.39,-183.84000000000003,0.0,epithelial_tumor_class1,1,730.9389704265993
78.13999999999999,409.78,0.0,CD4_Tcell,1,1039.1120106828268
-486.02,-88.28999999999996,0.0,CD8_Tcell,1,1322.4619484597722
-344.64,89.05000000000001,0.0,epithelial_tumor_class1,1,1521.782939968491
414.17999999999995,-143.92999999999995,0.0,epithelial_tumor_class1,1,932.1943831448303
51.629999999999995,-269.44000000000005,0.0,other_tissue,0,405.6230441595467
440.75,-310.32000000000005,0.0,CD4_Tcell,1,1135.3649367583816
-417.3,123.58999999999997,0.0,other_tissue,0,981.8923155844441
-116.44,183.36,0.0,epithelial_tumor_class1,1,888.6348870284178
439.13,-382.67999999999995,0.0,other_tissue,0,614.4118411141843
-38.70999999999998,-421.78999999999996,0.0,epithelial_tumor_class1,1,876.8421541202541
290.39,308.96000000000004,0.0,CD4_Tcell,1,665.9802030705104
467.58000000000004,-130.67999999999995,0.0,other_tissue,0,626.1948924145797
-126.07999999999998,86.44,0.0,other_tissue,0,468.2881967089983
-283.15,-404.53,0.0,CAF,1,347.079162661816
71.49000000000001,-303.89,0.0,other_tissue,0,394.52983091970714
283.38,-483.33000000000004,0.0,CAF,1,645.5762432478009
66.11000000000001,-317.59000000000003,0.0,other_tissue,0,442.79599138034376
-106.5,-249.39,0.0,epithelial_tumor_class1,1,965.1560823449721
186.40999999999997,-249.90999999999997,0.0,CAF,1,645.3595301637209
-33.75999999999999,-315.32000000000005,0.0,other_tissue,0,589.5552529070028
278.28999999999996,323.38,0.0,other_tissue,0,981.8923155844441
418.49,134.32,0.0,epithelial_tumor_class1,1,1508.736241039573
-26.670000000000016,421.88,0.0,other_tissue,0,403.5728212426434
114.60000000000002,-108.92999999999995,0.0,epithelial_tumor_class1,1,1637.7613266509854
-288.63,-162.16999999999996,0.0,epithelial_tumor_class1,1,716.0318572948612
42.07000000000005,-291.16999999999996,0.0,other_tissue,0,568.9734835074611
281.58000000000004,284.64,0.0,CAF,1,799.3234597100212
-176.05,-309.61,0.0,other_tissue,0,981.8923155844441
-4.699999999999989,346.65,0.0,epithelial_tumor_class1,1,1982.0702460784205
-136.57999999999998,-490.89,0.0,CD4_Tcell,1,707.1664412816514
264.52,114.10000000000002,0.0,CAF,1,673.9037544739407
381.17999999999995,-491.54999999999995,0.0,epithelial_tumor_class1,1,1961.1598317524147
251.10000000000002,-460.65,0.0,other_tissue,0,981.8923155844441
152.09000000000003,-279.76,0.0,CD8_Tcell,1,692.3583231156206
-463.93,126.02999999999997,0.0,other_tissue,0,248.8286127365513
-485.38,-480.59000000000003,0.0,CD4_Tcell,1,821.0725334378012
-29.670000000000016,-179.74,0.0,other_tissue,0,531.6825005509559
-5.730000000000018,243.07999999999998,0.0,epithelial_tumor_class1,1,975.7742530706751
462.44000000000005,246.59,0.0,epithelial_tumor_class1,1,786.3366341059254
144.73000000000002,-156.57000000000005,0.0,other_tissue,0,671.3421383807063
331.55999999999995,-122.90999999999997,0.0,CAF,1,865.8130081159538
-328.32,318.95,0.0,epithelial_tumor_class1,1,813.5477556031839
-119.97000000000003,-448.63,0.0,epithelial_tumor_class1,1,908.3119103181001
352.39,-454.38,0.0,other_tissue,0,981.8923155844441
349.39,-89.73000000000002,0.0,CAF,1,719.8316953479034
213.11,375.62,0.0,epithelial_tumor_class1_class2,1,1118.2367667336657
-149.63,-52.01999999999998,0.0,epithelial_tumor_class1,1,939.1337670467325
-241.41000000000003,-63.129999999999995,0.0,epithelial_tumor_class1,1,3587.5660563435295
282.24,486.12,0.0,epithelial_tumor_class1,1,2918.315068283148
215.66999999999996,332.86,0.0,other_tissue,0,981.8923155844441
-464.6,415.88,0.0,epithelial_tumor_class1,1,4171.488314369853
-101.47000000000003,-401.74,0.0,other_tissue,0,367.878074949435
433.74,163.25,0.0,epithelial_tumor_class1,1,4171.488314369853
-119.82,-458.67999999999995,0.0,CD8_Tcell,1,735.6185806037665
464.79999999999995,69.95999999999998,0.0,other_tissue,0,691.2802272655048
-214.97000000000003,265.02,0.0,epithelial_tumor_class1,1,2612.229505188447
413.5,-135.29999999999995,0.0,other_tissue,0,561.4525789703379
-305.52,98.82999999999998,0.0,other_tissue,0,876.8643057355014
190.13,323.64,0.0,epithelial_tumor_class1,1,1315.4053001809336
-153.39,-77.61000000000001,0.0,epithelial_tumor_class1,1,625.2220000806127
94.75,419.99,0.0,epithelial_tumor_class1,1,3123.0579234486036
-338.93,-252.76,0.0,CAF,1,1035.1886280041429
-86.31,23.649999999999977,0.0,CD8_Tcell,1,922.0327711000601
-257.34000000000003,385.22,0.0,CAF,1,1035.1886280041429
227.80999999999995,352.62,0.0,CD4_Tcell,1,1135.3649367583816
201.89999999999998,-425.88,0.0,epithelial_tumor_class1,1,3500.7276825863673
483.86,-298.15,0.0,CD4_Tcell,1,1021.3535943502087
-283.89,162.04000000000002,0.0,other_tissue,0,981.8923155844441
-104.93,-429.54999999999995,0.0,CD4_Tcell,1,857.536642326162
323.30999999999995,199.07,0.0,epithelial_tumor_class1,1,663.1628603075474
163.5,421.84000000000003,0.0,other_tissue,0,462.13289282185673
258.64,-149.74,0.0,CAF,1,951.1031432903304
467.80999999999995,22.339999999999975,0.0,other_tissue,0,328.723541972337
157.97000000000003,-69.22000000000003,0.0,epithelial_tumor_class1,1,1051.5645863100085
374.03,2.6299999999999955,0.0,epithelial_tumor_class1,1,942.0120751029316
-439.51,281.84000000000003,0.0,epithelial_tumor_class1,1,857.7112548467585
-59.170000000000016,494.664,0.0,epithelial_tumor_class1,1,2761.756468231787
240.0,380.87,0.0,other_tissue,0,981.8923155844441
-454.58,69.18,0.0,CD8_Tcell,1,1322.4619484597722
-326.53,302.44,0.0,epithelial_tumor_class1_class2,1,1276.7752120896193
394.37,360.45,0.0,CAF,1,714.021058033038
468.0,-221.57000000000005,0.0,other_tissue,0,559.9563959128592
145.19000000000005,-94.12,0.0,CAF,1,552.3525446795205
-49.74000000000001,115.25999999999999,0.0,epithelial_tumor_class1,1,809.8867015246431
-483.31,359.16999999999996,0.0,epithelial_tumor_class1,1,1288.0489535619117
408.21000000000004,-464.71000000000004,0.0,other_tissue,0,316.4413498540482
-65.33999999999997,57.420000000000016,0.0,CAF,1,600.8815794277682
448.26,-437.99,0.0,CD4_Tcell,1,370.7657229864297
279.21000000000004,-119.38,0.0,other_tissue,0,981.0646700533752
-134.45999999999998,-247.12,0.0,epithelial_tumor_class1,1,4171.488314369853
-314.32,363.57,0.0,epithelial_tumor_class1,1,885.353543396312
304.35,-16.58000000000004,0.0,epithelial_tumor_class1,1,511.6274719634761
333.77,210.70999999999998,0.0,CD4_Tcell,1,954.8262214193309
38.940000000000055,-431.29999999999995,0.0,other_tissue,0,981.8923155844441
225.65999999999997,201.45999999999998,0.0,CD4_Tcell,1,548.6819005553349
95.00999999999999,20.089999999999975,0.0,other_tissue,0,483.81072664646496
111.13999999999999,-91.48000000000002,0.0,epithelial_tumor_class1,1,848.4894121385876
-26.75999999999999,30.139999999999986,0.0,epithelial_tumor_class1,1,699.1932556340023
-129.19,492.603,0.0,CD8_Tcell,1,563.8256069894924
-295.2,-8.730000000000018,0.0,epithelial_tumor_class1,1,1094.4157705204773
-479.34,-39.47000000000003,0.0,epithelial_tumor_class1,1,484.0342875886514
469.64,-276.35,0.0,other_tissue,0,694.9920621971617
252.51,170.13,0.0,CAF,1,501.45606915479317
-228.58999999999997,102.74000000000001,0.0,CD8_Tcell,1,933.6488083548827
-242.19,83.13999999999999,0.0,epithelial_tumor_class1,1,557.4795872839937
-163.42000000000002,-470.58000000000004,0.0,CD8_Tcell,1,655.7070654961242
-492.07,207.76,0.0,other_tissue,0,318.1962077808028
-202.08999999999997,-44.809999999999945,0.0,epithelial_tumor_class1,1,1813.3112224470028
158.36,-489.64,0.0,epithelial_tumor_class1,1,852.7875679906933
-134.26999999999998,-321.75,0.0,other_tissue,0,773.6950076729173
-82.25,-13.57000000000005,0.0,epithelial_tumor_class1,1,935.6829176912694
56.84000000000003,-212.78999999999996,0.0,epithelial_tumor_class1,1,1020.2504619632059
279.87,467.78,0.0,epithelial_tumor_class1,1,2970.670536453788
-298.53,301.02,0.0,CD4_Tcell,1,988.2682045186201
-478.08,229.76999999999998,0.0,CAF,1,266.39719714548863
240.71000000000004,-151.35000000000002,0.0,other_tissue,0,808.2700918364045
320.21000000000004,-112.76999999999998,0.0,other_tissue,0,665.5008772742352
-65.83999999999997,80.89999999999998,0.0,other_tissue,0,981.8923155844441
-355.71000000000004,217.95,0.0,epithelial_tumor_class1,1,601.8980078138569
151.12,-38.85000000000002,0.0,CAF,1,1035.1886280041429
184.46000000000004,-351.4,0.0,other_tissue,0,529.5905126699904
-297.07,-280.55999999999995,0.0,epithelial_tumor_class1,1,3174.6400453692404
218.60000000000002,-277.77,0.0,other_tissue,0,555.1407438976152
-325.87,-173.54999999999995,0.0,epithelial_tumor_class1,1,652.7368265306421
-46.27999999999997,211.13,0.0,epithelial_tumor_class1,1,1072.074858657256
-44.20999999999998,89.44999999999999,0.0,other_tissue,0,981.8923155844441
283.42999999999995,-162.85000000000002,0.0,other_tissue,0,652.5003232884129
389.30999999999995,-428.6,0.0,other_tissue,0,747.3252422624843
-395.49,-390.42999999999995,0.0,other_tissue,0,522.0138731381046
172.28999999999996,-126.82000000000005,0.0,CAF,1,758.391064472349
392.79999999999995,240.07,0.0,epithelial_tumor_class1,1,1459.2851704576206
353.96000000000004,-241.90999999999997,0.0,other_tissue,0,322.98719327460867
-97.16000000000003,55.620000000000005,0.0,epithelial_tumor_class1,1,1254.0879988876613
123.0,-126.34000000000003,0.0,epithelial_tumor_class1,1,733.728610868084
-21.310000000000002,83.98000000000002,0.0,other_tissue,0,602.6740198571803
-63.77999999999997,377.55,0.0,other_tissue,0,280.1417656103646
165.14,-286.45000000000005,0.0,CAF,1,925.0596864114236
-112.31,-438.5,0.0,CD4_Tcell,1,437.54915093828106
97.37,-398.57000000000005,0.0,epithelial_tumor_class1,1,2401.76783972696
-204.58999999999997,213.41000000000003,0.0,other_tissue,0,981.8923155844441
-414.47,205.12,0.0,epithelial_tumor_class1,1,1015.9924903892617
-475.75,-262.53999999999996,0.0,other_tissue,0,379.2784821454785
402.19000000000005,-28.08000000000004,0.0,CAF,1,479.76875450238117
330.03,492.6,0.0,CAF,1,1035.1886280041429
-387.48,-345.80999999999995,0.0,other_tissue,0,488.77499648679566
201.85000000000002,343.28999999999996,0.0,epithelial_tumor_class1,1,2799.8170322889628
-394.25,181.42000000000002,0.0,CAF,1,631.0567058501108
-22.910000000000025,-330.22,0.0,other_tissue,0,981.8923155844441
-471.79,147.70999999999998,0.0,other_tissue,0,256.97022851397634
-207.76,436.11,0.0,CD4_Tcell,1,541.8071847458848
173.74,232.08999999999997,0.0,other_tissue,0,498.16671141473415
60.10000000000002,-239.03999999999996,0.0,CAF,1,878.9482237770063
-149.3,-2.1100000000000136,0.0,CD4_Tcell,1,471.1812315284864
-64.47000000000003,181.76999999999998,0.0,other_tissue,0,838.9251865990609
428.02,-464.03999999999996,0.0,CAF,1,1035.1886280041429
-300.65999999999997,-424.72,0.0,CAF,1,650.6829771770432
-47.81999999999999,-303.88,0.0,other_tissue,0,735.2639643575505
82.08000000000004,384.63,0.0,CD4_Tcell,1,433.20165630170504
148.29999999999995,388.19,0.0,other_tissue,0,715.432090035556
-440.33,-399.26,0.0,other_tissue,0,585.2814095351682
-114.44999999999999,-318.34000000000003,0.0,other_tissue,0,224.2232265615286
412.28,7.680000000000007,0.0,epithelial_tumor_class1,1,429.4031449659802
388.75,-441.02,0.0,other_tissue,0,655.2144413706893
-116.23000000000002,456.09000000000003,0.0,other_tissue,0,767.1314745075616
275.44000000000005,69.29000000000002,0.0,CD4_Tcell,1,323.8758556876405
-476.12,-379.46000000000004,0.0,epithelial_tumor_class1,1,1118.2367667336657
489.57000000000005,362.57,0.0,other_tissue,0,270.29023369457343
136.38,-231.77999999999997,0.0,CD4_Tcell,1,742.0806414473398
323.97,-181.64999999999998,0.0,other_tissue,0,317.7343682706881
341.61,453.32,0.0,other_tissue,0,981.8923155844441
-116.57,259.14,0.0,CAF,1,575.205558541351
190.96000000000004,-323.19000000000005,0.0,CD4_Tcell,1,1029.6894275317252
50.34000000000003,370.0,0.0,CD4_Tcell,1,839.6351555606882
143.75,-208.21000000000004,0.0,CAF,1,367.5802113793125
87.89999999999998,-149.77999999999997,0.0,epithelial_tumor_class1,1,1591.9997533120613
-232.33999999999997,-17.269999999999982,0.0,other_tissue,0,496.0878793007678
-489.99,135.62,0.0,other_tissue,0,304.7207337930282
176.82000000000005,-230.23000000000002,0.0,apCAF,1,1021.8931927959463
-238.82999999999998,285.14,0.0,other_tissue,0,602.7947927559366
-381.73,-3.1100000000000136,0.0,other_tissue,0,520.6512268473195
201.98000000000002,-196.32000000000005,0.0,CAF,1,431.45970883607123
-86.67000000000002,1.1999999999999886,0.0,CAF,1,554.3571465038982
127.14999999999998,-402.59000000000003,0.0,other_tissue,0,945.8511928681961
320.79999999999995,-143.30999999999995,0.0,CAF,1,859.7210027894911
-65.19,308.31,0.0,other_tissue,0,981.8923155844441
184.57000000000005,434.87,0.0,epithelial_tumor_class1,1,1321.1322399815692
191.92999999999995,-445.28999999999996,0.0,epithelial_tumor_class1,1,1489.7951710687914
-354.01,-291.77,0.0,other_tissue,0,436.01797853712935
295.99,64.57,0.0,CD4_Tcell,1,501.5171193427207
69.76999999999998,337.24,0.0,CAF,1,1021.8931927959463
194.64,-343.94000000000005,0.0,other_tissue,0,522.0295495442319
-328.73,-322.87,0.0,CAF,1,663.0525384855579
151.60000000000002,-190.76,0.0,other_tissue,0,981.8923155844441
-475.91,-485.16999999999996,0.0,CD4_Tcell,1,464.9715212533563
-256.12,-337.36,0.0,other_tissue,0,981.8923155844441
263.5,-288.08000000000004,0.0,CAF,1,1010.7962942628727
94.24000000000001,-73.25,0.0,CAF,1,1035.1886280041429
133.26999999999998,-173.47000000000003,0.0,other_tissue,0,512.5251181191275
-172.69,320.58000000000004,0.0,CAF,1,356.42879043881476
-223.63,304.73,0.0,other_tissue,0,374.61005200993543
55.25999999999999,-113.90999999999997,0.0,epithelial_tumor_class1,1,1057.125272066966
229.10000000000002,190.05,0.0,CAF,1,502.92264161602833
-271.09000000000003,-281.11,0.0,epithelial_tumor_class1,1,1031.416321337371
-17.819999999999993,69.80000000000001,0.0,epithelial_tumor_class1,1,1122.0705093910797
287.52,-198.98000000000002,0.0,CD4_Tcell,1,392.7765022619059
-39.24000000000001,452.85,0.0,epithelial_tumor_class1,1,1266.756029143676
330.64,-376.09000000000003,0.0,epithelial_tumor_class1,1,1034.7274730930808
225.84000000000003,-256.9,0.0,epithelial_tumor_class1,1,464.0143623171393
-170.13,-483.59000000000003,0.0,CAF,1,586.7037209660691
-84.17000000000002,103.91000000000003,0.0,epithelial_tumor_class1,1,609.8968169133733
-387.35,154.07999999999998,0.0,other_tissue,0,981.8923155844441
395.08000000000004,-435.9,0.0,CAF,1,696.7769323388688
-48.05000000000001,-424.84000000000003,0.0,CAF,1,425.3996747109743
-342.06,180.58999999999997,0.0,CD4_Tcell,1,994.1575105332263
127.20000000000005,-189.21000000000004,0.0,other_tissue,0,830.1163515655818
187.51,-204.0,0.0,CAF,1,425.96067131495585
325.07000000000005,135.79000000000002,0.0,epithelial_tumor_class1,1,1772.5234366724255
-187.23000000000002,-18.200000000000045,0.0,CD8_Tcell,1,1322.4619484597722
180.14,251.15,0.0,CAF,1,872.6842749436298
442.12,-487.67999999999995,0.0,other_tissue,0,823.4919245212385
171.92999999999995,-357.14,0.0,other_tissue,0,671.5460866662629
447.08000000000004,-112.73000000000002,0.0,CD4_Tcell,1,558.3644926936403
337.05999999999995,270.82,0.0,epithelial_tumor_class1,1,947.4597301259578
175.20000000000005,28.420000000000016,0.0,other_tissue,0,748.1419548050934
263.44000000000005,-483.42999999999995,0.0,CD8_Tcell,1,843.6658802687051
-99.79000000000002,25.25,0.0,epithelial_tumor_class1,1,1142.1102965943871
-233.02999999999997,-241.47000000000003,0.0,other_tissue,0,911.46784429815
49.59000000000003,-8.029999999999973,0.0,other_tissue,0,523.5516531221976
-232.60000000000002,324.6,0.0,epithelial_tumor_class1,1,2546.9222816542015
-371.5,483.93,0.0,CAF,1,1003.8229081756052
-186.24,-1.1200000000000045,0.0,epithelial_tumor_class1,1,1288.2493375126644
-302.39,334.03,0.0,epithelial_tumor_class1,1,1632.4924114477276
-454.83,-364.30999999999995,0.0,CAF,1,457.7099322849595
-115.17000000000002,113.0,0.0,epithelial_tumor_class1,1,1630.5487954326957
-393.65,-204.20000000000005,0.0,CAF,1,752.7945738933606
417.97,-155.89,0.0,CAF,1,504.03975964981095
325.5,-161.73000000000002,0.0,CAF,1,328.056005311151
475.97,-362.76,0.0,other_tissue,0,394.73797802178115
357.97,457.09000000000003,0.0,other_tissue,0,620.9708437708971
146.13,-132.45000000000005,0.0,other_tissue,0,258.5076978065688
44.639999999999986,-243.22000000000003,0.0,other_tissue,0,556.7101532575482
-166.67000000000002,243.98000000000002,0.0,CAF,1,596.6559216799617
-82.89999999999998,284.4,0.0,CAF,1,319.8557499259704
430.01,-451.26,0.0,epithelial_tumor_class1,1,1178.1493090421543
368.04999999999995,-246.20000000000005,0.0,other_tissue,0,389.0276734918678
479.77,38.69,0.0,CD4_Tcell,1,372.20268482947176
495.85,440.4,0.0,other_tissue,0,203.2705728105287
-499.7499,23.860000000000014,0.0,other_tissue,0,509.1103897749558
235.51999999999998,63.99000000000001,0.0,CD4_Tcell,1,646.2266735800099
-184.0,-60.700000000000045,0.0,epithelial_tumor_class1,1,1430.8212196154836
201.62,299.32,0.0,CAF,1,546.4323890269003
-218.57999999999998,-438.15,0.0,other_tissue,0,785.8629373511292
-161.2,415.58,0.0,epithelial_tumor_class1_class2,1,4444.431185245079
-144.42000000000002,150.74,0.0,epithelial_tumor_class1,1,3300.4689244024676
-489.47,344.65,0.0,other_tissue,0,814.0535927583109
239.17999999999995,-376.90999999999997,0.0,CD8_Tcell,1,857.536642326162
-362.56,-279.34000000000003,0.0,epithelial_tumor_class1,1,429.4031449659802
237.75,-491.71000000000004,0.0,CD4_Tcell,1,539.4643420977028
-414.57,-396.36,0.0,CD4_Tcell,1,384.1899597494813
-119.63,-257.38,0.0,epithelial_tumor_class1,1,4171.488314369853
-179.68,492.194,0.0,CD4_Tcell,1,539.4322953456411
-395.67,362.32,0.0,other_tissue,0,981.8923155844441
-486.34,34.64999999999998,0.0,epithelial_tumor_class1,1,1090.4403708736054
-236.64,-402.23,0.0,CD4_Tcell,1,461.2518053844366
22.08000000000004,-74.08000000000004,0.0,other_tissue,0,981.8923155844441
243.48000000000002,-351.48,0.0,other_tissue,0,320.84064064703495
-173.7,371.4,0.0,other_tissue,0,247.90188363310187
-333.58000000000004,322.19,0.0,other_tissue,0,711.3586987547664
-344.86,-101.98000000000002,0.0,other_tissue,0,981.8923155844441
210.12,-121.02999999999997,0.0,CAF,1,479.10222395797643
-199.82,26.899999999999977,0.0,epithelial_tumor_class1,1,751.4946986656965
14.980000000000018,331.94,0.0,CD8_Tcell,1,428.0722345761314
430.84000000000003,135.26999999999998,0.0,epithelial_tumor_class1,1,1314.2154834971402
-353.11,-257.15999999999997,0.0,epithelial_tumor_class1_class2,1,663.1628603075474
-498.062,-339.26,0.0,other_tissue,0,981.8923155844441
132.71000000000004,-211.02999999999997,0.0,other_tissue,0,836.5829819492731
355.96000000000004,-254.23000000000002,0.0,other_tissue,0,360.57762116154066
274.03999999999996,-50.89999999999998,0.0,epithelial_tumor_class1,1,1155.184732525448
70.64999999999998,-210.79999999999995,0.0,CD8_Tcell,1,680.167961933211
26.360000000000014,233.66000000000003,0.0,CD4_Tcell,1,266.46727971500167
70.88999999999999,235.86,0.0,epithelial_tumor_class1,1,953.1859355737
428.24,-85.25,0.0,other_tissue,0,441.0844423652725
207.92999999999995,-185.05999999999995,0.0,other_tissue,0,515.0378972026089
-131.01,344.01,0.0,epithelial_tumor_class1,1,662.1520348747068
152.04999999999995,-223.73000000000002,0.0,other_tissue,0,426.8921916849959
363.16999999999996,313.41999999999996,0.0,other_tissue,0,981.8923155844441
235.41999999999996,-58.64999999999998,0.0,other_tissue,0,887.6072019733272
-145.67000000000002,-371.11,0.0,CD4_Tcell,1,525.533232512367
-460.15,-321.29999999999995,0.0,other_tissue,0,698.4316072743696
159.32000000000005,-6.850000000000023,0.0,epithelial_tumor_class1,1,654.6856014630226
-484.59,-367.12,0.0,other_tissue,0,981.8923155844441
382.15,-295.02,0.0,other_tissue,0,348.262752877619
19.480000000000018,374.61,0.0,other_tissue,0,392.90619995675786
-415.76,62.02999999999997,0.0,other_tissue,0,690.5432279418488
-187.51999999999998,-477.61,0.0,other_tissue,0,537.3519776990057
173.54999999999995,-389.03999999999996,0.0,epithelial_tumor_class1,1,1108.5481830982
227.42999999999995,-334.85,0.0,other_tissue,0,828.1743517198587
81.74000000000001,112.35000000000002,0.0,CD4_Tcell,1,348.6099699626107
-386.15,-364.64,0.0,CD8_Tcell,1,490.93868969351666
-29.889999999999986,154.85000000000002,0.0,CD4_Tcell,1,646.0640250588748
-338.73,-490.38,0.0,epithelial_tumor_class1,1,937.0946576952749
466.23,-421.17999999999995,0.0,CD4_Tcell,1,568.1271590985674
73.13,-136.14,0.0,epithelial_tumor_class1,1,895.5588180896663
-9.730000000000018,211.26,0.0,epithelial_tumor_class1_class2,1,2526.279562051781
-301.65999999999997,-19.049999999999955,0.0,other_tissue,0,726.6700574482802
-129.74,362.76,0.0,epithelial_tumor_class1,1,1264.7189135898925
273.53999999999996,275.65999999999997,0.0,other_tissue,0,479.81321183867766
-500.1079,-179.83000000000004,0.0,other_tissue,0,724.5028372659442
-216.32999999999998,-231.14,0.0,epithelial_tumor_class1,1,3887.4389133622735
-10.439999999999998,-382.28,0.0,CD4_Tcell,1,443.13320986535814
-169.56,499.437,0.0,other_tissue,0,981.8923155844441
-207.05,307.99,0.0,CAF,1,1035.1886280041429
-433.1,-177.40999999999997,0.0,CD4_Tcell,1,740.2191863523966
-142.18,186.37,0.0,CD8_Tcell,1,357.18295662837124
-151.97000000000003,110.13999999999999,0.0,other_tissue,0,660.500173404729
397.65999999999997,-280.74,0.0,other_tissue,0,683.4083678499072
281.30999999999995,-133.17999999999995,0.0,epithelial_tumor_class1,1,3615.2331013376715
-463.39,267.12,0.0,epithelial_tumor_class1,1,1081.7029232712548
24.409999999999968,-58.77999999999997,0.0,CAF,1,584.6556451668501
117.82000000000005,-193.69000000000005,0.0,other_tissue,0,412.6591252012107
486.26,167.76,0.0,epithelial_tumor_class1,1,1920.9393174958266
-212.87,327.18,0.0,CAF,1,717.5618117914235
-244.73,-384.61,0.0,other_tissue,0,492.5807245183679
374.4,222.68,0.0,epithelial_tumor_class1,1,763.7525506505821
-40.97000000000003,-205.47000000000003,0.0,epithelial_tumor_class1,1,990.4048874290409
191.89,-478.28999999999996,0.0,other_tissue,0,981.8923155844441
-430.17,-164.05999999999995,0.0,CD4_Tcell,1,447.37704088389967
158.27999999999997,299.15999999999997,0.0,epithelial_tumor_class1,1,804.6667365695422
0.12999999999999545,-143.59000000000003,0.0,epithelial_tumor_class1,1,592.177260306461
300.45000000000005,-432.83000000000004,0.0,CAF,1,551.7016845041409
247.86,-263.02,0.0,other_tissue,0,981.8923155844441
218.14,-266.86,0.0,epithelial_tumor_class1,1,2522.02108327639
-191.07999999999998,-469.82000000000005,0.0,CD8_Tcell,1,458.01157698192657
-293.97,-59.22000000000003,0.0,CAF,1,590.0994472562328
326.70000000000005,-360.89,0.0,other_tissue,0,592.6207024867768
392.71000000000004,215.5,0.0,epithelial_tumor_class1,1,2486.172379447105
-411.93,-321.44000000000005,0.0,other_tissue,0,981.8923155844441
277.04999999999995,-418.78999999999996,0.0,CAF,1,1035.1886280041429
-390.49,37.110000000000014,0.0,other_tissue,0,763.6313371896416
236.99,-42.57000000000005,0.0,epithelial_tumor_class1,1,2253.2058820382063
327.83000000000004,-149.39,0.0,epithelial_tumor_class1,1,684.2717073497334
-120.44999999999999,318.28,0.0,other_tissue,0,264.80862934000567
208.83000000000004,-192.88,0.0,other_tissue,0,516.8577807785748
-473.93,-125.55999999999995,0.0,other_tissue,0,222.7095134344091
-453.6,-292.85,0.0,CAF,1,1035.1886280041429
403.33000000000004,2.4499999999999886,0.0,CAF,1,669.1754250483399
-68.37,339.69,0.0,epithelial_tumor_class1,1,877.3738958608492
-168.01,217.76999999999998,0.0,other_tissue,0,425.2492472754778
-418.34000000000003,186.83999999999997,0.0,CAF,1,513.1757927642385
-47.45999999999998,400.55,0.0,other_tissue,0,981.8923155844441
401.30999999999995,-404.34000000000003,0.0,other_tissue,0,981.8923155844441
-365.03,-357.73,0.0,epithelial_tumor_class1,1,792.1807530280034
409.53999999999996,-61.950000000000045,0.0,other_tissue,0,682.320844792349
-16.579999999999984,-475.76,0.0,CD8_Tcell,1,691.9042515052257
359.71000000000004,244.32,0.0,other_tissue,0,392.45238290288734
-297.72,-268.45000000000005,0.0,epithelial_tumor_class1,1,1969.2023373129969
83.44000000000005,103.63,0.0,epithelial_tumor_class1,1,866.9776901339944
392.62,-28.25,0.0,CAF,1,521.465396621654
300.47,53.80000000000001,0.0,CD8_Tcell,1,648.8146417500064
-209.43,-343.87,0.0,CAF,1,727.8628903823818
165.59000000000003,-116.92999999999995,0.0,CAF,1,958.6295260337654
318.88,-215.44000000000005,0.0,other_tissue,0,615.8809442573835
336.14,-53.42999999999995,0.0,other_tissue,0,493.6220678765039
304.37,-331.21000000000004,0.0,CAF,1,479.9169563036268
15.799999999999955,-362.55999999999995,0.0,CD8_Tcell,1,427.8937166606986
448.08000000000004,108.67000000000002,0.0,other_tissue,0,790.1743952514075
-14.120000000000005,-393.90999999999997,0.0,epithelial_tumor_class1,1,662.133665744548
0.5799999999999841,366.44,0.0,other_tissue,0,455.17275922096246
101.03999999999996,-239.99,0.0,other_tissue,0,981.8923155844441
-129.92000000000002,30.649999999999977,0.0,other_tissue,0,370.96542623075175
308.13,-444.29999999999995,0.0,CD8_Tcell,1,484.9292200494847
219.72000000000003,-286.52,0.0,CAF,1,1035.1886280041429
-494.27,216.68,0.0,other_tissue,0,270.2801256080488
335.70000000000005,-407.48,0.0,other_tissue,0,353.8822449754045
-262.24,-270.91999999999996,0.0,epithelial_tumor_class1,1,1772.381782118295
-70.99000000000001,-272.79999999999995,0.0,epithelial_tumor_class1,1,1208.8369295199043
-336.57,-95.92999999999995,0.0,other_tissue,0,747.5243856094962
270.69000000000005,339.16999999999996,0.0,CAF,1,506.84747499722386
-215.79000000000002,77.82999999999998,0.0,CD4_Tcell,1,753.895638382532
-454.58,-146.34000000000003,0.0,other_tissue,0,684.2904836702487
-414.21,278.14,0.0,other_tissue,0,394.9201667800683
-294.5,-389.23,0.0,epithelial_tumor_class1,1,729.8407775910697
-2.3600000000000136,114.68,0.0,CD4_Tcell,1,345.69574526386833
245.36,-250.23000000000002,0.0,other_tissue,0,839.592115740676
-134.47000000000003,7.850000000000023,0.0,CD8_Tcell,1,360.5163769018521
-81.45999999999998,60.72000000000003,0.0,CD4_Tcell,1,601.5705583923111
475.38,-211.01,0.0,epithelial_tumor_class1,1,1051.5645863100085
-243.45999999999998,170.70999999999998,0.0,CD4_Tcell,1,514.7272341718154
-88.85000000000002,-354.70000000000005,0.0,CD8_Tcell,1,880.1024466433377
-298.15999999999997,-296.11,0.0,other_tissue,0,533.0802153241684
420.73,310.74,0.0,CAF,1,575.6739533311833
288.14,56.129999999999995,0.0,other_tissue,0,981.8923155844441
337.27,-464.94000000000005,0.0,other_tissue,0,754.2161495261405
27.460000000000036,413.61,0.0,CAF,1,430.204544076154
-403.67,-162.63,0.0,CAF,1,885.7326047480827
438.99,-11.949999999999989,0.0,CAF,1,392.59497344424295
322.55999999999995,-126.20000000000005,0.0,epithelial_tumor_class1,1,2027.6266881753513
-211.77999999999997,367.19,0.0,other_tissue,0,433.7833456470402
-243.66000000000003,154.05,0.0,CD4_Tcell,1,756.281614956572
-49.920000000000016,46.620000000000005,0.0,CD8_Tcell,1,243.17083133727837
124.41999999999996,-309.57000000000005,0.0,CD4_Tcell,1,1030.8980506256087
198.80999999999995,380.43,0.0,epithelial_tumor_class1,1,4171.488314369853
258.14,205.97000000000003,0.0,CD4_Tcell,1,298.80300753892436
-211.26,12.04000000000002,0.0,epithelial_tumor_class1,1,732.4311362653204
-205.49,-349.30999999999995,0.0,CAF,1,441.7432863550464
-92.06,-421.07000000000005,0.0,other_tissue,0,611.6548615683132
-416.90999999999997,429.86,0.0,CD8_Tcell,1,874.9606300750714
316.48,-37.39999999999998,0.0,other_tissue,0,467.9529068434231
-286.61,247.93,0.0,CAF,1,297.51880206824404
-485.3,-380.82000000000005,0.0,other_tissue,0,471.19587297378064
-330.83000000000004,-144.90999999999997,0.0,epithelial_tumor_class1,1,1188.7541856120147
368.37,-412.03,0.0,other_tissue,0,341.55574438443847
-458.45,457.63,0.0,epithelial_tumor_class1,1,752.1944453804978
-161.89,-75.97000000000003,0.0,epithelial_tumor_class1,1,759.25606511686
448.09000000000003,430.15999999999997,0.0,other_tissue,0,149.3791483468953
-33.80000000000001,405.83,0.0,other_tissue,0,565.0972570045664
85.59000000000003,248.09,0.0,CAF,1,395.6755459797416
-473.47,123.50999999999999,0.0,other_tissue,0,699.5933425924384
322.70000000000005,247.83,0.0,other_tissue,0,813.4213290642803
-213.64999999999998,113.55000000000001,0.0,CD8_Tcell,1,379.5953079127779
363.85,-495.09000000000003,0.0,other_tissue,0,646.4797366462662
182.37,326.33000000000004,0.0,epithelial_tumor_class1,1,1000.1910772257097
-180.16000000000003,486.21,0.0,CD4_Tcell,1,442.7819443240341
194.59000000000003,112.66000000000003,0.0,epithelial_tumor_class1,1,513.8115061253624
-172.45,-383.51,0.0,CD4_Tcell,1,1135.3649367583816
359.17999999999995,235.51999999999998,0.0,other_tissue,0,523.0491892840213
-175.25,262.45,0.0,epithelial_tumor_class1,1,1392.9959632765047
-162.41000000000003,-67.62,0.0,epithelial_tumor_class1,1,1338.9414064383795
-199.60000000000002,-2.3000000000000114,0.0,epithelial_tumor_class1,1,1186.8016000988735
-67.33999999999997,473.2,0.0,CD4_Tcell,1,867.2855162800716
-314.89,354.2,0.0,epithelial_tumor_class1,1,796.0374903024691
-470.72,-16.370000000000005,0.0,CAF,1,680.7104351866153
311.84000000000003,28.899999999999977,0.0,other_tissue,0,625.6640988518487
463.34000000000003,-83.97000000000003,0.0,CAF,1,286.1996354219118
57.940000000000055,263.97,0.0,CD4_Tcell,1,581.1124577170461
172.53999999999996,18.430000000000007,0.0,epithelial_tumor_class1,1,1415.7990357155875
271.96000000000004,96.54000000000002,0.0,other_tissue,0,348.442319122302
-96.47000000000003,459.94,0.0,other_tissue,0,981.8923155844441
447.79999999999995,94.49000000000001,0.0,epithelial_tumor_class1,1,865.4396519295854
436.17999999999995,-366.83000000000004,0.0,other_tissue,0,541.855396334031
170.22000000000003,239.72000000000003,0.0,other_tissue,0,360.01443553642576
174.05999999999995,322.25,0.0,epithelial_tumor_class1,1,670.100799568245
258.42999999999995,103.07,0.0,CD4_Tcell,1,403.81055626524767
-18.529999999999973,-184.51,0.0,CAF,1,932.2405321431462
78.95000000000005,-170.09000000000003,0.0,epithelial_tumor_class1,1,429.4031449659802
204.33000000000004,393.75,0.0,CAF,1,362.66405529915284
-46.79000000000002,197.74,0.0,epithelial_tumor_class1,1,1134.9655368914384
-135.16000000000003,-288.78,0.0,other_tissue,0,310.9601807470024
-191.74,120.13,0.0,other_tissue,0,563.8586127032868
281.92999999999995,-84.21000000000004,0.0,other_tissue,0,508.6942484621879
-448.03,-200.01999999999998,0.0,CAF,1,533.986859220861
469.33000000000004,271.53999999999996,0.0,other_tissue,0,392.90619995675786
230.54999999999995,490.041,0.0,epithelial_tumor_class1,1,2708.508406312239
477.96000000000004,28.30000000000001,0.0,CAF,1,535.1973160428594
-61.31999999999999,-343.51,0.0,CD8_Tcell,1,721.9117579254809
-456.24,122.19,0.0,other_tissue,0,517.995432678284
-496.411,-480.08000000000004,0.0,other_tissue,0,499.7791299015616
-115.43,306.65,0.0,other_tissue,0,234.07370133577083
354.32000000000005,421.68,0.0,CD4_Tcell,1,1135.3649367583816
-480.63,273.68,0.0,other_tissue,0,742.0410035635543
371.66999999999996,-306.42999999999995,0.0,other_tissue,0,634.210706511956
-472.74,-159.20000000000005,0.0,CD8_Tcell,1,950.7056519997559
485.27,143.04000000000002,0.0,epithelial_tumor_class1,1,2791.755222624684
-33.629999999999995,-343.64,0.0,other_tissue,0,319.3810076898441
-453.83,-209.59000000000003,0.0,other_tissue,0,724.6979054744943
-435.4,137.63,0.0,other_tissue,0,358.8409812288949
-142.12,207.8,0.0,other_tissue,0,421.16034034392095
447.14,143.99,0.0,epithelial_tumor_class1,1,616.4937610724203
387.64,436.94,0.0,epithelial_tumor_class1,1,4171.488314369853
-50.27999999999997,357.93,0.0,CAF,1,326.11609578910844
-395.92,-83.35000000000002,0.0,other_tissue,0,506.90896198334696
-472.42,-167.76999999999998,0.0,other_tissue,0,363.3038623648909
-312.65,50.81999999999999,0.0,epithelial_tumor_class1,1,1062.5040961323648
-471.48,-399.53999999999996,0.0,CAF,1,1035.1886280041429
217.23000000000002,-226.84000000000003,0.0,CD4_Tcell,1,408.06585679611584
171.88,-365.30999999999995,0.0,epithelial_tumor_class1,1,1210.4840081562472
51.25,414.69,0.0,epithelial_tumor_class1,1,1154.572561373144
-142.20999999999998,165.17000000000002,0.0,other_tissue,0,330.119075464381
55.66999999999996,-35.889999999999986,0.0,CAF,1,823.9593709672273
177.22000000000003,73.57999999999998,0.0,other_tissue,0,815.5090424450918
380.11,-450.11,0.0,other_tissue,0,595.7138786305007
158.27999999999997,-149.79999999999995,0.0,other_tissue,0,644.9623488153865
244.76999999999998,-213.42999999999995,0.0,other_tissue,0,444.1177416055558
486.65,22.269999999999982,0.0,CD4_Tcell,1,458.05467989710445
124.42999999999995,406.11,0.0,epithelial_tumor_class1_class2,1,1779.615791581031
-128.63,-277.91999999999996,0.0,other_tissue,0,890.8717209558929
277.76,-360.33000000000004,0.0,CD4_Tcell,1,332.87552275299595
236.07000000000005,-331.85,0.0,CD8_Tcell,1,664.4140296534639
374.40999999999997,-471.48,0.0,epithelial_tumor_class1,1,838.3875978509366
282.05999999999995,-13.950000000000045,0.0,CAF,1,920.7048536263486
407.29999999999995,-375.03,0.0,CAF,1,955.4828622952602
466.4,-22.74000000000001,0.0,epithelial_tumor_class1,1,847.4496144963589
-94.01999999999998,-261.11,0.0,other_tissue,0,981.8923155844441
10.089999999999975,-71.04999999999995,0.0,CAF,1,1035.1886280041429
-25.819999999999993,69.62,0.0,other_tissue,0,719.2298077678938
165.13,-494.87,0.0,epithelial_tumor_class1,1,660.3718105628706
-469.43,-280.61,0.0,other_tissue,0,553.5416836895937
-464.55,188.74,0.0,other_tissue,0,199.30919721629903
-164.85000000000002,-461.21000000000004,0.0,CD4_Tcell,1,763.7323475163902
440.49,-139.52999999999997,0.0,CAF,1,300.0475525209342
-353.85,-15.870000000000005,0.0,other_tissue,0,334.7488522182753
396.32000000000005,-35.299999999999955,0.0,CAF,1,489.42043216950196
-257.99,-2.3000000000000114,0.0,CD4_Tcell,1,791.5184868621967
114.27999999999997,-227.87,0.0,CAF,1,716.1479799841442
232.76,432.14,0.0,epithelial_tumor_class1,1,4171.488314369853
297.65999999999997,36.76999999999998,0.0,other_tissue,0,981.8923155844441
398.29999999999995,82.32999999999998,0.0,CAF,1,685.7560951703034
-476.4,-5.279999999999973,0.0,other_tissue,0,797.762538962729
-22.319999999999993,-285.58000000000004,0.0,other_tissue,0,962.8908279348224
-311.09000000000003,256.02,0.0,other_tissue,0,508.401544255174
150.64,-436.52,0.0,epithelial_tumor_class1_class2,1,4444.431185245079
-473.8,-368.91999999999996,0.0,CAF,1,365.36371550310054
-136.60000000000002,237.19,0.0,other_tissue,0,419.88456386930574
247.44000000000005,18.670000000000016,0.0,CD4_Tcell,1,1002.9989239203902
340.35,-356.35,0.0,CAF,1,1035.1886280041429
416.26,-462.92999999999995,0.0,other_tissue,0,544.2051516255536
15.690000000000055,-16.299999999999955,0.0,epithelial_tumor_class1,1,429.4031449659802
162.47000000000003,235.43,0.0,other_tissue,0,404.07481576906565
-319.87,203.22000000000003,0.0,other_tissue,0,981.8923155844441
41.89999999999998,384.02,0.0,CD4_Tcell,1,420.39999259547045
-391.65,211.36,0.0,epithelial_tumor_class1,1,1375.0683473346023
-13.139999999999986,-45.940000000000055,0.0,other_tissue,0,365.6727451540752
344.94000000000005,16.470000000000027,0.0,other_tissue,0,373.7060766740584
-385.54,-205.47000000000003,0.0,epithelial_tumor_class1,1,3546.8087021597707
345.80999999999995,31.589999999999975,0.0,other_tissue,0,497.4377018920013
-13.449999999999989,-220.79999999999995,0.0,epithelial_tumor_class1,1,1379.2585880655902
-1.1000000000000227,-25.940000000000055,0.0,CAF,1,322.67995852185874
337.01,220.97000000000003,0.0,epithelial_tumor_class1,1,1212.3799973826924
-18.269999999999982,-90.76999999999998,0.0,CD4_Tcell,1,435.7816619690684
35.07000000000005,-385.95000000000005,0.0,epithelial_tumor_class1,1,1035.9895469771814
422.14,-494.89,0.0,other_tissue,0,588.5018286535828
256.62,-323.86,0.0,CD4_Tcell,1,435.7816619690684
-492.886,461.96,0.0,other_tissue,0,981.8923155844441
-299.85,12.269999999999982,0.0,epithelial_tumor_class1,1,898.0548083396543
-392.19,-97.83000000000004,0.0,CD8_Tcell,1,375.3770597551464
361.97,-279.64,0.0,CAF,1,759.25606511686
434.33000000000004,498.213,0.0,other_tissue,0,913.8566638759949
-344.28999999999996,-460.24,0.0,other_tissue,0,497.6958113680431
-69.80000000000001,160.26,0.0,other_tissue,0,604.4008784642336
-34.14999999999998,62.95999999999998,0.0,epithelial_tumor_class1_class2,1,891.4539119813713
32.16999999999996,-352.14,0.0,apCAF,1,316.74461236700625
-248.35,-223.10000000000002,0.0,epithelial_tumor_class1,1,4171.488314369853
-364.95,-70.14999999999998,0.0,epithelial_tumor_class1,1,1663.0877838030117
-449.59000000000003,-383.4,0.0,CAF,1,427.9623715226881
-213.77999999999997,18.680000000000007,0.0,epithelial_tumor_class1_class2,1,1936.0742924286053
-90.66000000000003,65.42000000000002,0.0,other_tissue,0,813.9060352686573
314.17999999999995,-85.70000000000005,0.0,other_tissue,0,224.7501729591595
-37.089999999999975,-494.55999999999995,0.0,CD4_Tcell,1,398.4840612001257
-441.52,-189.48000000000002,0.0,other_tissue,0,508.18593933404145
270.0,-432.62,0.0,epithelial_tumor_class1,1,672.4365262008374
-99.60000000000002,-311.97,0.0,apCAF,1,135.80932622948288
-168.0,-373.72,0.0,other_tissue,0,241.14173051461944
157.80999999999995,322.55,0.0,other_tissue,0,981.8923155844441
361.11,-308.78,0.0,other_tissue,0,487.36602071303133
316.76,-5.6299999999999955,0.0,epithelial_tumor_class1,1,571.7506625706251
-185.35000000000002,422.71,0.0,epithelial_tumor_class1,1,1352.4693393266227
408.59000000000003,-484.38,0.0,other_tissue,0,293.2397965921086
-191.2,-46.5,0.0,epithelial_tumor_class1,1,626.6197433476294
-419.21,-174.99,0.0,CD4_Tcell,1,1054.342485231662
-453.87,425.02,0.0,CAF,1,373.4677703875191
60.74000000000001,-349.41999999999996,0.0,other_tissue,0,268.7566948331147
-78.88,-363.85,0.0,CAF,1,503.44273758268343
186.78999999999996,-362.55999999999995,0.0,other_tissue,0,634.2642545198701
-39.370000000000005,-153.82000000000005,0.0,epithelial_tumor_class1,1,1138.3891822528567
-303.99,-66.23000000000002,0.0,CD8_Tcell,1,723.5475090214532
201.74,-345.97,0.0,other_tissue,0,515.9239725698712
216.01,-164.62,0.0,CAF,1,556.5956173105525
-193.54000000000002,-413.65,0.0,CAF,1,354.3421466042619
129.08000000000004,67.95999999999998,0.0,epithelial_tumor_class1,1,1754.6288024998264
140.03999999999996,43.10000000000002,0.0,other_tissue,0,386.8155404874027
-349.59000000000003,-22.700000000000045,0.0,CAF,1,789.03827615525
142.20000000000005,183.01999999999998,0.0,epithelial_tumor_class1,1,574.7708480832772
-363.78,99.26999999999998,0.0,other_tissue,0,856.2278037472702
-303.81,-384.86,0.0,CD4_Tcell,1,954.9200088338866
-150.48000000000002,169.48000000000002,0.0,CAF,1,610.5230597812399
467.84000000000003,-239.44000000000005,0.0,other_tissue,0,619.2828186922609
-178.41000000000003,196.25,0.0,other_tissue,0,234.76316236372895
-126.20999999999998,97.43,0.0,other_tissue,0,807.3892121626075
-470.46,-342.45000000000005,0.0,other_tissue,0,981.8923155844441
418.15999999999997,-335.53,0.0,CAF,1,1035.1886280041429
-25.560000000000002,309.43,0.0,other_tissue,0,224.25000054970624
181.49,213.42000000000002,0.0,CD8_Tcell,1,212.95850615456123
-445.37,54.06,0.0,other_tissue,0,981.8923155844441
-363.90999999999997,-482.54999999999995,0.0,other_tissue,0,258.1056031250893
370.78999999999996,-401.35,0.0,other_tissue,0,412.3241565029165
-230.22000000000003,397.54,0.0,other_tissue,0,636.8739018401222
286.16999999999996,-438.46000000000004,0.0,CAF,1,1035.1886280041429
243.80999999999995,109.62,0.0,other_tissue,0,510.60728817746434
-402.72,-16.549999999999955,0.0,CAF,1,731.4688496435023
388.13,58.26999999999998,0.0,epithelial_tumor_class1,1,891.1627847734889
-138.66000000000003,378.5,0.0,epithelial_tumor_class1,1,1144.3045266930922
-466.7,171.67000000000002,0.0,other_tissue,0,468.8862844837993
-474.38,-134.58000000000004,0.0,CAF,1,291.9077462092121
-222.25,244.16,0.0,epithelial_tumor_class1,1,596.6559216799617
395.86,-383.75,0.0,CAF,1,575.9751985013936
-140.64,-442.35,0.0,CAF,1,414.7130869624454
257.63,-423.22,0.0,CAF,1,577.0639032240791
311.91999999999996,-149.39,0.0,other_tissue,0,434.55974112125017
296.84000000000003,178.73000000000002,0.0,epithelial_tumor_class1,1,4171.488314369853
463.86,487.34,0.0,other_tissue,0,981.8923155844441
-274.56,-68.39999999999998,0.0,epithelial_tumor_class1,1,2016.4912182573812
320.27,-368.80999999999995,0.0,CD8_Tcell,1,592.092008332807
23.75,-257.67999999999995,0.0,CD8_Tcell,1,527.5355920735594
33.690000000000055,208.25,0.0,other_tissue,0,578.2546705206938
-306.43,41.48000000000002,0.0,other_tissue,0,395.2977360913132
16.720000000000027,-193.60000000000002,0.0,CAF,1,899.4284511666656
-141.14,-13.169999999999959,0.0,epithelial_tumor_class1,1,852.2223377249095
-117.36000000000001,-28.799999999999955,0.0,CAF,1,268.847334503096
279.5,-43.879999999999995,0.0,CD4_Tcell,1,754.1560467685233
-141.39999999999998,307.3,0.0,CAF,1,305.2685298037768
-244.76,268.85,0.0,epithelial_tumor_class1,1,1202.2362168402865
-303.15,239.79000000000002,0.0,other_tissue,0,321.78213154479107
144.78999999999996,255.97,0.0,other_tissue,0,328.1595292952332
-279.56,-360.6,0.0,other_tissue,0,242.6624932262855
-131.99,-127.53999999999996,0.0,other_tissue,0,679.3454495541953
64.75,51.620000000000005,0.0,CAF,1,448.92050022859144
-432.25,-239.35000000000002,0.0,CAF,1,598.1652554293421
347.44000000000005,76.79000000000002,0.0,CD4_Tcell,1,404.31274787339026
392.44000000000005,-347.70000000000005,0.0,CAF,1,334.4691535248311
493.28,-242.96000000000004,0.0,other_tissue,0,688.882179997867
-157.08999999999997,-270.66999999999996,0.0,epithelial_tumor_class1,1,4171.488314369853
476.21000000000004,-450.51,0.0,CAF,1,222.26560383140438
-463.77,-112.98000000000002,0.0,other_tissue,0,288.30499073546446
473.87,-486.54999999999995,0.0,CAF,1,834.1380050347368
-232.39,-470.98,0.0,other_tissue,0,543.2064822398255
317.82000000000005,211.24,0.0,epithelial_tumor_class1,1,1671.6216532018382
47.58000000000004,205.87,0.0,other_tissue,0,918.4183359960215
462.35,442.42,0.0,other_tissue,0,190.4829096571787
-479.33,-288.67999999999995,0.0,CAF,1,574.7039889972847
-57.860000000000014,453.2,0.0,CAF,1,1035.1886280041429
65.36000000000001,-122.73000000000002,0.0,epithelial_tumor_class1,1,2806.06597779667
73.74000000000001,-201.52999999999997,0.0,other_tissue,0,317.9145451167743
-241.08999999999997,377.69,0.0,CD4_Tcell,1,1078.826280986302
212.63,211.56,0.0,other_tissue,0,278.4886503732122
-61.74000000000001,150.23000000000002,0.0,other_tissue,0,571.3509922190277
230.82000000000005,-349.97,0.0,other_tissue,0,427.04300629809933
-251.35,-75.74000000000001,0.0,epithelial_tumor_class1,1,1113.8140873106474
-436.24,250.33,0.0,epithelial_tumor_class1,1,2516.4698513324897
360.69000000000005,293.15999999999997,0.0,other_tissue,0,981.8923155844441
-279.81,221.2,0.0,other_tissue,0,275.45779235648337
-489.77,-329.0,0.0,other_tissue,0,717.7750161279318
-426.06,-378.63,0.0,other_tissue,0,879.2810690514265
-178.17000000000002,143.54000000000002,0.0,epithelial_tumor_class1,1,3531.5345513573097
459.73,153.41000000000003,0.0,epithelial_tumor_class1,1,2720.1297938012353
111.29999999999995,-483.6,0.0,epithelial_tumor_class1,1,4171.488314369853
-457.56,39.43000000000001,0.0,other_tissue,0,981.8923155844441
343.45000000000005,-8.050000000000011,0.0,CAF,1,1035.1886280041429
-104.05000000000001,-445.66999999999996,0.0,CAF,1,517.7615324593492
29.470000000000027,379.33,0.0,other_tissue,0,384.24107659607284
337.90999999999997,495.32,0.0,CD8_Tcell,1,659.1257226181615
-24.879999999999995,-278.80999999999995,0.0,other_tissue,0,815.1080935117513
128.72000000000003,59.379999999999995,0.0,CAF,1,1035.1886280041429
440.6,54.23000000000002,0.0,other_tissue,0,175.59890146416018
462.85,-464.38,0.0,epithelial_tumor_class1,1,429.4031449659802
-181.11,-327.12,0.0,CD4_Tcell,1,975.893196744479
5.439999999999998,-37.57000000000005,0.0,CAF,1,789.079570484367
33.52999999999997,-304.62,0.0,other_tissue,0,337.7420133496283
72.02999999999997,-189.59000000000003,0.0,other_tissue,0,628.6581540050336
132.80999999999995,0.29000000000002046,0.0,CD4_Tcell,1,351.7453147088537
-492.443,-303.72,0.0,other_tissue,0,916.1356071264346
-50.02999999999997,-324.70000000000005,0.0,other_tissue,0,398.4840612001257
-94.06,-14.360000000000014,0.0,epithelial_tumor_class1,1,901.3223163839021
42.26999999999998,418.99,0.0,epithelial_tumor_class1,1,1169.4318127389708
-442.84000000000003,-472.66999999999996,0.0,epithelial_tumor_class1_class2,1,779.4354405380838
376.89,-37.870000000000005,0.0,other_tissue,0,500.9373425818607
-446.15999999999997,-261.35,0.0,other_tissue,0,399.97860430096205
-89.38999999999999,286.65999999999997,0.0,other_tissue,0,444.20219782850984
50.09000000000003,-86.92999999999995,0.0,other_tissue,0,570.9348670383362
-126.38999999999999,-231.37,0.0,other_tissue,0,787.4907786046142
-70.82,147.83999999999997,0.0,other_tissue,0,981.8923155844441
-200.42000000000002,-418.80999999999995,0.0,other_tissue,0,453.47225788432684
67.25999999999999,327.95,0.0,other_tissue,0,287.3036642491679
169.73000000000002,68.26999999999998,0.0,other_tissue,0,280.2763678436312
-416.46,418.92,0.0,other_tissue,0,708.8375174692488
-67.33999999999997,-463.24,0.0,CAF,1,418.3408057872703
-437.34000000000003,-129.63,0.0,other_tissue,0,646.7690324668474
232.53999999999996,-192.75,0.0,CD4_Tcell,1,353.8943425486446
-298.31,244.41,0.0,other_tissue,0,415.4665642201603
-74.55000000000001,-58.22000000000003,0.0,epithelial_tumor_class1,1,1806.3088731757155
-116.16000000000003,432.22,0.0,CD8_Tcell,1,311.2932492483017
-481.93,455.76,0.0,other_tissue,0,216.67916882787733
183.07000000000005,144.77999999999997,0.0,epithelial_tumor_class1,1,1716.3231062040834
403.21000000000004,22.279999999999973,0.0,other_tissue,0,473.74810508062427
142.42999999999995,-322.73,0.0,epithelial_tumor_class1,1,1986.9196801974122
152.88,353.03999999999996,0.0,epithelial_tumor_class1,1,2228.115441224785
407.19000000000005,-348.95000000000005,0.0,CAF,1,891.4539119813713
-493.084,-179.24,0.0,CAF,1,779.0873503186398
218.78999999999996,-155.87,0.0,CAF,1,263.5542590455862
114.70000000000005,31.769999999999982,0.0,CAF,1,446.571321378548
-29.69999999999999,-308.46000000000004,0.0,CAF,1,819.9493443443673
291.15,74.11000000000001,0.0,CD4_Tcell,1,407.68019901336334
461.6,-30.700000000000045,0.0,epithelial_tumor_class1,1,2621.780609112073
-205.72000000000003,203.45999999999998,0.0,other_tissue,0,297.5942415129878
390.27,-339.78999999999996,0.0,epithelial_tumor_class1,1,429.4031449659802
-143.76999999999998,-120.23000000000002,0.0,other_tissue,0,874.5625353428023
302.95000000000005,-259.53999999999996,0.0,CAF,1,553.1831335439734
-13.949999999999989,-405.53999999999996,0.0,CAF,1,1020.2014523016202
485.26,-263.85,0.0,CD4_Tcell,1,323.76183363045016
27.059999999999945,339.97,0.0,other_tissue,0,536.8087783811093
193.67999999999995,-291.98,0.0,CD4_Tcell,1,1135.3649367583816
-191.83999999999997,427.52,0.0,epithelial_tumor_class1,1,1133.7294489399958
-476.76,35.56999999999999,0.0,CD4_Tcell,1,475.36633031393
33.67999999999995,-74.75,0.0,CAF,1,859.5898366763911
-246.37,490.003,0.0,other_tissue,0,981.8923155844441
-437.6,261.34000000000003,0.0,other_tissue,0,422.96983937491734
-258.58000000000004,74.25999999999999,0.0,epithelial_tumor_class1,1,1636.3506988769154
47.41999999999996,-215.98000000000002,0.0,CAF,1,419.03096580702436
171.62,396.62,0.0,CD8_Tcell,1,1322.4619484597722
-56.170000000000016,168.42000000000002,0.0,epithelial_tumor_class1,1,1087.8039850346918
346.99,-356.83000000000004,0.0,CAF,1,533.986859220861
466.65,477.12,0.0,other_tissue,0,634.6391749732505
-140.49,-295.79999999999995,0.0,epithelial_tumor_class1,1,437.24263015121596
169.30999999999995,429.38,0.0,other_tissue,0,630.1498705502113
50.90999999999997,-324.52,0.0,CAF,1,299.17060093136797
-407.38,-72.26999999999998,0.0,CAF,1,436.1153101857834
199.11,248.89,0.0,CD4_Tcell,1,1073.5445649338892
-57.77999999999997,-322.65,0.0,other_tissue,0,521.2147925106257
277.82000000000005,-278.49,0.0,other_tissue,0,578.6911355764607
15.340000000000032,-271.07000000000005,0.0,other_tissue,0,313.07363195001733
-279.93,299.82,0.0,CAF,1,431.1146404650539
422.22,301.38,0.0,other_tissue,0,673.6807470194033
384.62,-378.63,0.0,epithelial_tumor_class1,1,538.2314581106745
-445.96,487.66,0.0,CD8_Tcell,1,575.9751985013936
69.76999999999998,390.43,0.0,other_tissue,0,384.535086456077
385.78,462.71,0.0,epithelial_tumor_class1,1,4171.488314369853
-342.03,-34.92999999999995,0.0,CD4_Tcell,1,576.7957871955076
-100.39999999999998,390.18,0.0,other_tissue,0,345.8386866250731
493.67999999999995,-362.63,0.0,other_tissue,0,981.8923155844441
108.19000000000005,-176.13,0.0,CD4_Tcell,1,715.7609531710584
193.77999999999997,-397.76,0.0,other_tissue,0,896.6825648130146
-24.660000000000025,-420.51,0.0,other_tissue,0,292.75979265534966
-32.829999999999984,419.37,0.0,other_tissue,0,371.48998840150256
-23.389999999999986,-177.87,0.0,other_tissue,0,204.61099816703273
-95.54000000000002,-391.72,0.0,CD4_Tcell,1,993.1943974372992
-448.1,-117.36000000000001,0.0,CAF,1,594.2941281251806
-109.75,-367.80999999999995,0.0,other_tissue,0,307.1029261380354
222.11,345.09000000000003,0.0,other_tissue,0,441.813414726265
-372.3,197.41000000000003,0.0,other_tissue,0,419.1257528535215
167.89,-316.37,0.0,other_tissue,0,581.9716262034297
-429.93,-199.14999999999998,0.0,CAF,1,743.7864061023807
439.79999999999995,-263.99,0.0,CAF,1,359.7819866267884
-490.413,-213.82000000000005,0.0,CAF,1,1035.1886280041429
-455.08,275.86,0.0,epithelial_tumor_class1,1,1222.5253842848033
98.97000000000003,-90.72000000000003,0.0,epithelial_tumor_class1,1,1665.9065184971826
115.72000000000003,-99.24000000000001,0.0,epithelial_tumor_class1,1,752.6945303158499
376.36,-183.89999999999998,0.0,CAF,1,202.3524344663599
-445.85,-452.40999999999997,0.0,CD4_Tcell,1,492.8220648847752
109.88999999999999,-331.67999999999995,0.0,CD4_Tcell,1,618.8612909510002
-433.13,-117.70000000000005,0.0,other_tissue,0,368.9840570952158
60.549999999999955,423.71,0.0,CAF,1,300.77422591763025
388.29999999999995,29.470000000000027,0.0,epithelial_tumor_class1,1,1936.0742924286053
-78.35000000000002,37.50999999999999,0.0,other_tissue,0,270.0881198428339
-110.52999999999997,-10.189999999999998,0.0,epithelial_tumor_class1,1,1730.992059293732
-425.62,-301.70000000000005,0.0,other_tissue,0,419.2611877144473
-104.13,327.8,0.0,CAF,1,411.4942164543257
-487.36,250.8,0.0,CAF,1,329.6688449340677
409.85,-419.69000000000005,0.0,CD4_Tcell,1,477.8449066858133
-116.98000000000002,450.02,0.0,CAF,1,561.9299439520718
249.58000000000004,59.19,0.0,CAF,1,417.3407452750892
-109.61000000000001,14.680000000000007,0.0,other_tissue,0,981.8923155844441
428.75,-376.04999999999995,0.0,other_tissue,0,301.14343389439676
421.6,193.42000000000002,0.0,epithelial_tumor_class1,1,4129.44526086545
416.59000000000003,353.91999999999996,0.0,apCAF,1,231.3111328175986
-23.569999999999993,48.27999999999997,0.0,other_tissue,0,317.03682599959086
-276.28999999999996,-27.57000000000005,0.0,other_tissue,0,322.2706153449812
223.85000000000002,-183.92999999999995,0.0,epithelial_tumor_class1,1,2640.1673070791826
430.28999999999996,-222.85000000000002,0.0,other_tissue,0,338.3052099209106
234.84000000000003,-168.70000000000005,0.0,apCAF,1,204.392779280142
-365.25,-15.460000000000036,0.0,CD4_Tcell,1,391.1835544969761
338.40999999999997,-365.15,0.0,epithelial_tumor_class1,1,684.3092603342405
417.84000000000003,109.36000000000001,0.0,epithelial_tumor_class1,1,1410.4096005505455
39.59000000000003,55.889999999999986,0.0,other_tissue,0,981.8923155844441
-494.233,-248.86,0.0,other_tissue,0,336.85156434649235
-281.63,55.06999999999999,0.0,epithelial_tumor_class1,1,435.712173349893
375.47,-64.40999999999997,0.0,other_tissue,0,239.403520623672
179.38,-295.16999999999996,0.0,other_tissue,0,564.0071543553804
-238.74,137.56,0.0,other_tissue,0,271.0794411514349
387.29999999999995,385.99,0.0,CD8_Tcell,1,848.8795554248453
-37.94,-87.69000000000005,0.0,other_tissue,0,174.54706644475752
-273.97,-2.5,0.0,CAF,1,969.9578451168804
-328.71000000000004,222.32999999999998,0.0,CAF,1,560.3178665654334
-197.0,267.56,0.0,other_tissue,0,981.8923155844441
-272.98,-264.22,0.0,epithelial_tumor_class1,1,1257.0710179369987
414.22,-200.63,0.0,CAF,1,927.8171697950633
-367.45,-422.84000000000003,0.0,CAF,1,431.26644787259045
-335.52,-31.57000000000005,0.0,other_tissue,0,655.2144413706893
204.45000000000005,356.94,0.0,other_tissue,0,414.6055217784801
-488.48,-451.99,0.0,other_tissue,0,222.40759066462692
47.110000000000014,-385.88,0.0,other_tissue,0,815.8045626211854
-482.12,-23.00999999999999,0.0,other_tissue,0,263.7133241157217
-150.42000000000002,-90.59000000000003,0.0,epithelial_tumor_class1,1,1095.5203327686481
216.62,170.32,0.0,other_tissue,0,455.6307610616
-365.82,353.09000000000003,0.0,other_tissue,0,741.3673754808822
264.89,227.10000000000002,0.0,other_tissue,0,542.1608028095025
-413.44,-114.84000000000003,0.0,CAF,1,310.29475664780335
-284.21000000000004,-208.84000000000003,0.0,epithelial_tumor_class1,1,718.0270393320424
151.91999999999996,-13.17999999999995,0.0,CD4_Tcell,1,375.5784152878038
-376.64,-291.97,0.0,other_tissue,0,981.8923155844441
-353.66999999999996,-85.28999999999996,0.0,epithelial_tumor_class1,1,3639.6081996868234
316.11,-344.51,0.0,CAF,1,446.92458792024223
-20.769999999999982,-470.51,0.0,other_tissue,0,492.8220648847752
484.45000000000005,-271.94000000000005,0.0,CD4_Tcell,1,259.5295179625708
-76.17000000000002,-4.420000000000016,0.0,other_tissue,0,406.75030221254343
402.53,-427.48,0.0,CD4_Tcell,1,926.9203874891351
137.32000000000005,167.05,0.0,CAF,1,606.1656693207251
197.5,-0.2599999999999909,0.0,CD4_Tcell,1,659.5470179483524
-217.56,355.3,0.0,other_tissue,0,352.81873781426265
-288.25,-22.799999999999955,0.0,other_tissue,0,839.6351555606882
423.11,-202.64,0.0,epithelial_tumor_class1,1,1033.9361071722756
378.01,436.76,0.0,CD4_Tcell,1,491.0891828227783
158.82000000000005,-79.25,0.0,other_tissue,0,510.267528529986
202.11,-315.44000000000005,0.0,other_tissue,0,432.35774822522745
211.12,349.63,0.0,epithelial_tumor_class1,1,1736.0515658952622
33.84000000000003,-189.76,0.0,CAF,1,566.4370288579834
284.36,-413.6,0.0,epithelial_tumor_class1_class2,1,1113.0867663969293
466.27,61.56,0.0,other_tissue,0,981.8923155844441
-339.72,-24.549999999999955,0.0,CD4_Tcell,1,217.75386898999218
-196.33999999999997,9.519999999999982,0.0,epithelial_tumor_class1,1,442.248376295323
-465.72,487.78,0.0,CD4_Tcell,1,269.1193757833613
-146.08999999999997,288.82,0.0,other_tissue,0,936.8168262331479
-352.40999999999997,359.25,0.0,CAF,1,1035.1886280041429
111.94000000000005,313.32,0.0,CD8_Tcell,1,412.64572297133867
-75.07999999999998,-494.27,0.0,CD8_Tcell,1,399.4013210932038
-457.87,-96.14999999999998,0.0,other_tissue,0,270.4722223496965
218.02999999999997,94.42000000000002,0.0,CAF,1,366.873429881833
-269.72,330.65999999999997,0.0,CAF,1,301.5564355146777
112.14999999999998,176.99,0.0,other_tissue,0,415.77629229561165
-463.43,300.83000000000004,0.0,CD4_Tcell,1,1135.3649367583816
-304.0,-103.87,0.0,CD8_Tcell,1,977.2974621408789
-81.69999999999999,-409.30999999999995,0.0,CAF,1,677.8143554851242
77.05999999999995,117.08999999999997,0.0,CD4_Tcell,1,279.2833979114516
273.03999999999996,347.47,0.0,other_tissue,0,713.017071654845
442.29999999999995,-399.16999999999996,0.0,CAF,1,370.7657229864297
457.53,397.62,0.0,other_tissue,0,366.73713782889695
-32.22000000000003,137.89999999999998,0.0,CAF,1,330.19992943802197
356.13,-464.70000000000005,0.0,CAF,1,502.5404467197664
77.91999999999996,-374.75,0.0,epithelial_tumor_class1,1,1067.7495675667226
447.77,-363.28999999999996,0.0,CAF,1,313.2297376141331
-69.63,-264.39,0.0,other_tissue,0,478.8801843718365
-8.060000000000002,-140.64999999999998,0.0,CD8_Tcell,1,196.11700680493323
369.27,28.529999999999973,0.0,other_tissue,0,726.2597117974257
465.78,-355.23,0.0,CAF,1,304.91786479641706
-452.29,47.339999999999975,0.0,CD4_Tcell,1,742.3977953352727
380.35,-395.77,0.0,other_tissue,0,604.2971740451477
-237.88,194.17000000000002,0.0,other_tissue,0,340.6821906412041
-302.89,-26.860000000000014,0.0,other_tissue,0,621.9569401684436
-70.5,-105.75,0.0,other_tissue,0,402.8469868425276
-155.29000000000002,-345.34000000000003,0.0,other_tissue,0,433.3539532167773
442.27,-469.05999999999995,0.0,CD4_Tcell,1,994.4706562960652
-373.29,-2.990000000000009,0.0,CD4_Tcell,1,396.75819423345894
-164.01,139.41000000000003,0.0,epithelial_tumor_class1,1,1906.1064505960655
201.71000000000004,267.76,0.0,other_tissue,0,271.25165155359684
366.53,240.05,0.0,CAF,1,395.93624473333125
18.629999999999995,-35.370000000000005,0.0,other_tissue,0,218.08660723507825
220.97000000000003,-325.51,0.0,other_tissue,0,981.8923155844441
157.99,252.61,0.0,other_tissue,0,282.7274177477767
493.15,-406.59000000000003,0.0,other_tissue,0,559.578661032082
433.12,-44.42999999999995,0.0,CD4_Tcell,1,327.2630446666432
33.27999999999997,-254.07000000000005,0.0,other_tissue,0,242.38978945788386
216.51,-143.71000000000004,0.0,CAF,1,260.61321567918577
-393.72,-140.02999999999997,0.0,other_tissue,0,664.6902345805918
495.98,-490.47,0.0,other_tissue,0,191.58169258293077
9.589999999999975,120.93,0.0,other_tissue,0,643.3031742488122
-124.05000000000001,-216.89,0.0,epithelial_tumor_class1,1,691.299131576107
-97.88,272.72,0.0,other_tissue,0,215.3559763700152
-467.31,474.65,0.0,CD8_Tcell,1,305.334309408699
400.78999999999996,47.389999999999986,0.0,epithelial_tumor_class1,1,2115.9573157716436
-379.34000000000003,489.47,0.0,CAF,1,1035.1886280041429
-270.95,-84.46000000000004,0.0,other_tissue,0,446.2747213856405
115.25999999999999,-312.48,0.0,CD4_Tcell,1,551.913157947175
-418.51,256.96000000000004,0.0,other_tissue,0,785.4923508805601
235.88,-297.96000000000004,0.0,CAF,1,838.6026057823179
-168.13,60.670000000000016,0.0,CAF,1,222.83391395239823
-293.05,-89.70000000000005,0.0,CAF,1,596.2961153982857
362.72,36.139999999999986,0.0,CAF,1,272.7946576845523
140.28999999999996,-85.5,0.0,other_tissue,0,430.9904609052156
-361.99,-116.32000000000005,0.0,other_tissue,0,747.2455948278769
-496.201,452.17,0.0,apCAF,1,694.5937316035233
-305.23,349.99,0.0,epithelial_tumor_class1,1,1347.8319343070848
421.14,260.73,0.0,other_tissue,0,624.4444121543978
67.12,-186.49,0.0,other_tissue,0,324.76614664304105
-69.56,-338.11,0.0,CAF,1,825.4691547187106
-425.09000000000003,-432.03,0.0,epithelial_tumor_class1,1,429.4031449659802
-63.06999999999999,420.65,0.0,epithelial_tumor_class1,1,2170.2563935483445
-479.08,-460.5,0.0,CD4_Tcell,1,415.96489777375467
-401.95,-256.79999999999995,0.0,epithelial_tumor_class1,1,508.5093695803112
70.5,-399.51,0.0,epithelial_tumor_class1,1,2770.905136478725
165.69000000000005,-133.26999999999998,0.0,epithelial_tumor_class1,1,794.2734534373528
-47.48000000000002,-114.39999999999998,0.0,other_tissue,0,674.238357924512
36.58000000000004,-266.6,0.0,CAF,1,929.6124692821863
-109.0,25.350000000000023,0.0,other_tissue,0,357.609165009447
-269.69,-97.28999999999996,0.0,epithelial_tumor_class1,1,1648.9742953633042
427.26,-30.32000000000005,0.0,other_tissue,0,627.2219443863994
-309.15,-72.01999999999998,0.0,other_tissue,0,525.7852188343135
154.70000000000005,281.32,0.0,CD4_Tcell,1,959.4995964429272
-202.01999999999998,57.50999999999999,0.0,CAF,1,158.21361313630644
245.39,-22.74000000000001,0.0,CD8_Tcell,1,513.4238136030416
-415.73,-253.04999999999995,0.0,epithelial_tumor_class1,1,698.279344007569
-443.7,-445.69000000000005,0.0,CD8_Tcell,1,178.75672341818083
-71.69999999999999,110.57999999999998,0.0,other_tissue,0,244.68118532505582
494.91999999999996,30.069999999999993,0.0,other_tissue,0,422.05764078702134
278.15999999999997,207.47000000000003,0.0,epithelial_tumor_class1,1,617.0193560661253
264.07000000000005,-251.54999999999995,0.0,other_tissue,0,981.8923155844441
-382.33,-249.49,0.0,other_tissue,0,547.1923258606063
-317.23,-387.25,0.0,other_tissue,0,411.8688900444879
396.49,23.810000000000002,0.0,CAF,1,497.52878916170454
231.65999999999997,-277.5,0.0,epithelial_tumor_class1,1,2582.5773808104123
-348.77,165.77999999999997,0.0,other_tissue,0,379.9376778626594
-251.08,-11.889999999999986,0.0,other_tissue,0,861.5806231087209
-377.27,-476.78999999999996,0.0,other_tissue,0,518.6975559741765
-234.89999999999998,417.02,0.0,epithelial_tumor_class1,1,986.6856840995459
452.36,-55.92999999999995,0.0,CD8_Tcell,1,1071.1126753271394
122.91999999999996,169.51,0.0,other_tissue,0,347.5331523757952
-13.680000000000007,-128.76,0.0,CD4_Tcell,1,384.1132929802094
-286.44,-421.11,0.0,CD4_Tcell,1,550.287829435016
-158.95999999999998,159.64999999999998,0.0,epithelial_tumor_class1,1,891.4539119813713
233.26999999999998,-70.50999999999999,0.0,other_tissue,0,632.4809446344243
80.89999999999998,-197.69000000000005,0.0,CD4_Tcell,1,670.6564335580821
-143.51,445.14,0.0,epithelial_tumor_class1,1,2087.2348465530604
37.99000000000001,389.02,0.0,other_tissue,0,449.2040886600272
341.66999999999996,-164.85000000000002,0.0,CAF,1,639.4009629246469
-130.32,2.0,0.0,CAF,1,228.22706557983187
-226.26,-233.14,0.0,epithelial_tumor_class1,1,2043.8224577980354
268.95000000000005,-261.38,0.0,CD4_Tcell,1,908.266554441164
36.460000000000036,-82.75,0.0,epithelial_tumor_class1,1,847.1032041528894
245.77999999999997,-144.40999999999997,0.0,apCAF,1,167.50724067978382
-19.45999999999998,-12.419999999999959,0.0,CD8_Tcell,1,392.7505661484527
-69.32999999999998,-446.28,0.0,epithelial_tumor_class1,1,1047.3944243362225
-346.69,-401.89,0.0,other_tissue,0,570.9182262350465
-413.61,375.71,0.0,other_tissue,0,977.1545939991531
229.10000000000002,-323.63,0.0,CD4_Tcell,1,364.0800207832532
404.89,-454.24,0.0,other_tissue,0,418.97680819737116
-304.3,224.74,0.0,other_tissue,0,515.1466587874602
-451.2,-329.32000000000005,0.0,other_tissue,0,327.75705833014075
102.0,227.64999999999998,0.0,CAF,1,340.7765569927411
97.63,-102.92999999999995,0.0,other_tissue,0,239.17984580735518
-314.96000000000004,-418.73,0.0,other_tissue,0,503.32032981787137
-353.55,-450.71000000000004,0.0,other_tissue,0,307.896065365795
-1.6999999999999886,-356.53,0.0,CAF,1,774.6123921985393
264.90999999999997,468.11,0.0,epithelial_tumor_class1,1,929.7967333984553
-107.95999999999998,467.9,0.0,other_tissue,0,772.1676435454903
-405.53,-47.72000000000003,0.0,other_tissue,0,733.4925925169208
-44.69,-141.84000000000003,0.0,epithelial_tumor_class1,1,993.2184676804765
-203.11,298.44,0.0,epithelial_tumor_class1,1,859.4368264070304
-458.18,-281.21000000000004,0.0,other_tissue,0,614.2895214169298
-447.64,-322.9,0.0,CAF,1,238.34230609386643
299.99,-291.42999999999995,0.0,CAF,1,600.9332345929838
-303.27,359.93,0.0,other_tissue,0,682.4520363113145
32.559999999999945,-379.87,0.0,other_tissue,0,735.8156388884424
10.420000000000016,48.31,0.0,epithelial_tumor_class1,1,903.6255816189556
-177.19,-377.73,0.0,other_tissue,0,209.47677826921452
333.1,-440.30999999999995,0.0,other_tissue,0,871.514486622937
-430.01,9.970000000000027,0.0,other_tissue,0,739.5862104646386
-164.26999999999998,78.22000000000003,0.0,mesenchymal_tumor_class1,1,1221.8067394921834
-433.01,-213.09000000000003,0.0,other_tissue,0,763.6313371896416
-268.44,364.26,0.0,other_tissue,0,525.2813267141149
-178.91000000000003,-486.28999999999996,0.0,epithelial_tumor_class1,1,1336.446175238851
73.26999999999998,419.3,0.0,epithelial_tumor_class1,1,858.1042196794615
-125.67000000000002,-345.98,0.0,CAF,1,530.8735806835539
430.63,61.25,0.0,other_tissue,0,195.45662583687835
75.38,49.74000000000001,0.0,CD4_Tcell,1,489.28529399153894
328.88,-485.37,0.0,other_tissue,0,897.4022558238587
266.07000000000005,-276.41999999999996,0.0,CAF,1,501.7155666740949
465.55999999999995,-347.25,0.0,epithelial_tumor_class1,1,830.7358679250736
-88.32,464.04,0.0,CD8_Tcell,1,733.4139309820788
-116.91000000000003,-226.24,0.0,other_tissue,0,872.6842749436298
-59.68000000000001,-141.19000000000005,0.0,CAF,1,317.4417261116205
-45.639999999999986,306.21000000000004,0.0,CD4_Tcell,1,275.0076255714764
344.23,-18.370000000000005,0.0,CAF,1,414.40388719344736
443.96000000000004,-319.95000000000005,0.0,other_tissue,0,305.6523773803026
-389.01,-322.67999999999995,0.0,other_tissue,0,204.10765030397738
251.51999999999998,276.27,0.0,CAF,1,285.48615643821415
-14.939999999999998,-7.149999999999977,0.0,CAF,1,580.1700315037548
-307.34000000000003,-94.91999999999996,0.0,other_tissue,0,416.69291032926225
-493.276,287.83000000000004,0.0,other_tissue,0,981.8923155844441
-237.62,-393.28,0.0,CAF,1,407.8131569951874
308.54999999999995,452.28,0.0,other_tissue,0,252.05657807894949
-241.42000000000002,360.06,0.0,CAF,1,704.2723064193614
383.1,-388.59000000000003,0.0,other_tissue,0,435.4065111822672
330.28999999999996,80.77999999999997,0.0,other_tissue,0,981.8923155844441
-110.57999999999998,-116.79999999999995,0.0,other_tissue,0,344.61305491341477
493.6,334.23,0.0,other_tissue,0,186.61103768661866
231.41999999999996,262.09000000000003,0.0,CAF,1,312.650178041773
-356.58000000000004,157.37,0.0,other_tissue,0,981.8923155844441
47.48000000000002,195.64999999999998,0.0,other_tissue,0,398.5364381797115
59.879999999999995,320.8,0.0,CAF,1,687.5062882633725
270.52,8.310000000000002,0.0,other_tissue,0,427.9898355235903
-494.328,-242.01999999999998,0.0,other_tissue,0,157.7190045873412
488.61,-495.01,0.0,other_tissue,0,578.4393020200371
-488.14,-470.27,0.0,other_tissue,0,761.5323411393222
232.52999999999997,158.89999999999998,0.0,epithelial_tumor_class1,1,1748.7960904345293
234.97000000000003,-306.89,0.0,other_tissue,0,981.8923155844441
-472.72,-228.74,0.0,other_tissue,0,601.6394852407786
-386.64,-41.24000000000001,0.0,other_tissue,0,802.9317457195286
256.67999999999995,-416.54999999999995,0.0,CAF,1,481.9355318187071
-67.77999999999997,154.79000000000002,0.0,other_tissue,0,476.05887592673434
465.40999999999997,-45.710000000000036,0.0,epithelial_tumor_class1,1,2387.6153047659104
-316.07,374.4,0.0,other_tissue,0,159.248550613866
480.90999999999997,336.11,0.0,other_tissue,0,239.70197057414097
-437.86,-85.25999999999999,0.0,CAF,1,968.5606210322256
210.90999999999997,-321.25,0.0,epithelial_tumor_class1,1,877.9945328780753
239.10000000000002,-194.26,0.0,apCAF,1,334.7488522182753
-305.34000000000003,-417.9,0.0,CD8_Tcell,1,218.8408976686833
-67.26999999999998,-305.39,0.0,other_tissue,0,487.321098045467
286.66999999999996,-292.64,0.0,CAF,1,515.846206028726
204.03999999999996,-215.55999999999995,0.0,other_tissue,0,198.6498975526619
147.76999999999998,-83.09000000000003,0.0,epithelial_tumor_class1,1,646.0278846496835
212.32000000000005,22.680000000000007,0.0,other_tissue,0,471.78177953176595
363.61,430.85,0.0,other_tissue,0,623.9852315693629
-213.33999999999997,-481.78,0.0,epithelial_tumor_class1,1,1283.103207772119
-356.16999999999996,-430.78999999999996,0.0,other_tissue,0,364.9190187505772
106.12,250.6,0.0,CD4_Tcell,1,321.0560003576584
-0.25,42.079999999999984,0.0,epithelial_tumor_class1,1,1038.764760867122
-237.88,264.53,0.0,epithelial_tumor_class1,1,1729.5632250966398
-397.43,-487.44000000000005,0.0,CAF,1,363.6117295840151
-493.239,244.88,0.0,epithelial_tumor_class1,1,429.4031449659802
-120.98000000000002,157.57,0.0,other_tissue,0,472.192202979435
-97.63,470.05,0.0,other_tissue,0,281.5520465167876
-473.24,-411.28,0.0,epithelial_tumor_class1,1,1059.7370069202198
-284.86,423.7,0.0,other_tissue,0,981.8923155844441
355.17999999999995,-273.62,0.0,epithelial_tumor_class1,1,962.0658364501907
74.01999999999998,-264.6,0.0,other_tissue,0,217.97273761355095
-36.75,-141.87,0.0,CAF,1,645.2873032480245
416.1,1.4399999999999977,0.0,CD4_Tcell,1,214.1679875609322
-27.55000000000001,250.12,0.0,other_tissue,0,386.9952835055768
444.86,-101.27999999999997,0.0,CAF,1,270.61382554464194
-186.81,7.970000000000027,0.0,epithelial_tumor_class1,1,598.3025936678788
-479.06,409.74,0.0,epithelial_tumor_class1,1,703.105395540443
436.26,-341.63,0.0,other_tissue,0,224.34819007447265
-126.45999999999998,303.71000000000004,0.0,other_tissue,0,434.35168728611336
-353.40999999999997,-438.23,0.0,CAF,1,856.0969931850497
224.79999999999995,-341.21000000000004,0.0,CD4_Tcell,1,389.6465146222945
-433.38,342.06,0.0,CAF,1,1035.1886280041429
-48.51999999999998,176.23000000000002,0.0,other_tissue,0,289.2240335078481
348.64,-108.59000000000003,0.0,other_tissue,0,334.2245450107509
-473.55,205.24,0.0,other_tissue,0,221.22916131635782
210.16999999999996,54.120000000000005,0.0,other_tissue,0,981.8923155844441
68.12,-382.40999999999997,0.0,other_tissue,0,655.9808522290382
-212.87,-451.91999999999996,0.0,other_tissue,0,297.74515865746383
129.76,-54.200000000000045,0.0,other_tissue,0,390.6793742964786
173.80999999999995,440.58,0.0,other_tissue,0,380.1533497061729
-417.79,285.2,0.0,other_tissue,0,424.16994653919846
327.74,-348.46000000000004,0.0,CAF,1,590.8482611393798
-200.45,-362.49,0.0,CAF,1,875.1597227356712
332.63,-158.22000000000003,0.0,CAF,1,757.5669085085241
159.53999999999996,-112.48000000000002,0.0,other_tissue,0,529.5588581594689
-441.93,315.31,0.0,other_tissue,0,981.8923155844441
13.690000000000055,-240.86,0.0,CAF,1,389.3499047533088
-163.32,-191.58000000000004,0.0,other_tissue,0,446.0629446727784
-389.44,-396.20000000000005,0.0,CAF,1,395.98839822155537
-142.99,9.550000000000011,0.0,CAF,1,537.9275291971651
-58.02999999999997,72.87,0.0,other_tissue,0,853.0920262412969
-319.56,296.64,0.0,CD4_Tcell,1,225.3048021760585
-370.61,-9.939999999999998,0.0,CAF,1,559.1190392033895
-195.81,17.649999999999977,0.0,epithelial_tumor_class1_class2,1,1525.8493648599374
148.04999999999995,47.339999999999975,0.0,other_tissue,0,442.248376295323
4.560000000000002,-378.75,0.0,other_tissue,0,311.55987522351575
-330.74,-367.94000000000005,0.0,other_tissue,0,264.7886876798191
-91.57999999999998,472.76,0.0,other_tissue,0,275.7854947580643
455.48,494.976,0.0,other_tissue,0,815.994577571904
317.16999999999996,-302.01,0.0,other_tissue,0,751.0151232502606
35.67999999999995,140.36,0.0,other_tissue,0,873.3689756925388
-405.98,-367.39,0.0,other_tissue,0,295.96973234839464
265.44000000000005,235.51999999999998,0.0,other_tissue,0,290.48427487026447
-416.92,-366.40999999999997,0.0,CAF,1,1010.8693568323029
-108.13999999999999,434.86,0.0,CAF,1,417.86760531281567
-265.40999999999997,-316.95000000000005,0.0,other_tissue,0,349.9531130384366
492.27,-254.30999999999995,0.0,epithelial_tumor_class1,1,1289.1942846429454
293.34000000000003,11.300000000000011,0.0,other_tissue,0,213.86518903452958
-464.72,-146.23000000000002,0.0,other_tissue,0,374.81113318718076
-126.92000000000002,481.08,0.0,CAF,1,406.7237545310447
-468.84,-332.35,0.0,CD4_Tcell,1,665.8511311843439
-386.22,-51.98000000000002,0.0,CD8_Tcell,1,713.8472237605972
208.17999999999995,-299.52,0.0,other_tissue,0,163.3611642796408
-257.35,448.19,0.0,other_tissue,0,458.85976410187635
-488.93,499.0429,0.0,epithelial_tumor_class1,1,1510.1998595441949
-398.27,-198.53999999999996,0.0,CAF,1,230.292155870865
208.47000000000003,-387.97,0.0,other_tissue,0,706.6100000830124
-330.95,400.36,0.0,epithelial_tumor_class1,1,1414.7931863783583
115.65999999999997,0.6800000000000068,0.0,CAF,1,453.4437142790049
327.54999999999995,-412.53,0.0,other_tissue,0,276.1647245297919
295.1,-352.34000000000003,0.0,CD8_Tcell,1,342.40712061055893
478.83000000000004,494.102,0.0,other_tissue,0,374.4969754589115
-69.51999999999998,491.688,0.0,other_tissue,0,972.8987623238951
-182.81,-460.74,0.0,CD4_Tcell,1,451.5055578421845
61.889999999999986,-4.350000000000023,0.0,CAF,1,279.2524054503667
323.59000000000003,-383.29999999999995,0.0,CAF,1,361.0310442706452
186.26,-242.26999999999998,0.0,CAF,1,377.19185237937063
297.29999999999995,-438.53999999999996,0.0,CAF,1,512.9433457822123
413.4,-343.21000000000004,0.0,CAF,1,580.4391920835594
-281.84000000000003,-413.78,0.0,epithelial_tumor_class1,1,429.4031449659802
165.51,440.55,0.0,other_tissue,0,354.0516360908856
435.91999999999996,-156.14999999999998,0.0,other_tissue,0,380.76274603196583
19.370000000000005,-0.040000000000020464,0.0,CAF,1,211.10139536795296
-310.64,343.36,0.0,epithelial_tumor_class1,1,945.664813658827
-451.19,-265.90999999999997,0.0,CD4_Tcell,1,311.96009957841517
-13.519999999999982,58.52999999999997,0.0,other_tissue,0,423.5150616202184
157.96000000000004,310.16999999999996,0.0,epithelial_tumor_class1,1,1327.664258240094
480.25,-197.16999999999996,0.0,other_tissue,0,593.3887216180813
-241.82,-415.39,0.0,CAF,1,430.1907645964063
-242.91000000000003,146.22000000000003,0.0,epithelial_tumor_class1,1,1007.9495992684319
-219.79000000000002,250.47,0.0,other_tissue,0,235.23276835175406
-60.19,325.43,0.0,other_tissue,0,628.4984670041019
237.03999999999996,-139.26999999999998,0.0,other_tissue,0,548.6981064182442
-403.43,-121.65999999999997,0.0,CD4_Tcell,1,555.2224110658817
41.82000000000005,-141.78999999999996,0.0,CAF,1,634.2642545198701
-315.98,481.82,0.0,CAF,1,1035.1886280041429
-127.76999999999998,-296.28999999999996,0.0,other_tissue,0,424.1289964671545
-125.62,5.980000000000018,0.0,CD4_Tcell,1,302.04600452258944
-149.39,-409.1,0.0,CD4_Tcell,1,561.139969236656
-401.09000000000003,352.94,0.0,other_tissue,0,537.9275291971651
-398.99,-351.94000000000005,0.0,CD4_Tcell,1,453.8719941420478
5.579999999999984,-28.309999999999945,0.0,other_tissue,0,264.89837920106413
70.48000000000002,13.720000000000027,0.0,other_tissue,0,303.14674359576895
140.09000000000003,327.74,0.0,other_tissue,0,469.10522425387063
-242.47000000000003,389.99,0.0,epithelial_tumor_class1,1,1379.7979500923411
-53.94,255.9,0.0,epithelial_tumor_class1,1,1303.7991054350855
-201.77999999999997,-285.26,0.0,CAF,1,1035.1886280041429
-317.18,262.22,0.0,CD4_Tcell,1,285.46518973273
-171.43,51.379999999999995,0.0,CD8_Tcell,1,290.91932211209553
-396.63,-211.25,0.0,CAF,1,316.78955661842804
-193.47000000000003,-424.73,0.0,CD4_Tcell,1,285.20319252411673
-132.82999999999998,373.25,0.0,other_tissue,0,586.5512203606609
-201.32999999999998,150.43,0.0,other_tissue,0,343.20064323074655
-466.5,-99.60000000000002,0.0,CD4_Tcell,1,194.3917426389555
-91.16000000000003,278.45,0.0,other_tissue,0,706.4949107732733
-467.85,-92.36000000000001,0.0,epithelial_tumor_class1,1,582.3593712560846
137.34000000000003,-178.40999999999997,0.0,other_tissue,0,748.9393207549534
286.79999999999995,-448.1,0.0,other_tissue,0,289.4673248298089
239.82000000000005,202.36,0.0,other_tissue,0,494.31711149916697
-482.66,-295.08000000000004,0.0,other_tissue,0,431.29405304761883
-326.48,407.24,0.0,epithelial_tumor_class1,1,1038.3927933511677
-74.19,452.84000000000003,0.0,other_tissue,0,498.92685336047833
-25.649999999999977,279.65999999999997,0.0,CD8_Tcell,1,315.07346581866227
-462.52,152.66000000000003,0.0,other_tissue,0,249.02954846570282
471.74,-108.15999999999997,0.0,other_tissue,0,203.45453311373106
-243.60000000000002,399.63,0.0,other_tissue,0,777.6551295912464
456.86,-198.0,0.0,CAF,1,376.6367132691287
-89.95999999999998,16.389999999999986,0.0,other_tissue,0,242.93540145728744
52.120000000000005,-444.32000000000005,0.0,CD4_Tcell,1,283.44672832825074
-480.32,-302.89,0.0,apCAF,1,506.84747499722386
-406.33,140.24,0.0,epithelial_tumor_class1,1,2259.90334612814
442.16999999999996,-294.03999999999996,0.0,CAF,1,108.80427655154458
-351.53,304.53,0.0,CD4_Tcell,1,336.348451638203
-106.45999999999998,-30.66999999999996,0.0,CD4_Tcell,1,563.8916197051341
-443.39,-229.62,0.0,CAF,1,910.6497797818764
440.87,-405.62,0.0,CAF,1,319.2228647307145
-0.6399999999999864,-44.440000000000055,0.0,CAF,1,320.91997249000065
-139.07999999999998,217.17000000000002,0.0,epithelial_tumor_class1,1,1190.410134342466
408.23,-54.639999999999986,0.0,other_tissue,0,260.5638913687346
-303.41999999999996,3.3799999999999955,0.0,other_tissue,0,830.778604549184
-252.73,322.27,0.0,other_tissue,0,694.7454586400171
-113.19,-358.47,0.0,other_tissue,0,365.82114126122207
157.47000000000003,-30.5,0.0,other_tissue,0,228.92309979880656
348.78999999999996,324.28999999999996,0.0,other_tissue,0,376.308932692219
440.49,-26.220000000000027,0.0,other_tissue,0,358.9020356033564
247.96000000000004,-3.5500000000000114,0.0,other_tissue,0,662.7951684837512
-406.56,-153.51,0.0,other_tissue,0,660.1151347738592
177.37,454.79,0.0,epithelial_tumor_class1,1,1050.5647389013648
454.41999999999996,-327.14,0.0,other_tissue,0,641.4310148552667
133.78999999999996,-417.39,0.0,CAF,1,1035.1886280041429
-41.79000000000002,-339.46000000000004,0.0,other_tissue,0,242.17365249290407
89.78999999999996,429.56,0.0,other_tissue,0,335.5655306342314
-106.5,201.29000000000002,0.0,epithelial_tumor_class1,1,914.2893719360383
110.65999999999997,243.49,0.0,other_tissue,0,206.56506245505028
37.450000000000045,400.48,0.0,CAF,1,377.79808051855144
-139.39,294.95,0.0,CAF,1,289.07600990222835
-50.139999999999986,435.44,0.0,other_tissue,0,445.0896347025326
399.59000000000003,97.66000000000003,0.0,epithelial_tumor_class1,1,705.7854694970234
396.13,65.75999999999999,0.0,CAF,1,1035.1886280041429
391.16999999999996,-258.61,0.0,CAF,1,682.901963470301
-455.86,307.28,0.0,other_tissue,0,455.5448623249669
322.87,76.0,0.0,CAF,1,332.9219802239466
424.80999999999995,267.48,0.0,other_tissue,0,292.54662581835055
68.41999999999996,-52.02999999999997,0.0,CD4_Tcell,1,789.8850978999166
-128.06,383.92,0.0,other_tissue,0,687.9019048496473
449.57000000000005,-202.89,0.0,CD8_Tcell,1,293.399914420064
404.94000000000005,215.73000000000002,0.0,epithelial_tumor_class1,1,993.0981203534734
487.97,-432.61,0.0,other_tissue,0,361.33762632311965
-201.86,95.27999999999997,0.0,CAF,1,470.9323733615957
-420.67,-353.75,0.0,other_tissue,0,491.3752044921636
-419.54,180.07,0.0,other_tissue,0,399.0866735912216
-294.95,-417.26,0.0,CD4_Tcell,1,566.1225714934097
-145.07999999999998,-365.0,0.0,CAF,1,563.1162956431089
313.49,-19.50999999999999,0.0,CD4_Tcell,1,410.3582065171714
-214.52999999999997,348.96000000000004,0.0,other_tissue,0,115.84493596931547
-168.25,163.56,0.0,other_tissue,0,471.73781970183666
-18.160000000000025,-149.23000000000002,0.0,CAF,1,446.317084770197
-311.6,19.80000000000001,0.0,other_tissue,0,553.4112838981359
156.28999999999996,49.360000000000014,0.0,CD4_Tcell,1,333.1078533330479
138.28999999999996,154.26,0.0,CAF,1,1035.1886280041429
319.23,220.92000000000002,0.0,epithelial_tumor_class1,1,586.3818062396979
-447.05,285.14,0.0,CD4_Tcell,1,594.465062754761
-167.29000000000002,314.28999999999996,0.0,other_tissue,0,324.0469389637065
295.72,-69.25,0.0,CAF,1,263.7829352044875
118.34000000000003,-295.96000000000004,0.0,CD8_Tcell,1,1046.098185390014
-454.58,407.98,0.0,other_tissue,0,156.48699545637837
-293.45,68.79000000000002,0.0,other_tissue,0,556.1866885993217
241.77999999999997,353.73,0.0,other_tissue,0,333.1194726988977
-167.45999999999998,250.25,0.0,CAF,1,211.25574058775123
190.57000000000005,-221.44000000000005,0.0,other_tissue,0,214.30650488336684
-55.94,52.95999999999998,0.0,CD4_Tcell,1,611.7245565597839
-104.82999999999998,311.93,0.0,epithelial_tumor_class1,1,2528.5227908558522
324.52,297.52,0.0,other_tissue,0,457.93974479897116
-388.23,-217.77999999999997,0.0,epithelial_tumor_class1,1,1158.9156595596385
200.54999999999995,-99.49000000000001,0.0,CAF,1,450.95078374449423
-317.03,40.360000000000014,0.0,other_tissue,0,516.5930874852658
241.86,-73.00999999999999,0.0,CAF,1,687.9395905331462
77.67999999999995,343.01,0.0,other_tissue,0,327.13674886429214
-242.07999999999998,-27.940000000000055,0.0,other_tissue,0,142.27887706316992
43.49000000000001,356.71000000000004,0.0,other_tissue,0,598.0794297038727
240.73000000000002,365.40999999999997,0.0,epithelial_tumor_class1,1,2286.9098616922684
375.58000000000004,37.97000000000003,0.0,epithelial_tumor_class1,1,1126.0700269915963
26.370000000000005,-251.67999999999995,0.0,CD8_Tcell,1,187.29092585096046
-351.82,-459.78,0.0,other_tissue,0,527.8671801501471
207.12,-253.44000000000005,0.0,other_tissue,0,561.6336166081181
304.46000000000004,-320.96000000000004,0.0,other_tissue,0,359.67191418002733
-322.63,-448.63,0.0,other_tissue,0,903.3092151219245
177.58000000000004,431.31,0.0,other_tissue,0,727.0219052902265
359.61,-383.59000000000003,0.0,other_tissue,0,261.3340596355645
208.37,120.64999999999998,0.0,CD4_Tcell,1,263.83266490998176
240.77999999999997,-108.69000000000005,0.0,CAF,1,235.23276835175406
114.84000000000003,-161.51999999999998,0.0,CAF,1,605.6981849397356
233.34000000000003,-414.15,0.0,other_tissue,0,246.79665497417736
-13.410000000000025,-296.20000000000005,0.0,CAF,1,738.0053496745253
342.75,-379.21000000000004,0.0,epithelial_tumor_class1,1,1226.178235916815
411.55999999999995,-187.26999999999998,0.0,other_tissue,0,503.1979418962633
-168.91000000000003,293.18,0.0,CAF,1,403.34837941446045
435.90999999999997,240.44,0.0,other_tissue,0,911.0587508264761
245.96000000000004,-418.87,0.0,CD8_Tcell,1,461.0497467300214
-82.05000000000001,-28.379999999999995,0.0,CAF,1,224.7501729591595
399.15,249.55,0.0,other_tissue,0,643.5374499913981
-83.81,-377.5,0.0,other_tissue,0,601.3121295968101
-459.25,77.95999999999998,0.0,epithelial_tumor_class1,1,2827.3335840888158
219.40999999999997,-99.63,0.0,CAF,1,336.5823951879499
213.64,-334.30999999999995,0.0,other_tissue,0,703.2392378260784
-226.86,390.31,0.0,other_tissue,0,135.15872846175782
-142.29000000000002,412.17,0.0,CD8_Tcell,1,870.6543669470675
-278.28,-479.59000000000003,0.0,other_tissue,0,217.92895216158797
-66.93,440.98,0.0,epithelial_tumor_class1,1,429.4031449659802
-38.410000000000025,-376.54999999999995,0.0,epithelial_tumor_class1,1,594.5163495343681
378.69000000000005,421.8,0.0,epithelial_tumor_class1,1,1036.7324225472744
305.76,82.94,0.0,other_tissue,0,514.8514843887333
-83.24000000000001,-21.350000000000023,0.0,CD4_Tcell,1,325.26908105899855
-6.420000000000016,-214.10000000000002,0.0,CAF,1,203.63860437311013
491.59000000000003,-392.0,0.0,CAF,1,814.8760252599966
-415.64,-126.84000000000003,0.0,other_tissue,0,643.5734974609313
52.67999999999995,-251.52999999999997,0.0,CAF,1,724.1323041133421
-141.5,-433.21000000000004,0.0,other_tissue,0,342.087688931331
-56.379999999999995,383.81,0.0,other_tissue,0,673.3834802847972
-142.58999999999997,79.33999999999997,0.0,other_tissue,0,475.74935758534497
-391.98,195.83999999999997,0.0,apCAF,1,293.3358602964129
-419.63,-487.72,0.0,other_tissue,0,689.6934952370615
-287.85,-98.15999999999997,0.0,other_tissue,0,451.66211481096815
-149.62,-350.73,0.0,CD4_Tcell,1,378.0129419809985
-337.8,-153.21000000000004,0.0,epithelial_tumor_class1,1,1283.702882107849
-17.629999999999995,387.65,0.0,other_tissue,0,769.1798434505968
26.129999999999995,-220.03999999999996,0.0,other_tissue,0,324.1724383166664
-475.95,-249.84000000000003,0.0,CAF,1,216.1736288542123
292.84000000000003,-46.76999999999998,0.0,other_tissue,0,577.1979923902971
-275.53999999999996,-122.41999999999996,0.0,other_tissue,0,388.79577710357484
-319.03,-101.26999999999998,0.0,epithelial_tumor_class1,1,429.4031449659802
-418.37,-264.15999999999997,0.0,epithelial_tumor_class1,1,1407.158223108111
243.47000000000003,98.05000000000001,0.0,epithelial_tumor_class1,1,555.5491598330667
-237.32,475.08,0.0,CAF,1,622.6971971608384
480.46000000000004,-185.20000000000005,0.0,CAF,1,871.6468629845451
-31.529999999999973,210.0,0.0,epithelial_tumor_class1,1,2981.5768422445412
472.74,481.68,0.0,CAF,1,541.5822351465501
142.22000000000003,-338.84000000000003,0.0,CD8_Tcell,1,449.2040886600272
167.01,264.24,0.0,other_tissue,0,328.2515688962289
-236.32999999999998,-414.33000000000004,0.0,other_tissue,0,379.9757316708703
-320.01,-256.65,0.0,other_tissue,0,475.0276699156143
-364.96000000000004,-329.78,0.0,CAF,1,365.8953543678246
484.57000000000005,287.24,0.0,other_tissue,0,233.56895542757616
-271.13,-331.38,0.0,other_tissue,0,321.5891462763618
-406.64,-482.32000000000005,0.0,other_tissue,0,218.19175284738472
-319.81,27.19999999999999,0.0,CAF,1,662.133665744548
300.88,146.76999999999998,0.0,epithelial_tumor_class1,1,571.933907087901
-89.12,47.360000000000014,0.0,other_tissue,0,464.28977329618937
252.61,-317.82000000000005,0.0,CD4_Tcell,1,245.14497896905183
66.38999999999999,-435.12,0.0,other_tissue,0,485.66089930692266
-253.41,-314.40999999999997,0.0,other_tissue,0,928.2082558499335
81.45000000000005,-125.46000000000004,0.0,other_tissue,0,198.14815970448228
-368.01,12.389999999999986,0.0,epithelial_tumor_class1_class2,1,1276.7752120896193
-20.55000000000001,380.04,0.0,other_tissue,0,286.7880981449239
153.30999999999995,93.63,0.0,other_tissue,0,187.90899491726145
381.9,415.51,0.0,CAF,1,501.7155666740949
427.84000000000003,-15.169999999999959,0.0,CAF,1,326.45989860281315
83.58000000000004,-380.78999999999996,0.0,epithelial_tumor_class1,1,566.8840896032044
330.61,-325.44000000000005,0.0,epithelial_tumor_class1,1,1082.0851624550303
481.96000000000004,-480.16999999999996,0.0,CAF,1,206.5397153208213
-383.11,-75.51999999999998,0.0,other_tissue,0,301.045672984324
219.05999999999995,-297.99,0.0,other_tissue,0,678.1315881987306
-93.23000000000002,425.92,0.0,other_tissue,0,269.4521198221698
-54.00999999999999,-413.71000000000004,0.0,CAF,1,451.7617608132882
77.76999999999998,-297.82000000000005,0.0,other_tissue,0,981.8923155844441
-477.25,-450.77,0.0,CD4_Tcell,1,304.0095792350917
-345.28,294.07,0.0,other_tissue,0,286.70398270244635
71.63999999999999,-233.27999999999997,0.0,CD4_Tcell,1,504.0244454987185
-35.35000000000002,84.54000000000002,0.0,apCAF,1,203.32909360077338
-370.59000000000003,19.889999999999986,0.0,other_tissue,0,773.8580452885802
-267.46000000000004,-476.51,0.0,other_tissue,0,242.6813079185219
461.02,264.86,0.0,other_tissue,0,785.0601472682787
-311.65,-485.63,0.0,other_tissue,0,648.271139718891
135.39999999999998,198.69,0.0,CAF,1,307.896065365795
204.51999999999998,-333.24,0.0,other_tissue,0,545.2695955054253
-71.57,131.10000000000002,0.0,other_tissue,0,855.3124095871664
-268.16999999999996,-489.79999999999995,0.0,CD4_Tcell,1,435.976269406946
246.05999999999995,-201.23000000000002,0.0,other_tissue,0,613.8702628498648
361.59000000000003,495.901,0.0,CAF,1,488.0401920519278
267.16999999999996,455.98,0.0,epithelial_tumor_class1,1,998.305991926331
85.42999999999995,-304.02,0.0,epithelial_tumor_class1,1,899.4509815632302
343.52,60.139999999999986,0.0,other_tissue,0,256.1989082747067
339.89,-328.77,0.0,other_tissue,0,534.0186899411876
-280.52,-218.95000000000005,0.0,epithelial_tumor_class1,1,1463.8005713214636
127.82000000000005,-129.89,0.0,CAF,1,538.2154589987266
-421.93,-96.29999999999995,0.0,other_tissue,0,406.37873978230084
-326.4,20.360000000000014,0.0,CAF,1,521.778764705471
262.52,296.45,0.0,other_tissue,0,549.8333099674142
279.17999999999995,135.76,0.0,CD8_Tcell,1,276.1544705083121
-223.82,-61.35000000000002,0.0,other_tissue,0,787.614503883176
160.21000000000004,-123.46000000000004,0.0,CAF,1,885.1083260430978
192.82000000000005,-454.58000000000004,0.0,other_tissue,0,981.8923155844441
179.87,-247.02999999999997,0.0,other_tissue,0,412.5653156858979
126.85000000000002,-208.60000000000002,0.0,other_tissue,0,255.57517414042968
-403.79,-428.19000000000005,0.0,other_tissue,0,487.5607175077373
162.04999999999995,259.53999999999996,0.0,other_tissue,0,371.0653047385118
-278.77,-114.25,0.0,other_tissue,0,410.18464837506195
-378.13,-375.65,0.0,other_tissue,0,213.89113200353225
398.29999999999995,382.76,0.0,other_tissue,0,341.4966734976329
413.94000000000005,391.5,0.0,epithelial_tumor_class1,1,1152.1260394973842
-236.32,397.81,0.0,CD8_Tcell,1,1232.7272126934952
446.03,-69.26999999999998,0.0,CAF,1,322.5662173350684
337.09000000000003,431.61,0.0,epithelial_tumor_class1,1,1132.4417174220043
-440.57,-109.33000000000004,0.0,CD4_Tcell,1,431.5977877245835
14.42999999999995,-433.98,0.0,epithelial_tumor_class1,1,1170.0492246189128
292.48,19.160000000000025,0.0,other_tissue,0,317.9370720106992
-448.22,15.319999999999993,0.0,CAF,1,483.31913490369664
489.65999999999997,-150.74,0.0,other_tissue,0,414.6861939224995
381.16999999999996,-343.80999999999995,0.0,CAF,1,1035.1886280041429
183.44000000000005,-169.89,0.0,CAF,1,1030.4046209100995
-393.39,341.31,0.0,other_tissue,0,207.56369549635997
467.47,-447.58000000000004,0.0,CD8_Tcell,1,486.0195411873136
292.48,-337.52,0.0,other_tissue,0,412.41792945937425
-25.670000000000016,-59.77999999999997,0.0,other_tissue,0,194.55406942117645
273.9,179.45999999999998,0.0,other_tissue,0,290.5054866176634
312.22,-423.88,0.0,other_tissue,0,149.7743250661538
-154.32,-243.52999999999997,0.0,epithelial_tumor_class1,1,2202.1885910983933
-454.76,-392.65999999999997,0.0,other_tissue,0,757.0847529154697
281.55999999999995,226.64999999999998,0.0,other_tissue,0,438.13472471717193
394.73,-206.38,0.0,other_tissue,0,211.90824983180508
129.74,148.01999999999998,0.0,epithelial_tumor_class1,1,1588.1456986969745
-325.53999999999996,312.26,0.0,epithelial_tumor_class1,1,462.9716880416556
-476.43,-30.00999999999999,0.0,CAF,1,441.0003818047513
-8.990000000000009,-301.67999999999995,0.0,CAF,1,542.7558710254259
-12.620000000000005,377.05,0.0,other_tissue,0,219.8610649816766
-375.74,-91.70000000000005,0.0,other_tissue,0,981.8923155844441
308.15999999999997,-286.80999999999995,0.0,CAF,1,749.4978138868818
30.110000000000014,389.01,0.0,CAF,1,303.58341806872704
235.72000000000003,106.73000000000002,0.0,CAF,1,942.2212131692468
226.98000000000002,-232.49,0.0,CD4_Tcell,1,605.4039662669614
-361.76,-422.07000000000005,0.0,other_tissue,0,981.8923155844441
39.01999999999998,-113.51999999999998,0.0,CAF,1,736.6042239483538
-15.160000000000025,-30.17999999999995,0.0,epithelial_tumor_class1,1,619.933048903715
-459.99,-35.710000000000036,0.0,other_tissue,0,728.5087372072767
-492.994,420.19,0.0,other_tissue,0,608.8540307088687
-233.19,-73.32000000000005,0.0,other_tissue,0,834.0951532784034
444.36,300.22,0.0,other_tissue,0,204.0573609685505
-36.24000000000001,190.20999999999998,0.0,CD4_Tcell,1,249.97827403336908
-26.00999999999999,91.16000000000003,0.0,CAF,1,427.3310237318921
-36.56,-405.66999999999996,0.0,other_tissue,0,558.8237009710429
-152.55,-303.97,0.0,other_tissue,0,195.30193661475744
-214.42000000000002,-395.42999999999995,0.0,CAF,1,691.5260101865639
-314.15999999999997,-464.52,0.0,epithelial_tumor_class1,1,965.5339698080752
-478.57,78.62,0.0,other_tissue,0,215.3907280201612
-133.51999999999998,-269.62,0.0,epithelial_tumor_class1,1,2582.5773808104123
-105.41000000000003,-3.759999999999991,0.0,epithelial_tumor_class1,1,2772.5273158780683
478.35,-369.86,0.0,other_tissue,0,701.5960668766111
-306.41999999999996,-489.33000000000004,0.0,CAF,1,528.5940014086929
231.92999999999995,206.93,0.0,CD4_Tcell,1,1004.0168523853107
-267.22,-76.17999999999995,0.0,other_tissue,0,618.6505988297719
287.0,440.96,0.0,other_tissue,0,981.8923155844441
-64.44999999999999,-204.13,0.0,other_tissue,0,784.566394449451
457.76,-79.04999999999995,0.0,other_tissue,0,312.694734145175
-490.951,360.09000000000003,0.0,other_tissue,0,384.39445434002965
-61.74000000000001,-335.51,0.0,epithelial_tumor_class1,1,1155.9036442895058
398.86,-47.08000000000004,0.0,CAF,1,677.9449687356224
44.75,373.34000000000003,0.0,CD4_Tcell,1,235.42631740179175
345.88,-214.40999999999997,0.0,other_tissue,0,298.80300753892436
-187.69,-10.670000000000016,0.0,CD8_Tcell,1,395.61038917682407
440.44000000000005,100.56,0.0,mesenchymal_tumor_class1,1,521.9511706519834
101.63,-137.49,0.0,CAF,1,229.00454669673144
474.64,-376.73,0.0,CAF,1,468.50695027490957
-126.19,311.22,0.0,other_tissue,0,177.31808550467625
452.53,-269.37,0.0,CAF,1,548.8439735443496
-248.89,-24.899999999999977,0.0,other_tissue,0,303.8346956713104
-80.93,453.15999999999997,0.0,other_tissue,0,379.31649192585803
-124.94,-480.73,0.0,CD4_Tcell,1,648.9052549451594
-189.99,56.05000000000001,0.0,apCAF,1,337.65993277736453
-485.0,-487.72,0.0,CAF,1,416.30183511990487
-391.6,-333.15999999999997,0.0,CAF,1,267.72082446836964
21.879999999999995,25.0,0.0,other_tissue,0,334.7954838217818
366.08000000000004,-164.0,0.0,other_tissue,0,445.9641384726407
60.710000000000036,191.58999999999997,0.0,other_tissue,0,875.2482180560912
466.40999999999997,4.259999999999991,0.0,other_tissue,0,715.7029111785964
232.67999999999995,-395.25,0.0,other_tissue,0,593.9694426093322
437.94000000000005,-440.34000000000003,0.0,CD8_Tcell,1,134.30718395844687
288.84000000000003,471.56,0.0,other_tissue,0,324.85755067561485
239.42999999999995,-124.37,0.0,other_tissue,0,374.0825561212466
-16.620000000000005,5.730000000000018,0.0,other_tissue,0,260.5638913687346
279.28999999999996,-321.36,0.0,epithelial_tumor_class1_class2,1,3020.6664039143166
26.960000000000036,172.22000000000003,0.0,other_tissue,0,216.71406267645935
-57.31,44.56999999999999,0.0,apCAF,1,785.7805747313406
163.41999999999996,-205.45000000000005,0.0,CAF,1,205.48542691599286
-250.06,-294.08000000000004,0.0,other_tissue,0,738.2620861106345
-137.67000000000002,271.07,0.0,other_tissue,0,182.42620106512942
460.01,-352.1,0.0,CAF,1,425.94698260635687
-174.92000000000002,-366.92999999999995,0.0,apCAF,1,517.7615324593492
49.700000000000045,-157.36,0.0,other_tissue,0,344.64871191706806
365.75,1.4300000000000068,0.0,other_tissue,0,419.9794795929184
-21.339999999999975,304.4,0.0,other_tissue,0,479.23548064846767
-52.81,426.28,0.0,other_tissue,0,981.8923155844441
-23.730000000000018,-121.76999999999998,0.0,CAF,1,865.2200807897143
-3.990000000000009,77.19,0.0,CAF,1,330.22303299796624
-141.37,-406.78999999999996,0.0,other_tissue,0,257.606018752593
-276.39,-105.62,0.0,CAF,1,575.5401003116364
-261.68,-285.47,0.0,epithelial_tumor_class1,1,544.5436879090018
458.85,-343.47,0.0,CAF,1,387.9848654846799
2.8899999999999864,-150.16999999999996,0.0,other_tissue,0,411.1866189009738
252.53999999999996,-67.63,0.0,CAF,1,281.1782773468432
165.62,-40.48000000000002,0.0,CAF,1,545.1566342013728
-168.18,172.56,0.0,other_tissue,0,556.6937900174912
481.87,-233.22000000000003,0.0,other_tissue,0,981.8923155844441
157.11,37.339999999999975,0.0,other_tissue,0,513.0673087689056
390.12,136.01999999999998,0.0,other_tissue,0,509.5267579776322
-134.26,-210.95000000000005,0.0,other_tissue,0,245.38183400482552
-308.7,391.28,0.0,CD4_Tcell,1,276.07244747390894
39.35000000000002,-32.210000000000036,0.0,CAF,1,438.70685997640396
-258.56,331.88,0.0,other_tissue,0,794.2527155880535
86.58000000000004,362.4,0.0,epithelial_tumor_class1,1,1269.3905393933524
-358.56,112.25999999999999,0.0,epithelial_tumor_class1,1,534.146025471929
-207.63,101.88,0.0,CD8_Tcell,1,153.56332027058005
354.58000000000004,109.04000000000002,0.0,CAF,1,277.0064183568821
-110.29000000000002,425.85,0.0,CAF,1,840.453191634588
-88.88,446.78,0.0,other_tissue,0,509.2645737621704
307.94000000000005,-489.88,0.0,CAF,1,361.1781820043784
-462.14,-463.78999999999996,0.0,other_tissue,0,262.9881095697372
378.47,-246.44000000000005,0.0,other_tissue,0,492.5958059824177
49.23000000000002,-467.23,0.0,other_tissue,0,335.3437295925903
241.40999999999997,83.89999999999998,0.0,other_tissue,0,511.7202832676998
240.83000000000004,71.27999999999997,0.0,other_tissue,0,237.30276792707633
-448.55,496.376,0.0,epithelial_tumor_class1,1,429.4031449659802
459.29999999999995,-458.4,0.0,other_tissue,0,114.20931398257623
-415.9,-478.17999999999995,0.0,other_tissue,0,509.9279196340177
-463.67,225.06,0.0,other_tissue,0,228.2812512576435
-56.50999999999999,213.33999999999997,0.0,other_tissue,0,409.2242892908596
301.48,-8.449999999999989,0.0,CAF,1,1011.4052565894225
119.60000000000002,364.12,0.0,CAF,1,329.0461248945319
88.71000000000004,32.81999999999999,0.0,CD4_Tcell,1,435.0871081621357
243.51999999999998,-161.35000000000002,0.0,other_tissue,0,648.3435891127857
-287.26,-254.90999999999997,0.0,other_tissue,0,576.0588963620073
335.91999999999996,62.00999999999999,0.0,epithelial_tumor_class1_class2,1,537.4143715829254
456.26,-73.01999999999998,0.0,apCAF,1,192.0642388786852
-250.32,-306.65999999999997,0.0,other_tissue,0,426.70029717355095
-77.63,5.180000000000007,0.0,CD4_Tcell,1,292.9517313222615
-273.63,-254.55999999999995,0.0,other_tissue,0,638.6295917910107
-325.06,250.38,0.0,other_tissue,0,199.4742497500208
489.03999999999996,-326.74,0.0,apCAF,1,438.73478174701523
-446.58,-437.88,0.0,CD4_Tcell,1,596.0563249236087
191.33000000000004,-60.59000000000003,0.0,other_tissue,0,363.266929980822
-304.31,-433.59000000000003,0.0,other_tissue,0,526.9674784879462
-154.51999999999998,-398.90999999999997,0.0,CAF,1,1035.1886280041429
9.980000000000018,-279.07000000000005,0.0,CD8_Tcell,1,257.43963399872376
-413.24,-339.55999999999995,0.0,CAF,1,506.98582770869155
-313.07,490.983,0.0,CAF,1,441.841468152806
-473.19,-429.0,0.0,other_tissue,0,753.6753396522522
-6.350000000000023,32.06999999999999,0.0,CAF,1,494.72537558825474
389.37,-354.80999999999995,0.0,other_tissue,0,486.52791936055473
-493.605,-98.30999999999995,0.0,CAF,1,1009.8954786833608
-135.99,395.27,0.0,CAF,1,491.60108950448455
442.58000000000004,-357.91999999999996,0.0,CAF,1,179.1944383728557
373.08000000000004,-420.41999999999996,0.0,other_tissue,0,273.85376321143093
-146.89,-492.12,0.0,other_tissue,0,491.6914628891787
21.350000000000023,357.78,0.0,CAF,1,489.7959465512172
-457.18,492.528,0.0,CAF,1,785.7805747313406
-484.98,-134.05999999999995,0.0,CAF,1,408.1988986106644
55.77999999999997,66.30000000000001,0.0,CAF,1,233.07409316678846
336.26,-212.29999999999995,0.0,other_tissue,0,237.19156845416538
-8.529999999999973,188.83999999999997,0.0,CAF,1,527.5040195009266
43.72000000000003,-352.17999999999995,0.0,CD8_Tcell,1,732.2739706339129
-290.41999999999996,4.230000000000018,0.0,CAF,1,472.412170564944
5.850000000000023,-437.42999999999995,0.0,epithelial_tumor_class1,1,1950.269286123209
395.55999999999995,-313.9,0.0,epithelial_tumor_class1,1,899.9016685111392
-434.40999999999997,271.02,0.0,other_tissue,0,380.9914374469287
-131.07999999999998,-482.41999999999996,0.0,other_tissue,0,456.9348827054892
390.29999999999995,332.12,0.0,epithelial_tumor_class1,1,1182.9028458444504
31.399999999999977,288.2,0.0,CD4_Tcell,1,540.5386418900433
-436.47,-444.4,0.0,CAF,1,130.40130378247017
279.41999999999996,-196.5,0.0,other_tissue,0,360.90846002260486
-27.910000000000025,-395.07000000000005,0.0,CD4_Tcell,1,558.9221354897179
-402.07,233.92000000000002,0.0,other_tissue,0,659.2539239383324
145.33000000000004,-365.29999999999995,0.0,other_tissue,0,240.1968237422511
-251.96,146.26,0.0,other_tissue,0,518.0578179648762
317.35,-160.87,0.0,CAF,1,883.0369341890454
201.58000000000004,-118.05999999999995,0.0,other_tissue,0,418.90911774768364
-138.73000000000002,-364.71000000000004,0.0,other_tissue,0,366.2046836822063
-334.4,-103.63999999999999,0.0,epithelial_tumor_class1,1,1276.7752120896193
-54.870000000000005,-214.85000000000002,0.0,epithelial_tumor_class1,1,793.6100212848139
412.90999999999997,339.05,0.0,CAF,1,485.48164454766896
335.35,484.46,0.0,other_tissue,0,981.8923155844441
355.12,-1.579999999999984,0.0,other_tissue,0,721.4837547025585
-233.91000000000003,80.19999999999999,0.0,CD8_Tcell,1,1155.8503813404106
-375.84000000000003,-410.29999999999995,0.0,other_tissue,0,246.9774583772295
25.82000000000005,-383.28,0.0,other_tissue,0,379.40519128890224
-294.65,-117.90999999999997,0.0,epithelial_tumor_class1,1,429.4031449659802
-330.89,256.6,0.0,CAF,1,318.2751031280798
440.44000000000005,-257.03,0.0,CD4_Tcell,1,592.9790288930218
429.65999999999997,255.92,0.0,CD4_Tcell,1,666.1646204123357
-81.38,-463.90999999999997,0.0,epithelial_tumor_class1,1,749.1188061367943
445.57000000000005,3.3100000000000023,0.0,other_tissue,0,279.75890283592094
-113.99000000000001,-328.26,0.0,other_tissue,0,300.47039897710357
-183.41000000000003,-383.41999999999996,0.0,other_tissue,0,148.02180197410982
-113.75,-156.77999999999997,0.0,other_tissue,0,651.7366263297589
-68.58999999999997,-113.10000000000002,0.0,CAF,1,404.37885669640883
111.99000000000001,-299.4,0.0,CD8_Tcell,1,854.3976680923328
-60.00999999999999,174.38,0.0,other_tissue,0,607.5869111621471
489.53,-268.28,0.0,CD4_Tcell,1,219.28023710763364
452.29999999999995,24.660000000000025,0.0,other_tissue,0,221.16725429576096
-475.37,465.26,0.0,other_tissue,0,806.5299233725195
-497.302,-368.51,0.0,other_tissue,0,690.1088329695104
-386.79,182.58999999999997,0.0,other_tissue,0,406.80340104113236
63.75,-470.20000000000005,0.0,other_tissue,0,502.31122275210316
-49.620000000000005,55.94999999999999,0.0,CAF,1,287.64069378333505
-30.0,-380.69000000000005,0.0,other_tissue,0,406.24609377269104
345.15999999999997,-256.49,0.0,CD8_Tcell,1,283.64501336315755
-302.49,387.0,0.0,CD4_Tcell,1,407.573853437286
-73.58999999999997,-70.59000000000003,0.0,CAF,1,440.21633152874705
205.40999999999997,154.7,0.0,CAF,1,504.42271424954254
-415.19,-18.92999999999995,0.0,other_tissue,0,247.86371748050036
-406.21,153.72000000000003,0.0,epithelial_tumor_class1,1,886.4910520086092
85.72000000000003,204.26999999999998,0.0,CAF,1,502.31122275210316
-24.24000000000001,23.389999999999986,0.0,CAF,1,304.16265739130773
217.26,-75.26999999999998,0.0,CAF,1,1035.1886280041429
-85.50999999999999,403.98,0.0,epithelial_tumor_class1,1,429.4031449659802
-79.27999999999997,301.58000000000004,0.0,epithelial_tumor_class1,1,429.4031449659802
443.66999999999996,-457.96000000000004,0.0,CAF,1,1025.1839425732926
132.61,-286.39,0.0,CAF,1,461.3384200196732
-12.839999999999975,49.139999999999986,0.0,other_tissue,0,375.42739188966715
260.09000000000003,-303.16999999999996,0.0,other_tissue,0,373.4677703875191
-286.15999999999997,-390.99,0.0,CAF,1,275.140578307458
-379.68,-32.64999999999998,0.0,CAF,1,336.7813324752645
401.55999999999995,-346.11,0.0,CAF,1,684.0464182935824
-321.74,358.43,0.0,epithelial_tumor_class1,1,429.4031449659802
231.02999999999997,-360.57000000000005,0.0,other_tissue,0,250.8909298439338
-121.02999999999997,108.33999999999997,0.0,other_tissue,0,565.7420683166566
275.35,498.781,0.0,epithelial_tumor_class1,1,1200.623944369828
-76.93,27.189999999999998,0.0,CD4_Tcell,1,1052.9153863240701
456.33000000000004,-112.5,0.0,other_tissue,0,394.1917479611457
-344.38,-56.950000000000045,0.0,CAF,1,225.04526538874956
372.79999999999995,412.1,0.0,other_tissue,0,224.7054845011403
-439.37,-157.15999999999997,0.0,other_tissue,0,420.6850156643773
392.30999999999995,-295.26,0.0,other_tissue,0,444.878233102148
148.85000000000002,168.79000000000002,0.0,CAF,1,453.6435446714942
305.5,-483.51,0.0,CAF,1,375.3141509133543
445.64,-22.019999999999982,0.0,other_tissue,0,942.1979740778794
456.64,341.05,0.0,other_tissue,0,710.5112241533914
-140.14999999999998,-81.41999999999996,0.0,CD4_Tcell,1,318.5118674147693
147.33000000000004,-273.99,0.0,other_tissue,0,265.20767282925925
412.78999999999996,-430.9,0.0,CAF,1,502.6627280117112
-265.02,71.22000000000003,0.0,epithelial_tumor_class1,1,1373.8129321003669
122.35000000000002,-357.53,0.0,other_tissue,0,599.5567763314255
-458.43,-172.83000000000004,0.0,CAF,1,397.59435453659523
390.28999999999996,-488.90999999999997,0.0,CAF,1,659.8035464566822
188.71000000000004,425.73,0.0,other_tissue,0,442.9505286082402
153.38,331.45,0.0,other_tissue,0,433.56168834645007
-292.22,85.69999999999999,0.0,other_tissue,0,981.8923155844441
292.72,-408.73,0.0,apCAF,1,191.93548073400407
-222.7,-415.40999999999997,0.0,CAF,1,387.1879270905521
135.76,268.65999999999997,0.0,CAF,1,412.4849188464662
-339.41999999999996,-427.53,0.0,CD4_Tcell,1,847.8827602147855
-273.86,-484.28,0.0,epithelial_tumor_class1,1,429.4031449659802
331.0,121.16000000000003,0.0,other_tissue,0,608.2289298924676
-29.70999999999998,-490.04999999999995,0.0,other_tissue,0,222.40759066462692
-142.56,-4.410000000000025,0.0,mesenchymal_tumor_class1,1,234.11962335191075
51.379999999999995,-94.48000000000002,0.0,other_tissue,0,607.6909916012223
357.01,-434.19000000000005,0.0,other_tissue,0,605.732805166925
-234.2,352.75,0.0,other_tissue,0,523.4103026576456
-159.64,55.94,0.0,CAF,1,1035.1886280041429
90.66999999999996,-123.69000000000005,0.0,other_tissue,0,788.2539576081307
255.96000000000004,56.410000000000025,0.0,other_tissue,0,168.8037420227772
-426.43,65.61000000000001,0.0,epithelial_tumor_class1,1,1247.3234214668178
332.13,276.37,0.0,CAF,1,335.5188275530581
279.46000000000004,-328.86,0.0,other_tissue,0,680.878847583224
-222.37,-19.58000000000004,0.0,other_tissue,0,385.53328007268533
100.26999999999998,-114.50999999999999,0.0,other_tissue,0,265.03803039975685
-223.07,-11.399999999999977,0.0,CD4_Tcell,1,373.8064464833922
-77.85000000000002,267.43,0.0,other_tissue,0,311.82665340059987
290.37,256.84000000000003,0.0,other_tissue,0,282.3942379077258
407.1,204.76999999999998,0.0,epithelial_tumor_class1,1,1468.79388160297
173.41999999999996,-237.24,0.0,other_tissue,0,320.03672778428734
-84.20999999999998,-308.53999999999996,0.0,epithelial_tumor_class1,1,1417.4765105047645
403.67999999999995,274.8,0.0,other_tissue,0,231.6028201658694
-374.86,-178.98000000000002,0.0,epithelial_tumor_class1,1,918.8753363206964
306.53999999999996,48.35000000000002,0.0,CD4_Tcell,1,580.6579463427843
-147.37,250.31,0.0,CAF,1,467.3410514297851
-247.66,160.92000000000002,0.0,other_tissue,0,405.10652942349935
417.82000000000005,-452.65,0.0,other_tissue,0,404.60368059693815
417.70000000000005,-354.29999999999995,0.0,CD8_Tcell,1,326.6662962284719
-401.86,161.05,0.0,epithelial_tumor_class1,1,565.5105411839594
-492.605,-56.059999999999945,0.0,CAF,1,389.233881009195
471.47,-409.5,0.0,other_tissue,0,231.03789844870192
-41.94999999999999,494.767,0.0,epithelial_tumor_class1_class2,1,965.5339698080752
449.34000000000003,173.26,0.0,epithelial_tumor_class1,1,4171.488314369853
110.28999999999996,-223.11,0.0,CAF,1,235.71222666056872
-466.44,462.04,0.0,CD4_Tcell,1,465.7846875909542
-330.61,-350.26,0.0,apCAF,1,467.3410514297851
36.57000000000005,247.35,0.0,CAF,1,205.1404033376978
137.38,-268.99,0.0,other_tissue,0,427.1527119605278
366.37,449.26,0.0,other_tissue,0,981.8923155844441
-241.23000000000002,163.81,0.0,epithelial_tumor_class1_class2,1,1170.0492246189128
474.16999999999996,-248.21000000000004,0.0,CAF,1,284.4913712410212
-218.73000000000002,-376.14,0.0,other_tissue,0,335.69398645390453
373.08000000000004,-233.25,0.0,CAF,1,560.7945882421903
-252.71,-483.54999999999995,0.0,CD8_Tcell,1,678.0755987642895
375.98,455.61,0.0,epithelial_tumor_class1,1,2102.7934355865223
421.9,326.1,0.0,other_tissue,0,358.69447898156903
-272.21000000000004,-303.6,0.0,other_tissue,0,298.7273639440148
-276.51,67.00999999999999,0.0,other_tissue,0,442.93647828379113
-0.01999999999998181,-281.01,0.0,other_tissue,0,372.61571487451926
-321.77,-410.17999999999995,0.0,CAF,1,542.1608028095025
-11.509999999999991,-428.05999999999995,0.0,CAF,1,638.4144362067556
177.80999999999995,141.57999999999998,0.0,CAF,1,1035.1886280041429
409.49,357.65999999999997,0.0,apCAF,1,113.98310791582618
-30.94999999999999,324.96000000000004,0.0,CD4_Tcell,1,409.8910460914505
-271.08000000000004,72.13999999999999,0.0,other_tissue,0,795.6014267517805
484.08000000000004,421.0,0.0,other_tissue,0,480.02071572180904
-424.32,-28.41999999999996,0.0,other_tissue,0,138.06409696874007
361.19000000000005,397.61,0.0,epithelial_tumor_class1,1,1113.0867663969293
-126.38,443.53,0.0,other_tissue,0,345.7552993768057
472.20000000000005,437.5,0.0,other_tissue,0,447.5043482765708
31.629999999999995,-260.37,0.0,CD8_Tcell,1,390.09816644065137
-215.17000000000002,25.99000000000001,0.0,epithelial_tumor_class1,1,429.4031449659802
368.25,-476.57000000000005,0.0,CAF,1,203.45453311373106
37.98000000000002,494.123,0.0,other_tissue,0,254.25310212724793
359.85,380.31,0.0,CAF,1,581.0787820769809
-278.76,479.11,0.0,CD8_Tcell,1,1010.5040791900924
427.78,-210.15999999999997,0.0,other_tissue,0,662.519488825747
350.03,398.35,0.0,CAF,1,221.77798501019828
-223.10000000000002,-426.45000000000005,0.0,CD4_Tcell,1,304.9397734878654
231.09000000000003,176.24,0.0,other_tissue,0,281.915750627517
-148.39,221.27999999999997,0.0,other_tissue,0,493.30498208169996
-146.08999999999997,-427.90999999999997,0.0,CD4_Tcell,1,198.57581745572182
298.5,159.67000000000002,0.0,epithelial_tumor_class1,1,905.050144983396
-88.75,-319.20000000000005,0.0,CAF,1,302.27465127686094
394.21000000000004,307.4,0.0,CAF,1,386.8155404874027
-18.129999999999995,54.26999999999998,0.0,other_tissue,0,194.57030706780222
-416.89,-428.49,0.0,CAF,1,203.02824915616594
-113.17000000000002,-215.57000000000005,0.0,other_tissue,0,387.52199406452905
-257.58000000000004,-446.40999999999997,0.0,other_tissue,0,434.6846053069592
-132.14999999999998,-108.64999999999998,0.0,CAF,1,456.7197465390053
439.41999999999996,338.53,0.0,epithelial_tumor_class1,1,1909.9005350869743
-399.81,-168.87,0.0,CAF,1,740.3379095235492
-83.60000000000002,144.32999999999998,0.0,other_tissue,0,564.3703659924105
270.54999999999995,43.52999999999997,0.0,CAF,1,182.65962855753568
220.57000000000005,-112.27999999999997,0.0,CAF,1,248.09277316550637
-435.42,440.21,0.0,apCAF,1,364.030708049826
328.36,16.839999999999975,0.0,other_tissue,0,141.82465582193265
189.83000000000004,-379.49,0.0,CAF,1,539.5124146055599
-382.19,106.64999999999998,0.0,other_tissue,0,548.0177348832367
-201.69,-15.360000000000014,0.0,other_tissue,0,149.0118506132475
-321.78999999999996,-488.67999999999995,0.0,apCAF,1,344.76758635964444
270.08000000000004,295.95,0.0,other_tissue,0,312.98445200459474
-301.75,-347.84000000000003,0.0,other_tissue,0,173.06354358688074
-303.22,250.25,0.0,other_tissue,0,322.5434723055904
-490.078,237.36,0.0,CAF,1,349.20916194222525
322.71000000000004,-50.190000000000055,0.0,CD4_Tcell,1,338.1995629095543
-458.03,174.44,0.0,other_tissue,0,442.164167915689
-256.53999999999996,-406.15999999999997,0.0,CAF,1,426.5495632634858
-406.35,-472.66999999999996,0.0,CAF,1,163.8892165199382
-197.39,-376.16999999999996,0.0,CAF,1,733.2566247845062
-317.73,-268.76,0.0,other_tissue,0,187.0614770199189
-457.73,-447.28,0.0,CAF,1,676.4346127684064
479.98,-114.50999999999999,0.0,epithelial_tumor_class1,1,927.1272859396394
-360.53999999999996,386.61,0.0,CD4_Tcell,1,363.23000009979484
-422.65999999999997,29.70999999999998,0.0,other_tissue,0,394.32175700176293
-123.43,496.689,0.0,CD8_Tcell,1,845.7833807442361
51.549999999999955,-290.12,0.0,other_tissue,0,435.0593413708639
-411.02,-130.77999999999997,0.0,other_tissue,0,327.90650910855834
242.46000000000004,-297.69000000000005,0.0,CD8_Tcell,1,248.6564681639904
8.550000000000011,215.51,0.0,other_tissue,0,330.6622054198672
-148.23000000000002,-389.46000000000004,0.0,CAF,1,378.7845860450266
219.98000000000002,-88.02999999999997,0.0,other_tissue,0,376.81328931560694
13.960000000000036,-294.79999999999995,0.0,CAF,1,356.18573767378496
18.389999999999986,262.9,0.0,other_tissue,0,324.58339001717525
326.28,-470.90999999999997,0.0,other_tissue,0,732.7848411542068
-482.46,437.8,0.0,other_tissue,0,227.5234318602066
463.36,33.170000000000016,0.0,other_tissue,0,394.25674890883516
-490.87,-446.51,0.0,CAF,1,507.7241340680243
-191.51,-276.95000000000005,0.0,other_tissue,0,728.4108570800541
-224.63,477.29,0.0,CD8_Tcell,1,342.2059737861877
414.0,-76.29999999999995,0.0,CAF,1,601.5533275027968
384.53,-252.79999999999995,0.0,CAF,1,330.37323240655013
-124.61000000000001,217.41000000000003,0.0,other_tissue,0,338.11740821962087
-28.889999999999986,-194.0,0.0,epithelial_tumor_class1,1,765.6127636040668
328.47,-175.91999999999996,0.0,other_tissue,0,166.66369117900229
-353.78,116.11000000000001,0.0,epithelial_tumor_class1_class2,1,1347.8319343070848
-260.94,-28.289999999999964,0.0,CD4_Tcell,1,720.8031891868654
-51.02999999999997,444.54,0.0,other_tissue,0,177.54713586456015
142.52999999999997,276.18,0.0,other_tissue,0,914.6082968417754
471.78999999999996,-266.41999999999996,0.0,CAF,1,1035.1886280041429
67.94000000000005,-488.85,0.0,epithelial_tumor_class1,1,4171.488314369853
212.39,-220.54999999999995,0.0,CD4_Tcell,1,348.6099699626107
-353.05,-245.89999999999998,0.0,other_tissue,0,240.93569852175256
193.27999999999997,216.54000000000002,0.0,other_tissue,0,460.5160186515536
339.23,113.97000000000003,0.0,other_tissue,0,981.8923155844441
-166.01999999999998,375.48,0.0,other_tissue,0,155.00311921985264
-374.0,-265.61,0.0,other_tissue,0,393.2695053892254
-390.31,272.43,0.0,other_tissue,0,269.67410148598117
-60.81999999999999,403.23,0.0,other_tissue,0,430.67322148374024
486.34000000000003,-139.91999999999996,0.0,epithelial_tumor_class1,1,429.4031449659802
-163.92000000000002,6.139999999999986,0.0,CAF,1,420.4407022922753
144.48000000000002,-230.47000000000003,0.0,apCAF,1,203.32909360077338
269.02,208.07999999999998,0.0,epithelial_tumor_class1,1,704.2531663311341
318.80999999999995,-16.42999999999995,0.0,apCAF,1,395.93624473333125
326.52,-210.01,0.0,other_tissue,0,586.9409966659315
-61.660000000000025,-265.6,0.0,other_tissue,0,396.10576031466644
-42.45999999999998,376.78,0.0,other_tissue,0,555.7616152610269
-295.87,-439.40999999999997,0.0,epithelial_tumor_class1_class2,1,751.4946986656965
-312.90999999999997,0.2699999999999818,0.0,other_tissue,0,266.82789851764767
249.92999999999995,-303.73,0.0,CD8_Tcell,1,630.0432411951386
53.75,-276.27,0.0,other_tissue,0,215.68626800235438
369.75,491.243,0.0,other_tissue,0,863.3113787173111
-384.78,-380.21000000000004,0.0,CAF,1,552.140959005985
-242.43,-82.35000000000002,0.0,epithelial_tumor_class1,1,1257.26817609323
255.46000000000004,-308.08000000000004,0.0,CD8_Tcell,1,285.3603716035739
-294.26,-317.4,0.0,other_tissue,0,673.5135237187084
70.98000000000002,210.10000000000002,0.0,epithelial_tumor_class1,1,825.7245114939286
-136.60000000000002,429.3,0.0,other_tissue,0,981.8923155844441
77.90999999999997,-104.16999999999996,0.0,other_tissue,0,360.34492986927467
-341.3,-108.50999999999999,0.0,CAF,1,659.2539239383324
-497.63,428.88,0.0,other_tissue,0,981.8923155844441
266.1,-176.71000000000004,0.0,other_tissue,0,501.1051267195704
87.22000000000003,-98.94000000000005,0.0,other_tissue,0,378.86054213575903
-133.89,-415.35,0.0,other_tissue,0,356.18573767378496
-106.86000000000001,-159.46000000000004,0.0,other_tissue,0,185.61789681064388
332.16999999999996,-301.47,0.0,CD4_Tcell,1,335.5888837999575
408.89,101.77999999999997,0.0,epithelial_tumor_class1,1,699.70768117819
-223.51999999999998,20.45999999999998,0.0,apCAF,1,554.3571465038982
288.39,-60.289999999999964,0.0,other_tissue,0,561.7159193067869
317.35,-225.23000000000002,0.0,epithelial_tumor_class1,1,2349.2925242823003
-217.22000000000003,101.20999999999998,0.0,CD4_Tcell,1,497.72618305738087
-30.350000000000023,-64.25,0.0,CAF,1,357.6700795843234
-343.8,188.04000000000002,0.0,CD4_Tcell,1,182.60514434273765
478.16999999999996,-129.86,0.0,CAF,1,469.79167684775155
19.090000000000032,-171.86,0.0,CAF,1,347.42559274022426
204.69000000000005,-204.17999999999995,0.0,other_tissue,0,203.96518530897674
-431.89,-477.03,0.0,CAF,1,1035.1886280041429
-80.01999999999998,-448.88,0.0,CAF,1,789.2241119822255
335.72,45.81999999999999,0.0,other_tissue,0,276.7393549342643
408.85,-441.65,0.0,other_tissue,0,401.80594826927444
-29.860000000000014,-91.38,0.0,CAF,1,368.7228954871486
447.01,-449.41999999999996,0.0,CAF,1,344.76758635964444
-75.38,157.91000000000003,0.0,CAF,1,433.4508880177384
217.04999999999995,111.13999999999999,0.0,CAF,1,329.43811635939517
238.69000000000005,-96.29999999999995,0.0,epithelial_tumor_class1,1,500.44945623429174
-423.96,-192.89999999999998,0.0,other_tissue,0,454.8580610610384
-412.57,-194.66999999999996,0.0,CD4_Tcell,1,639.1138685890159
389.41999999999996,-16.870000000000005,0.0,other_tissue,0,520.2757421835886
-175.99,-494.17999999999995,0.0,CAF,1,1035.1886280041429
8.029999999999973,324.33000000000004,0.0,other_tissue,0,424.7708504599672
-322.12,-325.34000000000003,0.0,CD4_Tcell,1,278.92196185332244
276.37,-494.53999999999996,0.0,other_tissue,0,981.8923155844441
-27.360000000000014,119.07999999999998,0.0,other_tissue,0,610.7667143979538
138.19000000000005,-201.72000000000003,0.0,CAF,1,421.1059994115104
493.29999999999995,-453.86,0.0,CAF,1,513.4858312966778
54.120000000000005,-148.47000000000003,0.0,other_tissue,0,981.8923155844441
311.64,-9.95999999999998,0.0,other_tissue,0,981.8923155844441
-154.62,-335.30999999999995,0.0,other_tissue,0,199.08652075449234
-116.70999999999998,-305.05999999999995,0.0,other_tissue,0,445.3434050111067
334.58000000000004,-206.94000000000005,0.0,other_tissue,0,147.01594125064182
-392.43,-2.8100000000000023,0.0,other_tissue,0,606.4947839621149
-341.25,131.95999999999998,0.0,other_tissue,0,453.04422956219884
86.90999999999997,-432.9,0.0,other_tissue,0,981.8923155844441
-67.66000000000003,24.910000000000025,0.0,other_tissue,0,598.3712706696296
-152.82,213.95,0.0,other_tissue,0,300.861071218129
2.240000000000009,277.39,0.0,CD4_Tcell,1,352.8670327615387
280.71000000000004,277.47,0.0,other_tissue,0,231.90387946640013
-257.2,126.75,0.0,other_tissue,0,218.50739244792166
157.32000000000005,391.78,0.0,epithelial_tumor_class1,1,832.3608902253551
-265.01,255.08,0.0,CAF,1,1035.1886280041429
450.34000000000003,-89.30999999999995,0.0,other_tissue,0,544.1084527508499
-131.0,39.610000000000014,0.0,other_tissue,0,509.3725210733524
-230.79000000000002,481.65,0.0,CD8_Tcell,1,241.11362832924044
229.90999999999997,-482.26,0.0,CAF,1,203.32909360077338
-191.85000000000002,304.53,0.0,CAF,1,154.97521210028694
469.47,-256.87,0.0,CAF,1,371.1402253831011
417.39,23.24000000000001,0.0,epithelial_tumor_class1,1,475.8672535101975
-329.45,42.94,0.0,CAF,1,592.9448963472607
38.01999999999998,316.28,0.0,CD4_Tcell,1,356.61115255561367
25.42999999999995,215.93,0.0,other_tissue,0,259.53935620356214
-472.55,-350.88,0.0,other_tissue,0,628.1259691688792
-477.78,-470.82000000000005,0.0,other_tissue,0,289.25575942469146
-243.98000000000002,-204.76,0.0,other_tissue,0,981.8923155844441
392.58000000000004,-173.42999999999995,0.0,other_tissue,0,571.3509922190277
-436.46,-169.91999999999996,0.0,other_tissue,0,259.30330703409135
248.76,-394.04999999999995,0.0,other_tissue,0,710.2994607256828
139.89999999999998,-74.46000000000004,0.0,other_tissue,0,268.0021563766062
-268.48,223.47000000000003,0.0,other_tissue,0,412.73954467451983
433.01,-103.55999999999995,0.0,CD4_Tcell,1,747.7634043207219
241.83000000000004,-429.02,0.0,CD4_Tcell,1,315.7457019917681
85.34000000000003,418.43,0.0,other_tissue,0,842.9752177593592
-119.73000000000002,254.58,0.0,other_tissue,0,309.1657155023943
-195.62,246.51,0.0,other_tissue,0,308.96675768795996
204.73000000000002,-154.99,0.0,CAF,1,237.91498631885597
-422.18,-141.88,0.0,CD4_Tcell,1,240.53333854604884
488.22,425.7,0.0,other_tissue,0,235.96143292547467
232.64999999999998,22.430000000000007,0.0,CAF,1,453.35809064974603
466.82000000000005,-483.79999999999995,0.0,other_tissue,0,280.8774261944333
244.29999999999995,304.19,0.0,other_tissue,0,213.10512822752415
-492.959,-412.51,0.0,CD8_Tcell,1,245.35340334873436
369.49,-106.67999999999995,0.0,CAF,1,164.07756438041815
260.95000000000005,305.74,0.0,CAF,1,333.93349993235296
-173.18,466.95,0.0,other_tissue,0,981.8923155844441
360.16999999999996,357.66999999999996,0.0,CAF,1,1035.1886280041429
463.05999999999995,-67.12,0.0,other_tissue,0,743.4887010122134
-206.43,323.13,0.0,CAF,1,332.2371707315421
-100.07,68.64999999999998,0.0,other_tissue,0,212.3554768036575
107.45000000000005,123.91000000000003,0.0,CAF,1,246.85374124948558
53.48000000000002,283.09000000000003,0.0,other_tissue,0,372.11511165236635
363.59000000000003,-360.83000000000004,0.0,other_tissue,0,210.07434801664556
-344.11,-446.77,0.0,other_tissue,0,262.3633093497256
-265.6,80.26999999999998,0.0,CAF,1,268.0122075882306
454.78,8.379999999999995,0.0,CAF,1,572.1505192632025
-69.83999999999997,480.94,0.0,CAF,1,335.3904164240327
-36.04000000000002,380.14,0.0,other_tissue,0,714.9293177548453
-236.35000000000002,-46.22000000000003,0.0,other_tissue,0,664.6902345805918
254.97000000000003,-165.17999999999995,0.0,CAF,1,152.29790386751574
182.84000000000003,397.23,0.0,other_tissue,0,479.38357261523583
-376.28,-334.49,0.0,CD4_Tcell,1,340.67039607232294
-495.138,-197.73000000000002,0.0,epithelial_tumor_class1,1,1048.8414920664807
25.440000000000055,399.25,0.0,other_tissue,0,724.1323041133421
381.49,-359.03999999999996,0.0,apCAF,1,206.44679356890072
270.19000000000005,55.93000000000001,0.0,CAF,1,275.2531102399321
458.76,84.76999999999998,0.0,other_tissue,0,395.0112821774501
431.39,106.41000000000003,0.0,epithelial_tumor_class1,1,556.9229045582794
-86.82999999999998,313.97,0.0,other_tissue,0,981.8923155844441
360.85,-242.65999999999997,0.0,other_tissue,0,389.4143723504415
-479.61,-226.42999999999995,0.0,other_tissue,0,233.99105684003783
394.40999999999997,390.12,0.0,CAF,1,712.3418417804996
200.16999999999996,-463.14,0.0,other_tissue,0,449.232454070067
19.360000000000014,203.44,0.0,other_tissue,0,558.2825176970462
-24.50999999999999,402.22,0.0,apCAF,1,208.8037404943385
353.04999999999995,446.1,0.0,CD4_Tcell,1,719.2298077678938
-449.27,473.02,0.0,CAF,1,642.5466719841702
-327.75,-98.58000000000004,0.0,epithelial_tumor_class1,1,430.30100867341577
248.62,-277.12,0.0,other_tissue,0,337.2145845651651
301.19000000000005,-411.75,0.0,CAF,1,827.6839965610723
138.41999999999996,-149.25,0.0,other_tissue,0,272.17472395751366
153.65999999999997,-156.36,0.0,CAF,1,609.3752751065033
2.660000000000025,-216.64,0.0,other_tissue,0,659.1257226181615
-408.09000000000003,-23.279999999999973,0.0,CD8_Tcell,1,218.07784662580661
-185.08999999999997,45.870000000000005,0.0,other_tissue,0,236.6175912144988
-63.420000000000016,13.230000000000018,0.0,CAF,1,242.93540145728744
-467.81,316.68,0.0,epithelial_tumor_class1,1,1259.0999149520385
-207.83999999999997,243.10000000000002,0.0,other_tissue,0,333.82876508078056
287.42999999999995,263.83000000000004,0.0,CAF,1,125.03597652270129
8.319999999999993,-211.07000000000005,0.0,other_tissue,0,822.2391910432132
-86.36000000000001,303.91999999999996,0.0,CAF,1,285.0565441333897
25.090000000000032,184.67000000000002,0.0,epithelial_tumor_class1,1,1062.6299872319512
308.01,488.39,0.0,other_tissue,0,374.39648207396255
-288.18,54.49000000000001,0.0,other_tissue,0,270.21948238104943
20.41999999999996,-410.78999999999996,0.0,other_tissue,0,410.1712997760879
420.45000000000005,-468.22,0.0,other_tissue,0,232.1503946787432
331.53999999999996,50.06,0.0,CAF,1,173.6348670667417
277.37,-190.53999999999996,0.0,other_tissue,0,311.1044812462199
-283.84000000000003,268.39,0.0,other_tissue,0,456.00311370034865
205.24,-280.11,0.0,other_tissue,0,265.4572784682222
328.38,-342.39,0.0,other_tissue,0,216.5570698545677
200.15999999999997,212.44,0.0,other_tissue,0,570.1697247081887
304.94000000000005,-201.82000000000005,0.0,other_tissue,0,194.13220763634607
-445.53,412.42,0.0,other_tissue,0,154.81481116448833
480.52,90.11000000000001,0.0,other_tissue,0,133.44028043741545
300.58000000000004,469.48,0.0,other_tissue,0,267.7107805432358
-98.87,111.22000000000003,0.0,other_tissue,0,256.8431961313446
-343.0,-313.67999999999995,0.0,CAF,1,1035.1886280041429
250.60000000000002,117.19,0.0,other_tissue,0,435.15653030905895
3.519999999999982,390.88,0.0,other_tissue,0,506.6323097018243
-43.339999999999975,248.77,0.0,other_tissue,0,419.3289160845251
-272.15999999999997,7.050000000000011,0.0,other_tissue,0,981.8923155844441
396.24,-416.14,0.0,other_tissue,0,293.8378671823993
-287.53,64.57999999999998,0.0,CAF,1,441.4488282320134
41.76999999999998,35.76999999999998,0.0,epithelial_tumor_class1,1,857.4056984889104
-79.54000000000002,278.90999999999997,0.0,other_tissue,0,332.78262077727703
-193.58999999999997,-5.889999999999986,0.0,CD8_Tcell,1,534.6714985002561
439.73,-334.9,0.0,CAF,1,230.36484049758116
-288.63,17.100000000000023,0.0,other_tissue,0,981.8923155844441
-1.7799999999999727,215.57,0.0,CAF,1,1035.1886280041429
373.86,-261.5,0.0,CAF,1,238.11000366763434
116.75,-452.30999999999995,0.0,other_tissue,0,327.2630446666432
-386.23,-173.45000000000005,0.0,other_tissue,0,644.8360071151857
-154.68,-70.87,0.0,CAF,1,171.55858656701957
-199.45999999999998,-354.0,0.0,other_tissue,0,280.39029571150735
-316.49,-211.10000000000002,0.0,other_tissue,0,156.90163892658657
-341.36,-367.70000000000005,0.0,apCAF,1,587.2122472185229
454.4,-20.100000000000023,0.0,CD4_Tcell,1,940.2472542546897
227.35000000000002,-424.90999999999997,0.0,other_tissue,0,161.3534442793971
-279.59000000000003,112.91000000000003,0.0,other_tissue,0,668.7685302983951
-140.63,178.05,0.0,other_tissue,0,392.53015528094886
-405.88,-204.29999999999995,0.0,epithelial_tumor_class1,1,642.6006881812655
315.83000000000004,-283.57000000000005,0.0,CAF,1,1013.2336109677291
-67.50999999999999,-365.52,0.0,CAF,1,237.44181613517048
427.89,355.77,0.0,epithelial_tumor_class1,1,846.4755760411615
226.39999999999998,-115.70000000000005,0.0,other_tissue,0,151.07374958315688
-52.829999999999984,-433.13,0.0,CAF,1,696.9099703213358
309.16999999999996,188.19,0.0,epithelial_tumor_class1,1,3008.5561682875987
-394.96,-160.39999999999998,0.0,other_tissue,0,413.53089274186937
390.95000000000005,-76.0,0.0,other_tissue,0,407.720083373088
-65.00999999999999,-413.85,0.0,CAF,1,338.0352668353219
-187.98000000000002,341.34000000000003,0.0,other_tissue,0,753.9156676682592
-42.5,-160.20000000000005,0.0,CAF,1,448.4528403004813
446.65999999999997,41.75,0.0,other_tissue,0,163.29614059819113
116.52999999999997,-338.34000000000003,0.0,other_tissue,0,981.8923155844441
301.44000000000005,-44.59000000000003,0.0,CAF,1,154.8845370955072
408.67999999999995,-162.53999999999996,0.0,epithelial_tumor_class1,1,785.163038506322
217.22000000000003,-208.95000000000005,0.0,other_tissue,0,382.1362681657884
-133.54000000000002,-52.90999999999997,0.0,CAF,1,881.5021852012983
-105.36000000000001,298.12,0.0,other_tissue,0,370.2667784658849
228.52999999999997,-366.05999999999995,0.0,other_tissue,0,564.1557220928373
-13.189999999999998,348.1,0.0,epithelial_tumor_class1,1,2086.8794448280223
18.17999999999995,-468.21000000000004,0.0,epithelial_tumor_class1,1,560.0549633958021
-258.48,-38.440000000000055,0.0,other_tissue,0,207.90294418247936
237.62,-21.50999999999999,0.0,CAF,1,292.4187753979507
82.70000000000005,89.00999999999999,0.0,CAF,1,221.9995414224093
-286.88,213.26999999999998,0.0,epithelial_tumor_class1,1,429.4031449659802
-383.90999999999997,126.66000000000003,0.0,CD4_Tcell,1,529.2107417897539
259.03,2.009999999999991,0.0,CAF,1,738.5781511461533
407.72,401.44,0.0,epithelial_tumor_class1,1,792.9469586648001
-243.14999999999998,195.17000000000002,0.0,other_tissue,0,297.72359594230073
-1.7900000000000205,305.56,0.0,other_tissue,0,515.8306536583126
-403.47,205.25,0.0,other_tissue,0,981.8923155844441
329.11,-66.60000000000002,0.0,CAF,1,224.99159301902887
334.33000000000004,355.62,0.0,other_tissue,0,276.4108972009693
-347.99,207.0,0.0,CAF,1,357.901618055251
218.21000000000004,-171.04999999999995,0.0,CAF,1,333.98005578602863
-431.97,-455.03999999999996,0.0,other_tissue,0,399.6636536438337
76.70000000000005,-384.63,0.0,epithelial_tumor_class1,1,696.0740128291336
-338.4,457.62,0.0,CAF,1,151.92583513826298
-189.57,-360.0,0.0,CAF,1,242.17365249290407
223.27999999999997,-207.74,0.0,other_tissue,0,252.0276341522309
-245.44,135.63,0.0,CAF,1,820.2671240558936
-402.74,-177.55999999999995,0.0,epithelial_tumor_class1,1,799.3234597100212
-315.13,130.54000000000002,0.0,other_tissue,0,466.00266087092155
473.54999999999995,-415.91999999999996,0.0,CD4_Tcell,1,441.9957832259624
385.09000000000003,223.44,0.0,other_tissue,0,677.553179314324
387.4,-125.79999999999995,0.0,other_tissue,0,981.8923155844441
-128.93,191.47000000000003,0.0,other_tissue,0,126.3647583959802
365.46000000000004,100.42000000000002,0.0,other_tissue,0,296.7435933336791
60.01999999999998,211.18,0.0,CAF,1,821.263365479758
350.35,332.74,0.0,other_tissue,0,294.2441635717696
-326.33000000000004,-360.86,0.0,other_tissue,0,270.58347784324855
-222.07,111.19999999999999,0.0,epithelial_tumor_class1,1,1123.4287583821686
-145.14999999999998,-310.05999999999995,0.0,other_tissue,0,428.8280520891484
-178.25,-408.03999999999996,0.0,other_tissue,0,533.5890819340096
213.28999999999996,191.29000000000002,0.0,epithelial_tumor_class1,1,1304.1454281228525
108.63999999999999,396.01,0.0,other_tissue,0,847.9694070656932
8.379999999999995,291.35,0.0,other_tissue,0,160.85230992977284
338.41999999999996,-39.539999999999964,0.0,apCAF,1,139.49649197088138
-432.47,-433.99,0.0,other_tissue,0,425.96067131495585
-452.46,129.17000000000002,0.0,other_tissue,0,556.3338798534803
-80.05000000000001,70.73000000000002,0.0,CD4_Tcell,1,317.09304152508184
419.03999999999996,-119.10000000000002,0.0,CAF,1,916.5005892703306
-125.64999999999998,225.7,0.0,other_tissue,0,155.8348892391663
336.97,461.06,0.0,other_tissue,0,401.2006009234355
-413.81,35.910000000000025,0.0,epithelial_tumor_class1,1,1032.89805187529
-94.69,71.32999999999998,0.0,CAF,1,232.7537227423149
5.600000000000023,180.01,0.0,other_tissue,0,677.6464488149568
18.629999999999995,189.56,0.0,other_tissue,0,340.5760493211197
39.97000000000003,233.05,0.0,other_tissue,0,246.01735771578365
286.45000000000005,-332.28,0.0,CAF,1,337.65993277736453
201.26,-110.40999999999997,0.0,other_tissue,0,320.21777389589147
272.33000000000004,-389.53,0.0,CD4_Tcell,1,488.3850084763271
-104.97000000000003,-227.84000000000003,0.0,other_tissue,0,787.0784545904377
212.44000000000005,86.72000000000003,0.0,other_tissue,0,406.1002165042858
-93.17000000000002,-247.76999999999998,0.0,other_tissue,0,920.0642466012152
-369.81,147.23000000000002,0.0,CD4_Tcell,1,203.35417737740448
-79.98000000000002,-165.89,0.0,other_tissue,0,533.0007341530865
-499.4932,359.49,0.0,other_tissue,0,490.78822731290757
-40.39999999999998,-330.48,0.0,CAF,1,354.39058046786397
-494.209,-406.13,0.0,CD4_Tcell,1,195.56251288010606
-450.87,-492.74,0.0,CAF,1,488.6849808335734
-421.92,-57.379999999999995,0.0,other_tissue,0,611.5154874667506
393.91999999999996,36.18000000000001,0.0,CAF,1,412.4983175943163
-301.47,82.57999999999998,0.0,CAF,1,549.1357853472616
148.72000000000003,-5.269999999999982,0.0,CAF,1,639.6522409849208
49.35000000000002,-33.66999999999996,0.0,CAF,1,429.47463704081076
-368.55,-211.37,0.0,other_tissue,0,133.09960885943505
-192.32,486.67,0.0,other_tissue,0,478.9985969452228
-38.639999999999986,-216.37,0.0,other_tissue,0,981.8923155844441
347.45000000000005,39.60000000000002,0.0,epithelial_tumor_class1,1,1106.9949422101852
-381.2,-228.86,0.0,other_tissue,0,248.08322636236866
-147.12,389.43,0.0,epithelial_tumor_class1,1,737.2157647524235
361.37,-148.79999999999995,0.0,other_tissue,0,411.48083945886293
171.58000000000004,-152.09000000000003,0.0,CAF,1,179.8407935060959
-201.87,228.33999999999997,0.0,other_tissue,0,386.5845241119656
309.36,-246.14,0.0,CD4_Tcell,1,259.54919469318213
-43.35000000000002,45.14999999999998,0.0,other_tissue,0,173.67249815668185
386.38,-110.71000000000004,0.0,other_tissue,0,194.91963503295364
-342.37,332.36,0.0,CAF,1,115.27700403392744
-118.88,-14.580000000000041,0.0,epithelial_tumor_class1,1,1291.0282262560115
-288.78999999999996,-461.03999999999996,0.0,CAF,1,893.3814276928725
-97.99000000000001,-282.91999999999996,0.0,CAF,1,632.7838711825904
-440.73,-201.85000000000002,0.0,other_tissue,0,369.4818488734933
400.80999999999995,-131.96000000000004,0.0,epithelial_tumor_class1,1,1076.843612194898
-231.16000000000003,126.25999999999999,0.0,other_tissue,0,459.93947885730836
-30.420000000000016,-281.55999999999995,0.0,other_tissue,0,521.2461136326958
63.360000000000014,260.12,0.0,CD4_Tcell,1,354.4632395382853
-335.39,7.7900000000000205,0.0,other_tissue,0,202.90298493884768
115.98000000000002,85.51999999999998,0.0,other_tissue,0,389.14365625651925
-298.76,-484.42999999999995,0.0,CAF,1,221.85772832881096
-212.2,211.8,0.0,other_tissue,0,435.03157576098204
-454.82,29.689999999999998,0.0,CAF,1,507.32412921336265
243.70000000000005,468.24,0.0,epithelial_tumor_class1,1,980.6827408766339
-61.389999999999986,-316.98,0.0,other_tissue,0,208.15762313848637
211.88,-473.20000000000005,0.0,other_tissue,0,227.8209462823846
-156.16000000000003,-95.54999999999995,0.0,other_tissue,0,981.8923155844441
427.05999999999995,-366.71000000000004,0.0,other_tissue,0,360.79815792678403
450.15,-476.84000000000003,0.0,epithelial_tumor_class1,1,998.040337286333
-265.49,193.82,0.0,other_tissue,0,981.8923155844441
253.27999999999997,-252.03999999999996,0.0,other_tissue,0,420.78005197427603
1.8999999999999773,208.54000000000002,0.0,CAF,1,334.7488522182753
76.92999999999995,216.51,0.0,epithelial_tumor_class1,1,907.5184004447375
183.44000000000005,-92.21000000000004,0.0,CAF,1,244.41642321574443
-11.310000000000002,-239.30999999999995,0.0,other_tissue,0,414.95517664549874
378.73,-457.78,0.0,other_tissue,0,321.32817139796964
382.12,-474.36,0.0,CAF,1,345.86251401545746
287.52,-424.52,0.0,other_tissue,0,512.1380730379766
-227.86,344.58000000000004,0.0,other_tissue,0,981.8923155844441
265.36,-113.46000000000004,0.0,CAF,1,724.8344740517489
-51.870000000000005,378.40999999999997,0.0,CAF,1,270.5227892472529
150.21000000000004,269.19,0.0,other_tissue,0,168.0589122585959
243.61,-281.33000000000004,0.0,CAF,1,297.51880206824404
337.40999999999997,-456.77,0.0,other_tissue,0,775.8979484083084
-41.889999999999986,316.7,0.0,CD4_Tcell,1,516.9823736079491
112.24000000000001,-171.01,0.0,other_tissue,0,177.06635773361907
-220.25,362.49,0.0,other_tissue,0,177.9828748091571
-22.19999999999999,322.39,0.0,other_tissue,0,286.1366336312688
339.85,153.82999999999998,0.0,other_tissue,0,347.0552794247211
71.46000000000004,46.69,0.0,CAF,1,320.6933447695795
-105.63,-485.01,0.0,other_tissue,0,286.28365219405157
387.25,-325.15,0.0,other_tissue,0,419.58635041179514
366.86,-150.49,0.0,CD8_Tcell,1,135.17146526669322
-391.82,27.5,0.0,other_tissue,0,218.15670055573764
86.12,195.27999999999997,0.0,other_tissue,0,194.31872505438676
353.24,47.68000000000001,0.0,other_tissue,0,210.73298613267255
32.370000000000005,305.59000000000003,0.0,CAF,1,907.4957355273934
477.46000000000004,74.06,0.0,other_tissue,0,758.6323938761982
228.91999999999996,-136.25,0.0,other_tissue,0,355.43297633683113
298.86,15.269999999999982,0.0,CAF,1,489.06011897917347
-228.88,356.88,0.0,CD4_Tcell,1,434.7262320168089
-439.99,-69.32000000000005,0.0,other_tissue,0,224.97370412569722
-321.23,-331.37,0.0,CAF,1,259.04774865883763
-234.23000000000002,391.38,0.0,CD8_Tcell,1,329.588077682763
432.20000000000005,-174.33000000000004,0.0,epithelial_tumor_class1,1,1451.6768168372032
289.76,-175.21000000000004,0.0,CAF,1,399.15221152152554
380.36,335.1,0.0,epithelial_tumor_class1,1,2526.279562051781
365.89,-391.73,0.0,CAF,1,370.04239954664916
-257.46000000000004,-439.98,0.0,other_tissue,0,402.6359985506343
377.64,464.08,0.0,epithelial_tumor_class1,1,1100.2294563163691
-260.95,-8.100000000000023,0.0,other_tissue,0,342.004905752954
108.96000000000004,-205.76,0.0,other_tissue,0,177.5318597074711
232.64999999999998,-126.57000000000005,0.0,CAF,1,194.8627392207962
313.32000000000005,-382.57000000000005,0.0,CAF,1,316.74461236700625
41.59000000000003,346.3,0.0,other_tissue,0,746.5688201052305
71.21000000000004,248.06,0.0,CAF,1,528.0251280590996
416.94000000000005,-127.88,0.0,other_tissue,0,686.3391624266972
-216.38,-473.16999999999996,0.0,other_tissue,0,159.18462294894033
411.9,113.92000000000002,0.0,other_tissue,0,555.3204222397414
-331.64,-244.5,0.0,other_tissue,0,120.68584106024876
435.59000000000003,-215.26,0.0,other_tissue,0,370.466302523815
292.28,432.36,0.0,other_tissue,0,622.6443021926792
-453.22,-436.94000000000005,0.0,CAF,1,480.6139135939534
280.11,-104.28999999999996,0.0,epithelial_tumor_class1,1,1885.8085347813967
-93.42000000000002,309.99,0.0,CAF,1,912.4228719402618
-340.38,-474.65,0.0,CAF,1,664.6902345805918
344.28,-462.20000000000005,0.0,CAF,1,562.5558661537067
278.69000000000005,344.15,0.0,other_tissue,0,336.60579550741414
46.16999999999996,-58.710000000000036,0.0,CAF,1,740.6149796227024
-152.2,263.27,0.0,other_tissue,0,121.47885097294933
66.63,198.93,0.0,epithelial_tumor_class1,1,429.4031449659802
386.75,47.75999999999999,0.0,CAF,1,255.8674233138854
366.48,388.42,0.0,other_tissue,0,814.4331081931447
-223.69,420.67,0.0,epithelial_tumor_class1,1,429.4031449659802
-412.15999999999997,-301.89,0.0,other_tissue,0,322.2024251575219
-460.76,-310.53999999999996,0.0,other_tissue,0,276.2775355194171
7.019999999999982,-324.20000000000005,0.0,CAF,1,319.7879008230258
-330.59000000000003,92.10000000000002,0.0,other_tissue,0,535.7713282300163
-123.74000000000001,17.439999999999998,0.0,CD4_Tcell,1,324.80042114575997
99.60000000000002,-282.6,0.0,other_tissue,0,212.07158681231954
-241.60000000000002,500.137,0.0,other_tissue,0,981.8923155844441
428.39,305.68,0.0,CAF,1,687.9207475193554
29.75999999999999,202.57999999999998,0.0,other_tissue,0,368.7477627102695
441.88,-34.27999999999997,0.0,other_tissue,0,403.7445093965094
441.12,215.44,0.0,other_tissue,0,298.3385413919859
380.88,-114.88999999999999,0.0,other_tissue,0,197.4258307542658
274.0,-73.01999999999998,0.0,other_tissue,0,262.21469339544393
-329.86,-404.44000000000005,0.0,epithelial_tumor_class1,1,728.9786838758184
440.08000000000004,-181.65999999999997,0.0,other_tissue,0,435.5315375119788
-483.49,375.61,0.0,other_tissue,0,657.7348922219701
-313.03,-195.39999999999998,0.0,other_tissue,0,205.40123918067638
-3.8700000000000045,-69.62,0.0,other_tissue,0,226.50663254257262
-372.83,-327.62,0.0,CAF,1,352.48079656176725
-72.82999999999998,372.5,0.0,other_tissue,0,981.8923155844441
404.99,-122.94000000000005,0.0,CAF,1,332.42278888700383
-77.58999999999997,401.64,0.0,other_tissue,0,561.7159193067869
-399.73,-109.63,0.0,other_tissue,0,119.35034694065556
87.28999999999996,-465.13,0.0,other_tissue,0,354.3300388279174
-183.08999999999997,27.94999999999999,0.0,epithelial_tumor_class1,1,2140.6016971195395
457.23,-467.59000000000003,0.0,other_tissue,0,144.6178248592775
-445.81,401.52,0.0,CD4_Tcell,1,414.8475696028524
-114.61000000000001,0.38999999999998636,0.0,CD4_Tcell,1,761.2097604632594
321.65,429.63,0.0,epithelial_tumor_class1,1,4171.488314369853
-200.55,48.22000000000003,0.0,other_tissue,0,881.9246196758104
-247.04,260.9,0.0,other_tissue,0,500.11421819546734
-286.21000000000004,-119.75999999999999,0.0,epithelial_tumor_class1,1,785.7805747313406
268.21000000000004,-169.39,0.0,CAF,1,231.93126142346082
-473.31,428.89,0.0,other_tissue,0,298.3709303771509
-237.36,-286.4,0.0,other_tissue,0,981.8923155844441
222.86,86.64999999999998,0.0,epithelial_tumor_class1,1,429.4031449659802
-454.18,-409.76,0.0,CAF,1,470.9616462439215
172.58000000000004,47.39999999999998,0.0,other_tissue,0,184.21307409625717
322.17999999999995,-319.72,0.0,CAF,1,510.71542513947566
-217.69,296.12,0.0,other_tissue,0,113.9874747529278
-77.16000000000003,333.24,0.0,epithelial_tumor_class1,1,1955.6716910515458
199.08000000000004,-450.28999999999996,0.0,other_tissue,0,289.28748766152887
132.01999999999998,393.42,0.0,other_tissue,0,529.5272049103343
403.19000000000005,-117.46000000000004,0.0,other_tissue,0,181.39373420702054
-46.829999999999984,264.8,0.0,epithelial_tumor_class1,1,1827.9846378719383
-400.3,-155.75,0.0,other_tissue,0,227.11814796202444
295.39,-494.87,0.0,other_tissue,0,263.5045643317478
-222.81,80.61000000000001,0.0,CD4_Tcell,1,401.88495148126543
-250.37,-60.85000000000002,0.0,other_tissue,0,981.8923155844441
493.90999999999997,-235.49,0.0,other_tissue,0,375.2638289007623
-214.55,138.36,0.0,other_tissue,0,138.01243030270433
-2.319999999999993,-135.91999999999996,0.0,other_tissue,0,208.07270705720876
-352.39,-475.27,0.0,CAF,1,496.83073752497194
-500.0674,-251.29999999999995,0.0,CD4_Tcell,1,163.28169323480108
-231.93,-38.809999999999945,0.0,CD4_Tcell,1,264.06150205882483
446.52,-244.84000000000003,0.0,other_tissue,0,289.2346085556907
144.80999999999995,-11.089999999999975,0.0,other_tissue,0,245.4576598249868
472.20000000000005,-30.019999999999982,0.0,epithelial_tumor_class1,1,1389.5606353618302
331.48,-447.85,0.0,other_tissue,0,526.5889627853128
-43.860000000000014,-366.0,0.0,other_tissue,0,299.38697310302456
152.13,126.32,0.0,CAF,1,173.51448410886974
494.21000000000004,-177.44000000000005,0.0,CAF,1,260.12025260249794
-416.18,156.47000000000003,0.0,other_tissue,0,178.60330832156288
-388.15,295.56,0.0,CAF,1,377.5327758447256
-348.32,-484.22,0.0,epithelial_tumor_class1,1,482.277467124832
-135.49,310.51,0.0,other_tissue,0,157.62726236136987
-493.94,-20.620000000000005,0.0,other_tissue,0,822.7273935601941
-57.31999999999999,58.56,0.0,CAF,1,364.030708049826
-305.58000000000004,-7.839999999999975,0.0,CAF,1,774.1026446548813
277.35,257.25,0.0,other_tissue,0,417.0977285428744
444.71000000000004,23.379999999999995,0.0,epithelial_tumor_class1,1,762.1172508760162
352.4,381.98,0.0,CAF,1,491.97771834263165
-210.26,119.26999999999998,0.0,epithelial_tumor_class1,1,639.957452838334
249.39,-238.46000000000004,0.0,other_tissue,0,258.8611006863242
-58.160000000000025,37.45999999999998,0.0,CAF,1,253.40007799521743
-159.37,219.99,0.0,CAF,1,679.5510154480237
149.01999999999998,364.26,0.0,epithelial_tumor_class1,1,791.7874879577788
-31.19999999999999,-369.77,0.0,CAF,1,482.9618228696921
-395.64,-343.04999999999995,0.0,CAF,1,488.6849808335734
-339.72,95.88,0.0,epithelial_tumor_class1,1,890.7150205387925
-284.52,368.15999999999997,0.0,other_tissue,0,981.8923155844441
347.0,-99.90999999999997,0.0,CAF,1,1035.1886280041429
-256.19,-289.97,0.0,other_tissue,0,285.46518973273
24.840000000000032,208.17000000000002,0.0,other_tissue,0,466.16255115543976
457.13,14.649999999999977,0.0,other_tissue,0,635.1928989618589
338.14,5.910000000000025,0.0,other_tissue,0,123.42260321797096
-499.9018,239.48000000000002,0.0,epithelial_tumor_class1,1,473.9979541324784
-155.27999999999997,242.70999999999998,0.0,epithelial_tumor_class1,1,751.8345214142632
-293.89,-304.25,0.0,other_tissue,0,248.52263284510335
86.02999999999997,-203.13,0.0,CAF,1,329.35738679893996
73.85000000000002,-78.90999999999997,0.0,other_tissue,0,550.888828546271
-151.72000000000003,-495.39,0.0,other_tissue,0,366.7123610827395
93.58000000000004,-377.40999999999997,0.0,other_tissue,0,525.5017398842099
-448.31,-167.24,0.0,CAF,1,206.44679356890072
130.90999999999997,359.32,0.0,CAF,1,641.125334624956
-241.88,180.14999999999998,0.0,other_tissue,0,248.6564681639904
-366.06,-491.78999999999996,0.0,other_tissue,0,250.19902940122861
-175.07,295.83000000000004,0.0,other_tissue,0,162.18618520848742
-228.93,-307.11,0.0,other_tissue,0,554.8794627751978
301.34000000000003,-398.53,0.0,CAF,1,300.47039897710357
-292.91999999999996,-491.66999999999996,0.0,CD8_Tcell,1,845.0483368221176
322.92999999999995,225.26999999999998,0.0,other_tissue,0,669.7305474565173
366.32000000000005,499.1092,0.0,other_tissue,0,611.9859599296731
324.94000000000005,119.44,0.0,CAF,1,357.0734149506854
-101.27999999999997,-349.36,0.0,other_tissue,0,164.43291979770126
260.77,-352.67999999999995,0.0,CAF,1,883.5043850393895
85.02999999999997,82.41000000000003,0.0,CAF,1,160.26658780909074
230.70000000000005,-435.6,0.0,CAF,1,313.597906263761
256.41999999999996,-185.55999999999995,0.0,other_tissue,0,321.8729748505772
254.14,359.06,0.0,other_tissue,0,502.3876229947325
53.539999999999964,-471.77,0.0,other_tissue,0,130.88066645654914
304.84000000000003,266.28999999999996,0.0,CAF,1,489.7959465512172
-384.85,-493.27,0.0,other_tissue,0,255.0885868556606
-399.19,315.72,0.0,CD8_Tcell,1,224.17860798380832
-282.27,471.97,0.0,other_tissue,0,255.41939894715142
399.1,-10.139999999999986,0.0,CD4_Tcell,1,465.4941622991011
354.53,-93.87,0.0,other_tissue,0,159.85315624373345
-407.67,305.7,0.0,CAF,1,326.9760557516918
-16.54000000000002,-75.10000000000002,0.0,CD4_Tcell,1,308.1828120083784
-337.57,-143.48000000000002,0.0,other_tissue,0,506.2635965971983
-500.3206,-191.04999999999995,0.0,epithelial_tumor_class1,1,588.1283348026692
169.37,-207.69000000000005,0.0,other_tissue,0,137.5802279110302
359.73,220.41000000000003,0.0,epithelial_tumor_class1,1,820.2459361878354
82.51999999999998,490.098,0.0,other_tissue,0,166.96410926721907
-69.88,427.03,0.0,CAF,1,524.4317389661402
-56.75,-197.99,0.0,CAF,1,591.2569719486598
269.71000000000004,-402.05999999999995,0.0,other_tissue,0,549.5736969627367
-385.93,-477.65,0.0,other_tissue,0,219.3681754962186
-74.98000000000002,340.56,0.0,epithelial_tumor_class1,1,1098.0662194435238
-483.83,-441.46000000000004,0.0,other_tissue,0,194.01873375160318
-43.23000000000002,477.32,0.0,CD4_Tcell,1,215.8689423878145
12.769999999999982,205.44,0.0,other_tissue,0,202.98648869038152
422.78,-174.89999999999998,0.0,CAF,1,197.4258307542658
-464.11,-177.84000000000003,0.0,other_tissue,0,512.6954797138204
382.53999999999996,451.15999999999997,0.0,epithelial_tumor_class1,1,1421.7218514660506
408.20000000000005,-133.24,0.0,other_tissue,0,615.6534300578895
-399.52,153.86,0.0,other_tissue,0,441.2245670361753
429.71000000000004,181.27999999999997,0.0,epithelial_tumor_class1,1,952.3430919686505
-331.43,127.85000000000002,0.0,other_tissue,0,106.62019190778618
-476.79,142.32999999999998,0.0,other_tissue,0,187.23552448156664
-310.1,125.62,0.0,other_tissue,0,376.9142146877419
468.38,-76.85000000000002,0.0,other_tissue,0,200.31743522619553
387.28,-190.13,0.0,CAF,1,318.0947900649489
-22.80000000000001,-223.36,0.0,other_tissue,0,226.5156174544127
-226.14999999999998,75.38999999999999,0.0,CAF,1,439.08390384745155
378.51,407.58,0.0,CAF,1,413.22228093519396
489.78999999999996,-1.2699999999999818,0.0,CAF,1,689.7878755389775
-499.5651,-51.289999999999964,0.0,other_tissue,0,312.09358382298393
387.79999999999995,355.19,0.0,CD4_Tcell,1,125.09039958368184
-158.39999999999998,-372.6,0.0,other_tissue,0,215.7645444003174
212.10000000000002,400.74,0.0,other_tissue,0,981.8923155844441
-273.18,-406.03999999999996,0.0,CAF,1,189.36441430401277
408.51,-195.19000000000005,0.0,CAF,1,419.5050439817555
-22.420000000000016,253.25,0.0,CAF,1,1035.1886280041429
295.26,222.19,0.0,other_tissue,0,714.7166773340175
184.77999999999997,289.07,0.0,CAF,1,147.95415135954727
-303.36,393.12,0.0,apCAF,1,288.60056182641796
-380.18,-320.02,0.0,CAF,1,183.81411887538425
417.59000000000003,-92.32000000000005,0.0,CAF,1,409.1709800052195
394.6,324.03999999999996,0.0,other_tissue,0,227.9382201064235
475.78,-47.90999999999997,0.0,other_tissue,0,482.32207930237007
454.39,269.05,0.0,other_tissue,0,212.63962003522616
-35.76999999999998,427.75,0.0,CAF,1,423.3241805711413
289.57000000000005,-117.28999999999996,0.0,CD4_Tcell,1,206.48902727311275
-249.02,-86.23000000000002,0.0,other_tissue,0,653.2828213384336
411.69000000000005,-151.52999999999997,0.0,other_tissue,0,489.09013832170433
348.76,-447.26,0.0,other_tissue,0,585.9414821999995
448.27,-397.72,0.0,apCAF,1,377.19185237937063
401.39,-480.01,0.0,other_tissue,0,191.9676648735716
281.17999999999995,-145.66999999999996,0.0,other_tissue,0,269.60345773743234
434.94000000000005,-373.74,0.0,CAF,1,372.8035567706016
236.42999999999995,-222.03999999999996,0.0,other_tissue,0,334.63229215378453
101.12,253.54,0.0,CD4_Tcell,1,230.58298613716687
-432.53,470.73,0.0,other_tissue,0,197.08989145883626
-429.06,284.82,0.0,CD8_Tcell,1,272.15441417922233
342.96000000000004,355.95,0.0,epithelial_tumor_class1,1,1880.8303568266201
-446.82,-156.09000000000003,0.0,CAF,1,464.4347702054591
385.27,-74.00999999999999,0.0,other_tissue,0,438.6091431084704
-218.24,-268.51,0.0,other_tissue,0,414.3232516676591
-445.65,429.8,0.0,CAF,1,244.49205003345324
117.64999999999998,-87.62,0.0,other_tissue,0,334.9820535420335
-131.38,-353.5,0.0,other_tissue,0,179.22518201428005
-52.829999999999984,271.65,0.0,CAF,1,693.380710498638
313.16999999999996,42.139999999999986,0.0,other_tissue,0,300.82850227168257
-106.30000000000001,-167.71000000000004,0.0,other_tissue,0,158.02978086176768
-76.66000000000003,19.839999999999975,0.0,CD4_Tcell,1,531.0796979722556
-81.58999999999997,424.07,0.0,other_tissue,0,383.11755294500995
-123.38,-2.0299999999999727,0.0,apCAF,1,236.2570158751258
209.13,173.25,0.0,CD4_Tcell,1,187.24343829392214
-86.79000000000002,33.95999999999998,0.0,CAF,1,258.2526625307795
284.78,92.69999999999999,0.0,other_tissue,0,272.59129711517335
-472.23,-327.70000000000005,0.0,other_tissue,0,739.289627276195
-458.77,-407.14,0.0,CAF,1,318.69233804302206
369.66999999999996,-327.02,0.0,CAF,1,364.1293379698505
179.91999999999996,79.99000000000001,0.0,other_tissue,0,158.48254744043265
-37.629999999999995,329.2,0.0,CAF,1,249.36468168390033
123.60000000000002,-454.99,0.0,CAF,1,202.57753912747978
-149.60000000000002,-43.75,0.0,other_tissue,0,275.9596923233602
-425.22,-477.49,0.0,other_tissue,0,429.87391776652305
-205.16000000000003,-226.12,0.0,other_tissue,0,156.69773970962555
90.16999999999996,222.16000000000003,0.0,other_tissue,0,909.2647325651004
147.96000000000004,71.38999999999999,0.0,epithelial_tumor_class1,1,921.0023793666
-79.72000000000003,438.26,0.0,CAF,1,253.9911755670017
192.07000000000005,462.85,0.0,other_tissue,0,255.22476898426817
-413.44,176.23000000000002,0.0,other_tissue,0,593.5253277826546
54.74000000000001,-124.25,0.0,other_tissue,0,191.11600009178056
-408.51,84.48000000000002,0.0,CAF,1,681.4591473423826
-260.95,-371.02,0.0,other_tissue,0,369.95516556455993
134.82000000000005,-129.33000000000004,0.0,CD4_Tcell,1,490.60771303997393
-288.97,148.83999999999997,0.0,other_tissue,0,467.93833265478645
-104.04000000000002,338.44,0.0,CAF,1,531.6825005509559
-357.9,-305.37,0.0,other_tissue,0,366.46465499532076
-432.64,51.139999999999986,0.0,CAF,1,228.82357981846718
-223.8,-43.67999999999995,0.0,other_tissue,0,638.9882918454208
-145.51,-256.32000000000005,0.0,other_tissue,0,935.2897347420738
458.25,215.20999999999998,0.0,other_tissue,0,981.8923155844441
-416.34000000000003,104.95999999999998,0.0,CAF,1,1035.1886280041429
405.9,-204.79999999999995,0.0,apCAF,1,1036.141809933224
104.38999999999999,279.2,0.0,other_tissue,0,229.17655358341213
-192.63,211.05,0.0,other_tissue,0,414.4979751957593
-253.63,107.35000000000002,0.0,CAF,1,287.17734607910404
400.4,-73.33000000000004,0.0,other_tissue,0,250.38149052780398
176.14,-222.75,0.0,CAF,1,261.11667924547595
-5.360000000000014,310.32,0.0,other_tissue,0,168.95149361575213
129.90999999999997,-123.20000000000005,0.0,other_tissue,0,162.5460071149996
-129.91000000000003,211.77999999999997,0.0,apCAF,1,197.30288188798426
-112.69,360.07,0.0,other_tissue,0,197.05713731183295
-95.82999999999998,168.29000000000002,0.0,other_tissue,0,153.61879834817623
-438.31,69.31,0.0,other_tissue,0,129.75571297432708
-322.47,-77.49000000000001,0.0,other_tissue,0,192.66856032222785
-379.59000000000003,477.11,0.0,other_tissue,0,126.32822857814949
284.45000000000005,136.45,0.0,CD8_Tcell,1,126.48048260962243
457.9,-44.200000000000045,0.0,epithelial_tumor_class1,1,1286.13204406125
-44.44,-212.16999999999996,0.0,other_tissue,0,556.1376306178786
-289.43,-433.44000000000005,0.0,CAF,1,349.5330109091277
389.40999999999997,-300.39,0.0,other_tissue,0,230.58298613716687
-275.40999999999997,-366.59000000000003,0.0,other_tissue,0,97.04850724883252
260.01,-41.17999999999995,0.0,other_tissue,0,981.8923155844441
385.21000000000004,117.63,0.0,other_tissue,0,205.26658663811
492.44000000000005,-112.00999999999999,0.0,epithelial_tumor_class1,1,2905.938478256213
427.62,-389.88,0.0,other_tissue,0,225.67207386404917
20.269999999999982,212.76999999999998,0.0,CAF,1,328.33211766305345
-383.28,-68.34000000000003,0.0,CAF,1,108.80427655154458
-14.740000000000009,-66.77999999999997,0.0,other_tissue,0,93.28379662192921
209.28999999999996,131.05,0.0,CAF,1,213.41584415563355
-427.2,-319.92999999999995,0.0,other_tissue,0,480.2875943246244
-83.99000000000001,-347.0,0.0,CD4_Tcell,1,240.66429024798012
-240.47000000000003,-461.28999999999996,0.0,CAF,1,169.55076924421425
170.53999999999996,248.99,0.0,other_tissue,0,246.7110420641663
85.59000000000003,-75.66999999999996,0.0,other_tissue,0,154.97521210028694
126.88,-64.86000000000001,0.0,other_tissue,0,144.05229704126862
102.04999999999995,-338.48,0.0,other_tissue,0,127.54356074938721
279.17999999999995,-406.1,0.0,other_tissue,0,667.401094861404
-456.18,-116.42999999999995,0.0,CAF,1,124.01094832398569
-190.41000000000003,297.11,0.0,other_tissue,0,141.50924666443623
451.23,466.31,0.0,other_tissue,0,156.85943837841938
196.21000000000004,-315.39,0.0,other_tissue,0,279.8313095618743
182.15999999999997,313.52,0.0,epithelial_tumor_class1,1,485.3621658826068
-134.2,386.48,0.0,other_tissue,0,413.6516956981098
-252.97,201.14,0.0,CAF,1,622.5032635888094
-315.3,-107.46000000000004,0.0,other_tissue,0,237.97069469157918
361.64,-441.21000000000004,0.0,other_tissue,0,367.8160067742749
-470.09,129.22000000000003,0.0,other_tissue,0,168.16202491991737
395.41999999999996,-156.30999999999995,0.0,other_tissue,0,240.71107022884834
105.04999999999995,-253.48000000000002,0.0,other_tissue,0,365.042509410239
374.28999999999996,-250.23000000000002,0.0,other_tissue,0,231.83087145073355
308.4,-360.07000000000005,0.0,CAF,1,237.2100992867293
-409.52,314.27,0.0,other_tissue,0,221.80456399288695
-395.32,-479.13,0.0,other_tissue,0,277.9527915586475
68.90999999999997,-168.44000000000005,0.0,other_tissue,0,262.9881095697372
-140.93,111.80000000000001,0.0,other_tissue,0,133.3771493032789
-3.5500000000000114,20.319999999999993,0.0,other_tissue,0,110.31564417827207
-309.01,-54.549999999999955,0.0,CAF,1,361.0433042218894
-182.39,399.86,0.0,other_tissue,0,79.40536905983258
-234.14999999999998,-491.34000000000003,0.0,CD4_Tcell,1,324.9261149537077
108.75,-195.64999999999998,0.0,apCAF,1,275.29403854888545
283.59000000000003,177.55,0.0,other_tissue,0,952.7176277601711
290.62,-181.11,0.0,CAF,1,211.21285937176233
154.52999999999997,343.53,0.0,epithelial_tumor_class1,1,435.7955605794232
-331.72,12.639999999999986,0.0,other_tissue,0,235.12221653752079
134.92999999999995,347.6,0.0,other_tissue,0,150.59414348646305
67.23000000000002,-427.57000000000005,0.0,epithelial_tumor_class1,1,595.7994779040496
161.64999999999998,479.36,0.0,other_tissue,0,140.3632781606696
-272.33000000000004,-223.67999999999995,0.0,other_tissue,0,203.92329645974658
-478.73,-313.83000000000004,0.0,CAF,1,315.7457019917681
405.64,-173.32000000000005,0.0,CAF,1,500.2361056092404
-6.550000000000011,-48.389999999999986,0.0,other_tissue,0,141.31235360939672
-46.35000000000002,487.12,0.0,apCAF,1,281.1782773468432
-213.83999999999997,316.38,0.0,CAF,1,615.1985697659388
319.63,-412.48,0.0,other_tissue,0,157.47208734580303
434.75,-468.71000000000004,0.0,CD4_Tcell,1,351.5525709535836
451.52,-13.159999999999968,0.0,apCAF,1,799.3234597100212
296.96000000000004,-387.97,0.0,CAF,1,273.11006640779317
461.61,-394.77,0.0,other_tissue,0,552.4664978129184
-2.2799999999999727,-62.539999999999964,0.0,CAF,1,132.38859921916537
-410.38,230.5,0.0,other_tissue,0,429.95655845709155
111.69000000000005,36.81,0.0,other_tissue,0,172.07422600439074
378.01,280.87,0.0,other_tissue,0,222.60292127641873
302.67999999999995,1.339999999999975,0.0,other_tissue,0,129.76191041010836
-258.45,-243.03999999999996,0.0,other_tissue,0,457.638131645228
-228.26999999999998,-395.76,0.0,CAF,1,257.2341988239685
-473.43,154.58999999999997,0.0,other_tissue,0,125.4233281281725
202.67999999999995,-143.89999999999998,0.0,CD4_Tcell,1,272.6319611409308
-209.23000000000002,477.35,0.0,other_tissue,0,168.92193640264304
232.65999999999997,391.37,0.0,other_tissue,0,335.1453588941529
-495.892,-448.42999999999995,0.0,CAF,1,264.1013133262491
-404.7,226.91000000000003,0.0,other_tissue,0,190.90748659807457
141.51999999999998,-79.69000000000005,0.0,other_tissue,0,137.72204546472247
159.45000000000005,386.04,0.0,epithelial_tumor_class1,1,2985.234910903869
-49.129999999999995,-206.23000000000002,0.0,other_tissue,0,432.6896467305946
389.76,-84.82000000000005,0.0,other_tissue,0,180.29570905040995
427.5,237.0,0.0,other_tissue,0,228.2902830376885
-422.07,-214.73000000000002,0.0,other_tissue,0,197.99205343665346
245.95000000000005,-358.25,0.0,CAF,1,219.9579692321309
335.09000000000003,-279.33000000000004,0.0,CAF,1,304.77548387982193
-25.44999999999999,-44.700000000000045,0.0,CAF,1,171.34217636430577
-134.51,162.38,0.0,other_tissue,0,435.7955605794232
-73.47000000000003,-213.53999999999996,0.0,other_tissue,0,824.7459297660246
48.50999999999999,381.25,0.0,CD4_Tcell,1,211.5818275172737
-21.69999999999999,-405.1,0.0,other_tissue,0,388.4352325892633
-119.47000000000003,-478.27,0.0,other_tissue,0,201.16299347938028
45.09000000000003,409.51,0.0,CAF,1,853.6794003451525
-166.83999999999997,182.02999999999997,0.0,other_tissue,0,307.8740153020396
-309.22,-250.70000000000005,0.0,other_tissue,0,135.40086460571925
361.85,334.05,0.0,CAF,1,1035.1886280041429
233.22000000000003,-461.4,0.0,other_tissue,0,240.9825136655091
398.46000000000004,-177.66999999999996,0.0,other_tissue,0,298.85704649555873
267.84000000000003,-23.210000000000036,0.0,other_tissue,0,377.0530164973387
-320.62,-245.24,0.0,other_tissue,0,109.9822749871602
107.30999999999995,353.68,0.0,other_tissue,0,152.80876173927672
-367.0,-462.61,0.0,other_tissue,0,177.83754937314018
-237.24,370.16999999999996,0.0,CAF,1,284.56459221300105
-319.58000000000004,108.77999999999997,0.0,other_tissue,0,276.24676583970665
269.53999999999996,-345.04999999999995,0.0,CAF,1,129.2605571920705
138.64999999999998,235.87,0.0,other_tissue,0,615.3385029079952
-89.91000000000003,329.07,0.0,CAF,1,532.2539972780131
-498.747,-139.79999999999995,0.0,CAF,1,385.16195532581105
60.039999999999964,-435.04999999999995,0.0,other_tissue,0,240.13142677772478
60.039999999999964,336.4,0.0,CAF,1,483.0064772399725
92.75999999999999,286.89,0.0,other_tissue,0,178.22781235877602
323.55999999999995,-453.77,0.0,other_tissue,0,288.61112167134286
127.42999999999995,233.58999999999997,0.0,other_tissue,0,127.60483754193518
29.860000000000014,59.14999999999998,0.0,other_tissue,0,210.80149490526134
-281.37,360.24,0.0,other_tissue,0,452.3029519952858
232.17999999999995,123.48000000000002,0.0,CAF,1,146.242729129162
354.65999999999997,40.69999999999999,0.0,CAF,1,342.51364200922484
-83.0,341.8,0.0,other_tissue,0,797.3466369097624
-52.97000000000003,-9.009999999999991,0.0,CD4_Tcell,1,391.14475601349665
-203.83999999999997,222.79000000000002,0.0,other_tissue,0,250.03584986624293
267.01,-48.200000000000045,0.0,CAF,1,463.75354713900487
-131.13,422.81,0.0,other_tissue,0,300.8827851549854
-346.36,-427.74,0.0,CAF,1,273.1406027284556
347.62,-28.039999999999964,0.0,other_tissue,0,115.14532651002034
-214.14,-275.98,0.0,CAF,1,379.6460164031368
443.75,320.73,0.0,other_tissue,0,671.3421383807063
-26.45999999999998,360.52,0.0,other_tissue,0,119.26244714529278
141.45000000000005,172.17000000000002,0.0,other_tissue,0,351.2515498165935
-492.255,409.96,0.0,CAF,1,300.6439893048974
217.36,61.18000000000001,0.0,other_tissue,0,291.1423193075314
-319.37,48.110000000000014,0.0,other_tissue,0,376.13251425542273
-427.96,-126.63999999999999,0.0,CAF,1,199.6641727845034
-361.88,28.089999999999975,0.0,other_tissue,0,598.3369315118599
494.27,61.26999999999998,0.0,other_tissue,0,422.9834642247866
-334.78,333.95,0.0,CAF,1,161.05263896564784
-324.55,292.65,0.0,CAF,1,335.9860534071768
-91.14999999999998,110.95999999999998,0.0,CD4_Tcell,1,209.8778784854362
-96.57,283.4,0.0,other_tissue,0,97.42175066497815
-395.46,-222.99,0.0,other_tissue,0,118.98145784051081
486.03,-54.76999999999998,0.0,other_tissue,0,353.4952681841207
-289.08000000000004,35.98000000000002,0.0,epithelial_tumor_class1,1,725.3418789817865
-170.04000000000002,9.800000000000011,0.0,CAF,1,344.3516453641318
-16.160000000000025,272.09000000000003,0.0,apCAF,1,120.84534815586309
-175.89,416.1,0.0,other_tissue,0,424.51129964947046
440.04999999999995,-326.72,0.0,other_tissue,0,126.63285892562591
-388.58,-372.17999999999995,0.0,CAF,1,236.2570158751258
-16.569999999999993,-18.74000000000001,0.0,CAF,1,164.6580012569111
87.63,-131.74,0.0,other_tissue,0,133.80683389771957
-62.02999999999997,-386.76,0.0,CAF,1,132.7658103115367
423.51,-414.54999999999995,0.0,CAF,1,146.76014434067622
296.67999999999995,4.6299999999999955,0.0,other_tissue,0,147.13047287314
484.45000000000005,-100.20000000000005,0.0,epithelial_tumor_class1,1,3108.202782496438
-361.56,-317.80999999999995,0.0,other_tissue,0,401.0822345595748
374.41999999999996,-393.30999999999995,0.0,CAF,1,391.64933643860394
81.70000000000005,-347.38,0.0,other_tissue,0,236.9229798234953
23.019999999999982,198.19,0.0,other_tissue,0,266.2770841883123
284.08000000000004,-31.0,0.0,other_tissue,0,238.53755685504646
421.92999999999995,-132.54999999999995,0.0,other_tissue,0,415.2511919572358
-179.07999999999998,-16.519999999999982,0.0,apCAF,1,1036.0638185596442
390.79999999999995,395.4,0.0,other_tissue,0,451.6051808175509
-184.36,219.82,0.0,other_tissue,0,179.63286728918197
-492.104,-205.40999999999997,0.0,other_tissue,0,155.52699821348597
-284.35,-385.28,0.0,other_tissue,0,154.87059023480938
246.02999999999997,-343.13,0.0,other_tissue,0,307.91811648234835
-265.98,-443.35,0.0,other_tissue,0,222.66509590094714
-196.17000000000002,320.74,0.0,CD8_Tcell,1,566.2053121450484
-500.1837,-103.82000000000005,0.0,CD8_Tcell,1,444.68098534522153
248.64,-119.94000000000005,0.0,CD4_Tcell,1,215.14754496311357
-183.93,-401.66999999999996,0.0,other_tissue,0,204.0657419507504
121.15999999999997,343.11,0.0,CAF,1,122.68083729742293
-18.689999999999998,357.28999999999996,0.0,other_tissue,0,605.0406512338881
-31.560000000000002,55.639999999999986,0.0,epithelial_tumor_class1,1,505.2658970458324
-209.76999999999998,358.66999999999996,0.0,other_tissue,0,137.81234372138655
16.809999999999945,-279.40999999999997,0.0,other_tissue,0,299.40861605632364
-118.44999999999999,-347.01,0.0,other_tissue,0,170.16631009596685
-106.32,152.58999999999997,0.0,other_tissue,0,181.99876733199807
-237.12,-1.9499999999999886,0.0,other_tissue,0,124.71580532099381
-134.93,231.07,0.0,other_tissue,0,127.8194608701952
131.74,-60.059999999999945,0.0,other_tissue,0,117.83866529535368
409.76,222.66000000000003,0.0,other_tissue,0,341.3076924287134
0.160000000000025,-490.48,0.0,other_tissue,0,208.87183052032285
-279.27,-439.80999999999995,0.0,other_tissue,0,205.13199295682563
183.47000000000003,335.38,0.0,other_tissue,0,667.2533757517368
-137.63,266.07,0.0,other_tissue,0,105.88248868733676
353.12,-33.89999999999998,0.0,CAF,1,481.10366958238177
293.20000000000005,163.24,0.0,other_tissue,0,130.55058974827443
-481.6,343.71000000000004,0.0,other_tissue,0,203.98194245472635
-293.6,-466.78999999999996,0.0,other_tissue,0,138.23856716332406
241.04999999999995,-484.98,0.0,other_tissue,0,169.72860414196953
-289.25,-350.34000000000003,0.0,other_tissue,0,119.73174514908484
307.79999999999995,-409.03999999999996,0.0,other_tissue,0,708.3762682857433
-349.13,192.57999999999998,0.0,other_tissue,0,115.87366877735198
3.160000000000025,-56.289999999999964,0.0,other_tissue,0,282.009325140755
-375.28,110.38999999999999,0.0,other_tissue,0,272.4185201153219
35.14999999999998,-196.64,0.0,other_tissue,0,417.36775295953277
393.27,341.52,0.0,other_tissue,0,487.0665884041073
-82.38999999999999,229.49,0.0,other_tissue,0,126.58408519695702
225.16999999999996,126.27999999999997,0.0,CAF,1,460.775618668486
339.80999999999995,-446.76,0.0,other_tissue,0,326.33380952924404
-36.48000000000002,155.87,0.0,other_tissue,0,369.91778376948224
-234.51,-435.51,0.0,other_tissue,0,103.6097803751331
313.85,-372.90999999999997,0.0,CD8_Tcell,1,301.5238164033802
212.59000000000003,-67.91999999999996,0.0,CAF,1,321.6345476310792
-350.25,-94.89999999999998,0.0,other_tissue,0,805.1898135216923
-217.88,476.14,0.0,other_tissue,0,120.2258313461538
372.5,-389.16999999999996,0.0,CAF,1,650.773764238756
-8.740000000000009,6.5400000000000205,0.0,other_tissue,0,203.44616887491307
100.61000000000001,390.78,0.0,other_tissue,0,188.1073813452209
-445.82,-181.13,0.0,CAF,1,132.15634224266515
117.50999999999999,358.16999999999996,0.0,CAF,1,316.4413498540482
-85.04000000000002,329.61,0.0,other_tissue,0,397.3329283705059
91.58000000000004,332.08000000000004,0.0,other_tissue,0,250.17982812503016
483.61,84.48000000000002,0.0,other_tissue,0,321.36220358950607
-201.20999999999998,-450.96000000000004,0.0,other_tissue,0,226.19231029289213
237.94000000000005,-184.07000000000005,0.0,other_tissue,0,353.0723354552166
148.13,-118.24000000000001,0.0,other_tissue,0,318.9405964480471
-156.14,-461.99,0.0,CAF,1,191.93548073400407
-326.32,270.36,0.0,other_tissue,0,145.67297031480823
-246.87,208.16000000000003,0.0,CD8_Tcell,1,211.69346055798187
420.58000000000004,-262.05999999999995,0.0,CAF,1,214.30650488336684
-219.95999999999998,-281.37,0.0,other_tissue,0,628.179174131793
-373.35,-455.96000000000004,0.0,other_tissue,0,136.988227494579
35.879999999999995,320.45,0.0,apCAF,1,178.38101238394015
-326.5,217.07999999999998,0.0,other_tissue,0,208.2085838751147
470.54999999999995,-59.15999999999997,0.0,other_tissue,0,585.3321667469635
228.59000000000003,88.17000000000002,0.0,CAF,1,108.80427655154458
380.26,352.95,0.0,other_tissue,0,104.87909148976561
336.89,119.38999999999999,0.0,other_tissue,0,214.30650488336684
-372.03,308.27,0.0,other_tissue,0,177.17312221657238
223.19000000000005,-307.71000000000004,0.0,other_tissue,0,281.3755031596348
-409.98,25.850000000000023,0.0,other_tissue,0,347.9755752226489
135.73000000000002,324.09000000000003,0.0,other_tissue,0,187.5680966311664
76.61000000000001,397.68,0.0,other_tissue,0,265.17773067143384
-67.5,175.04000000000002,0.0,CAF,1,381.2075078467752
286.62,-365.59000000000003,0.0,CAF,1,923.1785518258991
-128.61,280.26,0.0,other_tissue,0,119.85513954383774
384.72,-414.94000000000005,0.0,CD4_Tcell,1,176.21378552617605
476.37,-41.870000000000005,0.0,other_tissue,0,155.0659224877787
-434.09000000000003,237.51999999999998,0.0,CAF,1,760.9678847468024
-487.2,411.93,0.0,other_tissue,0,219.13079578807827
412.49,-116.02999999999997,0.0,CAF,1,318.80516679613504
240.46000000000004,42.10000000000002,0.0,CD8_Tcell,1,251.352904740771
181.48000000000002,-481.38,0.0,other_tissue,0,981.8923155844441
-93.52999999999997,-118.03999999999996,0.0,other_tissue,0,312.460861821566
-110.11000000000001,449.97,0.0,CAF,1,376.5358374425235
-65.58999999999997,128.39999999999998,0.0,CAF,1,401.7137909420489
385.91999999999996,326.73,0.0,other_tissue,0,575.0550570489692
51.08000000000004,223.24,0.0,other_tissue,0,243.00130649937293
-80.25,-74.78999999999996,0.0,CAF,1,161.28895449427728
-187.54000000000002,-465.37,0.0,CD4_Tcell,1,525.4387584023431
213.32000000000005,-126.47000000000003,0.0,CAF,1,183.18946789656255
-460.31,500.8607,0.0,other_tissue,0,635.9257381517485
-17.939999999999998,-141.66999999999996,0.0,other_tissue,0,121.46105911522727
-499.8541,-303.66999999999996,0.0,other_tissue,0,176.70824781970643
-59.70999999999998,-90.55999999999995,0.0,other_tissue,0,140.61812762588121
33.379999999999995,-317.0,0.0,other_tissue,0,189.18904983208606
407.34000000000003,-154.5,0.0,CAF,1,279.6348060808011
195.26,-230.26,0.0,CAF,1,159.2272394908883
-60.81,434.38,0.0,epithelial_tumor_class1,1,429.4031449659802
272.6,-360.89,0.0,CAF,1,258.07619794488363
432.98,-95.04999999999995,0.0,CAF,1,264.9183263681642
-178.63,252.41,0.0,other_tissue,0,139.6656574744443
307.77,-117.24000000000001,0.0,CD4_Tcell,1,235.23276835175406
294.42999999999995,-152.07000000000005,0.0,CAF,1,479.9169563036268
285.07000000000005,-325.89,0.0,CAF,1,303.9002691459242
-197.68,141.32,0.0,CAF,1,233.42225662179766
-158.45,-302.46000000000004,0.0,other_tissue,0,179.5405071038592
262.04999999999995,-345.87,0.0,CAF,1,262.16516721854805
-499.6562,275.86,0.0,other_tissue,0,503.44273758268343
-485.54,-407.0,0.0,CAF,1,194.0430458605618
-279.86,430.35,0.0,other_tissue,0,294.2441635717696
86.46000000000004,-217.5,0.0,other_tissue,0,161.87716340386348
-136.31,20.410000000000025,0.0,other_tissue,0,202.22744840783852
228.08000000000004,-383.12,0.0,other_tissue,0,192.52340773744038
223.17999999999995,415.24,0.0,CD4_Tcell,1,217.59637433455435
392.6,-68.52999999999997,0.0,other_tissue,0,379.5572795083491
265.78,212.43,0.0,other_tissue,0,331.5648841581931
391.12,119.54000000000002,0.0,other_tissue,0,169.47670804728034
-434.25,-253.40999999999997,0.0,CAF,1,336.19644647677933
-208.29000000000002,73.99000000000001,0.0,other_tissue,0,262.4525058705623
292.91999999999996,-376.83000000000004,0.0,other_tissue,0,248.21690389502868
-91.37,86.24000000000001,0.0,CAF,1,495.4971542989533
339.90999999999997,-184.89999999999998,0.0,other_tissue,0,114.06138921450248
-79.26999999999998,81.47000000000003,0.0,CD4_Tcell,1,595.0122738243184
169.03999999999996,-91.86000000000001,0.0,other_tissue,0,116.87075246704791
-152.79000000000002,409.28,0.0,CAF,1,703.0098043057952
176.30999999999995,-1.3500000000000227,0.0,CAF,1,209.0336036545146
-442.62,131.05,0.0,other_tissue,0,153.07153752292936
232.39999999999998,-388.01,0.0,other_tissue,0,297.63735549213305
-287.5,-291.70000000000005,0.0,CAF,1,266.5974656660099
-367.63,-90.12,0.0,CAF,1,151.0874675560816
199.12,-400.25,0.0,other_tissue,0,464.2752752653193
450.27,459.85,0.0,other_tissue,0,91.27420601239504
222.01999999999998,209.33999999999997,0.0,other_tissue,0,167.18415594972947
346.09000000000003,-37.67999999999995,0.0,other_tissue,0,138.64623575524328
473.85,313.7,0.0,other_tissue,0,119.39724448631554
-74.0,-202.61,0.0,other_tissue,0,981.8923155844441
7.2900000000000205,309.15,0.0,other_tissue,0,643.3031742488122
189.78999999999996,-67.10000000000002,0.0,other_tissue,0,325.9557371151469
352.14,430.02,0.0,other_tissue,0,246.5683978830293
351.86,-349.41999999999996,0.0,CAF,1,202.09418668420435
334.09000000000003,95.31,0.0,other_tissue,0,273.33405228521104
-348.0,365.69,0.0,other_tissue,0,144.9445065685038
-374.02,-339.08000000000004,0.0,other_tissue,0,208.29353691810954
202.55999999999995,233.04000000000002,0.0,other_tissue,0,449.771623764992
334.03,245.89,0.0,other_tissue,0,160.83800707311042
-139.72000000000003,-463.41999999999996,0.0,other_tissue,0,326.9645796862797
-32.410000000000025,89.92000000000002,0.0,other_tissue,0,299.6792409866766
211.77999999999997,125.67000000000002,0.0,CAF,1,160.05265501171075
-112.57999999999998,345.65999999999997,0.0,CAF,1,318.41038263360906
-327.16999999999996,-72.39999999999998,0.0,other_tissue,0,185.0127155098011
-228.52999999999997,17.25999999999999,0.0,other_tissue,0,140.14135309565643
-287.53999999999996,-48.02999999999997,0.0,other_tissue,0,388.6798634753528
-439.72,495.448,0.0,apCAF,1,113.98310791582618
270.51,462.32,0.0,other_tissue,0,301.3064157726522
191.91999999999996,-348.36,0.0,other_tissue,0,273.37479014302676
-501.337,462.5,0.0,other_tissue,0,827.1512214004817
-406.5,-446.17999999999995,0.0,CD4_Tcell,1,467.8800389262844
295.77,-330.57000000000005,0.0,other_tissue,0,295.0793134098067
-257.24,-92.27999999999997,0.0,other_tissue,0,453.54362213817774
448.9,250.7,0.0,other_tissue,0,981.8923155844441
273.09000000000003,-23.25,0.0,other_tissue,0,245.14497896905183
-447.32,309.85,0.0,other_tissue,0,195.70918883298881
-102.77999999999997,281.06,0.0,CAF,1,114.48844281254561
459.24,-359.4,0.0,other_tissue,0,182.02206466521756
427.15999999999997,281.93,0.0,other_tissue,0,174.78128340719618
-80.19999999999999,-371.41999999999996,0.0,other_tissue,0,119.66714380340134
-110.13999999999999,498.929,0.0,other_tissue,0,981.8923155844441
73.30999999999995,-42.10000000000002,0.0,CD4_Tcell,1,237.10819165049864
-110.41000000000003,-130.63,0.0,other_tissue,0,659.5470179483524
495.11,-87.38999999999999,0.0,other_tissue,0,680.1305606119262
-467.13,-425.55999999999995,0.0,CAF,1,344.61305491341477
-260.18,-485.94000000000005,0.0,CD4_Tcell,1,509.0949730880756
261.23,-57.049999999999955,0.0,other_tissue,0,981.8923155844441
477.12,-23.299999999999955,0.0,other_tissue,0,318.6246535709018
-387.52,-328.69000000000005,0.0,CAF,1,192.1044876049011
-25.850000000000023,431.17,0.0,other_tissue,0,652.9915862336932
-362.56,-396.62,0.0,other_tissue,0,145.15811505461312
271.95000000000005,-254.21000000000004,0.0,CD4_Tcell,1,251.11222211613537
318.24,-336.89,0.0,other_tissue,0,143.3424959179024
-423.11,88.54000000000002,0.0,other_tissue,0,224.36604579415666
-409.83,-168.90999999999997,0.0,other_tissue,0,335.36707246670085
446.51,-218.59000000000003,0.0,CD4_Tcell,1,470.6543414746564
-125.51999999999998,-284.90999999999997,0.0,other_tissue,0,323.853049134893
428.65,67.81,0.0,other_tissue,0,80.62480618435795
402.61,-140.92999999999995,0.0,CAF,1,465.58130719816
-161.29000000000002,-447.27,0.0,other_tissue,0,187.93279392026233
-178.87,53.22000000000003,0.0,other_tissue,0,185.1226504849471
42.35000000000002,397.98,0.0,CAF,1,108.80427655154458
-433.42,-323.61,0.0,other_tissue,0,159.96000995426465
294.44000000000005,-95.75,0.0,other_tissue,0,271.3631206691881
-392.15999999999997,-473.91999999999996,0.0,CAF,1,127.81332543790758
-110.04000000000002,377.26,0.0,other_tissue,0,245.72317320647147
48.83000000000004,80.48000000000002,0.0,other_tissue,0,159.62536072531378
-182.3,-32.17999999999995,0.0,other_tissue,0,215.6340942560875
155.52999999999997,-98.92999999999995,0.0,other_tissue,0,154.5639710847998
-406.90999999999997,271.99,0.0,other_tissue,0,137.46426780745148
-150.61,226.61,0.0,other_tissue,0,209.8181077342501
469.87,-151.28999999999996,0.0,other_tissue,0,178.06704676306043
370.09000000000003,463.82,0.0,other_tissue,0,184.00961310759365
-484.58,-200.89999999999998,0.0,other_tissue,0,184.7223826052214
282.46000000000004,-491.02,0.0,other_tissue,0,339.1276600316827
-433.85,-462.70000000000005,0.0,other_tissue,0,138.9638648538563
-213.10000000000002,341.28999999999996,0.0,other_tissue,0,184.68317174086383
285.32000000000005,-188.13,0.0,other_tissue,0,398.1044653325155
382.04999999999995,217.19,0.0,other_tissue,0,299.69006937444516
-89.47000000000003,116.86000000000001,0.0,other_tissue,0,320.9766460978395
250.99,209.31,0.0,other_tissue,0,168.92932538271324
186.79999999999995,-130.49,0.0,CD8_Tcell,1,130.87443345024212
371.69000000000005,333.81,0.0,other_tissue,0,195.44033891576981
52.700000000000045,376.05,0.0,CAF,1,210.24529072042304
-207.85000000000002,354.35,0.0,other_tissue,0,134.40232781269717
-69.61000000000001,501.237,0.0,CAF,1,670.4897111234707
-498.176,-7.199999999999989,0.0,other_tissue,0,297.8529878502613
57.309999999999945,279.06,0.0,other_tissue,0,167.29425175527496
345.66999999999996,-172.71000000000004,0.0,other_tissue,0,141.53551288184752
320.88,-388.08000000000004,0.0,other_tissue,0,185.62576497633358
380.62,-190.64,0.0,other_tissue,0,141.64061025415893
372.84000000000003,-21.00999999999999,0.0,other_tissue,0,209.32330085884342
-387.88,-147.84000000000003,0.0,other_tissue,0,110.50485206891199
-379.8,-485.22,0.0,CAF,1,124.47452892186139
243.66999999999996,-191.20000000000005,0.0,other_tissue,0,280.7841022491056
361.63,113.13,0.0,other_tissue,0,218.89358738847196
183.99,30.560000000000002,0.0,CD4_Tcell,1,409.43757273647475
-308.2,29.920000000000016,0.0,other_tissue,0,139.56804531113698
37.74000000000001,-308.84000000000003,0.0,other_tissue,0,150.12238336954735
-293.81,-449.22,0.0,other_tissue,0,286.0631432286846
-487.5,-10.730000000000018,0.0,other_tissue,0,217.57887961755665
303.94000000000005,-219.04999999999995,0.0,CAF,1,225.91415354125408
-343.62,162.64999999999998,0.0,other_tissue,0,188.4886746079564
-350.57,343.91999999999996,0.0,other_tissue,0,194.63526668902298
-202.32,137.95,0.0,other_tissue,0,120.34367091762621
113.51999999999998,217.79000000000002,0.0,other_tissue,0,153.56332027058005
-346.34000000000003,-227.29999999999995,0.0,other_tissue,0,102.86481023987811
-321.68,-404.0,0.0,CAF,1,266.6375314107078
295.20000000000005,-271.03,0.0,other_tissue,0,168.73728191921225
493.87,284.38,0.0,other_tissue,0,267.078519570643
-477.52,-105.44000000000005,0.0,CAF,1,167.29425175527496
-404.49,348.28,0.0,other_tissue,0,195.1635996694782
336.82000000000005,84.69999999999999,0.0,other_tissue,0,276.1647245297919
-163.92000000000002,-433.96000000000004,0.0,other_tissue,0,83.91313266390208
146.11,-453.53,0.0,other_tissue,0,290.5903439334231
-346.07,-466.57000000000005,0.0,other_tissue,0,220.4782143639558
-87.89999999999998,81.64999999999998,0.0,other_tissue,0,202.30243386503776
20.0,-489.03,0.0,other_tissue,0,328.056005311151
95.86000000000001,301.5,0.0,other_tissue,0,217.86766238030265
-76.19999999999999,440.85,0.0,epithelial_tumor_class1,1,670.7675972007866
150.64999999999998,377.77,0.0,epithelial_tumor_class1,1,967.9216611780629
-233.45999999999998,-323.80999999999995,0.0,CAF,1,111.25825360611408
260.73,-168.01999999999998,0.0,other_tissue,0,189.23686576436353
-326.71000000000004,362.31,0.0,CAF,1,489.28529399153894
-248.64,167.27999999999997,0.0,apCAF,1,150.1565357278079
-474.91,3.8000000000000114,0.0,CAF,1,108.80427655154458
70.27999999999997,-353.65,0.0,other_tissue,0,133.35190242596383
-52.35000000000002,487.46,0.0,other_tissue,0,428.2920170861168
205.04999999999995,228.83999999999997,0.0,other_tissue,0,345.1957606780296
-20.350000000000023,44.54000000000002,0.0,other_tissue,0,98.96050234830172
174.55999999999995,260.16999999999996,0.0,other_tissue,0,131.3299631829016
480.15999999999997,-75.26999999999998,0.0,other_tissue,0,229.56615031903019
260.20000000000005,210.82,0.0,other_tissue,0,86.26124379565344
404.98,251.03,0.0,other_tissue,0,193.6219233861713
83.75,373.86,0.0,other_tissue,0,211.35009969194968
-69.39999999999998,365.89,0.0,other_tissue,0,269.98710071142347
398.73,-67.94000000000005,0.0,other_tissue,0,161.46813522751796
168.41999999999996,-8.339999999999975,0.0,CAF,1,409.8510202748562
-278.26,267.86,0.0,CAF,1,108.80427655154458
402.29999999999995,-379.39,0.0,CAF,1,217.48267543550324
-26.079999999999984,-69.74000000000001,0.0,other_tissue,0,183.72033084669965
-486.86,-292.19000000000005,0.0,CAF,1,270.7150009373002
160.32000000000005,-314.41999999999996,0.0,CAF,1,302.92856347536497
356.41999999999996,413.68,0.0,other_tissue,0,147.9676798331236
-273.6,-18.99000000000001,0.0,CAF,1,280.70116498712537
246.89999999999998,-86.00999999999999,0.0,other_tissue,0,119.79636974026377
211.54999999999995,445.26,0.0,other_tissue,0,171.5959170782182
-165.27999999999997,-312.22,0.0,other_tissue,0,145.89399472290307
-191.20999999999998,-30.559999999999945,0.0,other_tissue,0,183.95486075764586
317.65999999999997,42.89999999999998,0.0,other_tissue,0,111.19114634261658
495.1,-473.11,0.0,CD8_Tcell,1,291.2697974250742
-232.18,-277.89,0.0,other_tissue,0,458.9173061865106
388.16999999999996,-166.14,0.0,other_tissue,0,118.08293060926887
-389.36,-134.59000000000003,0.0,other_tissue,0,169.0549710132694
-394.09000000000003,-154.19000000000005,0.0,CAF,1,251.42032342406876
458.83000000000004,408.99,0.0,other_tissue,0,79.40536905983258
414.23,224.97000000000003,0.0,other_tissue,0,490.7581385263476
57.049999999999955,380.14,0.0,other_tissue,0,133.5602844689934
-118.91000000000003,-328.09000000000003,0.0,CAF,1,108.80427655154458
103.89999999999998,323.48,0.0,other_tissue,0,118.15860489206275
78.16999999999996,377.39,0.0,other_tissue,0,109.45581510300481
-151.54000000000002,396.6,0.0,apCAF,1,225.9320922527839
-162.14,96.43,0.0,other_tissue,0,124.94530650329499
39.549999999999955,500.2536,0.0,other_tissue,0,546.6910118834054
366.6,-322.85,0.0,other_tissue,0,192.08033769448625
353.73,-283.99,0.0,CAF,1,506.78599298346256
-468.38,-247.25,0.0,other_tissue,0,218.8760232089507
132.69000000000005,-48.48000000000002,0.0,other_tissue,0,188.5284222617523
-412.76,310.39,0.0,CAF,1,176.7234766944186
-347.28999999999996,419.81,0.0,other_tissue,0,482.054447500564
457.36,293.85,0.0,other_tissue,0,103.15704970329668
270.84000000000003,-356.28999999999996,0.0,other_tissue,0,232.2965601707939
158.36,438.23,0.0,other_tissue,0,208.1746091266571
-35.79000000000002,334.02,0.0,other_tissue,0,154.80086848989998
-372.43,-321.39,0.0,other_tissue,0,79.40536905983258
60.22000000000003,-46.559999999999945,0.0,CAF,1,200.95552911754126
405.91999999999996,300.66999999999996,0.0,other_tissue,0,113.02383818786296
192.39,-132.97000000000003,0.0,other_tissue,0,263.3853225064214
-432.08,-155.07000000000005,0.0,CAF,1,230.95597011668193
-316.88,33.629999999999995,0.0,other_tissue,0,171.10359019070046
153.86,85.17000000000002,0.0,CAF,1,275.29403854888545
434.02,8.970000000000027,0.0,other_tissue,0,124.7218412223263
-46.49000000000001,-408.20000000000005,0.0,CAF,1,233.899252440253
487.03,-384.13,0.0,CAF,1,176.09221336693648
129.28999999999996,-24.649999999999977,0.0,other_tissue,0,283.84339084998106
-23.20999999999998,-188.41999999999996,0.0,CAF,1,505.8950624288427
259.4,-160.59000000000003,0.0,other_tissue,0,131.96822531452668
-457.28,-305.16999999999996,0.0,other_tissue,0,182.05313086876285
-252.61,207.60000000000002,0.0,other_tissue,0,264.240684273263
-149.99,158.68,0.0,CAF,1,385.9561122409009
463.44000000000005,-487.80999999999995,0.0,CAF,1,118.75932124450983
-469.81,293.91999999999996,0.0,apCAF,1,419.03096580702436
437.22,266.03,0.0,other_tissue,0,232.0864665609768
-320.27,162.27999999999997,0.0,CD4_Tcell,1,116.38961461257577
483.16999999999996,-372.9,0.0,other_tissue,0,209.59620144082282
-306.74,375.12,0.0,other_tissue,0,167.27956952273306
-231.11,373.51,0.0,other_tissue,0,591.1207140769948
-312.08000000000004,300.9,0.0,CAF,1,264.5594305408256
345.98,-204.92999999999995,0.0,other_tissue,0,881.079885643368
418.79999999999995,-206.61,0.0,CAF,1,257.20485986659753
-292.76,-134.11,0.0,other_tissue,0,196.6561934754248
228.96000000000004,299.86,0.0,other_tissue,0,135.10778924302434
-159.89999999999998,-88.73000000000002,0.0,other_tissue,0,243.17083133727837
9.70999999999998,41.44,0.0,other_tissue,0,438.9442327908763
78.64999999999998,-433.02,0.0,other_tissue,0,551.6528906129873
180.23000000000002,-457.91999999999996,0.0,other_tissue,0,113.68646164694619
25.139999999999986,-65.39999999999998,0.0,CAF,1,206.2357114275017
389.47,-91.5,0.0,other_tissue,0,186.61893389267212
466.14,106.30000000000001,0.0,other_tissue,0,498.07554629900386
338.80999999999995,-23.720000000000027,0.0,other_tissue,0,111.15201290339006
-443.86,-377.47,0.0,other_tissue,0,193.35498886849052
-309.63,495.723,0.0,CAF,1,207.19094841790815
-277.96000000000004,-8.889999999999986,0.0,CAF,1,472.85231065561067
-493.521,-92.08000000000004,0.0,CAF,1,226.13845569350627
-83.69,399.8,0.0,other_tissue,0,167.27222872861202
-399.56,-25.590000000000032,0.0,other_tissue,0,151.53375386788596
310.95000000000005,-73.94000000000005,0.0,other_tissue,0,92.80715896844335
235.92999999999995,415.51,0.0,epithelial_tumor_class1,1,1157.8755239050006
-122.24000000000001,381.06,0.0,other_tissue,0,128.24942922288298
180.02999999999997,-155.40999999999997,0.0,other_tissue,0,250.881311391102
203.07000000000005,-258.03999999999996,0.0,CAF,1,229.47550705668118
-239.35000000000002,186.02999999999997,0.0,other_tissue,0,110.84485532680226
-408.81,-175.99,0.0,other_tissue,0,213.38993963359894
-307.9,-444.15,0.0,other_tissue,0,190.94757356230247
-214.79000000000002,-370.38,0.0,other_tissue,0,201.42044753113993
286.51,-45.610000000000014,0.0,other_tissue,0,147.5081741917221
-2.990000000000009,-148.67999999999995,0.0,CAF,1,235.34335481403463
-118.88,233.22000000000003,0.0,other_tissue,0,84.53103809800977
-294.91999999999996,-241.47000000000003,0.0,other_tissue,0,431.9154809596106
253.01,387.72,0.0,other_tissue,0,395.4410149662001
453.39,-31.639999999999986,0.0,CD4_Tcell,1,518.6975559741765
-59.839999999999975,-372.65,0.0,other_tissue,0,154.71723002156585
-175.43,-457.9,0.0,CD8_Tcell,1,118.48495603171087
-98.36000000000001,44.54000000000002,0.0,CD4_Tcell,1,201.40383096734809
-321.31,-376.30999999999995,0.0,other_tissue,0,241.54476848726688
282.38,-377.82000000000005,0.0,other_tissue,0,247.64433812066636
242.35000000000002,-137.33000000000004,0.0,other_tissue,0,224.6250602053748
-288.72,-411.42999999999995,0.0,CAF,1,166.78088459384057
90.73000000000002,491.609,0.0,other_tissue,0,187.55225093921882
-64.37,36.56999999999999,0.0,CAF,1,173.77789413292234
-56.95999999999998,409.47,0.0,other_tissue,0,345.9816673839608
-71.26999999999998,-379.20000000000005,0.0,other_tissue,0,160.6950251363287
-156.06,-84.26999999999998,0.0,other_tissue,0,213.4849331302205
356.77,-329.09000000000003,0.0,CAF,1,694.5937316035233
-163.25,407.65999999999997,0.0,other_tissue,0,209.8607999698221
-281.81,-49.42999999999995,0.0,other_tissue,0,244.7663280194641
-276.44,308.15999999999997,0.0,other_tissue,0,135.15872846175782
427.84000000000003,-490.26,0.0,other_tissue,0,211.8223166964897
473.16999999999996,-86.41999999999996,0.0,other_tissue,0,254.91356673966004
394.08000000000004,-218.69000000000005,0.0,other_tissue,0,100.21771144764543
282.79999999999995,-203.13,0.0,CAF,1,153.60492757632468
242.69000000000005,494.136,0.0,other_tissue,0,276.31856531312286
244.72000000000003,337.78999999999996,0.0,other_tissue,0,180.5427634711574
496.04999999999995,-181.51,0.0,CD4_Tcell,1,263.53438041036003
374.33000000000004,-167.01,0.0,other_tissue,0,146.89473727464681
-232.63,382.53,0.0,CD8_Tcell,1,357.80411599744997
-22.689999999999998,-242.76999999999998,0.0,other_tissue,0,165.27621360945025
-329.44,157.37,0.0,other_tissue,0,109.27333348463007
388.48,-242.72000000000003,0.0,other_tissue,0,185.86978841202202
257.08000000000004,298.31,0.0,other_tissue,0,105.22362780525833
83.58000000000004,-162.65999999999997,0.0,other_tissue,0,92.14457107463048
-19.45999999999998,178.3,0.0,other_tissue,0,273.54797119640125
-129.8,-288.11,0.0,CAF,1,136.46200845868654
393.61,469.63,0.0,other_tissue,0,350.14527178570006
-372.40999999999997,492.251,0.0,CAF,1,579.9177690435931
487.65,-88.63999999999999,0.0,other_tissue,0,652.2820633143953
316.98,-308.37,0.0,other_tissue,0,204.69496984785962
-281.09000000000003,327.90999999999997,0.0,other_tissue,0,97.19155619418753
-476.3,-479.73,0.0,other_tissue,0,154.00751906599237
-113.16000000000003,395.26,0.0,other_tissue,0,184.26787766812015
-328.03,-111.38,0.0,other_tissue,0,168.01473402444617
162.49,-273.95000000000005,0.0,other_tissue,0,152.22206287736537
270.49,62.19999999999999,0.0,other_tissue,0,81.16300665400948
-492.921,-156.27999999999997,0.0,CAF,1,162.1286630283351
-499.6716,-26.58000000000004,0.0,epithelial_tumor_class1,1,1341.822113636798
487.21000000000004,-65.91999999999996,0.0,epithelial_tumor_class1,1,568.5751085760245
239.51,-361.97,0.0,other_tissue,0,235.40787958651785
38.200000000000045,-355.86,0.0,CAF,1,213.873836457766
195.95000000000005,240.98000000000002,0.0,other_tissue,0,195.18800732323552
-315.31,-394.27,0.0,CAF,1,197.21275183535914
356.27,-107.02999999999997,0.0,mesenchymal_tumor_class1,1,195.21241701189663
305.83000000000004,432.36,0.0,other_tissue,0,330.54659600231867
385.05999999999995,110.32,0.0,other_tissue,0,107.76601001916399
-78.87,346.28999999999996,0.0,other_tissue,0,316.73337696840133
-19.170000000000016,-217.94000000000005,0.0,CAF,1,273.63968488629473
209.59000000000003,441.28,0.0,other_tissue,0,168.34625955988483
-22.519999999999982,-36.27999999999997,0.0,other_tissue,0,199.11125438900143
-455.48,470.39,0.0,other_tissue,0,231.01058685225505
-262.74,245.07,0.0,CAF,1,394.6338953219237
54.700000000000045,-329.63,0.0,other_tissue,0,124.86072070872815
-134.24,188.5,0.0,other_tissue,0,159.7961870603922
-81.04000000000002,446.04,0.0,CD4_Tcell,1,276.4314181911265
293.85,473.82,0.0,other_tissue,0,160.59498821662098
-423.44,-234.0,0.0,other_tissue,0,217.76262092063308
421.47,-361.39,0.0,CD8_Tcell,1,126.20042965728592
330.21000000000004,41.81999999999999,0.0,other_tissue,0,81.23555188675581
349.99,-260.15,0.0,CD8_Tcell,1,117.96492998731617
213.67999999999995,438.18,0.0,other_tissue,0,134.02202182747843
-474.11,291.31,0.0,other_tissue,0,81.86304965541974
-70.63999999999999,-134.52999999999997,0.0,other_tissue,0,158.66673060784925
-33.27999999999997,-465.79999999999995,0.0,other_tissue,0,122.32298776533446
41.710000000000036,-87.25999999999999,0.0,other_tissue,0,210.24529072042304
366.53,-235.53999999999996,0.0,other_tissue,0,150.9160525712744
494.61,-467.45000000000005,0.0,CD8_Tcell,1,422.248140944413
-390.9,-414.08000000000004,0.0,other_tissue,0,131.43619696982304
-493.19,254.46,0.0,other_tissue,0,197.35205530722249
-318.44,-109.80999999999995,0.0,other_tissue,0,184.393183788671
-33.56,317.41999999999996,0.0,other_tissue,0,167.16948015954165
247.10000000000002,-407.22,0.0,other_tissue,0,168.64869558623323
359.55999999999995,391.71,0.0,other_tissue,0,186.8796336695323
107.17999999999995,-134.19000000000005,0.0,other_tissue,0,215.9733740452931
-390.22,189.76,0.0,other_tissue,0,379.9757316708703
-467.95,-442.11,0.0,CD4_Tcell,1,187.10102378598623
474.52,108.61000000000001,0.0,other_tissue,0,425.1398677808515
226.44000000000005,-107.86000000000001,0.0,other_tissue,0,274.1597830327687
-396.07,64.58999999999997,0.0,other_tissue,0,84.65684680305381
-422.05,158.58999999999997,0.0,apCAF,1,506.98582770869155
-240.63,211.25,0.0,other_tissue,0,189.21295679126266
-444.86,-494.70000000000005,0.0,other_tissue,0,375.77984281350024
-499.6729,417.12,0.0,other_tissue,0,195.31007611727563
-420.69,-480.48,0.0,other_tissue,0,224.6697380001532
-4.279999999999973,-219.64,0.0,other_tissue,0,104.24047011613521
-218.64999999999998,-356.04999999999995,0.0,other_tissue,0,308.8010247273379
-482.57,466.37,0.0,apCAF,1,712.3418417804996
-349.28,99.16000000000003,0.0,other_tissue,0,252.7615635024107
-36.80000000000001,501.712,0.0,other_tissue,0,981.8923155844441
485.71000000000004,-21.090000000000032,0.0,other_tissue,0,502.31122275210316
-267.34000000000003,-354.4,0.0,other_tissue,0,215.98207820341202
-107.81,488.25,0.0,other_tissue,0,153.75755199639883
428.87,338.43,0.0,other_tissue,0,207.22481606047467
-430.84000000000003,501.785,0.0,epithelial_tumor_class1,1,429.4031449659802
-485.5,268.34000000000003,0.0,other_tissue,0,170.5155291197192
-294.13,344.37,0.0,other_tissue,0,134.68802895567075
487.83000000000004,-7.019999999999982,0.0,CAF,1,259.09688145376384
-184.37,349.15999999999997,0.0,other_tissue,0,196.04355779977723
281.25,500.9134,0.0,other_tissue,0,251.98904569681744
298.28,-77.67999999999995,0.0,CAF,1,183.34549775692525
310.24,264.81,0.0,CAF,1,244.82310078745016
-131.17000000000002,-46.039999999999964,0.0,CAF,1,435.5315375119788
184.03999999999996,-487.53,0.0,other_tissue,0,194.57030706780222
73.92999999999995,223.56,0.0,CAF,1,126.68164518125721
-221.76999999999998,338.31,0.0,other_tissue,0,209.44266569699488
-293.56,-95.58000000000004,0.0,other_tissue,0,295.61549616202825
494.53,-39.879999999999995,0.0,CAF,1,352.29984540515056
154.44000000000005,233.95999999999998,0.0,other_tissue,0,112.23997144113206
-368.2,363.97,0.0,other_tissue,0,271.25165155359684
-27.399999999999977,259.21000000000004,0.0,other_tissue,0,133.62979336046106
-410.5,-120.44000000000005,0.0,CAF,1,108.80427655154458
-46.629999999999995,501.617,0.0,other_tissue,0,981.8923155844441
121.35000000000002,-227.98000000000002,0.0,CD4_Tcell,1,190.93955572056728
-37.50999999999999,485.9,0.0,CAF,1,283.64501336315755
263.97,-156.10000000000002,0.0,other_tissue,0,122.8480723133342
-494.544,274.9,0.0,other_tissue,0,102.1709729866509
370.74,233.69,0.0,other_tissue,0,187.0219358268013
-109.44999999999999,355.41999999999996,0.0,CD4_Tcell,1,283.62413690090256
-499.8921,-374.65999999999997,0.0,CAF,1,413.061327049337
441.41999999999996,450.15999999999997,0.0,other_tissue,0,119.40897079199235
-360.56,-93.66999999999996,0.0,other_tissue,0,428.69056460408683
-271.74,-319.98,0.0,other_tissue,0,83.73251502222348
-316.03999999999996,167.95,0.0,other_tissue,0,182.6518444348373
-174.26999999999998,1.4700000000000273,0.0,other_tissue,0,232.21433453474697
42.40999999999997,179.51,0.0,other_tissue,0,171.41678000168056
184.34000000000003,78.75,0.0,other_tissue,0,120.47338335368869
363.88,-423.95000000000005,0.0,CAF,1,231.3111328175986
-409.99,237.61,0.0,other_tissue,0,108.52892973351412
352.17999999999995,-290.67999999999995,0.0,other_tissue,0,283.02958825051536
-176.61,-127.82000000000005,0.0,other_tissue,0,120.33777711109806
-19.569999999999993,289.98,0.0,other_tissue,0,136.70569819352735
-292.26,59.85000000000002,0.0,CAF,1,194.075465165059
-318.06,370.15999999999997,0.0,other_tissue,0,139.9978792472404
-459.76,319.74,0.0,CAF,1,215.93855975135608
-104.25999999999999,126.67000000000002,0.0,other_tissue,0,205.1740471600153
-45.339999999999975,-326.63,0.0,CAF,1,295.3258768787229
243.52999999999997,-48.76999999999998,0.0,CAF,1,339.7159397749018
-362.85,-9.759999999999991,0.0,CD4_Tcell,1,722.0674374184409
-294.95,1.4399999999999977,0.0,CAF,1,392.85431745319937
-9.850000000000023,286.65,0.0,CD8_Tcell,1,276.2877925870417
-264.65,13.430000000000007,0.0,other_tissue,0,183.93921922423007
37.84000000000003,375.58,0.0,CAF,1,179.4174094444041
269.28999999999996,-204.46000000000004,0.0,CAF,1,172.2613065712029
129.89999999999998,-270.12,0.0,other_tissue,0,79.40536905983258
480.39,114.94999999999999,0.0,other_tissue,0,119.26830578851155
-220.20999999999998,158.17000000000002,0.0,other_tissue,0,147.94062371058868
-174.12,-392.64,0.0,other_tissue,0,84.47981845529839
29.840000000000032,-54.73000000000002,0.0,other_tissue,0,784.6486722049261
-485.62,308.37,0.0,other_tissue,0,192.11253802484214
230.25,181.86,0.0,other_tissue,0,173.82307688720124
-422.15,394.56,0.0,other_tissue,0,184.18959017794688
98.40999999999997,-39.59000000000003,0.0,other_tissue,0,103.31668608741654
227.03999999999996,-400.11,0.0,other_tissue,0,79.7032432304515
283.0,-39.39999999999998,0.0,other_tissue,0,179.23286847403006
410.78999999999996,-23.289999999999964,0.0,CAF,1,133.73094024698935
-260.1,305.49,0.0,other_tissue,0,194.35928812135785
349.67999999999995,59.27999999999997,0.0,other_tissue,0,81.7445792691008
-438.19,-485.65,0.0,other_tissue,0,178.97165210947875
-344.33000000000004,-113.63999999999999,0.0,other_tissue,0,177.5853300911096
68.20000000000005,-28.92999999999995,0.0,CAF,1,179.90243207296717
29.370000000000005,-458.86,0.0,other_tissue,0,116.03466030527163
159.71000000000004,340.25,0.0,CAF,1,150.51886922649553
-486.79,-310.71000000000004,0.0,apCAF,1,916.5005892703306
-377.25,129.56,0.0,CD4_Tcell,1,223.66146498127017
-486.87,-462.94000000000005,0.0,other_tissue,0,152.53248072852645
426.36,-478.19000000000005,0.0,other_tissue,0,153.6257340472292
-326.14,-257.6,0.0,other_tissue,0,98.80538646845282
372.73,-478.07000000000005,0.0,CAF,1,108.80427655154458
-146.11,-355.80999999999995,0.0,other_tissue,0,131.01784266914862
-499.4838,-152.51,0.0,other_tissue,0,140.63774419794674
355.32000000000005,-52.52999999999997,0.0,other_tissue,0,133.5981954209298
-487.75,444.79,0.0,CAF,1,115.12243631198716
389.13,-284.47,0.0,other_tissue,0,608.8714007314259
-25.94999999999999,-494.91999999999996,0.0,CD4_Tcell,1,212.07158681231954
-217.77999999999997,322.19,0.0,CAF,1,346.9000650892399
-492.532,-475.51,0.0,other_tissue,0,305.19179887273367
484.45000000000005,-41.17999999999995,0.0,other_tissue,0,488.1451189940426
243.65999999999997,-321.44000000000005,0.0,other_tissue,0,121.38990905637262
-183.87,59.329999999999984,0.0,other_tissue,0,200.4250704498982
216.24,-134.80999999999995,0.0,other_tissue,0,231.15627357501012
238.5,448.5,0.0,other_tissue,0,111.59979970788484
-277.6,50.00999999999999,0.0,other_tissue,0,168.48636784604852
-382.99,-323.85,0.0,CAF,1,210.29659160855053
-216.73000000000002,290.25,0.0,other_tissue,0,117.86772681867527
-442.40999999999997,-117.61000000000001,0.0,CAF,1,209.3829776073036
158.98000000000002,355.18,0.0,other_tissue,0,508.63261719010325
-220.24,-55.27999999999997,0.0,other_tissue,0,128.89001817258213
24.210000000000036,-0.2300000000000182,0.0,other_tissue,0,79.40536905983258
-91.51999999999998,189.04000000000002,0.0,other_tissue,0,233.49559834412116
-311.48,-138.52999999999997,0.0,other_tissue,0,243.40641327231717
-300.51,-490.42999999999995,0.0,CD4_Tcell,1,221.4503521215612
1.259999999999991,203.64999999999998,0.0,CAF,1,163.3467130812049
289.55999999999995,-142.61,0.0,other_tissue,0,244.18963633804654
139.64,-258.64,0.0,CAF,1,355.7363813946727
-307.6,244.47,0.0,other_tissue,0,181.80470019142075
-469.03,-298.27,0.0,apCAF,1,372.0525677937402
-126.38,-441.84000000000003,0.0,other_tissue,0,110.28783771782265
254.22000000000003,-291.65999999999997,0.0,other_tissue,0,107.10480365342879
-253.41,182.57,0.0,CAF,1,231.71226610892714
-114.57999999999998,323.89,0.0,other_tissue,0,167.58072703090573
-467.72,-117.70000000000005,0.0,other_tissue,0,115.51198244260824
176.75,-177.66999999999996,0.0,other_tissue,0,99.5254564565644
477.85,451.85,0.0,other_tissue,0,96.68640535720202
-48.75999999999999,294.03,0.0,other_tissue,0,333.45655185784307
367.94000000000005,36.26999999999998,0.0,CAF,1,140.95185751188342
-341.39,-385.32000000000005,0.0,CD4_Tcell,1,171.34963575378515
-104.72000000000003,-318.72,0.0,CAF,1,185.6493708074926
-445.07,-293.40999999999997,0.0,other_tissue,0,614.0274624497781
-97.36000000000001,481.09,0.0,other_tissue,0,186.49262132272747
-499.4594,-96.77999999999997,0.0,CAF,1,147.75132319596418
169.28999999999996,-242.66999999999996,0.0,other_tissue,0,260.98828387633375
32.35000000000002,28.560000000000002,0.0,other_tissue,0,296.5715077949628
-6.579999999999984,356.43,0.0,other_tissue,0,789.5545588283217
-362.44,-139.17999999999995,0.0,other_tissue,0,534.8148691131472
437.9,-42.64999999999998,0.0,other_tissue,0,151.54749967283655
458.12,92.11000000000001,0.0,other_tissue,0,123.21293180706701
36.700000000000045,380.28,0.0,other_tissue,0,159.4902095848546
492.92999999999995,-187.09000000000003,0.0,other_tissue,0,326.9072033870238
-472.21,-475.62,0.0,other_tissue,0,129.15549913386891
271.67999999999995,-483.19000000000005,0.0,CAF,1,197.30288188798426
-46.85000000000002,-7.779999999999973,0.0,other_tissue,0,112.67375044386496
-284.52,-467.74,0.0,CAF,1,192.5153458432562
295.98,-42.08000000000004,0.0,other_tissue,0,116.74941536289278
-489.25,-410.39,0.0,CD8_Tcell,1,188.72724435077976
167.26999999999998,445.84000000000003,0.0,other_tissue,0,79.40536905983258
461.92999999999995,-264.72,0.0,other_tissue,0,309.07727926574825
284.66999999999996,-420.21000000000004,0.0,other_tissue,0,279.6658268283967
-227.60000000000002,117.91000000000003,0.0,CAF,1,225.9320922527839
99.88999999999999,-180.5,0.0,apCAF,1,774.1026446548813
314.22,-154.34000000000003,0.0,other_tissue,0,335.2853771462417
87.27999999999997,336.98,0.0,CD8_Tcell,1,118.17607277823546
315.61,133.26999999999998,0.0,epithelial_tumor_class1,1,700.3749045650825
322.05999999999995,-336.37,0.0,other_tissue,0,114.60250351929471
461.53,-269.59000000000003,0.0,CAF,1,204.392779280142
-176.01999999999998,-74.97000000000003,0.0,other_tissue,0,195.79886023144596
-419.33,-415.91999999999996,0.0,other_tissue,0,323.78463590062904
-72.49000000000001,43.10000000000002,0.0,other_tissue,0,151.5406266664578
495.13,-155.23000000000002,0.0,other_tissue,0,132.23163904105664
-253.45,170.72000000000003,0.0,other_tissue,0,156.7188245353812
-222.32999999999998,411.73,0.0,other_tissue,0,206.48902727311275
38.76999999999998,352.7,0.0,other_tissue,0,328.7120250546719
-30.389999999999986,-404.5,0.0,other_tissue,0,120.06686998222278
62.200000000000045,373.79,0.0,other_tissue,0,79.40536905983258
-232.13,-216.34000000000003,0.0,other_tissue,0,235.2788418333592
115.70000000000005,395.51,0.0,CAF,1,404.2202076262797
-398.54,-47.129999999999995,0.0,CAF,1,145.4722328472226
463.55999999999995,-379.46000000000004,0.0,other_tissue,0,89.64194122313606
333.35,501.909,0.0,other_tissue,0,766.9288637852404
-433.08,-441.41999999999996,0.0,CAF,1,108.80427655154458
161.94000000000005,-12.149999999999977,0.0,other_tissue,0,186.84011810692562
-147.57,53.660000000000025,0.0,other_tissue,0,119.27416462359373
136.78999999999996,-191.72000000000003,0.0,CAF,1,147.37320675135007
-487.96,-22.980000000000018,0.0,other_tissue,0,202.0858597708686
-454.68,265.73,0.0,other_tissue,0,131.31122198820913
-245.63,-237.37,0.0,other_tissue,0,389.6207164818102
89.12,214.08999999999997,0.0,other_tissue,0,308.40350745527627
-464.92,-454.26,0.0,CAF,1,232.10473053976494
25.600000000000023,-79.63999999999999,0.0,other_tissue,0,175.83405821427112
443.82000000000005,-267.49,0.0,CAF,1,112.52715486694534
93.36000000000001,-36.00999999999999,0.0,other_tissue,0,177.79931898974954
286.51,240.95,0.0,other_tissue,0,254.6414723791077
-347.28,-495.88,0.0,other_tissue,0,175.0989437174029
-50.389999999999986,-134.5,0.0,other_tissue,0,173.4919185005954
96.24000000000001,334.5,0.0,other_tissue,0,247.75878075980256
361.35,121.47000000000003,0.0,other_tissue,0,120.92811084128627
-285.86,-491.75,0.0,CD4_Tcell,1,461.69943104742305
-301.19,29.30000000000001,0.0,other_tissue,0,110.36014423589565
-355.52,322.27,0.0,other_tissue,0,154.30644572103262
-81.54000000000002,293.65999999999997,0.0,other_tissue,0,184.84789466657028
169.28999999999996,253.86,0.0,other_tissue,0,212.81195135031967
-259.53999999999996,-495.65999999999997,0.0,other_tissue,0,318.45548431903507
-460.75,-269.94000000000005,0.0,other_tissue,0,172.6058890097117
266.53,248.66,0.0,other_tissue,0,134.25645893435507
437.58000000000004,-98.57000000000005,0.0,CAF,1,313.1182282746269
-467.34000000000003,159.91000000000003,0.0,other_tissue,0,79.40536905983258
-286.75,-88.44000000000005,0.0,other_tissue,0,195.56251288010606
288.15,22.54000000000002,0.0,other_tissue,0,79.40536905983258
-12.199999999999989,274.4,0.0,other_tissue,0,112.9390731382568
356.04999999999995,450.81,0.0,other_tissue,0,108.63349260443906
-147.49,102.37,0.0,other_tissue,0,106.47346440082603
50.84000000000003,-240.66999999999996,0.0,other_tissue,0,152.04290245236868
-350.74,-297.99,0.0,other_tissue,0,182.85430350871948
-499.6791,211.82,0.0,other_tissue,0,348.53811301920825
-276.73,-492.89,0.0,epithelial_tumor_class1,1,948.3230297506467
75.49000000000001,-26.409999999999968,0.0,other_tissue,0,140.37633986745536
443.65999999999997,260.33000000000004,0.0,CAF,1,471.84039688642747
321.47,442.58,0.0,other_tissue,0,981.8923155844441
141.03999999999996,136.55,0.0,other_tissue,0,115.77025289858786
447.99,499.7845,0.0,other_tissue,0,540.4584210611775
-233.23000000000002,368.03,0.0,other_tissue,0,244.88934677810406
-230.73000000000002,-315.67999999999995,0.0,other_tissue,0,123.50653833929142
-30.339999999999975,-119.55999999999995,0.0,CAF,1,189.85920623027857
-220.56,270.89,0.0,other_tissue,0,357.901618055251
307.24,-378.03999999999996,0.0,other_tissue,0,121.63905588441115
-33.98000000000002,412.18,0.0,other_tissue,0,155.3871819158934
286.14,-452.88,0.0,other_tissue,0,183.04911673121353
371.9,483.2,0.0,other_tissue,0,296.3779911025299
-238.17000000000002,404.2,0.0,CAF,1,325.2119032900198
261.24,256.22,0.0,other_tissue,0,115.3056428601987
-299.03999999999996,23.649999999999977,0.0,other_tissue,0,162.40201455827182
405.13,365.66999999999996,0.0,other_tissue,0,308.9888598953832
-491.682,-106.28999999999996,0.0,CD8_Tcell,1,249.66176493772224
426.22,-327.78999999999996,0.0,other_tissue,0,190.29885532505529
-314.02,-411.54999999999995,0.0,CAF,1,126.51094808848985
-432.13,-366.05999999999995,0.0,other_tissue,0,133.2446387407444
97.32000000000005,170.27999999999997,0.0,other_tissue,0,171.60338383023668
344.6,-406.01,0.0,CD4_Tcell,1,116.38961461257577
-266.15,351.38,0.0,other_tissue,0,86.47384557893085
-285.28,314.18,0.0,other_tissue,0,141.76548094196164
355.37,-43.16999999999996,0.0,other_tissue,0,223.3319792731775
-39.72000000000003,166.17000000000002,0.0,other_tissue,0,103.57244672093015
-444.49,-172.29999999999995,0.0,CAF,1,209.7668846947886
62.83000000000004,-245.80999999999995,0.0,other_tissue,0,216.9846170306067
117.72000000000003,417.88,0.0,epithelial_tumor_class1,1,1395.6818619576252
-438.31,426.73,0.0,CAF,1,108.80427655154458
-427.12,-401.99,0.0,other_tissue,0,169.94365382966387
-148.25,-83.21000000000004,0.0,other_tissue,0,204.10765030397738
55.90999999999997,-101.25999999999999,0.0,other_tissue,0,250.45834279636102
235.35000000000002,-177.54999999999995,0.0,other_tissue,0,196.51721769014782
-139.73000000000002,387.88,0.0,other_tissue,0,296.93726912002097
159.88,-211.45000000000005,0.0,other_tissue,0,226.04871702511574
315.54999999999995,80.42000000000002,0.0,other_tissue,0,98.67108389126973
-197.33999999999997,300.86,0.0,other_tissue,0,296.7651087054399
-455.98,-230.29999999999995,0.0,other_tissue,0,81.93144999416991
36.74000000000001,299.8,0.0,other_tissue,0,148.3535880861729
274.30999999999995,103.62,0.0,CAF,1,235.85988325503442
123.72000000000003,360.59000000000003,0.0,CAF,1,236.5620942228446
-65.52999999999997,7.939999999999998,0.0,CD8_Tcell,1,372.91629220465205
-78.30000000000001,50.20999999999998,0.0,other_tissue,0,95.03535605962891
-103.23000000000002,460.27,0.0,other_tissue,0,554.5040148106509
-420.5,423.34000000000003,0.0,CD8_Tcell,1,420.22361427541506
-342.03999999999996,340.53,0.0,other_tissue,0,185.61002886729727
58.0,60.579999999999984,0.0,CAF,1,219.85225691593672
266.28,-227.44000000000005,0.0,other_tissue,0,283.51976995471705
291.75,-65.83000000000004,0.0,CAF,1,150.1565357278079
-228.57999999999998,84.24000000000001,0.0,other_tissue,0,288.82237266696706
-231.85000000000002,469.81,0.0,other_tissue,0,164.7669853396344
-50.410000000000025,309.40999999999997,0.0,epithelial_tumor_class1,1,429.4031449659802
13.730000000000018,367.64,0.0,other_tissue,0,153.1545818924867
-288.65,28.779999999999973,0.0,CAF,1,108.80427655154458
472.44000000000005,5.269999999999982,0.0,other_tissue,0,668.3063501539363
-494.388,-143.89999999999998,0.0,CAF,1,163.72995788048019
-80.42000000000002,-205.91999999999996,0.0,other_tissue,0,285.2136693333234
-61.27999999999997,28.25999999999999,0.0,other_tissue,0,316.92441488162126
442.26,-368.61,0.0,CAF,1,438.73478174701523
-226.32,-471.52,0.0,other_tissue,0,462.91380753688844
306.77,-401.95000000000005,0.0,CAF,1,250.5352107893683
460.66999999999996,80.04000000000002,0.0,other_tissue,0,241.12299548176247
147.01,187.05,0.0,CAF,1,177.57769080763552
413.76,361.78,0.0,other_tissue,0,285.48615643821415
-25.180000000000007,394.18,0.0,other_tissue,0,151.16293125121157
344.66999999999996,162.05,0.0,other_tissue,0,98.19683666988696
-270.22,-235.53999999999996,0.0,other_tissue,0,79.40536905983258
402.67999999999995,-474.41999999999996,0.0,other_tissue,0,139.81541783661635
423.02,-93.70000000000005,0.0,CAF,1,108.80427655154458
77.58000000000004,108.75999999999999,0.0,CD4_Tcell,1,296.7005657099228
-144.89,404.08,0.0,other_tissue,0,227.29821466890715
-374.1,215.42000000000002,0.0,other_tissue,0,161.72638854558966
-8.569999999999993,-250.57000000000005,0.0,other_tissue,0,106.5223586027093
-418.14,30.25,0.0,other_tissue,0,152.99543989343618
-453.09000000000003,86.77999999999997,0.0,other_tissue,0,338.21130038006754
495.46000000000004,-98.39999999999998,0.0,epithelial_tumor_class1,1,3183.8413392218185
-486.21,-359.67999999999995,0.0,other_tissue,0,381.3346462347996
-454.77,499.3417,0.0,CAF,1,221.13188404125944
473.35,38.26999999999998,0.0,CAF,1,167.50724067978382
33.50999999999999,90.33999999999997,0.0,other_tissue,0,255.82844389184038
-216.56,85.35000000000002,0.0,CD4_Tcell,1,304.2173406121763
-286.31,-279.59000000000003,0.0,other_tissue,0,196.95889664472423
282.61,-358.6,0.0,other_tissue,0,146.98900127430156
-76.19999999999999,141.95999999999998,0.0,other_tissue,0,154.96125979670768
-376.78,-74.48000000000002,0.0,other_tissue,0,118.29256935026439
-448.99,-401.15,0.0,other_tissue,0,187.18013403854096
254.97000000000003,251.26,0.0,other_tissue,0,118.51412371313961
356.14,229.83999999999997,0.0,other_tissue,0,202.0608804032472
337.63,-312.01,0.0,other_tissue,0,93.15454650911121
-457.49,-28.460000000000036,0.0,other_tissue,0,202.16913919773296
-432.0,-105.57000000000005,0.0,other_tissue,0,150.66944283861073
-406.39,54.839999999999975,0.0,other_tissue,0,123.24287031595243
-422.48,-439.39,0.0,other_tissue,0,90.00081247217538
-105.81,-378.46000000000004,0.0,other_tissue,0,223.3675837389908
-48.389999999999986,-414.08000000000004,0.0,other_tissue,0,120.69765158439364
351.87,243.04000000000002,0.0,other_tissue,0,115.43744255518402
-197.83999999999997,54.19999999999999,0.0,other_tissue,0,127.38433290340359
-310.88,370.95,0.0,CAF,1,305.6304345699172
471.5,40.50999999999999,0.0,other_tissue,0,198.8475345460655
4.779999999999973,-43.190000000000055,0.0,CAF,1,158.20654002939435
-48.06999999999999,31.920000000000016,0.0,other_tissue,0,129.24819446463997
404.67999999999995,-42.35000000000002,0.0,other_tissue,0,185.61002886729727
360.05999999999995,386.9,0.0,other_tissue,0,161.367777676864
-438.63,-76.87,0.0,other_tissue,0,239.72996296700165
-225.20999999999998,-382.49,0.0,CAF,1,127.75198191321924
-238.76,-487.82000000000005,0.0,other_tissue,0,204.1160326630903
-179.79000000000002,-367.01,0.0,other_tissue,0,135.07595873162458
-287.56,-485.77,0.0,CD4_Tcell,1,142.33160304891464
165.39999999999998,6.939999999999998,0.0,other_tissue,0,116.06917787905087
149.85000000000002,-309.47,0.0,CAF,1,390.4855742466213
152.49,-337.38,0.0,other_tissue,0,168.98844498043277
338.34000000000003,56.56999999999999,0.0,other_tissue,0,134.85328512328775
-363.38,-302.69000000000005,0.0,CAF,1,167.8233844742467
-226.05,351.61,0.0,apCAF,1,1036.141809933224
-477.22,-15.409999999999968,0.0,CAF,1,351.3719376425142
433.04999999999995,268.13,0.0,other_tissue,0,158.4683854113001
414.17999999999995,-484.25,0.0,other_tissue,0,102.68442946981143
327.28,-185.5,0.0,CAF,1,108.80427655154458
77.28999999999996,-233.88,0.0,other_tissue,0,94.4123181601206
-476.7,398.78,0.0,other_tissue,0,85.41432129748027
-458.05,-439.11,0.0,other_tissue,0,130.8121142708899
194.01999999999998,393.95,0.0,epithelial_tumor_class1,1,639.6342903691901
224.05999999999995,359.96000000000004,0.0,CAF,1,413.6651197008682
-277.78999999999996,-22.110000000000014,0.0,other_tissue,0,139.74377996593876
490.05999999999995,-11.04000000000002,0.0,CAF,1,185.42126492173355
-499.8606,-280.78999999999996,0.0,other_tissue,0,134.16772087737553
-59.72000000000003,-413.63,0.0,other_tissue,0,113.0294906986905
38.00999999999999,-403.03999999999996,0.0,other_tissue,0,89.25504683675742
457.26,-100.88999999999999,0.0,other_tissue,0,131.84917697487413
116.92999999999995,-129.60000000000002,0.0,epithelial_tumor_class1,1,429.4031449659802
-235.32999999999998,423.47,0.0,CAF,1,549.9306859186564
-88.87,-102.49000000000001,0.0,mesenchymal_tumor_class1,1,194.39985683282842
89.47000000000003,209.41000000000003,0.0,other_tissue,0,125.53241472181654
-226.22000000000003,139.27999999999997,0.0,CD8_Tcell,1,321.1580464798851
-195.14,83.27999999999997,0.0,other_tissue,0,196.63166357730222
414.17999999999995,-443.07000000000005,0.0,CAF,1,251.593741107097
321.4,-44.210000000000036,0.0,other_tissue,0,140.03699876245963
-480.6,-45.309999999999945,0.0,other_tissue,0,79.43485224547696
226.69000000000005,463.83,0.0,other_tissue,0,98.69690185228049
-305.81,496.747,0.0,other_tissue,0,116.91699823019971
288.22,-372.57000000000005,0.0,CAF,1,287.2615540776136
84.85000000000002,-29.960000000000036,0.0,other_tissue,0,94.55778393132228
332.33000000000004,-362.55999999999995,0.0,other_tissue,0,135.64967328156968
233.72000000000003,-428.08000000000004,0.0,other_tissue,0,120.02568066183329
-179.2,462.67,0.0,other_tissue,0,248.2264541273121
199.84000000000003,-328.69000000000005,0.0,other_tissue,0,231.65753882844638
-459.19,478.34,0.0,CD8_Tcell,1,195.71733964673282
42.25,393.56,0.0,CAF,1,249.84396479740136
375.40999999999997,-105.59000000000003,0.0,other_tissue,0,79.40536905983258
349.66999999999996,-337.82000000000005,0.0,other_tissue,0,160.60213233365556
-290.13,-426.9,0.0,other_tissue,0,192.32192789472148
-363.38,-496.47,0.0,CAF,1,291.5036039430304
387.53999999999996,-80.22000000000003,0.0,other_tissue,0,170.0104303031763
-273.75,-424.5,0.0,CAF,1,127.0601635819699
253.75,-12.129999999999995,0.0,other_tissue,0,117.58893336237416
-468.19,-456.49,0.0,CAF,1,195.79070715451425
-371.22,-49.610000000000014,0.0,other_tissue,0,222.1236774414191
-407.54,64.06,0.0,other_tissue,0,110.85043495306348
448.28,341.65,0.0,CAF,1,447.5043482765708
12.92999999999995,-20.059999999999945,0.0,other_tissue,0,114.51124889660319
151.88,52.45999999999998,0.0,other_tissue,0,109.59419392374222
463.24,172.49,0.0,other_tissue,0,323.5224744249982
-492.233,-152.12,0.0,other_tissue,0,94.64312639667423
50.440000000000055,190.43,0.0,other_tissue,0,93.0800334728469
109.51999999999998,300.23,0.0,other_tissue,0,100.050861558256
297.82000000000005,496.587,0.0,other_tissue,0,226.53358799090122
488.33000000000004,-458.87,0.0,other_tissue,0,113.60136557812079
389.85,380.92,0.0,CD8_Tcell,1,117.96492998731617
226.29999999999995,211.48000000000002,0.0,other_tissue,0,102.34546149158041
480.15,0.8100000000000023,0.0,other_tissue,0,204.72016583137318
-314.96000000000004,-71.96000000000004,0.0,other_tissue,0,173.76283495495332
7.670000000000016,112.37,0.0,other_tissue,0,79.40536905983258
310.88,52.910000000000025,0.0,other_tissue,0,269.2201783652299
-349.90999999999997,334.58000000000004,0.0,other_tissue,0,208.62507458458524
-294.57,-484.33000000000004,0.0,CD8_Tcell,1,121.79940158492145
39.01999999999998,-490.03999999999996,0.0,epithelial_tumor_class1,1,4171.488314369853
-267.51,-89.26999999999998,0.0,other_tissue,0,210.29659160855053
-469.97,-303.30999999999995,0.0,CAF,1,132.5393977989502
-351.19,110.92000000000002,0.0,CAF,1,244.23687203049104
259.41999999999996,-403.96000000000004,0.0,other_tissue,0,142.7208595353352
-72.04000000000002,142.32999999999998,0.0,other_tissue,0,98.21227723330591
254.20000000000005,-347.26,0.0,other_tissue,0,98.86224345615061
234.60000000000002,100.25,0.0,other_tissue,0,261.4823426890171
293.13,-207.35000000000002,0.0,other_tissue,0,128.45861845121948
-79.63,-98.05999999999995,0.0,other_tissue,0,93.3683709186329
7.720000000000027,-283.33000000000004,0.0,other_tissue,0,103.76988336752203
-178.26,-320.97,0.0,other_tissue,0,433.8110581204011
-303.97,-119.35000000000002,0.0,other_tissue,0,534.098272276077
-109.31,324.28999999999996,0.0,other_tissue,0,149.18862242108213
-332.3,-427.27,0.0,CD4_Tcell,1,301.404233120218
-194.35000000000002,3.819999999999993,0.0,CAF,1,133.5918764308121
54.0,219.64999999999998,0.0,other_tissue,0,164.07756438041815
-223.57999999999998,263.4,0.0,other_tissue,0,389.38858445770677
-480.08,-156.26,0.0,other_tissue,0,141.6603218016912
-306.57,15.529999999999973,0.0,other_tissue,0,162.98571004478973
424.78999999999996,-340.76,0.0,CAF,1,293.6882733718262
-63.22000000000003,3.75,0.0,other_tissue,0,354.11214601522914
396.12,-41.370000000000005,0.0,other_tissue,0,437.32621252774834
-61.56,463.79,0.0,CD4_Tcell,1,286.3361710255
-40.51999999999998,370.84000000000003,0.0,CAF,1,133.63611354617785
80.39999999999998,210.43,0.0,CAF,1,361.8899113060655
419.32000000000005,-1.7699999999999818,0.0,other_tissue,0,79.40536905983258
145.58000000000004,-314.15999999999997,0.0,CD8_Tcell,1,245.80855743875958
-20.19999999999999,277.97,0.0,CAF,1,108.80427655154458
-351.83000000000004,-313.34000000000003,0.0,CAF,1,433.3124141551289
-6.0400000000000205,-304.44000000000005,0.0,CAF,1,300.1884572309476
-196.37,-283.30999999999995,0.0,other_tissue,0,313.6425523607549
-126.38,-368.30999999999995,0.0,other_tissue,0,102.49366804304591
26.379999999999995,-105.65999999999997,0.0,other_tissue,0,170.0104303031763
9.980000000000018,269.16999999999996,0.0,other_tissue,0,86.10555748727755
223.58000000000004,-495.25,0.0,epithelial_tumor_class1,1,1033.3428475979908
341.69000000000005,-450.37,0.0,other_tissue,0,248.70427813415276
325.63,100.80000000000001,0.0,other_tissue,0,108.36396710827324
-424.44,-411.82000000000005,0.0,other_tissue,0,160.33080480154283
-81.55000000000001,-315.85,0.0,CAF,1,357.21947549879917
458.57000000000005,-331.26,0.0,other_tissue,0,236.55284556797722
-428.58,-121.95000000000005,0.0,CAF,1,133.83213816062272
220.07000000000005,-117.88999999999999,0.0,other_tissue,0,118.29839618771331
-491.883,259.49,0.0,other_tissue,0,127.57419669294129
-198.12,-11.069999999999993,0.0,other_tissue,0,192.2574840458569
-7.779999999999973,-234.64,0.0,CAF,1,108.80427655154458
-375.65999999999997,-320.51,0.0,CAF,1,108.80427655154458
-460.13,-150.55999999999995,0.0,other_tissue,0,122.32894621443543
387.49,-35.559999999999945,0.0,other_tissue,0,106.27803721088925
81.42999999999995,-290.57000000000005,0.0,other_tissue,0,334.9937164503794
11.490000000000009,471.74,0.0,other_tissue,0,119.89628984071412
237.80999999999995,95.29000000000002,0.0,CAF,1,132.9357888047534
45.610000000000014,-29.559999999999945,0.0,other_tissue,0,95.0706090529327
-495.974,-453.0,0.0,CAF,1,224.8038069292528
-70.20999999999998,-419.08000000000004,0.0,other_tissue,0,91.00487406926256
-377.24,-325.29999999999995,0.0,CAF,1,147.5419289225275
-299.40999999999997,-302.71000000000004,0.0,other_tissue,0,257.7920630034869
-91.14999999999998,31.839999999999975,0.0,other_tissue,0,206.15131887412005
-300.03999999999996,325.08000000000004,0.0,other_tissue,0,487.590675462291
250.02999999999997,-446.03,0.0,other_tissue,0,134.95504838283026
130.78999999999996,-257.65,0.0,other_tissue,0,205.96573630263322
-26.25,-183.48000000000002,0.0,CAF,1,120.19049448113883
411.08000000000004,26.110000000000014,0.0,other_tissue,0,448.36784613262375
238.71000000000004,21.99000000000001,0.0,CD4_Tcell,1,153.20303830909407
-238.01999999999998,243.32,0.0,other_tissue,0,193.3388189087351
-384.02,-295.22,0.0,other_tissue,0,153.11305595429025
140.19000000000005,-263.88,0.0,other_tissue,0,165.57496255294973
-206.27999999999997,190.14,0.0,other_tissue,0,173.77036443518372
-82.24000000000001,126.82999999999998,0.0,other_tissue,0,79.40536905983258
220.44000000000005,192.88,0.0,other_tissue,0,430.13564961979984
431.11,249.0,0.0,other_tissue,0,110.21556278950361
6.350000000000023,-62.85000000000002,0.0,other_tissue,0,285.87422569083185
-390.03,-64.37,0.0,other_tissue,0,90.4726736577197
-91.57999999999998,122.12,0.0,other_tissue,0,187.99626775209194
294.37,29.95999999999998,0.0,other_tissue,0,107.37223806834362
194.90999999999997,-328.91999999999996,0.0,other_tissue,0,135.03776871760167
-220.57999999999998,73.92000000000002,0.0,other_tissue,0,143.81322451105495
405.88,27.850000000000023,0.0,other_tissue,0,105.09972334645664
187.10000000000002,-265.30999999999995,0.0,CAF,1,233.90843179947805
-144.69,432.03,0.0,other_tissue,0,133.51606409043114
-17.110000000000014,-1.420000000000016,0.0,other_tissue,0,260.4751232938556
-169.82999999999998,374.96,0.0,other_tissue,0,79.40536905983258
169.41999999999996,259.99,0.0,other_tissue,0,87.18504061386697
321.29999999999995,117.22000000000003,0.0,CAF,1,108.80427655154458
171.71000000000004,-230.29999999999995,0.0,other_tissue,0,136.10981280600603
-431.65999999999997,-206.03999999999996,0.0,CAF,1,258.2330513834282
303.38,-106.15999999999997,0.0,other_tissue,0,98.04252003495957
384.14,-68.97000000000003,0.0,other_tissue,0,118.56080195940925
122.25,-213.40999999999997,0.0,other_tissue,0,79.40536905983258
-449.33,-178.10000000000002,0.0,other_tissue,0,96.51332385343164
51.51999999999998,198.44,0.0,other_tissue,0,160.70217221981528
-494.783,-455.77,0.0,other_tissue,0,79.40536905983258
-200.06,84.06,0.0,other_tissue,0,79.40536905983258
-129.0,160.64,0.0,apCAF,1,133.73094024698935
-139.42000000000002,-485.23,0.0,other_tissue,0,252.36545119527034
-27.75,-189.33000000000004,0.0,CAF,1,128.04046722157
-347.98,-469.89,0.0,other_tissue,0,146.8274305261712
222.12,291.86,0.0,other_tissue,0,144.1519887418248
473.66999999999996,-104.0,0.0,other_tissue,0,90.41420989626037
79.13,-236.83000000000004,0.0,CD4_Tcell,1,138.5555735665556
-486.17,-417.9,0.0,other_tissue,0,169.60262491800455
-142.56,228.99,0.0,other_tissue,0,231.2109218834386
-468.32,210.42000000000002,0.0,other_tissue,0,141.4435953386254
-328.19,-76.75999999999999,0.0,other_tissue,0,133.32034830985933
-407.43,345.87,0.0,other_tissue,0,79.40536905983258
365.12,381.36,0.0,other_tissue,0,256.0916318302606
180.16999999999996,-361.4,0.0,other_tissue,0,200.342270702763
278.09000000000003,-2.670000000000016,0.0,other_tissue,0,137.95432071269047
479.42999999999995,-11.75,0.0,other_tissue,0,79.40536905983258
149.49,-238.12,0.0,other_tissue,0,119.69650517003333
16.190000000000055,-203.54999999999995,0.0,other_tissue,0,225.68103669265423
-190.16000000000003,75.89999999999998,0.0,other_tissue,0,94.78380237064893
-356.28,-485.41999999999996,0.0,CAF,1,108.80427655154458
-179.98000000000002,-40.27999999999997,0.0,other_tissue,0,240.56139562505314
-154.48000000000002,-417.96000000000004,0.0,other_tissue,0,152.78802910060304
66.99000000000001,499.6541,0.0,other_tissue,0,203.45453311373106
255.59000000000003,-313.64,0.0,other_tissue,0,185.83828950711876
-499.0745,-123.88999999999999,0.0,CAF,1,409.6375932593866
-51.48000000000002,387.59000000000003,0.0,other_tissue,0,290.6115608440296
330.03,161.75,0.0,other_tissue,0,79.40536905983258
269.28,-215.41999999999996,0.0,other_tissue,0,374.1202179665892
-15.550000000000011,322.09000000000003,0.0,other_tissue,0,154.07700241038927
298.72,152.16000000000003,0.0,other_tissue,0,265.98696027585066
-466.27,-318.86,0.0,other_tissue,0,218.0252878969635
218.10000000000002,87.56,0.0,other_tissue,0,140.46126071355673
350.45000000000005,386.71,0.0,CAF,1,288.60056182641796
270.03999999999996,467.93,0.0,other_tissue,0,103.58844576009464
-414.39,-440.71000000000004,0.0,other_tissue,0,163.2528010644858
60.15999999999997,-156.07000000000005,0.0,CAF,1,320.8179768077717
-102.85000000000002,-149.70000000000005,0.0,other_tissue,0,93.67226417771727
267.45000000000005,-268.4,0.0,CD4_Tcell,1,195.51363718635199
184.39,-293.89,0.0,other_tissue,0,178.4346531261893
-186.51,50.70999999999998,0.0,other_tissue,0,79.40536905983258
187.57000000000005,-288.74,0.0,other_tissue,0,128.50171503984458
-37.43000000000001,414.45,0.0,other_tissue,0,149.43361410392592
203.51999999999998,-321.72,0.0,CAF,1,179.0254111875939
358.46000000000004,-428.01,0.0,other_tissue,0,169.7804960671127
-36.64999999999998,-300.12,0.0,CAF,1,108.80427655154458
77.52999999999997,-128.25,0.0,other_tissue,0,135.31799604063187
283.70000000000005,-193.78999999999996,0.0,other_tissue,0,109.19597835508466
-446.49,133.01,0.0,other_tissue,0,105.77429077144342
271.41999999999996,-116.36000000000001,0.0,CAF,1,145.39867534001306
-95.25,-355.97,0.0,other_tissue,0,254.27251125486063
261.19000000000005,-196.70000000000005,0.0,other_tissue,0,124.18540825289527
-110.92000000000002,-485.62,0.0,other_tissue,0,96.08659655605965
-57.389999999999986,421.68,0.0,other_tissue,0,203.13685317149088
487.35,-34.65999999999997,0.0,other_tissue,0,453.78631660494403
-488.46,215.85000000000002,0.0,other_tissue,0,114.00452910128494
-459.65,-290.07000000000005,0.0,other_tissue,0,170.86522560020975
324.29999999999995,107.67000000000002,0.0,other_tissue,0,83.20143381241287
489.40999999999997,-284.22,0.0,other_tissue,0,120.62089694914158
381.6,-24.190000000000055,0.0,other_tissue,0,95.03032062924886
-158.86,-482.28,0.0,other_tissue,0,135.8412718438895
-34.660000000000025,-382.98,0.0,epithelial_tumor_class1,1,429.4031449659802
88.24000000000001,-383.0,0.0,other_tissue,0,205.07312672709014
183.64999999999998,-450.28,0.0,other_tissue,0,101.96501512517983
232.94000000000005,364.11,0.0,other_tissue,0,316.4638071028319
243.35000000000002,-302.26,0.0,CD8_Tcell,1,154.80783972254926
-268.40999999999997,202.01,0.0,other_tissue,0,122.14432424989414
-303.38,-316.59000000000003,0.0,other_tissue,0,317.5092429620384
399.55999999999995,-376.21000000000004,0.0,other_tissue,0,119.53801083179475
57.35000000000002,-247.84000000000003,0.0,other_tissue,0,214.2718699551689
-497.543,458.07,0.0,other_tissue,0,167.54398116936162
-499.8439,332.52,0.0,other_tissue,0,142.0615200112543
-82.75,308.46000000000004,0.0,other_tissue,0,237.00631320541913
-499.9703,228.69,0.0,epithelial_tumor_class1,1,496.8762427164984
-40.22000000000003,310.06,0.0,other_tissue,0,81.97250848016978
235.10000000000002,-364.15999999999997,0.0,other_tissue,0,186.53208787620608
285.58000000000004,-270.6,0.0,other_tissue,0,95.48927356884371
-144.24,-496.33000000000004,0.0,other_tissue,0,162.94963902303013
-29.379999999999995,408.65999999999997,0.0,other_tissue,0,107.55806618452257
250.82000000000005,200.12,0.0,other_tissue,0,317.0817978884073
-426.65999999999997,-223.02999999999997,0.0,other_tissue,0,79.40536905983258
-460.53,-388.29999999999995,0.0,other_tissue,0,165.34904604190976
-106.75,106.93,0.0,other_tissue,0,380.33102308404807
-160.77999999999997,248.39,0.0,CAF,1,166.0420216009016
445.86,-381.38,0.0,CD4_Tcell,1,142.28546709916066
-18.160000000000025,-34.07000000000005,0.0,other_tissue,0,114.785158181512
272.28,64.76999999999998,0.0,CD4_Tcell,1,116.38961461257577
261.34000000000003,201.72000000000003,0.0,other_tissue,0,186.15343873967748
-237.64,8.269999999999982,0.0,other_tissue,0,124.22754376985313
-298.66999999999996,-370.1,0.0,other_tissue,0,92.08045849804091
-334.06,224.93,0.0,CAF,1,246.72055363182906
409.94000000000005,374.44,0.0,CAF,1,151.1697928328745
191.96000000000004,331.78999999999996,0.0,other_tissue,0,855.791820353361
-224.98000000000002,-311.14,0.0,other_tissue,0,149.74704915070942
-401.49,-239.78999999999996,0.0,other_tissue,0,146.0280576547678
-187.05,-49.950000000000045,0.0,other_tissue,0,146.37700557949717
80.17999999999995,-76.12,0.0,other_tissue,0,85.40494232293086
34.379999999999995,-25.360000000000014,0.0,other_tissue,0,87.95271724338183
-63.920000000000016,277.6,0.0,other_tissue,0,79.40536905983258
-448.47,-467.46000000000004,0.0,CAF,1,284.3658787985246
-156.74,-25.899999999999977,0.0,other_tissue,0,135.5220410486208
-320.1,233.94,0.0,other_tissue,0,120.34367091762621
290.57000000000005,-330.26,0.0,CD8_Tcell,1,189.16514488674898
-329.28999999999996,295.76,0.0,other_tissue,0,229.99249339393393
201.99,-468.92999999999995,0.0,other_tissue,0,87.0614884953455
-308.38,24.870000000000005,0.0,other_tissue,0,323.3971428892952
-224.43,162.16000000000003,0.0,other_tissue,0,117.01531098015549
-381.75,-36.789999999999964,0.0,other_tissue,0,225.26899214134258
-437.73,-366.36,0.0,CAF,1,255.78946842880526
-463.27,36.139999999999986,0.0,other_tissue,0,81.41256196649604
390.94000000000005,455.31,0.0,CAF,1,182.55067096348432
435.61,-453.80999999999995,0.0,other_tissue,0,186.53208787620608
429.91999999999996,272.27,0.0,other_tissue,0,139.314466559276
315.75,139.24,0.0,other_tissue,0,179.42510139919224
-390.32,-389.1,0.0,other_tissue,0,215.32122845801263
-124.58999999999997,353.52,0.0,other_tissue,0,169.61744276655105
279.14,-30.720000000000027,0.0,other_tissue,0,111.43733830117263
-76.91000000000003,287.89,0.0,other_tissue,0,181.04528736137826
443.79999999999995,114.26999999999998,0.0,other_tissue,0,438.0510393531127
-277.53,-445.22,0.0,other_tissue,0,101.61710191705833
482.95000000000005,73.72000000000003,0.0,other_tissue,0,177.18837778806457
-234.18,131.23000000000002,0.0,other_tissue,0,93.78202660660865
283.0,-389.03,0.0,other_tissue,0,99.2142072746499
-280.09000000000003,0.18000000000000682,0.0,other_tissue,0,108.62798762179095
348.92999999999995,47.48000000000002,0.0,other_tissue,0,79.40536905983258
447.98,-50.51999999999998,0.0,other_tissue,0,99.76972248104768
394.01,-480.80999999999995,0.0,other_tissue,0,536.1542309465143
-487.8,-115.63,0.0,other_tissue,0,233.4772614734971
-466.71,-172.33000000000004,0.0,other_tissue,0,328.0790087591058
236.26,-284.49,0.0,other_tissue,0,981.8923155844441
-202.44,273.45,0.0,other_tissue,0,293.89130585159927
-301.76,53.98000000000002,0.0,other_tissue,0,113.87382256054053
-352.78999999999996,332.08000000000004,0.0,other_tissue,0,134.2691389928029
462.03999999999996,499.7479,0.0,other_tissue,0,277.3559143162959
-395.88,165.41000000000003,0.0,other_tissue,0,104.48702387261625
-227.72000000000003,366.99,0.0,other_tissue,0,198.38658533061889
354.70000000000005,239.89999999999998,0.0,other_tissue,0,188.63179231200627
-353.98,-300.17999999999995,0.0,other_tissue,0,189.05361510011568
-413.5,80.27999999999997,0.0,CAF,1,414.7937730584537
-499.8566,-209.30999999999995,0.0,CAF,1,293.3358602964129
-182.51,-440.22,0.0,other_tissue,0,79.40536905983258
171.85000000000002,-4.439999999999998,0.0,other_tissue,0,237.8592866409428
107.74000000000001,44.54000000000002,0.0,other_tissue,0,322.62308458682986
304.49,39.089999999999975,0.0,other_tissue,0,260.34693833724816
225.57000000000005,194.32,0.0,CAF,1,145.33182639989133
-478.48,350.40999999999997,0.0,other_tissue,0,354.9357655853231
161.94000000000005,-28.519999999999982,0.0,other_tissue,0,79.40536905983258
18.039999999999964,-494.65,0.0,epithelial_tumor_class1,1,929.0828455581827
-86.43,-171.67999999999995,0.0,other_tissue,0,110.31564417827207
16.83000000000004,216.04000000000002,0.0,other_tissue,0,233.29394556561596
-439.07,-435.26,0.0,CAF,1,329.3919835668618
317.71000000000004,-89.11000000000001,0.0,other_tissue,0,79.40536905983258
305.63,-5.189999999999998,0.0,other_tissue,0,133.9397168688098
397.46000000000004,57.22000000000003,0.0,epithelial_tumor_class1,1,429.4031449659802
-139.79000000000002,198.10000000000002,0.0,other_tissue,0,80.98635861853802
-121.94,297.16999999999996,0.0,other_tissue,0,186.99821378578326
48.72000000000003,-447.57000000000005,0.0,other_tissue,0,125.03597652270129
-390.98,-80.12,0.0,CAF,1,268.83726242243085
167.39999999999998,-229.41999999999996,0.0,CAF,1,411.88227544877816
386.59000000000003,-407.58000000000004,0.0,other_tissue,0,167.11812165735006
282.94000000000005,343.43,0.0,other_tissue,0,79.40536905983258
99.33000000000004,53.31999999999999,0.0,other_tissue,0,109.16836037293139
327.23,-303.21000000000004,0.0,other_tissue,0,271.48475816496983
-134.01999999999998,457.25,0.0,other_tissue,0,162.5964246106438
-7.8700000000000045,18.600000000000023,0.0,other_tissue,0,79.40536905983258
-251.87,-234.54999999999995,0.0,other_tissue,0,292.67451349889376
237.51,-65.80999999999995,0.0,other_tissue,0,164.5055042937835
-109.69,264.06,0.0,other_tissue,0,131.87423383094068
253.71000000000004,52.94999999999999,0.0,CAF,1,121.02274302781305
-296.5,308.62,0.0,other_tissue,0,219.4737325928229
192.58000000000004,-403.86,0.0,other_tissue,0,474.1449651896047
373.72,426.47,0.0,other_tissue,0,257.81165181793136
377.67999999999995,430.0,0.0,other_tissue,0,133.45290905430366
-65.12,167.05,0.0,other_tissue,0,409.4242403505189
-331.53999999999996,-154.25,0.0,other_tissue,0,371.2276455468722
-445.65999999999997,-176.48000000000002,0.0,CAF,1,191.3086087949504
398.28999999999996,-488.01,0.0,other_tissue,0,608.4198875039214
409.69000000000005,-489.20000000000005,0.0,other_tissue,0,79.40536905983258
-494.678,-255.77999999999997,0.0,CAF,1,254.7094778080207
-410.38,122.0,0.0,other_tissue,0,95.23187661708145
53.710000000000036,-4.3799999999999955,0.0,other_tissue,0,147.97444437915135
-136.57999999999998,277.55,0.0,other_tissue,0,79.40536905983258
-241.35000000000002,249.61,0.0,CAF,1,351.2154388317533
-275.75,304.40999999999997,0.0,other_tissue,0,79.40536905983258
-230.10000000000002,-43.84000000000003,0.0,other_tissue,0,177.82225656222965
388.47,-364.99,0.0,other_tissue,0,131.0739878252283
400.09000000000003,-2.0299999999999727,0.0,other_tissue,0,388.1392378251533
-18.220000000000027,278.6,0.0,apCAF,1,225.91415354125408
-469.97,-481.17999999999995,0.0,CD4_Tcell,1,325.2233383077153
-54.0,264.02,0.0,CAF,1,192.38638614283724
423.75,-42.33000000000004,0.0,other_tissue,0,79.40536905983258
256.47,-71.27999999999997,0.0,other_tissue,0,161.99210236355867
-458.38,259.14,0.0,other_tissue,0,236.35867949594453
-82.35000000000002,76.08999999999997,0.0,CD4_Tcell,1,383.1685746262255
-329.34000000000003,-448.95000000000005,0.0,other_tissue,0,147.30575391537604
199.97000000000003,218.75,0.0,other_tissue,0,325.3605794286235
-155.64999999999998,397.32,0.0,other_tissue,0,152.13935597187893
247.99,-151.82000000000005,0.0,other_tissue,0,153.09229580029776
434.66999999999996,345.74,0.0,other_tissue,0,141.34515642738657
-486.41,-412.87,0.0,CD8_Tcell,1,139.39895865239194
332.28,-368.20000000000005,0.0,other_tissue,0,172.78585343001538
272.30999999999995,-278.53999999999996,0.0,other_tissue,0,129.19257194590904
-379.28,-266.86,0.0,CAF,1,164.15004427175387
157.69000000000005,-247.0,0.0,CAF,1,222.03500413579218
-432.40999999999997,-437.83000000000004,0.0,other_tissue,0,93.10486673494133
-499.6757,340.03,0.0,epithelial_tumor_class1,1,429.4031449659802
-145.06,295.38,0.0,other_tissue,0,114.51695089080432
267.78999999999996,-393.04999999999995,0.0,other_tissue,0,159.19172517780373
376.97,-293.49,0.0,other_tissue,0,96.85459399908288
356.14,-25.82000000000005,0.0,other_tissue,0,109.074494066933
462.03,480.41,0.0,other_tissue,0,155.77887885629357
-262.28999999999996,87.12,0.0,other_tissue,0,188.8625231855753
384.37,353.73,0.0,other_tissue,0,79.40536905983258
-268.28999999999996,-271.08000000000004,0.0,other_tissue,0,158.787235185821
-45.47000000000003,218.51999999999998,0.0,other_tissue,0,981.8923155844441
85.65999999999997,334.02,0.0,other_tissue,0,129.3594873929141
142.51999999999998,177.57,0.0,other_tissue,0,79.40536905983258
128.23000000000002,-216.13,0.0,CD4_Tcell,1,130.5132575810004
475.38,-421.71000000000004,0.0,CD4_Tcell,1,116.38961461257577
-48.089999999999975,248.12,0.0,other_tissue,0,180.349732934105
229.39999999999998,-344.33000000000004,0.0,other_tissue,0,155.85589659355819
381.36,-237.61,0.0,other_tissue,0,79.40536905983258
39.389999999999986,-40.00999999999999,0.0,CD4_Tcell,1,117.89097947728229
142.36,-431.51,0.0,other_tissue,0,166.27588013779396
391.20000000000005,-193.35000000000002,0.0,other_tissue,0,116.02890804172395
365.57000000000005,442.84000000000003,0.0,other_tissue,0,114.84799051631511
57.40999999999997,-322.35,0.0,other_tissue,0,169.61003373439863
212.20000000000005,-137.40999999999997,0.0,CAF,1,131.1488729811931
-238.49,130.25,0.0,other_tissue,0,129.42134439434983
442.19000000000005,326.89,0.0,other_tissue,0,113.62405370964963
111.66999999999996,3.819999999999993,0.0,other_tissue,0,294.9185851060902
106.40999999999997,-327.47,0.0,CAF,1,454.67217125529726
145.98000000000002,-222.24,0.0,apCAF,1,143.87960699328
-183.27999999999997,52.49000000000001,0.0,other_tissue,0,132.64628271478404
209.64999999999998,46.139999999999986,0.0,other_tissue,0,93.8369399605148
280.83000000000004,55.889999999999986,0.0,other_tissue,0,777.4506700300719
-29.220000000000027,-45.950000000000045,0.0,other_tissue,0,138.03826202418568
-83.52999999999997,298.53999999999996,0.0,other_tissue,0,107.13752683856724
333.71000000000004,438.46,0.0,other_tissue,0,328.194042129136
-163.25,1.1399999999999864,0.0,CAF,1,142.67463950253463
-455.04,-315.35,0.0,other_tissue,0,165.69164509387846
-410.7,-124.29999999999995,0.0,other_tissue,0,79.40536905983258
-238.05,-51.51999999999998,0.0,other_tissue,0,161.87716340386348
-223.47000000000003,360.55,0.0,CAF,1,144.2716794822563
-241.37,-38.299999999999955,0.0,other_tissue,0,108.99723281654526
425.85,110.08999999999997,0.0,CAF,1,230.9195637425614
20.649999999999977,-199.21000000000004,0.0,other_tissue,0,267.1386919657439
-224.48000000000002,-372.57000000000005,0.0,other_tissue,0,88.34543399221224
72.10000000000002,-46.210000000000036,0.0,CAF,1,256.3257281465308
-464.96,70.06,0.0,other_tissue,0,233.81664901386648
-487.35,-299.97,0.0,apCAF,1,179.90243207296717
-85.52999999999997,457.14,0.0,other_tissue,0,181.38598609068737
153.95000000000005,-118.09000000000003,0.0,other_tissue,0,156.90867308706464
221.51999999999998,-107.05999999999995,0.0,CAF,1,139.49649197088138
216.34000000000003,-198.08000000000004,0.0,other_tissue,0,79.40536905983258
28.950000000000045,-81.32000000000005,0.0,CAF,1,186.0509761901344
-147.99,400.05,0.0,other_tissue,0,209.7327406337575
477.97,86.37,0.0,other_tissue,0,79.40536905983258
7.7099999999999795,427.34000000000003,0.0,other_tissue,0,90.00081247217538
237.22000000000003,494.625,0.0,other_tissue,0,329.0691746038083
2.8700000000000045,-494.33000000000004,0.0,other_tissue,0,291.18480787973
299.87,48.139999999999986,0.0,CD8_Tcell,1,127.73358268397533
139.97000000000003,-124.58000000000004,0.0,other_tissue,0,258.01739428472587
164.32000000000005,-88.10000000000002,0.0,other_tissue,0,122.52568360184522
310.1,-319.90999999999997,0.0,other_tissue,0,86.46438920127187
311.53,215.04000000000002,0.0,CAF,1,209.2039813813064
246.64,356.15999999999997,0.0,other_tissue,0,175.59890146416018
-441.84000000000003,-168.21000000000004,0.0,CAF,1,109.4170899177523
-112.70999999999998,-31.409999999999968,0.0,CAF,1,127.17019707437542
426.41999999999996,217.8,0.0,other_tissue,0,966.6209456718374
-378.09000000000003,-369.78999999999996,0.0,other_tissue,0,120.9458506172612
387.58000000000004,339.59000000000003,0.0,other_tissue,0,216.0952535413761
-132.75,380.04,0.0,CAF,1,108.80427655154458
-372.44,497.463,0.0,other_tissue,0,182.8387244248909
16.139999999999986,120.75999999999999,0.0,other_tissue,0,141.12875161382152
-136.27999999999997,499.8753,0.0,other_tissue,0,411.8287355716259
399.96000000000004,14.410000000000025,0.0,other_tissue,0,169.80273870099813
-180.24,58.95999999999998,0.0,other_tissue,0,352.48079656176725
-97.87,-114.48000000000002,0.0,other_tissue,0,79.40536905983258
-408.2,7.310000000000002,0.0,other_tissue,0,102.20268340634601
-485.05,-445.67999999999995,0.0,other_tissue,0,95.8787705858049
339.45000000000005,66.83999999999997,0.0,CAF,1,145.07131131427872
218.84000000000003,-338.76,0.0,other_tissue,0,311.626555497165
-141.37,392.21,0.0,other_tissue,0,177.42495114187705
-338.39,343.83000000000004,0.0,other_tissue,0,248.8094816395899
-20.54000000000002,281.88,0.0,other_tissue,0,79.40536905983258
-209.86,257.37,0.0,other_tissue,0,981.8923155844441
444.53,226.55,0.0,other_tissue,0,318.4329329439855
249.07000000000005,-335.55999999999995,0.0,other_tissue,0,119.17459051847612
111.13999999999999,-453.80999999999995,0.0,other_tissue,0,134.32620913596838
-270.09000000000003,95.75,0.0,other_tissue,0,126.907444608136
385.95000000000005,-23.110000000000014,0.0,other_tissue,0,180.6895587612138
-93.81,-316.96000000000004,0.0,CAF,1,332.58526147479046
-452.07,-169.87,0.0,CD4_Tcell,1,116.38961461257577
-93.38,451.79,0.0,other_tissue,0,391.1059600955168
-32.56999999999999,-375.78999999999996,0.0,CAF,1,108.80427655154458
167.95000000000005,258.22,0.0,other_tissue,0,104.36905841094037
-173.93,8.699999999999989,0.0,CAF,1,263.7829352044875
-465.61,373.1,0.0,other_tissue,0,116.35709057697888
-382.11,-374.78,0.0,CAF,1,108.80427655154458
-195.82999999999998,-14.5,0.0,other_tissue,0,117.34535001167914
488.61,-72.07000000000005,0.0,CAF,1,212.01140026868174
397.41999999999996,-374.48,0.0,other_tissue,0,101.03376147955056
299.53999999999996,-67.04999999999995,0.0,other_tissue,0,81.02710077694532
-429.97,-371.0,0.0,other_tissue,0,229.7928628971231
-107.38999999999999,-232.96000000000004,0.0,other_tissue,0,173.98881399067346
-47.45999999999998,381.89,0.0,other_tissue,0,143.03806583663652
-51.120000000000005,261.74,0.0,other_tissue,0,210.50187861219158
207.90999999999997,-95.35000000000002,0.0,other_tissue,0,226.52460260385448
-148.17000000000002,406.85,0.0,other_tissue,0,183.66563589890558
183.25,278.15999999999997,0.0,other_tissue,0,79.40536905983258
-494.268,-260.40999999999997,0.0,other_tissue,0,126.1578491784869
-202.75,73.66000000000003,0.0,other_tissue,0,188.9660153135551
-136.89,-119.14999999999998,0.0,other_tissue,0,763.6919423168581
-234.64,-307.59000000000003,0.0,other_tissue,0,147.96091549325664
-414.06,-484.20000000000005,0.0,other_tissue,0,245.4576598249868
-499.3048,52.27999999999997,0.0,other_tissue,0,82.78737501832344
420.33000000000004,-442.85,0.0,other_tissue,0,194.1889611665419
-208.02999999999997,234.12,0.0,other_tissue,0,365.9943207887015
-481.5,-376.75,0.0,other_tissue,0,143.4948728054045
-229.49,-359.87,0.0,other_tissue,0,122.8361219180074
-430.65,152.97000000000003,0.0,CAF,1,108.80427655154458
289.15,-455.86,0.0,other_tissue,0,112.78660286894674
-0.11000000000001364,32.879999999999995,0.0,other_tissue,0,208.53152836796022
-288.4,-315.53999999999996,0.0,other_tissue,0,225.43016718327132
-191.77999999999997,3.6100000000000136,0.0,other_tissue,0,156.08710210856384
435.0,-458.42999999999995,0.0,other_tissue,0,246.79665497417736
-478.76,-475.92999999999995,0.0,other_tissue,0,88.16329828075067
-191.14,20.589999999999975,0.0,other_tissue,0,517.590050389935
347.91999999999996,-24.350000000000023,0.0,other_tissue,0,155.4710616344158
55.89999999999998,216.01,0.0,other_tissue,0,270.04770916701466
413.53,-33.98000000000002,0.0,other_tissue,0,79.40536905983258
342.16999999999996,-89.12,0.0,CAF,1,190.4749048282313
74.74000000000001,244.55,0.0,other_tissue,0,298.01478044783005
-214.05,476.67,0.0,other_tissue,0,83.21986839886263
395.59000000000003,-351.23,0.0,other_tissue,0,147.46092621828504
469.74,-251.83000000000004,0.0,other_tissue,0,94.38725294304086
163.10000000000002,-75.26999999999998,0.0,other_tissue,0,213.90842848171056
-462.78,-290.94000000000005,0.0,other_tissue,0,167.0007702976091
-164.86,289.99,0.0,other_tissue,0,79.40536905983258
243.74,-195.71000000000004,0.0,other_tissue,0,79.40536905983258
308.0,-221.96000000000004,0.0,other_tissue,0,177.15786752075525
439.46000000000004,-218.84000000000003,0.0,other_tissue,0,150.68313632609105
80.01999999999998,-239.75,0.0,CAF,1,108.80427655154458
-168.01999999999998,-368.97,0.0,CAF,1,108.80427655154458
-424.22,-88.32000000000005,0.0,other_tissue,0,116.98638974672724
-462.15999999999997,-243.11,0.0,CAF,1,117.79798718854899
-240.35000000000002,408.99,0.0,other_tissue,0,79.40536905983258
-49.94,492.752,0.0,other_tissue,0,203.12849764178037
-409.22,-441.37,0.0,other_tissue,0,141.9496346404328
342.37,-25.659999999999968,0.0,other_tissue,0,79.40536905983258
278.88,102.70999999999998,0.0,other_tissue,0,277.87041280202226
-402.82,211.49,0.0,apCAF,1,1009.8954786833608
-347.65999999999997,-449.96000000000004,0.0,other_tissue,0,126.85860039438025
-408.22,-118.34000000000003,0.0,CAF,1,108.80427655154458
-18.30000000000001,-293.79999999999995,0.0,other_tissue,0,252.82923382973985
-194.54000000000002,-419.1,0.0,CAF,1,108.80427655154458
448.65,-223.73000000000002,0.0,CAF,1,156.19928401217598
-485.99,462.3,0.0,other_tissue,0,116.00014957557771
261.45000000000005,-268.91999999999996,0.0,CD4_Tcell,1,179.73295989495415
278.86,-391.07000000000005,0.0,other_tissue,0,203.57165652968368
471.76,-216.10000000000002,0.0,CAF,1,135.5156615393931
214.74,-99.94000000000005,0.0,other_tissue,0,92.53976518085656
-74.14999999999998,83.26999999999998,0.0,other_tissue,0,165.64058973934013
-357.37,-300.5,0.0,CAF,1,120.39082829789263
-120.02999999999997,306.22,0.0,other_tissue,0,79.40536905983258
-476.8,-24.269999999999982,0.0,CAF,1,118.96975954069059
-101.79000000000002,467.28,0.0,other_tissue,0,123.89072637925717
-2.579999999999984,-494.74,0.0,other_tissue,0,168.9588834577183
168.53999999999996,436.53,0.0,other_tissue,0,83.92240210192273
-279.35,-255.70000000000005,0.0,other_tissue,0,206.29479991682783
24.07000000000005,-52.0,0.0,other_tissue,0,93.61741509436918
-132.41000000000003,22.879999999999995,0.0,apCAF,1,113.98310791582618
-480.87,-466.05999999999995,0.0,CAF,1,195.603248846608
-110.50999999999999,207.49,0.0,other_tissue,0,79.40536905983258
-54.079999999999984,-82.51999999999998,0.0,other_tissue,0,85.98773810620591
442.24,-114.42999999999995,0.0,other_tissue,0,103.90877263480293
-500.222,-199.10000000000002,0.0,CAF,1,108.80427655154458
480.1,-42.60000000000002,0.0,other_tissue,0,124.10718185812411
-368.22,309.62,0.0,other_tissue,0,138.06409696874007
-146.20999999999998,395.51,0.0,other_tissue,0,131.83038641588078
447.15,-1.2099999999999795,0.0,other_tissue,0,79.40536905983258
-448.21,-250.12,0.0,other_tissue,0,110.05444790344502
-132.92000000000002,-477.97,0.0,other_tissue,0,313.76535097630665
-205.5,3.9599999999999795,0.0,other_tissue,0,148.46881329145495
430.03999999999996,-369.75,0.0,other_tissue,0,119.18630224158356
-144.33999999999997,234.04000000000002,0.0,CAF,1,221.81342412566502
350.49,-295.13,0.0,other_tissue,0,146.66597822080888
-389.64,-186.34000000000003,0.0,other_tissue,0,79.40536905983258
346.11,-349.67999999999995,0.0,CAF,1,155.9889870149242
-148.23000000000002,163.69,0.0,other_tissue,0,105.47172879391901
387.80999999999995,344.12,0.0,other_tissue,0,108.94206855238377
-483.73,-461.47,0.0,other_tissue,0,98.97602285922808
487.61,-238.83000000000004,0.0,other_tissue,0,303.02673157011435
52.200000000000045,62.579999999999984,0.0,CAF,1,174.3206041852147
297.61,501.549,0.0,other_tissue,0,294.3190484703379
-213.82,-256.73,0.0,other_tissue,0,589.0113932342015
-233.87,134.57999999999998,0.0,other_tissue,0,79.40536905983258
29.950000000000045,-109.17999999999995,0.0,other_tissue,0,461.74276502256885
-49.829999999999984,108.39999999999998,0.0,other_tissue,0,83.55215674527902
28.399999999999977,228.82,0.0,CD4_Tcell,1,116.38961461257577
308.5,-427.65999999999997,0.0,other_tissue,0,79.40536905983258
87.63999999999999,488.91,0.0,other_tissue,0,131.32371591988377
-270.78999999999996,-273.92999999999995,0.0,other_tissue,0,163.4406611066015
-38.29000000000002,75.88999999999999,0.0,other_tissue,0,94.753645792127
-96.97000000000003,475.7,0.0,other_tissue,0,132.74693276139985
186.14999999999998,-134.05999999999995,0.0,other_tissue,0,79.40536905983258
406.22,-189.64,0.0,CAF,1,127.23135423264041
-102.79000000000002,-13.360000000000014,0.0,other_tissue,0,212.8464287826302
-262.2,-96.34000000000003,0.0,other_tissue,0,135.5156615393931
-365.51,-37.16999999999996,0.0,CAF,1,208.8037404943385
226.08000000000004,-438.58000000000004,0.0,other_tissue,0,114.65385554314312
311.5,-331.87,0.0,other_tissue,0,80.57066630773456
-335.37,-244.23000000000002,0.0,other_tissue,0,79.40536905983258
-296.28,19.79000000000002,0.0,other_tissue,0,165.9616834005352
-291.95,-124.63,0.0,other_tissue,0,196.28845915537005
-233.86,359.31,0.0,other_tissue,0,94.48754043557227
309.32000000000005,-341.61,0.0,other_tissue,0,154.71026150939753
447.13,-314.83000000000004,0.0,CD4_Tcell,1,170.19601228387563
-121.57,-304.36,0.0,other_tissue,0,435.89285912647273
380.70000000000005,430.43,0.0,CD4_Tcell,1,125.005748310734
-486.58,-305.91999999999996,0.0,other_tissue,0,267.7610026810793
-54.69,499.0427,0.0,other_tissue,0,215.912451486281
415.61,249.16,0.0,other_tissue,0,79.40536905983258
126.14999999999998,-213.15999999999997,0.0,other_tissue,0,79.40536905983258
-449.57,-22.190000000000055,0.0,other_tissue,0,558.8565111930266
211.57000000000005,-285.77,0.0,other_tissue,0,344.375404404063
123.50999999999999,-174.83000000000004,0.0,other_tissue,0,460.761193886519
-440.86,-274.03999999999996,0.0,other_tissue,0,344.803254021864
219.98000000000002,-256.73,0.0,other_tissue,0,137.89622743617562
192.85000000000002,-249.09000000000003,0.0,CAF,1,220.1871288226289
252.59000000000003,-204.99,0.0,other_tissue,0,247.33933005361166
487.55999999999995,-186.58000000000004,0.0,other_tissue,0,163.29614059819113
152.17999999999995,-421.87,0.0,other_tissue,0,182.9088372711586
91.99000000000001,-39.789999999999964,0.0,other_tissue,0,114.86513058617568
-46.69,-338.26,0.0,other_tissue,0,118.48495603171087
-28.350000000000023,134.32999999999998,0.0,other_tissue,0,128.52634598907042
-172.49,-459.54999999999995,0.0,CAF,1,134.85964382777044
-99.43,10.319999999999993,0.0,other_tissue,0,153.19611533819744
399.32000000000005,-172.13,0.0,other_tissue,0,130.45727267550427
-499.9718,170.5,0.0,other_tissue,0,409.95776157658787
-12.220000000000027,244.95,0.0,other_tissue,0,311.70436117355194
324.23,-458.79999999999995,0.0,CAF,1,108.80427655154458
52.440000000000055,-56.91999999999996,0.0,other_tissue,0,255.8674233138854
471.61,-90.32000000000005,0.0,other_tissue,0,136.63512661822332
-237.76,-244.44000000000005,0.0,other_tissue,0,220.05490195224448
-237.76999999999998,-473.52,0.0,other_tissue,0,101.7119087234972
298.05999999999995,-335.74,0.0,other_tissue,0,169.24725540127298
-446.13,-405.82000000000005,0.0,other_tissue,0,116.98638974672724
318.49,191.26999999999998,0.0,epithelial_tumor_class1,1,868.2754509521465
51.690000000000055,83.11000000000001,0.0,other_tissue,0,172.7258513978752
439.36,-104.48000000000002,0.0,CAF,1,108.80427655154458
295.01,58.24000000000001,0.0,other_tissue,0,178.41166292009416
118.49000000000001,-173.98000000000002,0.0,apCAF,1,1036.141809933224
441.53,-233.08000000000004,0.0,other_tissue,0,81.0542698057043
54.76999999999998,-84.15999999999997,0.0,other_tissue,0,105.07818467894347
-291.90999999999997,-381.6,0.0,CAF,1,178.38101238394015
-353.78,-484.90999999999997,0.0,other_tissue,0,79.40536905983258
252.61,-189.70000000000005,0.0,other_tissue,0,225.9320922527839
313.46000000000004,195.10000000000002,0.0,other_tissue,0,161.73356617689282
169.10000000000002,-23.57000000000005,0.0,other_tissue,0,95.85344647544663
-432.31,-124.37,0.0,other_tissue,0,140.78165480737474
-74.94,61.48000000000002,0.0,other_tissue,0,123.53652438809205
-99.97000000000003,433.32,0.0,CAF,1,109.02482193054084
387.95000000000005,-481.16999999999996,0.0,apCAF,1,488.0401920519278
-477.55,-369.79999999999995,0.0,other_tissue,0,128.95789724429073
476.20000000000005,88.37,0.0,other_tissue,0,101.47500219911434
234.01999999999998,95.95999999999998,0.0,other_tissue,0,79.40536905983258
-190.38,-285.9,0.0,CAF,1,290.22981443444473
94.46000000000004,-185.10000000000002,0.0,CAF,1,252.8775771717903
-304.15,-274.02,0.0,other_tissue,0,156.101121908146
329.77,244.85,0.0,other_tissue,0,134.90416035607262
212.10000000000002,-256.42999999999995,0.0,other_tissue,0,174.9022515168089
-487.54,-203.52999999999997,0.0,other_tissue,0,180.97565158342226
240.84000000000003,-320.78999999999996,0.0,other_tissue,0,433.1186002986352
448.08000000000004,-30.00999999999999,0.0,other_tissue,0,785.8217553218602
-426.07,-187.65999999999997,0.0,other_tissue,0,210.117075002552
5.579999999999984,-489.67999999999995,0.0,other_tissue,0,144.75777113417195
236.57000000000005,-188.39,0.0,other_tissue,0,138.69806047254346
265.23,56.10000000000002,0.0,other_tissue,0,81.4489034797177
143.99,-175.20000000000005,0.0,other_tissue,0,179.31743403638364
-3.4700000000000273,235.57999999999998,0.0,CAF,1,151.45129649282083
-174.25,284.28,0.0,other_tissue,0,79.40536905983258
126.0,482.46,0.0,other_tissue,0,79.40536905983258
373.51,-452.5,0.0,other_tissue,0,302.02423465669096
377.53999999999996,-23.690000000000055,0.0,other_tissue,0,131.75524203288734
-464.37,-367.96000000000004,0.0,other_tissue,0,96.59474821938336
-294.2,55.44999999999999,0.0,other_tissue,0,93.39325543661256
478.32000000000005,112.01999999999998,0.0,other_tissue,0,149.29066972114222
111.88,-209.37,0.0,other_tissue,0,87.24210407154266
386.0,-348.03999999999996,0.0,other_tissue,0,117.69923647707823
331.38,-74.63999999999999,0.0,other_tissue,0,101.9016992055657
198.42999999999995,399.22,0.0,other_tissue,0,203.2287791215066
79.96000000000004,416.06,0.0,other_tissue,0,124.45041841141926
-369.96000000000004,358.76,0.0,other_tissue,0,106.23464144619297
-184.56,-471.65,0.0,other_tissue,0,189.25280619865282
-385.42,-121.38999999999999,0.0,other_tissue,0,148.44847509788167
109.38,-189.54999999999995,0.0,CD4_Tcell,1,218.50739244792166
-36.25,-478.21000000000004,0.0,other_tissue,0,100.28554716651063
-438.1,336.28999999999996,0.0,other_tissue,0,305.3781677279553
341.76,-14.049999999999955,0.0,other_tissue,0,158.54628701306652
-141.31,428.77,0.0,other_tissue,0,101.26472769753003
481.11,-124.83000000000004,0.0,CAF,1,108.80427655154458
156.67999999999995,258.99,0.0,other_tissue,0,327.8490226646711
313.87,-494.20000000000005,0.0,CAF,1,329.56500374846155
61.549999999999955,-429.05999999999995,0.0,CAF,1,242.21123229692483
229.35000000000002,196.23000000000002,0.0,other_tissue,0,131.47995693991749
-272.23,-75.84000000000003,0.0,other_tissue,0,176.7539370686687
267.53999999999996,-61.67999999999995,0.0,other_tissue,0,671.7686228088603
-141.93,224.13,0.0,other_tissue,0,114.44853945203599
262.5,-416.90999999999997,0.0,CAF,1,322.0206316855301
291.58000000000004,-448.79999999999995,0.0,other_tissue,0,102.93383514465437
431.76,315.25,0.0,other_tissue,0,252.983954215365
-225.88,247.78,0.0,other_tissue,0,312.9398683833797
-359.5,-31.110000000000014,0.0,other_tissue,0,150.90919866998243
167.58000000000004,-234.99,0.0,other_tissue,0,215.52108000448047
-109.19,119.06,0.0,CAF,1,361.6198350578838
-415.17,111.57,0.0,CAF,1,707.0704823103579
-282.11,61.079999999999984,0.0,other_tissue,0,156.45891050743805
232.52999999999997,-302.14,0.0,other_tissue,0,283.46759608413777
494.13,-52.639999999999986,0.0,other_tissue,0,644.6916368052583
-268.03999999999996,-275.99,0.0,other_tissue,0,108.9200080593251
42.539999999999964,-135.60000000000002,0.0,CAF,1,373.63081110884383
-408.52,207.51,0.0,other_tissue,0,85.54569904838843
-333.41999999999996,-122.51999999999998,0.0,other_tissue,0,86.75311899536662
432.07000000000005,310.84000000000003,0.0,other_tissue,0,216.38272233065422
-499.7611,-73.62,0.0,CAF,1,153.0853761659987
-131.66000000000003,-309.87,0.0,other_tissue,0,121.0937495573274
-367.72,-281.73,0.0,other_tissue,0,173.95867213926667
-253.07,-4.949999999999989,0.0,other_tissue,0,204.91340373165426
-112.0,-324.46000000000004,0.0,other_tissue,0,177.96757366793358
-299.84000000000003,319.53,0.0,other_tissue,0,167.74982719606288
69.64999999999998,-152.74,0.0,other_tissue,0,166.085853363164
211.85000000000002,59.27999999999997,0.0,other_tissue,0,140.7162287299401
154.91999999999996,55.170000000000016,0.0,CD4_Tcell,1,138.28382415743718
31.190000000000055,242.25,0.0,other_tissue,0,107.06118310571725
-9.449999999999989,-33.41999999999996,0.0,other_tissue,0,193.40350415722736
199.36,-455.48,0.0,other_tissue,0,128.85917192492533
315.57000000000005,499.5299,0.0,CAF,1,220.63709636993212
297.24,-4.519999999999982,0.0,apCAF,1,153.0853761659987
32.66999999999996,250.02,0.0,other_tissue,0,80.99541125097394
-40.18000000000001,-381.6,0.0,other_tissue,0,195.97012713547485
-57.839999999999975,428.42,0.0,other_tissue,0,243.10489564584324
-390.19,-384.61,0.0,other_tissue,0,207.56369549635997
27.5,345.3,0.0,other_tissue,0,96.24901070024205
-352.07,-429.85,0.0,other_tissue,0,107.23573638361717
-248.21,184.01,0.0,other_tissue,0,172.53843458208166
-147.93,257.74,0.0,other_tissue,0,101.45396166238781
-456.22,-432.96000000000004,0.0,other_tissue,0,126.95019357856323
-400.2,-203.99,0.0,CAF,1,142.7538799552532
-187.44,25.970000000000027,0.0,other_tissue,0,144.32489662649402
-446.95,277.77,0.0,CD4_Tcell,1,365.0672108848887
-455.64,261.6,0.0,other_tissue,0,79.40536905983258
-310.38,226.87,0.0,other_tissue,0,155.58994290044086
177.54999999999995,445.81,0.0,other_tissue,0,197.79498379316846
331.58000000000004,-353.79999999999995,0.0,CAF,1,212.4932115860241
-123.0,91.75,0.0,other_tissue,0,124.11319810647606
-432.53,-233.14,0.0,CAF,1,168.8406718419442
306.77,-381.96000000000004,0.0,CAF,1,150.20435773069843
495.58000000000004,-166.92999999999995,0.0,other_tissue,0,435.46207548552104
52.76999999999998,-141.27999999999997,0.0,other_tissue,0,496.34552167692846
-385.55,-358.94000000000005,0.0,other_tissue,0,238.6026641305025
236.87,-101.54999999999995,0.0,CAF,1,115.79322888520375
-45.93000000000001,191.37,0.0,CAF,1,831.6550283783694
407.87,-428.45000000000005,0.0,CD4_Tcell,1,116.38961461257577
-297.32,-50.440000000000055,0.0,other_tissue,0,119.19215839086472
272.28999999999996,-184.37,0.0,other_tissue,0,209.43413813263706
-37.860000000000014,310.77,0.0,other_tissue,0,88.94633408108156
-478.57,-19.940000000000055,0.0,other_tissue,0,80.56164535198997
-344.37,-25.33000000000004,0.0,other_tissue,0,79.40536905983258
-154.26999999999998,221.39999999999998,0.0,other_tissue,0,151.90518244040516
398.94000000000005,-451.16999999999996,0.0,other_tissue,0,189.0695452420982
-448.43,-214.44000000000005,0.0,other_tissue,0,114.1922392168137
363.54999999999995,-256.0,0.0,other_tissue,0,79.40536905983258
205.95000000000005,384.1,0.0,epithelial_tumor_class1,1,1853.1143865339411
-85.32,88.02999999999997,0.0,other_tissue,0,167.91168158808426
-455.77,-268.4,0.0,CAF,1,249.73846986778284
-348.59000000000003,316.03,0.0,other_tissue,0,79.40536905983258
-499.9214,186.94,0.0,other_tissue,0,386.62302045198334
-348.38,338.53999999999996,0.0,other_tissue,0,197.2782982417478
-368.61,-106.55999999999995,0.0,other_tissue,0,79.40536905983258
-80.19,319.56,0.0,other_tissue,0,134.80877978839223
-74.17000000000002,-463.35,0.0,other_tissue,0,123.62051114465135
-356.21000000000004,-315.48,0.0,other_tissue,0,311.6487843690802
-33.48000000000002,-387.94000000000005,0.0,CD8_Tcell,1,301.2955484850614
416.15,-446.4,0.0,other_tissue,0,147.13047287314
-322.28,307.72,0.0,other_tissue,0,138.8082308733415
-389.06,-67.23000000000002,0.0,other_tissue,0,79.40536905983258
39.52999999999997,-36.64999999999998,0.0,other_tissue,0,79.40536905983258
-3.089999999999975,278.89,0.0,CD4_Tcell,1,116.38961461257577
-470.62,344.02,0.0,other_tissue,0,165.327194065985
322.16999999999996,-347.88,0.0,CAF,1,251.55519695502005
101.51999999999998,283.13,0.0,other_tissue,0,94.81899313175114
-390.63,-103.35000000000002,0.0,CAF,1,110.25447613366225
-30.720000000000027,-495.15,0.0,CD4_Tcell,1,160.31653287660896
442.58000000000004,-176.87,0.0,other_tissue,0,202.06920663039313
-74.26999999999998,-22.029999999999973,0.0,other_tissue,0,79.40536905983258
191.59000000000003,-269.05999999999995,0.0,CAF,1,108.80427655154458
-141.8,395.92,0.0,other_tissue,0,82.50751768420429
-278.16999999999996,-400.14,0.0,CAF,1,118.95221352872575
-240.22000000000003,-239.59000000000003,0.0,other_tissue,0,164.35310151579853
-463.85,-16.17999999999995,0.0,other_tissue,0,161.56853437900358
-232.47000000000003,-59.940000000000055,0.0,other_tissue,0,293.37856200953775
-356.63,-124.90999999999997,0.0,epithelial_tumor_class1,1,1330.1485498948543
366.99,-397.01,0.0,other_tissue,0,124.44439127032364
-227.76,109.49000000000001,0.0,other_tissue,0,121.14110267031438
-32.06999999999999,143.85000000000002,0.0,other_tissue,0,79.40536905983258
399.92999999999995,76.42000000000002,0.0,CAF,1,108.80427655154458
-430.72,-169.64,0.0,other_tissue,0,101.64869763697008
-47.85000000000002,-217.21000000000004,0.0,CAF,1,249.16356569715228
169.38,-247.82000000000005,0.0,other_tissue,0,135.41999292410884
472.85,26.54000000000002,0.0,apCAF,1,489.7959465512172
-155.56,-408.42999999999995,0.0,CD4_Tcell,1,203.52982157964334
353.45000000000005,-102.42999999999995,0.0,CAF,1,935.2203609516453
383.54999999999995,-482.39,0.0,other_tissue,0,246.99649544959001
324.30999999999995,-354.71000000000004,0.0,other_tissue,0,220.38115736366834
73.03999999999996,-165.60000000000002,0.0,other_tissue,0,139.97180361828595
66.36000000000001,-304.77,0.0,other_tissue,0,98.91912225168188
-48.14999999999998,299.19,0.0,other_tissue,0,169.65449116379762
52.639999999999986,59.129999999999995,0.0,CAF,1,111.30300677890466
-123.79000000000002,210.33999999999997,0.0,CAF,1,143.87960699328
-146.42000000000002,214.32,0.0,other_tissue,0,234.22986069498762
106.36000000000001,-338.01,0.0,other_tissue,0,122.53164863139214
429.78,276.75,0.0,other_tissue,0,103.09855758901442
-279.48,-93.98000000000002,0.0,other_tissue,0,236.08148374678686
-249.88,-494.61,0.0,CAF,1,574.4533136023915
-11.269999999999982,-214.59000000000003,0.0,CAF,1,119.52040899125294
254.41999999999996,-402.62,0.0,other_tissue,0,165.11605754809185
-198.01999999999998,-425.0,0.0,CAF,1,108.80427655154458
144.02999999999997,-261.27,0.0,other_tissue,0,131.8053351144705
-463.04,467.25,0.0,CD8_Tcell,1,359.415165783475
233.95000000000005,-424.38,0.0,other_tissue,0,79.40536905983258
354.51,397.97,0.0,other_tissue,0,101.03376147955056
-33.64999999999998,-210.26,0.0,other_tissue,0,630.7009805451547
-53.660000000000025,176.98000000000002,0.0,other_tissue,0,125.77505579266935
-169.27999999999997,178.45999999999998,0.0,other_tissue,0,144.93783468217438
243.95000000000005,-120.13,0.0,CD4_Tcell,1,116.38961461257577
264.17999999999995,205.01,0.0,other_tissue,0,128.25557860334877
411.83000000000004,371.14,0.0,other_tissue,0,114.1922392168137
-361.49,-430.45000000000005,0.0,CAF,1,192.0642388786852
45.22000000000003,350.19,0.0,other_tissue,0,145.1915103263506
-488.5,455.65999999999997,0.0,other_tissue,0,146.07499907632183
211.87,-295.9,0.0,CD4_Tcell,1,116.38961461257577
375.11,-346.98,0.0,apCAF,1,600.8815794277682
230.27999999999997,90.86000000000001,0.0,CAF,1,126.5962774548095
471.49,-353.79999999999995,0.0,other_tissue,0,97.68307679699303
13.75,-37.059999999999945,0.0,other_tissue,0,136.46841763325105
100.53999999999996,-376.54999999999995,0.0,other_tissue,0,100.15512101865545
-21.160000000000025,274.58000000000004,0.0,CD8_Tcell,1,117.96492998731617
-247.66,82.77999999999997,0.0,CD8_Tcell,1,205.07312672709014
289.77,316.8,0.0,other_tissue,0,101.44344248478555
-470.63,182.83999999999997,0.0,other_tissue,0,79.40536905983258
-350.15,-446.03,0.0,other_tissue,0,82.66801431118098
257.0,-213.26999999999998,0.0,CAF,1,189.49202014389928
-308.56,8.300000000000011,0.0,other_tissue,0,324.3892862397257
-114.12,202.48000000000002,0.0,other_tissue,0,173.97374262978403
-39.110000000000014,159.22000000000003,0.0,other_tissue,0,105.91496244407715
-290.32,345.75,0.0,other_tissue,0,79.40536905983258
-12.189999999999998,-37.960000000000036,0.0,other_tissue,0,127.65387310462054
411.74,366.84000000000003,0.0,other_tissue,0,208.0557266126924
-16.319999999999993,-24.789999999999964,0.0,other_tissue,0,225.53765990999185
-371.43,-73.89999999999998,0.0,other_tissue,0,108.40794078527443
442.70000000000005,-362.49,0.0,CAF,1,108.80427655154458
-321.15,-416.6,0.0,other_tissue,0,146.5113641975598
243.01,-307.15,0.0,other_tissue,0,96.57438783620341
-343.63,-486.25,0.0,epithelial_tumor_class1,1,462.422018008406
53.789999999999964,-243.79999999999995,0.0,other_tissue,0,125.75077762796225
-499.4892,-423.55999999999995,0.0,CAF,1,131.67386784776008
-120.12,208.07999999999998,0.0,other_tissue,0,113.78863301068833
351.90999999999997,-26.07000000000005,0.0,other_tissue,0,79.40536905983258
323.91999999999996,48.45999999999998,0.0,other_tissue,0,95.76737785545723
236.08000000000004,360.15999999999997,0.0,other_tissue,0,113.34633217570044
-305.87,382.49,0.0,other_tissue,0,158.53920399452699
-450.09000000000003,-174.24,0.0,other_tissue,0,79.40536905983258
-149.76,238.17000000000002,0.0,CAF,1,167.0007702976091
-220.85000000000002,-421.0,0.0,CAF,1,131.2362750389516
351.83000000000004,235.73000000000002,0.0,other_tissue,0,118.47912306976481
-302.13,89.00999999999999,0.0,other_tissue,0,130.02858686719503
228.15999999999997,-130.22000000000003,0.0,other_tissue,0,141.92989626347935
-421.61,23.94999999999999,0.0,other_tissue,0,190.7071359323483
198.95000000000005,-479.62,0.0,other_tissue,0,325.3033909370749
-486.76,-110.91999999999996,0.0,other_tissue,0,268.847334503096
491.51,66.17000000000002,0.0,other_tissue,0,175.96310422902513
-268.26,101.66000000000003,0.0,other_tissue,0,142.04835397604387
-308.16999999999996,384.65999999999997,0.0,other_tissue,0,94.97997610781788
361.1,-302.19000000000005,0.0,other_tissue,0,106.43544592277233
147.46000000000004,-337.20000000000005,0.0,CAF,1,143.5677868653952
162.12,-25.620000000000005,0.0,other_tissue,0,79.40536905983258
17.980000000000018,-12.190000000000055,0.0,other_tissue,0,79.40536905983258
493.74,-24.299999999999955,0.0,CAF,1,175.1292171382388
-107.98000000000002,395.82,0.0,other_tissue,0,79.40536905983258
319.53,-87.52999999999997,0.0,other_tissue,0,79.40536905983258
-15.300000000000011,-243.89,0.0,other_tissue,0,85.87943924279917
57.870000000000005,-278.05999999999995,0.0,other_tissue,0,154.11175191838745
-480.79,40.24000000000001,0.0,other_tissue,0,270.04770916701466
-77.13999999999999,-19.42999999999995,0.0,CD4_Tcell,1,125.20534456813338
-282.56,-111.67999999999995,0.0,other_tissue,0,215.24305932255223
-302.72,473.03,0.0,other_tissue,0,155.673895564954
-250.52,-414.40999999999997,0.0,other_tissue,0,79.87802115454456
-89.42000000000002,-376.30999999999995,0.0,CAF,1,108.80427655154458
50.870000000000005,-380.29999999999995,0.0,other_tissue,0,163.88197525142533
-283.2,-10.939999999999998,0.0,CD8_Tcell,1,182.9088372711586
324.28999999999996,-42.690000000000055,0.0,other_tissue,0,158.93617799990355
-174.37,310.12,0.0,other_tissue,0,79.40536905983258
137.91999999999996,263.03,0.0,other_tissue,0,96.09674208318435
90.97000000000003,-93.91999999999996,0.0,CAF,1,206.13444312662529
366.53,-355.97,0.0,other_tissue,0,129.78050390146188
-318.87,292.28999999999996,0.0,other_tissue,0,99.07953440496851
-310.25,-3.4700000000000273,0.0,other_tissue,0,152.77420838337034
-234.35000000000002,362.69,0.0,other_tissue,0,138.24503184355393
154.52999999999997,69.51999999999998,0.0,CAF,1,165.03601833067296
-16.649999999999977,-214.29999999999995,0.0,other_tissue,0,163.0867372242684
-0.08999999999997499,-32.799999999999955,0.0,other_tissue,0,217.36901615013858
233.24,460.86,0.0,other_tissue,0,97.48831889233425
308.0,-232.55999999999995,0.0,other_tissue,0,84.31698452240602
347.09000000000003,-11.759999999999991,0.0,other_tissue,0,105.11049378386099
-356.39,318.19,0.0,other_tissue,0,79.40536905983258
231.91999999999996,-219.51999999999998,0.0,other_tissue,0,91.85383741150319
488.17999999999995,-233.95000000000005,0.0,other_tissue,0,151.9533749805147
257.9,61.98000000000002,0.0,other_tissue,0,101.10721259455565
-256.3,189.94,0.0,other_tissue,0,143.94600989994143
295.71000000000004,-346.80999999999995,0.0,other_tissue,0,285.4022957756838
161.67999999999995,318.27,0.0,other_tissue,0,172.11911298107975
280.33000000000004,247.97,0.0,other_tissue,0,280.5146158644578
-77.5,150.07,0.0,other_tissue,0,82.92064359534572
316.15,-377.85,0.0,other_tissue,0,124.50467143878367
-178.39,-371.80999999999995,0.0,other_tissue,0,108.1827013858094
-332.36,329.73,0.0,other_tissue,0,127.03572031737656
-419.74,-438.03,0.0,other_tissue,0,120.23172149695193
-110.63,-19.049999999999955,0.0,CD4_Tcell,1,154.76601546588975
-241.94,226.52999999999997,0.0,other_tissue,0,394.3997761455434
-425.71,-353.30999999999995,0.0,CAF,1,194.62714594579964
64.0,381.37,0.0,other_tissue,0,80.10696217980828
-190.01,13.759999999999991,0.0,other_tissue,0,156.03803942059832
-219.73000000000002,-469.92999999999995,0.0,other_tissue,0,447.65997899626257
-120.13,-483.53,0.0,CD4_Tcell,1,116.38961461257577
274.63,288.95,0.0,other_tissue,0,315.5103106774682
-213.41000000000003,-282.48,0.0,CAF,1,206.73409634846274
454.08000000000004,-83.16999999999996,0.0,other_tissue,0,333.30541930168863
-260.0,-314.45000000000005,0.0,other_tissue,0,93.77204466271611
181.85000000000002,-452.32000000000005,0.0,other_tissue,0,96.83929606916973
142.38,-224.75,0.0,other_tissue,0,246.00786422989975
-237.83999999999997,-40.379999999999995,0.0,other_tissue,0,115.46610794654279
-108.29000000000002,-321.51,0.0,other_tissue,0,133.9460468228188
-499.8706,-464.34000000000003,0.0,other_tissue,0,247.52039837003804
61.59000000000003,379.99,0.0,other_tissue,0,79.40536905983258
385.95000000000005,303.86,0.0,other_tissue,0,79.40536905983258
-303.38,-55.26999999999998,0.0,other_tissue,0,240.30896044620314
-202.33999999999997,-277.95000000000005,0.0,other_tissue,0,202.33576668395162
-241.76,-213.26999999999998,0.0,other_tissue,0,280.37993735709153
28.090000000000032,-69.85000000000002,0.0,other_tissue,0,181.14590390638148
-328.48,-410.62,0.0,epithelial_tumor_class1,1,429.4031449659802
-11.829999999999984,289.52,0.0,CD8_Tcell,1,414.57863338899614
-278.11,-404.64,0.0,other_tissue,0,79.40536905983258
229.95000000000005,360.03,0.0,other_tissue,0,183.71251661800574
159.89999999999998,-130.04999999999995,0.0,other_tissue,0,256.9604553054893
-432.55,-446.13,0.0,other_tissue,0,79.40536905983258
-494.031,340.51,0.0,other_tissue,0,115.76450937686415
-218.74,302.96000000000004,0.0,CAF,1,239.4874346181939
-62.68000000000001,-144.92999999999995,0.0,other_tissue,0,182.09973680145904
-391.74,-212.90999999999997,0.0,other_tissue,0,206.3032420508042
-479.79,-136.61,0.0,other_tissue,0,92.38155222770857
110.00999999999999,58.379999999999995,0.0,other_tissue,0,100.89220623265044
303.03,-448.14,0.0,CD8_Tcell,1,268.11273352679086
433.80999999999995,-434.72,0.0,other_tissue,0,111.21910442206087
201.36,242.95999999999998,0.0,other_tissue,0,272.134105411305
-27.279999999999973,-36.84000000000003,0.0,other_tissue,0,194.76522930333772
-150.76999999999998,-307.89,0.0,other_tissue,0,96.25408908907107
250.22000000000003,204.73000000000002,0.0,other_tissue,0,201.48692292582848
-474.27,133.95,0.0,other_tissue,0,170.7089192090669
-463.36,-294.99,0.0,other_tissue,0,122.75249085017758
-356.02,-196.76999999999998,0.0,other_tissue,0,95.792686804882
-196.06,303.87,0.0,other_tissue,0,79.40536905983258
-446.77,-332.89,0.0,other_tissue,0,123.67452272698897
332.17999999999995,-357.07000000000005,0.0,other_tissue,0,108.50142434476923
378.78999999999996,343.1,0.0,other_tissue,0,233.4497579676385
359.62,340.91999999999996,0.0,other_tissue,0,374.4969754589115
242.38,-406.07000000000005,0.0,other_tissue,0,197.62265516257781
405.98,-73.52999999999997,0.0,other_tissue,0,116.69166531924174
-494.218,-324.21000000000004,0.0,CAF,1,142.41071644914203
-342.46000000000004,112.66000000000003,0.0,other_tissue,0,408.6647726796534
-435.62,-164.05999999999995,0.0,CAF,1,108.80427655154458
293.94000000000005,26.100000000000023,0.0,other_tissue,0,79.40536905983258
-325.45,-92.10000000000002,0.0,other_tissue,0,96.11703527986168
-155.94,164.72000000000003,0.0,other_tissue,0,185.94067396131183
-454.24,-400.69000000000005,0.0,other_tissue,0,212.4932115860241
-376.5,-483.90999999999997,0.0,CAF,1,214.6443910473656
-412.83,156.25,0.0,other_tissue,0,89.42417585984954
-38.14999999999998,-165.70000000000005,0.0,other_tissue,0,79.40536905983258
387.49,-475.02,0.0,CAF,1,153.32768745273108
90.74000000000001,26.149999999999977,0.0,CD4_Tcell,1,130.9866578447788
-21.399999999999977,-195.29999999999995,0.0,CAF,1,289.31921821844486
236.74,-429.70000000000005,0.0,other_tissue,0,79.40536905983258
-61.74000000000001,32.610000000000014,0.0,other_tissue,0,131.0240802279124
-230.58999999999997,-319.85,0.0,other_tissue,0,79.40536905983258
38.90999999999997,-391.47,0.0,other_tissue,0,183.98614648462745
96.37,-65.28999999999996,0.0,other_tissue,0,310.16178584636384
-65.74000000000001,435.4,0.0,epithelial_tumor_class1,1,429.4031449659802
249.27999999999997,-243.41999999999996,0.0,other_tissue,0,79.40536905983258
297.44000000000005,46.04000000000002,0.0,CD8_Tcell,1,117.96492998731617
433.78,50.19,0.0,other_tissue,0,79.40536905983258
29.559999999999945,215.37,0.0,other_tissue,0,180.96791537717155
-481.98,143.99,0.0,other_tissue,0,93.08996624772628
-411.75,306.14,0.0,other_tissue,0,83.41821220508268
357.69000000000005,-22.799999999999955,0.0,other_tissue,0,184.1113248649045
-311.35,-389.79999999999995,0.0,CAF,1,151.87076543673567
-306.05,370.07,0.0,CAF,1,130.07203386399104
-220.10000000000002,24.829999999999984,0.0,other_tissue,0,105.08895364482582
43.40999999999997,-257.42999999999995,0.0,other_tissue,0,319.2567481119716
477.72,83.07999999999998,0.0,other_tissue,0,79.40536905983258
292.15,302.14,0.0,other_tissue,0,136.07782510219036
20.100000000000023,-52.08000000000004,0.0,other_tissue,0,128.8530032660291
-51.55000000000001,497.604,0.0,other_tissue,0,161.76227882579056
319.44000000000005,-381.25,0.0,other_tissue,0,186.2480529379893
-58.389999999999986,180.05,0.0,other_tissue,0,163.49126342214777
259.54999999999995,-311.78999999999996,0.0,other_tissue,0,79.40536905983258
-314.6,296.71000000000004,0.0,CD4_Tcell,1,140.1348294315156
286.78999999999996,-320.66999999999996,0.0,CAF,1,378.60739464838616
-287.95,-402.35,0.0,other_tissue,0,86.83844060120678
-286.89,477.85,0.0,other_tissue,0,173.91346588969483
325.15999999999997,-335.85,0.0,other_tissue,0,90.91684428226804
-464.83,-161.66999999999996,0.0,other_tissue,0,207.055514748538
-133.57999999999998,305.61,0.0,other_tissue,0,79.40536905983258
257.63,97.27999999999997,0.0,CD4_Tcell,1,116.38961461257577
97.03999999999996,-136.44000000000005,0.0,other_tissue,0,79.40536905983258
-45.93000000000001,-333.13,0.0,other_tissue,0,188.69542342754642
366.34000000000003,-405.99,0.0,other_tissue,0,103.08260903252324
28.289999999999964,244.01,0.0,other_tissue,0,201.4786127017513
203.64,47.85000000000002,0.0,other_tissue,0,84.75944984553618
27.07000000000005,-190.05999999999995,0.0,other_tissue,0,124.07710353265763
341.38,211.51,0.0,other_tissue,0,214.59238546100295
35.72000000000003,406.38,0.0,CAF,1,176.60167019274965
-474.31,-35.74000000000001,0.0,other_tissue,0,140.26534118530182
-441.99,-320.20000000000005,0.0,other_tissue,0,181.29302590373635
457.46000000000004,21.00999999999999,0.0,other_tissue,0,190.17888378948552
123.28999999999996,180.0,0.0,other_tissue,0,305.19179887273367
-203.76,-355.36,0.0,CAF,1,108.80427655154458
-404.90999999999997,-478.21000000000004,0.0,other_tissue,0,141.50924666443623
-198.29000000000002,-202.72000000000003,0.0,other_tissue,0,97.17111203014133
-292.48,12.370000000000005,0.0,apCAF,1,609.3752751065033
53.58000000000004,190.11,0.0,other_tissue,0,79.40536905983258
-381.35,-178.40999999999997,0.0,epithelial_tumor_class1,1,429.4031449659802
-309.83000000000004,-416.09000000000003,0.0,other_tissue,0,113.1312681229245
-173.87,60.29000000000002,0.0,CD4_Tcell,1,116.38961461257577
-497.487,207.33999999999997,0.0,other_tissue,0,118.77684828346355
-129.87,186.81,0.0,other_tissue,0,79.40536905983258
-407.47,-14.049999999999955,0.0,other_tissue,0,110.39909160179054
-397.86,207.64999999999998,0.0,other_tissue,0,107.92488418864117
-499.6882,-115.61000000000001,0.0,other_tissue,0,151.3894730957142
141.94000000000005,162.44,0.0,other_tissue,0,174.79640136962595
-95.69,121.79000000000002,0.0,CAF,1,161.47530521575968
311.72,80.89999999999998,0.0,other_tissue,0,106.9412876712863
-458.61,-113.00999999999999,0.0,other_tissue,0,193.54909871455519
-236.7,-407.67999999999995,0.0,CD8_Tcell,1,159.8317912135233
365.78999999999996,-240.13,0.0,other_tissue,0,106.90315790423233
-482.62,350.84000000000003,0.0,other_tissue,0,172.0293468324358
264.24,-260.07000000000005,0.0,other_tissue,0,79.40536905983258
-228.57,59.95999999999998,0.0,other_tissue,0,100.96034594639983
47.879999999999995,-294.65999999999997,0.0,other_tissue,0,142.43709409578486
-232.44,-252.17999999999995,0.0,other_tissue,0,488.0401920519278
415.41999999999996,333.24,0.0,other_tissue,0,109.86575463488914
191.82000000000005,-254.10000000000002,0.0,other_tissue,0,219.772994910094
337.91999999999996,-452.11,0.0,other_tissue,0,136.91113548154036
-345.75,340.51,0.0,other_tissue,0,115.22546609739906
210.38,215.75,0.0,other_tissue,0,84.95088575871938
-455.94,-234.03999999999996,0.0,other_tissue,0,79.40536905983258
-395.99,352.37,0.0,other_tissue,0,138.931431519521
285.34000000000003,-143.32000000000005,0.0,other_tissue,0,102.64201760418206
358.29999999999995,428.36,0.0,other_tissue,0,111.21910442206087
280.69000000000005,-315.65,0.0,other_tissue,0,126.98684319316325
-431.9,443.3,0.0,other_tissue,0,170.53040009233675
-62.19,427.97,0.0,other_tissue,0,276.4519401969229
-368.48,-2.8100000000000023,0.0,other_tissue,0,211.5646566874077
-132.58999999999997,-260.86,0.0,other_tissue,0,314.23451324436706
-335.95,-368.17999999999995,0.0,other_tissue,0,79.40536905983258
265.28,-305.57000000000005,0.0,other_tissue,0,79.67637696891457
403.85,-487.55999999999995,0.0,other_tissue,0,219.7994134616109
488.66999999999996,-200.34000000000003,0.0,other_tissue,0,139.0936486679521
492.04999999999995,-74.12,0.0,other_tissue,0,230.93776645134565
-52.70999999999998,39.47000000000003,0.0,CAF,1,241.72299799507556
-357.32,-10.939999999999998,0.0,CD4_Tcell,1,406.96272525344017
115.83000000000004,174.32,0.0,other_tissue,0,103.21556393674108
-34.20999999999998,145.26,0.0,other_tissue,0,79.40536905983258
405.73,-478.48,0.0,other_tissue,0,303.4742101636148
75.0,-215.15999999999997,0.0,other_tissue,0,106.34858053099272
-109.49000000000001,-124.00999999999999,0.0,other_tissue,0,319.2680431051817
436.84000000000003,182.58999999999997,0.0,other_tissue,0,335.46045479560587
-60.05000000000001,-7.769999999999982,0.0,other_tissue,0,158.85105642106464
-18.870000000000005,-244.74,0.0,other_tissue,0,98.85707373799983
357.86,-19.559999999999945,0.0,other_tissue,0,141.614331035279
408.33000000000004,-117.65999999999997,0.0,other_tissue,0,111.35896511948661
292.45000000000005,298.78999999999996,0.0,other_tissue,0,148.71980376951709
395.79999999999995,30.269999999999982,0.0,other_tissue,0,111.9083497261443
-441.04,-494.22,0.0,CD8_Tcell,1,480.2134514596672
132.64,-184.07000000000005,0.0,other_tissue,0,120.39672383647824
412.97,-479.99,0.0,other_tissue,0,239.97265499914525
400.11,142.75,0.0,epithelial_tumor_class1,1,1507.2099954847881
-312.18,4.660000000000025,0.0,other_tissue,0,79.40536905983258
-114.91000000000003,471.98,0.0,CAF,1,108.80427655154458
-249.48,-384.42999999999995,0.0,other_tissue,0,90.25356443089464
-139.75,-411.39,0.0,other_tissue,0,105.99617588321165
143.46000000000004,-189.67999999999995,0.0,other_tissue,0,173.8080150990212
-463.03,-284.71000000000004,0.0,other_tissue,0,222.1236774414191
157.73000000000002,-496.05999999999995,0.0,other_tissue,0,144.31159111376826
372.9,-494.25,0.0,CAF,1,420.915842958354
118.32000000000005,-308.36,0.0,other_tissue,0,79.40536905983258
-184.72000000000003,-361.75,0.0,CAF,1,108.80427655154458
117.92999999999995,348.02,0.0,other_tissue,0,81.08597468112353
-221.81,356.45,0.0,other_tissue,0,91.43115249027005
7.670000000000016,210.08999999999997,0.0,other_tissue,0,194.16463687080815
-212.07999999999998,108.25999999999999,0.0,other_tissue,0,79.40536905983258
420.34000000000003,-76.30999999999995,0.0,CAF,1,188.9660153135551
235.52999999999997,-129.27999999999997,0.0,other_tissue,0,97.52929902374557
463.78999999999996,270.15,0.0,other_tissue,0,79.40536905983258
334.71000000000004,-351.62,0.0,other_tissue,0,83.03564502631926
-326.36,157.27999999999997,0.0,other_tissue,0,101.06523617137407
275.20000000000005,296.32,0.0,other_tissue,0,96.0916692303568
-474.44,-0.07999999999998408,0.0,other_tissue,0,79.40536905983258
122.94000000000005,-218.89,0.0,CD4_Tcell,1,162.33005018011096
-432.04,-346.48,0.0,other_tissue,0,344.75569768553345
259.53,-189.70000000000005,0.0,other_tissue,0,147.45417733151965
232.13,-141.72000000000003,0.0,other_tissue,0,106.1966798438028
420.02,358.83000000000004,0.0,other_tissue,0,222.3277156328291
37.76999999999998,-253.94000000000005,0.0,other_tissue,0,122.8361219180074
458.42999999999995,406.39,0.0,other_tissue,0,87.02824441870989
-28.060000000000002,86.60000000000002,0.0,other_tissue,0,141.9035812739731
229.48000000000002,-430.65,0.0,other_tissue,0,133.44028043741545
241.55999999999995,-327.25,0.0,other_tissue,0,131.0240802279124
21.75,20.129999999999995,0.0,other_tissue,0,142.99177734081624
454.49,418.19,0.0,other_tissue,0,154.80783972254926
-295.86,-52.85000000000002,0.0,other_tissue,0,79.40536905983258
479.6,-267.75,0.0,other_tissue,0,301.2955484850614
-227.95999999999998,-400.96000000000004,0.0,CAF,1,108.80427655154458
-487.65,304.59000000000003,0.0,other_tissue,0,143.67388776594706
163.70000000000005,254.14,0.0,other_tissue,0,107.42687115993606
-284.18,-357.92999999999995,0.0,other_tissue,0,79.40536905983258
-194.45999999999998,-403.03,0.0,CAF,1,206.02477321620654
477.23,-491.84000000000003,0.0,CAF,1,283.1025582003513
72.30999999999995,215.43,0.0,other_tissue,0,113.16520750313511
-453.42,-174.42999999999995,0.0,CAF,1,108.80427655154458
355.84000000000003,-247.97000000000003,0.0,other_tissue,0,206.05851365993396
11.410000000000025,-34.72000000000003,0.0,CAF,1,108.80427655154458
-68.23000000000002,373.59000000000003,0.0,other_tissue,0,161.15286582695214
-472.13,-440.79999999999995,0.0,other_tissue,0,357.09775560996326
496.66999999999996,57.329999999999984,0.0,CAF,1,274.5681639731947
258.15,253.35,0.0,other_tissue,0,79.40536905983258
40.5,-60.049999999999955,0.0,other_tissue,0,117.60634506008469
-294.62,253.87,0.0,other_tissue,0,381.3600773041307
-472.22,192.14999999999998,0.0,other_tissue,0,91.37227649505452
47.460000000000036,-236.21000000000004,0.0,CAF,1,155.8979169659738
25.25,-493.14,0.0,other_tissue,0,981.8923155844441
-352.77,-445.6,0.0,other_tissue,0,108.14976571482005
343.58000000000004,-93.89999999999998,0.0,other_tissue,0,364.84493772474525
496.28,-478.37,0.0,other_tissue,0,226.938176380054
477.03,103.67000000000002,0.0,other_tissue,0,312.2604926683371
432.44000000000005,236.89,0.0,other_tissue,0,99.88940242607407
431.63,-89.54999999999995,0.0,other_tissue,0,84.41931283036458
-107.36000000000001,455.65999999999997,0.0,other_tissue,0,160.07403971915136
-74.89999999999998,0.5299999999999727,0.0,other_tissue,0,104.36905841094037
239.97000000000003,103.98000000000002,0.0,other_tissue,0,121.24769230678075
-397.21,-44.26999999999998,0.0,other_tissue,0,199.6393933811331
-51.360000000000014,221.02999999999997,0.0,other_tissue,0,226.76729146374083
463.02,493.593,0.0,CAF,1,108.80427655154458
483.11,-213.24,0.0,other_tissue,0,302.7758996953489
-156.61,-493.48,0.0,epithelial_tumor_class1,1,714.1562819763569
31.25,-198.47000000000003,0.0,other_tissue,0,247.4250882446429
233.0,-234.17999999999995,0.0,CD8_Tcell,1,117.96492998731617
113.22000000000003,-143.01999999999998,0.0,other_tissue,0,109.88239535838345
-25.730000000000018,390.26,0.0,other_tissue,0,149.7947841761883
-498.997,486.82,0.0,other_tissue,0,419.19346663757716
-3.1399999999999864,-35.460000000000036,0.0,other_tissue,0,235.13142786547644
-91.64999999999998,27.339999999999975,0.0,other_tissue,0,178.03643571003448
30.840000000000032,-61.35000000000002,0.0,other_tissue,0,357.8650527081139
233.30999999999995,-133.0,0.0,other_tissue,0,166.23201494708817
-462.07,-28.41999999999996,0.0,other_tissue,0,155.25443407203355
-499.0002,-492.72,0.0,CAF,1,125.81147889851752
472.51,-370.53,0.0,other_tissue,0,100.89744666027323
-249.33,86.12,0.0,other_tissue,0,240.58945488578976
26.83000000000004,196.51,0.0,other_tissue,0,142.76708954917044
150.84000000000003,42.360000000000014,0.0,other_tissue,0,100.13947748439642
364.15999999999997,439.77,0.0,other_tissue,0,79.40536905983258
298.58000000000004,0.660000000000025,0.0,other_tissue,0,85.7054101999086
-77.95999999999998,-385.02,0.0,other_tissue,0,163.18780614312308
415.91999999999996,-191.53999999999996,0.0,other_tissue,0,148.1639353819405
-270.68,-121.83000000000004,0.0,other_tissue,0,97.70359270496233
-435.68,-203.58000000000004,0.0,other_tissue,0,93.82196146596765
-321.73,366.97,0.0,other_tissue,0,339.63353968822645
-133.5,-85.62,0.0,other_tissue,0,79.40536905983258
445.92999999999995,-105.65999999999997,0.0,other_tissue,0,97.8010824970615
-371.12,-334.02,0.0,CD4_Tcell,1,116.38961461257577
-164.0,233.5,0.0,other_tissue,0,112.34690416509876
300.87,79.27999999999997,0.0,CD4_Tcell,1,134.42136197396417
245.86,-156.09000000000003,0.0,other_tissue,0,117.28161000763441
-171.63,289.82,0.0,other_tissue,0,380.0011022879194
163.69000000000005,-30.600000000000023,0.0,other_tissue,0,79.40536905983258
-418.07,-193.83000000000004,0.0,other_tissue,0,127.94835030836622
77.99000000000001,248.02,0.0,other_tissue,0,80.62029360192331
432.22,-436.90999999999997,0.0,CAF,1,108.80427655154458
35.72000000000003,-258.20000000000005,0.0,other_tissue,0,79.40536905983258
-176.20999999999998,57.97000000000003,0.0,other_tissue,0,115.13960367608011
249.14999999999998,-164.60000000000002,0.0,other_tissue,0,128.292479014146
-466.42,-324.41999999999996,0.0,other_tissue,0,156.42380904694056
-152.08999999999997,404.24,0.0,other_tissue,0,132.3320792544159
-240.45,54.05000000000001,0.0,other_tissue,0,81.24915892860245
-292.7,-273.37,0.0,other_tissue,0,249.55632130639106
-239.8,-318.65,0.0,other_tissue,0,105.83920067123857
24.049999999999955,-171.67999999999995,0.0,CAF,1,167.1988325988161
478.62,81.19999999999999,0.0,other_tissue,0,99.44239312021737
362.02,-431.94000000000005,0.0,other_tissue,0,270.09822314166234
365.72,-230.73000000000002,0.0,other_tissue,0,160.53070069689664
-8.100000000000023,376.24,0.0,other_tissue,0,119.96097362111341
47.60000000000002,-143.66999999999996,0.0,other_tissue,0,216.39143748359658
-229.82999999999998,474.26,0.0,other_tissue,0,136.35308319139904
221.26999999999998,-83.90999999999997,0.0,CAF,1,128.20638906321525
-18.99000000000001,404.08,0.0,other_tissue,0,275.6113705155019
-128.14999999999998,10.879999999999995,0.0,other_tissue,0,101.5013069606353
275.28,-257.98,0.0,other_tissue,0,116.21883313585565
-348.61,-452.9,0.0,other_tissue,0,79.40536905983258
-424.3,58.44,0.0,other_tissue,0,246.958422283073
-377.04,-270.5,0.0,other_tissue,0,149.94487458184756
-123.89999999999998,-444.55999999999995,0.0,other_tissue,0,79.40536905983258
441.48,272.36,0.0,other_tissue,0,82.87007662259848
387.20000000000005,227.48000000000002,0.0,other_tissue,0,113.94200480591844
-39.870000000000005,-299.79999999999995,0.0,other_tissue,0,117.44390270888854
220.35000000000002,-260.4,0.0,other_tissue,0,84.0847277863848
-114.32999999999998,254.09,0.0,CAF,1,108.80427655154458
219.82000000000005,378.34000000000003,0.0,other_tissue,0,185.82254138926604
-298.37,251.64,0.0,other_tissue,0,262.4227714510631
-473.58,39.160000000000025,0.0,CD4_Tcell,1,130.46971238174083
275.70000000000005,-165.42999999999995,0.0,other_tissue,0,281.93654317466553
432.03,-495.82000000000005,0.0,apCAF,1,185.42126492173355
-102.42000000000002,403.52,0.0,CD8_Tcell,1,204.20825376079085
-38.00999999999999,320.69,0.0,other_tissue,0,158.08632946329917
124.53999999999996,-180.17999999999995,0.0,other_tissue,0,216.47860188396854
64.66999999999996,213.16000000000003,0.0,other_tissue,0,242.44619415579393
-113.44,21.939999999999998,0.0,other_tissue,0,153.75755199639883
-438.8,-369.79999999999995,0.0,CAF,1,120.84534815586309
51.17999999999995,-284.9,0.0,other_tissue,0,176.50274363250463
479.94000000000005,-485.15999999999997,0.0,other_tissue,0,120.23172149695193
-225.5,416.35,0.0,other_tissue,0,190.2428623315958
2.329999999999984,-322.15,0.0,other_tissue,0,79.40536905983258
-477.55,30.79000000000002,0.0,other_tissue,0,143.86632886298062
-393.1,-370.64,0.0,other_tissue,0,228.91405133572638
138.14999999999998,398.93,0.0,other_tissue,0,603.5197689956557
-49.69,-318.89,0.0,other_tissue,0,145.405361361257
383.51,350.21000000000004,0.0,other_tissue,0,82.42505751087543
56.50999999999999,-2.1899999999999977,0.0,other_tissue,0,79.40536905983258
467.6,441.86,0.0,other_tissue,0,125.26587020135405
-96.16000000000003,30.04000000000002,0.0,other_tissue,0,157.15500117253782
450.77,-444.49,0.0,CAF,1,137.16822138850907
257.96000000000004,213.64999999999998,0.0,other_tissue,0,128.97641385363067
254.67999999999995,-239.05999999999995,0.0,other_tissue,0,91.08317045606178
-27.899999999999977,411.5,0.0,other_tissue,0,95.23691916486534
37.960000000000036,242.57999999999998,0.0,other_tissue,0,79.40536905983258
49.60000000000002,34.76999999999998,0.0,other_tissue,0,275.05875616932224
-330.89,153.95,0.0,CD4_Tcell,1,116.38961461257577
-364.85,-466.46000000000004,0.0,other_tissue,0,86.12441856984286
190.34000000000003,-137.52999999999997,0.0,other_tissue,0,162.11428460874154
-318.05,347.39,0.0,other_tissue,0,342.54915405087723
79.65999999999997,-15.75,0.0,other_tissue,0,113.2783877929629
215.01,-258.04999999999995,0.0,other_tissue,0,200.86429000578752
-35.829999999999984,-333.39,0.0,other_tissue,0,191.03578463585242
-125.01999999999998,-223.5,0.0,CAF,1,173.38663819691675
-129.37,-317.37,0.0,other_tissue,0,151.90518244040516
491.6,24.670000000000016,0.0,other_tissue,0,140.9584065078639
-173.87,153.48000000000002,0.0,other_tissue,0,133.18156933247894
211.76,-205.61,0.0,other_tissue,0,79.40536905983258
-120.92000000000002,-282.09000000000003,0.0,other_tissue,0,200.94723351137011
232.98000000000002,371.19,0.0,other_tissue,0,320.2290915443828
442.26,50.64999999999998,0.0,other_tissue,0,79.40536905983258
318.49,77.70999999999998,0.0,other_tissue,0,79.40536905983258
405.70000000000005,31.55000000000001,0.0,other_tissue,0,107.1757123111138
-266.46000000000004,85.52999999999997,0.0,other_tissue,0,212.11458417377426
133.69000000000005,-220.49,0.0,CD4_Tcell,1,210.05725884426224
436.58000000000004,52.39999999999998,0.0,other_tissue,0,79.40536905983258
-58.60000000000002,7.189999999999998,0.0,other_tissue,0,233.71571568431452
-70.51999999999998,137.06,0.0,other_tissue,0,322.7823484479972
9.370000000000005,-32.0,0.0,CD4_Tcell,1,116.38961461257577
165.57000000000005,-211.89999999999998,0.0,CAF,1,109.96007428577643
-488.24,243.74,0.0,CAF,1,135.80932622948288
-384.0,477.9,0.0,other_tissue,0,79.40536905983258
69.0,-75.08000000000004,0.0,other_tissue,0,96.86989354001103
-477.77,-440.05999999999995,0.0,other_tissue,0,224.133995325634
442.82000000000005,47.74000000000001,0.0,other_tissue,0,79.40536905983258
-172.81,242.63,0.0,other_tissue,0,140.89947284635753
423.25,234.76999999999998,0.0,other_tissue,0,221.03463528637798
361.44000000000005,228.89,0.0,other_tissue,0,141.06977047854932
-499.7481,-449.80999999999995,0.0,other_tissue,0,165.94707923973746
-453.5,-165.95000000000005,0.0,other_tissue,0,79.40536905983258
199.42999999999995,-200.97000000000003,0.0,other_tissue,0,80.68800002042599
-86.07999999999998,451.59000000000003,0.0,other_tissue,0,113.86246149808754
-158.20999999999998,253.28,0.0,other_tissue,0,378.45556029711463
-281.37,-25.82000000000005,0.0,other_tissue,0,120.79807215138284
236.57000000000005,-485.5,0.0,other_tissue,0,79.40536905983258
424.05999999999995,-371.53999999999996,0.0,other_tissue,0,176.95963615011885
463.78,-492.22,0.0,other_tissue,0,110.12665238718478
-291.64,-51.35000000000002,0.0,other_tissue,0,197.5570324982749
300.61,43.610000000000014,0.0,apCAF,1,446.571321378548
-281.8,-70.05999999999995,0.0,other_tissue,0,840.539331590275
-383.25,-95.38,0.0,other_tissue,0,150.78586392924387
-323.96000000000004,46.01999999999998,0.0,other_tissue,0,154.09785148828337
-470.17,-251.36,0.0,other_tissue,0,130.39508600490163
18.100000000000023,-68.59000000000003,0.0,other_tissue,0,259.17550684715445
-182.08999999999997,366.43,0.0,other_tissue,0,82.83331355771969
173.86,244.34,0.0,other_tissue,0,79.40536905983258
493.04999999999995,-480.62,0.0,other_tissue,0,290.696438813876
-328.12,128.76999999999998,0.0,other_tissue,0,96.3506124202862
-225.79000000000002,-369.15999999999997,0.0,other_tissue,0,79.40536905983258
17.690000000000055,368.66999999999996,0.0,other_tissue,0,79.40536905983258
367.78,-311.20000000000005,0.0,other_tissue,0,125.24165760791851
-2.1499999999999773,-49.66999999999996,0.0,other_tissue,0,154.14650665077565
37.610000000000014,322.82,0.0,other_tissue,0,132.47655114870471
-412.57,-46.299999999999955,0.0,other_tissue,0,130.7560439269164
-274.14,-400.1,0.0,other_tissue,0,169.99558957542524
242.01999999999998,-392.14,0.0,other_tissue,0,325.62373281907924
420.69000000000005,267.90999999999997,0.0,other_tissue,0,79.40536905983258
248.36,-196.37,0.0,other_tissue,0,123.84265936556567
267.99,-68.69000000000005,0.0,other_tissue,0,270.2498028605362
-467.4,310.36,0.0,other_tissue,0,817.3677838932072
470.51,-363.03,0.0,other_tissue,0,126.11527827863634
-453.69,-324.54999999999995,0.0,other_tissue,0,148.18424757887544
47.809999999999945,-146.66999999999996,0.0,other_tissue,0,171.26013736770116
-48.660000000000025,42.80000000000001,0.0,CD8_Tcell,1,117.96492998731617
-425.25,-175.53999999999996,0.0,other_tissue,0,168.84805845205972
-114.55000000000001,276.06,0.0,other_tissue,0,84.34488403727016
106.58000000000004,300.21000000000004,0.0,other_tissue,0,136.21220714408148
82.07000000000005,336.46000000000004,0.0,other_tissue,0,112.88823445719188
-231.01999999999998,-311.38,0.0,other_tissue,0,79.40536905983258
412.09000000000003,120.0,0.0,CAF,1,205.19087045051538
-55.02999999999997,416.26,0.0,CAF,1,215.22569097316594
473.72,423.96,0.0,other_tissue,0,79.40536905983258
-6.060000000000002,183.04000000000002,0.0,other_tissue,0,79.40536905983258
249.79999999999995,-160.35000000000002,0.0,other_tissue,0,147.24506396350833
-464.24,204.52999999999997,0.0,other_tissue,0,86.9665278734631
484.16999999999996,-322.73,0.0,other_tissue,0,112.97297407050043
336.12,-165.21000000000004,0.0,other_tissue,0,123.2967718524055
-118.22000000000003,295.65999999999997,0.0,other_tissue,0,79.40536905983258
-225.43,-68.22000000000003,0.0,other_tissue,0,624.3914182863508
176.48000000000002,-394.75,0.0,other_tissue,0,465.7265728648224
362.69000000000005,-81.32000000000005,0.0,other_tissue,0,163.4189775966507
-156.60000000000002,-469.75,0.0,CD8_Tcell,1,172.93591930093763
129.73000000000002,-178.41999999999996,0.0,other_tissue,0,213.2777109274583
221.87,-441.20000000000005,0.0,other_tissue,0,91.02444395771104
72.88,-196.03999999999996,0.0,other_tissue,0,208.25955292846865
-192.82999999999998,435.75,0.0,other_tissue,0,182.65962855753568
-366.16999999999996,-469.45000000000005,0.0,CAF,1,234.9380404947149
80.50999999999999,245.59,0.0,other_tissue,0,111.1240660691196
-239.63,128.2,0.0,other_tissue,0,111.47093806123416
-193.7,315.47,0.0,other_tissue,0,113.1143009778061
20.809999999999945,-283.35,0.0,other_tissue,0,151.1011863594046
-130.27999999999997,-357.74,0.0,other_tissue,0,101.92280159890069
428.24,-177.37,0.0,other_tissue,0,79.40536905983258
458.62,31.649999999999977,0.0,other_tissue,0,160.25231969533908
-317.51,256.66999999999996,0.0,other_tissue,0,118.03637788324775
322.28,-150.91999999999996,0.0,other_tissue,0,142.28546709916066
-244.13,128.35000000000002,0.0,other_tissue,0,177.57005174324667
-240.62,-475.37,0.0,other_tissue,0,103.41787426399605
314.25,219.66000000000003,0.0,other_tissue,0,139.0936486679521
-402.47,-207.96000000000004,0.0,other_tissue,0,106.20210237609
-215.26,93.14999999999998,0.0,CAF,1,385.648567293926
324.79999999999995,217.82999999999998,0.0,CAF,1,470.12784435761347
-113.14999999999998,106.48000000000002,0.0,other_tissue,0,144.15863649006326
54.16999999999996,-22.389999999999986,0.0,other_tissue,0,115.27127683778214
341.1,-442.46000000000004,0.0,other_tissue,0,171.7303517569523
329.86,223.52999999999997,0.0,other_tissue,0,253.53565855841865
-168.64,-453.79999999999995,0.0,CAF,1,144.62448692144463
-499.3694,-266.37,0.0,other_tissue,0,357.24382279523167
-229.99,268.1,0.0,other_tissue,0,478.7321961002455
39.60000000000002,-279.80999999999995,0.0,other_tissue,0,91.5637159391638
-358.15999999999997,-297.26,0.0,CAF,1,186.83221566290692
246.09000000000003,-384.17999999999995,0.0,other_tissue,0,331.8197825448953
-174.94,495.66,0.0,other_tissue,0,143.44848580522617
411.90999999999997,-207.39,0.0,other_tissue,0,126.51094808848985
444.71000000000004,-254.16999999999996,0.0,other_tissue,0,753.0347146468708
383.82000000000005,339.96000000000004,0.0,other_tissue,0,210.74154891738792
-487.68,-373.88,0.0,other_tissue,0,123.09920969184729
-15.20999999999998,-143.89,0.0,other_tissue,0,132.1061602605444
45.47000000000003,-26.58000000000004,0.0,other_tissue,0,119.67301569256122
433.63,307.35,0.0,other_tissue,0,79.40536905983258
-145.49,176.18,0.0,other_tissue,0,157.41568532720223
327.54999999999995,-417.35,0.0,other_tissue,0,110.482581096811
-208.16000000000003,112.23000000000002,0.0,other_tissue,0,90.38011766944871
-153.17000000000002,-414.11,0.0,CAF,1,149.96534921991062
337.41999999999996,277.16999999999996,0.0,other_tissue,0,153.06461851415284
273.53,-262.1,0.0,other_tissue,0,186.71370574009316
-204.2,318.31,0.0,CAF,1,108.80427655154458
-318.05,171.07,0.0,CD4_Tcell,1,116.38961461257577
-175.37,-372.0,0.0,other_tissue,0,122.79430163756697
327.86,-457.41999999999996,0.0,other_tissue,0,97.13023230327724
-395.64,-330.65,0.0,CAF,1,144.96452345598695
490.63,-95.82000000000005,0.0,CAF,1,1035.1886280041429
-122.16000000000003,488.73,0.0,CD8_Tcell,1,328.9078492418159
-220.64999999999998,327.40999999999997,0.0,other_tissue,0,225.77964347043653
-212.05,101.74000000000001,0.0,CD8_Tcell,1,117.96492998731617
-468.46,467.63,0.0,CD4_Tcell,1,135.5475610876685
-45.56,-148.67999999999995,0.0,other_tissue,0,280.5353394619571
417.76,-427.17999999999995,0.0,other_tissue,0,141.69975038293785
-172.82,-372.14,0.0,other_tissue,0,79.40536905983258
-206.82999999999998,-355.45000000000005,0.0,CAF,1,213.5022077033582
-34.110000000000014,314.32,0.0,other_tissue,0,102.7268530169379
398.03999999999996,-495.11,0.0,other_tissue,0,446.1617654659347
-396.90999999999997,160.95,0.0,other_tissue,0,210.64737104225424
-162.04000000000002,-452.16999999999996,0.0,CD4_Tcell,1,116.38961461257577
-440.59000000000003,-449.11,0.0,CD8_Tcell,1,117.96492998731617
-477.91,-366.07000000000005,0.0,other_tissue,0,79.40536905983258
361.21000000000004,-107.66999999999996,0.0,other_tissue,0,151.66437257878005
-324.33000000000004,-307.67999999999995,0.0,other_tissue,0,79.40536905983258
-131.47000000000003,-343.30999999999995,0.0,other_tissue,0,264.9083526594484
132.01999999999998,-21.029999999999973,0.0,other_tissue,0,109.01378572634857
273.52,-212.53999999999996,0.0,CAF,1,276.36985826747184
-14.610000000000014,-467.80999999999995,0.0,other_tissue,0,187.1959587645328
-60.49000000000001,78.24000000000001,0.0,other_tissue,0,123.20694468716945
-230.16000000000003,-301.09000000000003,0.0,other_tissue,0,131.10518650831008
-46.629999999999995,-434.94000000000005,0.0,other_tissue,0,167.257547784654
-367.1,368.48,0.0,other_tissue,0,410.1312557167803
153.89999999999998,-34.299999999999955,0.0,other_tissue,0,164.33859187660474
486.89,-245.74,0.0,other_tissue,0,144.19852727150658
318.95000000000005,-151.08000000000004,0.0,other_tissue,0,134.26279886378475
-230.72000000000003,-477.78,0.0,other_tissue,0,198.65812981164885
-39.110000000000014,-367.17999999999995,0.0,other_tissue,0,129.378042423351
-141.85000000000002,-481.53999999999996,0.0,other_tissue,0,274.8338289359238
-149.2,260.4,0.0,other_tissue,0,79.40536905983258
-437.46,-322.05999999999995,0.0,other_tissue,0,88.42219769726586
151.33000000000004,-95.89999999999998,0.0,other_tissue,0,236.42338970977772
329.82000000000005,-10.230000000000018,0.0,other_tissue,0,140.5331435588593
-17.610000000000014,499.9232,0.0,epithelial_tumor_class1,1,1848.4852780537244
341.30999999999995,485.75,0.0,other_tissue,0,455.3730972415335
59.72000000000003,-344.78,0.0,other_tissue,0,118.66003392491781
-203.79000000000002,70.07,0.0,other_tissue,0,79.40536905983258
397.54999999999995,244.57,0.0,other_tissue,0,103.01883125402132
-481.46,-16.00999999999999,0.0,CAF,1,108.80427655154458
-444.89,-326.44000000000005,0.0,other_tissue,0,164.73065197046233
-405.57,-10.029999999999973,0.0,other_tissue,0,139.01576868730427
-379.79,-328.5,0.0,CAF,1,211.2728946991167
282.09000000000003,-296.90999999999997,0.0,other_tissue,0,102.94976835268726
-44.660000000000025,-321.04999999999995,0.0,other_tissue,0,132.55196951366915
-33.70999999999998,-328.03999999999996,0.0,other_tissue,0,266.26707640524165
-129.76999999999998,499.4169,0.0,other_tissue,0,158.86524123976272
272.05999999999995,292.31,0.0,other_tissue,0,108.1387886435037
449.46000000000004,-64.40999999999997,0.0,other_tissue,0,407.08224570845846
-334.2,357.78,0.0,other_tissue,0,425.9196060689679
-379.64,-169.85000000000002,0.0,other_tissue,0,127.12739872638662
240.30999999999995,-52.67999999999995,0.0,other_tissue,0,154.3690606776538
-10.079999999999984,-136.61,0.0,other_tissue,0,103.93015120775978
495.27,-3.430000000000007,0.0,CAF,1,345.0886838829759
-120.80000000000001,-6.360000000000014,0.0,other_tissue,0,271.01867841626233
251.09000000000003,-404.76,0.0,other_tissue,0,134.9677723887664
-198.64999999999998,-368.11,0.0,other_tissue,0,122.45411834674395
-394.07,-89.47000000000003,0.0,other_tissue,0,165.72082429196124
375.53999999999996,484.5,0.0,other_tissue,0,215.53846424161708
-450.12,409.38,0.0,other_tissue,0,171.70794110295088
211.21000000000004,-226.61,0.0,other_tissue,0,180.21855079021222
208.57000000000005,184.31,0.0,CAF,1,281.0433864848032
213.37,-197.58000000000004,0.0,other_tissue,0,79.40536905983258
-95.63,64.48000000000002,0.0,other_tissue,0,120.82761820897967
493.6,-399.83000000000004,0.0,other_tissue,0,190.9716284342271
325.71000000000004,-118.40999999999997,0.0,other_tissue,0,175.0535401279189
473.74,83.50999999999999,0.0,other_tissue,0,106.21294799442039
-391.28,-89.59000000000003,0.0,other_tissue,0,128.58793713189257
-241.16000000000003,132.44,0.0,other_tissue,0,79.40536905983258
-236.45999999999998,188.33999999999997,0.0,other_tissue,0,112.27935980995555
-2.3500000000000227,-307.97,0.0,other_tissue,0,171.81254083793402
16.210000000000036,209.51,0.0,other_tissue,0,83.69087086763743
-240.10000000000002,-71.51999999999998,0.0,other_tissue,0,154.11175191838745
-20.100000000000023,-62.299999999999955,0.0,other_tissue,0,79.40536905983258
-280.31,-398.01,0.0,other_tissue,0,123.21293180706701
-100.44999999999999,115.88,0.0,other_tissue,0,80.67897030859773
-499.5542,-437.96000000000004,0.0,CD8_Tcell,1,134.70709008089764
-127.37,-11.800000000000011,0.0,other_tissue,0,131.05527099135327
79.11000000000001,338.27,0.0,other_tissue,0,83.34898675312867
1.759999999999991,-50.549999999999955,0.0,other_tissue,0,159.14201401177027
2.4499999999999886,-317.97,0.0,other_tissue,0,240.15011041333415
474.28,34.329999999999984,0.0,other_tissue,0,128.7543314960152
145.26999999999998,154.33999999999997,0.0,CAF,1,262.33358166771757
117.87,-303.07000000000005,0.0,CD8_Tcell,1,117.96492998731617
439.49,7.730000000000018,0.0,other_tissue,0,115.8506821508906
342.51,-408.27,0.0,other_tissue,0,104.99744088427019
350.90999999999997,-213.36,0.0,other_tissue,0,128.88384852928357
340.63,-171.16999999999996,0.0,other_tissue,0,92.58429509739616
-150.29000000000002,-466.17999999999995,0.0,other_tissue,0,195.8233208202697
-436.22,-348.24,0.0,other_tissue,0,243.51954662550241
442.33000000000004,-216.09000000000003,0.0,other_tissue,0,111.31419694697341
357.39,48.389999999999986,0.0,other_tissue,0,90.13685096153496
34.49000000000001,383.5,0.0,other_tissue,0,123.05732971612618
175.73000000000002,314.65,0.0,other_tissue,0,246.51135560937044
-9.730000000000018,362.98,0.0,other_tissue,0,304.83024052429744
-345.63,-473.97,0.0,other_tissue,0,118.28674270415421
434.95000000000005,-336.52,0.0,other_tissue,0,130.69998960761956
-37.56,440.04,0.0,other_tissue,0,330.7200202359305
-234.57,138.24,0.0,other_tissue,0,79.40536905983258
189.39,149.70999999999998,0.0,CAF,1,180.03346078746574
291.5,-238.40999999999997,0.0,CAF,1,288.65336362692864
462.13,-364.44000000000005,0.0,other_tissue,0,254.90384574790806
-496.083,28.149999999999977,0.0,other_tissue,0,240.05670192584375
-130.24,19.75999999999999,0.0,other_tissue,0,96.73225566107253
351.91999999999996,-267.17999999999995,0.0,other_tissue,0,511.50374101553257
-91.41000000000003,-122.46000000000004,0.0,other_tissue,0,166.45873482831894
-286.38,-353.75,0.0,other_tissue,0,107.1484360479103
139.55999999999995,-172.38,0.0,other_tissue,0,111.79047269131718
-236.69,-465.44000000000005,0.0,other_tissue,0,88.78262035068373
215.16999999999996,-120.50999999999999,0.0,CAF,1,196.3129605024944
35.620000000000005,-288.16999999999996,0.0,CD8_Tcell,1,134.80877978839223
289.77,297.4,0.0,other_tissue,0,110.11554195010807
-117.85000000000002,-441.80999999999995,0.0,other_tissue,0,91.91292006669015
-148.31,-301.96000000000004,0.0,other_tissue,0,209.6644636274543
273.12,59.97000000000003,0.0,other_tissue,0,79.40536905983258
408.74,-475.78999999999996,0.0,other_tissue,0,233.22064607810998
245.64999999999998,363.24,0.0,other_tissue,0,224.73229686502506
34.389999999999986,-312.26,0.0,other_tissue,0,83.47362015617539
-78.31,-348.14,0.0,CD4_Tcell,1,144.88446696205423
141.41999999999996,-197.82000000000005,0.0,other_tissue,0,212.18339203997002
-20.25,-64.84000000000003,0.0,other_tissue,0,79.40536905983258
-59.19999999999999,-5.2900000000000205,0.0,other_tissue,0,173.34904841293525
489.51,-259.94000000000005,0.0,other_tissue,0,151.9740320461445
43.629999999999995,377.96,0.0,other_tissue,0,171.49140529122607
-237.02999999999997,167.95999999999998,0.0,other_tissue,0,263.653667216476
-203.58999999999997,-369.47,0.0,CAF,1,135.08869033619058
368.14,104.69999999999999,0.0,other_tissue,0,103.98895740282408
364.39,-304.9,0.0,other_tissue,0,79.40536905983258
-276.75,55.410000000000025,0.0,other_tissue,0,152.45656187582742
-400.9,-388.61,0.0,other_tissue,0,158.01564581876522
-148.81,-102.63,0.0,other_tissue,0,156.69773970962555
29.50999999999999,251.99,0.0,other_tissue,0,139.6266071494889
197.03999999999996,-234.39999999999998,0.0,CAF,1,108.80427655154458
299.45000000000005,8.639999999999986,0.0,other_tissue,0,140.2457592585976
50.41999999999996,57.5,0.0,CAF,1,122.81222345242129
-46.74000000000001,386.12,0.0,other_tissue,0,99.93625974949657
-343.85,-28.75,0.0,other_tissue,0,116.53006651789327
-271.8,-316.94000000000005,0.0,other_tissue,0,79.40536905983258
244.34000000000003,-36.129999999999995,0.0,other_tissue,0,650.1021399186155
-489.89,-405.05999999999995,0.0,other_tissue,0,95.73701300098197
147.69000000000005,-420.04999999999995,0.0,other_tissue,0,79.40536905983258
-413.3974596215561,502.0,0.0,duct_filler,0,1247.0
-406.4692563912806,502.0,0.0,duct_filler,0,1247.0
-399.5410531610051,502.0,0.0,duct_filler,0,1247.0
-392.61284993072957,502.0,0.0,duct_filler,0,1247.0
-385.6846467004541,502.0,0.0,duct_filler,0,1247.0
-378.75644347017857,502.0,0.0,duct_filler,0,1247.0
-371.82824023990304,502.0,0.0,duct_filler,0,1247.0
-80.84370456833136,502.0,0.0,duct_filler,0,1247.0
-73.91550133805578,502.0,0.0,duct_filler,0,1247.0
-46.20268841695378,502.0,0.0,duct_filler,0,1247.0
-39.27448518667825,502.0,0.0,duct_filler,0,1247.0
-32.34628195640266,502.0,0.0,duct_filler,0,1247.0
-25.41807872612725,502.0,0.0,duct_filler,0,1247.0
-18.489875495851663,502.0,0.0,duct_filler,0,1247.0
-11.561672265576135,502.0,0.0,duct_filler,0,1247.0
-4.633469035300607,502.0,0.0,duct_filler,0,1247.0
2.2947341949749784,502.0,0.0,duct_filler,0,1247.0
9.222937425250507,502.0,0.0,duct_filler,0,1247.0
16.151140655525978,502.0,0.0,duct_filler,0,1247.0
23.079343885801563,502.0,0.0,duct_filler,0,1247.0
30.00754711607692,502.0,0.0,duct_filler,0,1247.0
36.93575034635239,502.0,0.0,duct_filler,0,1247.0
43.863953576627864,502.0,0.0,duct_filler,0,1247.0
50.79215680690345,502.0,0.0,duct_filler,0,1247.0
57.72036003717892,502.0,0.0,duct_filler,0,1247.0
64.64856326745439,502.0,0.0,duct_filler,0,1247.0
71.57676649772975,502.0,0.0,duct_filler,0,1247.0
78.50496972800534,502.0,0.0,duct_filler,0,1247.0
85.4331729582808,502.0,0.0,duct_filler,0,1247.0
92.36137618855616,502.0,0.0,duct_filler,0,1247.0
99.28957941883164,502.0,0.0,duct_filler,0,1247.0
106.21778264910711,502.0,0.0,duct_filler,0,1247.0
113.14598587938258,502.0,0.0,duct_filler,0,1247.0
120.07418910965805,502.0,0.0,duct_filler,0,1247.0
127.00239233993341,502.0,0.0,duct_filler,0,1247.0
133.9305955702091,502.0,0.0,duct_filler,0,1247.0
140.85879880048446,502.0,0.0,duct_filler,0,1247.0
147.78700203076005,502.0,0.0,duct_filler,0,1247.0
154.7152052610354,502.0,0.0,duct_filler,0,1247.0
161.64340849131088,502.0,0.0,duct_filler,0,1247.0
168.57161172158635,502.0,0.0,duct_filler,0,1247.0
175.49981495186205,502.0,0.0,duct_filler,0,1247.0
182.4280181821374,502.0,0.0,duct_filler,0,1247.0
189.35622141241288,502.0,0.0,duct_filler,0,1247.0
196.28442464268835,502.0,0.0,duct_filler,0,1247.0
203.21262787296382,502.0,0.0,duct_filler,0,1247.0
210.1408311032393,502.0,0.0,duct_filler,0,1247.0
217.06903433351465,502.0,0.0,duct_filler,0,1247.0
223.99723756379012,502.0,0.0,duct_filler,0,1247.0
230.9254407940656,502.0,0.0,duct_filler,0,1247.0
237.85364402434107,502.0,0.0,duct_filler,0,1247.0
244.78184725461665,502.0,0.0,duct_filler,0,1247.0
251.7100504848919,502.0,0.0,duct_filler,0,1247.0
258.6382537151676,502.0,0.0,duct_filler,0,1247.0
265.56645694544295,502.0,0.0,duct_filler,0,1247.0
272.49466017571854,502.0,0.0,duct_filler,0,1247.0
279.4228634059939,502.0,0.0,duct_filler,0,1247.0
286.35106663626937,502.0,0.0,duct_filler,0,1247.0
390.27411509040155,502.0,0.0,duct_filler,0,1247.0
397.2023183206768,502.0,0.0,duct_filler,0,1247.0
404.1305215509524,502.0,0.0,duct_filler,0,1247.0
411.05872478122785,502.0,0.0,duct_filler,0,1247.0
417.9869280115033,502.0,0.0,duct_filler,0,1247.0
424.9151312417789,502.0,0.0,duct_filler,0,1247.0
431.8433344720544,502.0,0.0,duct_filler,0,1247.0
438.77153770232997,502.0,0.0,duct_filler,0,1247.0
445.69974093260544,502.0,0.0,duct_filler,0,1247.0
452.6279441628808,502.0,0.0,duct_filler,0,1247.0
459.55614739315627,502.0,0.0,duct_filler,0,1247.0
466.48435062343174,502.0,0.0,duct_filler,0,1247.0
473.4125538537071,502.0,0.0,duct_filler,0,1247.0
480.3407570839827,502.0,0.0,duct_filler,0,1247.0
487.26896031425804,502.0,0.0,duct_filler,0,1247.0
494.19716354453374,502.0,0.0,duct_filler,0,1247.0
501.125366774809,502.0,0.0,duct_filler,0,1247.0
-423.7897644669694,496.0,0.0,duct_filler,0,1247.0
-416.8615612366939,496.0,0.0,duct_filler,0,1247.0
-409.93335800641836,496.0,0.0,duct_filler,0,1247.0
-403.00515477614283,496.0,0.0,duct_filler,0,1247.0
-396.07695154586736,496.0,0.0,duct_filler,0,1247.0
-389.14874831559183,496.0,0.0,duct_filler,0,1247.0
-382.2205450853163,496.0,0.0,duct_filler,0,1247.0
-375.2923418550408,496.0,0.0,duct_filler,0,1247.0
-368.36413862476525,496.0,0.0,duct_filler,0,1247.0
-77.37960295319363,496.0,0.0,duct_filler,0,1247.0
-42.738586801815984,496.0,0.0,duct_filler,0,1247.0
-35.810383571540456,496.0,0.0,duct_filler,0,1247.0
-28.882180341264927,496.0,0.0,duct_filler,0,1247.0
-21.953977110989342,496.0,0.0,duct_filler,0,1247.0
-15.025773880713814,496.0,0.0,duct_filler,0,1247.0
-8.097570650438342,496.0,0.0,duct_filler,0,1247.0
-1.1693674201628141,496.0,0.0,duct_filler,0,1247.0
5.758835810112714,496.0,0.0,duct_filler,0,1247.0
12.6870390403883,496.0,0.0,duct_filler,0,1247.0
19.615242270663657,496.0,0.0,duct_filler,0,1247.0
26.54344550093913,496.0,0.0,duct_filler,0,1247.0
33.4716487312146,496.0,0.0,duct_filler,0,1247.0
40.39985196149007,496.0,0.0,duct_filler,0,1247.0
47.32805519176554,496.0,0.0,duct_filler,0,1247.0
54.2562584220409,496.0,0.0,duct_filler,0,1247.0
61.18446165231637,496.0,0.0,duct_filler,0,1247.0
68.11266488259207,496.0,0.0,duct_filler,0,1247.0
75.04086811286754,496.0,0.0,duct_filler,0,1247.0
81.96907134314301,496.0,0.0,duct_filler,0,1247.0
88.89727457341849,496.0,0.0,duct_filler,0,1247.0
95.82547780369396,496.0,0.0,duct_filler,0,1247.0
102.75368103396931,496.0,0.0,duct_filler,0,1247.0
109.6818842642449,496.0,0.0,duct_filler,0,1247.0
116.61008749452026,496.0,0.0,duct_filler,0,1247.0
123.53829072479573,496.0,0.0,duct_filler,0,1247.0
130.4664939550712,496.0,0.0,duct_filler,0,1247.0
137.39469718534656,496.0,0.0,duct_filler,0,1247.0
144.32290041562203,496.0,0.0,duct_filler,0,1247.0
151.25110364589762,496.0,0.0,duct_filler,0,1247.0
158.1793068761731,496.0,0.0,duct_filler,0,1247.0
165.10751010644856,496.0,0.0,duct_filler,0,1247.0
172.03571333672403,496.0,0.0,duct_filler,0,1247.0
178.9639165669995,496.0,0.0,duct_filler,0,1247.0
185.8921197972752,496.0,0.0,duct_filler,0,1247.0
192.82032302755067,496.0,0.0,duct_filler,0,1247.0
199.74852625782603,496.0,0.0,duct_filler,0,1247.0
206.6767294881015,496.0,0.0,duct_filler,0,1247.0
213.60493271837697,496.0,0.0,duct_filler,0,1247.0
220.53313594865244,496.0,0.0,duct_filler,0,1247.0
227.4613391789278,496.0,0.0,duct_filler,0,1247.0
234.38954240920327,496.0,0.0,duct_filler,0,1247.0
241.31774563947874,496.0,0.0,duct_filler,0,1247.0
248.24594886975422,496.0,0.0,duct_filler,0,1247.0
255.1741521000298,496.0,0.0,duct_filler,0,1247.0
262.10235533030504,496.0,0.0,duct_filler,0,1247.0
269.03055856058074,496.0,0.0,duct_filler,0,1247.0
275.9587617908561,496.0,0.0,duct_filler,0,1247.0
282.8869650211316,496.0,0.0,duct_filler,0,1247.0
393.7382167055391,496.0,0.0,duct_filler,0,1247.0
400.6664199358147,496.0,0.0,duct_filler,0,1247.0
407.5946231660902,496.0,0.0,duct_filler,0,1247.0
414.52282639636576,496.0,0.0,duct_filler,0,1247.0
421.451029626641,496.0,0.0,duct_filler,0,1247.0
428.3792328569166,496.0,0.0,duct_filler,0,1247.0
435.30743608719183,496.0,0.0,duct_filler,0,1247.0
442.23563931746753,496.0,0.0,duct_filler,0,1247.0
449.1638425477429,496.0,0.0,duct_filler,0,1247.0
456.0920457780186,496.0,0.0,duct_filler,0,1247.0
463.02024900829394,496.0,0.0,duct_filler,0,1247.0
469.9484522385694,496.0,0.0,duct_filler,0,1247.0
476.8766554688449,496.0,0.0,duct_filler,0,1247.0
483.80485869912025,496.0,0.0,duct_filler,0,1247.0
490.7330619293957,496.0,0.0,duct_filler,0,1247.0
497.6612651596713,496.0,0.0,duct_filler,0,1247.0
-420.3256628518316,490.0,0.0,duct_filler,0,1247.0
-413.3974596215561,490.0,0.0,duct_filler,0,1247.0
-406.4692563912806,490.0,0.0,duct_filler,0,1247.0
-399.5410531610051,490.0,0.0,duct_filler,0,1247.0
-392.61284993072957,490.0,0.0,duct_filler,0,1247.0
-385.6846467004541,490.0,0.0,duct_filler,0,1247.0
-378.75644347017857,490.0,0.0,duct_filler,0,1247.0
-371.82824023990304,490.0,0.0,duct_filler,0,1247.0
-39.27448518667825,490.0,0.0,duct_filler,0,1247.0
-32.34628195640266,490.0,0.0,duct_filler,0,1247.0
-25.41807872612725,490.0,0.0,duct_filler,0,1247.0
-18.489875495851663,490.0,0.0,duct_filler,0,1247.0
-11.561672265576135,490.0,0.0,duct_filler,0,1247.0
-4.633469035300607,490.0,0.0,duct_filler,0,1247.0
2.2947341949749784,490.0,0.0,duct_filler,0,1247.0
9.222937425250507,490.0,0.0,duct_filler,0,1247.0
16.151140655525978,490.0,0.0,duct_filler,0,1247.0
23.079343885801563,490.0,0.0,duct_filler,0,1247.0
30.00754711607692,490.0,0.0,duct_filler,0,1247.0
36.93575034635239,490.0,0.0,duct_filler,0,1247.0
43.863953576627864,490.0,0.0,duct_filler,0,1247.0
50.79215680690345,490.0,0.0,duct_filler,0,1247.0
57.72036003717892,490.0,0.0,duct_filler,0,1247.0
64.64856326745439,490.0,0.0,duct_filler,0,1247.0
71.57676649772975,490.0,0.0,duct_filler,0,1247.0
78.50496972800534,490.0,0.0,duct_filler,0,1247.0
85.4331729582808,490.0,0.0,duct_filler,0,1247.0
92.36137618855616,490.0,0.0,duct_filler,0,1247.0
99.28957941883164,490.0,0.0,duct_filler,0,1247.0
106.21778264910711,490.0,0.0,duct_filler,0,1247.0
113.14598587938258,490.0,0.0,duct_filler,0,1247.0
120.07418910965805,490.0,0.0,duct_filler,0,1247.0
127.00239233993341,490.0,0.0,duct_filler,0,1247.0
133.9305955702091,490.0,0.0,duct_filler,0,1247.0
140.85879880048446,490.0,0.0,duct_filler,0,1247.0
147.78700203076005,490.0,0.0,duct_filler,0,1247.0
154.7152052610354,490.0,0.0,duct_filler,0,1247.0
161.64340849131088,490.0,0.0,duct_filler,0,1247.0
168.57161172158635,490.0,0.0,duct_filler,0,1247.0
175.49981495186205,490.0,0.0,duct_filler,0,1247.0
182.4280181821374,490.0,0.0,duct_filler,0,1247.0
189.35622141241288,490.0,0.0,duct_filler,0,1247.0
196.28442464268835,490.0,0.0,duct_filler,0,1247.0
203.21262787296382,490.0,0.0,duct_filler,0,1247.0
210.1408311032393,490.0,0.0,duct_filler,0,1247.0
217.06903433351465,490.0,0.0,duct_filler,0,1247.0
223.99723756379012,490.0,0.0,duct_filler,0,1247.0
230.9254407940656,490.0,0.0,duct_filler,0,1247.0
237.85364402434107,490.0,0.0,duct_filler,0,1247.0
244.78184725461665,490.0,0.0,duct_filler,0,1247.0
251.7100504848919,490.0,0.0,duct_filler,0,1247.0
258.6382537151676,490.0,0.0,duct_filler,0,1247.0
265.56645694544295,490.0,0.0,duct_filler,0,1247.0
272.49466017571854,490.0,0.0,duct_filler,0,1247.0
279.4228634059939,490.0,0.0,duct_filler,0,1247.0
397.2023183206768,490.0,0.0,duct_filler,0,1247.0
404.1305215509524,490.0,0.0,duct_filler,0,1247.0
411.05872478122785,490.0,0.0,duct_filler,0,1247.0
417.9869280115033,490.0,0.0,duct_filler,0,1247.0
424.9151312417789,490.0,0.0,duct_filler,0,1247.0
431.8433344720544,490.0,0.0,duct_filler,0,1247.0
438.77153770232997,490.0,0.0,duct_filler,0,1247.0
445.69974093260544,490.0,0.0,duct_filler,0,1247.0
452.6279441628808,490.0,0.0,duct_filler,0,1247.0
459.55614739315627,490.0,0.0,duct_filler,0,1247.0
466.48435062343174,490.0,0.0,duct_filler,0,1247.0
473.4125538537071,490.0,0.0,duct_filler,0,1247.0
480.3407570839827,490.0,0.0,duct_filler,0,1247.0
487.26896031425804,490.0,0.0,duct_filler,0,1247.0
494.19716354453374,490.0,0.0,duct_filler,0,1247.0
501.125366774809,490.0,0.0,duct_filler,0,1247.0
-423.7897644669694,484.0,0.0,duct_filler,0,1247.0
-416.8615612366939,484.0,0.0,duct_filler,0,1247.0
-409.93335800641836,484.0,0.0,duct_filler,0,1247.0
-403.00515477614283,484.0,0.0,duct_filler,0,1247.0
-396.07695154586736,484.0,0.0,duct_filler,0,1247.0
-389.14874831559183,484.0,0.0,duct_filler,0,1247.0
-42.738586801815984,484.0,0.0,duct_filler,0,1247.0
-35.810383571540456,484.0,0.0,duct_filler,0,1247.0
-28.882180341264927,484.0,0.0,duct_filler,0,1247.0
-21.953977110989342,484.0,0.0,duct_filler,0,1247.0
-15.025773880713814,484.0,0.0,duct_filler,0,1247.0
-8.097570650438342,484.0,0.0,duct_filler,0,1247.0
-1.1693674201628141,484.0,0.0,duct_filler,0,1247.0
5.758835810112714,484.0,0.0,duct_filler,0,1247.0
12.6870390403883,484.0,0.0,duct_filler,0,1247.0
19.615242270663657,484.0,0.0,duct_filler,0,1247.0
26.54344550093913,484.0,0.0,duct_filler,0,1247.0
33.4716487312146,484.0,0.0,duct_filler,0,1247.0
40.39985196149007,484.0,0.0,duct_filler,0,1247.0
47.32805519176554,484.0,0.0,duct_filler,0,1247.0
54.2562584220409,484.0,0.0,duct_filler,0,1247.0
61.18446165231637,484.0,0.0,duct_filler,0,1247.0
68.11266488259207,484.0,0.0,duct_filler,0,1247.0
75.04086811286754,484.0,0.0,duct_filler,0,1247.0
81.96907134314301,484.0,0.0,duct_filler,0,1247.0
88.89727457341849,484.0,0.0,duct_filler,0,1247.0
95.82547780369396,484.0,0.0,duct_filler,0,1247.0
102.75368103396931,484.0,0.0,duct_filler,0,1247.0
109.6818842642449,484.0,0.0,duct_filler,0,1247.0
116.61008749452026,484.0,0.0,duct_filler,0,1247.0
123.53829072479573,484.0,0.0,duct_filler,0,1247.0
130.4664939550712,484.0,0.0,duct_filler,0,1247.0
137.39469718534656,484.0,0.0,duct_filler,0,1247.0
144.32290041562203,484.0,0.0,duct_filler,0,1247.0
151.25110364589762,484.0,0.0,duct_filler,0,1247.0
158.1793068761731,484.0,0.0,duct_filler,0,1247.0
165.10751010644856,484.0,0.0,duct_filler,0,1247.0
172.03571333672403,484.0,0.0,duct_filler,0,1247.0
178.9639165669995,484.0,0.0,duct_filler,0,1247.0
185.8921197972752,484.0,0.0,duct_filler,0,1247.0
192.82032302755067,484.0,0.0,duct_filler,0,1247.0
199.74852625782603,484.0,0.0,duct_filler,0,1247.0
206.6767294881015,484.0,0.0,duct_filler,0,1247.0
213.60493271837697,484.0,0.0,duct_filler,0,1247.0
220.53313594865244,484.0,0.0,duct_filler,0,1247.0
227.4613391789278,484.0,0.0,duct_filler,0,1247.0
234.38954240920327,484.0,0.0,duct_filler,0,1247.0
241.31774563947874,484.0,0.0,duct_filler,0,1247.0
248.24594886975422,484.0,0.0,duct_filler,0,1247.0
255.1741521000298,484.0,0.0,duct_filler,0,1247.0
262.10235533030504,484.0,0.0,duct_filler,0,1247.0
269.03055856058074,484.0,0.0,duct_filler,0,1247.0
275.9587617908561,484.0,0.0,duct_filler,0,1247.0
282.8869650211316,484.0,0.0,duct_filler,0,1247.0
400.6664199358147,484.0,0.0,duct_filler,0,1247.0
407.5946231660902,484.0,0.0,duct_filler,0,1247.0
414.52282639636576,484.0,0.0,duct_filler,0,1247.0
421.451029626641,484.0,0.0,duct_filler,0,1247.0
428.3792328569166,484.0,0.0,duct_filler,0,1247.0
435.30743608719183,484.0,0.0,duct_filler,0,1247.0
442.23563931746753,484.0,0.0,duct_filler,0,1247.0
449.1638425477429,484.0,0.0,duct_filler,0,1247.0
456.0920457780186,484.0,0.0,duct_filler,0,1247.0
463.02024900829394,484.0,0.0,duct_filler,0,1247.0
469.9484522385694,484.0,0.0,duct_filler,0,1247.0
476.8766554688449,484.0,0.0,duct_filler,0,1247.0
483.80485869912025,484.0,0.0,duct_filler,0,1247.0
490.7330619293957,484.0,0.0,duct_filler,0,1247.0
497.6612651596713,484.0,0.0,duct_filler,0,1247.0
-420.3256628518316,478.0,0.0,duct_filler,0,1247.0
-413.39745962155615,478.0,0.0,duct_filler,0,1247.0
-406.4692563912806,478.0,0.0,duct_filler,0,1247.0
-399.54105316100515,478.0,0.0,duct_filler,0,1247.0
-392.6128499307296,478.0,0.0,duct_filler,0,1247.0
-46.20268841695378,478.0,0.0,duct_filler,0,1247.0
-39.27448518667825,478.0,0.0,duct_filler,0,1247.0
-32.34628195640266,478.0,0.0,duct_filler,0,1247.0
-25.41807872612725,478.0,0.0,duct_filler,0,1247.0
-18.489875495851663,478.0,0.0,duct_filler,0,1247.0
-11.561672265576135,478.0,0.0,duct_filler,0,1247.0
-4.633469035300607,478.0,0.0,duct_filler,0,1247.0
2.2947341949749784,478.0,0.0,duct_filler,0,1247.0
9.222937425250507,478.0,0.0,duct_filler,0,1247.0
16.151140655525978,478.0,0.0,duct_filler,0,1247.0
23.079343885801563,478.0,0.0,duct_filler,0,1247.0
30.00754711607692,478.0,0.0,duct_filler,0,1247.0
36.93575034635239,478.0,0.0,duct_filler,0,1247.0
43.863953576627864,478.0,0.0,duct_filler,0,1247.0
50.792156806903336,478.0,0.0,duct_filler,0,1247.0
57.72036003717881,478.0,0.0,duct_filler,0,1247.0
64.64856326745439,478.0,0.0,duct_filler,0,1247.0
71.57676649772975,478.0,0.0,duct_filler,0,1247.0
78.50496972800522,478.0,0.0,duct_filler,0,1247.0
85.4331729582807,478.0,0.0,duct_filler,0,1247.0
92.36137618855616,478.0,0.0,duct_filler,0,1247.0
99.28957941883164,478.0,0.0,duct_filler,0,1247.0
106.21778264910711,478.0,0.0,duct_filler,0,1247.0
113.14598587938258,478.0,0.0,duct_filler,0,1247.0
120.07418910965805,478.0,0.0,duct_filler,0,1247.0
127.00239233993341,478.0,0.0,duct_filler,0,1247.0
133.9305955702091,478.0,0.0,duct_filler,0,1247.0
140.85879880048446,478.0,0.0,duct_filler,0,1247.0
147.78700203076005,478.0,0.0,duct_filler,0,1247.0
154.7152052610354,478.0,0.0,duct_filler,0,1247.0
161.64340849131088,478.0,0.0,duct_filler,0,1247.0
168.57161172158635,478.0,0.0,duct_filler,0,1247.0
175.49981495186182,478.0,0.0,duct_filler,0,1247.0
182.4280181821373,478.0,0.0,duct_filler,0,1247.0
189.35622141241265,478.0,0.0,duct_filler,0,1247.0
196.28442464268812,478.0,0.0,duct_filler,0,1247.0
203.2126278729637,478.0,0.0,duct_filler,0,1247.0
210.14083110323918,478.0,0.0,duct_filler,0,1247.0
217.06903433351465,478.0,0.0,duct_filler,0,1247.0
223.99723756379012,478.0,0.0,duct_filler,0,1247.0
230.9254407940656,478.0,0.0,duct_filler,0,1247.0
237.85364402434107,478.0,0.0,duct_filler,0,1247.0
244.78184725461665,478.0,0.0,duct_filler,0,1247.0
251.7100504848919,478.0,0.0,duct_filler,0,1247.0
258.6382537151676,478.0,0.0,duct_filler,0,1247.0
265.56645694544295,478.0,0.0,duct_filler,0,1247.0
272.49466017571854,478.0,0.0,duct_filler,0,1247.0
279.4228634059939,478.0,0.0,duct_filler,0,1247.0
404.1305215509524,478.0,0.0,duct_filler,0,1247.0
411.05872478122785,478.0,0.0,duct_filler,0,1247.0
417.9869280115033,478.0,0.0,duct_filler,0,1247.0
424.9151312417787,478.0,0.0,duct_filler,0,1247.0
431.8433344720544,478.0,0.0,duct_filler,0,1247.0
438.77153770232974,478.0,0.0,duct_filler,0,1247.0
445.6997409326052,478.0,0.0,duct_filler,0,1247.0
452.6279441628807,478.0,0.0,duct_filler,0,1247.0
459.55614739315604,478.0,0.0,duct_filler,0,1247.0
466.4843506234315,478.0,0.0,duct_filler,0,1247.0
473.412553853707,478.0,0.0,duct_filler,0,1247.0
480.3407570839827,478.0,0.0,duct_filler,0,1247.0
487.2689603142578,478.0,0.0,duct_filler,0,1247.0
494.1971635445336,478.0,0.0,duct_filler,0,1247.0
501.125366774809,478.0,0.0,duct_filler,0,1247.0
-423.7897644669694,472.0,0.0,duct_filler,0,1247.0
-416.8615612366939,472.0,0.0,duct_filler,0,1247.0
-409.93335800641836,472.0,0.0,duct_filler,0,1247.0
-403.00515477614283,472.0,0.0,duct_filler,0,1247.0
-396.07695154586736,472.0,0.0,duct_filler,0,1247.0
-49.66679003209157,472.0,0.0,duct_filler,0,1247.0
-42.738586801815984,472.0,0.0,duct_filler,0,1247.0
-35.810383571540456,472.0,0.0,duct_filler,0,1247.0
-28.882180341264927,472.0,0.0,duct_filler,0,1247.0
-21.953977110989342,472.0,0.0,duct_filler,0,1247.0
-15.025773880713814,472.0,0.0,duct_filler,0,1247.0
-8.097570650438342,472.0,0.0,duct_filler,0,1247.0
-1.1693674201628141,472.0,0.0,duct_filler,0,1247.0
5.758835810112714,472.0,0.0,duct_filler,0,1247.0
12.6870390403883,472.0,0.0,duct_filler,0,1247.0
19.615242270663657,472.0,0.0,duct_filler,0,1247.0
26.54344550093913,472.0,0.0,duct_filler,0,1247.0
33.4716487312146,472.0,0.0,duct_filler,0,1247.0
40.39985196149007,472.0,0.0,duct_filler,0,1247.0
47.32805519176554,472.0,0.0,duct_filler,0,1247.0
54.2562584220409,472.0,0.0,duct_filler,0,1247.0
61.18446165231637,472.0,0.0,duct_filler,0,1247.0
68.11266488259196,472.0,0.0,duct_filler,0,1247.0
75.04086811286754,472.0,0.0,duct_filler,0,1247.0
81.9690713431429,472.0,0.0,duct_filler,0,1247.0
88.89727457341837,472.0,0.0,duct_filler,0,1247.0
95.82547780369384,472.0,0.0,duct_filler,0,1247.0
102.75368103396931,472.0,0.0,duct_filler,0,1247.0
109.6818842642449,472.0,0.0,duct_filler,0,1247.0
116.61008749452026,472.0,0.0,duct_filler,0,1247.0
123.53829072479573,472.0,0.0,duct_filler,0,1247.0
130.4664939550712,472.0,0.0,duct_filler,0,1247.0
137.39469718534656,472.0,0.0,duct_filler,0,1247.0
144.32290041562203,472.0,0.0,duct_filler,0,1247.0
151.25110364589762,472.0,0.0,duct_filler,0,1247.0
158.1793068761731,472.0,0.0,duct_filler,0,1247.0
165.10751010644856,472.0,0.0,duct_filler,0,1247.0
172.03571333672403,472.0,0.0,duct_filler,0,1247.0
178.9639165669995,472.0,0.0,duct_filler,0,1247.0
185.89211979727497,472.0,0.0,duct_filler,0,1247.0
192.82032302755056,472.0,0.0,duct_filler,0,1247.0
199.7485262578258,472.0,0.0,duct_filler,0,1247.0
206.6767294881015,472.0,0.0,duct_filler,0,1247.0
213.60493271837686,472.0,0.0,duct_filler,0,1247.0
220.53313594865233,472.0,0.0,duct_filler,0,1247.0
227.4613391789278,472.0,0.0,duct_filler,0,1247.0
234.38954240920327,472.0,0.0,duct_filler,0,1247.0
241.31774563947874,472.0,0.0,duct_filler,0,1247.0
248.24594886975422,472.0,0.0,duct_filler,0,1247.0
255.1741521000298,472.0,0.0,duct_filler,0,1247.0
262.10235533030504,472.0,0.0,duct_filler,0,1247.0
269.03055856058074,472.0,0.0,duct_filler,0,1247.0
407.5946231660902,472.0,0.0,duct_filler,0,1247.0
414.52282639636553,472.0,0.0,duct_filler,0,1247.0
421.451029626641,472.0,0.0,duct_filler,0,1247.0
428.3792328569165,472.0,0.0,duct_filler,0,1247.0
435.30743608719183,472.0,0.0,duct_filler,0,1247.0
442.2356393174673,472.0,0.0,duct_filler,0,1247.0
449.1638425477428,472.0,0.0,duct_filler,0,1247.0
456.09204577801836,472.0,0.0,duct_filler,0,1247.0
463.02024900829383,472.0,0.0,duct_filler,0,1247.0
469.9484522385692,472.0,0.0,duct_filler,0,1247.0
476.87665546884466,472.0,0.0,duct_filler,0,1247.0
483.80485869912013,472.0,0.0,duct_filler,0,1247.0
490.7330619293955,472.0,0.0,duct_filler,0,1247.0
497.6612651596713,472.0,0.0,duct_filler,0,1247.0
-420.3256628518316,466.0,0.0,duct_filler,0,1247.0
-413.39745962155615,466.0,0.0,duct_filler,0,1247.0
-406.4692563912806,466.0,0.0,duct_filler,0,1247.0
-46.20268841695378,466.0,0.0,duct_filler,0,1247.0
-39.27448518667825,466.0,0.0,duct_filler,0,1247.0
-32.34628195640266,466.0,0.0,duct_filler,0,1247.0
-25.41807872612725,466.0,0.0,duct_filler,0,1247.0
-18.489875495851663,466.0,0.0,duct_filler,0,1247.0
-11.561672265576135,466.0,0.0,duct_filler,0,1247.0
-4.633469035300607,466.0,0.0,duct_filler,0,1247.0
2.2947341949749784,466.0,0.0,duct_filler,0,1247.0
9.222937425250507,466.0,0.0,duct_filler,0,1247.0
16.151140655525978,466.0,0.0,duct_filler,0,1247.0
23.079343885801563,466.0,0.0,duct_filler,0,1247.0
30.00754711607692,466.0,0.0,duct_filler,0,1247.0
36.93575034635239,466.0,0.0,duct_filler,0,1247.0
43.863953576627864,466.0,0.0,duct_filler,0,1247.0
50.792156806903336,466.0,0.0,duct_filler,0,1247.0
57.72036003717881,466.0,0.0,duct_filler,0,1247.0
64.64856326745439,466.0,0.0,duct_filler,0,1247.0
71.57676649772975,466.0,0.0,duct_filler,0,1247.0
78.50496972800522,466.0,0.0,duct_filler,0,1247.0
85.4331729582807,466.0,0.0,duct_filler,0,1247.0
92.36137618855616,466.0,0.0,duct_filler,0,1247.0
99.28957941883164,466.0,0.0,duct_filler,0,1247.0
106.21778264910711,466.0,0.0,duct_filler,0,1247.0
113.14598587938258,466.0,0.0,duct_filler,0,1247.0
120.07418910965805,466.0,0.0,duct_filler,0,1247.0
127.00239233993341,466.0,0.0,duct_filler,0,1247.0
133.9305955702091,466.0,0.0,duct_filler,0,1247.0
140.85879880048446,466.0,0.0,duct_filler,0,1247.0
147.78700203076005,466.0,0.0,duct_filler,0,1247.0
154.7152052610354,466.0,0.0,duct_filler,0,1247.0
161.64340849131088,466.0,0.0,duct_filler,0,1247.0
168.57161172158635,466.0,0.0,duct_filler,0,1247.0
175.49981495186182,466.0,0.0,duct_filler,0,1247.0
182.4280181821373,466.0,0.0,duct_filler,0,1247.0
189.35622141241265,466.0,0.0,duct_filler,0,1247.0
196.28442464268812,466.0,0.0,duct_filler,0,1247.0
203.2126278729637,466.0,0.0,duct_filler,0,1247.0
210.14083110323918,466.0,0.0,duct_filler,0,1247.0
217.06903433351465,466.0,0.0,duct_filler,0,1247.0
223.99723756379012,466.0,0.0,duct_filler,0,1247.0
230.9254407940656,466.0,0.0,duct_filler,0,1247.0
237.85364402434107,466.0,0.0,duct_filler,0,1247.0
244.78184725461665,466.0,0.0,duct_filler,0,1247.0
251.7100504848919,466.0,0.0,duct_filler,0,1247.0
258.6382537151676,466.0,0.0,duct_filler,0,1247.0
265.56645694544295,466.0,0.0,duct_filler,0,1247.0
397.2023183206768,466.0,0.0,duct_filler,0,1247.0
404.1305215509524,466.0,0.0,duct_filler,0,1247.0
411.05872478122785,466.0,0.0,duct_filler,0,1247.0
417.9869280115033,466.0,0.0,duct_filler,0,1247.0
424.9151312417787,466.0,0.0,duct_filler,0,1247.0
431.8433344720544,466.0,0.0,duct_filler,0,1247.0
438.77153770232974,466.0,0.0,duct_filler,0,1247.0
445.6997409326052,466.0,0.0,duct_filler,0,1247.0
452.6279441628807,466.0,0.0,duct_filler,0,1247.0
459.55614739315604,466.0,0.0,duct_filler,0,1247.0
466.4843506234315,466.0,0.0,duct_filler,0,1247.0
473.412553853707,466.0,0.0,duct_filler,0,1247.0
480.3407570839827,466.0,0.0,duct_filler,0,1247.0
487.2689603142578,466.0,0.0,duct_filler,0,1247.0
494.1971635445336,466.0,0.0,duct_filler,0,1247.0
501.125366774809,466.0,0.0,duct_filler,0,1247.0
-319.86671601283683,460.0,0.0,duct_filler,0,1247.0
-312.9385127825613,460.0,0.0,duct_filler,0,1247.0
-49.66679003209157,460.0,0.0,duct_filler,0,1247.0
-42.738586801815984,460.0,0.0,duct_filler,0,1247.0
-35.810383571540456,460.0,0.0,duct_filler,0,1247.0
-28.882180341264927,460.0,0.0,duct_filler,0,1247.0
-21.953977110989342,460.0,0.0,duct_filler,0,1247.0
-15.025773880713814,460.0,0.0,duct_filler,0,1247.0
-8.097570650438342,460.0,0.0,duct_filler,0,1247.0
-1.1693674201628141,460.0,0.0,duct_filler,0,1247.0
5.758835810112714,460.0,0.0,duct_filler,0,1247.0
12.6870390403883,460.0,0.0,duct_filler,0,1247.0
19.615242270663657,460.0,0.0,duct_filler,0,1247.0
26.54344550093913,460.0,0.0,duct_filler,0,1247.0
33.4716487312146,460.0,0.0,duct_filler,0,1247.0
40.39985196149007,460.0,0.0,duct_filler,0,1247.0
47.32805519176554,460.0,0.0,duct_filler,0,1247.0
54.2562584220409,460.0,0.0,duct_filler,0,1247.0
61.18446165231637,460.0,0.0,duct_filler,0,1247.0
68.11266488259196,460.0,0.0,duct_filler,0,1247.0
75.04086811286754,460.0,0.0,duct_filler,0,1247.0
81.9690713431429,460.0,0.0,duct_filler,0,1247.0
88.89727457341837,460.0,0.0,duct_filler,0,1247.0
95.82547780369384,460.0,0.0,duct_filler,0,1247.0
102.75368103396931,460.0,0.0,duct_filler,0,1247.0
109.6818842642449,460.0,0.0,duct_filler,0,1247.0
116.61008749452026,460.0,0.0,duct_filler,0,1247.0
123.53829072479573,460.0,0.0,duct_filler,0,1247.0
130.4664939550712,460.0,0.0,duct_filler,0,1247.0
137.39469718534656,460.0,0.0,duct_filler,0,1247.0
144.32290041562203,460.0,0.0,duct_filler,0,1247.0
151.25110364589762,460.0,0.0,duct_filler,0,1247.0
158.1793068761731,460.0,0.0,duct_filler,0,1247.0
165.10751010644856,460.0,0.0,duct_filler,0,1247.0
172.03571333672403,460.0,0.0,duct_filler,0,1247.0
178.9639165669995,460.0,0.0,duct_filler,0,1247.0
185.89211979727497,460.0,0.0,duct_filler,0,1247.0
192.82032302755056,460.0,0.0,duct_filler,0,1247.0
199.7485262578258,460.0,0.0,duct_filler,0,1247.0
206.6767294881015,460.0,0.0,duct_filler,0,1247.0
213.60493271837686,460.0,0.0,duct_filler,0,1247.0
220.53313594865233,460.0,0.0,duct_filler,0,1247.0
227.4613391789278,460.0,0.0,duct_filler,0,1247.0
234.38954240920327,460.0,0.0,duct_filler,0,1247.0
241.31774563947874,460.0,0.0,duct_filler,0,1247.0
248.24594886975422,460.0,0.0,duct_filler,0,1247.0
255.1741521000298,460.0,0.0,duct_filler,0,1247.0
262.10235533030504,460.0,0.0,duct_filler,0,1247.0
400.6664199358146,460.0,0.0,duct_filler,0,1247.0
407.5946231660902,460.0,0.0,duct_filler,0,1247.0
414.52282639636553,460.0,0.0,duct_filler,0,1247.0
421.451029626641,460.0,0.0,duct_filler,0,1247.0
428.3792328569165,460.0,0.0,duct_filler,0,1247.0
435.30743608719183,460.0,0.0,duct_filler,0,1247.0
442.2356393174673,460.0,0.0,duct_filler,0,1247.0
449.1638425477428,460.0,0.0,duct_filler,0,1247.0
456.09204577801836,460.0,0.0,duct_filler,0,1247.0
463.02024900829383,460.0,0.0,duct_filler,0,1247.0
469.9484522385692,460.0,0.0,duct_filler,0,1247.0
476.87665546884466,460.0,0.0,duct_filler,0,1247.0
483.80485869912013,460.0,0.0,duct_filler,0,1247.0
490.7330619293955,460.0,0.0,duct_filler,0,1247.0
497.6612651596713,460.0,0.0,duct_filler,0,1247.0
-323.33081762797457,454.0,0.0,duct_filler,0,1247.0
-316.40261439769904,454.0,0.0,duct_filler,0,1247.0
-309.47441116742357,454.0,0.0,duct_filler,0,1247.0
-46.20268841695378,454.0,0.0,duct_filler,0,1247.0
-39.27448518667825,454.0,0.0,duct_filler,0,1247.0
-32.34628195640266,454.0,0.0,duct_filler,0,1247.0
-25.41807872612725,454.0,0.0,duct_filler,0,1247.0
-18.489875495851663,454.0,0.0,duct_filler,0,1247.0
-11.561672265576135,454.0,0.0,duct_filler,0,1247.0
-4.633469035300607,454.0,0.0,duct_filler,0,1247.0
2.2947341949749784,454.0,0.0,duct_filler,0,1247.0
9.222937425250507,454.0,0.0,duct_filler,0,1247.0
16.151140655525978,454.0,0.0,duct_filler,0,1247.0
23.079343885801563,454.0,0.0,duct_filler,0,1247.0
30.00754711607692,454.0,0.0,duct_filler,0,1247.0
36.93575034635239,454.0,0.0,duct_filler,0,1247.0
43.863953576627864,454.0,0.0,duct_filler,0,1247.0
50.792156806903336,454.0,0.0,duct_filler,0,1247.0
57.72036003717881,454.0,0.0,duct_filler,0,1247.0
64.64856326745439,454.0,0.0,duct_filler,0,1247.0
71.57676649772975,454.0,0.0,duct_filler,0,1247.0
78.50496972800522,454.0,0.0,duct_filler,0,1247.0
85.4331729582807,454.0,0.0,duct_filler,0,1247.0
92.36137618855616,454.0,0.0,duct_filler,0,1247.0
99.28957941883164,454.0,0.0,duct_filler,0,1247.0
106.21778264910711,454.0,0.0,duct_filler,0,1247.0
113.14598587938258,454.0,0.0,duct_filler,0,1247.0
120.07418910965805,454.0,0.0,duct_filler,0,1247.0
127.00239233993341,454.0,0.0,duct_filler,0,1247.0
133.9305955702091,454.0,0.0,duct_filler,0,1247.0
140.85879880048446,454.0,0.0,duct_filler,0,1247.0
147.78700203076005,454.0,0.0,duct_filler,0,1247.0
154.7152052610354,454.0,0.0,duct_filler,0,1247.0
161.64340849131088,454.0,0.0,duct_filler,0,1247.0
168.57161172158635,454.0,0.0,duct_filler,0,1247.0
175.49981495186182,454.0,0.0,duct_filler,0,1247.0
182.4280181821373,454.0,0.0,duct_filler,0,1247.0
189.35622141241265,454.0,0.0,duct_filler,0,1247.0
196.28442464268812,454.0,0.0,duct_filler,0,1247.0
203.2126278729637,454.0,0.0,duct_filler,0,1247.0
210.14083110323918,454.0,0.0,duct_filler,0,1247.0
217.06903433351465,454.0,0.0,duct_filler,0,1247.0
223.99723756379012,454.0,0.0,duct_filler,0,1247.0
230.9254407940656,454.0,0.0,duct_filler,0,1247.0
237.85364402434107,454.0,0.0,duct_filler,0,1247.0
244.78184725461665,454.0,0.0,duct_filler,0,1247.0
251.7100504848919,454.0,0.0,duct_filler,0,1247.0
258.6382537151676,454.0,0.0,duct_filler,0,1247.0
265.56645694544295,454.0,0.0,duct_filler,0,1247.0
397.2023183206768,454.0,0.0,duct_filler,0,1247.0
404.1305215509524,454.0,0.0,duct_filler,0,1247.0
411.05872478122785,454.0,0.0,duct_filler,0,1247.0
417.9869280115033,454.0,0.0,duct_filler,0,1247.0
424.9151312417787,454.0,0.0,duct_filler,0,1247.0
431.8433344720544,454.0,0.0,duct_filler,0,1247.0
438.77153770232974,454.0,0.0,duct_filler,0,1247.0
445.6997409326052,454.0,0.0,duct_filler,0,1247.0
452.6279441628807,454.0,0.0,duct_filler,0,1247.0
459.55614739315604,454.0,0.0,duct_filler,0,1247.0
466.4843506234315,454.0,0.0,duct_filler,0,1247.0
473.412553853707,454.0,0.0,duct_filler,0,1247.0
480.3407570839827,454.0,0.0,duct_filler,0,1247.0
487.2689603142578,454.0,0.0,duct_filler,0,1247.0
494.1971635445336,454.0,0.0,duct_filler,0,1247.0
501.125366774809,454.0,0.0,duct_filler,0,1247.0
-326.7949192431123,448.0,0.0,duct_filler,0,1247.0
-319.86671601283683,448.0,0.0,duct_filler,0,1247.0
-312.9385127825613,448.0,0.0,duct_filler,0,1247.0
-306.01030955228583,448.0,0.0,duct_filler,0,1247.0
-35.810383571540456,448.0,0.0,duct_filler,0,1247.0
-28.882180341264927,448.0,0.0,duct_filler,0,1247.0
-21.953977110989342,448.0,0.0,duct_filler,0,1247.0
-15.025773880713814,448.0,0.0,duct_filler,0,1247.0
-8.097570650438342,448.0,0.0,duct_filler,0,1247.0
-1.1693674201628141,448.0,0.0,duct_filler,0,1247.0
5.758835810112714,448.0,0.0,duct_filler,0,1247.0
12.6870390403883,448.0,0.0,duct_filler,0,1247.0
19.615242270663657,448.0,0.0,duct_filler,0,1247.0
26.54344550093913,448.0,0.0,duct_filler,0,1247.0
33.4716487312146,448.0,0.0,duct_filler,0,1247.0
40.39985196149007,448.0,0.0,duct_filler,0,1247.0
47.32805519176554,448.0,0.0,duct_filler,0,1247.0
54.2562584220409,448.0,0.0,duct_filler,0,1247.0
61.18446165231637,448.0,0.0,duct_filler,0,1247.0
68.11266488259196,448.0,0.0,duct_filler,0,1247.0
75.04086811286754,448.0,0.0,duct_filler,0,1247.0
81.9690713431429,448.0,0.0,duct_filler,0,1247.0
88.89727457341837,448.0,0.0,duct_filler,0,1247.0
95.82547780369384,448.0,0.0,duct_filler,0,1247.0
102.75368103396931,448.0,0.0,duct_filler,0,1247.0
109.6818842642449,448.0,0.0,duct_filler,0,1247.0
116.61008749452026,448.0,0.0,duct_filler,0,1247.0
123.53829072479573,448.0,0.0,duct_filler,0,1247.0
130.4664939550712,448.0,0.0,duct_filler,0,1247.0
137.39469718534656,448.0,0.0,duct_filler,0,1247.0
144.32290041562203,448.0,0.0,duct_filler,0,1247.0
151.25110364589762,448.0,0.0,duct_filler,0,1247.0
158.1793068761731,448.0,0.0,duct_filler,0,1247.0
165.10751010644856,448.0,0.0,duct_filler,0,1247.0
172.03571333672403,448.0,0.0,duct_filler,0,1247.0
178.9639165669995,448.0,0.0,duct_filler,0,1247.0
185.89211979727497,448.0,0.0,duct_filler,0,1247.0
192.82032302755056,448.0,0.0,duct_filler,0,1247.0
199.7485262578258,448.0,0.0,duct_filler,0,1247.0
206.6767294881015,448.0,0.0,duct_filler,0,1247.0
213.60493271837686,448.0,0.0,duct_filler,0,1247.0
220.53313594865233,448.0,0.0,duct_filler,0,1247.0
227.4613391789278,448.0,0.0,duct_filler,0,1247.0
234.38954240920327,448.0,0.0,duct_filler,0,1247.0
241.31774563947874,448.0,0.0,duct_filler,0,1247.0
248.24594886975422,448.0,0.0,duct_filler,0,1247.0
255.1741521000298,448.0,0.0,duct_filler,0,1247.0
262.10235533030504,448.0,0.0,duct_filler,0,1247.0
269.03055856058074,448.0,0.0,duct_filler,0,1247.0
275.9587617908561,448.0,0.0,duct_filler,0,1247.0
400.6664199358146,448.0,0.0,duct_filler,0,1247.0
407.5946231660902,448.0,0.0,duct_filler,0,1247.0
414.52282639636553,448.0,0.0,duct_filler,0,1247.0
421.451029626641,448.0,0.0,duct_filler,0,1247.0
428.3792328569165,448.0,0.0,duct_filler,0,1247.0
435.30743608719183,448.0,0.0,duct_filler,0,1247.0
442.2356393174673,448.0,0.0,duct_filler,0,1247.0
449.1638425477428,448.0,0.0,duct_filler,0,1247.0
456.09204577801836,448.0,0.0,duct_filler,0,1247.0
463.02024900829383,448.0,0.0,duct_filler,0,1247.0
469.9484522385692,448.0,0.0,duct_filler,0,1247.0
476.87665546884466,448.0,0.0,duct_filler,0,1247.0
483.80485869912013,448.0,0.0,duct_filler,0,1247.0
490.7330619293955,448.0,0.0,duct_filler,0,1247.0
497.6612651596713,448.0,0.0,duct_filler,0,1247.0
-330.2590208582501,442.0,0.0,duct_filler,0,1247.0
-323.33081762797457,442.0,0.0,duct_filler,0,1247.0
-316.40261439769904,442.0,0.0,duct_filler,0,1247.0
-309.47441116742357,442.0,0.0,duct_filler,0,1247.0
-39.27448518667825,442.0,0.0,duct_filler,0,1247.0
-32.34628195640266,442.0,0.0,duct_filler,0,1247.0
-25.41807872612725,442.0,0.0,duct_filler,0,1247.0
-18.489875495851663,442.0,0.0,duct_filler,0,1247.0
-11.561672265576135,442.0,0.0,duct_filler,0,1247.0
-4.633469035300607,442.0,0.0,duct_filler,0,1247.0
2.2947341949749784,442.0,0.0,duct_filler,0,1247.0
9.222937425250507,442.0,0.0,duct_filler,0,1247.0
16.151140655525978,442.0,0.0,duct_filler,0,1247.0
23.079343885801563,442.0,0.0,duct_filler,0,1247.0
30.00754711607692,442.0,0.0,duct_filler,0,1247.0
36.93575034635239,442.0,0.0,duct_filler,0,1247.0
43.863953576627864,442.0,0.0,duct_filler,0,1247.0
50.792156806903336,442.0,0.0,duct_filler,0,1247.0
57.72036003717881,442.0,0.0,duct_filler,0,1247.0
64.64856326745439,442.0,0.0,duct_filler,0,1247.0
71.57676649772975,442.0,0.0,duct_filler,0,1247.0
78.50496972800522,442.0,0.0,duct_filler,0,1247.0
85.4331729582807,442.0,0.0,duct_filler,0,1247.0
92.36137618855616,442.0,0.0,duct_filler,0,1247.0
99.28957941883164,442.0,0.0,duct_filler,0,1247.0
106.21778264910711,442.0,0.0,duct_filler,0,1247.0
113.14598587938258,442.0,0.0,duct_filler,0,1247.0
120.07418910965805,442.0,0.0,duct_filler,0,1247.0
127.00239233993341,442.0,0.0,duct_filler,0,1247.0
133.9305955702091,442.0,0.0,duct_filler,0,1247.0
140.85879880048446,442.0,0.0,duct_filler,0,1247.0
147.78700203076005,442.0,0.0,duct_filler,0,1247.0
154.7152052610354,442.0,0.0,duct_filler,0,1247.0
161.64340849131088,442.0,0.0,duct_filler,0,1247.0
168.57161172158635,442.0,0.0,duct_filler,0,1247.0
175.49981495186182,442.0,0.0,duct_filler,0,1247.0
182.4280181821373,442.0,0.0,duct_filler,0,1247.0
189.35622141241265,442.0,0.0,duct_filler,0,1247.0
196.28442464268812,442.0,0.0,duct_filler,0,1247.0
203.2126278729637,442.0,0.0,duct_filler,0,1247.0
210.14083110323918,442.0,0.0,duct_filler,0,1247.0
217.06903433351465,442.0,0.0,duct_filler,0,1247.0
223.99723756379012,442.0,0.0,duct_filler,0,1247.0
230.9254407940656,442.0,0.0,duct_filler,0,1247.0
237.85364402434107,442.0,0.0,duct_filler,0,1247.0
244.78184725461665,442.0,0.0,duct_filler,0,1247.0
251.7100504848919,442.0,0.0,duct_filler,0,1247.0
258.6382537151676,442.0,0.0,duct_filler,0,1247.0
265.56645694544295,442.0,0.0,duct_filler,0,1247.0
272.49466017571854,442.0,0.0,duct_filler,0,1247.0
279.4228634059939,442.0,0.0,duct_filler,0,1247.0
286.35106663626937,442.0,0.0,duct_filler,0,1247.0
293.27926986654484,442.0,0.0,duct_filler,0,1247.0
397.2023183206768,442.0,0.0,duct_filler,0,1247.0
404.1305215509524,442.0,0.0,duct_filler,0,1247.0
411.05872478122785,442.0,0.0,duct_filler,0,1247.0
417.9869280115033,442.0,0.0,duct_filler,0,1247.0
424.9151312417787,442.0,0.0,duct_filler,0,1247.0
431.8433344720544,442.0,0.0,duct_filler,0,1247.0
438.77153770232974,442.0,0.0,duct_filler,0,1247.0
445.6997409326052,442.0,0.0,duct_filler,0,1247.0
452.6279441628807,442.0,0.0,duct_filler,0,1247.0
459.55614739315604,442.0,0.0,duct_filler,0,1247.0
466.4843506234315,442.0,0.0,duct_filler,0,1247.0
473.412553853707,442.0,0.0,duct_filler,0,1247.0
480.3407570839827,442.0,0.0,duct_filler,0,1247.0
487.2689603142578,442.0,0.0,duct_filler,0,1247.0
494.1971635445336,442.0,0.0,duct_filler,0,1247.0
501.125366774809,442.0,0.0,duct_filler,0,1247.0
-333.72312247338783,436.0,0.0,duct_filler,0,1247.0
-326.7949192431123,436.0,0.0,duct_filler,0,1247.0
-319.86671601283683,436.0,0.0,duct_filler,0,1247.0
-312.9385127825613,436.0,0.0,duct_filler,0,1247.0
-35.810383571540456,436.0,0.0,duct_filler,0,1247.0
-28.882180341264927,436.0,0.0,duct_filler,0,1247.0
-21.953977110989342,436.0,0.0,duct_filler,0,1247.0
-15.025773880713814,436.0,0.0,duct_filler,0,1247.0
-8.097570650438342,436.0,0.0,duct_filler,0,1247.0
-1.1693674201628141,436.0,0.0,duct_filler,0,1247.0
5.758835810112714,436.0,0.0,duct_filler,0,1247.0
12.6870390403883,436.0,0.0,duct_filler,0,1247.0
19.615242270663657,436.0,0.0,duct_filler,0,1247.0
26.54344550093913,436.0,0.0,duct_filler,0,1247.0
33.4716487312146,436.0,0.0,duct_filler,0,1247.0
40.39985196149007,436.0,0.0,duct_filler,0,1247.0
47.32805519176554,436.0,0.0,duct_filler,0,1247.0
54.2562584220409,436.0,0.0,duct_filler,0,1247.0
61.18446165231637,436.0,0.0,duct_filler,0,1247.0
68.11266488259196,436.0,0.0,duct_filler,0,1247.0
75.04086811286754,436.0,0.0,duct_filler,0,1247.0
81.9690713431429,436.0,0.0,duct_filler,0,1247.0
88.89727457341837,436.0,0.0,duct_filler,0,1247.0
95.82547780369384,436.0,0.0,duct_filler,0,1247.0
102.75368103396931,436.0,0.0,duct_filler,0,1247.0
109.6818842642449,436.0,0.0,duct_filler,0,1247.0
116.61008749452026,436.0,0.0,duct_filler,0,1247.0
123.53829072479573,436.0,0.0,duct_filler,0,1247.0
130.4664939550712,436.0,0.0,duct_filler,0,1247.0
137.39469718534656,436.0,0.0,duct_filler,0,1247.0
144.32290041562203,436.0,0.0,duct_filler,0,1247.0
151.25110364589762,436.0,0.0,duct_filler,0,1247.0
158.1793068761731,436.0,0.0,duct_filler,0,1247.0
185.89211979727497,436.0,0.0,duct_filler,0,1247.0
192.82032302755056,436.0,0.0,duct_filler,0,1247.0
199.7485262578258,436.0,0.0,duct_filler,0,1247.0
206.6767294881015,436.0,0.0,duct_filler,0,1247.0
213.60493271837686,436.0,0.0,duct_filler,0,1247.0
220.53313594865233,436.0,0.0,duct_filler,0,1247.0
227.4613391789278,436.0,0.0,duct_filler,0,1247.0
234.38954240920327,436.0,0.0,duct_filler,0,1247.0
241.31774563947874,436.0,0.0,duct_filler,0,1247.0
248.24594886975422,436.0,0.0,duct_filler,0,1247.0
255.1741521000298,436.0,0.0,duct_filler,0,1247.0
262.10235533030504,436.0,0.0,duct_filler,0,1247.0
269.03055856058074,436.0,0.0,duct_filler,0,1247.0
275.9587617908561,436.0,0.0,duct_filler,0,1247.0
282.8869650211316,436.0,0.0,duct_filler,0,1247.0
289.81516825140704,436.0,0.0,duct_filler,0,1247.0
296.7433714816825,436.0,0.0,duct_filler,0,1247.0
400.6664199358146,436.0,0.0,duct_filler,0,1247.0
407.5946231660902,436.0,0.0,duct_filler,0,1247.0
414.52282639636553,436.0,0.0,duct_filler,0,1247.0
421.451029626641,436.0,0.0,duct_filler,0,1247.0
428.3792328569165,436.0,0.0,duct_filler,0,1247.0
435.30743608719183,436.0,0.0,duct_filler,0,1247.0
442.2356393174673,436.0,0.0,duct_filler,0,1247.0
449.1638425477428,436.0,0.0,duct_filler,0,1247.0
456.09204577801836,436.0,0.0,duct_filler,0,1247.0
463.02024900829383,436.0,0.0,duct_filler,0,1247.0
469.9484522385692,436.0,0.0,duct_filler,0,1247.0
476.87665546884466,436.0,0.0,duct_filler,0,1247.0
483.80485869912013,436.0,0.0,duct_filler,0,1247.0
490.7330619293955,436.0,0.0,duct_filler,0,1247.0
497.6612651596713,436.0,0.0,duct_filler,0,1247.0
-337.18722408852557,430.0,0.0,duct_filler,0,1247.0
-330.2590208582501,430.0,0.0,duct_filler,0,1247.0
-323.33081762797457,430.0,0.0,duct_filler,0,1247.0
-316.40261439769904,430.0,0.0,duct_filler,0,1247.0
-32.34628195640266,430.0,0.0,duct_filler,0,1247.0
-25.41807872612725,430.0,0.0,duct_filler,0,1247.0
-18.489875495851663,430.0,0.0,duct_filler,0,1247.0
-11.561672265576135,430.0,0.0,duct_filler,0,1247.0
-4.633469035300607,430.0,0.0,duct_filler,0,1247.0
2.2947341949749784,430.0,0.0,duct_filler,0,1247.0
9.222937425250507,430.0,0.0,duct_filler,0,1247.0
16.151140655525978,430.0,0.0,duct_filler,0,1247.0
23.079343885801563,430.0,0.0,duct_filler,0,1247.0
30.00754711607692,430.0,0.0,duct_filler,0,1247.0
36.93575034635239,430.0,0.0,duct_filler,0,1247.0
43.863953576627864,430.0,0.0,duct_filler,0,1247.0
50.792156806903336,430.0,0.0,duct_filler,0,1247.0
64.64856326745439,430.0,0.0,duct_filler,0,1247.0
71.57676649772975,430.0,0.0,duct_filler,0,1247.0
78.50496972800522,430.0,0.0,duct_filler,0,1247.0
85.4331729582807,430.0,0.0,duct_filler,0,1247.0
92.36137618855616,430.0,0.0,duct_filler,0,1247.0
99.28957941883164,430.0,0.0,duct_filler,0,1247.0
106.21778264910711,430.0,0.0,duct_filler,0,1247.0
113.14598587938258,430.0,0.0,duct_filler,0,1247.0
120.07418910965805,430.0,0.0,duct_filler,0,1247.0
127.00239233993341,430.0,0.0,duct_filler,0,1247.0
133.9305955702091,430.0,0.0,duct_filler,0,1247.0
140.85879880048446,430.0,0.0,duct_filler,0,1247.0
147.78700203076005,430.0,0.0,duct_filler,0,1247.0
154.7152052610354,430.0,0.0,duct_filler,0,1247.0
189.35622141241265,430.0,0.0,duct_filler,0,1247.0
196.28442464268812,430.0,0.0,duct_filler,0,1247.0
203.2126278729637,430.0,0.0,duct_filler,0,1247.0
210.14083110323918,430.0,0.0,duct_filler,0,1247.0
217.06903433351465,430.0,0.0,duct_filler,0,1247.0
223.99723756379012,430.0,0.0,duct_filler,0,1247.0
230.9254407940656,430.0,0.0,duct_filler,0,1247.0
237.85364402434107,430.0,0.0,duct_filler,0,1247.0
244.78184725461665,430.0,0.0,duct_filler,0,1247.0
251.7100504848919,430.0,0.0,duct_filler,0,1247.0
258.6382537151676,430.0,0.0,duct_filler,0,1247.0
265.56645694544295,430.0,0.0,duct_filler,0,1247.0
272.49466017571854,430.0,0.0,duct_filler,0,1247.0
279.4228634059939,430.0,0.0,duct_filler,0,1247.0
286.35106663626937,430.0,0.0,duct_filler,0,1247.0
293.27926986654484,430.0,0.0,duct_filler,0,1247.0
404.1305215509524,430.0,0.0,duct_filler,0,1247.0
411.05872478122785,430.0,0.0,duct_filler,0,1247.0
417.9869280115033,430.0,0.0,duct_filler,0,1247.0
424.9151312417787,430.0,0.0,duct_filler,0,1247.0
431.8433344720544,430.0,0.0,duct_filler,0,1247.0
438.77153770232974,430.0,0.0,duct_filler,0,1247.0
445.6997409326052,430.0,0.0,duct_filler,0,1247.0
452.6279441628807,430.0,0.0,duct_filler,0,1247.0
459.55614739315604,430.0,0.0,duct_filler,0,1247.0
466.4843506234315,430.0,0.0,duct_filler,0,1247.0
473.412553853707,430.0,0.0,duct_filler,0,1247.0
480.3407570839827,430.0,0.0,duct_filler,0,1247.0
487.2689603142578,430.0,0.0,duct_filler,0,1247.0
494.1971635445336,430.0,0.0,duct_filler,0,1247.0
501.125366774809,430.0,0.0,duct_filler,0,1247.0
-347.57952893393883,424.0,0.0,duct_filler,0,1247.0
-340.6513257036633,424.0,0.0,duct_filler,0,1247.0
-333.72312247338783,424.0,0.0,duct_filler,0,1247.0
-326.7949192431123,424.0,0.0,duct_filler,0,1247.0
-319.86671601283683,424.0,0.0,duct_filler,0,1247.0
-21.953977110989342,424.0,0.0,duct_filler,0,1247.0
-15.025773880713814,424.0,0.0,duct_filler,0,1247.0
-8.097570650438342,424.0,0.0,duct_filler,0,1247.0
-1.1693674201628141,424.0,0.0,duct_filler,0,1247.0
5.758835810112714,424.0,0.0,duct_filler,0,1247.0
12.6870390403883,424.0,0.0,duct_filler,0,1247.0
19.615242270663657,424.0,0.0,duct_filler,0,1247.0
68.11266488259196,424.0,0.0,duct_filler,0,1247.0
75.04086811286754,424.0,0.0,duct_filler,0,1247.0
81.9690713431429,424.0,0.0,duct_filler,0,1247.0
88.89727457341837,424.0,0.0,duct_filler,0,1247.0
95.82547780369384,424.0,0.0,duct_filler,0,1247.0
102.75368103396931,424.0,0.0,duct_filler,0,1247.0
109.6818842642449,424.0,0.0,duct_filler,0,1247.0
116.61008749452026,424.0,0.0,duct_filler,0,1247.0
123.53829072479573,424.0,0.0,duct_filler,0,1247.0
130.4664939550712,424.0,0.0,duct_filler,0,1247.0
137.39469718534656,424.0,0.0,duct_filler,0,1247.0
144.32290041562203,424.0,0.0,duct_filler,0,1247.0
151.25110364589762,424.0,0.0,duct_filler,0,1247.0
158.1793068761731,424.0,0.0,duct_filler,0,1247.0
165.10751010644856,424.0,0.0,duct_filler,0,1247.0
172.03571333672403,424.0,0.0,duct_filler,0,1247.0
185.89211979727497,424.0,0.0,duct_filler,0,1247.0
192.82032302755056,424.0,0.0,duct_filler,0,1247.0
199.7485262578258,424.0,0.0,duct_filler,0,1247.0
206.6767294881015,424.0,0.0,duct_filler,0,1247.0
213.60493271837686,424.0,0.0,duct_filler,0,1247.0
220.53313594865233,424.0,0.0,duct_filler,0,1247.0
227.4613391789278,424.0,0.0,duct_filler,0,1247.0
234.38954240920327,424.0,0.0,duct_filler,0,1247.0
241.31774563947874,424.0,0.0,duct_filler,0,1247.0
248.24594886975422,424.0,0.0,duct_filler,0,1247.0
255.1741521000298,424.0,0.0,duct_filler,0,1247.0
262.10235533030504,424.0,0.0,duct_filler,0,1247.0
269.03055856058074,424.0,0.0,duct_filler,0,1247.0
275.9587617908561,424.0,0.0,duct_filler,0,1247.0
282.8869650211316,424.0,0.0,duct_filler,0,1247.0
289.81516825140704,424.0,0.0,duct_filler,0,1247.0
296.7433714816825,424.0,0.0,duct_filler,0,1247.0
407.5946231660902,424.0,0.0,duct_filler,0,1247.0
414.52282639636553,424.0,0.0,duct_filler,0,1247.0
421.451029626641,424.0,0.0,duct_filler,0,1247.0
428.3792328569165,424.0,0.0,duct_filler,0,1247.0
435.30743608719183,424.0,0.0,duct_filler,0,1247.0
442.2356393174673,424.0,0.0,duct_filler,0,1247.0
449.1638425477428,424.0,0.0,duct_filler,0,1247.0
456.09204577801836,424.0,0.0,duct_filler,0,1247.0
463.02024900829383,424.0,0.0,duct_filler,0,1247.0
469.9484522385692,424.0,0.0,duct_filler,0,1247.0
476.87665546884466,424.0,0.0,duct_filler,0,1247.0
483.80485869912013,424.0,0.0,duct_filler,0,1247.0
490.7330619293955,424.0,0.0,duct_filler,0,1247.0
497.6612651596713,424.0,0.0,duct_filler,0,1247.0
-351.0436305490765,418.0,0.0,duct_filler,0,1247.0
-344.11542731880104,418.0,0.0,duct_filler,0,1247.0
-337.18722408852557,418.0,0.0,duct_filler,0,1247.0
-330.2590208582501,418.0,0.0,duct_filler,0,1247.0
-323.33081762797457,418.0,0.0,duct_filler,0,1247.0
-18.489875495851663,418.0,0.0,duct_filler,0,1247.0
-11.561672265576135,418.0,0.0,duct_filler,0,1247.0
-4.633469035300607,418.0,0.0,duct_filler,0,1247.0
2.2947341949749784,418.0,0.0,duct_filler,0,1247.0
9.222937425250507,418.0,0.0,duct_filler,0,1247.0
16.151140655525978,418.0,0.0,duct_filler,0,1247.0
23.079343885801563,418.0,0.0,duct_filler,0,1247.0
78.50496972800522,418.0,0.0,duct_filler,0,1247.0
120.07418910965805,418.0,0.0,duct_filler,0,1247.0
127.00239233993341,418.0,0.0,duct_filler,0,1247.0
133.9305955702091,418.0,0.0,duct_filler,0,1247.0
140.85879880048446,418.0,0.0,duct_filler,0,1247.0
147.78700203076005,418.0,0.0,duct_filler,0,1247.0
154.7152052610354,418.0,0.0,duct_filler,0,1247.0
161.64340849131088,418.0,0.0,duct_filler,0,1247.0
168.57161172158635,418.0,0.0,duct_filler,0,1247.0
175.49981495186182,418.0,0.0,duct_filler,0,1247.0
189.35622141241265,418.0,0.0,duct_filler,0,1247.0
196.28442464268812,418.0,0.0,duct_filler,0,1247.0
203.2126278729637,418.0,0.0,duct_filler,0,1247.0
210.14083110323918,418.0,0.0,duct_filler,0,1247.0
217.06903433351465,418.0,0.0,duct_filler,0,1247.0
237.85364402434107,418.0,0.0,duct_filler,0,1247.0
244.78184725461665,418.0,0.0,duct_filler,0,1247.0
251.7100504848919,418.0,0.0,duct_filler,0,1247.0
258.6382537151676,418.0,0.0,duct_filler,0,1247.0
265.56645694544295,418.0,0.0,duct_filler,0,1247.0
272.49466017571854,418.0,0.0,duct_filler,0,1247.0
279.4228634059939,418.0,0.0,duct_filler,0,1247.0
286.35106663626937,418.0,0.0,duct_filler,0,1247.0
293.27926986654484,418.0,0.0,duct_filler,0,1247.0
300.2074730968204,418.0,0.0,duct_filler,0,1247.0
411.05872478122785,418.0,0.0,duct_filler,0,1247.0
417.9869280115033,418.0,0.0,duct_filler,0,1247.0
424.9151312417787,418.0,0.0,duct_filler,0,1247.0
431.8433344720544,418.0,0.0,duct_filler,0,1247.0
438.77153770232974,418.0,0.0,duct_filler,0,1247.0
445.6997409326052,418.0,0.0,duct_filler,0,1247.0
452.6279441628807,418.0,0.0,duct_filler,0,1247.0
459.55614739315604,418.0,0.0,duct_filler,0,1247.0
466.4843506234315,418.0,0.0,duct_filler,0,1247.0
473.412553853707,418.0,0.0,duct_filler,0,1247.0
480.3407570839827,418.0,0.0,duct_filler,0,1247.0
487.2689603142578,418.0,0.0,duct_filler,0,1247.0
494.1971635445336,418.0,0.0,duct_filler,0,1247.0
501.125366774809,418.0,0.0,duct_filler,0,1247.0
-500.0,412.0,0.0,duct_filler,0,1247.0
-479.2153903091735,412.0,0.0,duct_filler,0,1247.0
-472.28718707889794,412.0,0.0,duct_filler,0,1247.0
-465.3589838486225,412.0,0.0,duct_filler,0,1247.0
-361.4359353944898,412.0,0.0,duct_filler,0,1247.0
-354.5077321642143,412.0,0.0,duct_filler,0,1247.0
-347.57952893393883,412.0,0.0,duct_filler,0,1247.0
-340.6513257036633,412.0,0.0,duct_filler,0,1247.0
-333.72312247338783,412.0,0.0,duct_filler,0,1247.0
-222.87187078897972,412.0,0.0,duct_filler,0,1247.0
-215.9436675587042,412.0,0.0,duct_filler,0,1247.0
-209.01546432842866,412.0,0.0,duct_filler,0,1247.0
-202.0872610981532,412.0,0.0,duct_filler,0,1247.0
-195.15905786787755,412.0,0.0,duct_filler,0,1247.0
-188.23085463760208,412.0,0.0,duct_filler,0,1247.0
-181.30265140732655,412.0,0.0,duct_filler,0,1247.0
-174.37444817705102,412.0,0.0,duct_filler,0,1247.0
-15.025773880713814,412.0,0.0,duct_filler,0,1247.0
-8.097570650438342,412.0,0.0,duct_filler,0,1247.0
-1.1693674201628141,412.0,0.0,duct_filler,0,1247.0
5.758835810112714,412.0,0.0,duct_filler,0,1247.0
12.6870390403883,412.0,0.0,duct_filler,0,1247.0
19.615242270663657,412.0,0.0,duct_filler,0,1247.0
123.53829072479573,412.0,0.0,duct_filler,0,1247.0
130.4664939550712,412.0,0.0,duct_filler,0,1247.0
137.39469718534656,412.0,0.0,duct_filler,0,1247.0
158.1793068761731,412.0,0.0,duct_filler,0,1247.0
165.10751010644856,412.0,0.0,duct_filler,0,1247.0
172.03571333672403,412.0,0.0,duct_filler,0,1247.0
192.82032302755056,412.0,0.0,duct_filler,0,1247.0
199.7485262578258,412.0,0.0,duct_filler,0,1247.0
206.6767294881015,412.0,0.0,duct_filler,0,1247.0
213.60493271837686,412.0,0.0,duct_filler,0,1247.0
248.24594886975422,412.0,0.0,duct_filler,0,1247.0
255.1741521000298,412.0,0.0,duct_filler,0,1247.0
262.10235533030504,412.0,0.0,duct_filler,0,1247.0
269.03055856058074,412.0,0.0,duct_filler,0,1247.0
275.9587617908561,412.0,0.0,duct_filler,0,1247.0
282.8869650211316,412.0,0.0,duct_filler,0,1247.0
289.81516825140704,412.0,0.0,duct_filler,0,1247.0
296.7433714816825,412.0,0.0,duct_filler,0,1247.0
303.671574711958,412.0,0.0,duct_filler,0,1247.0
414.52282639636553,412.0,0.0,duct_filler,0,1247.0
421.451029626641,412.0,0.0,duct_filler,0,1247.0
428.3792328569165,412.0,0.0,duct_filler,0,1247.0
435.30743608719183,412.0,0.0,duct_filler,0,1247.0
442.2356393174673,412.0,0.0,duct_filler,0,1247.0
449.1638425477428,412.0,0.0,duct_filler,0,1247.0
456.09204577801836,412.0,0.0,duct_filler,0,1247.0
463.02024900829383,412.0,0.0,duct_filler,0,1247.0
469.9484522385692,412.0,0.0,duct_filler,0,1247.0
476.87665546884466,412.0,0.0,duct_filler,0,1247.0
483.80485869912013,412.0,0.0,duct_filler,0,1247.0
490.7330619293955,412.0,0.0,duct_filler,0,1247.0
497.6612651596713,412.0,0.0,duct_filler,0,1247.0
-496.53589838486226,406.0,0.0,duct_filler,0,1247.0
-489.60769515458674,406.0,0.0,duct_filler,0,1247.0
-482.6794919243112,406.0,0.0,duct_filler,0,1247.0
-475.75128869403574,406.0,0.0,duct_filler,0,1247.0
-468.8230854637602,406.0,0.0,duct_filler,0,1247.0
-461.89488223348474,406.0,0.0,duct_filler,0,1247.0
-364.90003700962757,406.0,0.0,duct_filler,0,1247.0
-357.9718337793521,406.0,0.0,duct_filler,0,1247.0
-351.0436305490765,406.0,0.0,duct_filler,0,1247.0
-344.11542731880104,406.0,0.0,duct_filler,0,1247.0
-226.3359724041175,406.0,0.0,duct_filler,0,1247.0
-219.40776917384198,406.0,0.0,duct_filler,0,1247.0
-212.4795659435664,406.0,0.0,duct_filler,0,1247.0
-205.55136271329087,406.0,0.0,duct_filler,0,1247.0
-198.6231594830154,406.0,0.0,duct_filler,0,1247.0
-191.69495625273993,406.0,0.0,duct_filler,0,1247.0
-184.76675302246434,406.0,0.0,duct_filler,0,1247.0
-177.83854979218881,406.0,0.0,duct_filler,0,1247.0
-170.9103465619133,406.0,0.0,duct_filler,0,1247.0
-163.98214333163776,406.0,0.0,duct_filler,0,1247.0
-11.561672265576135,406.0,0.0,duct_filler,0,1247.0
-4.633469035300607,406.0,0.0,duct_filler,0,1247.0
2.2947341949749784,406.0,0.0,duct_filler,0,1247.0
9.222937425250507,406.0,0.0,duct_filler,0,1247.0
16.151140655525978,406.0,0.0,duct_filler,0,1247.0
23.079343885801563,406.0,0.0,duct_filler,0,1247.0
203.2126278729637,406.0,0.0,duct_filler,0,1247.0
210.14083110323918,406.0,0.0,duct_filler,0,1247.0
251.7100504848919,406.0,0.0,duct_filler,0,1247.0
258.6382537151676,406.0,0.0,duct_filler,0,1247.0
265.56645694544295,406.0,0.0,duct_filler,0,1247.0
272.49466017571854,406.0,0.0,duct_filler,0,1247.0
279.4228634059939,406.0,0.0,duct_filler,0,1247.0
286.35106663626937,406.0,0.0,duct_filler,0,1247.0
293.27926986654484,406.0,0.0,duct_filler,0,1247.0
300.2074730968204,406.0,0.0,duct_filler,0,1247.0
307.13567632709567,406.0,0.0,duct_filler,0,1247.0
417.9869280115033,406.0,0.0,duct_filler,0,1247.0
424.9151312417787,406.0,0.0,duct_filler,0,1247.0
431.8433344720544,406.0,0.0,duct_filler,0,1247.0
438.77153770232974,406.0,0.0,duct_filler,0,1247.0
445.6997409326052,406.0,0.0,duct_filler,0,1247.0
452.6279441628807,406.0,0.0,duct_filler,0,1247.0
459.55614739315604,406.0,0.0,duct_filler,0,1247.0
466.4843506234315,406.0,0.0,duct_filler,0,1247.0
473.412553853707,406.0,0.0,duct_filler,0,1247.0
480.3407570839827,406.0,0.0,duct_filler,0,1247.0
487.2689603142578,406.0,0.0,duct_filler,0,1247.0
494.1971635445336,406.0,0.0,duct_filler,0,1247.0
501.125366774809,406.0,0.0,duct_filler,0,1247.0
-500.0,400.0,0.0,duct_filler,0,1247.0
-493.0717967697245,400.0,0.0,duct_filler,0,1247.0
-486.143593539449,400.0,0.0,duct_filler,0,1247.0
-479.2153903091735,400.0,0.0,duct_filler,0,1247.0
-472.28718707889794,400.0,0.0,duct_filler,0,1247.0
-465.3589838486225,400.0,0.0,duct_filler,0,1247.0
-361.4359353944898,400.0,0.0,duct_filler,0,1247.0
-222.87187078897972,400.0,0.0,duct_filler,0,1247.0
-215.9436675587042,400.0,0.0,duct_filler,0,1247.0
-209.01546432842866,400.0,0.0,duct_filler,0,1247.0
-202.0872610981532,400.0,0.0,duct_filler,0,1247.0
-195.15905786787755,400.0,0.0,duct_filler,0,1247.0
-188.23085463760208,400.0,0.0,duct_filler,0,1247.0
-181.30265140732655,400.0,0.0,duct_filler,0,1247.0
-174.37444817705102,400.0,0.0,duct_filler,0,1247.0
-167.4462449467755,400.0,0.0,duct_filler,0,1247.0
-160.51804171649997,400.0,0.0,duct_filler,0,1247.0
-8.097570650438342,400.0,0.0,duct_filler,0,1247.0
-1.1693674201628141,400.0,0.0,duct_filler,0,1247.0
5.758835810112714,400.0,0.0,duct_filler,0,1247.0
12.6870390403883,400.0,0.0,duct_filler,0,1247.0
19.615242270663657,400.0,0.0,duct_filler,0,1247.0
199.7485262578258,400.0,0.0,duct_filler,0,1247.0
206.6767294881015,400.0,0.0,duct_filler,0,1247.0
255.1741521000298,400.0,0.0,duct_filler,0,1247.0
262.10235533030504,400.0,0.0,duct_filler,0,1247.0
269.03055856058074,400.0,0.0,duct_filler,0,1247.0
275.9587617908561,400.0,0.0,duct_filler,0,1247.0
282.8869650211316,400.0,0.0,duct_filler,0,1247.0
289.81516825140704,400.0,0.0,duct_filler,0,1247.0
296.7433714816825,400.0,0.0,duct_filler,0,1247.0
303.671574711958,400.0,0.0,duct_filler,0,1247.0
310.5997779422336,400.0,0.0,duct_filler,0,1247.0
414.52282639636553,400.0,0.0,duct_filler,0,1247.0
421.451029626641,400.0,0.0,duct_filler,0,1247.0
428.3792328569165,400.0,0.0,duct_filler,0,1247.0
435.30743608719183,400.0,0.0,duct_filler,0,1247.0
442.2356393174673,400.0,0.0,duct_filler,0,1247.0
449.1638425477428,400.0,0.0,duct_filler,0,1247.0
456.09204577801836,400.0,0.0,duct_filler,0,1247.0
463.02024900829383,400.0,0.0,duct_filler,0,1247.0
469.9484522385692,400.0,0.0,duct_filler,0,1247.0
476.87665546884466,400.0,0.0,duct_filler,0,1247.0
483.80485869912013,400.0,0.0,duct_filler,0,1247.0
490.7330619293955,400.0,0.0,duct_filler,0,1247.0
497.6612651596713,400.0,0.0,duct_filler,0,1247.0
-496.53589838486226,394.0,0.0,duct_filler,0,1247.0
-489.60769515458674,394.0,0.0,duct_filler,0,1247.0
-482.6794919243112,394.0,0.0,duct_filler,0,1247.0
-475.75128869403574,394.0,0.0,duct_filler,0,1247.0
-468.8230854637602,394.0,0.0,duct_filler,0,1247.0
-461.89488223348474,394.0,0.0,duct_filler,0,1247.0
-371.8282402399031,394.0,0.0,duct_filler,0,1247.0
-364.90003700962757,394.0,0.0,duct_filler,0,1247.0
-357.9718337793521,394.0,0.0,duct_filler,0,1247.0
-226.3359724041175,394.0,0.0,duct_filler,0,1247.0
-219.40776917384198,394.0,0.0,duct_filler,0,1247.0
-212.4795659435664,394.0,0.0,duct_filler,0,1247.0
-205.55136271329087,394.0,0.0,duct_filler,0,1247.0
-198.6231594830154,394.0,0.0,duct_filler,0,1247.0
-191.69495625273993,394.0,0.0,duct_filler,0,1247.0
-184.76675302246434,394.0,0.0,duct_filler,0,1247.0
-177.83854979218881,394.0,0.0,duct_filler,0,1247.0
-170.9103465619133,394.0,0.0,duct_filler,0,1247.0
-163.98214333163776,394.0,0.0,duct_filler,0,1247.0
-157.05394010136217,394.0,0.0,duct_filler,0,1247.0
-4.633469035300607,394.0,0.0,duct_filler,0,1247.0
2.2947341949749784,394.0,0.0,duct_filler,0,1247.0
9.222937425250507,394.0,0.0,duct_filler,0,1247.0
16.151140655525978,394.0,0.0,duct_filler,0,1247.0
168.57161172158635,394.0,0.0,duct_filler,0,1247.0
175.49981495186182,394.0,0.0,duct_filler,0,1247.0
182.4280181821373,394.0,0.0,duct_filler,0,1247.0
189.35622141241265,394.0,0.0,duct_filler,0,1247.0
251.7100504848919,394.0,0.0,duct_filler,0,1247.0
258.6382537151676,394.0,0.0,duct_filler,0,1247.0
265.56645694544295,394.0,0.0,duct_filler,0,1247.0
272.49466017571854,394.0,0.0,duct_filler,0,1247.0
279.4228634059939,394.0,0.0,duct_filler,0,1247.0
286.35106663626937,394.0,0.0,duct_filler,0,1247.0
293.27926986654484,394.0,0.0,duct_filler,0,1247.0
300.2074730968204,394.0,0.0,duct_filler,0,1247.0
307.13567632709567,394.0,0.0,duct_filler,0,1247.0
314.06387955737125,394.0,0.0,duct_filler,0,1247.0
417.9869280115033,394.0,0.0,duct_filler,0,1247.0
424.9151312417787,394.0,0.0,duct_filler,0,1247.0
431.8433344720544,394.0,0.0,duct_filler,0,1247.0
438.77153770232974,394.0,0.0,duct_filler,0,1247.0
445.6997409326052,394.0,0.0,duct_filler,0,1247.0
452.6279441628807,394.0,0.0,duct_filler,0,1247.0
459.55614739315604,394.0,0.0,duct_filler,0,1247.0
466.4843506234315,394.0,0.0,duct_filler,0,1247.0
473.412553853707,394.0,0.0,duct_filler,0,1247.0
480.3407570839827,394.0,0.0,duct_filler,0,1247.0
487.2689603142578,394.0,0.0,duct_filler,0,1247.0
494.1971635445336,394.0,0.0,duct_filler,0,1247.0
501.125366774809,394.0,0.0,duct_filler,0,1247.0
-500.0,388.0,0.0,duct_filler,0,1247.0
-493.0717967697245,388.0,0.0,duct_filler,0,1247.0
-486.143593539449,388.0,0.0,duct_filler,0,1247.0
-479.2153903091735,388.0,0.0,duct_filler,0,1247.0
-472.28718707889794,388.0,0.0,duct_filler,0,1247.0
-465.3589838486225,388.0,0.0,duct_filler,0,1247.0
-382.2205450853163,388.0,0.0,duct_filler,0,1247.0
-375.29234185504083,388.0,0.0,duct_filler,0,1247.0
-368.36413862476525,388.0,0.0,duct_filler,0,1247.0
-361.4359353944898,388.0,0.0,duct_filler,0,1247.0
-222.87187078897972,388.0,0.0,duct_filler,0,1247.0
-215.9436675587042,388.0,0.0,duct_filler,0,1247.0
-209.01546432842866,388.0,0.0,duct_filler,0,1247.0
-202.0872610981532,388.0,0.0,duct_filler,0,1247.0
-195.15905786787755,388.0,0.0,duct_filler,0,1247.0
-188.23085463760208,388.0,0.0,duct_filler,0,1247.0
-181.30265140732655,388.0,0.0,duct_filler,0,1247.0
-174.37444817705102,388.0,0.0,duct_filler,0,1247.0
-167.4462449467755,388.0,0.0,duct_filler,0,1247.0
-160.51804171649997,388.0,0.0,duct_filler,0,1247.0
-153.58983848622438,388.0,0.0,duct_filler,0,1247.0
-1.1693674201628141,388.0,0.0,duct_filler,0,1247.0
5.758835810112714,388.0,0.0,duct_filler,0,1247.0
165.10751010644856,388.0,0.0,duct_filler,0,1247.0
172.03571333672403,388.0,0.0,duct_filler,0,1247.0
178.9639165669995,388.0,0.0,duct_filler,0,1247.0
185.89211979727497,388.0,0.0,duct_filler,0,1247.0
192.82032302755056,388.0,0.0,duct_filler,0,1247.0
248.24594886975422,388.0,0.0,duct_filler,0,1247.0
255.1741521000298,388.0,0.0,duct_filler,0,1247.0
262.10235533030504,388.0,0.0,duct_filler,0,1247.0
269.03055856058074,388.0,0.0,duct_filler,0,1247.0
275.9587617908561,388.0,0.0,duct_filler,0,1247.0
282.8869650211316,388.0,0.0,duct_filler,0,1247.0
289.81516825140704,388.0,0.0,duct_filler,0,1247.0
296.7433714816825,388.0,0.0,duct_filler,0,1247.0
303.671574711958,388.0,0.0,duct_filler,0,1247.0
310.5997779422336,388.0,0.0,duct_filler,0,1247.0
421.451029626641,388.0,0.0,duct_filler,0,1247.0
428.3792328569165,388.0,0.0,duct_filler,0,1247.0
435.30743608719183,388.0,0.0,duct_filler,0,1247.0
442.2356393174673,388.0,0.0,duct_filler,0,1247.0
449.1638425477428,388.0,0.0,duct_filler,0,1247.0
456.09204577801836,388.0,0.0,duct_filler,0,1247.0
463.02024900829383,388.0,0.0,duct_filler,0,1247.0
469.9484522385692,388.0,0.0,duct_filler,0,1247.0
476.87665546884466,388.0,0.0,duct_filler,0,1247.0
483.80485869912013,388.0,0.0,duct_filler,0,1247.0
490.7330619293955,388.0,0.0,duct_filler,0,1247.0
497.6612651596713,388.0,0.0,duct_filler,0,1247.0
-496.53589838486226,382.0,0.0,duct_filler,0,1247.0
-489.60769515458674,382.0,0.0,duct_filler,0,1247.0
-482.6794919243112,382.0,0.0,duct_filler,0,1247.0
-475.75128869403574,382.0,0.0,duct_filler,0,1247.0
-468.8230854637602,382.0,0.0,duct_filler,0,1247.0
-385.6846467004541,382.0,0.0,duct_filler,0,1247.0
-378.75644347017857,382.0,0.0,duct_filler,0,1247.0
-371.8282402399031,382.0,0.0,duct_filler,0,1247.0
-364.90003700962757,382.0,0.0,duct_filler,0,1247.0
-357.9718337793521,382.0,0.0,duct_filler,0,1247.0
-226.3359724041175,382.0,0.0,duct_filler,0,1247.0
-219.40776917384198,382.0,0.0,duct_filler,0,1247.0
-212.4795659435664,382.0,0.0,duct_filler,0,1247.0
-205.55136271329087,382.0,0.0,duct_filler,0,1247.0
-198.6231594830154,382.0,0.0,duct_filler,0,1247.0
-191.69495625273993,382.0,0.0,duct_filler,0,1247.0
-184.76675302246434,382.0,0.0,duct_filler,0,1247.0
-177.83854979218881,382.0,0.0,duct_filler,0,1247.0
-170.9103465619133,382.0,0.0,duct_filler,0,1247.0
-163.98214333163776,382.0,0.0,duct_filler,0,1247.0
-157.05394010136217,382.0,0.0,duct_filler,0,1247.0
-150.1257368710867,382.0,0.0,duct_filler,0,1247.0
154.7152052610354,382.0,0.0,duct_filler,0,1247.0
161.64340849131088,382.0,0.0,duct_filler,0,1247.0
168.57161172158635,382.0,0.0,duct_filler,0,1247.0
175.49981495186182,382.0,0.0,duct_filler,0,1247.0
182.4280181821373,382.0,0.0,duct_filler,0,1247.0
189.35622141241265,382.0,0.0,duct_filler,0,1247.0
196.28442464268812,382.0,0.0,duct_filler,0,1247.0
244.78184725461665,382.0,0.0,duct_filler,0,1247.0
251.7100504848919,382.0,0.0,duct_filler,0,1247.0
258.6382537151676,382.0,0.0,duct_filler,0,1247.0
265.56645694544295,382.0,0.0,duct_filler,0,1247.0
272.49466017571854,382.0,0.0,duct_filler,0,1247.0
279.4228634059939,382.0,0.0,duct_filler,0,1247.0
286.35106663626937,382.0,0.0,duct_filler,0,1247.0
293.27926986654484,382.0,0.0,duct_filler,0,1247.0
300.2074730968204,382.0,0.0,duct_filler,0,1247.0
307.13567632709567,382.0,0.0,duct_filler,0,1247.0
314.06387955737125,382.0,0.0,duct_filler,0,1247.0
320.9920827876467,382.0,0.0,duct_filler,0,1247.0
417.9869280115033,382.0,0.0,duct_filler,0,1247.0
424.9151312417787,382.0,0.0,duct_filler,0,1247.0
431.8433344720544,382.0,0.0,duct_filler,0,1247.0
438.77153770232974,382.0,0.0,duct_filler,0,1247.0
445.6997409326052,382.0,0.0,duct_filler,0,1247.0
452.6279441628807,382.0,0.0,duct_filler,0,1247.0
459.55614739315604,382.0,0.0,duct_filler,0,1247.0
466.4843506234315,382.0,0.0,duct_filler,0,1247.0
473.412553853707,382.0,0.0,duct_filler,0,1247.0
480.3407570839827,382.0,0.0,duct_filler,0,1247.0
487.2689603142578,382.0,0.0,duct_filler,0,1247.0
494.1971635445336,382.0,0.0,duct_filler,0,1247.0
501.125366774809,382.0,0.0,duct_filler,0,1247.0
-500.0,376.0,0.0,duct_filler,0,1247.0
-493.0717967697245,376.0,0.0,duct_filler,0,1247.0
-486.143593539449,376.0,0.0,duct_filler,0,1247.0
-479.2153903091735,376.0,0.0,duct_filler,0,1247.0
-389.14874831559183,376.0,0.0,duct_filler,0,1247.0
-382.2205450853163,376.0,0.0,duct_filler,0,1247.0
-375.29234185504083,376.0,0.0,duct_filler,0,1247.0
-368.36413862476525,376.0,0.0,duct_filler,0,1247.0
-229.80007401925525,376.0,0.0,duct_filler,0,1247.0
-222.87187078897972,376.0,0.0,duct_filler,0,1247.0
-215.9436675587042,376.0,0.0,duct_filler,0,1247.0
-209.01546432842866,376.0,0.0,duct_filler,0,1247.0
-202.0872610981532,376.0,0.0,duct_filler,0,1247.0
-195.15905786787755,376.0,0.0,duct_filler,0,1247.0
-188.23085463760208,376.0,0.0,duct_filler,0,1247.0
-181.30265140732655,376.0,0.0,duct_filler,0,1247.0
-174.37444817705102,376.0,0.0,duct_filler,0,1247.0
-167.4462449467755,376.0,0.0,duct_filler,0,1247.0
-160.51804171649997,376.0,0.0,duct_filler,0,1247.0
-153.58983848622438,376.0,0.0,duct_filler,0,1247.0
-146.6616352559489,376.0,0.0,duct_filler,0,1247.0
75.04086811286754,376.0,0.0,duct_filler,0,1247.0
158.1793068761731,376.0,0.0,duct_filler,0,1247.0
165.10751010644856,376.0,0.0,duct_filler,0,1247.0
172.03571333672403,376.0,0.0,duct_filler,0,1247.0
178.9639165669995,376.0,0.0,duct_filler,0,1247.0
185.89211979727497,376.0,0.0,duct_filler,0,1247.0
192.82032302755056,376.0,0.0,duct_filler,0,1247.0
248.24594886975422,376.0,0.0,duct_filler,0,1247.0
255.1741521000298,376.0,0.0,duct_filler,0,1247.0
262.10235533030504,376.0,0.0,duct_filler,0,1247.0
269.03055856058074,376.0,0.0,duct_filler,0,1247.0
275.9587617908561,376.0,0.0,duct_filler,0,1247.0
282.8869650211316,376.0,0.0,duct_filler,0,1247.0
289.81516825140704,376.0,0.0,duct_filler,0,1247.0
296.7433714816825,376.0,0.0,duct_filler,0,1247.0
303.671574711958,376.0,0.0,duct_filler,0,1247.0
310.5997779422336,376.0,0.0,duct_filler,0,1247.0
317.5279811725088,376.0,0.0,duct_filler,0,1247.0
324.4561844027844,376.0,0.0,duct_filler,0,1247.0
421.451029626641,376.0,0.0,duct_filler,0,1247.0
428.3792328569165,376.0,0.0,duct_filler,0,1247.0
435.30743608719183,376.0,0.0,duct_filler,0,1247.0
442.2356393174673,376.0,0.0,duct_filler,0,1247.0
449.1638425477428,376.0,0.0,duct_filler,0,1247.0
456.09204577801836,376.0,0.0,duct_filler,0,1247.0
463.02024900829383,376.0,0.0,duct_filler,0,1247.0
469.9484522385692,376.0,0.0,duct_filler,0,1247.0
476.87665546884466,376.0,0.0,duct_filler,0,1247.0
483.80485869912013,376.0,0.0,duct_filler,0,1247.0
490.7330619293955,376.0,0.0,duct_filler,0,1247.0
497.6612651596713,376.0,0.0,duct_filler,0,1247.0
-496.53589838486226,370.0,0.0,duct_filler,0,1247.0
-489.60769515458674,370.0,0.0,duct_filler,0,1247.0
-385.6846467004541,370.0,0.0,duct_filler,0,1247.0
-378.75644347017857,370.0,0.0,duct_filler,0,1247.0
-371.8282402399031,370.0,0.0,duct_filler,0,1247.0
-226.3359724041175,370.0,0.0,duct_filler,0,1247.0
-219.40776917384198,370.0,0.0,duct_filler,0,1247.0
-212.4795659435664,370.0,0.0,duct_filler,0,1247.0
-205.55136271329087,370.0,0.0,duct_filler,0,1247.0
-198.6231594830154,370.0,0.0,duct_filler,0,1247.0
-191.69495625273993,370.0,0.0,duct_filler,0,1247.0
-184.76675302246434,370.0,0.0,duct_filler,0,1247.0
-177.83854979218881,370.0,0.0,duct_filler,0,1247.0
-170.9103465619133,370.0,0.0,duct_filler,0,1247.0
-163.98214333163776,370.0,0.0,duct_filler,0,1247.0
-157.05394010136217,370.0,0.0,duct_filler,0,1247.0
-150.1257368710867,370.0,0.0,duct_filler,0,1247.0
-143.19753364081112,370.0,0.0,duct_filler,0,1247.0
64.64856326745439,370.0,0.0,duct_filler,0,1247.0
71.57676649772975,370.0,0.0,duct_filler,0,1247.0
78.50496972800522,370.0,0.0,duct_filler,0,1247.0
85.4331729582807,370.0,0.0,duct_filler,0,1247.0
92.36137618855616,370.0,0.0,duct_filler,0,1247.0
154.7152052610354,370.0,0.0,duct_filler,0,1247.0
161.64340849131088,370.0,0.0,duct_filler,0,1247.0
168.57161172158635,370.0,0.0,duct_filler,0,1247.0
175.49981495186182,370.0,0.0,duct_filler,0,1247.0
182.4280181821373,370.0,0.0,duct_filler,0,1247.0
189.35622141241265,370.0,0.0,duct_filler,0,1247.0
251.7100504848919,370.0,0.0,duct_filler,0,1247.0
258.6382537151676,370.0,0.0,duct_filler,0,1247.0
265.56645694544295,370.0,0.0,duct_filler,0,1247.0
272.49466017571854,370.0,0.0,duct_filler,0,1247.0
279.4228634059939,370.0,0.0,duct_filler,0,1247.0
286.35106663626937,370.0,0.0,duct_filler,0,1247.0
293.27926986654484,370.0,0.0,duct_filler,0,1247.0
300.2074730968204,370.0,0.0,duct_filler,0,1247.0
307.13567632709567,370.0,0.0,duct_filler,0,1247.0
314.06387955737125,370.0,0.0,duct_filler,0,1247.0
320.9920827876467,370.0,0.0,duct_filler,0,1247.0
327.92028601792254,370.0,0.0,duct_filler,0,1247.0
424.9151312417787,370.0,0.0,duct_filler,0,1247.0
431.8433344720544,370.0,0.0,duct_filler,0,1247.0
438.77153770232974,370.0,0.0,duct_filler,0,1247.0
445.6997409326052,370.0,0.0,duct_filler,0,1247.0
452.6279441628807,370.0,0.0,duct_filler,0,1247.0
459.55614739315604,370.0,0.0,duct_filler,0,1247.0
466.4843506234315,370.0,0.0,duct_filler,0,1247.0
473.412553853707,370.0,0.0,duct_filler,0,1247.0
480.3407570839827,370.0,0.0,duct_filler,0,1247.0
487.2689603142578,370.0,0.0,duct_filler,0,1247.0
494.1971635445336,370.0,0.0,duct_filler,0,1247.0
501.125366774809,370.0,0.0,duct_filler,0,1247.0
-500.0,364.0,0.0,duct_filler,0,1247.0
-493.0717967697245,364.0,0.0,duct_filler,0,1247.0
-389.14874831559183,364.0,0.0,duct_filler,0,1247.0
-382.2205450853163,364.0,0.0,duct_filler,0,1247.0
-375.29234185504083,364.0,0.0,duct_filler,0,1247.0
-222.87187078897972,364.0,0.0,duct_filler,0,1247.0
-215.9436675587042,364.0,0.0,duct_filler,0,1247.0
-209.01546432842866,364.0,0.0,duct_filler,0,1247.0
-202.0872610981532,364.0,0.0,duct_filler,0,1247.0
-195.15905786787755,364.0,0.0,duct_filler,0,1247.0
-188.23085463760208,364.0,0.0,duct_filler,0,1247.0
-181.30265140732655,364.0,0.0,duct_filler,0,1247.0
-174.37444817705102,364.0,0.0,duct_filler,0,1247.0
-167.4462449467755,364.0,0.0,duct_filler,0,1247.0
-160.51804171649997,364.0,0.0,duct_filler,0,1247.0
-153.58983848622438,364.0,0.0,duct_filler,0,1247.0
-146.6616352559489,364.0,0.0,duct_filler,0,1247.0
-139.73343202567332,364.0,0.0,duct_filler,0,1247.0
54.2562584220409,364.0,0.0,duct_filler,0,1247.0
61.18446165231637,364.0,0.0,duct_filler,0,1247.0
68.11266488259196,364.0,0.0,duct_filler,0,1247.0
75.04086811286754,364.0,0.0,duct_filler,0,1247.0
81.9690713431429,364.0,0.0,duct_filler,0,1247.0
88.89727457341837,364.0,0.0,duct_filler,0,1247.0
95.82547780369384,364.0,0.0,duct_filler,0,1247.0
158.1793068761731,364.0,0.0,duct_filler,0,1247.0
165.10751010644856,364.0,0.0,duct_filler,0,1247.0
172.03571333672403,364.0,0.0,duct_filler,0,1247.0
178.9639165669995,364.0,0.0,duct_filler,0,1247.0
185.89211979727497,364.0,0.0,duct_filler,0,1247.0
192.82032302755056,364.0,0.0,duct_filler,0,1247.0
255.1741521000298,364.0,0.0,duct_filler,0,1247.0
262.10235533030504,364.0,0.0,duct_filler,0,1247.0
269.03055856058074,364.0,0.0,duct_filler,0,1247.0
275.9587617908561,364.0,0.0,duct_filler,0,1247.0
282.8869650211316,364.0,0.0,duct_filler,0,1247.0
289.81516825140704,364.0,0.0,duct_filler,0,1247.0
296.7433714816825,364.0,0.0,duct_filler,0,1247.0
303.671574711958,364.0,0.0,duct_filler,0,1247.0
310.5997779422336,364.0,0.0,duct_filler,0,1247.0
317.5279811725088,364.0,0.0,duct_filler,0,1247.0
324.4561844027844,364.0,0.0,duct_filler,0,1247.0
331.3843876330599,364.0,0.0,duct_filler,0,1247.0
428.3792328569165,364.0,0.0,duct_filler,0,1247.0
435.30743608719183,364.0,0.0,duct_filler,0,1247.0
442.2356393174673,364.0,0.0,duct_filler,0,1247.0
449.1638425477428,364.0,0.0,duct_filler,0,1247.0
456.09204577801836,364.0,0.0,duct_filler,0,1247.0
463.02024900829383,364.0,0.0,duct_filler,0,1247.0
469.9484522385692,364.0,0.0,duct_filler,0,1247.0
476.87665546884466,364.0,0.0,duct_filler,0,1247.0
483.80485869912013,364.0,0.0,duct_filler,0,1247.0
490.7330619293955,364.0,0.0,duct_filler,0,1247.0
497.6612651596713,364.0,0.0,duct_filler,0,1247.0
-496.53589838486226,358.0,0.0,duct_filler,0,1247.0
-392.6128499307296,358.0,0.0,duct_filler,0,1247.0
-385.6846467004541,358.0,0.0,duct_filler,0,1247.0
-309.47441116742357,358.0,0.0,duct_filler,0,1247.0
-219.40776917384198,358.0,0.0,duct_filler,0,1247.0
-212.4795659435664,358.0,0.0,duct_filler,0,1247.0
-205.55136271329087,358.0,0.0,duct_filler,0,1247.0
-198.6231594830154,358.0,0.0,duct_filler,0,1247.0
-191.69495625273993,358.0,0.0,duct_filler,0,1247.0
-184.76675302246434,358.0,0.0,duct_filler,0,1247.0
-177.83854979218881,358.0,0.0,duct_filler,0,1247.0
-170.9103465619133,358.0,0.0,duct_filler,0,1247.0
-163.98214333163776,358.0,0.0,duct_filler,0,1247.0
-157.05394010136217,358.0,0.0,duct_filler,0,1247.0
-150.1257368710867,358.0,0.0,duct_filler,0,1247.0
-143.19753364081112,358.0,0.0,duct_filler,0,1247.0
43.863953576627864,358.0,0.0,duct_filler,0,1247.0
50.792156806903336,358.0,0.0,duct_filler,0,1247.0
57.72036003717881,358.0,0.0,duct_filler,0,1247.0
64.64856326745439,358.0,0.0,duct_filler,0,1247.0
71.57676649772975,358.0,0.0,duct_filler,0,1247.0
78.50496972800522,358.0,0.0,duct_filler,0,1247.0
85.4331729582807,358.0,0.0,duct_filler,0,1247.0
92.36137618855616,358.0,0.0,duct_filler,0,1247.0
99.28957941883164,358.0,0.0,duct_filler,0,1247.0
106.21778264910711,358.0,0.0,duct_filler,0,1247.0
161.64340849131088,358.0,0.0,duct_filler,0,1247.0
168.57161172158635,358.0,0.0,duct_filler,0,1247.0
175.49981495186182,358.0,0.0,duct_filler,0,1247.0
182.4280181821373,358.0,0.0,duct_filler,0,1247.0
189.35622141241265,358.0,0.0,duct_filler,0,1247.0
196.28442464268812,358.0,0.0,duct_filler,0,1247.0
251.7100504848919,358.0,0.0,duct_filler,0,1247.0
258.6382537151676,358.0,0.0,duct_filler,0,1247.0
265.56645694544295,358.0,0.0,duct_filler,0,1247.0
272.49466017571854,358.0,0.0,duct_filler,0,1247.0
279.4228634059939,358.0,0.0,duct_filler,0,1247.0
286.35106663626937,358.0,0.0,duct_filler,0,1247.0
293.27926986654484,358.0,0.0,duct_filler,0,1247.0
300.2074730968204,358.0,0.0,duct_filler,0,1247.0
307.13567632709567,358.0,0.0,duct_filler,0,1247.0
314.06387955737125,358.0,0.0,duct_filler,0,1247.0
320.9920827876467,358.0,0.0,duct_filler,0,1247.0
327.92028601792254,358.0,0.0,duct_filler,0,1247.0
334.84848924819755,358.0,0.0,duct_filler,0,1247.0
431.8433344720544,358.0,0.0,duct_filler,0,1247.0
438.77153770232974,358.0,0.0,duct_filler,0,1247.0
445.6997409326052,358.0,0.0,duct_filler,0,1247.0
452.6279441628807,358.0,0.0,duct_filler,0,1247.0
459.55614739315604,358.0,0.0,duct_filler,0,1247.0
466.4843506234315,358.0,0.0,duct_filler,0,1247.0
473.412553853707,358.0,0.0,duct_filler,0,1247.0
480.3407570839827,358.0,0.0,duct_filler,0,1247.0
487.2689603142578,358.0,0.0,duct_filler,0,1247.0
494.1971635445336,358.0,0.0,duct_filler,0,1247.0
501.125366774809,358.0,0.0,duct_filler,0,1247.0
-500.0,352.0,0.0,duct_filler,0,1247.0
-312.9385127825613,352.0,0.0,duct_filler,0,1247.0
-306.01030955228583,352.0,0.0,duct_filler,0,1247.0
-215.9436675587042,352.0,0.0,duct_filler,0,1247.0
-209.01546432842866,352.0,0.0,duct_filler,0,1247.0
-202.0872610981532,352.0,0.0,duct_filler,0,1247.0
-195.15905786787755,352.0,0.0,duct_filler,0,1247.0
-188.23085463760208,352.0,0.0,duct_filler,0,1247.0
-181.30265140732655,352.0,0.0,duct_filler,0,1247.0
-174.37444817705102,352.0,0.0,duct_filler,0,1247.0
-167.4462449467755,352.0,0.0,duct_filler,0,1247.0
-160.51804171649997,352.0,0.0,duct_filler,0,1247.0
-153.58983848622438,352.0,0.0,duct_filler,0,1247.0
-146.6616352559489,352.0,0.0,duct_filler,0,1247.0
-139.73343202567332,352.0,0.0,duct_filler,0,1247.0
47.32805519176554,352.0,0.0,duct_filler,0,1247.0
54.2562584220409,352.0,0.0,duct_filler,0,1247.0
61.18446165231637,352.0,0.0,duct_filler,0,1247.0
68.11266488259196,352.0,0.0,duct_filler,0,1247.0
75.04086811286754,352.0,0.0,duct_filler,0,1247.0
81.9690713431429,352.0,0.0,duct_filler,0,1247.0
88.89727457341837,352.0,0.0,duct_filler,0,1247.0
95.82547780369384,352.0,0.0,duct_filler,0,1247.0
102.75368103396931,352.0,0.0,duct_filler,0,1247.0
158.1793068761731,352.0,0.0,duct_filler,0,1247.0
165.10751010644856,352.0,0.0,duct_filler,0,1247.0
172.03571333672403,352.0,0.0,duct_filler,0,1247.0
178.9639165669995,352.0,0.0,duct_filler,0,1247.0
185.89211979727497,352.0,0.0,duct_filler,0,1247.0
192.82032302755056,352.0,0.0,duct_filler,0,1247.0
199.7485262578258,352.0,0.0,duct_filler,0,1247.0
255.1741521000298,352.0,0.0,duct_filler,0,1247.0
262.10235533030504,352.0,0.0,duct_filler,0,1247.0
275.9587617908561,352.0,0.0,duct_filler,0,1247.0
282.8869650211316,352.0,0.0,duct_filler,0,1247.0
289.81516825140704,352.0,0.0,duct_filler,0,1247.0
296.7433714816825,352.0,0.0,duct_filler,0,1247.0
303.671574711958,352.0,0.0,duct_filler,0,1247.0
310.5997779422336,352.0,0.0,duct_filler,0,1247.0
317.5279811725088,352.0,0.0,duct_filler,0,1247.0
324.4561844027844,352.0,0.0,duct_filler,0,1247.0
331.3843876330599,352.0,0.0,duct_filler,0,1247.0
338.31259086333534,352.0,0.0,duct_filler,0,1247.0
435.30743608719183,352.0,0.0,duct_filler,0,1247.0
442.2356393174673,352.0,0.0,duct_filler,0,1247.0
449.1638425477428,352.0,0.0,duct_filler,0,1247.0
456.09204577801836,352.0,0.0,duct_filler,0,1247.0
463.02024900829383,352.0,0.0,duct_filler,0,1247.0
469.9484522385692,352.0,0.0,duct_filler,0,1247.0
476.87665546884466,352.0,0.0,duct_filler,0,1247.0
483.80485869912013,352.0,0.0,duct_filler,0,1247.0
490.7330619293955,352.0,0.0,duct_filler,0,1247.0
497.6612651596713,352.0,0.0,duct_filler,0,1247.0
-323.33081762797457,346.0,0.0,duct_filler,0,1247.0
-316.40261439769904,346.0,0.0,duct_filler,0,1247.0
-309.47441116742357,346.0,0.0,duct_filler,0,1247.0
-302.54620793714804,346.0,0.0,duct_filler,0,1247.0
-295.61800470687257,346.0,0.0,duct_filler,0,1247.0
-212.4795659435664,346.0,0.0,duct_filler,0,1247.0
-205.55136271329087,346.0,0.0,duct_filler,0,1247.0
-198.6231594830154,346.0,0.0,duct_filler,0,1247.0
-191.69495625273993,346.0,0.0,duct_filler,0,1247.0
-184.76675302246434,346.0,0.0,duct_filler,0,1247.0
-177.83854979218881,346.0,0.0,duct_filler,0,1247.0
-170.9103465619133,346.0,0.0,duct_filler,0,1247.0
-163.98214333163776,346.0,0.0,duct_filler,0,1247.0
-157.05394010136217,346.0,0.0,duct_filler,0,1247.0
-150.1257368710867,346.0,0.0,duct_filler,0,1247.0
-143.19753364081112,346.0,0.0,duct_filler,0,1247.0
-136.26933041053564,346.0,0.0,duct_filler,0,1247.0
50.792156806903336,346.0,0.0,duct_filler,0,1247.0
57.72036003717881,346.0,0.0,duct_filler,0,1247.0
64.64856326745439,346.0,0.0,duct_filler,0,1247.0
71.57676649772975,346.0,0.0,duct_filler,0,1247.0
78.50496972800522,346.0,0.0,duct_filler,0,1247.0
85.4331729582807,346.0,0.0,duct_filler,0,1247.0
92.36137618855616,346.0,0.0,duct_filler,0,1247.0
99.28957941883164,346.0,0.0,duct_filler,0,1247.0
161.64340849131088,346.0,0.0,duct_filler,0,1247.0
168.57161172158635,346.0,0.0,duct_filler,0,1247.0
175.49981495186182,346.0,0.0,duct_filler,0,1247.0
182.4280181821373,346.0,0.0,duct_filler,0,1247.0
189.35622141241265,346.0,0.0,duct_filler,0,1247.0
196.28442464268812,346.0,0.0,duct_filler,0,1247.0
258.6382537151676,346.0,0.0,duct_filler,0,1247.0
286.35106663626937,346.0,0.0,duct_filler,0,1247.0
293.27926986654484,346.0,0.0,duct_filler,0,1247.0
300.2074730968204,346.0,0.0,duct_filler,0,1247.0
307.13567632709567,346.0,0.0,duct_filler,0,1247.0
314.06387955737125,346.0,0.0,duct_filler,0,1247.0
320.9920827876467,346.0,0.0,duct_filler,0,1247.0
327.92028601792254,346.0,0.0,duct_filler,0,1247.0
334.84848924819755,346.0,0.0,duct_filler,0,1247.0
341.77669247847336,346.0,0.0,duct_filler,0,1247.0
445.6997409326052,346.0,0.0,duct_filler,0,1247.0
452.6279441628807,346.0,0.0,duct_filler,0,1247.0
459.55614739315604,346.0,0.0,duct_filler,0,1247.0
466.4843506234315,346.0,0.0,duct_filler,0,1247.0
473.412553853707,346.0,0.0,duct_filler,0,1247.0
480.3407570839827,346.0,0.0,duct_filler,0,1247.0
487.2689603142578,346.0,0.0,duct_filler,0,1247.0
494.1971635445336,346.0,0.0,duct_filler,0,1247.0
501.125366774809,346.0,0.0,duct_filler,0,1247.0
-326.7949192431123,340.0,0.0,duct_filler,0,1247.0
-319.86671601283683,340.0,0.0,duct_filler,0,1247.0
-312.9385127825613,340.0,0.0,duct_filler,0,1247.0
-306.01030955228583,340.0,0.0,duct_filler,0,1247.0
-299.0821063220103,340.0,0.0,duct_filler,0,1247.0
-292.15390309173483,340.0,0.0,duct_filler,0,1247.0
-209.01546432842866,340.0,0.0,duct_filler,0,1247.0
-202.0872610981532,340.0,0.0,duct_filler,0,1247.0
-195.15905786787755,340.0,0.0,duct_filler,0,1247.0
-188.23085463760208,340.0,0.0,duct_filler,0,1247.0
-181.30265140732655,340.0,0.0,duct_filler,0,1247.0
-174.37444817705102,340.0,0.0,duct_filler,0,1247.0
-167.4462449467755,340.0,0.0,duct_filler,0,1247.0
-160.51804171649997,340.0,0.0,duct_filler,0,1247.0
-153.58983848622438,340.0,0.0,duct_filler,0,1247.0
-146.6616352559489,340.0,0.0,duct_filler,0,1247.0
-139.73343202567332,340.0,0.0,duct_filler,0,1247.0
-132.8052287953978,340.0,0.0,duct_filler,0,1247.0
54.2562584220409,340.0,0.0,duct_filler,0,1247.0
61.18446165231637,340.0,0.0,duct_filler,0,1247.0
68.11266488259196,340.0,0.0,duct_filler,0,1247.0
75.04086811286754,340.0,0.0,duct_filler,0,1247.0
165.10751010644856,340.0,0.0,duct_filler,0,1247.0
172.03571333672403,340.0,0.0,duct_filler,0,1247.0
178.9639165669995,340.0,0.0,duct_filler,0,1247.0
185.89211979727497,340.0,0.0,duct_filler,0,1247.0
192.82032302755056,340.0,0.0,duct_filler,0,1247.0
289.81516825140704,340.0,0.0,duct_filler,0,1247.0
296.7433714816825,340.0,0.0,duct_filler,0,1247.0
303.671574711958,340.0,0.0,duct_filler,0,1247.0
310.5997779422336,340.0,0.0,duct_filler,0,1247.0
317.5279811725088,340.0,0.0,duct_filler,0,1247.0
324.4561844027844,340.0,0.0,duct_filler,0,1247.0
331.3843876330599,340.0,0.0,duct_filler,0,1247.0
338.31259086333534,340.0,0.0,duct_filler,0,1247.0
345.2407940936107,340.0,0.0,duct_filler,0,1247.0
456.09204577801836,340.0,0.0,duct_filler,0,1247.0
463.02024900829383,340.0,0.0,duct_filler,0,1247.0
469.9484522385692,340.0,0.0,duct_filler,0,1247.0
476.87665546884466,340.0,0.0,duct_filler,0,1247.0
483.80485869912013,340.0,0.0,duct_filler,0,1247.0
490.7330619293955,340.0,0.0,duct_filler,0,1247.0
497.6612651596713,340.0,0.0,duct_filler,0,1247.0
-330.2590208582501,334.0,0.0,duct_filler,0,1247.0
-323.33081762797457,334.0,0.0,duct_filler,0,1247.0
-316.40261439769904,334.0,0.0,duct_filler,0,1247.0
-309.47441116742357,334.0,0.0,duct_filler,0,1247.0
-302.54620793714804,334.0,0.0,duct_filler,0,1247.0
-295.61800470687257,334.0,0.0,duct_filler,0,1247.0
-205.55136271329087,334.0,0.0,duct_filler,0,1247.0
-198.6231594830154,334.0,0.0,duct_filler,0,1247.0
-191.69495625273993,334.0,0.0,duct_filler,0,1247.0
-184.76675302246434,334.0,0.0,duct_filler,0,1247.0
-177.83854979218881,334.0,0.0,duct_filler,0,1247.0
-170.9103465619133,334.0,0.0,duct_filler,0,1247.0
-163.98214333163776,334.0,0.0,duct_filler,0,1247.0
-157.05394010136217,334.0,0.0,duct_filler,0,1247.0
-150.1257368710867,334.0,0.0,duct_filler,0,1247.0
-143.19753364081112,334.0,0.0,duct_filler,0,1247.0
-136.26933041053564,334.0,0.0,duct_filler,0,1247.0
-129.34112718026006,334.0,0.0,duct_filler,0,1247.0
-122.41292394998464,334.0,0.0,duct_filler,0,1247.0
57.72036003717881,334.0,0.0,duct_filler,0,1247.0
64.64856326745439,334.0,0.0,duct_filler,0,1247.0
168.57161172158635,334.0,0.0,duct_filler,0,1247.0
175.49981495186182,334.0,0.0,duct_filler,0,1247.0
182.4280181821373,334.0,0.0,duct_filler,0,1247.0
189.35622141241265,334.0,0.0,duct_filler,0,1247.0
293.27926986654484,334.0,0.0,duct_filler,0,1247.0
300.2074730968204,334.0,0.0,duct_filler,0,1247.0
307.13567632709567,334.0,0.0,duct_filler,0,1247.0
314.06387955737125,334.0,0.0,duct_filler,0,1247.0
320.9920827876467,334.0,0.0,duct_filler,0,1247.0
327.92028601792254,334.0,0.0,duct_filler,0,1247.0
334.84848924819755,334.0,0.0,duct_filler,0,1247.0
341.77669247847336,334.0,0.0,duct_filler,0,1247.0
459.55614739315604,334.0,0.0,duct_filler,0,1247.0
466.4843506234315,334.0,0.0,duct_filler,0,1247.0
473.412553853707,334.0,0.0,duct_filler,0,1247.0
480.3407570839827,334.0,0.0,duct_filler,0,1247.0
487.2689603142578,334.0,0.0,duct_filler,0,1247.0
494.1971635445336,334.0,0.0,duct_filler,0,1247.0
501.125366774809,334.0,0.0,duct_filler,0,1247.0
-326.7949192431123,328.0,0.0,duct_filler,0,1247.0
-319.86671601283683,328.0,0.0,duct_filler,0,1247.0
-312.9385127825613,328.0,0.0,duct_filler,0,1247.0
-306.01030955228583,328.0,0.0,duct_filler,0,1247.0
-299.0821063220103,328.0,0.0,duct_filler,0,1247.0
-292.15390309173483,328.0,0.0,duct_filler,0,1247.0
-202.0872610981532,328.0,0.0,duct_filler,0,1247.0
-195.15905786787755,328.0,0.0,duct_filler,0,1247.0
-188.23085463760208,328.0,0.0,duct_filler,0,1247.0
-181.30265140732655,328.0,0.0,duct_filler,0,1247.0
-174.37444817705102,328.0,0.0,duct_filler,0,1247.0
-167.4462449467755,328.0,0.0,duct_filler,0,1247.0
-160.51804171649997,328.0,0.0,duct_filler,0,1247.0
-153.58983848622438,328.0,0.0,duct_filler,0,1247.0
-146.6616352559489,328.0,0.0,duct_filler,0,1247.0
-139.73343202567332,328.0,0.0,duct_filler,0,1247.0
-132.8052287953978,328.0,0.0,duct_filler,0,1247.0
-125.87702556512232,328.0,0.0,duct_filler,0,1247.0
-118.9488223348468,328.0,0.0,duct_filler,0,1247.0
289.81516825140704,328.0,0.0,duct_filler,0,1247.0
296.7433714816825,328.0,0.0,duct_filler,0,1247.0
303.671574711958,328.0,0.0,duct_filler,0,1247.0
310.5997779422336,328.0,0.0,duct_filler,0,1247.0
317.5279811725088,328.0,0.0,duct_filler,0,1247.0
324.4561844027844,328.0,0.0,duct_filler,0,1247.0
331.3843876330599,328.0,0.0,duct_filler,0,1247.0
338.31259086333534,328.0,0.0,duct_filler,0,1247.0
345.2407940936107,328.0,0.0,duct_filler,0,1247.0
463.02024900829383,328.0,0.0,duct_filler,0,1247.0
469.9484522385692,328.0,0.0,duct_filler,0,1247.0
476.87665546884466,328.0,0.0,duct_filler,0,1247.0
483.80485869912013,328.0,0.0,duct_filler,0,1247.0
490.7330619293955,328.0,0.0,duct_filler,0,1247.0
497.6612651596713,328.0,0.0,duct_filler,0,1247.0
-323.33081762797457,322.0,0.0,duct_filler,0,1247.0
-316.40261439769904,322.0,0.0,duct_filler,0,1247.0
-309.47441116742357,322.0,0.0,duct_filler,0,1247.0
-302.54620793714804,322.0,0.0,duct_filler,0,1247.0
-295.61800470687257,322.0,0.0,duct_filler,0,1247.0
-198.6231594830154,322.0,0.0,duct_filler,0,1247.0
-191.69495625273993,322.0,0.0,duct_filler,0,1247.0
-184.76675302246434,322.0,0.0,duct_filler,0,1247.0
-177.83854979218881,322.0,0.0,duct_filler,0,1247.0
-170.9103465619133,322.0,0.0,duct_filler,0,1247.0
-163.98214333163776,322.0,0.0,duct_filler,0,1247.0
-157.05394010136217,322.0,0.0,duct_filler,0,1247.0
-150.1257368710867,322.0,0.0,duct_filler,0,1247.0
-143.19753364081112,322.0,0.0,duct_filler,0,1247.0
-136.26933041053564,322.0,0.0,duct_filler,0,1247.0
-129.34112718026006,322.0,0.0,duct_filler,0,1247.0
-122.41292394998464,322.0,0.0,duct_filler,0,1247.0
293.27926986654484,322.0,0.0,duct_filler,0,1247.0
300.2074730968204,322.0,0.0,duct_filler,0,1247.0
307.13567632709567,322.0,0.0,duct_filler,0,1247.0
314.06387955737125,322.0,0.0,duct_filler,0,1247.0
320.9920827876467,322.0,0.0,duct_filler,0,1247.0
327.92028601792254,322.0,0.0,duct_filler,0,1247.0
334.84848924819755,322.0,0.0,duct_filler,0,1247.0
341.77669247847336,322.0,0.0,duct_filler,0,1247.0
348.70489570874884,322.0,0.0,duct_filler,0,1247.0
459.55614739315604,322.0,0.0,duct_filler,0,1247.0
466.4843506234315,322.0,0.0,duct_filler,0,1247.0
473.412553853707,322.0,0.0,duct_filler,0,1247.0
480.3407570839827,322.0,0.0,duct_filler,0,1247.0
487.2689603142578,322.0,0.0,duct_filler,0,1247.0
494.1971635445336,322.0,0.0,duct_filler,0,1247.0
501.125366774809,322.0,0.0,duct_filler,0,1247.0
-306.01030955228583,316.0,0.0,duct_filler,0,1247.0
-299.0821063220103,316.0,0.0,duct_filler,0,1247.0
-292.15390309173483,316.0,0.0,duct_filler,0,1247.0
-188.23085463760208,316.0,0.0,duct_filler,0,1247.0
-181.30265140732655,316.0,0.0,duct_filler,0,1247.0
-174.37444817705102,316.0,0.0,duct_filler,0,1247.0
-167.4462449467755,316.0,0.0,duct_filler,0,1247.0
-160.51804171649997,316.0,0.0,duct_filler,0,1247.0
-153.58983848622438,316.0,0.0,duct_filler,0,1247.0
-146.6616352559489,316.0,0.0,duct_filler,0,1247.0
-139.73343202567332,316.0,0.0,duct_filler,0,1247.0
-132.8052287953978,316.0,0.0,duct_filler,0,1247.0
-125.87702556512232,316.0,0.0,duct_filler,0,1247.0
-118.9488223348468,316.0,0.0,duct_filler,0,1247.0
296.7433714816825,316.0,0.0,duct_filler,0,1247.0
303.671574711958,316.0,0.0,duct_filler,0,1247.0
310.5997779422336,316.0,0.0,duct_filler,0,1247.0
317.5279811725088,316.0,0.0,duct_filler,0,1247.0
324.4561844027844,316.0,0.0,duct_filler,0,1247.0
331.3843876330599,316.0,0.0,duct_filler,0,1247.0
338.31259086333534,316.0,0.0,duct_filler,0,1247.0
345.2407940936107,316.0,0.0,duct_filler,0,1247.0
352.1689973238865,316.0,0.0,duct_filler,0,1247.0
463.02024900829383,316.0,0.0,duct_filler,0,1247.0
469.9484522385692,316.0,0.0,duct_filler,0,1247.0
476.87665546884466,316.0,0.0,duct_filler,0,1247.0
483.80485869912013,316.0,0.0,duct_filler,0,1247.0
490.7330619293955,316.0,0.0,duct_filler,0,1247.0
497.6612651596713,316.0,0.0,duct_filler,0,1247.0
-184.76675302246434,310.0,0.0,duct_filler,0,1247.0
-177.83854979218881,310.0,0.0,duct_filler,0,1247.0
-170.9103465619133,310.0,0.0,duct_filler,0,1247.0
-163.98214333163776,310.0,0.0,duct_filler,0,1247.0
-157.05394010136217,310.0,0.0,duct_filler,0,1247.0
-150.1257368710867,310.0,0.0,duct_filler,0,1247.0
-143.19753364081112,310.0,0.0,duct_filler,0,1247.0
-136.26933041053564,310.0,0.0,duct_filler,0,1247.0
-129.34112718026006,310.0,0.0,duct_filler,0,1247.0
-122.41292394998464,310.0,0.0,duct_filler,0,1247.0
-115.484720719709,310.0,0.0,duct_filler,0,1247.0
-108.55651748943353,310.0,0.0,duct_filler,0,1247.0
-101.62831425915806,310.0,0.0,duct_filler,0,1247.0
300.2074730968204,310.0,0.0,duct_filler,0,1247.0
307.13567632709567,310.0,0.0,duct_filler,0,1247.0
314.06387955737125,310.0,0.0,duct_filler,0,1247.0
320.9920827876467,310.0,0.0,duct_filler,0,1247.0
327.92028601792254,310.0,0.0,duct_filler,0,1247.0
334.84848924819755,310.0,0.0,duct_filler,0,1247.0
341.77669247847336,310.0,0.0,duct_filler,0,1247.0
348.70489570874884,310.0,0.0,duct_filler,0,1247.0
355.6330989390242,310.0,0.0,duct_filler,0,1247.0
459.55614739315604,310.0,0.0,duct_filler,0,1247.0
466.4843506234315,310.0,0.0,duct_filler,0,1247.0
473.412553853707,310.0,0.0,duct_filler,0,1247.0
480.3407570839827,310.0,0.0,duct_filler,0,1247.0
487.2689603142578,310.0,0.0,duct_filler,0,1247.0
494.1971635445336,310.0,0.0,duct_filler,0,1247.0
501.125366774809,310.0,0.0,duct_filler,0,1247.0
-174.37444817705102,304.0,0.0,duct_filler,0,1247.0
-167.4462449467755,304.0,0.0,duct_filler,0,1247.0
-160.51804171649997,304.0,0.0,duct_filler,0,1247.0
-153.58983848622438,304.0,0.0,duct_filler,0,1247.0
-146.6616352559489,304.0,0.0,duct_filler,0,1247.0
-139.73343202567332,304.0,0.0,duct_filler,0,1247.0
-132.8052287953978,304.0,0.0,duct_filler,0,1247.0
-125.87702556512232,304.0,0.0,duct_filler,0,1247.0
-118.9488223348468,304.0,0.0,duct_filler,0,1247.0
-112.02061910457127,304.0,0.0,duct_filler,0,1247.0
-105.09241587429574,304.0,0.0,duct_filler,0,1247.0
-98.1642126440201,304.0,0.0,duct_filler,0,1247.0
-91.23600941374474,304.0,0.0,duct_filler,0,1247.0
303.671574711958,304.0,0.0,duct_filler,0,1247.0
310.5997779422336,304.0,0.0,duct_filler,0,1247.0
317.5279811725088,304.0,0.0,duct_filler,0,1247.0
324.4561844027844,304.0,0.0,duct_filler,0,1247.0
331.3843876330599,304.0,0.0,duct_filler,0,1247.0
338.31259086333534,304.0,0.0,duct_filler,0,1247.0
345.2407940936107,304.0,0.0,duct_filler,0,1247.0
352.1689973238865,304.0,0.0,duct_filler,0,1247.0
456.09204577801836,304.0,0.0,duct_filler,0,1247.0
463.02024900829383,304.0,0.0,duct_filler,0,1247.0
469.9484522385692,304.0,0.0,duct_filler,0,1247.0
476.87665546884466,304.0,0.0,duct_filler,0,1247.0
483.80485869912013,304.0,0.0,duct_filler,0,1247.0
490.7330619293955,304.0,0.0,duct_filler,0,1247.0
497.6612651596713,304.0,0.0,duct_filler,0,1247.0
-170.9103465619133,298.0,0.0,duct_filler,0,1247.0
-163.98214333163776,298.0,0.0,duct_filler,0,1247.0
-157.05394010136217,298.0,0.0,duct_filler,0,1247.0
-150.1257368710867,298.0,0.0,duct_filler,0,1247.0
-143.19753364081112,298.0,0.0,duct_filler,0,1247.0
-136.26933041053564,298.0,0.0,duct_filler,0,1247.0
-129.34112718026006,298.0,0.0,duct_filler,0,1247.0
-122.41292394998464,298.0,0.0,duct_filler,0,1247.0
-115.484720719709,298.0,0.0,duct_filler,0,1247.0
-108.55651748943353,298.0,0.0,duct_filler,0,1247.0
-101.62831425915806,298.0,0.0,duct_filler,0,1247.0
-94.70011102888253,298.0,0.0,duct_filler,0,1247.0
-87.77190779860695,298.0,0.0,duct_filler,0,1247.0
314.06387955737125,298.0,0.0,duct_filler,0,1247.0
320.9920827876467,298.0,0.0,duct_filler,0,1247.0
327.92028601792254,298.0,0.0,duct_filler,0,1247.0
334.84848924819755,298.0,0.0,duct_filler,0,1247.0
452.6279441628807,298.0,0.0,duct_filler,0,1247.0
459.55614739315604,298.0,0.0,duct_filler,0,1247.0
466.4843506234315,298.0,0.0,duct_filler,0,1247.0
473.412553853707,298.0,0.0,duct_filler,0,1247.0
480.3407570839827,298.0,0.0,duct_filler,0,1247.0
487.2689603142578,298.0,0.0,duct_filler,0,1247.0
494.1971635445336,298.0,0.0,duct_filler,0,1247.0
501.125366774809,298.0,0.0,duct_filler,0,1247.0
-444.57437415779594,292.0,0.0,duct_filler,0,1247.0
-437.6461709275204,292.0,0.0,duct_filler,0,1247.0
-430.71796769724494,292.0,0.0,duct_filler,0,1247.0
-167.4462449467755,291.99999999999994,0.0,duct_filler,0,1247.0
-160.51804171649997,291.99999999999994,0.0,duct_filler,0,1247.0
-153.58983848622438,291.99999999999994,0.0,duct_filler,0,1247.0
-146.6616352559489,291.99999999999994,0.0,duct_filler,0,1247.0
-139.73343202567332,291.99999999999994,0.0,duct_filler,0,1247.0
-132.8052287953978,291.99999999999994,0.0,duct_filler,0,1247.0
-125.87702556512232,291.99999999999994,0.0,duct_filler,0,1247.0
-118.9488223348468,291.99999999999994,0.0,duct_filler,0,1247.0
-112.02061910457127,291.99999999999994,0.0,duct_filler,0,1247.0
-105.09241587429574,291.99999999999994,0.0,duct_filler,0,1247.0
-98.1642126440201,291.99999999999994,0.0,duct_filler,0,1247.0
-91.23600941374474,291.99999999999994,0.0,duct_filler,0,1247.0
-84.30780618346921,291.99999999999994,0.0,duct_filler,0,1247.0
449.1638425477428,292.0,0.0,duct_filler,0,1247.0
456.09204577801836,292.0,0.0,duct_filler,0,1247.0
463.02024900829383,292.0,0.0,duct_filler,0,1247.0
469.9484522385692,292.0,0.0,duct_filler,0,1247.0
476.87665546884466,292.0,0.0,duct_filler,0,1247.0
483.80485869912013,292.0,0.0,duct_filler,0,1247.0
490.7330619293955,292.0,0.0,duct_filler,0,1247.0
497.6612651596713,292.0,0.0,duct_filler,0,1247.0
-454.9666790032092,286.0,0.0,duct_filler,0,1247.0
-448.0384757729337,286.0,0.0,duct_filler,0,1247.0
-441.1102725426582,286.0,0.0,duct_filler,0,1247.0
-434.1820693123827,286.0,0.0,duct_filler,0,1247.0
-427.25386608210715,286.0,0.0,duct_filler,0,1247.0
-163.98214333163776,286.0,0.0,duct_filler,0,1247.0
-157.05394010136217,286.0,0.0,duct_filler,0,1247.0
-150.1257368710867,286.0,0.0,duct_filler,0,1247.0
-143.19753364081112,286.0,0.0,duct_filler,0,1247.0
-136.26933041053564,286.0,0.0,duct_filler,0,1247.0
-129.34112718026006,286.0,0.0,duct_filler,0,1247.0
-122.41292394998464,286.0,0.0,duct_filler,0,1247.0
-115.484720719709,286.0,0.0,duct_filler,0,1247.0
-108.55651748943353,286.0,0.0,duct_filler,0,1247.0
-101.62831425915806,286.0,0.0,duct_filler,0,1247.0
-94.70011102888253,286.0,0.0,duct_filler,0,1247.0
452.6279441628807,286.0,0.0,duct_filler,0,1247.0
459.55614739315604,286.0,0.0,duct_filler,0,1247.0
466.4843506234315,286.0,0.0,duct_filler,0,1247.0
473.412553853707,286.0,0.0,duct_filler,0,1247.0
480.3407570839827,286.0,0.0,duct_filler,0,1247.0
487.2689603142578,286.0,0.0,duct_filler,0,1247.0
494.1971635445336,286.0,0.0,duct_filler,0,1247.0
501.125366774809,286.0,0.0,duct_filler,0,1247.0
-465.3589838486225,280.0,0.0,duct_filler,0,1247.0
-458.43078061834694,280.0,0.0,duct_filler,0,1247.0
-451.5025773880715,280.0,0.0,duct_filler,0,1247.0
-444.57437415779594,280.0,0.0,duct_filler,0,1247.0
-437.6461709275204,280.0,0.0,duct_filler,0,1247.0
-430.71796769724494,280.0,0.0,duct_filler,0,1247.0
-423.7897644669694,280.0,0.0,duct_filler,0,1247.0
-416.8615612366939,280.0,0.0,duct_filler,0,1247.0
-167.4462449467755,280.0,0.0,duct_filler,0,1247.0
-160.51804171649997,280.0,0.0,duct_filler,0,1247.0
-153.58983848622438,280.0,0.0,duct_filler,0,1247.0
-146.6616352559489,280.0,0.0,duct_filler,0,1247.0
-139.73343202567332,280.0,0.0,duct_filler,0,1247.0
-132.8052287953978,280.0,0.0,duct_filler,0,1247.0
-125.87702556512232,280.0,0.0,duct_filler,0,1247.0
-118.9488223348468,280.0,0.0,duct_filler,0,1247.0
-112.02061910457127,280.0,0.0,duct_filler,0,1247.0
-105.09241587429574,280.0,0.0,duct_filler,0,1247.0
-98.1642126440201,280.0,0.0,duct_filler,0,1247.0
-91.23600941374474,280.0,0.0,duct_filler,0,1247.0
-77.37960295319363,280.0,0.0,duct_filler,0,1247.0
456.09204577801836,280.0,0.0,duct_filler,0,1247.0
463.02024900829383,280.0,0.0,duct_filler,0,1247.0
469.9484522385692,280.0,0.0,duct_filler,0,1247.0
476.87665546884466,280.0,0.0,duct_filler,0,1247.0
483.80485869912013,280.0,0.0,duct_filler,0,1247.0
490.7330619293955,280.0,0.0,duct_filler,0,1247.0
497.6612651596713,280.0,0.0,duct_filler,0,1247.0
-468.8230854637602,274.0,0.0,duct_filler,0,1247.0
-461.89488223348474,274.0,0.0,duct_filler,0,1247.0
-454.9666790032092,274.0,0.0,duct_filler,0,1247.0
-448.0384757729337,274.0,0.0,duct_filler,0,1247.0
-441.1102725426582,274.0,0.0,duct_filler,0,1247.0
-434.1820693123827,274.0,0.0,duct_filler,0,1247.0
-427.25386608210715,274.0,0.0,duct_filler,0,1247.0
-420.3256628518316,274.0,0.0,duct_filler,0,1247.0
-413.39745962155615,274.0,0.0,duct_filler,0,1247.0
-240.19237886466857,274.0,0.0,duct_filler,0,1247.0
-233.26417563439304,274.0,0.0,duct_filler,0,1247.0
-226.3359724041175,274.0,0.0,duct_filler,0,1247.0
-205.55136271329087,274.0,0.0,duct_filler,0,1247.0
-198.6231594830154,274.0,0.0,duct_filler,0,1247.0
-163.98214333163776,274.0,0.0,duct_filler,0,1247.0
-157.05394010136217,274.0,0.0,duct_filler,0,1247.0
-150.1257368710867,274.0,0.0,duct_filler,0,1247.0
-143.19753364081112,274.0,0.0,duct_filler,0,1247.0
-136.26933041053564,274.0,0.0,duct_filler,0,1247.0
-129.34112718026006,274.0,0.0,duct_filler,0,1247.0
-122.41292394998464,274.0,0.0,duct_filler,0,1247.0
-115.484720719709,274.0,0.0,duct_filler,0,1247.0
-108.55651748943353,274.0,0.0,duct_filler,0,1247.0
-101.62831425915806,274.0,0.0,duct_filler,0,1247.0
-94.70011102888253,274.0,0.0,duct_filler,0,1247.0
-87.77190779860695,274.0,0.0,duct_filler,0,1247.0
-80.84370456833142,274.0,0.0,duct_filler,0,1247.0
-73.91550133805589,274.0,0.0,duct_filler,0,1247.0
-66.9872981077803,274.0,0.0,duct_filler,0,1247.0
459.55614739315604,274.0,0.0,duct_filler,0,1247.0
466.4843506234315,274.0,0.0,duct_filler,0,1247.0
473.412553853707,274.0,0.0,duct_filler,0,1247.0
480.3407570839827,274.0,0.0,duct_filler,0,1247.0
487.2689603142578,274.0,0.0,duct_filler,0,1247.0
494.1971635445336,274.0,0.0,duct_filler,0,1247.0
501.125366774809,274.0,0.0,duct_filler,0,1247.0
-472.28718707889794,268.0,0.0,duct_filler,0,1247.0
-465.3589838486225,268.0,0.0,duct_filler,0,1247.0
-458.43078061834694,268.0,0.0,duct_filler,0,1247.0
-451.5025773880715,268.0,0.0,duct_filler,0,1247.0
-444.57437415779594,268.0,0.0,duct_filler,0,1247.0
-437.6461709275204,268.0,0.0,duct_filler,0,1247.0
-430.71796769724494,268.0,0.0,duct_filler,0,1247.0
-423.7897644669694,268.0,0.0,duct_filler,0,1247.0
-416.8615612366939,268.0,0.0,duct_filler,0,1247.0
-409.93335800641836,268.0,0.0,duct_filler,0,1247.0
-243.6564804798063,268.0,0.0,duct_filler,0,1247.0
-236.72827724953078,268.0,0.0,duct_filler,0,1247.0
-229.80007401925525,268.0,0.0,duct_filler,0,1247.0
-222.87187078897972,268.0,0.0,duct_filler,0,1247.0
-209.01546432842866,268.0,0.0,duct_filler,0,1247.0
-202.0872610981532,268.0,0.0,duct_filler,0,1247.0
-195.15905786787755,268.0,0.0,duct_filler,0,1247.0
-160.51804171649997,268.0,0.0,duct_filler,0,1247.0
-153.58983848622438,268.0,0.0,duct_filler,0,1247.0
-146.6616352559489,268.0,0.0,duct_filler,0,1247.0
-139.73343202567332,268.0,0.0,duct_filler,0,1247.0
-132.8052287953978,268.0,0.0,duct_filler,0,1247.0
-125.87702556512232,268.0,0.0,duct_filler,0,1247.0
-118.9488223348468,268.0,0.0,duct_filler,0,1247.0
-112.02061910457127,268.0,0.0,duct_filler,0,1247.0
-105.09241587429574,268.0,0.0,duct_filler,0,1247.0
-98.1642126440201,268.0,0.0,duct_filler,0,1247.0
-91.23600941374474,268.0,0.0,duct_filler,0,1247.0
-84.30780618346921,268.0,0.0,duct_filler,0,1247.0
-77.37960295319363,268.0,0.0,duct_filler,0,1247.0
-70.4513997229181,268.0,0.0,duct_filler,0,1247.0
-63.523196492642626,268.0,0.0,duct_filler,0,1247.0
463.02024900829383,268.00000000000006,0.0,duct_filler,0,1247.0
469.9484522385692,268.00000000000006,0.0,duct_filler,0,1247.0
476.87665546884466,268.00000000000006,0.0,duct_filler,0,1247.0
483.80485869912013,268.00000000000006,0.0,duct_filler,0,1247.0
490.7330619293955,268.00000000000006,0.0,duct_filler,0,1247.0
497.6612651596713,268.00000000000006,0.0,duct_filler,0,1247.0
-482.6794919243112,262.0,0.0,duct_filler,0,1247.0
-475.75128869403574,262.0,0.0,duct_filler,0,1247.0
-468.8230854637602,262.0,0.0,duct_filler,0,1247.0
-461.89488223348474,262.0,0.0,duct_filler,0,1247.0
-454.9666790032092,262.0,0.0,duct_filler,0,1247.0
-448.0384757729337,262.0,0.0,duct_filler,0,1247.0
-441.1102725426582,262.0,0.0,duct_filler,0,1247.0
-434.1820693123827,262.0,0.0,duct_filler,0,1247.0
-427.25386608210715,262.0,0.0,duct_filler,0,1247.0
-420.3256628518316,262.0,0.0,duct_filler,0,1247.0
-413.39745962155615,262.0,0.0,duct_filler,0,1247.0
-406.4692563912806,262.0,0.0,duct_filler,0,1247.0
-254.04878532521957,262.0,0.0,duct_filler,0,1247.0
-247.12058209494404,262.0,0.0,duct_filler,0,1247.0
-240.19237886466857,262.0,0.0,duct_filler,0,1247.0
-233.26417563439304,262.0,0.0,duct_filler,0,1247.0
-226.3359724041175,262.0,0.0,duct_filler,0,1247.0
-219.40776917384198,262.0,0.0,duct_filler,0,1247.0
-212.4795659435664,262.0,0.0,duct_filler,0,1247.0
-205.55136271329087,262.0,0.0,duct_filler,0,1247.0
-198.6231594830154,262.0,0.0,duct_filler,0,1247.0
-191.69495625273993,262.0,0.0,duct_filler,0,1247.0
-157.05394010136217,262.0,0.0,duct_filler,0,1247.0
-150.1257368710867,262.0,0.0,duct_filler,0,1247.0
-143.19753364081112,262.0,0.0,duct_filler,0,1247.0
-136.26933041053564,262.0,0.0,duct_filler,0,1247.0
-129.34112718026006,262.0,0.0,duct_filler,0,1247.0
-122.41292394998464,262.0,0.0,duct_filler,0,1247.0
-115.484720719709,262.0,0.0,duct_filler,0,1247.0
-108.55651748943353,262.0,0.0,duct_filler,0,1247.0
-101.62831425915806,262.0,0.0,duct_filler,0,1247.0
-94.70011102888253,262.0,0.0,duct_filler,0,1247.0
-87.77190779860695,262.0,0.0,duct_filler,0,1247.0
-80.84370456833142,262.0,0.0,duct_filler,0,1247.0
-73.91550133805589,262.0,0.0,duct_filler,0,1247.0
-66.9872981077803,262.0,0.0,duct_filler,0,1247.0
-60.059094877504776,262.0,0.0,duct_filler,0,1247.0
459.55614739315604,262.0,0.0,duct_filler,0,1247.0
466.4843506234315,262.0,0.0,duct_filler,0,1247.0
473.412553853707,262.0,0.0,duct_filler,0,1247.0
480.3407570839827,262.0,0.0,duct_filler,0,1247.0
487.2689603142578,262.0,0.0,duct_filler,0,1247.0
494.1971635445336,262.0,0.0,duct_filler,0,1247.0
501.125366774809,262.0,0.0,duct_filler,0,1247.0
-500.0,255.99999999999997,0.0,duct_filler,0,1247.0
-493.0717967697245,256.00000000000006,0.0,duct_filler,0,1247.0
-486.143593539449,256.0,0.0,duct_filler,0,1247.0
-479.2153903091735,256.0,0.0,duct_filler,0,1247.0
-472.28718707889794,256.0,0.0,duct_filler,0,1247.0
-465.3589838486225,256.0,0.0,duct_filler,0,1247.0
-458.43078061834694,256.0,0.0,duct_filler,0,1247.0
-451.5025773880715,256.0,0.0,duct_filler,0,1247.0
-444.57437415779594,256.0,0.0,duct_filler,0,1247.0
-437.6461709275204,256.0,0.0,duct_filler,0,1247.0
-430.71796769724494,255.99999999999997,0.0,duct_filler,0,1247.0
-423.7897644669694,255.99999999999997,0.0,duct_filler,0,1247.0
-416.8615612366939,255.99999999999997,0.0,duct_filler,0,1247.0
-409.93335800641836,255.99999999999997,0.0,duct_filler,0,1247.0
-250.58468371008178,256.0,0.0,duct_filler,0,1247.0
-243.6564804798063,255.99999999999997,0.0,duct_filler,0,1247.0
-236.72827724953078,256.0,0.0,duct_filler,0,1247.0
-229.80007401925525,256.0,0.0,duct_filler,0,1247.0
-222.87187078897972,256.0,0.0,duct_filler,0,1247.0
-215.9436675587042,256.0,0.0,duct_filler,0,1247.0
-209.01546432842866,256.0,0.0,duct_filler,0,1247.0
-202.0872610981532,256.0,0.0,duct_filler,0,1247.0
-195.15905786787755,256.0,0.0,duct_filler,0,1247.0
-153.58983848622438,256.0,0.0,duct_filler,0,1247.0
-146.6616352559489,256.0,0.0,duct_filler,0,1247.0
-139.73343202567332,256.0,0.0,duct_filler,0,1247.0
-132.8052287953978,256.0,0.0,duct_filler,0,1247.0
-125.87702556512232,256.0,0.0,duct_filler,0,1247.0
-118.9488223348468,256.0,0.0,duct_filler,0,1247.0
-112.02061910457127,256.0,0.0,duct_filler,0,1247.0
-105.09241587429574,256.0,0.0,duct_filler,0,1247.0
-98.1642126440201,256.0,0.0,duct_filler,0,1247.0
-91.23600941374474,256.0,0.0,duct_filler,0,1247.0
-84.30780618346921,256.0,0.0,duct_filler,0,1247.0
-77.37960295319363,256.0,0.0,duct_filler,0,1247.0
-70.4513997229181,256.0,0.0,duct_filler,0,1247.0
-63.523196492642626,256.0,0.0,duct_filler,0,1247.0
-56.5949932623671,256.0,0.0,duct_filler,0,1247.0
463.02024900829383,256.0,0.0,duct_filler,0,1247.0
469.9484522385692,256.0,0.0,duct_filler,0,1247.0
476.87665546884466,256.0,0.0,duct_filler,0,1247.0
483.80485869912013,256.0,0.0,duct_filler,0,1247.0
490.7330619293955,256.0,0.0,duct_filler,0,1247.0
497.6612651596713,256.0,0.0,duct_filler,0,1247.0
-496.53589838486226,250.0,0.0,duct_filler,0,1247.0
-489.60769515458674,250.0,0.0,duct_filler,0,1247.0
-482.6794919243112,250.00000000000006,0.0,duct_filler,0,1247.0
-475.75128869403574,250.0,0.0,duct_filler,0,1247.0
-468.8230854637602,250.0,0.0,duct_filler,0,1247.0
-461.89488223348474,250.00000000000006,0.0,duct_filler,0,1247.0
-454.9666790032092,250.0,0.0,duct_filler,0,1247.0
-448.0384757729337,250.00000000000006,0.0,duct_filler,0,1247.0
-441.1102725426582,250.0,0.0,duct_filler,0,1247.0
-434.1820693123827,250.0,0.0,duct_filler,0,1247.0
-427.25386608210715,250.0,0.0,duct_filler,0,1247.0
-420.3256628518316,250.0,0.0,duct_filler,0,1247.0
-413.39745962155615,250.0,0.0,duct_filler,0,1247.0
-247.12058209494404,249.99999999999997,0.0,duct_filler,0,1247.0
-240.19237886466857,250.00000000000003,0.0,duct_filler,0,1247.0
-226.3359724041175,250.00000000000003,0.0,duct_filler,0,1247.0
-219.40776917384198,250.00000000000003,0.0,duct_filler,0,1247.0
-212.4795659435664,250.00000000000003,0.0,duct_filler,0,1247.0
-205.55136271329087,250.00000000000003,0.0,duct_filler,0,1247.0
-198.6231594830154,250.00000000000003,0.0,duct_filler,0,1247.0
-150.1257368710867,250.00000000000003,0.0,duct_filler,0,1247.0
-143.19753364081112,250.00000000000003,0.0,duct_filler,0,1247.0
-136.26933041053564,250.00000000000003,0.0,duct_filler,0,1247.0
-129.34112718026006,250.00000000000003,0.0,duct_filler,0,1247.0
-122.41292394998464,250.00000000000003,0.0,duct_filler,0,1247.0
-115.484720719709,250.00000000000003,0.0,duct_filler,0,1247.0
-108.55651748943353,250.00000000000003,0.0,duct_filler,0,1247.0
-101.62831425915806,250.00000000000003,0.0,duct_filler,0,1247.0
-94.70011102888253,250.00000000000003,0.0,duct_filler,0,1247.0
-87.77190779860695,250.00000000000003,0.0,duct_filler,0,1247.0
-80.84370456833142,250.00000000000003,0.0,duct_filler,0,1247.0
-73.91550133805589,250.00000000000003,0.0,duct_filler,0,1247.0
-66.9872981077803,250.00000000000003,0.0,duct_filler,0,1247.0
-60.059094877504776,250.00000000000003,0.0,duct_filler,0,1247.0
-53.130891647229305,250.00000000000003,0.0,duct_filler,0,1247.0
459.55614739315604,250.00000000000003,0.0,duct_filler,0,1247.0
466.4843506234315,250.00000000000003,0.0,duct_filler,0,1247.0
473.412553853707,250.00000000000003,0.0,duct_filler,0,1247.0
480.3407570839827,250.00000000000003,0.0,duct_filler,0,1247.0
487.2689603142578,250.00000000000003,0.0,duct_filler,0,1247.0
494.1971635445336,250.00000000000003,0.0,duct_filler,0,1247.0
501.125366774809,250.00000000000003,0.0,duct_filler,0,1247.0
-500.0,243.99999999999994,0.0,duct_filler,0,1247.0
-493.0717967697245,244.00000000000006,0.0,duct_filler,0,1247.0
-486.143593539449,244.0,0.0,duct_filler,0,1247.0
-479.2153903091735,244.00000000000006,0.0,duct_filler,0,1247.0
-472.28718707889794,244.00000000000006,0.0,duct_filler,0,1247.0
-465.3589838486225,244.0,0.0,duct_filler,0,1247.0
-458.43078061834694,244.0,0.0,duct_filler,0,1247.0
-451.5025773880715,244.0,0.0,duct_filler,0,1247.0
-444.57437415779594,244.0,0.0,duct_filler,0,1247.0
-437.6461709275204,244.0,0.0,duct_filler,0,1247.0
-430.71796769724494,244.00000000000006,0.0,duct_filler,0,1247.0
-423.7897644669694,244.00000000000006,0.0,duct_filler,0,1247.0
-416.8615612366939,244.00000000000006,0.0,duct_filler,0,1247.0
-409.93335800641836,244.00000000000006,0.0,duct_filler,0,1247.0
-215.9436675587042,244.0,0.0,duct_filler,0,1247.0
-209.01546432842866,244.0,0.0,duct_filler,0,1247.0
-202.0872610981532,244.0,0.0,duct_filler,0,1247.0
-195.15905786787755,244.0,0.0,duct_filler,0,1247.0
-146.6616352559489,244.0,0.0,duct_filler,0,1247.0
-139.73343202567332,244.0,0.0,duct_filler,0,1247.0
-132.8052287953978,244.0,0.0,duct_filler,0,1247.0
-125.87702556512232,244.0,0.0,duct_filler,0,1247.0
-118.9488223348468,244.0,0.0,duct_filler,0,1247.0
-112.02061910457127,244.0,0.0,duct_filler,0,1247.0
-105.09241587429574,244.0,0.0,duct_filler,0,1247.0
-98.1642126440201,244.0,0.0,duct_filler,0,1247.0
-91.23600941374474,244.0,0.0,duct_filler,0,1247.0
-84.30780618346921,244.0,0.0,duct_filler,0,1247.0
-77.37960295319363,244.0,0.0,duct_filler,0,1247.0
-70.4513997229181,244.0,0.0,duct_filler,0,1247.0
-63.523196492642626,244.0,0.0,duct_filler,0,1247.0
-56.5949932623671,244.0,0.0,duct_filler,0,1247.0
-49.66679003209157,244.0,0.0,duct_filler,0,1247.0
456.09204577801836,244.0,0.0,duct_filler,0,1247.0
463.02024900829383,244.0,0.0,duct_filler,0,1247.0
469.9484522385692,244.0,0.0,duct_filler,0,1247.0
476.87665546884466,244.0,0.0,duct_filler,0,1247.0
483.80485869912013,244.0,0.0,duct_filler,0,1247.0
490.7330619293955,244.0,0.0,duct_filler,0,1247.0
497.6612651596713,244.0,0.0,duct_filler,0,1247.0
-496.53589838486226,238.00000000000006,0.0,duct_filler,0,1247.0
-489.60769515458674,238.0,0.0,duct_filler,0,1247.0
-482.6794919243112,238.0,0.0,duct_filler,0,1247.0
-475.75128869403574,238.0,0.0,duct_filler,0,1247.0
-468.8230854637602,238.0,0.0,duct_filler,0,1247.0
-461.89488223348474,238.00000000000006,0.0,duct_filler,0,1247.0
-454.9666790032092,238.0,0.0,duct_filler,0,1247.0
-448.0384757729337,238.00000000000006,0.0,duct_filler,0,1247.0
-441.1102725426582,238.0,0.0,duct_filler,0,1247.0
-434.1820693123827,238.00000000000006,0.0,duct_filler,0,1247.0
-427.25386608210715,238.0,0.0,duct_filler,0,1247.0
-420.3256628518316,238.0,0.0,duct_filler,0,1247.0
-413.39745962155615,238.0,0.0,duct_filler,0,1247.0
-233.26417563439304,238.0,0.0,duct_filler,0,1247.0
-226.3359724041175,238.0,0.0,duct_filler,0,1247.0
-219.40776917384198,238.0,0.0,duct_filler,0,1247.0
-212.4795659435664,238.0,0.0,duct_filler,0,1247.0
-205.55136271329087,238.0,0.0,duct_filler,0,1247.0
-198.6231594830154,238.0,0.0,duct_filler,0,1247.0
-143.19753364081112,238.0,0.0,duct_filler,0,1247.0
-136.26933041053564,238.0,0.0,duct_filler,0,1247.0
-129.34112718026006,238.0,0.0,duct_filler,0,1247.0
-122.41292394998464,238.0,0.0,duct_filler,0,1247.0
-115.484720719709,238.0,0.0,duct_filler,0,1247.0
-108.55651748943353,238.0,0.0,duct_filler,0,1247.0
-101.62831425915806,238.0,0.0,duct_filler,0,1247.0
-94.70011102888253,238.0,0.0,duct_filler,0,1247.0
-87.77190779860695,238.0,0.0,duct_filler,0,1247.0
-80.84370456833142,238.0,0.0,duct_filler,0,1247.0
-73.91550133805589,238.0,0.0,duct_filler,0,1247.0
-66.9872981077803,238.0,0.0,duct_filler,0,1247.0
-60.059094877504776,238.0,0.0,duct_filler,0,1247.0
-53.130891647229305,238.0,0.0,duct_filler,0,1247.0
-46.20268841695378,238.0,0.0,duct_filler,0,1247.0
459.55614739315604,238.0,0.0,duct_filler,0,1247.0
466.4843506234315,238.0,0.0,duct_filler,0,1247.0
473.412553853707,238.0,0.0,duct_filler,0,1247.0
480.3407570839827,238.0,0.0,duct_filler,0,1247.0
487.2689603142578,238.0,0.0,duct_filler,0,1247.0
494.1971635445336,238.0,0.0,duct_filler,0,1247.0
501.125366774809,238.0,0.0,duct_filler,0,1247.0
-500.0,232.0,0.0,duct_filler,0,1247.0
-493.0717967697245,232.00000000000006,0.0,duct_filler,0,1247.0
-486.143593539449,232.00000000000006,0.0,duct_filler,0,1247.0
-479.2153903091735,232.00000000000006,0.0,duct_filler,0,1247.0
-472.28718707889794,232.00000000000006,0.0,duct_filler,0,1247.0
-465.3589838486225,232.0,0.0,duct_filler,0,1247.0
-458.43078061834694,231.99999999999994,0.0,duct_filler,0,1247.0
-451.5025773880715,232.0,0.0,duct_filler,0,1247.0
-444.57437415779594,231.99999999999994,0.0,duct_filler,0,1247.0
-437.6461709275204,232.0,0.0,duct_filler,0,1247.0
-430.71796769724494,231.99999999999994,0.0,duct_filler,0,1247.0
-423.7897644669694,231.99999999999994,0.0,duct_filler,0,1247.0
-416.8615612366939,231.99999999999994,0.0,duct_filler,0,1247.0
-409.93335800641836,231.99999999999994,0.0,duct_filler,0,1247.0
-243.6564804798063,231.99999999999994,0.0,duct_filler,0,1247.0
-236.72827724953078,232.0,0.0,duct_filler,0,1247.0
-229.80007401925525,232.0,0.0,duct_filler,0,1247.0
-222.87187078897972,232.0,0.0,duct_filler,0,1247.0
-215.9436675587042,232.0,0.0,duct_filler,0,1247.0
-209.01546432842866,232.0,0.0,duct_filler,0,1247.0
-202.0872610981532,232.0,0.0,duct_filler,0,1247.0
-195.15905786787755,232.0,0.0,duct_filler,0,1247.0
-132.8052287953978,232.0,0.0,duct_filler,0,1247.0
-125.87702556512232,232.0,0.0,duct_filler,0,1247.0
-118.9488223348468,232.0,0.0,duct_filler,0,1247.0
-112.02061910457127,232.0,0.0,duct_filler,0,1247.0
-105.09241587429574,232.0,0.0,duct_filler,0,1247.0
-98.1642126440201,232.0,0.0,duct_filler,0,1247.0
-91.23600941374474,232.0,0.0,duct_filler,0,1247.0
-84.30780618346921,232.0,0.0,duct_filler,0,1247.0
-77.37960295319363,232.0,0.0,duct_filler,0,1247.0
-70.4513997229181,232.0,0.0,duct_filler,0,1247.0
-63.523196492642626,232.0,0.0,duct_filler,0,1247.0
-56.5949932623671,232.0,0.0,duct_filler,0,1247.0
-49.66679003209157,232.0,0.0,duct_filler,0,1247.0
456.09204577801836,232.0,0.0,duct_filler,0,1247.0
463.02024900829383,232.0,0.0,duct_filler,0,1247.0
469.9484522385692,232.0,0.0,duct_filler,0,1247.0
476.87665546884466,232.0,0.0,duct_filler,0,1247.0
483.80485869912013,232.0,0.0,duct_filler,0,1247.0
490.7330619293955,232.0,0.0,duct_filler,0,1247.0
497.6612651596713,232.0,0.0,duct_filler,0,1247.0
-496.53589838486226,226.0,0.0,duct_filler,0,1247.0
-489.60769515458674,226.0,0.0,duct_filler,0,1247.0
-482.6794919243112,225.99999999999994,0.0,duct_filler,0,1247.0
-475.75128869403574,226.00000000000006,0.0,duct_filler,0,1247.0
-468.8230854637602,226.0,0.0,duct_filler,0,1247.0
-461.89488223348474,226.0,0.0,duct_filler,0,1247.0
-454.9666790032092,226.0,0.0,duct_filler,0,1247.0
-448.0384757729337,226.0,0.0,duct_filler,0,1247.0
-441.1102725426582,226.0,0.0,duct_filler,0,1247.0
-434.1820693123827,226.0,0.0,duct_filler,0,1247.0
-427.25386608210715,226.0,0.0,duct_filler,0,1247.0
-420.3256628518316,226.0,0.0,duct_filler,0,1247.0
-413.39745962155615,226.0,0.0,duct_filler,0,1247.0
-240.19237886466857,226.00000000000006,0.0,duct_filler,0,1247.0
-233.26417563439304,226.00000000000006,0.0,duct_filler,0,1247.0
-226.3359724041175,226.00000000000006,0.0,duct_filler,0,1247.0
-219.40776917384198,226.00000000000006,0.0,duct_filler,0,1247.0
-212.4795659435664,226.00000000000006,0.0,duct_filler,0,1247.0
-205.55136271329087,226.00000000000006,0.0,duct_filler,0,1247.0
-198.6231594830154,226.00000000000006,0.0,duct_filler,0,1247.0
-184.76675302246434,226.00000000000006,0.0,duct_filler,0,1247.0
-177.83854979218881,226.00000000000006,0.0,duct_filler,0,1247.0
-129.34112718026006,226.00000000000006,0.0,duct_filler,0,1247.0
-122.41292394998464,226.00000000000006,0.0,duct_filler,0,1247.0
-115.484720719709,226.00000000000006,0.0,duct_filler,0,1247.0
-108.55651748943353,226.00000000000006,0.0,duct_filler,0,1247.0
-101.62831425915806,226.00000000000006,0.0,duct_filler,0,1247.0
-94.70011102888253,226.00000000000006,0.0,duct_filler,0,1247.0
-87.77190779860695,226.00000000000006,0.0,duct_filler,0,1247.0
-80.84370456833142,226.00000000000006,0.0,duct_filler,0,1247.0
-73.91550133805589,226.00000000000006,0.0,duct_filler,0,1247.0
-66.9872981077803,226.00000000000006,0.0,duct_filler,0,1247.0
-60.059094877504776,226.00000000000006,0.0,duct_filler,0,1247.0
459.55614739315604,226.0,0.0,duct_filler,0,1247.0
466.4843506234315,226.0,0.0,duct_filler,0,1247.0
473.412553853707,226.0,0.0,duct_filler,0,1247.0
480.3407570839827,226.0,0.0,duct_filler,0,1247.0
487.2689603142578,226.0,0.0,duct_filler,0,1247.0
494.1971635445336,226.0,0.0,duct_filler,0,1247.0
501.125366774809,226.0,0.0,duct_filler,0,1247.0
-500.0,219.99999999999994,0.0,duct_filler,0,1247.0
-493.0717967697245,220.0,0.0,duct_filler,0,1247.0
-486.143593539449,220.0,0.0,duct_filler,0,1247.0
-479.2153903091735,219.99999999999994,0.0,duct_filler,0,1247.0
-472.28718707889794,219.99999999999994,0.0,duct_filler,0,1247.0
-465.3589838486225,220.00000000000006,0.0,duct_filler,0,1247.0
-458.43078061834694,220.0,0.0,duct_filler,0,1247.0
-451.5025773880715,220.0,0.0,duct_filler,0,1247.0
-444.57437415779594,220.0,0.0,duct_filler,0,1247.0
-437.6461709275204,220.00000000000006,0.0,duct_filler,0,1247.0
-430.71796769724494,219.99999999999994,0.0,duct_filler,0,1247.0
-423.7897644669694,219.99999999999994,0.0,duct_filler,0,1247.0
-416.8615612366939,219.99999999999994,0.0,duct_filler,0,1247.0
-236.72827724953078,220.00000000000006,0.0,duct_filler,0,1247.0
-229.80007401925525,220.00000000000006,0.0,duct_filler,0,1247.0
-222.87187078897972,220.00000000000006,0.0,duct_filler,0,1247.0
-215.9436675587042,220.00000000000006,0.0,duct_filler,0,1247.0
-209.01546432842866,220.00000000000006,0.0,duct_filler,0,1247.0
-202.0872610981532,220.00000000000006,0.0,duct_filler,0,1247.0
-195.15905786787755,220.00000000000006,0.0,duct_filler,0,1247.0
-188.23085463760208,220.00000000000006,0.0,duct_filler,0,1247.0
-181.30265140732655,220.00000000000006,0.0,duct_filler,0,1247.0
-174.37444817705102,220.00000000000006,0.0,duct_filler,0,1247.0
-167.4462449467755,220.00000000000006,0.0,duct_filler,0,1247.0
-160.51804171649997,220.00000000000006,0.0,duct_filler,0,1247.0
-153.58983848622438,220.00000000000006,0.0,duct_filler,0,1247.0
-125.87702556512232,220.00000000000006,0.0,duct_filler,0,1247.0
-118.9488223348468,220.00000000000006,0.0,duct_filler,0,1247.0
-112.02061910457127,220.00000000000006,0.0,duct_filler,0,1247.0
-105.09241587429574,220.00000000000006,0.0,duct_filler,0,1247.0
-98.1642126440201,220.00000000000006,0.0,duct_filler,0,1247.0
-91.23600941374474,220.00000000000006,0.0,duct_filler,0,1247.0
-84.30780618346921,220.00000000000006,0.0,duct_filler,0,1247.0
-77.37960295319363,220.00000000000006,0.0,duct_filler,0,1247.0
-70.4513997229181,220.00000000000006,0.0,duct_filler,0,1247.0
359.097200554162,219.99999999999994,0.0,duct_filler,0,1247.0
366.02540378443734,219.99999999999994,0.0,duct_filler,0,1247.0
372.9536070147128,219.99999999999994,0.0,duct_filler,0,1247.0
379.8818102449883,219.99999999999994,0.0,duct_filler,0,1247.0
463.02024900829383,219.99999999999994,0.0,duct_filler,0,1247.0
469.9484522385692,219.99999999999994,0.0,duct_filler,0,1247.0
476.87665546884466,219.99999999999994,0.0,duct_filler,0,1247.0
483.80485869912013,219.99999999999994,0.0,duct_filler,0,1247.0
490.7330619293955,219.99999999999994,0.0,duct_filler,0,1247.0
497.6612651596713,219.99999999999994,0.0,duct_filler,0,1247.0
-496.53589838486226,214.0,0.0,duct_filler,0,1247.0
-489.60769515458674,214.0,0.0,duct_filler,0,1247.0
-482.6794919243112,214.0,0.0,duct_filler,0,1247.0
-475.75128869403574,214.0,0.0,duct_filler,0,1247.0
-468.8230854637602,213.99999999999994,0.0,duct_filler,0,1247.0
-461.89488223348474,213.99999999999994,0.0,duct_filler,0,1247.0
-454.9666790032092,213.99999999999994,0.0,duct_filler,0,1247.0
-448.0384757729337,213.99999999999994,0.0,duct_filler,0,1247.0
-441.1102725426582,213.99999999999994,0.0,duct_filler,0,1247.0
-434.1820693123827,214.0,0.0,duct_filler,0,1247.0
-427.25386608210715,214.0,0.0,duct_filler,0,1247.0
-420.3256628518316,214.0,0.0,duct_filler,0,1247.0
-413.39745962155615,214.0,0.0,duct_filler,0,1247.0
-240.19237886466857,214.0,0.0,duct_filler,0,1247.0
-233.26417563439304,214.0,0.0,duct_filler,0,1247.0
-226.3359724041175,214.0,0.0,duct_filler,0,1247.0
-219.40776917384198,214.0,0.0,duct_filler,0,1247.0
-212.4795659435664,214.0,0.0,duct_filler,0,1247.0
-205.55136271329087,214.0,0.0,duct_filler,0,1247.0
-198.6231594830154,214.0,0.0,duct_filler,0,1247.0
-191.69495625273993,214.0,0.0,duct_filler,0,1247.0
-184.76675302246434,214.0,0.0,duct_filler,0,1247.0
-177.83854979218881,214.0,0.0,duct_filler,0,1247.0
-170.9103465619133,214.0,0.0,duct_filler,0,1247.0
-163.98214333163776,214.0,0.0,duct_filler,0,1247.0
-157.05394010136217,214.0,0.0,duct_filler,0,1247.0
-150.1257368710867,214.0,0.0,duct_filler,0,1247.0
-122.41292394998464,214.0,0.0,duct_filler,0,1247.0
-115.484720719709,214.0,0.0,duct_filler,0,1247.0
-108.55651748943353,214.0,0.0,duct_filler,0,1247.0
-101.62831425915806,214.0,0.0,duct_filler,0,1247.0
-94.70011102888253,214.0,0.0,duct_filler,0,1247.0
-87.77190779860695,214.0,0.0,duct_filler,0,1247.0
-80.84370456833142,214.0,0.0,duct_filler,0,1247.0
-73.91550133805589,214.0,0.0,duct_filler,0,1247.0
341.77669247847336,214.0,0.0,duct_filler,0,1247.0
348.70489570874884,214.0,0.0,duct_filler,0,1247.0
355.6330989390242,214.0,0.0,duct_filler,0,1247.0
362.56130216929967,214.0,0.0,duct_filler,0,1247.0
369.48950539957514,214.0,0.0,duct_filler,0,1247.0
376.4177086298505,214.0,0.0,duct_filler,0,1247.0
383.34591186012597,214.0,0.0,duct_filler,0,1247.0
466.4843506234315,214.0,0.0,duct_filler,0,1247.0
473.412553853707,214.0,0.0,duct_filler,0,1247.0
480.3407570839827,214.0,0.0,duct_filler,0,1247.0
487.2689603142578,214.0,0.0,duct_filler,0,1247.0
494.1971635445336,214.0,0.0,duct_filler,0,1247.0
501.125366774809,214.0,0.0,duct_filler,0,1247.0
-500.0,208.0,0.0,duct_filler,0,1247.0
-493.0717967697245,208.00000000000006,0.0,duct_filler,0,1247.0
-486.143593539449,208.0,0.0,duct_filler,0,1247.0
-479.2153903091735,208.0,0.0,duct_filler,0,1247.0
-472.28718707889794,208.0,0.0,duct_filler,0,1247.0
-465.3589838486225,208.00000000000006,0.0,duct_filler,0,1247.0
-458.43078061834694,208.0,0.0,duct_filler,0,1247.0
-451.5025773880715,207.99999999999994,0.0,duct_filler,0,1247.0
-444.57437415779594,208.0,0.0,duct_filler,0,1247.0
-437.6461709275204,208.00000000000006,0.0,duct_filler,0,1247.0
-430.71796769724494,208.0,0.0,duct_filler,0,1247.0
-423.7897644669694,208.0,0.0,duct_filler,0,1247.0
-416.8615612366939,208.0,0.0,duct_filler,0,1247.0
-236.72827724953078,208.0,0.0,duct_filler,0,1247.0
-229.80007401925525,208.0,0.0,duct_filler,0,1247.0
-222.87187078897972,208.0,0.0,duct_filler,0,1247.0
-215.9436675587042,208.0,0.0,duct_filler,0,1247.0
-209.01546432842866,208.0,0.0,duct_filler,0,1247.0
-202.0872610981532,208.0,0.0,duct_filler,0,1247.0
-195.15905786787755,208.0,0.0,duct_filler,0,1247.0
-188.23085463760208,208.0,0.0,duct_filler,0,1247.0
-181.30265140732655,208.0,0.0,duct_filler,0,1247.0
-174.37444817705102,208.0,0.0,duct_filler,0,1247.0
-167.4462449467755,208.0,0.0,duct_filler,0,1247.0
-160.51804171649997,208.0,0.0,duct_filler,0,1247.0
-153.58983848622438,208.0,0.0,duct_filler,0,1247.0
-146.6616352559489,208.0,0.0,duct_filler,0,1247.0
-112.02061910457127,208.0,0.0,duct_filler,0,1247.0
-105.09241587429574,208.0,0.0,duct_filler,0,1247.0
-98.1642126440201,208.0,0.0,duct_filler,0,1247.0
-91.23600941374474,208.0,0.0,duct_filler,0,1247.0
-84.30780618346921,208.0,0.0,duct_filler,0,1247.0
-77.37960295319363,208.0,0.0,duct_filler,0,1247.0
338.31259086333534,208.0,0.0,duct_filler,0,1247.0
345.2407940936107,208.0,0.0,duct_filler,0,1247.0
352.1689973238865,208.0,0.0,duct_filler,0,1247.0
359.097200554162,208.0,0.0,duct_filler,0,1247.0
366.02540378443734,208.0,0.0,duct_filler,0,1247.0
372.9536070147128,208.0,0.0,duct_filler,0,1247.0
379.8818102449883,208.0,0.0,duct_filler,0,1247.0
386.81001347526364,208.0,0.0,duct_filler,0,1247.0
393.7382167055391,208.0,0.0,duct_filler,0,1247.0
400.6664199358146,208.0,0.0,duct_filler,0,1247.0
469.9484522385692,208.0,0.0,duct_filler,0,1247.0
476.87665546884466,208.0,0.0,duct_filler,0,1247.0
483.80485869912013,208.0,0.0,duct_filler,0,1247.0
490.7330619293955,208.0,0.0,duct_filler,0,1247.0
497.6612651596713,208.0,0.0,duct_filler,0,1247.0
-496.53589838486226,202.0,0.0,duct_filler,0,1247.0
-489.60769515458674,202.0,0.0,duct_filler,0,1247.0
-482.6794919243112,202.00000000000006,0.0,duct_filler,0,1247.0
-475.75128869403574,202.0,0.0,duct_filler,0,1247.0
-468.8230854637602,202.0,0.0,duct_filler,0,1247.0
-461.89488223348474,202.0,0.0,duct_filler,0,1247.0
-454.9666790032092,202.0,0.0,duct_filler,0,1247.0
-448.0384757729337,202.0,0.0,duct_filler,0,1247.0
-441.1102725426582,202.0,0.0,duct_filler,0,1247.0
-434.1820693123827,202.00000000000006,0.0,duct_filler,0,1247.0
-427.25386608210715,202.00000000000006,0.0,duct_filler,0,1247.0
-420.3256628518316,202.00000000000006,0.0,duct_filler,0,1247.0
-413.39745962155615,202.00000000000006,0.0,duct_filler,0,1247.0
-240.19237886466857,201.99999999999994,0.0,duct_filler,0,1247.0
-233.26417563439304,201.99999999999994,0.0,duct_filler,0,1247.0
-226.3359724041175,201.99999999999994,0.0,duct_filler,0,1247.0
-219.40776917384198,201.99999999999994,0.0,duct_filler,0,1247.0
-212.4795659435664,201.99999999999994,0.0,duct_filler,0,1247.0
-205.55136271329087,201.99999999999994,0.0,duct_filler,0,1247.0
-198.6231594830154,201.99999999999994,0.0,duct_filler,0,1247.0
-191.69495625273993,201.99999999999994,0.0,duct_filler,0,1247.0
-184.76675302246434,201.99999999999994,0.0,duct_filler,0,1247.0
-177.83854979218881,201.99999999999994,0.0,duct_filler,0,1247.0
-170.9103465619133,201.99999999999994,0.0,duct_filler,0,1247.0
-163.98214333163776,201.99999999999994,0.0,duct_filler,0,1247.0
-157.05394010136217,201.99999999999994,0.0,duct_filler,0,1247.0
-150.1257368710867,201.99999999999994,0.0,duct_filler,0,1247.0
-101.62831425915806,201.99999999999994,0.0,duct_filler,0,1247.0
-94.70011102888253,201.99999999999994,0.0,duct_filler,0,1247.0
-87.77190779860695,201.99999999999994,0.0,duct_filler,0,1247.0
-80.84370456833142,201.99999999999994,0.0,duct_filler,0,1247.0
-73.91550133805589,201.99999999999994,0.0,duct_filler,0,1247.0
327.92028601792254,202.0,0.0,duct_filler,0,1247.0
334.84848924819755,202.0,0.0,duct_filler,0,1247.0
341.77669247847336,202.0,0.0,duct_filler,0,1247.0
348.70489570874884,202.0,0.0,duct_filler,0,1247.0
355.6330989390242,202.0,0.0,duct_filler,0,1247.0
362.56130216929967,202.0,0.0,duct_filler,0,1247.0
369.48950539957514,202.0,0.0,duct_filler,0,1247.0
376.4177086298505,202.0,0.0,duct_filler,0,1247.0
383.34591186012597,202.0,0.0,duct_filler,0,1247.0
390.27411509040144,202.0,0.0,duct_filler,0,1247.0
397.2023183206768,202.0,0.0,duct_filler,0,1247.0
404.1305215509524,202.0,0.0,duct_filler,0,1247.0
411.05872478122785,202.0,0.0,duct_filler,0,1247.0
417.9869280115033,202.0,0.0,duct_filler,0,1247.0
473.412553853707,202.0,0.0,duct_filler,0,1247.0
480.3407570839827,202.0,0.0,duct_filler,0,1247.0
487.2689603142578,202.0,0.0,duct_filler,0,1247.0
494.1971635445336,202.0,0.0,duct_filler,0,1247.0
501.125366774809,202.0,0.0,duct_filler,0,1247.0
-500.0,195.99999999999994,0.0,duct_filler,0,1247.0
-493.0717967697245,196.0,0.0,duct_filler,0,1247.0
-486.143593539449,196.0,0.0,duct_filler,0,1247.0
-479.2153903091735,196.0,0.0,duct_filler,0,1247.0
-472.28718707889794,196.0,0.0,duct_filler,0,1247.0
-465.3589838486225,196.0,0.0,duct_filler,0,1247.0
-458.43078061834694,196.0,0.0,duct_filler,0,1247.0
-451.5025773880715,196.0,0.0,duct_filler,0,1247.0
-444.57437415779594,196.0,0.0,duct_filler,0,1247.0
-437.6461709275204,196.0,0.0,duct_filler,0,1247.0
-430.71796769724494,196.0,0.0,duct_filler,0,1247.0
-423.7897644669694,196.0,0.0,duct_filler,0,1247.0
-416.8615612366939,196.0,0.0,duct_filler,0,1247.0
-236.72827724953078,195.99999999999994,0.0,duct_filler,0,1247.0
-229.80007401925525,195.99999999999994,0.0,duct_filler,0,1247.0
-222.87187078897972,195.99999999999994,0.0,duct_filler,0,1247.0
-215.9436675587042,195.99999999999994,0.0,duct_filler,0,1247.0
-209.01546432842866,195.99999999999994,0.0,duct_filler,0,1247.0
-202.0872610981532,195.99999999999994,0.0,duct_filler,0,1247.0
-195.15905786787755,195.99999999999994,0.0,duct_filler,0,1247.0
-188.23085463760208,195.99999999999994,0.0,duct_filler,0,1247.0
-181.30265140732655,195.99999999999994,0.0,duct_filler,0,1247.0
-174.37444817705102,195.99999999999994,0.0,duct_filler,0,1247.0
-167.4462449467755,195.99999999999994,0.0,duct_filler,0,1247.0
-160.51804171649997,195.99999999999994,0.0,duct_filler,0,1247.0
-153.58983848622438,195.99999999999994,0.0,duct_filler,0,1247.0
-146.6616352559489,195.99999999999994,0.0,duct_filler,0,1247.0
-91.23600941374474,195.99999999999994,0.0,duct_filler,0,1247.0
-84.30780618346921,195.99999999999994,0.0,duct_filler,0,1247.0
-77.37960295319363,195.99999999999994,0.0,duct_filler,0,1247.0
324.4561844027844,196.0,0.0,duct_filler,0,1247.0
331.3843876330599,196.0,0.0,duct_filler,0,1247.0
338.31259086333534,196.0,0.0,duct_filler,0,1247.0
345.2407940936107,196.0,0.0,duct_filler,0,1247.0
352.1689973238865,196.0,0.0,duct_filler,0,1247.0
359.097200554162,196.0,0.0,duct_filler,0,1247.0
366.02540378443734,196.0,0.0,duct_filler,0,1247.0
372.9536070147128,196.0,0.0,duct_filler,0,1247.0
379.8818102449883,196.0,0.0,duct_filler,0,1247.0
386.81001347526364,196.0,0.0,duct_filler,0,1247.0
393.7382167055391,196.0,0.0,duct_filler,0,1247.0
400.6664199358146,196.0,0.0,duct_filler,0,1247.0
407.5946231660902,196.0,0.0,duct_filler,0,1247.0
414.52282639636553,196.0,0.0,duct_filler,0,1247.0
421.451029626641,196.0,0.0,duct_filler,0,1247.0
476.87665546884466,196.0,0.0,duct_filler,0,1247.0
483.80485869912013,196.0,0.0,duct_filler,0,1247.0
490.7330619293955,196.0,0.0,duct_filler,0,1247.0
497.6612651596713,196.0,0.0,duct_filler,0,1247.0
-496.53589838486226,190.0,0.0,duct_filler,0,1247.0
-489.60769515458674,190.0,0.0,duct_filler,0,1247.0
-482.6794919243112,190.0,0.0,duct_filler,0,1247.0
-475.75128869403574,190.0,0.0,duct_filler,0,1247.0
-468.8230854637602,189.99999999999994,0.0,duct_filler,0,1247.0
-461.89488223348474,190.00000000000006,0.0,duct_filler,0,1247.0
-454.9666790032092,190.00000000000006,0.0,duct_filler,0,1247.0
-448.0384757729337,190.00000000000006,0.0,duct_filler,0,1247.0
-441.1102725426582,190.00000000000006,0.0,duct_filler,0,1247.0
-434.1820693123827,190.0,0.0,duct_filler,0,1247.0
-427.25386608210715,190.0,0.0,duct_filler,0,1247.0
-420.3256628518316,190.0,0.0,duct_filler,0,1247.0
-240.19237886466857,189.99999999999994,0.0,duct_filler,0,1247.0
-233.26417563439304,189.99999999999994,0.0,duct_filler,0,1247.0
-226.3359724041175,189.99999999999994,0.0,duct_filler,0,1247.0
-219.40776917384198,189.99999999999994,0.0,duct_filler,0,1247.0
-212.4795659435664,189.99999999999994,0.0,duct_filler,0,1247.0
-205.55136271329087,189.99999999999994,0.0,duct_filler,0,1247.0
-198.6231594830154,189.99999999999994,0.0,duct_filler,0,1247.0
-191.69495625273993,189.99999999999994,0.0,duct_filler,0,1247.0
-184.76675302246434,189.99999999999994,0.0,duct_filler,0,1247.0
-177.83854979218881,189.99999999999994,0.0,duct_filler,0,1247.0
-170.9103465619133,189.99999999999994,0.0,duct_filler,0,1247.0
-163.98214333163776,189.99999999999994,0.0,duct_filler,0,1247.0
-157.05394010136217,189.99999999999994,0.0,duct_filler,0,1247.0
-150.1257368710867,189.99999999999994,0.0,duct_filler,0,1247.0
-101.62831425915806,189.99999999999994,0.0,duct_filler,0,1247.0
-94.70011102888253,189.99999999999994,0.0,duct_filler,0,1247.0
-87.77190779860695,189.99999999999994,0.0,duct_filler,0,1247.0
-80.84370456833142,189.99999999999994,0.0,duct_filler,0,1247.0
320.9920827876467,190.0,0.0,duct_filler,0,1247.0
327.92028601792254,190.0,0.0,duct_filler,0,1247.0
334.84848924819755,190.0,0.0,duct_filler,0,1247.0
341.77669247847336,190.0,0.0,duct_filler,0,1247.0
348.70489570874884,190.0,0.0,duct_filler,0,1247.0
355.6330989390242,190.0,0.0,duct_filler,0,1247.0
362.56130216929967,190.0,0.0,duct_filler,0,1247.0
369.48950539957514,190.0,0.0,duct_filler,0,1247.0
376.4177086298505,190.0,0.0,duct_filler,0,1247.0
383.34591186012597,190.0,0.0,duct_filler,0,1247.0
390.27411509040144,190.0,0.0,duct_filler,0,1247.0
397.2023183206768,190.0,0.0,duct_filler,0,1247.0
404.1305215509524,190.0,0.0,duct_filler,0,1247.0
411.05872478122785,190.0,0.0,duct_filler,0,1247.0
417.9869280115033,190.0,0.0,duct_filler,0,1247.0
424.9151312417787,190.0,0.0,duct_filler,0,1247.0
480.3407570839827,190.0,0.0,duct_filler,0,1247.0
487.2689603142578,190.0,0.0,duct_filler,0,1247.0
494.1971635445336,190.0,0.0,duct_filler,0,1247.0
501.125366774809,190.0,0.0,duct_filler,0,1247.0
-500.0,184.0,0.0,duct_filler,0,1247.0
-493.0717967697245,184.00000000000006,0.0,duct_filler,0,1247.0
-486.143593539449,184.00000000000006,0.0,duct_filler,0,1247.0
-479.2153903091735,184.0,0.0,duct_filler,0,1247.0
-472.28718707889794,184.0,0.0,duct_filler,0,1247.0
-465.3589838486225,184.0,0.0,duct_filler,0,1247.0
-458.43078061834694,184.00000000000006,0.0,duct_filler,0,1247.0
-451.5025773880715,184.0,0.0,duct_filler,0,1247.0
-444.57437415779594,184.00000000000006,0.0,duct_filler,0,1247.0
-437.6461709275204,184.0,0.0,duct_filler,0,1247.0
-430.71796769724494,184.0,0.0,duct_filler,0,1247.0
-423.7897644669694,184.0,0.0,duct_filler,0,1247.0
-236.72827724953078,183.99999999999994,0.0,duct_filler,0,1247.0
-229.80007401925525,183.99999999999994,0.0,duct_filler,0,1247.0
-222.87187078897972,183.99999999999994,0.0,duct_filler,0,1247.0
-215.9436675587042,183.99999999999994,0.0,duct_filler,0,1247.0
-209.01546432842866,183.99999999999994,0.0,duct_filler,0,1247.0
-202.0872610981532,183.99999999999994,0.0,duct_filler,0,1247.0
-195.15905786787755,183.99999999999994,0.0,duct_filler,0,1247.0
-188.23085463760208,183.99999999999994,0.0,duct_filler,0,1247.0
-181.30265140732655,183.99999999999994,0.0,duct_filler,0,1247.0
-174.37444817705102,183.99999999999994,0.0,duct_filler,0,1247.0
-167.4462449467755,183.99999999999994,0.0,duct_filler,0,1247.0
-160.51804171649997,183.99999999999994,0.0,duct_filler,0,1247.0
-153.58983848622438,183.99999999999994,0.0,duct_filler,0,1247.0
-132.8052287953978,183.99999999999994,0.0,duct_filler,0,1247.0
-125.87702556512232,183.99999999999994,0.0,duct_filler,0,1247.0
-112.02061910457127,183.99999999999994,0.0,duct_filler,0,1247.0
-105.09241587429574,183.99999999999994,0.0,duct_filler,0,1247.0
-98.1642126440201,183.99999999999994,0.0,duct_filler,0,1247.0
-91.23600941374474,183.99999999999994,0.0,duct_filler,0,1247.0
-84.30780618346921,183.99999999999994,0.0,duct_filler,0,1247.0
317.5279811725088,183.9999999999999,0.0,duct_filler,0,1247.0
324.4561844027844,183.9999999999999,0.0,duct_filler,0,1247.0
331.3843876330599,183.9999999999999,0.0,duct_filler,0,1247.0
338.31259086333534,183.9999999999999,0.0,duct_filler,0,1247.0
345.2407940936107,183.9999999999999,0.0,duct_filler,0,1247.0
352.1689973238865,183.9999999999999,0.0,duct_filler,0,1247.0
359.097200554162,183.9999999999999,0.0,duct_filler,0,1247.0
366.02540378443734,183.9999999999999,0.0,duct_filler,0,1247.0
372.9536070147128,183.9999999999999,0.0,duct_filler,0,1247.0
379.8818102449883,183.9999999999999,0.0,duct_filler,0,1247.0
386.81001347526364,183.9999999999999,0.0,duct_filler,0,1247.0
393.7382167055391,183.9999999999999,0.0,duct_filler,0,1247.0
400.6664199358146,183.9999999999999,0.0,duct_filler,0,1247.0
407.5946231660902,183.9999999999999,0.0,duct_filler,0,1247.0
414.52282639636553,183.9999999999999,0.0,duct_filler,0,1247.0
421.451029626641,183.9999999999999,0.0,duct_filler,0,1247.0
428.3792328569165,183.9999999999999,0.0,duct_filler,0,1247.0
497.6612651596713,183.9999999999999,0.0,duct_filler,0,1247.0
-496.53589838486226,178.0,0.0,duct_filler,0,1247.0
-489.60769515458674,178.0,0.0,duct_filler,0,1247.0
-482.6794919243112,177.99999999999994,0.0,duct_filler,0,1247.0
-475.75128869403574,178.0,0.0,duct_filler,0,1247.0
-468.8230854637602,178.0,0.0,duct_filler,0,1247.0
-461.89488223348474,178.0,0.0,duct_filler,0,1247.0
-454.9666790032092,178.00000000000006,0.0,duct_filler,0,1247.0
-448.0384757729337,178.0,0.0,duct_filler,0,1247.0
-441.1102725426582,178.00000000000006,0.0,duct_filler,0,1247.0
-434.1820693123827,178.0,0.0,duct_filler,0,1247.0
-427.25386608210715,178.00000000000006,0.0,duct_filler,0,1247.0
-233.26417563439304,178.0,0.0,duct_filler,0,1247.0
-226.3359724041175,178.0,0.0,duct_filler,0,1247.0
-219.40776917384198,178.0,0.0,duct_filler,0,1247.0
-212.4795659435664,178.0,0.0,duct_filler,0,1247.0
-205.55136271329087,178.0,0.0,duct_filler,0,1247.0
-198.6231594830154,178.0,0.0,duct_filler,0,1247.0
-191.69495625273993,178.0,0.0,duct_filler,0,1247.0
-184.76675302246434,178.0,0.0,duct_filler,0,1247.0
-177.83854979218881,178.0,0.0,duct_filler,0,1247.0
-170.9103465619133,178.0,0.0,duct_filler,0,1247.0
-163.98214333163776,178.0,0.0,duct_filler,0,1247.0
-157.05394010136217,178.0,0.0,duct_filler,0,1247.0
-150.1257368710867,178.0,0.0,duct_filler,0,1247.0
-143.19753364081112,178.0,0.0,duct_filler,0,1247.0
-136.26933041053564,178.0,0.0,duct_filler,0,1247.0
-129.34112718026006,178.0,0.0,duct_filler,0,1247.0
-108.55651748943353,178.0,0.0,duct_filler,0,1247.0
-101.62831425915806,178.0,0.0,duct_filler,0,1247.0
-94.70011102888253,178.0,0.0,duct_filler,0,1247.0
-87.77190779860695,178.0,0.0,duct_filler,0,1247.0
307.13567632709567,178.0,0.0,duct_filler,0,1247.0
314.06387955737125,178.0,0.0,duct_filler,0,1247.0
320.9920827876467,178.0,0.0,duct_filler,0,1247.0
327.92028601792254,178.0,0.0,duct_filler,0,1247.0
334.84848924819755,178.0,0.0,duct_filler,0,1247.0
341.77669247847336,178.0,0.0,duct_filler,0,1247.0
348.70489570874884,178.0,0.0,duct_filler,0,1247.0
355.6330989390242,178.0,0.0,duct_filler,0,1247.0
362.56130216929967,178.0,0.0,duct_filler,0,1247.0
369.48950539957514,178.0,0.0,duct_filler,0,1247.0
376.4177086298505,178.0,0.0,duct_filler,0,1247.0
383.34591186012597,178.0,0.0,duct_filler,0,1247.0
390.27411509040144,178.0,0.0,duct_filler,0,1247.0
397.2023183206768,178.0,0.0,duct_filler,0,1247.0
404.1305215509524,178.0,0.0,duct_filler,0,1247.0
411.05872478122785,178.0,0.0,duct_filler,0,1247.0
417.9869280115033,178.0,0.0,duct_filler,0,1247.0
424.9151312417787,178.0,0.0,duct_filler,0,1247.0
431.8433344720544,178.0,0.0,duct_filler,0,1247.0
-500.0,171.99999999999994,0.0,duct_filler,0,1247.0
-493.0717967697245,171.99999999999994,0.0,duct_filler,0,1247.0
-486.143593539449,172.0,0.0,duct_filler,0,1247.0
-479.2153903091735,171.99999999999994,0.0,duct_filler,0,1247.0
-472.28718707889794,171.99999999999994,0.0,duct_filler,0,1247.0
-465.3589838486225,171.99999999999994,0.0,duct_filler,0,1247.0
-458.43078061834694,172.00000000000006,0.0,duct_filler,0,1247.0
-451.5025773880715,172.0,0.0,duct_filler,0,1247.0
-444.57437415779594,172.00000000000006,0.0,duct_filler,0,1247.0
-437.6461709275204,171.99999999999994,0.0,duct_filler,0,1247.0
-430.71796769724494,171.99999999999994,0.0,duct_filler,0,1247.0
-423.7897644669694,171.99999999999994,0.0,duct_filler,0,1247.0
-229.80007401925525,171.99999999999994,0.0,duct_filler,0,1247.0
-222.87187078897972,171.99999999999994,0.0,duct_filler,0,1247.0
-215.9436675587042,171.99999999999994,0.0,duct_filler,0,1247.0
-209.01546432842866,171.99999999999994,0.0,duct_filler,0,1247.0
-202.0872610981532,171.99999999999994,0.0,duct_filler,0,1247.0
-195.15905786787755,171.99999999999994,0.0,duct_filler,0,1247.0
-188.23085463760208,171.99999999999994,0.0,duct_filler,0,1247.0
-181.30265140732655,171.99999999999994,0.0,duct_filler,0,1247.0
-174.37444817705102,171.99999999999994,0.0,duct_filler,0,1247.0
-167.4462449467755,171.99999999999994,0.0,duct_filler,0,1247.0
-160.51804171649997,171.99999999999994,0.0,duct_filler,0,1247.0
-153.58983848622438,171.99999999999994,0.0,duct_filler,0,1247.0
-146.6616352559489,171.99999999999994,0.0,duct_filler,0,1247.0
-139.73343202567332,171.99999999999994,0.0,duct_filler,0,1247.0
-132.8052287953978,171.99999999999994,0.0,duct_filler,0,1247.0
-125.87702556512232,171.99999999999994,0.0,duct_filler,0,1247.0
-105.09241587429574,171.99999999999994,0.0,duct_filler,0,1247.0
-98.1642126440201,171.99999999999994,0.0,duct_filler,0,1247.0
-91.23600941374474,171.99999999999994,0.0,duct_filler,0,1247.0
303.671574711958,172.00000000000006,0.0,duct_filler,0,1247.0
310.5997779422336,172.00000000000006,0.0,duct_filler,0,1247.0
317.5279811725088,172.00000000000006,0.0,duct_filler,0,1247.0
324.4561844027844,172.00000000000006,0.0,duct_filler,0,1247.0
331.3843876330599,172.00000000000006,0.0,duct_filler,0,1247.0
338.31259086333534,172.00000000000006,0.0,duct_filler,0,1247.0
345.2407940936107,172.00000000000006,0.0,duct_filler,0,1247.0
352.1689973238865,172.00000000000006,0.0,duct_filler,0,1247.0
359.097200554162,172.00000000000006,0.0,duct_filler,0,1247.0
366.02540378443734,172.00000000000006,0.0,duct_filler,0,1247.0
372.9536070147128,172.00000000000006,0.0,duct_filler,0,1247.0
379.8818102449883,172.00000000000006,0.0,duct_filler,0,1247.0
386.81001347526364,172.00000000000006,0.0,duct_filler,0,1247.0
393.7382167055391,172.00000000000006,0.0,duct_filler,0,1247.0
400.6664199358146,172.00000000000006,0.0,duct_filler,0,1247.0
407.5946231660902,172.00000000000006,0.0,duct_filler,0,1247.0
414.52282639636553,172.00000000000006,0.0,duct_filler,0,1247.0
421.451029626641,172.00000000000006,0.0,duct_filler,0,1247.0
428.3792328569165,172.00000000000006,0.0,duct_filler,0,1247.0
-496.53589838486226,166.0,0.0,duct_filler,0,1247.0
-489.60769515458674,166.0,0.0,duct_filler,0,1247.0
-482.6794919243112,166.0,0.0,duct_filler,0,1247.0
-475.75128869403574,165.99999999999994,0.0,duct_filler,0,1247.0
-468.8230854637602,165.99999999999994,0.0,duct_filler,0,1247.0
-461.89488223348474,165.99999999999994,0.0,duct_filler,0,1247.0
-454.9666790032092,165.99999999999994,0.0,duct_filler,0,1247.0
-448.0384757729337,165.99999999999994,0.0,duct_filler,0,1247.0
-441.1102725426582,165.99999999999994,0.0,duct_filler,0,1247.0
-434.1820693123827,166.0,0.0,duct_filler,0,1247.0
-427.25386608210715,166.0,0.0,duct_filler,0,1247.0
-233.26417563439304,165.99999999999994,0.0,duct_filler,0,1247.0
-226.3359724041175,165.99999999999994,0.0,duct_filler,0,1247.0
-219.40776917384198,165.99999999999994,0.0,duct_filler,0,1247.0
-212.4795659435664,165.99999999999994,0.0,duct_filler,0,1247.0
-205.55136271329087,165.99999999999994,0.0,duct_filler,0,1247.0
-198.6231594830154,165.99999999999994,0.0,duct_filler,0,1247.0
-191.69495625273993,165.99999999999994,0.0,duct_filler,0,1247.0
-184.76675302246434,165.99999999999994,0.0,duct_filler,0,1247.0
-177.83854979218881,165.99999999999994,0.0,duct_filler,0,1247.0
-170.9103465619133,165.99999999999994,0.0,duct_filler,0,1247.0
-163.98214333163776,165.99999999999994,0.0,duct_filler,0,1247.0
-157.05394010136217,165.99999999999994,0.0,duct_filler,0,1247.0
-150.1257368710867,165.99999999999994,0.0,duct_filler,0,1247.0
-143.19753364081112,165.99999999999994,0.0,duct_filler,0,1247.0
-136.26933041053564,165.99999999999994,0.0,duct_filler,0,1247.0
-129.34112718026006,165.99999999999994,0.0,duct_filler,0,1247.0
-122.41292394998464,165.99999999999994,0.0,duct_filler,0,1247.0
-115.484720719709,165.99999999999994,0.0,duct_filler,0,1247.0
-108.55651748943353,165.99999999999994,0.0,duct_filler,0,1247.0
-101.62831425915806,165.99999999999994,0.0,duct_filler,0,1247.0
-94.70011102888253,165.99999999999994,0.0,duct_filler,0,1247.0
300.2074730968204,166.0,0.0,duct_filler,0,1247.0
307.13567632709567,166.0,0.0,duct_filler,0,1247.0
314.06387955737125,166.0,0.0,duct_filler,0,1247.0
320.9920827876467,166.0,0.0,duct_filler,0,1247.0
327.92028601792254,166.0,0.0,duct_filler,0,1247.0
334.84848924819755,166.0,0.0,duct_filler,0,1247.0
341.77669247847336,166.0,0.0,duct_filler,0,1247.0
348.70489570874884,166.0,0.0,duct_filler,0,1247.0
355.6330989390242,166.0,0.0,duct_filler,0,1247.0
362.56130216929967,166.0,0.0,duct_filler,0,1247.0
369.48950539957514,166.0,0.0,duct_filler,0,1247.0
376.4177086298505,166.0,0.0,duct_filler,0,1247.0
383.34591186012597,166.0,0.0,duct_filler,0,1247.0
390.27411509040144,166.0,0.0,duct_filler,0,1247.0
397.2023183206768,166.0,0.0,duct_filler,0,1247.0
404.1305215509524,166.0,0.0,duct_filler,0,1247.0
411.05872478122785,166.0,0.0,duct_filler,0,1247.0
417.9869280115033,166.0,0.0,duct_filler,0,1247.0
424.9151312417787,166.0,0.0,duct_filler,0,1247.0
-500.0,160.0,0.0,duct_filler,0,1247.0
-493.0717967697245,160.00000000000006,0.0,duct_filler,0,1247.0
-486.143593539449,160.0,0.0,duct_filler,0,1247.0
-479.2153903091735,159.99999999999994,0.0,duct_filler,0,1247.0
-472.28718707889794,159.99999999999994,0.0,duct_filler,0,1247.0
-465.3589838486225,159.99999999999994,0.0,duct_filler,0,1247.0
-458.43078061834694,159.99999999999994,0.0,duct_filler,0,1247.0
-451.5025773880715,159.99999999999994,0.0,duct_filler,0,1247.0
-444.57437415779594,159.99999999999994,0.0,duct_filler,0,1247.0
-437.6461709275204,159.99999999999994,0.0,duct_filler,0,1247.0
-229.80007401925525,160.0,0.0,duct_filler,0,1247.0
-222.87187078897972,160.0,0.0,duct_filler,0,1247.0
-215.9436675587042,160.0,0.0,duct_filler,0,1247.0
-209.01546432842866,160.0,0.0,duct_filler,0,1247.0
-202.0872610981532,160.0,0.0,duct_filler,0,1247.0
-195.15905786787755,160.0,0.0,duct_filler,0,1247.0
-188.23085463760208,160.0,0.0,duct_filler,0,1247.0
-181.30265140732655,160.0,0.0,duct_filler,0,1247.0
-174.37444817705102,160.0,0.0,duct_filler,0,1247.0
-167.4462449467755,160.0,0.0,duct_filler,0,1247.0
-160.51804171649997,160.0,0.0,duct_filler,0,1247.0
-153.58983848622438,160.0,0.0,duct_filler,0,1247.0
-146.6616352559489,160.0,0.0,duct_filler,0,1247.0
-139.73343202567332,160.0,0.0,duct_filler,0,1247.0
-132.8052287953978,160.0,0.0,duct_filler,0,1247.0
-125.87702556512232,160.0,0.0,duct_filler,0,1247.0
-118.9488223348468,160.0,0.0,duct_filler,0,1247.0
-112.02061910457127,160.0,0.0,duct_filler,0,1247.0
-105.09241587429574,160.0,0.0,duct_filler,0,1247.0
-98.1642126440201,160.0,0.0,duct_filler,0,1247.0
-91.23600941374474,160.0,0.0,duct_filler,0,1247.0
303.671574711958,159.99999999999994,0.0,duct_filler,0,1247.0
310.5997779422336,159.99999999999994,0.0,duct_filler,0,1247.0
317.5279811725088,159.99999999999994,0.0,duct_filler,0,1247.0
324.4561844027844,159.99999999999994,0.0,duct_filler,0,1247.0
331.3843876330599,159.99999999999994,0.0,duct_filler,0,1247.0
338.31259086333534,159.99999999999994,0.0,duct_filler,0,1247.0
345.2407940936107,159.99999999999994,0.0,duct_filler,0,1247.0
352.1689973238865,159.99999999999994,0.0,duct_filler,0,1247.0
359.097200554162,159.99999999999994,0.0,duct_filler,0,1247.0
366.02540378443734,159.99999999999994,0.0,duct_filler,0,1247.0
372.9536070147128,159.99999999999994,0.0,duct_filler,0,1247.0
379.8818102449883,159.99999999999994,0.0,duct_filler,0,1247.0
386.81001347526364,159.99999999999994,0.0,duct_filler,0,1247.0
393.7382167055391,159.99999999999994,0.0,duct_filler,0,1247.0
-496.53589838486226,154.0,0.0,duct_filler,0,1247.0
-489.60769515458674,154.0,0.0,duct_filler,0,1247.0
-482.6794919243112,154.0,0.0,duct_filler,0,1247.0
-475.75128869403574,154.0,0.0,duct_filler,0,1247.0
-468.8230854637602,154.0,0.0,duct_filler,0,1247.0
-461.89488223348474,154.0,0.0,duct_filler,0,1247.0
-454.9666790032092,154.0,0.0,duct_filler,0,1247.0
-448.0384757729337,154.0,0.0,duct_filler,0,1247.0
-441.1102725426582,154.0,0.0,duct_filler,0,1247.0
-434.1820693123827,153.99999999999994,0.0,duct_filler,0,1247.0
-226.3359724041175,154.0,0.0,duct_filler,0,1247.0
-219.40776917384198,154.0,0.0,duct_filler,0,1247.0
-212.4795659435664,154.0,0.0,duct_filler,0,1247.0
-205.55136271329087,154.0,0.0,duct_filler,0,1247.0
-198.6231594830154,154.0,0.0,duct_filler,0,1247.0
-191.69495625273993,154.0,0.0,duct_filler,0,1247.0
-184.76675302246434,154.0,0.0,duct_filler,0,1247.0
-177.83854979218881,154.0,0.0,duct_filler,0,1247.0
-170.9103465619133,154.0,0.0,duct_filler,0,1247.0
-163.98214333163776,154.0,0.0,duct_filler,0,1247.0
-157.05394010136217,154.0,0.0,duct_filler,0,1247.0
-150.1257368710867,154.0,0.0,duct_filler,0,1247.0
-143.19753364081112,154.0,0.0,duct_filler,0,1247.0
-136.26933041053564,154.0,0.0,duct_filler,0,1247.0
-129.34112718026006,154.0,0.0,duct_filler,0,1247.0
-122.41292394998464,154.0,0.0,duct_filler,0,1247.0
-115.484720719709,154.0,0.0,duct_filler,0,1247.0
-108.55651748943353,154.0,0.0,duct_filler,0,1247.0
-101.62831425915806,154.0,0.0,duct_filler,0,1247.0
-94.70011102888253,154.0,0.0,duct_filler,0,1247.0
-87.77190779860695,154.0,0.0,duct_filler,0,1247.0
307.13567632709567,154.0,0.0,duct_filler,0,1247.0
314.06387955737125,154.0,0.0,duct_filler,0,1247.0
320.9920827876467,154.0,0.0,duct_filler,0,1247.0
327.92028601792254,154.0,0.0,duct_filler,0,1247.0
334.84848924819755,154.0,0.0,duct_filler,0,1247.0
341.77669247847336,154.0,0.0,duct_filler,0,1247.0
348.70489570874884,154.0,0.0,duct_filler,0,1247.0
355.6330989390242,154.0,0.0,duct_filler,0,1247.0
362.56130216929967,154.0,0.0,duct_filler,0,1247.0
369.48950539957514,154.0,0.0,duct_filler,0,1247.0
376.4177086298505,154.0,0.0,duct_filler,0,1247.0
383.34591186012597,154.0,0.0,duct_filler,0,1247.0
-500.0,147.99999999999994,0.0,duct_filler,0,1247.0
-493.0717967697245,148.0,0.0,duct_filler,0,1247.0
-486.143593539449,148.0,0.0,duct_filler,0,1247.0
-479.2153903091735,148.0,0.0,duct_filler,0,1247.0
-472.28718707889794,148.0,0.0,duct_filler,0,1247.0
-465.3589838486225,148.0,0.0,duct_filler,0,1247.0
-458.43078061834694,148.0,0.0,duct_filler,0,1247.0
-451.5025773880715,148.0,0.0,duct_filler,0,1247.0
-444.57437415779594,148.0,0.0,duct_filler,0,1247.0
-437.6461709275204,148.0,0.0,duct_filler,0,1247.0
-215.9436675587042,148.0,0.0,duct_filler,0,1247.0
-209.01546432842866,148.0,0.0,duct_filler,0,1247.0
-202.0872610981532,148.0,0.0,duct_filler,0,1247.0
-195.15905786787755,148.0,0.0,duct_filler,0,1247.0
-188.23085463760208,148.0,0.0,duct_filler,0,1247.0
-181.30265140732655,148.0,0.0,duct_filler,0,1247.0
-174.37444817705102,148.0,0.0,duct_filler,0,1247.0
-167.4462449467755,148.0,0.0,duct_filler,0,1247.0
-160.51804171649997,148.0,0.0,duct_filler,0,1247.0
-153.58983848622438,148.0,0.0,duct_filler,0,1247.0
-146.6616352559489,148.0,0.0,duct_filler,0,1247.0
-139.73343202567332,148.0,0.0,duct_filler,0,1247.0
-132.8052287953978,148.0,0.0,duct_filler,0,1247.0
-125.87702556512232,148.0,0.0,duct_filler,0,1247.0
-118.9488223348468,148.0,0.0,duct_filler,0,1247.0
-112.02061910457127,148.0,0.0,duct_filler,0,1247.0
-105.09241587429574,148.0,0.0,duct_filler,0,1247.0
-98.1642126440201,148.0,0.0,duct_filler,0,1247.0
-91.23600941374474,148.0,0.0,duct_filler,0,1247.0
303.671574711958,148.0,0.0,duct_filler,0,1247.0
310.5997779422336,148.0,0.0,duct_filler,0,1247.0
317.5279811725088,148.0,0.0,duct_filler,0,1247.0
345.2407940936107,148.0,0.0,duct_filler,0,1247.0
352.1689973238865,148.0,0.0,duct_filler,0,1247.0
359.097200554162,148.0,0.0,duct_filler,0,1247.0
366.02540378443734,148.0,0.0,duct_filler,0,1247.0
372.9536070147128,148.0,0.0,duct_filler,0,1247.0
379.8818102449883,148.0,0.0,duct_filler,0,1247.0
-496.53589838486226,142.0,0.0,duct_filler,0,1247.0
-489.60769515458674,142.0,0.0,duct_filler,0,1247.0
-482.6794919243112,142.0,0.0,duct_filler,0,1247.0
-475.75128869403574,141.99999999999994,0.0,duct_filler,0,1247.0
-468.8230854637602,142.0,0.0,duct_filler,0,1247.0
-461.89488223348474,142.00000000000006,0.0,duct_filler,0,1247.0
-454.9666790032092,142.00000000000006,0.0,duct_filler,0,1247.0
-448.0384757729337,142.00000000000006,0.0,duct_filler,0,1247.0
-441.1102725426582,142.00000000000006,0.0,duct_filler,0,1247.0
-434.1820693123827,142.00000000000006,0.0,duct_filler,0,1247.0
-219.40776917384198,142.0,0.0,duct_filler,0,1247.0
-212.4795659435664,142.0,0.0,duct_filler,0,1247.0
-205.55136271329087,142.0,0.0,duct_filler,0,1247.0
-198.6231594830154,142.0,0.0,duct_filler,0,1247.0
-191.69495625273993,142.0,0.0,duct_filler,0,1247.0
-184.76675302246434,142.0,0.0,duct_filler,0,1247.0
-177.83854979218881,142.0,0.0,duct_filler,0,1247.0
-170.9103465619133,142.0,0.0,duct_filler,0,1247.0
-163.98214333163776,142.0,0.0,duct_filler,0,1247.0
-157.05394010136217,142.0,0.0,duct_filler,0,1247.0
-150.1257368710867,142.0,0.0,duct_filler,0,1247.0
-143.19753364081112,142.0,0.0,duct_filler,0,1247.0
-136.26933041053564,142.0,0.0,duct_filler,0,1247.0
-129.34112718026006,142.0,0.0,duct_filler,0,1247.0
-122.41292394998464,142.0,0.0,duct_filler,0,1247.0
-115.484720719709,142.0,0.0,duct_filler,0,1247.0
-108.55651748943353,142.0,0.0,duct_filler,0,1247.0
-101.62831425915806,142.0,0.0,duct_filler,0,1247.0
-94.70011102888253,142.0,0.0,duct_filler,0,1247.0
-87.77190779860695,142.0,0.0,duct_filler,0,1247.0
307.13567632709567,141.99999999999994,0.0,duct_filler,0,1247.0
314.06387955737125,141.99999999999994,0.0,duct_filler,0,1247.0
362.56130216929967,141.99999999999994,0.0,duct_filler,0,1247.0
369.48950539957514,141.99999999999994,0.0,duct_filler,0,1247.0
376.4177086298505,141.99999999999994,0.0,duct_filler,0,1247.0
-500.0,136.0,0.0,duct_filler,0,1247.0
-493.0717967697245,136.00000000000006,0.0,duct_filler,0,1247.0
-486.143593539449,136.0,0.0,duct_filler,0,1247.0
-479.2153903091735,136.0000000000001,0.0,duct_filler,0,1247.0
-472.28718707889794,136.0000000000001,0.0,duct_filler,0,1247.0
-465.3589838486225,136.0,0.0,duct_filler,0,1247.0
-458.43078061834694,136.00000000000006,0.0,duct_filler,0,1247.0
-451.5025773880715,136.0,0.0,duct_filler,0,1247.0
-444.57437415779594,136.00000000000006,0.0,duct_filler,0,1247.0
-437.6461709275204,136.0,0.0,duct_filler,0,1247.0
-215.9436675587042,136.0,0.0,duct_filler,0,1247.0
-209.01546432842866,136.0,0.0,duct_filler,0,1247.0
-202.0872610981532,136.0,0.0,duct_filler,0,1247.0
-195.15905786787755,136.0,0.0,duct_filler,0,1247.0
-188.23085463760208,136.0,0.0,duct_filler,0,1247.0
-181.30265140732655,136.0,0.0,duct_filler,0,1247.0
-174.37444817705102,136.0,0.0,duct_filler,0,1247.0
-167.4462449467755,136.0,0.0,duct_filler,0,1247.0
-160.51804171649997,136.0,0.0,duct_filler,0,1247.0
-153.58983848622438,136.0,0.0,duct_filler,0,1247.0
-146.6616352559489,136.0,0.0,duct_filler,0,1247.0
-139.73343202567332,136.0,0.0,duct_filler,0,1247.0
-132.8052287953978,136.0,0.0,duct_filler,0,1247.0
-125.87702556512232,136.0,0.0,duct_filler,0,1247.0
-118.9488223348468,136.0,0.0,duct_filler,0,1247.0
-112.02061910457127,136.0,0.0,duct_filler,0,1247.0
-105.09241587429574,136.0,0.0,duct_filler,0,1247.0
-98.1642126440201,136.0,0.0,duct_filler,0,1247.0
-496.53589838486226,130.0,0.0,duct_filler,0,1247.0
-489.60769515458674,130.0,0.0,duct_filler,0,1247.0
-482.6794919243112,130.0,0.0,duct_filler,0,1247.0
-475.75128869403574,130.00000000000006,0.0,duct_filler,0,1247.0
-468.8230854637602,130.0,0.0,duct_filler,0,1247.0
-461.89488223348474,130.0,0.0,duct_filler,0,1247.0
-454.9666790032092,130.00000000000006,0.0,duct_filler,0,1247.0
-448.0384757729337,130.0,0.0,duct_filler,0,1247.0
-441.1102725426582,130.00000000000006,0.0,duct_filler,0,1247.0
-219.40776917384198,130.0,0.0,duct_filler,0,1247.0
-212.4795659435664,130.0,0.0,duct_filler,0,1247.0
-205.55136271329087,130.0,0.0,duct_filler,0,1247.0
-198.6231594830154,130.0,0.0,duct_filler,0,1247.0
-191.69495625273993,130.0,0.0,duct_filler,0,1247.0
-184.76675302246434,130.0,0.0,duct_filler,0,1247.0
-177.83854979218881,130.0,0.0,duct_filler,0,1247.0
-170.9103465619133,130.0,0.0,duct_filler,0,1247.0
-163.98214333163776,130.0,0.0,duct_filler,0,1247.0
-157.05394010136217,130.0,0.0,duct_filler,0,1247.0
-150.1257368710867,130.0,0.0,duct_filler,0,1247.0
-143.19753364081112,130.0,0.0,duct_filler,0,1247.0
-136.26933041053564,130.0,0.0,duct_filler,0,1247.0
-129.34112718026006,130.0,0.0,duct_filler,0,1247.0
-122.41292394998464,130.0,0.0,duct_filler,0,1247.0
-115.484720719709,130.0,0.0,duct_filler,0,1247.0
-108.55651748943353,130.0,0.0,duct_filler,0,1247.0
-101.62831425915806,130.0,0.0,duct_filler,0,1247.0
-500.0,124.0,0.0,duct_filler,0,1247.0
-493.0717967697245,124.00000000000006,0.0,duct_filler,0,1247.0
-486.143593539449,124.0,0.0,duct_filler,0,1247.0
-479.2153903091735,124.00000000000006,0.0,duct_filler,0,1247.0
-472.28718707889794,124.00000000000006,0.0,duct_filler,0,1247.0
-465.3589838486225,124.0,0.0,duct_filler,0,1247.0
-458.43078061834694,123.99999999999994,0.0,duct_filler,0,1247.0
-451.5025773880715,124.0,0.0,duct_filler,0,1247.0
-444.57437415779594,123.99999999999994,0.0,duct_filler,0,1247.0
-368.36413862476525,124.0,0.0,duct_filler,0,1247.0
-215.9436675587042,124.00000000000006,0.0,duct_filler,0,1247.0
-209.01546432842866,124.00000000000006,0.0,duct_filler,0,1247.0
-202.0872610981532,124.00000000000006,0.0,duct_filler,0,1247.0
-195.15905786787755,124.00000000000006,0.0,duct_filler,0,1247.0
-188.23085463760208,124.00000000000006,0.0,duct_filler,0,1247.0
-181.30265140732655,124.00000000000006,0.0,duct_filler,0,1247.0
-174.37444817705102,124.00000000000006,0.0,duct_filler,0,1247.0
-167.4462449467755,124.00000000000006,0.0,duct_filler,0,1247.0
-160.51804171649997,124.00000000000006,0.0,duct_filler,0,1247.0
-153.58983848622438,124.00000000000006,0.0,duct_filler,0,1247.0
-146.6616352559489,124.00000000000006,0.0,duct_filler,0,1247.0
-139.73343202567332,124.00000000000006,0.0,duct_filler,0,1247.0
-132.8052287953978,124.00000000000006,0.0,duct_filler,0,1247.0
-125.87702556512232,124.00000000000006,0.0,duct_filler,0,1247.0
-118.9488223348468,124.00000000000006,0.0,duct_filler,0,1247.0
-112.02061910457127,124.00000000000006,0.0,duct_filler,0,1247.0
-496.53589838486226,118.0,0.0,duct_filler,0,1247.0
-489.60769515458674,118.00000000000006,0.0,duct_filler,0,1247.0
-482.6794919243112,118.0,0.0,duct_filler,0,1247.0
-475.75128869403574,117.99999999999994,0.0,duct_filler,0,1247.0
-468.8230854637602,118.0,0.0,duct_filler,0,1247.0
-461.89488223348474,117.99999999999994,0.0,duct_filler,0,1247.0
-454.9666790032092,117.99999999999994,0.0,duct_filler,0,1247.0
-448.0384757729337,117.99999999999994,0.0,duct_filler,0,1247.0
-378.75644347017857,118.00000000000006,0.0,duct_filler,0,1247.0
-371.8282402399031,118.0,0.0,duct_filler,0,1247.0
-364.90003700962757,118.00000000000006,0.0,duct_filler,0,1247.0
-357.9718337793521,118.00000000000006,0.0,duct_filler,0,1247.0
-205.55136271329087,118.0,0.0,duct_filler,0,1247.0
-198.6231594830154,118.0,0.0,duct_filler,0,1247.0
-191.69495625273993,118.0,0.0,duct_filler,0,1247.0
-184.76675302246434,118.0,0.0,duct_filler,0,1247.0
-177.83854979218881,118.0,0.0,duct_filler,0,1247.0
-170.9103465619133,118.0,0.0,duct_filler,0,1247.0
-163.98214333163776,118.0,0.0,duct_filler,0,1247.0
-157.05394010136217,118.0,0.0,duct_filler,0,1247.0
-150.1257368710867,118.0,0.0,duct_filler,0,1247.0
-143.19753364081112,118.0,0.0,duct_filler,0,1247.0
-136.26933041053564,118.0,0.0,duct_filler,0,1247.0
-129.34112718026006,118.0,0.0,duct_filler,0,1247.0
-122.41292394998464,118.0,0.0,duct_filler,0,1247.0
-115.484720719709,118.0,0.0,duct_filler,0,1247.0
-108.55651748943353,118.0,0.0,duct_filler,0,1247.0
397.2023183206768,118.0,0.0,duct_filler,0,1247.0
-500.0,112.0,0.0,duct_filler,0,1247.0
-493.0717967697245,112.00000000000006,0.0,duct_filler,0,1247.0
-486.143593539449,112.0,0.0,duct_filler,0,1247.0
-479.2153903091735,111.99999999999994,0.0,duct_filler,0,1247.0
-472.28718707889794,111.99999999999994,0.0,duct_filler,0,1247.0
-465.3589838486225,112.0,0.0,duct_filler,0,1247.0
-458.43078061834694,112.0,0.0,duct_filler,0,1247.0
-451.5025773880715,112.0,0.0,duct_filler,0,1247.0
-375.29234185504083,112.00000000000006,0.0,duct_filler,0,1247.0
-368.36413862476525,112.00000000000006,0.0,duct_filler,0,1247.0
-361.4359353944898,112.00000000000006,0.0,duct_filler,0,1247.0
-354.5077321642143,112.00000000000006,0.0,duct_filler,0,1247.0
-340.6513257036633,112.00000000000006,0.0,duct_filler,0,1247.0
-202.0872610981532,112.0,0.0,duct_filler,0,1247.0
-195.15905786787755,112.0,0.0,duct_filler,0,1247.0
-188.23085463760208,112.0,0.0,duct_filler,0,1247.0
-181.30265140732655,112.0,0.0,duct_filler,0,1247.0
-174.37444817705102,112.0,0.0,duct_filler,0,1247.0
-167.4462449467755,112.0,0.0,duct_filler,0,1247.0
-160.51804171649997,112.0,0.0,duct_filler,0,1247.0
-153.58983848622438,112.0,0.0,duct_filler,0,1247.0
-146.6616352559489,112.0,0.0,duct_filler,0,1247.0
-139.73343202567332,112.0,0.0,duct_filler,0,1247.0
-132.8052287953978,112.0,0.0,duct_filler,0,1247.0
-125.87702556512232,112.0,0.0,duct_filler,0,1247.0
-118.9488223348468,112.0,0.0,duct_filler,0,1247.0
-112.02061910457127,112.0,0.0,duct_filler,0,1247.0
-105.09241587429574,112.0,0.0,duct_filler,0,1247.0
386.81001347526364,112.0,0.0,duct_filler,0,1247.0
393.7382167055391,112.0,0.0,duct_filler,0,1247.0
400.6664199358146,112.0,0.0,duct_filler,0,1247.0
-496.53589838486226,106.0,0.0,duct_filler,0,1247.0
-489.60769515458674,105.99999999999994,0.0,duct_filler,0,1247.0
-482.6794919243112,106.0,0.0,duct_filler,0,1247.0
-475.75128869403574,106.0,0.0,duct_filler,0,1247.0
-468.8230854637602,106.0,0.0,duct_filler,0,1247.0
-461.89488223348474,106.0,0.0,duct_filler,0,1247.0
-454.9666790032092,106.0,0.0,duct_filler,0,1247.0
-385.6846467004541,106.0,0.0,duct_filler,0,1247.0
-378.75644347017857,106.0,0.0,duct_filler,0,1247.0
-371.8282402399031,106.0,0.0,duct_filler,0,1247.0
-364.90003700962757,106.0,0.0,duct_filler,0,1247.0
-357.9718337793521,106.0,0.0,duct_filler,0,1247.0
-344.11542731880104,106.0,0.0,duct_filler,0,1247.0
-337.18722408852557,106.0,0.0,duct_filler,0,1247.0
-205.55136271329087,106.00000000000006,0.0,duct_filler,0,1247.0
-198.6231594830154,106.00000000000006,0.0,duct_filler,0,1247.0
-191.69495625273993,106.00000000000006,0.0,duct_filler,0,1247.0
-184.76675302246434,106.00000000000006,0.0,duct_filler,0,1247.0
-177.83854979218881,106.00000000000006,0.0,duct_filler,0,1247.0
-170.9103465619133,106.00000000000006,0.0,duct_filler,0,1247.0
-163.98214333163776,106.00000000000006,0.0,duct_filler,0,1247.0
-157.05394010136217,106.00000000000006,0.0,duct_filler,0,1247.0
-150.1257368710867,106.00000000000006,0.0,duct_filler,0,1247.0
-143.19753364081112,106.00000000000006,0.0,duct_filler,0,1247.0
-136.26933041053564,106.00000000000006,0.0,duct_filler,0,1247.0
-129.34112718026006,106.00000000000006,0.0,duct_filler,0,1247.0
-122.41292394998464,106.00000000000006,0.0,duct_filler,0,1247.0
-115.484720719709,106.00000000000006,0.0,duct_filler,0,1247.0
-108.55651748943353,106.00000000000006,0.0,duct_filler,0,1247.0
-101.62831425915806,106.00000000000006,0.0,duct_filler,0,1247.0
-94.70011102888253,106.00000000000006,0.0,duct_filler,0,1247.0
390.27411509040144,106.00000000000006,0.0,duct_filler,0,1247.0
397.2023183206768,106.00000000000006,0.0,duct_filler,0,1247.0
404.1305215509524,106.00000000000006,0.0,duct_filler,0,1247.0
411.05872478122785,106.00000000000006,0.0,duct_filler,0,1247.0
417.9869280115033,106.00000000000006,0.0,duct_filler,0,1247.0
424.9151312417787,106.00000000000006,0.0,duct_filler,0,1247.0
431.8433344720544,106.00000000000006,0.0,duct_filler,0,1247.0
438.77153770232974,106.00000000000006,0.0,duct_filler,0,1247.0
-500.0,100.0,0.0,duct_filler,0,1247.0
-493.0717967697245,100.00000000000011,0.0,duct_filler,0,1247.0
-486.143593539449,100.0,0.0,duct_filler,0,1247.0
-479.2153903091735,99.99999999999994,0.0,duct_filler,0,1247.0
-472.28718707889794,99.99999999999994,0.0,duct_filler,0,1247.0
-465.3589838486225,100.00000000000006,0.0,duct_filler,0,1247.0
-458.43078061834694,100.0,0.0,duct_filler,0,1247.0
-389.14874831559183,100.00000000000006,0.0,duct_filler,0,1247.0
-382.2205450853163,100.00000000000006,0.0,duct_filler,0,1247.0
-375.29234185504083,100.0,0.0,duct_filler,0,1247.0
-368.36413862476525,100.00000000000006,0.0,duct_filler,0,1247.0
-361.4359353944898,100.00000000000006,0.0,duct_filler,0,1247.0
-354.5077321642143,100.00000000000006,0.0,duct_filler,0,1247.0
-340.6513257036633,100.00000000000006,0.0,duct_filler,0,1247.0
-333.72312247338783,100.00000000000006,0.0,duct_filler,0,1247.0
-202.0872610981532,100.0,0.0,duct_filler,0,1247.0
-195.15905786787755,100.0,0.0,duct_filler,0,1247.0
-188.23085463760208,100.0,0.0,duct_filler,0,1247.0
-181.30265140732655,100.0,0.0,duct_filler,0,1247.0
-174.37444817705102,100.0,0.0,duct_filler,0,1247.0
-167.4462449467755,100.0,0.0,duct_filler,0,1247.0
-160.51804171649997,100.0,0.0,duct_filler,0,1247.0
-153.58983848622438,100.0,0.0,duct_filler,0,1247.0
-146.6616352559489,100.0,0.0,duct_filler,0,1247.0
-139.73343202567332,100.0,0.0,duct_filler,0,1247.0
-132.8052287953978,100.0,0.0,duct_filler,0,1247.0
-125.87702556512232,100.0,0.0,duct_filler,0,1247.0
-118.9488223348468,100.0,0.0,duct_filler,0,1247.0
-112.02061910457127,100.0,0.0,duct_filler,0,1247.0
-105.09241587429574,100.0,0.0,duct_filler,0,1247.0
-98.1642126440201,100.0,0.0,duct_filler,0,1247.0
-91.23600941374474,100.0,0.0,duct_filler,0,1247.0
-84.30780618346921,100.0,0.0,duct_filler,0,1247.0
-77.37960295319363,100.0,0.0,duct_filler,0,1247.0
386.81001347526364,100.0,0.0,duct_filler,0,1247.0
393.7382167055391,100.0,0.0,duct_filler,0,1247.0
400.6664199358146,100.0,0.0,duct_filler,0,1247.0
407.5946231660902,100.0,0.0,duct_filler,0,1247.0
414.52282639636553,100.0,0.0,duct_filler,0,1247.0
421.451029626641,100.0,0.0,duct_filler,0,1247.0
428.3792328569165,100.0,0.0,duct_filler,0,1247.0
435.30743608719183,100.0,0.0,duct_filler,0,1247.0
442.2356393174673,100.0,0.0,duct_filler,0,1247.0
449.1638425477428,100.0,0.0,duct_filler,0,1247.0
-496.53589838486226,94.00000000000006,0.0,duct_filler,0,1247.0
-489.60769515458674,94.00000000000006,0.0,duct_filler,0,1247.0
-482.6794919243112,94.0,0.0,duct_filler,0,1247.0
-475.75128869403574,94.0,0.0,duct_filler,0,1247.0
-468.8230854637602,94.0,0.0,duct_filler,0,1247.0
-461.89488223348474,94.0,0.0,duct_filler,0,1247.0
-454.9666790032092,94.00000000000006,0.0,duct_filler,0,1247.0
-392.6128499307296,94.0,0.0,duct_filler,0,1247.0
-385.6846467004541,94.0,0.0,duct_filler,0,1247.0
-378.75644347017857,94.0,0.0,duct_filler,0,1247.0
-371.8282402399031,93.99999999999994,0.0,duct_filler,0,1247.0
-364.90003700962757,94.0,0.0,duct_filler,0,1247.0
-357.9718337793521,94.0,0.0,duct_filler,0,1247.0
-351.0436305490765,94.0,0.0,duct_filler,0,1247.0
-344.11542731880104,94.0,0.0,duct_filler,0,1247.0
-337.18722408852557,94.0,0.0,duct_filler,0,1247.0
-330.2590208582501,94.0,0.0,duct_filler,0,1247.0
-198.6231594830154,94.0,0.0,duct_filler,0,1247.0
-191.69495625273993,94.0,0.0,duct_filler,0,1247.0
-184.76675302246434,94.0,0.0,duct_filler,0,1247.0
-177.83854979218881,94.0,0.0,duct_filler,0,1247.0
-170.9103465619133,94.0,0.0,duct_filler,0,1247.0
-163.98214333163776,94.0,0.0,duct_filler,0,1247.0
-157.05394010136217,94.0,0.0,duct_filler,0,1247.0
-150.1257368710867,94.0,0.0,duct_filler,0,1247.0
-143.19753364081112,94.0,0.0,duct_filler,0,1247.0
-136.26933041053564,94.0,0.0,duct_filler,0,1247.0
-129.34112718026006,94.0,0.0,duct_filler,0,1247.0
-122.41292394998464,94.0,0.0,duct_filler,0,1247.0
-115.484720719709,94.0,0.0,duct_filler,0,1247.0
-108.55651748943353,94.0,0.0,duct_filler,0,1247.0
-101.62831425915806,94.0,0.0,duct_filler,0,1247.0
-94.70011102888253,94.0,0.0,duct_filler,0,1247.0
-87.77190779860695,94.0,0.0,duct_filler,0,1247.0
-80.84370456833142,94.0,0.0,duct_filler,0,1247.0
-73.91550133805589,94.0,0.0,duct_filler,0,1247.0
383.34591186012597,94.0,0.0,duct_filler,0,1247.0
390.27411509040144,94.0,0.0,duct_filler,0,1247.0
397.2023183206768,94.0,0.0,duct_filler,0,1247.0
404.1305215509524,94.0,0.0,duct_filler,0,1247.0
411.05872478122785,94.0,0.0,duct_filler,0,1247.0
417.9869280115033,94.0,0.0,duct_filler,0,1247.0
424.9151312417787,94.0,0.0,duct_filler,0,1247.0
431.8433344720544,94.0,0.0,duct_filler,0,1247.0
438.77153770232974,94.0,0.0,duct_filler,0,1247.0
445.6997409326052,94.0,0.0,duct_filler,0,1247.0
452.6279441628807,94.0,0.0,duct_filler,0,1247.0
-500.0,87.99999999999994,0.0,duct_filler,0,1247.0
-493.0717967697245,88.0,0.0,duct_filler,0,1247.0
-486.143593539449,88.00000000000011,0.0,duct_filler,0,1247.0
-479.2153903091735,88.00000000000006,0.0,duct_filler,0,1247.0
-472.28718707889794,88.00000000000006,0.0,duct_filler,0,1247.0
-465.3589838486225,88.00000000000006,0.0,duct_filler,0,1247.0
-458.43078061834694,88.0,0.0,duct_filler,0,1247.0
-389.14874831559183,87.99999999999994,0.0,duct_filler,0,1247.0
-382.2205450853163,87.99999999999994,0.0,duct_filler,0,1247.0
-375.29234185504083,87.99999999999994,0.0,duct_filler,0,1247.0
-368.36413862476525,88.0,0.0,duct_filler,0,1247.0
-361.4359353944898,88.0,0.0,duct_filler,0,1247.0
-354.5077321642143,88.0,0.0,duct_filler,0,1247.0
-347.57952893393883,88.0,0.0,duct_filler,0,1247.0
-340.6513257036633,88.0,0.0,duct_filler,0,1247.0
-333.72312247338783,88.0,0.0,duct_filler,0,1247.0
-257.51288694035725,88.0,0.0,duct_filler,0,1247.0
-202.0872610981532,88.0,0.0,duct_filler,0,1247.0
-195.15905786787755,88.0,0.0,duct_filler,0,1247.0
-188.23085463760208,88.0,0.0,duct_filler,0,1247.0
-181.30265140732655,88.0,0.0,duct_filler,0,1247.0
-174.37444817705102,88.0,0.0,duct_filler,0,1247.0
-167.4462449467755,88.0,0.0,duct_filler,0,1247.0
-160.51804171649997,88.0,0.0,duct_filler,0,1247.0
-153.58983848622438,88.0,0.0,duct_filler,0,1247.0
-146.6616352559489,88.0,0.0,duct_filler,0,1247.0
-139.73343202567332,88.0,0.0,duct_filler,0,1247.0
-132.8052287953978,88.0,0.0,duct_filler,0,1247.0
-125.87702556512232,88.0,0.0,duct_filler,0,1247.0
-118.9488223348468,88.0,0.0,duct_filler,0,1247.0
-112.02061910457127,88.0,0.0,duct_filler,0,1247.0
-105.09241587429574,88.0,0.0,duct_filler,0,1247.0
-98.1642126440201,88.0,0.0,duct_filler,0,1247.0
-91.23600941374474,88.0,0.0,duct_filler,0,1247.0
-84.30780618346921,88.0,0.0,duct_filler,0,1247.0
-77.37960295319363,88.0,0.0,duct_filler,0,1247.0
386.81001347526364,88.00000000000006,0.0,duct_filler,0,1247.0
393.7382167055391,88.00000000000006,0.0,duct_filler,0,1247.0
400.6664199358146,88.00000000000006,0.0,duct_filler,0,1247.0
407.5946231660902,88.00000000000006,0.0,duct_filler,0,1247.0
414.52282639636553,88.00000000000006,0.0,duct_filler,0,1247.0
421.451029626641,88.00000000000006,0.0,duct_filler,0,1247.0
428.3792328569165,88.00000000000006,0.0,duct_filler,0,1247.0
435.30743608719183,88.00000000000006,0.0,duct_filler,0,1247.0
442.2356393174673,88.00000000000006,0.0,duct_filler,0,1247.0
449.1638425477428,88.00000000000006,0.0,duct_filler,0,1247.0
456.09204577801836,88.00000000000006,0.0,duct_filler,0,1247.0
-496.53589838486226,82.00000000000006,0.0,duct_filler,0,1247.0
-489.60769515458674,82.00000000000006,0.0,duct_filler,0,1247.0
-482.6794919243112,82.00000000000006,0.0,duct_filler,0,1247.0
-475.75128869403574,82.0,0.0,duct_filler,0,1247.0
-468.8230854637602,81.99999999999994,0.0,duct_filler,0,1247.0
-461.89488223348474,82.0,0.0,duct_filler,0,1247.0
-392.6128499307296,82.0,0.0,duct_filler,0,1247.0
-385.6846467004541,82.0,0.0,duct_filler,0,1247.0
-378.75644347017857,82.0,0.0,duct_filler,0,1247.0
-371.8282402399031,82.0,0.0,duct_filler,0,1247.0
-364.90003700962757,81.99999999999994,0.0,duct_filler,0,1247.0
-357.9718337793521,81.99999999999994,0.0,duct_filler,0,1247.0
-351.0436305490765,81.99999999999994,0.0,duct_filler,0,1247.0
-344.11542731880104,81.99999999999994,0.0,duct_filler,0,1247.0
-337.18722408852557,81.99999999999994,0.0,duct_filler,0,1247.0
-260.97698855549504,81.99999999999994,0.0,duct_filler,0,1247.0
-254.04878532521957,81.99999999999994,0.0,duct_filler,0,1247.0
-247.12058209494404,81.99999999999994,0.0,duct_filler,0,1247.0
-191.69495625273993,82.00000000000006,0.0,duct_filler,0,1247.0
-184.76675302246434,82.00000000000006,0.0,duct_filler,0,1247.0
-177.83854979218881,82.00000000000006,0.0,duct_filler,0,1247.0
-170.9103465619133,82.00000000000006,0.0,duct_filler,0,1247.0
-163.98214333163776,82.00000000000006,0.0,duct_filler,0,1247.0
-157.05394010136217,82.00000000000006,0.0,duct_filler,0,1247.0
-150.1257368710867,82.00000000000006,0.0,duct_filler,0,1247.0
-143.19753364081112,82.00000000000006,0.0,duct_filler,0,1247.0
-136.26933041053564,82.00000000000006,0.0,duct_filler,0,1247.0
-129.34112718026006,82.00000000000006,0.0,duct_filler,0,1247.0
-122.41292394998464,82.00000000000006,0.0,duct_filler,0,1247.0
-115.484720719709,82.00000000000006,0.0,duct_filler,0,1247.0
-108.55651748943353,82.00000000000006,0.0,duct_filler,0,1247.0
-101.62831425915806,82.00000000000006,0.0,duct_filler,0,1247.0
-94.70011102888253,82.00000000000006,0.0,duct_filler,0,1247.0
-87.77190779860695,82.00000000000006,0.0,duct_filler,0,1247.0
383.34591186012597,82.00000000000006,0.0,duct_filler,0,1247.0
390.27411509040144,82.00000000000006,0.0,duct_filler,0,1247.0
397.2023183206768,82.00000000000006,0.0,duct_filler,0,1247.0
404.1305215509524,82.00000000000006,0.0,duct_filler,0,1247.0
411.05872478122785,82.00000000000006,0.0,duct_filler,0,1247.0
417.9869280115033,82.00000000000006,0.0,duct_filler,0,1247.0
424.9151312417787,82.00000000000006,0.0,duct_filler,0,1247.0
431.8433344720544,82.00000000000006,0.0,duct_filler,0,1247.0
438.77153770232974,82.00000000000006,0.0,duct_filler,0,1247.0
445.6997409326052,82.00000000000006,0.0,duct_filler,0,1247.0
452.6279441628807,82.00000000000006,0.0,duct_filler,0,1247.0
459.55614739315604,82.00000000000006,0.0,duct_filler,0,1247.0
-500.0,76.0,0.0,duct_filler,0,1247.0
-493.0717967697245,75.99999999999989,0.0,duct_filler,0,1247.0
-486.143593539449,76.0,0.0,duct_filler,0,1247.0
-479.2153903091735,76.00000000000006,0.0,duct_filler,0,1247.0
-472.28718707889794,76.00000000000006,0.0,duct_filler,0,1247.0
-389.14874831559183,76.00000000000006,0.0,duct_filler,0,1247.0
-382.2205450853163,76.00000000000006,0.0,duct_filler,0,1247.0
-375.29234185504083,76.0,0.0,duct_filler,0,1247.0
-368.36413862476525,76.0,0.0,duct_filler,0,1247.0
-361.4359353944898,76.0,0.0,duct_filler,0,1247.0
-354.5077321642143,76.0,0.0,duct_filler,0,1247.0
-347.57952893393883,76.0,0.0,duct_filler,0,1247.0
-340.6513257036633,76.0,0.0,duct_filler,0,1247.0
-257.51288694035725,76.0,0.0,duct_filler,0,1247.0
-250.58468371008178,76.0,0.0,duct_filler,0,1247.0
-188.23085463760208,76.00000000000006,0.0,duct_filler,0,1247.0
-181.30265140732655,76.00000000000006,0.0,duct_filler,0,1247.0
-174.37444817705102,76.00000000000006,0.0,duct_filler,0,1247.0
-167.4462449467755,76.00000000000006,0.0,duct_filler,0,1247.0
-160.51804171649997,76.00000000000006,0.0,duct_filler,0,1247.0
-153.58983848622438,76.00000000000006,0.0,duct_filler,0,1247.0
-146.6616352559489,76.00000000000006,0.0,duct_filler,0,1247.0
-139.73343202567332,76.00000000000006,0.0,duct_filler,0,1247.0
-132.8052287953978,76.00000000000006,0.0,duct_filler,0,1247.0
-125.87702556512232,76.00000000000006,0.0,duct_filler,0,1247.0
-118.9488223348468,76.00000000000006,0.0,duct_filler,0,1247.0
-112.02061910457127,76.00000000000006,0.0,duct_filler,0,1247.0
-105.09241587429574,76.00000000000006,0.0,duct_filler,0,1247.0
-98.1642126440201,76.00000000000006,0.0,duct_filler,0,1247.0
-91.23600941374474,76.00000000000006,0.0,duct_filler,0,1247.0
386.81001347526364,76.0,0.0,duct_filler,0,1247.0
393.7382167055391,76.0,0.0,duct_filler,0,1247.0
400.6664199358146,76.0,0.0,duct_filler,0,1247.0
407.5946231660902,76.0,0.0,duct_filler,0,1247.0
414.52282639636553,76.0,0.0,duct_filler,0,1247.0
421.451029626641,76.0,0.0,duct_filler,0,1247.0
428.3792328569165,76.0,0.0,duct_filler,0,1247.0
435.30743608719183,76.0,0.0,duct_filler,0,1247.0
442.2356393174673,76.0,0.0,duct_filler,0,1247.0
449.1638425477428,76.0,0.0,duct_filler,0,1247.0
456.09204577801836,76.0,0.0,duct_filler,0,1247.0
-496.53589838486226,69.99999999999994,0.0,duct_filler,0,1247.0
-489.60769515458674,69.99999999999994,0.0,duct_filler,0,1247.0
-482.6794919243112,70.00000000000006,0.0,duct_filler,0,1247.0
-475.75128869403574,70.00000000000006,0.0,duct_filler,0,1247.0
-392.6128499307296,70.00000000000006,0.0,duct_filler,0,1247.0
-385.6846467004541,70.00000000000006,0.0,duct_filler,0,1247.0
-378.75644347017857,70.00000000000006,0.0,duct_filler,0,1247.0
-371.8282402399031,70.00000000000006,0.0,duct_filler,0,1247.0
-364.90003700962757,70.0,0.0,duct_filler,0,1247.0
-357.9718337793521,70.0,0.0,duct_filler,0,1247.0
-351.0436305490765,70.0,0.0,duct_filler,0,1247.0
-344.11542731880104,70.0,0.0,duct_filler,0,1247.0
-260.97698855549504,70.0,0.0,duct_filler,0,1247.0
-254.04878532521957,70.0,0.0,duct_filler,0,1247.0
-247.12058209494404,70.0,0.0,duct_filler,0,1247.0
-157.05394010136217,70.00000000000006,0.0,duct_filler,0,1247.0
-150.1257368710867,70.00000000000006,0.0,duct_filler,0,1247.0
-143.19753364081112,70.00000000000006,0.0,duct_filler,0,1247.0
-136.26933041053564,70.00000000000006,0.0,duct_filler,0,1247.0
-129.34112718026006,70.00000000000006,0.0,duct_filler,0,1247.0
-122.41292394998464,70.00000000000006,0.0,duct_filler,0,1247.0
-115.484720719709,70.00000000000006,0.0,duct_filler,0,1247.0
-108.55651748943353,70.00000000000006,0.0,duct_filler,0,1247.0
-101.62831425915806,70.00000000000006,0.0,duct_filler,0,1247.0
-94.70011102888253,70.00000000000006,0.0,duct_filler,0,1247.0
397.2023183206768,70.0,0.0,duct_filler,0,1247.0
404.1305215509524,70.0,0.0,duct_filler,0,1247.0
411.05872478122785,70.0,0.0,duct_filler,0,1247.0
417.9869280115033,70.0,0.0,duct_filler,0,1247.0
424.9151312417787,70.0,0.0,duct_filler,0,1247.0
431.8433344720544,70.0,0.0,duct_filler,0,1247.0
438.77153770232974,70.0,0.0,duct_filler,0,1247.0
445.6997409326052,70.0,0.0,duct_filler,0,1247.0
452.6279441628807,70.0,0.0,duct_filler,0,1247.0
459.55614739315604,70.0,0.0,duct_filler,0,1247.0
-500.0,63.99999999999994,0.0,duct_filler,0,1247.0
-493.0717967697245,64.0,0.0,duct_filler,0,1247.0
-486.143593539449,63.99999999999994,0.0,duct_filler,0,1247.0
-479.2153903091735,64.0,0.0,duct_filler,0,1247.0
-472.28718707889794,64.0,0.0,duct_filler,0,1247.0
-396.07695154586736,64.0,0.0,duct_filler,0,1247.0
-389.14874831559183,64.0,0.0,duct_filler,0,1247.0
-382.2205450853163,64.0,0.0,duct_filler,0,1247.0
-375.29234185504083,63.99999999999994,0.0,duct_filler,0,1247.0
-368.36413862476525,64.00000000000006,0.0,duct_filler,0,1247.0
-361.4359353944898,64.00000000000006,0.0,duct_filler,0,1247.0
-354.5077321642143,64.00000000000006,0.0,duct_filler,0,1247.0
-347.57952893393883,64.00000000000006,0.0,duct_filler,0,1247.0
-340.6513257036633,64.00000000000006,0.0,duct_filler,0,1247.0
-264.44109017063283,64.00000000000006,0.0,duct_filler,0,1247.0
-257.51288694035725,64.00000000000006,0.0,duct_filler,0,1247.0
-250.58468371008178,64.00000000000006,0.0,duct_filler,0,1247.0
-243.6564804798063,64.0,0.0,duct_filler,0,1247.0
-236.72827724953078,64.0,0.0,duct_filler,0,1247.0
-160.51804171649997,64.0,0.0,duct_filler,0,1247.0
-153.58983848622438,64.0,0.0,duct_filler,0,1247.0
-146.6616352559489,64.0,0.0,duct_filler,0,1247.0
-139.73343202567332,64.0,0.0,duct_filler,0,1247.0
-132.8052287953978,64.0,0.0,duct_filler,0,1247.0
-125.87702556512232,64.0,0.0,duct_filler,0,1247.0
-118.9488223348468,64.0,0.0,duct_filler,0,1247.0
-112.02061910457127,64.0,0.0,duct_filler,0,1247.0
-105.09241587429574,64.0,0.0,duct_filler,0,1247.0
-98.1642126440201,64.0,0.0,duct_filler,0,1247.0
400.6664199358146,64.00000000000006,0.0,duct_filler,0,1247.0
407.5946231660902,64.00000000000006,0.0,duct_filler,0,1247.0
414.52282639636553,64.00000000000006,0.0,duct_filler,0,1247.0
421.451029626641,64.00000000000006,0.0,duct_filler,0,1247.0
428.3792328569165,64.00000000000006,0.0,duct_filler,0,1247.0
435.30743608719183,64.00000000000006,0.0,duct_filler,0,1247.0
442.2356393174673,64.00000000000006,0.0,duct_filler,0,1247.0
449.1638425477428,64.00000000000006,0.0,duct_filler,0,1247.0
456.09204577801836,64.00000000000006,0.0,duct_filler,0,1247.0
463.02024900829383,64.00000000000006,0.0,duct_filler,0,1247.0
-496.53589838486226,58.00000000000006,0.0,duct_filler,0,1247.0
-489.60769515458674,58.00000000000006,0.0,duct_filler,0,1247.0
-482.6794919243112,58.00000000000006,0.0,duct_filler,0,1247.0
-475.75128869403574,58.0,0.0,duct_filler,0,1247.0
-468.8230854637602,58.00000000000006,0.0,duct_filler,0,1247.0
-392.6128499307296,58.00000000000006,0.0,duct_filler,0,1247.0
-385.6846467004541,58.00000000000006,0.0,duct_filler,0,1247.0
-378.75644347017857,58.00000000000006,0.0,duct_filler,0,1247.0
-371.8282402399031,58.0,0.0,duct_filler,0,1247.0
-364.90003700962757,58.0,0.0,duct_filler,0,1247.0
-357.9718337793521,58.0,0.0,duct_filler,0,1247.0
-351.0436305490765,58.0,0.0,duct_filler,0,1247.0
-344.11542731880104,58.0,0.0,duct_filler,0,1247.0
-267.9051917857706,58.0,0.0,duct_filler,0,1247.0
-260.97698855549504,58.0,0.0,duct_filler,0,1247.0
-254.04878532521957,58.0,0.0,duct_filler,0,1247.0
-247.12058209494404,58.0,0.0,duct_filler,0,1247.0
-240.19237886466857,58.0,0.0,duct_filler,0,1247.0
-157.05394010136217,58.0,0.0,duct_filler,0,1247.0
-150.1257368710867,58.0,0.0,duct_filler,0,1247.0
-143.19753364081112,58.0,0.0,duct_filler,0,1247.0
-136.26933041053564,58.0,0.0,duct_filler,0,1247.0
-129.34112718026006,58.0,0.0,duct_filler,0,1247.0
-122.41292394998464,58.0,0.0,duct_filler,0,1247.0
-115.484720719709,58.0,0.0,duct_filler,0,1247.0
-108.55651748943353,58.0,0.0,duct_filler,0,1247.0
-101.62831425915806,58.0,0.0,duct_filler,0,1247.0
23.079343885801563,58.0,0.0,duct_filler,0,1247.0
30.00754711607692,58.0,0.0,duct_filler,0,1247.0
397.2023183206768,58.0,0.0,duct_filler,0,1247.0
404.1305215509524,58.0,0.0,duct_filler,0,1247.0
411.05872478122785,58.0,0.0,duct_filler,0,1247.0
417.9869280115033,58.0,0.0,duct_filler,0,1247.0
424.9151312417787,58.0,0.0,duct_filler,0,1247.0
431.8433344720544,58.0,0.0,duct_filler,0,1247.0
438.77153770232974,58.0,0.0,duct_filler,0,1247.0
445.6997409326052,58.0,0.0,duct_filler,0,1247.0
452.6279441628807,58.0,0.0,duct_filler,0,1247.0
459.55614739315604,58.0,0.0,duct_filler,0,1247.0
-500.0,51.99999999999994,0.0,duct_filler,0,1247.0
-493.0717967697245,52.0,0.0,duct_filler,0,1247.0
-486.143593539449,52.0,0.0,duct_filler,0,1247.0
-479.2153903091735,52.0,0.0,duct_filler,0,1247.0
-472.28718707889794,52.0,0.0,duct_filler,0,1247.0
-396.07695154586736,52.0,0.0,duct_filler,0,1247.0
-389.14874831559183,52.0,0.0,duct_filler,0,1247.0
-382.2205450853163,52.0,0.0,duct_filler,0,1247.0
-375.29234185504083,51.99999999999994,0.0,duct_filler,0,1247.0
-368.36413862476525,52.0,0.0,duct_filler,0,1247.0
-361.4359353944898,52.0,0.0,duct_filler,0,1247.0
-354.5077321642143,52.0,0.0,duct_filler,0,1247.0
-347.57952893393883,52.0,0.0,duct_filler,0,1247.0
-278.29749663118383,52.0,0.0,duct_filler,0,1247.0
-271.3692934009083,52.0,0.0,duct_filler,0,1247.0
-264.44109017063283,52.0,0.0,duct_filler,0,1247.0
-257.51288694035725,52.0,0.0,duct_filler,0,1247.0
-250.58468371008178,52.0,0.0,duct_filler,0,1247.0
-243.6564804798063,52.0,0.0,duct_filler,0,1247.0
-236.72827724953078,52.0,0.0,duct_filler,0,1247.0
-160.51804171649997,52.0,0.0,duct_filler,0,1247.0
-153.58983848622438,52.0,0.0,duct_filler,0,1247.0
-146.6616352559489,52.0,0.0,duct_filler,0,1247.0
-139.73343202567332,52.0,0.0,duct_filler,0,1247.0
-132.8052287953978,52.0,0.0,duct_filler,0,1247.0
-125.87702556512232,52.0,0.0,duct_filler,0,1247.0
-118.9488223348468,52.0,0.0,duct_filler,0,1247.0
-112.02061910457127,52.0,0.0,duct_filler,0,1247.0
-105.09241587429574,52.0,0.0,duct_filler,0,1247.0
12.6870390403883,52.000000000000114,0.0,duct_filler,0,1247.0
19.615242270663657,52.0,0.0,duct_filler,0,1247.0
26.54344550093913,52.0,0.0,duct_filler,0,1247.0
400.6664199358146,52.0,0.0,duct_filler,0,1247.0
407.5946231660902,52.0,0.0,duct_filler,0,1247.0
414.52282639636553,52.0,0.0,duct_filler,0,1247.0
421.451029626641,52.0,0.0,duct_filler,0,1247.0
428.3792328569165,52.0,0.0,duct_filler,0,1247.0
435.30743608719183,52.0,0.0,duct_filler,0,1247.0
442.2356393174673,52.0,0.0,duct_filler,0,1247.0
449.1638425477428,52.0,0.0,duct_filler,0,1247.0
456.09204577801836,52.0,0.0,duct_filler,0,1247.0
-496.53589838486226,45.99999999999994,0.0,duct_filler,0,1247.0
-489.60769515458674,45.99999999999994,0.0,duct_filler,0,1247.0
-482.6794919243112,46.00000000000006,0.0,duct_filler,0,1247.0
-475.75128869403574,46.0,0.0,duct_filler,0,1247.0
-385.6846467004541,46.00000000000006,0.0,duct_filler,0,1247.0
-378.75644347017857,46.00000000000006,0.0,duct_filler,0,1247.0
-371.8282402399031,46.0,0.0,duct_filler,0,1247.0
-364.90003700962757,46.0,0.0,duct_filler,0,1247.0
-357.9718337793521,46.0,0.0,duct_filler,0,1247.0
-351.0436305490765,46.0,0.0,duct_filler,0,1247.0
-281.76159824632157,46.0,0.0,duct_filler,0,1247.0
-274.8333950160461,46.0,0.0,duct_filler,0,1247.0
-267.9051917857706,46.0,0.0,duct_filler,0,1247.0
-260.97698855549504,46.0,0.0,duct_filler,0,1247.0
-254.04878532521957,46.0,0.0,duct_filler,0,1247.0
-247.12058209494404,46.0,0.0,duct_filler,0,1247.0
-240.19237886466857,46.0,0.0,duct_filler,0,1247.0
-163.98214333163776,46.0,0.0,duct_filler,0,1247.0
-157.05394010136217,46.0,0.0,duct_filler,0,1247.0
-150.1257368710867,46.0,0.0,duct_filler,0,1247.0
-143.19753364081112,46.0,0.0,duct_filler,0,1247.0
-136.26933041053564,46.0,0.0,duct_filler,0,1247.0
-129.34112718026006,46.0,0.0,duct_filler,0,1247.0
-122.41292394998464,46.0,0.0,duct_filler,0,1247.0
-115.484720719709,46.0,0.0,duct_filler,0,1247.0
-108.55651748943353,46.0,0.0,duct_filler,0,1247.0
-101.62831425915806,46.0,0.0,duct_filler,0,1247.0
-94.70011102888253,46.0,0.0,duct_filler,0,1247.0
16.151140655525978,46.0,0.0,duct_filler,0,1247.0
23.079343885801563,46.0,0.0,duct_filler,0,1247.0
30.00754711607692,46.0,0.0,duct_filler,0,1247.0
404.1305215509524,46.0,0.0,duct_filler,0,1247.0
411.05872478122785,46.0,0.0,duct_filler,0,1247.0
417.9869280115033,46.0,0.0,duct_filler,0,1247.0
424.9151312417787,46.0,0.0,duct_filler,0,1247.0
431.8433344720544,46.0,0.0,duct_filler,0,1247.0
438.77153770232974,46.0,0.0,duct_filler,0,1247.0
445.6997409326052,46.0,0.0,duct_filler,0,1247.0
-500.0,40.0,0.0,duct_filler,0,1247.0
-493.0717967697245,40.0,0.0,duct_filler,0,1247.0
-486.143593539449,40.0,0.0,duct_filler,0,1247.0
-403.00515477614283,40.0,0.0,duct_filler,0,1247.0
-396.07695154586736,40.0,0.0,duct_filler,0,1247.0
-389.14874831559183,40.0,0.0,duct_filler,0,1247.0
-382.2205450853163,40.0,0.0,duct_filler,0,1247.0
-375.29234185504083,40.00000000000006,0.0,duct_filler,0,1247.0
-368.36413862476525,40.00000000000006,0.0,duct_filler,0,1247.0
-361.4359353944898,40.00000000000006,0.0,duct_filler,0,1247.0
-354.5077321642143,40.00000000000006,0.0,duct_filler,0,1247.0
-347.57952893393883,40.00000000000006,0.0,duct_filler,0,1247.0
-285.22569986145925,40.00000000000006,0.0,duct_filler,0,1247.0
-278.29749663118383,40.00000000000006,0.0,duct_filler,0,1247.0
-271.3692934009083,40.00000000000006,0.0,duct_filler,0,1247.0
-264.44109017063283,40.00000000000006,0.0,duct_filler,0,1247.0
-257.51288694035725,40.00000000000006,0.0,duct_filler,0,1247.0
-250.58468371008178,40.00000000000006,0.0,duct_filler,0,1247.0
-243.6564804798063,40.00000000000006,0.0,duct_filler,0,1247.0
-236.72827724953078,40.0,0.0,duct_filler,0,1247.0
-167.4462449467755,40.0,0.0,duct_filler,0,1247.0
-160.51804171649997,40.0,0.0,duct_filler,0,1247.0
-153.58983848622438,40.0,0.0,duct_filler,0,1247.0
-146.6616352559489,40.0,0.0,duct_filler,0,1247.0
-139.73343202567332,40.0,0.0,duct_filler,0,1247.0
-132.8052287953978,40.0,0.0,duct_filler,0,1247.0
-125.87702556512232,40.0,0.0,duct_filler,0,1247.0
-118.9488223348468,40.0,0.0,duct_filler,0,1247.0
-112.02061910457127,40.0,0.0,duct_filler,0,1247.0
-105.09241587429574,40.0,0.0,duct_filler,0,1247.0
-98.1642126440201,40.0,0.0,duct_filler,0,1247.0
-91.23600941374474,40.0,0.0,duct_filler,0,1247.0
12.6870390403883,40.00000000000006,0.0,duct_filler,0,1247.0
19.615242270663657,39.99999999999994,0.0,duct_filler,0,1247.0
26.54344550093913,39.99999999999994,0.0,duct_filler,0,1247.0
33.4716487312146,39.99999999999994,0.0,duct_filler,0,1247.0
324.4561844027844,39.99999999999994,0.0,duct_filler,0,1247.0
400.6664199358146,39.99999999999994,0.0,duct_filler,0,1247.0
407.5946231660902,39.99999999999994,0.0,duct_filler,0,1247.0
414.52282639636553,39.99999999999994,0.0,duct_filler,0,1247.0
421.451029626641,39.99999999999994,0.0,duct_filler,0,1247.0
428.3792328569165,39.99999999999994,0.0,duct_filler,0,1247.0
435.30743608719183,39.99999999999994,0.0,duct_filler,0,1247.0
442.2356393174673,39.99999999999994,0.0,duct_filler,0,1247.0
449.1638425477428,39.99999999999994,0.0,duct_filler,0,1247.0
-496.53589838486226,34.00000000000006,0.0,duct_filler,0,1247.0
-489.60769515458674,33.99999999999994,0.0,duct_filler,0,1247.0
-406.4692563912806,34.0,0.0,duct_filler,0,1247.0
-399.54105316100515,34.0,0.0,duct_filler,0,1247.0
-392.6128499307296,34.0,0.0,duct_filler,0,1247.0
-385.6846467004541,34.0,0.0,duct_filler,0,1247.0
-378.75644347017857,34.0,0.0,duct_filler,0,1247.0
-371.8282402399031,34.0,0.0,duct_filler,0,1247.0
-364.90003700962757,34.0,0.0,duct_filler,0,1247.0
-357.9718337793521,34.0,0.0,duct_filler,0,1247.0
-351.0436305490765,34.0,0.0,duct_filler,0,1247.0
-288.68980147659704,34.0,0.0,duct_filler,0,1247.0
-281.76159824632157,34.0,0.0,duct_filler,0,1247.0
-274.8333950160461,34.0,0.0,duct_filler,0,1247.0
-267.9051917857706,34.0,0.0,duct_filler,0,1247.0
-260.97698855549504,34.0,0.0,duct_filler,0,1247.0
-254.04878532521957,34.0,0.0,duct_filler,0,1247.0
-247.12058209494404,34.0,0.0,duct_filler,0,1247.0
-240.19237886466857,34.00000000000006,0.0,duct_filler,0,1247.0
-233.26417563439304,34.00000000000006,0.0,duct_filler,0,1247.0
-170.9103465619133,34.00000000000006,0.0,duct_filler,0,1247.0
-163.98214333163776,34.00000000000006,0.0,duct_filler,0,1247.0
-157.05394010136217,34.00000000000006,0.0,duct_filler,0,1247.0
-150.1257368710867,34.00000000000006,0.0,duct_filler,0,1247.0
-143.19753364081112,34.00000000000006,0.0,duct_filler,0,1247.0
-136.26933041053564,34.00000000000006,0.0,duct_filler,0,1247.0
-129.34112718026006,34.00000000000006,0.0,duct_filler,0,1247.0
-122.41292394998464,34.00000000000006,0.0,duct_filler,0,1247.0
-115.484720719709,34.00000000000006,0.0,duct_filler,0,1247.0
-108.55651748943353,34.00000000000006,0.0,duct_filler,0,1247.0
-101.62831425915806,34.00000000000006,0.0,duct_filler,0,1247.0
-94.70011102888253,34.00000000000006,0.0,duct_filler,0,1247.0
9.222937425250507,34.00000000000006,0.0,duct_filler,0,1247.0
16.151140655525978,34.0,0.0,duct_filler,0,1247.0
23.079343885801563,34.0,0.0,duct_filler,0,1247.0
30.00754711607692,34.0,0.0,duct_filler,0,1247.0
36.93575034635239,34.0,0.0,duct_filler,0,1247.0
307.13567632709567,34.0,0.0,duct_filler,0,1247.0
314.06387955737125,34.0,0.0,duct_filler,0,1247.0
320.9920827876467,34.0,0.0,duct_filler,0,1247.0
327.92028601792254,34.0,0.0,duct_filler,0,1247.0
334.84848924819755,34.0,0.0,duct_filler,0,1247.0
341.77669247847336,34.0,0.0,duct_filler,0,1247.0
355.6330989390242,34.0,0.0,duct_filler,0,1247.0
362.56130216929967,34.0,0.0,duct_filler,0,1247.0
404.1305215509524,34.0,0.0,duct_filler,0,1247.0
411.05872478122785,34.0,0.0,duct_filler,0,1247.0
417.9869280115033,34.0,0.0,duct_filler,0,1247.0
424.9151312417787,34.0,0.0,duct_filler,0,1247.0
431.8433344720544,34.0,0.0,duct_filler,0,1247.0
438.77153770232974,34.0,0.0,duct_filler,0,1247.0
-500.0,28.0,0.0,duct_filler,0,1247.0
-493.0717967697245,28.000000000000114,0.0,duct_filler,0,1247.0
-423.7897644669694,27.999999999999943,0.0,duct_filler,0,1247.0
-416.8615612366939,27.999999999999943,0.0,duct_filler,0,1247.0
-409.93335800641836,27.999999999999943,0.0,duct_filler,0,1247.0
-403.00515477614283,27.999999999999943,0.0,duct_filler,0,1247.0
-396.07695154586736,27.999999999999943,0.0,duct_filler,0,1247.0
-389.14874831559183,27.999999999999943,0.0,duct_filler,0,1247.0
-382.2205450853163,27.999999999999943,0.0,duct_filler,0,1247.0
-375.29234185504083,28.000000000000057,0.0,duct_filler,0,1247.0
-368.36413862476525,28.000000000000057,0.0,duct_filler,0,1247.0
-361.4359353944898,28.000000000000057,0.0,duct_filler,0,1247.0
-354.5077321642143,28.000000000000057,0.0,duct_filler,0,1247.0
-347.57952893393883,28.000000000000057,0.0,duct_filler,0,1247.0
-285.22569986145925,28.000000000000057,0.0,duct_filler,0,1247.0
-278.29749663118383,28.000000000000057,0.0,duct_filler,0,1247.0
-271.3692934009083,28.000000000000057,0.0,duct_filler,0,1247.0
-264.44109017063283,28.000000000000057,0.0,duct_filler,0,1247.0
-257.51288694035725,28.000000000000057,0.0,duct_filler,0,1247.0
-250.58468371008178,28.000000000000057,0.0,duct_filler,0,1247.0
-243.6564804798063,27.999999999999943,0.0,duct_filler,0,1247.0
-236.72827724953078,28.000000000000057,0.0,duct_filler,0,1247.0
-167.4462449467755,28.000000000000057,0.0,duct_filler,0,1247.0
-160.51804171649997,28.000000000000057,0.0,duct_filler,0,1247.0
-153.58983848622438,28.000000000000057,0.0,duct_filler,0,1247.0
-146.6616352559489,28.000000000000057,0.0,duct_filler,0,1247.0
-139.73343202567332,28.000000000000057,0.0,duct_filler,0,1247.0
-132.8052287953978,28.000000000000057,0.0,duct_filler,0,1247.0
-125.87702556512232,28.000000000000057,0.0,duct_filler,0,1247.0
-118.9488223348468,28.000000000000057,0.0,duct_filler,0,1247.0
-112.02061910457127,28.000000000000057,0.0,duct_filler,0,1247.0
12.6870390403883,28.0,0.0,duct_filler,0,1247.0
19.615242270663657,28.0,0.0,duct_filler,0,1247.0
26.54344550093913,28.0,0.0,duct_filler,0,1247.0
33.4716487312146,28.0,0.0,duct_filler,0,1247.0
303.671574711958,28.0,0.0,duct_filler,0,1247.0
310.5997779422336,28.0,0.0,duct_filler,0,1247.0
317.5279811725088,28.0,0.0,duct_filler,0,1247.0
324.4561844027844,28.0,0.0,duct_filler,0,1247.0
331.3843876330599,28.0,0.0,duct_filler,0,1247.0
338.31259086333534,28.0,0.0,duct_filler,0,1247.0
345.2407940936107,28.0,0.0,duct_filler,0,1247.0
352.1689973238865,28.0,0.0,duct_filler,0,1247.0
359.097200554162,28.0,0.0,duct_filler,0,1247.0
366.02540378443734,28.0,0.0,duct_filler,0,1247.0
372.9536070147128,28.0,0.0,duct_filler,0,1247.0
379.8818102449883,28.0,0.0,duct_filler,0,1247.0
407.5946231660902,28.0,0.0,duct_filler,0,1247.0
414.52282639636553,28.0,0.0,duct_filler,0,1247.0
421.451029626641,28.0,0.0,duct_filler,0,1247.0
428.3792328569165,28.0,0.0,duct_filler,0,1247.0
435.30743608719183,28.0,0.0,duct_filler,0,1247.0
442.2356393174673,28.0,0.0,duct_filler,0,1247.0
-496.53589838486226,21.999999999999943,0.0,duct_filler,0,1247.0
-427.25386608210715,22.0,0.0,duct_filler,0,1247.0
-420.3256628518316,22.0,0.0,duct_filler,0,1247.0
-413.39745962155615,22.0,0.0,duct_filler,0,1247.0
-406.4692563912806,22.0,0.0,duct_filler,0,1247.0
-399.54105316100515,22.0,0.0,duct_filler,0,1247.0
-392.6128499307296,22.0,0.0,duct_filler,0,1247.0
-385.6846467004541,22.0,0.0,duct_filler,0,1247.0
-378.75644347017857,22.0,0.0,duct_filler,0,1247.0
-371.8282402399031,22.0,0.0,duct_filler,0,1247.0
-364.90003700962757,22.000000000000057,0.0,duct_filler,0,1247.0
-357.9718337793521,22.000000000000057,0.0,duct_filler,0,1247.0
-351.0436305490765,22.000000000000057,0.0,duct_filler,0,1247.0
-344.11542731880104,22.000000000000057,0.0,duct_filler,0,1247.0
-281.76159824632157,22.000000000000057,0.0,duct_filler,0,1247.0
-274.8333950160461,22.000000000000057,0.0,duct_filler,0,1247.0
-267.9051917857706,22.000000000000057,0.0,duct_filler,0,1247.0
-260.97698855549504,22.000000000000057,0.0,duct_filler,0,1247.0
-254.04878532521957,22.000000000000057,0.0,duct_filler,0,1247.0
-247.12058209494404,22.000000000000057,0.0,duct_filler,0,1247.0
-240.19237886466857,22.000000000000057,0.0,duct_filler,0,1247.0
-163.98214333163776,22.000000000000057,0.0,duct_filler,0,1247.0
-157.05394010136217,22.000000000000057,0.0,duct_filler,0,1247.0
-150.1257368710867,22.000000000000057,0.0,duct_filler,0,1247.0
-143.19753364081112,22.000000000000057,0.0,duct_filler,0,1247.0
-136.26933041053564,22.000000000000057,0.0,duct_filler,0,1247.0
-129.34112718026006,22.000000000000057,0.0,duct_filler,0,1247.0
-122.41292394998464,22.000000000000057,0.0,duct_filler,0,1247.0
-115.484720719709,22.000000000000057,0.0,duct_filler,0,1247.0
16.151140655525978,21.999999999999943,0.0,duct_filler,0,1247.0
23.079343885801563,21.999999999999943,0.0,duct_filler,0,1247.0
30.00754711607692,21.999999999999943,0.0,duct_filler,0,1247.0
307.13567632709567,21.999999999999943,0.0,duct_filler,0,1247.0
314.06387955737125,21.999999999999943,0.0,duct_filler,0,1247.0
320.9920827876467,21.999999999999943,0.0,duct_filler,0,1247.0
327.92028601792254,21.999999999999943,0.0,duct_filler,0,1247.0
334.84848924819755,21.999999999999943,0.0,duct_filler,0,1247.0
341.77669247847336,21.999999999999943,0.0,duct_filler,0,1247.0
348.70489570874884,21.999999999999943,0.0,duct_filler,0,1247.0
355.6330989390242,21.999999999999943,0.0,duct_filler,0,1247.0
362.56130216929967,21.999999999999943,0.0,duct_filler,0,1247.0
369.48950539957514,21.999999999999943,0.0,duct_filler,0,1247.0
376.4177086298505,21.999999999999943,0.0,duct_filler,0,1247.0
383.34591186012597,21.999999999999943,0.0,duct_filler,0,1247.0
390.27411509040144,21.999999999999943,0.0,duct_filler,0,1247.0
417.9869280115033,21.999999999999943,0.0,duct_filler,0,1247.0
424.9151312417787,21.999999999999943,0.0,duct_filler,0,1247.0
431.8433344720544,21.999999999999943,0.0,duct_filler,0,1247.0
438.77153770232974,21.999999999999943,0.0,duct_filler,0,1247.0
-500.0,15.999999999999943,0.0,duct_filler,0,1247.0
-430.71796769724494,16.000000000000057,0.0,duct_filler,0,1247.0
-423.7897644669694,16.000000000000057,0.0,duct_filler,0,1247.0
-416.8615612366939,16.000000000000057,0.0,duct_filler,0,1247.0
-409.93335800641836,16.000000000000057,0.0,duct_filler,0,1247.0
-403.00515477614283,16.000000000000057,0.0,duct_filler,0,1247.0
-375.29234185504083,16.0,0.0,duct_filler,0,1247.0
-368.36413862476525,16.0,0.0,duct_filler,0,1247.0
-361.4359353944898,16.0,0.0,duct_filler,0,1247.0
-354.5077321642143,16.0,0.0,duct_filler,0,1247.0
-347.57952893393883,16.0,0.0,duct_filler,0,1247.0
-278.29749663118383,16.0,0.0,duct_filler,0,1247.0
-271.3692934009083,16.0,0.0,duct_filler,0,1247.0
-264.44109017063283,16.0,0.0,duct_filler,0,1247.0
-257.51288694035725,16.0,0.0,duct_filler,0,1247.0
-153.58983848622438,16.000000000000057,0.0,duct_filler,0,1247.0
-146.6616352559489,16.000000000000057,0.0,duct_filler,0,1247.0
-139.73343202567332,16.000000000000057,0.0,duct_filler,0,1247.0
-132.8052287953978,16.000000000000057,0.0,duct_filler,0,1247.0
-125.87702556512232,16.000000000000057,0.0,duct_filler,0,1247.0
303.671574711958,16.000000000000057,0.0,duct_filler,0,1247.0
310.5997779422336,16.000000000000057,0.0,duct_filler,0,1247.0
317.5279811725088,16.000000000000057,0.0,duct_filler,0,1247.0
324.4561844027844,16.000000000000057,0.0,duct_filler,0,1247.0
331.3843876330599,16.000000000000057,0.0,duct_filler,0,1247.0
338.31259086333534,16.000000000000057,0.0,duct_filler,0,1247.0
345.2407940936107,16.000000000000057,0.0,duct_filler,0,1247.0
352.1689973238865,16.000000000000057,0.0,duct_filler,0,1247.0
359.097200554162,16.000000000000057,0.0,duct_filler,0,1247.0
366.02540378443734,16.000000000000057,0.0,duct_filler,0,1247.0
372.9536070147128,16.000000000000057,0.0,duct_filler,0,1247.0
379.8818102449883,16.000000000000057,0.0,duct_filler,0,1247.0
386.81001347526364,16.000000000000057,0.0,duct_filler,0,1247.0
421.451029626641,16.000000000000057,0.0,duct_filler,0,1247.0
428.3792328569165,16.000000000000057,0.0,duct_filler,0,1247.0
435.30743608719183,16.000000000000057,0.0,duct_filler,0,1247.0
-427.25386608210715,10.0,0.0,duct_filler,0,1247.0
-420.3256628518316,10.0,0.0,duct_filler,0,1247.0
-413.39745962155615,10.0,0.0,duct_filler,0,1247.0
-364.90003700962757,10.0,0.0,duct_filler,0,1247.0
-357.9718337793521,10.0,0.0,duct_filler,0,1247.0
-351.0436305490765,10.0,0.0,duct_filler,0,1247.0
-274.8333950160461,10.0,0.0,duct_filler,0,1247.0
-267.9051917857706,10.0,0.0,duct_filler,0,1247.0
-150.1257368710867,10.0,0.0,duct_filler,0,1247.0
-143.19753364081112,10.0,0.0,duct_filler,0,1247.0
-136.26933041053564,10.0,0.0,duct_filler,0,1247.0
300.2074730968204,10.0,0.0,duct_filler,0,1247.0
307.13567632709567,10.0,0.0,duct_filler,0,1247.0
314.06387955737125,10.0,0.0,duct_filler,0,1247.0
320.9920827876467,10.0,0.0,duct_filler,0,1247.0
327.92028601792254,10.0,0.0,duct_filler,0,1247.0
334.84848924819755,10.0,0.0,duct_filler,0,1247.0
341.77669247847336,10.0,0.0,duct_filler,0,1247.0
348.70489570874884,10.0,0.0,duct_filler,0,1247.0
355.6330989390242,10.0,0.0,duct_filler,0,1247.0
362.56130216929967,10.0,0.0,duct_filler,0,1247.0
369.48950539957514,10.0,0.0,duct_filler,0,1247.0
376.4177086298505,10.0,0.0,duct_filler,0,1247.0
383.34591186012597,10.0,0.0,duct_filler,0,1247.0
390.27411509040144,10.0,0.0,duct_filler,0,1247.0
-500.0,4.0,0.0,duct_filler,0,1247.0
-423.7897644669694,4.0,0.0,duct_filler,0,1247.0
-416.8615612366939,4.0,0.0,duct_filler,0,1247.0
-354.5077321642143,4.000000000000057,0.0,duct_filler,0,1247.0
-153.58983848622438,4.0,0.0,duct_filler,0,1247.0
-146.6616352559489,4.0,0.0,duct_filler,0,1247.0
-139.73343202567332,4.0,0.0,duct_filler,0,1247.0
-132.8052287953978,4.0,0.0,duct_filler,0,1247.0
303.671574711958,4.0,0.0,duct_filler,0,1247.0
310.5997779422336,4.0,0.0,duct_filler,0,1247.0
317.5279811725088,4.0,0.0,duct_filler,0,1247.0
324.4561844027844,4.0,0.0,duct_filler,0,1247.0
331.3843876330599,4.0,0.0,duct_filler,0,1247.0
338.31259086333534,4.0,0.0,duct_filler,0,1247.0
345.2407940936107,4.0,0.0,duct_filler,0,1247.0
352.1689973238865,4.0,0.0,duct_filler,0,1247.0
359.097200554162,4.0,0.0,duct_filler,0,1247.0
366.02540378443734,4.0,0.0,duct_filler,0,1247.0
372.9536070147128,4.0,0.0,duct_filler,0,1247.0
379.8818102449883,4.0,0.0,duct_filler,0,1247.0
386.81001347526364,4.0,0.0,duct_filler,0,1247.0
393.7382167055391,4.0,0.0,duct_filler,0,1247.0
-496.53589838486226,-1.9999999999999432,0.0,duct_filler,0,1247.0
-163.98214333163776,-2.0,0.0,duct_filler,0,1247.0
-157.05394010136217,-2.0,0.0,duct_filler,0,1247.0
-150.1257368710867,-2.0,0.0,duct_filler,0,1247.0
-143.19753364081112,-2.0,0.0,duct_filler,0,1247.0
-136.26933041053564,-2.0,0.0,duct_filler,0,1247.0
-129.34112718026006,-2.0,0.0,duct_filler,0,1247.0
314.06387955737125,-2.0,0.0,duct_filler,0,1247.0
320.9920827876467,-2.0,0.0,duct_filler,0,1247.0
327.92028601792254,-2.0,0.0,duct_filler,0,1247.0
334.84848924819755,-2.0,0.0,duct_filler,0,1247.0
341.77669247847336,-2.0,0.0,duct_filler,0,1247.0
348.70489570874884,-2.0,0.0,duct_filler,0,1247.0
355.6330989390242,-2.0,0.0,duct_filler,0,1247.0
362.56130216929967,-2.0,0.0,duct_filler,0,1247.0
369.48950539957514,-2.0,0.0,duct_filler,0,1247.0
376.4177086298505,-2.0,0.0,duct_filler,0,1247.0
383.34591186012597,-2.0,0.0,duct_filler,0,1247.0
390.27411509040144,-2.0,0.0,duct_filler,0,1247.0
-167.4462449467755,-8.0,0.0,duct_filler,0,1247.0
-160.51804171649997,-8.0,0.0,duct_filler,0,1247.0
-153.58983848622438,-8.0,0.0,duct_filler,0,1247.0
-146.6616352559489,-8.0,0.0,duct_filler,0,1247.0
-139.73343202567332,-8.0,0.0,duct_filler,0,1247.0
-132.8052287953978,-8.0,0.0,duct_filler,0,1247.0
324.4561844027844,-8.000000000000057,0.0,duct_filler,0,1247.0
331.3843876330599,-8.000000000000057,0.0,duct_filler,0,1247.0
359.097200554162,-8.000000000000057,0.0,duct_filler,0,1247.0
366.02540378443734,-8.000000000000057,0.0,duct_filler,0,1247.0
372.9536070147128,-8.000000000000057,0.0,duct_filler,0,1247.0
379.8818102449883,-8.000000000000057,0.0,duct_filler,0,1247.0
386.81001347526364,-8.000000000000057,0.0,duct_filler,0,1247.0
393.7382167055391,-8.000000000000057,0.0,duct_filler,0,1247.0
355.6330989390242,-14.0,0.0,duct_filler,0,1247.0
362.56130216929967,-14.0,0.0,duct_filler,0,1247.0
369.48950539957514,-14.0,0.0,duct_filler,0,1247.0
376.4177086298505,-14.0,0.0,duct_filler,0,1247.0
383.34591186012597,-14.0,0.0,duct_filler,0,1247.0
390.27411509040144,-14.0,0.0,duct_filler,0,1247.0
366.02540378443734,-20.0,0.0,duct_filler,0,1247.0
372.9536070147128,-20.0,0.0,duct_filler,0,1247.0
379.8818102449883,-20.0,0.0,duct_filler,0,1247.0
386.81001347526364,-20.0,0.0,duct_filler,0,1247.0
376.4177086298505,-26.0,0.0,duct_filler,0,1247.0
366.02540378443734,-32.0,0.0,duct_filler,0,1247.0
-496.53589838486226,-38.0,0.0,duct_filler,0,1247.0
369.48950539957514,-38.0,0.0,duct_filler,0,1247.0
376.4177086298505,-38.0,0.0,duct_filler,0,1247.0
345.2407940936107,-44.0,0.0,duct_filler,0,1247.0
352.1689973238865,-44.0,0.0,duct_filler,0,1247.0
366.02540378443734,-44.0,0.0,duct_filler,0,1247.0
372.9536070147128,-44.0,0.0,duct_filler,0,1247.0
379.8818102449883,-44.0,0.0,duct_filler,0,1247.0
348.70489570874884,-50.0,0.0,duct_filler,0,1247.0
355.6330989390242,-50.0,0.0,duct_filler,0,1247.0
362.56130216929967,-50.0,0.0,duct_filler,0,1247.0
369.48950539957514,-50.0,0.0,duct_filler,0,1247.0
376.4177086298505,-50.0,0.0,duct_filler,0,1247.0
383.34591186012597,-50.0,0.0,duct_filler,0,1247.0
338.31259086333534,-56.0,0.0,duct_filler,0,1247.0
345.2407940936107,-56.0,0.0,duct_filler,0,1247.0
352.1689973238865,-56.0,0.0,duct_filler,0,1247.0
359.097200554162,-56.0,0.0,duct_filler,0,1247.0
366.02540378443734,-56.0,0.0,duct_filler,0,1247.0
372.9536070147128,-56.0,0.0,duct_filler,0,1247.0
379.8818102449883,-56.0,0.0,duct_filler,0,1247.0
-219.40776917384198,-62.0,0.0,duct_filler,0,1247.0
-212.4795659435664,-62.0,0.0,duct_filler,0,1247.0
334.84848924819755,-62.0,0.0,duct_filler,0,1247.0
341.77669247847336,-62.0,0.0,duct_filler,0,1247.0
348.70489570874884,-62.0,0.0,duct_filler,0,1247.0
355.6330989390242,-62.0,0.0,duct_filler,0,1247.0
362.56130216929967,-62.0,0.0,duct_filler,0,1247.0
369.48950539957514,-62.0,0.0,duct_filler,0,1247.0
376.4177086298505,-62.0,0.0,duct_filler,0,1247.0
-222.87187078897972,-68.0,0.0,duct_filler,0,1247.0
-215.9436675587042,-68.0,0.0,duct_filler,0,1247.0
-209.01546432842866,-68.0,0.0,duct_filler,0,1247.0
-202.0872610981532,-68.0,0.0,duct_filler,0,1247.0
331.3843876330599,-68.0,0.0,duct_filler,0,1247.0
338.31259086333534,-68.0,0.0,duct_filler,0,1247.0
345.2407940936107,-68.0,0.0,duct_filler,0,1247.0
352.1689973238865,-68.0,0.0,duct_filler,0,1247.0
359.097200554162,-68.0,0.0,duct_filler,0,1247.0
366.02540378443734,-68.0,0.0,duct_filler,0,1247.0
372.9536070147128,-68.0,0.0,duct_filler,0,1247.0
-233.26417563439304,-74.0,0.0,duct_filler,0,1247.0
-226.3359724041175,-74.0,0.0,duct_filler,0,1247.0
-219.40776917384198,-74.0,0.0,duct_filler,0,1247.0
-212.4795659435664,-74.0,0.0,duct_filler,0,1247.0
-205.55136271329087,-74.0,0.0,duct_filler,0,1247.0
-198.6231594830154,-74.0,0.0,duct_filler,0,1247.0
334.84848924819755,-74.00000000000011,0.0,duct_filler,0,1247.0
341.77669247847336,-74.00000000000011,0.0,duct_filler,0,1247.0
348.70489570874884,-74.00000000000011,0.0,duct_filler,0,1247.0
355.6330989390242,-74.00000000000011,0.0,duct_filler,0,1247.0
362.56130216929967,-74.00000000000011,0.0,duct_filler,0,1247.0
369.48950539957514,-74.00000000000011,0.0,duct_filler,0,1247.0
376.4177086298505,-74.00000000000011,0.0,duct_filler,0,1247.0
-257.51288694035725,-80.0,0.0,duct_filler,0,1247.0
-250.58468371008178,-80.0,0.0,duct_filler,0,1247.0
-243.6564804798063,-79.99999999999989,0.0,duct_filler,0,1247.0
-236.72827724953078,-80.0,0.0,duct_filler,0,1247.0
-229.80007401925525,-80.0,0.0,duct_filler,0,1247.0
-222.87187078897972,-80.0,0.0,duct_filler,0,1247.0
-215.9436675587042,-80.0,0.0,duct_filler,0,1247.0
-209.01546432842866,-80.0,0.0,duct_filler,0,1247.0
-202.0872610981532,-80.0,0.0,duct_filler,0,1247.0
-195.15905786787755,-80.0,0.0,duct_filler,0,1247.0
123.53829072479573,-80.0,0.0,duct_filler,0,1247.0
130.4664939550712,-80.0,0.0,duct_filler,0,1247.0
331.3843876330599,-80.0,0.0,duct_filler,0,1247.0
338.31259086333534,-80.0,0.0,duct_filler,0,1247.0
345.2407940936107,-80.0,0.0,duct_filler,0,1247.0
352.1689973238865,-80.0,0.0,duct_filler,0,1247.0
359.097200554162,-80.0,0.0,duct_filler,0,1247.0
366.02540378443734,-80.0,0.0,duct_filler,0,1247.0
372.9536070147128,-80.0,0.0,duct_filler,0,1247.0
-254.04878532521957,-85.99999999999989,0.0,duct_filler,0,1247.0
-247.12058209494404,-85.99999999999989,0.0,duct_filler,0,1247.0
-240.19237886466857,-86.00000000000011,0.0,duct_filler,0,1247.0
-233.26417563439304,-86.00000000000011,0.0,duct_filler,0,1247.0
-226.3359724041175,-86.00000000000011,0.0,duct_filler,0,1247.0
-219.40776917384198,-86.00000000000011,0.0,duct_filler,0,1247.0
-212.4795659435664,-86.00000000000011,0.0,duct_filler,0,1247.0
-205.55136271329087,-86.00000000000011,0.0,duct_filler,0,1247.0
-198.6231594830154,-86.00000000000011,0.0,duct_filler,0,1247.0
-191.69495625273993,-86.00000000000011,0.0,duct_filler,0,1247.0
-184.76675302246434,-86.00000000000011,0.0,duct_filler,0,1247.0
-177.83854979218881,-86.00000000000011,0.0,duct_filler,0,1247.0
120.07418910965805,-86.0,0.0,duct_filler,0,1247.0
127.00239233993341,-86.0,0.0,duct_filler,0,1247.0
133.9305955702091,-86.0,0.0,duct_filler,0,1247.0
341.77669247847336,-86.0,0.0,duct_filler,0,1247.0
348.70489570874884,-86.0,0.0,duct_filler,0,1247.0
355.6330989390242,-86.0,0.0,duct_filler,0,1247.0
-257.51288694035725,-92.0,0.0,duct_filler,0,1247.0
-250.58468371008178,-92.0,0.0,duct_filler,0,1247.0
-243.6564804798063,-92.0,0.0,duct_filler,0,1247.0
-236.72827724953078,-92.0,0.0,duct_filler,0,1247.0
-229.80007401925525,-92.0,0.0,duct_filler,0,1247.0
-222.87187078897972,-92.0,0.0,duct_filler,0,1247.0
-215.9436675587042,-92.0,0.0,duct_filler,0,1247.0
-209.01546432842866,-92.0,0.0,duct_filler,0,1247.0
-202.0872610981532,-92.0,0.0,duct_filler,0,1247.0
-195.15905786787755,-92.0,0.0,duct_filler,0,1247.0
-188.23085463760208,-92.0,0.0,duct_filler,0,1247.0
-181.30265140732655,-92.0,0.0,duct_filler,0,1247.0
-174.37444817705102,-92.0,0.0,duct_filler,0,1247.0
-167.4462449467755,-92.0,0.0,duct_filler,0,1247.0
102.75368103396931,-91.99999999999989,0.0,duct_filler,0,1247.0
109.6818842642449,-91.99999999999989,0.0,duct_filler,0,1247.0
116.61008749452026,-91.99999999999989,0.0,duct_filler,0,1247.0
123.53829072479573,-91.99999999999989,0.0,duct_filler,0,1247.0
130.4664939550712,-91.99999999999989,0.0,duct_filler,0,1247.0
137.39469718534656,-91.99999999999989,0.0,duct_filler,0,1247.0
-260.97698855549504,-98.00000000000011,0.0,duct_filler,0,1247.0
-254.04878532521957,-98.00000000000011,0.0,duct_filler,0,1247.0
-247.12058209494404,-98.00000000000011,0.0,duct_filler,0,1247.0
-240.19237886466857,-98.00000000000011,0.0,duct_filler,0,1247.0
-233.26417563439304,-98.00000000000011,0.0,duct_filler,0,1247.0
-226.3359724041175,-98.00000000000011,0.0,duct_filler,0,1247.0
-219.40776917384198,-98.00000000000011,0.0,duct_filler,0,1247.0
-212.4795659435664,-98.00000000000011,0.0,duct_filler,0,1247.0
-205.55136271329087,-98.00000000000011,0.0,duct_filler,0,1247.0
-198.6231594830154,-98.00000000000011,0.0,duct_filler,0,1247.0
-191.69495625273993,-98.00000000000011,0.0,duct_filler,0,1247.0
-184.76675302246434,-98.00000000000011,0.0,duct_filler,0,1247.0
-177.83854979218881,-98.00000000000011,0.0,duct_filler,0,1247.0
-170.9103465619133,-98.00000000000011,0.0,duct_filler,0,1247.0
-163.98214333163776,-98.00000000000011,0.0,duct_filler,0,1247.0
92.36137618855616,-98.00000000000011,0.0,duct_filler,0,1247.0
99.28957941883164,-98.00000000000011,0.0,duct_filler,0,1247.0
106.21778264910711,-98.00000000000011,0.0,duct_filler,0,1247.0
113.14598587938258,-98.00000000000011,0.0,duct_filler,0,1247.0
120.07418910965805,-98.00000000000011,0.0,duct_filler,0,1247.0
127.00239233993341,-98.00000000000011,0.0,duct_filler,0,1247.0
133.9305955702091,-98.00000000000011,0.0,duct_filler,0,1247.0
-264.44109017063283,-104.0,0.0,duct_filler,0,1247.0
-257.51288694035725,-104.0,0.0,duct_filler,0,1247.0
-250.58468371008178,-104.0,0.0,duct_filler,0,1247.0
-243.6564804798063,-104.0,0.0,duct_filler,0,1247.0
-236.72827724953078,-104.0,0.0,duct_filler,0,1247.0
-229.80007401925525,-104.0,0.0,duct_filler,0,1247.0
-222.87187078897972,-104.0,0.0,duct_filler,0,1247.0
-215.9436675587042,-104.0,0.0,duct_filler,0,1247.0
-209.01546432842866,-104.0,0.0,duct_filler,0,1247.0
-202.0872610981532,-104.0,0.0,duct_filler,0,1247.0
-195.15905786787755,-104.0,0.0,duct_filler,0,1247.0
-188.23085463760208,-104.0,0.0,duct_filler,0,1247.0
-181.30265140732655,-104.0,0.0,duct_filler,0,1247.0
-174.37444817705102,-104.0,0.0,duct_filler,0,1247.0
-167.4462449467755,-104.0,0.0,duct_filler,0,1247.0
-160.51804171649997,-104.0,0.0,duct_filler,0,1247.0
-153.58983848622438,-104.0,0.0,duct_filler,0,1247.0
88.89727457341837,-104.0,0.0,duct_filler,0,1247.0
95.82547780369384,-104.0,0.0,duct_filler,0,1247.0
102.75368103396931,-104.0,0.0,duct_filler,0,1247.0
109.6818842642449,-104.0,0.0,duct_filler,0,1247.0
116.61008749452026,-104.0,0.0,duct_filler,0,1247.0
123.53829072479573,-104.0,0.0,duct_filler,0,1247.0
130.4664939550712,-104.0,0.0,duct_filler,0,1247.0
137.39469718534656,-104.0,0.0,duct_filler,0,1247.0
-267.9051917857706,-110.0,0.0,duct_filler,0,1247.0
-260.97698855549504,-110.0,0.0,duct_filler,0,1247.0
-254.04878532521957,-110.0,0.0,duct_filler,0,1247.0
-247.12058209494404,-110.0,0.0,duct_filler,0,1247.0
-240.19237886466857,-110.0,0.0,duct_filler,0,1247.0
-233.26417563439304,-110.0,0.0,duct_filler,0,1247.0
-226.3359724041175,-110.0,0.0,duct_filler,0,1247.0
-219.40776917384198,-110.0,0.0,duct_filler,0,1247.0
-212.4795659435664,-110.0,0.0,duct_filler,0,1247.0
-205.55136271329087,-110.0,0.0,duct_filler,0,1247.0
-198.6231594830154,-110.0,0.0,duct_filler,0,1247.0
-191.69495625273993,-110.0,0.0,duct_filler,0,1247.0
-184.76675302246434,-110.0,0.0,duct_filler,0,1247.0
-177.83854979218881,-110.0,0.0,duct_filler,0,1247.0
-170.9103465619133,-110.0,0.0,duct_filler,0,1247.0
-163.98214333163776,-110.0,0.0,duct_filler,0,1247.0
-157.05394010136217,-110.0,0.0,duct_filler,0,1247.0
-150.1257368710867,-110.0,0.0,duct_filler,0,1247.0
-108.55651748943353,-110.0,0.0,duct_filler,0,1247.0
78.50496972800522,-109.99999999999989,0.0,duct_filler,0,1247.0
85.4331729582807,-109.99999999999989,0.0,duct_filler,0,1247.0
92.36137618855616,-109.99999999999989,0.0,duct_filler,0,1247.0
99.28957941883164,-109.99999999999989,0.0,duct_filler,0,1247.0
106.21778264910711,-109.99999999999989,0.0,duct_filler,0,1247.0
113.14598587938258,-109.99999999999989,0.0,duct_filler,0,1247.0
120.07418910965805,-109.99999999999989,0.0,duct_filler,0,1247.0
127.00239233993341,-109.99999999999989,0.0,duct_filler,0,1247.0
133.9305955702091,-109.99999999999989,0.0,duct_filler,0,1247.0
-271.3692934009083,-116.0,0.0,duct_filler,0,1247.0
-264.44109017063283,-116.0,0.0,duct_filler,0,1247.0
-257.51288694035725,-116.0,0.0,duct_filler,0,1247.0
-250.58468371008178,-116.0,0.0,duct_filler,0,1247.0
-243.6564804798063,-116.0,0.0,duct_filler,0,1247.0
-236.72827724953078,-116.0,0.0,duct_filler,0,1247.0
-229.80007401925525,-116.0,0.0,duct_filler,0,1247.0
-222.87187078897972,-116.0,0.0,duct_filler,0,1247.0
-215.9436675587042,-116.0,0.0,duct_filler,0,1247.0
-209.01546432842866,-116.0,0.0,duct_filler,0,1247.0
-202.0872610981532,-116.0,0.0,duct_filler,0,1247.0
-195.15905786787755,-116.0,0.0,duct_filler,0,1247.0
-188.23085463760208,-116.0,0.0,duct_filler,0,1247.0
-181.30265140732655,-116.0,0.0,duct_filler,0,1247.0
-174.37444817705102,-116.0,0.0,duct_filler,0,1247.0
-167.4462449467755,-116.0,0.0,duct_filler,0,1247.0
-160.51804171649997,-116.0,0.0,duct_filler,0,1247.0
-153.58983848622438,-116.0,0.0,duct_filler,0,1247.0
-146.6616352559489,-116.0,0.0,duct_filler,0,1247.0
-118.9488223348468,-116.0,0.0,duct_filler,0,1247.0
-112.02061910457127,-116.0,0.0,duct_filler,0,1247.0
-105.09241587429574,-116.0,0.0,duct_filler,0,1247.0
-98.1642126440201,-116.0,0.0,duct_filler,0,1247.0
75.04086811286754,-116.0,0.0,duct_filler,0,1247.0
81.9690713431429,-116.0,0.0,duct_filler,0,1247.0
88.89727457341837,-116.0,0.0,duct_filler,0,1247.0
95.82547780369384,-116.0,0.0,duct_filler,0,1247.0
102.75368103396931,-116.0,0.0,duct_filler,0,1247.0
109.6818842642449,-116.0,0.0,duct_filler,0,1247.0
116.61008749452026,-116.0,0.0,duct_filler,0,1247.0
123.53829072479573,-116.0,0.0,duct_filler,0,1247.0
130.4664939550712,-116.0,0.0,duct_filler,0,1247.0
-344.11542731880104,-121.99999999999989,0.0,duct_filler,0,1247.0
-337.18722408852557,-121.99999999999989,0.0,duct_filler,0,1247.0
-330.2590208582501,-121.99999999999989,0.0,duct_filler,0,1247.0
-274.8333950160461,-121.99999999999989,0.0,duct_filler,0,1247.0
-267.9051917857706,-121.99999999999989,0.0,duct_filler,0,1247.0
-260.97698855549504,-121.99999999999989,0.0,duct_filler,0,1247.0
-254.04878532521957,-121.99999999999989,0.0,duct_filler,0,1247.0
-247.12058209494404,-121.99999999999989,0.0,duct_filler,0,1247.0
-240.19237886466857,-122.0,0.0,duct_filler,0,1247.0
-233.26417563439304,-122.0,0.0,duct_filler,0,1247.0
-226.3359724041175,-122.0,0.0,duct_filler,0,1247.0
-219.40776917384198,-122.0,0.0,duct_filler,0,1247.0
-212.4795659435664,-122.0,0.0,duct_filler,0,1247.0
-205.55136271329087,-122.0,0.0,duct_filler,0,1247.0
-198.6231594830154,-122.0,0.0,duct_filler,0,1247.0
-191.69495625273993,-122.0,0.0,duct_filler,0,1247.0
-184.76675302246434,-122.0,0.0,duct_filler,0,1247.0
-177.83854979218881,-122.0,0.0,duct_filler,0,1247.0
-170.9103465619133,-122.0,0.0,duct_filler,0,1247.0
-163.98214333163776,-122.0,0.0,duct_filler,0,1247.0
-157.05394010136217,-122.0,0.0,duct_filler,0,1247.0
-150.1257368710867,-122.0,0.0,duct_filler,0,1247.0
-122.41292394998464,-122.0,0.0,duct_filler,0,1247.0
-115.484720719709,-122.0,0.0,duct_filler,0,1247.0
-108.55651748943353,-122.0,0.0,duct_filler,0,1247.0
-101.62831425915806,-122.0,0.0,duct_filler,0,1247.0
-94.70011102888253,-122.0,0.0,duct_filler,0,1247.0
-87.77190779860695,-122.0,0.0,duct_filler,0,1247.0
-80.84370456833142,-122.0,0.0,duct_filler,0,1247.0
78.50496972800522,-122.0,0.0,duct_filler,0,1247.0
85.4331729582807,-122.0,0.0,duct_filler,0,1247.0
92.36137618855616,-122.0,0.0,duct_filler,0,1247.0
99.28957941883164,-122.0,0.0,duct_filler,0,1247.0
106.21778264910711,-122.0,0.0,duct_filler,0,1247.0
113.14598587938258,-122.0,0.0,duct_filler,0,1247.0
120.07418910965805,-122.0,0.0,duct_filler,0,1247.0
-347.57952893393883,-128.0,0.0,duct_filler,0,1247.0
-340.6513257036633,-128.0,0.0,duct_filler,0,1247.0
-333.72312247338783,-128.0,0.0,duct_filler,0,1247.0
-326.7949192431123,-128.0,0.0,duct_filler,0,1247.0
-319.86671601283683,-128.0,0.0,duct_filler,0,1247.0
-278.29749663118383,-128.0,0.0,duct_filler,0,1247.0
-271.3692934009083,-128.0,0.0,duct_filler,0,1247.0
-264.44109017063283,-128.0,0.0,duct_filler,0,1247.0
-257.51288694035725,-128.0,0.0,duct_filler,0,1247.0
-250.58468371008178,-128.0,0.0,duct_filler,0,1247.0
-243.6564804798063,-128.0,0.0,duct_filler,0,1247.0
-236.72827724953078,-128.0,0.0,duct_filler,0,1247.0
-229.80007401925525,-128.0,0.0,duct_filler,0,1247.0
-222.87187078897972,-128.0,0.0,duct_filler,0,1247.0
-215.9436675587042,-128.0,0.0,duct_filler,0,1247.0
-209.01546432842866,-128.0,0.0,duct_filler,0,1247.0
-202.0872610981532,-128.0,0.0,duct_filler,0,1247.0
-195.15905786787755,-128.0,0.0,duct_filler,0,1247.0
-188.23085463760208,-128.0,0.0,duct_filler,0,1247.0
-181.30265140732655,-128.0,0.0,duct_filler,0,1247.0
-174.37444817705102,-128.0,0.0,duct_filler,0,1247.0
-167.4462449467755,-128.0,0.0,duct_filler,0,1247.0
-160.51804171649997,-128.0,0.0,duct_filler,0,1247.0
-153.58983848622438,-128.0,0.0,duct_filler,0,1247.0
-146.6616352559489,-128.0,0.0,duct_filler,0,1247.0
-139.73343202567332,-128.0,0.0,duct_filler,0,1247.0
-125.87702556512232,-128.0,0.0,duct_filler,0,1247.0
-118.9488223348468,-128.0,0.0,duct_filler,0,1247.0
-112.02061910457127,-128.0,0.0,duct_filler,0,1247.0
-105.09241587429574,-128.0,0.0,duct_filler,0,1247.0
-98.1642126440201,-128.0,0.0,duct_filler,0,1247.0
-91.23600941374474,-128.0,0.0,duct_filler,0,1247.0
-84.30780618346921,-128.0,0.0,duct_filler,0,1247.0
-77.37960295319363,-128.0,0.0,duct_filler,0,1247.0
75.04086811286754,-128.0,0.0,duct_filler,0,1247.0
81.9690713431429,-128.0,0.0,duct_filler,0,1247.0
88.89727457341837,-128.0,0.0,duct_filler,0,1247.0
95.82547780369384,-128.0,0.0,duct_filler,0,1247.0
102.75368103396931,-128.0,0.0,duct_filler,0,1247.0
109.6818842642449,-128.0,0.0,duct_filler,0,1247.0
116.61008749452026,-128.0,0.0,duct_filler,0,1247.0
-351.0436305490765,-134.0,0.0,duct_filler,0,1247.0
-344.11542731880104,-134.0,0.0,duct_filler,0,1247.0
-337.18722408852557,-134.0,0.0,duct_filler,0,1247.0
-330.2590208582501,-134.0,0.0,duct_filler,0,1247.0
-323.33081762797457,-134.0,0.0,duct_filler,0,1247.0
-316.40261439769904,-134.0,0.0,duct_filler,0,1247.0
-281.76159824632157,-134.0,0.0,duct_filler,0,1247.0
-274.8333950160461,-134.0,0.0,duct_filler,0,1247.0
-267.9051917857706,-134.0,0.0,duct_filler,0,1247.0
-260.97698855549504,-134.0,0.0,duct_filler,0,1247.0
-254.04878532521957,-134.0,0.0,duct_filler,0,1247.0
-247.12058209494404,-134.0,0.0,duct_filler,0,1247.0
-240.19237886466857,-134.0,0.0,duct_filler,0,1247.0
-233.26417563439304,-134.0,0.0,duct_filler,0,1247.0
-226.3359724041175,-134.0,0.0,duct_filler,0,1247.0
-219.40776917384198,-134.0,0.0,duct_filler,0,1247.0
-212.4795659435664,-134.0,0.0,duct_filler,0,1247.0
-205.55136271329087,-134.0,0.0,duct_filler,0,1247.0
-198.6231594830154,-134.0,0.0,duct_filler,0,1247.0
-191.69495625273993,-134.0,0.0,duct_filler,0,1247.0
-184.76675302246434,-134.0,0.0,duct_filler,0,1247.0
-177.83854979218881,-134.0,0.0,duct_filler,0,1247.0
-170.9103465619133,-134.0,0.0,duct_filler,0,1247.0
-163.98214333163776,-134.0,0.0,duct_filler,0,1247.0
-157.05394010136217,-134.0,0.0,duct_filler,0,1247.0
-150.1257368710867,-134.0,0.0,duct_filler,0,1247.0
-143.19753364081112,-134.0,0.0,duct_filler,0,1247.0
-136.26933041053564,-134.0,0.0,duct_filler,0,1247.0
-129.34112718026006,-134.0,0.0,duct_filler,0,1247.0
-122.41292394998464,-134.0,0.0,duct_filler,0,1247.0
-115.484720719709,-134.0,0.0,duct_filler,0,1247.0
-108.55651748943353,-134.0,0.0,duct_filler,0,1247.0
-101.62831425915806,-134.0,0.0,duct_filler,0,1247.0
-94.70011102888253,-134.0,0.0,duct_filler,0,1247.0
-87.77190779860695,-134.0,0.0,duct_filler,0,1247.0
-80.84370456833142,-134.0,0.0,duct_filler,0,1247.0
-73.91550133805589,-134.0,0.0,duct_filler,0,1247.0
78.50496972800522,-134.0,0.0,duct_filler,0,1247.0
85.4331729582807,-134.0,0.0,duct_filler,0,1247.0
92.36137618855616,-134.0,0.0,duct_filler,0,1247.0
99.28957941883164,-134.0,0.0,duct_filler,0,1247.0
106.21778264910711,-134.0,0.0,duct_filler,0,1247.0
113.14598587938258,-134.0,0.0,duct_filler,0,1247.0
-382.2205450853163,-139.9999999999999,0.0,duct_filler,0,1247.0
-375.29234185504083,-140.0,0.0,duct_filler,0,1247.0
-368.36413862476525,-140.0000000000001,0.0,duct_filler,0,1247.0
-361.4359353944898,-140.0000000000001,0.0,duct_filler,0,1247.0
-354.5077321642143,-140.0000000000001,0.0,duct_filler,0,1247.0
-347.57952893393883,-140.0000000000001,0.0,duct_filler,0,1247.0
-340.6513257036633,-140.0000000000001,0.0,duct_filler,0,1247.0
-333.72312247338783,-140.0000000000001,0.0,duct_filler,0,1247.0
-285.22569986145925,-140.0000000000001,0.0,duct_filler,0,1247.0
-278.29749663118383,-140.0000000000001,0.0,duct_filler,0,1247.0
-271.3692934009083,-140.0000000000001,0.0,duct_filler,0,1247.0
-264.44109017063283,-140.0000000000001,0.0,duct_filler,0,1247.0
-257.51288694035725,-140.0000000000001,0.0,duct_filler,0,1247.0
-250.58468371008178,-140.0000000000001,0.0,duct_filler,0,1247.0
-243.6564804798063,-139.9999999999999,0.0,duct_filler,0,1247.0
-236.72827724953078,-140.0,0.0,duct_filler,0,1247.0
-229.80007401925525,-140.0,0.0,duct_filler,0,1247.0
-222.87187078897972,-140.0,0.0,duct_filler,0,1247.0
-215.9436675587042,-140.0,0.0,duct_filler,0,1247.0
-209.01546432842866,-140.0,0.0,duct_filler,0,1247.0
-202.0872610981532,-140.0,0.0,duct_filler,0,1247.0
-195.15905786787755,-140.0,0.0,duct_filler,0,1247.0
-188.23085463760208,-140.0,0.0,duct_filler,0,1247.0
-181.30265140732655,-140.0,0.0,duct_filler,0,1247.0
-174.37444817705102,-140.0,0.0,duct_filler,0,1247.0
-167.4462449467755,-140.0,0.0,duct_filler,0,1247.0
-160.51804171649997,-140.0,0.0,duct_filler,0,1247.0
-153.58983848622438,-140.0,0.0,duct_filler,0,1247.0
-146.6616352559489,-140.0,0.0,duct_filler,0,1247.0
-139.73343202567332,-140.0,0.0,duct_filler,0,1247.0
-132.8052287953978,-140.0,0.0,duct_filler,0,1247.0
-125.87702556512232,-140.0,0.0,duct_filler,0,1247.0
-118.9488223348468,-140.0,0.0,duct_filler,0,1247.0
-112.02061910457127,-140.0,0.0,duct_filler,0,1247.0
-105.09241587429574,-140.0,0.0,duct_filler,0,1247.0
-98.1642126440201,-140.0,0.0,duct_filler,0,1247.0
-91.23600941374474,-140.0,0.0,duct_filler,0,1247.0
-84.30780618346921,-140.0,0.0,duct_filler,0,1247.0
-77.37960295319363,-140.0,0.0,duct_filler,0,1247.0
-70.4513997229181,-140.0,0.0,duct_filler,0,1247.0
75.04086811286754,-140.0,0.0,duct_filler,0,1247.0
81.9690713431429,-140.0,0.0,duct_filler,0,1247.0
88.89727457341837,-140.0,0.0,duct_filler,0,1247.0
95.82547780369384,-140.0,0.0,duct_filler,0,1247.0
102.75368103396931,-140.0,0.0,duct_filler,0,1247.0
109.6818842642449,-140.0,0.0,duct_filler,0,1247.0
-385.6846467004541,-146.0,0.0,duct_filler,0,1247.0
-378.75644347017857,-146.0,0.0,duct_filler,0,1247.0
-371.8282402399031,-146.0,0.0,duct_filler,0,1247.0
-364.90003700962757,-145.9999999999999,0.0,duct_filler,0,1247.0
-357.9718337793521,-145.9999999999999,0.0,duct_filler,0,1247.0
-351.0436305490765,-145.9999999999999,0.0,duct_filler,0,1247.0
-344.11542731880104,-145.9999999999999,0.0,duct_filler,0,1247.0
-281.76159824632157,-145.9999999999999,0.0,duct_filler,0,1247.0
-274.8333950160461,-145.9999999999999,0.0,duct_filler,0,1247.0
-267.9051917857706,-145.9999999999999,0.0,duct_filler,0,1247.0
-260.97698855549504,-145.9999999999999,0.0,duct_filler,0,1247.0
-254.04878532521957,-145.9999999999999,0.0,duct_filler,0,1247.0
-247.12058209494404,-145.9999999999999,0.0,duct_filler,0,1247.0
-240.19237886466857,-146.0000000000001,0.0,duct_filler,0,1247.0
-233.26417563439304,-146.0000000000001,0.0,duct_filler,0,1247.0
-226.3359724041175,-146.0000000000001,0.0,duct_filler,0,1247.0
-219.40776917384198,-146.0000000000001,0.0,duct_filler,0,1247.0
-212.4795659435664,-146.0000000000001,0.0,duct_filler,0,1247.0
-205.55136271329087,-146.0000000000001,0.0,duct_filler,0,1247.0
-198.6231594830154,-146.0000000000001,0.0,duct_filler,0,1247.0
-191.69495625273993,-146.0000000000001,0.0,duct_filler,0,1247.0
-184.76675302246434,-146.0000000000001,0.0,duct_filler,0,1247.0
-177.83854979218881,-146.0000000000001,0.0,duct_filler,0,1247.0
-170.9103465619133,-146.0000000000001,0.0,duct_filler,0,1247.0
-163.98214333163776,-146.0000000000001,0.0,duct_filler,0,1247.0
-157.05394010136217,-146.0000000000001,0.0,duct_filler,0,1247.0
-150.1257368710867,-146.0000000000001,0.0,duct_filler,0,1247.0
-143.19753364081112,-146.0000000000001,0.0,duct_filler,0,1247.0
-136.26933041053564,-146.0000000000001,0.0,duct_filler,0,1247.0
-129.34112718026006,-146.0000000000001,0.0,duct_filler,0,1247.0
-122.41292394998464,-146.0000000000001,0.0,duct_filler,0,1247.0
-115.484720719709,-146.0000000000001,0.0,duct_filler,0,1247.0
-108.55651748943353,-146.0000000000001,0.0,duct_filler,0,1247.0
-101.62831425915806,-146.0000000000001,0.0,duct_filler,0,1247.0
-94.70011102888253,-146.0000000000001,0.0,duct_filler,0,1247.0
-87.77190779860695,-146.0000000000001,0.0,duct_filler,0,1247.0
-80.84370456833142,-146.0000000000001,0.0,duct_filler,0,1247.0
-73.91550133805589,-146.0000000000001,0.0,duct_filler,0,1247.0
-66.9872981077803,-146.0000000000001,0.0,duct_filler,0,1247.0
85.4331729582807,-146.0,0.0,duct_filler,0,1247.0
92.36137618855616,-146.0,0.0,duct_filler,0,1247.0
99.28957941883164,-146.0,0.0,duct_filler,0,1247.0
106.21778264910711,-146.0,0.0,duct_filler,0,1247.0
-396.07695154586736,-152.0,0.0,duct_filler,0,1247.0
-389.14874831559183,-152.0,0.0,duct_filler,0,1247.0
-382.2205450853163,-152.0,0.0,duct_filler,0,1247.0
-375.29234185504083,-152.0000000000001,0.0,duct_filler,0,1247.0
-368.36413862476525,-152.0,0.0,duct_filler,0,1247.0
-361.4359353944898,-152.0,0.0,duct_filler,0,1247.0
-354.5077321642143,-152.0,0.0,duct_filler,0,1247.0
-347.57952893393883,-152.0,0.0,duct_filler,0,1247.0
-340.6513257036633,-152.0,0.0,duct_filler,0,1247.0
-285.22569986145925,-152.0,0.0,duct_filler,0,1247.0
-278.29749663118383,-152.0,0.0,duct_filler,0,1247.0
-271.3692934009083,-152.0,0.0,duct_filler,0,1247.0
-264.44109017063283,-152.0,0.0,duct_filler,0,1247.0
-257.51288694035725,-152.0,0.0,duct_filler,0,1247.0
-250.58468371008178,-152.0,0.0,duct_filler,0,1247.0
-243.6564804798063,-152.0,0.0,duct_filler,0,1247.0
-236.72827724953078,-152.0,0.0,duct_filler,0,1247.0
-229.80007401925525,-152.0,0.0,duct_filler,0,1247.0
-222.87187078897972,-152.0,0.0,duct_filler,0,1247.0
-215.9436675587042,-152.0,0.0,duct_filler,0,1247.0
-209.01546432842866,-152.0,0.0,duct_filler,0,1247.0
-202.0872610981532,-152.0,0.0,duct_filler,0,1247.0
-195.15905786787755,-152.0,0.0,duct_filler,0,1247.0
-188.23085463760208,-152.0,0.0,duct_filler,0,1247.0
-181.30265140732655,-152.0,0.0,duct_filler,0,1247.0
-174.37444817705102,-152.0,0.0,duct_filler,0,1247.0
-167.4462449467755,-152.0,0.0,duct_filler,0,1247.0
-160.51804171649997,-152.0,0.0,duct_filler,0,1247.0
-153.58983848622438,-152.0,0.0,duct_filler,0,1247.0
-146.6616352559489,-152.0,0.0,duct_filler,0,1247.0
-139.73343202567332,-152.0,0.0,duct_filler,0,1247.0
-132.8052287953978,-152.0,0.0,duct_filler,0,1247.0
-125.87702556512232,-152.0,0.0,duct_filler,0,1247.0
-118.9488223348468,-152.0,0.0,duct_filler,0,1247.0
-112.02061910457127,-152.0,0.0,duct_filler,0,1247.0
-105.09241587429574,-152.0,0.0,duct_filler,0,1247.0
-98.1642126440201,-152.0,0.0,duct_filler,0,1247.0
-91.23600941374474,-152.0,0.0,duct_filler,0,1247.0
-84.30780618346921,-152.0,0.0,duct_filler,0,1247.0
-77.37960295319363,-152.0,0.0,duct_filler,0,1247.0
-70.4513997229181,-152.0,0.0,duct_filler,0,1247.0
-63.523196492642626,-152.0,0.0,duct_filler,0,1247.0
-56.5949932623671,-152.0,0.0,duct_filler,0,1247.0
88.89727457341837,-152.0,0.0,duct_filler,0,1247.0
95.82547780369384,-152.0,0.0,duct_filler,0,1247.0
102.75368103396931,-152.0,0.0,duct_filler,0,1247.0
-392.6128499307296,-158.0000000000001,0.0,duct_filler,0,1247.0
-385.6846467004541,-158.0000000000001,0.0,duct_filler,0,1247.0
-378.75644347017857,-158.0000000000001,0.0,duct_filler,0,1247.0
-371.8282402399031,-158.0,0.0,duct_filler,0,1247.0
-364.90003700962757,-158.0000000000001,0.0,duct_filler,0,1247.0
-357.9718337793521,-158.0000000000001,0.0,duct_filler,0,1247.0
-351.0436305490765,-158.0000000000001,0.0,duct_filler,0,1247.0
-344.11542731880104,-158.0000000000001,0.0,duct_filler,0,1247.0
-281.76159824632157,-158.0000000000001,0.0,duct_filler,0,1247.0
-274.8333950160461,-158.0000000000001,0.0,duct_filler,0,1247.0
-267.9051917857706,-158.0000000000001,0.0,duct_filler,0,1247.0
-260.97698855549504,-158.0000000000001,0.0,duct_filler,0,1247.0
-254.04878532521957,-158.0000000000001,0.0,duct_filler,0,1247.0
-247.12058209494404,-158.0000000000001,0.0,duct_filler,0,1247.0
-240.19237886466857,-158.0,0.0,duct_filler,0,1247.0
-233.26417563439304,-158.0,0.0,duct_filler,0,1247.0
-226.3359724041175,-158.0,0.0,duct_filler,0,1247.0
-219.40776917384198,-158.0,0.0,duct_filler,0,1247.0
-212.4795659435664,-158.0,0.0,duct_filler,0,1247.0
-205.55136271329087,-158.0,0.0,duct_filler,0,1247.0
-198.6231594830154,-158.0,0.0,duct_filler,0,1247.0
-191.69495625273993,-158.0,0.0,duct_filler,0,1247.0
-184.76675302246434,-158.0,0.0,duct_filler,0,1247.0
-177.83854979218881,-158.0,0.0,duct_filler,0,1247.0
-170.9103465619133,-158.0,0.0,duct_filler,0,1247.0
-163.98214333163776,-158.0,0.0,duct_filler,0,1247.0
-157.05394010136217,-158.0,0.0,duct_filler,0,1247.0
-150.1257368710867,-158.0,0.0,duct_filler,0,1247.0
-143.19753364081112,-158.0,0.0,duct_filler,0,1247.0
-136.26933041053564,-158.0,0.0,duct_filler,0,1247.0
-129.34112718026006,-158.0,0.0,duct_filler,0,1247.0
-122.41292394998464,-158.0,0.0,duct_filler,0,1247.0
-115.484720719709,-158.0,0.0,duct_filler,0,1247.0
-108.55651748943353,-158.0,0.0,duct_filler,0,1247.0
-101.62831425915806,-158.0,0.0,duct_filler,0,1247.0
-94.70011102888253,-158.0,0.0,duct_filler,0,1247.0
-87.77190779860695,-158.0,0.0,duct_filler,0,1247.0
-80.84370456833142,-158.0,0.0,duct_filler,0,1247.0
-73.91550133805589,-158.0,0.0,duct_filler,0,1247.0
-66.9872981077803,-158.0,0.0,duct_filler,0,1247.0
-60.059094877504776,-158.0,0.0,duct_filler,0,1247.0
-53.130891647229305,-158.0,0.0,duct_filler,0,1247.0
92.36137618855616,-158.0,0.0,duct_filler,0,1247.0
-403.00515477614283,-164.0,0.0,duct_filler,0,1247.0
-396.07695154586736,-164.0,0.0,duct_filler,0,1247.0
-389.14874831559183,-164.0,0.0,duct_filler,0,1247.0
-382.2205450853163,-164.0,0.0,duct_filler,0,1247.0
-375.29234185504083,-164.0,0.0,duct_filler,0,1247.0
-368.36413862476525,-164.0,0.0,duct_filler,0,1247.0
-361.4359353944898,-164.0,0.0,duct_filler,0,1247.0
-354.5077321642143,-164.0,0.0,duct_filler,0,1247.0
-347.57952893393883,-164.0,0.0,duct_filler,0,1247.0
-340.6513257036633,-164.0,0.0,duct_filler,0,1247.0
-278.29749663118383,-164.0,0.0,duct_filler,0,1247.0
-271.3692934009083,-164.0,0.0,duct_filler,0,1247.0
-264.44109017063283,-164.0,0.0,duct_filler,0,1247.0
-257.51288694035725,-164.0,0.0,duct_filler,0,1247.0
-250.58468371008178,-164.0,0.0,duct_filler,0,1247.0
-243.6564804798063,-164.0,0.0,duct_filler,0,1247.0
-236.72827724953078,-164.0,0.0,duct_filler,0,1247.0
-229.80007401925525,-164.0,0.0,duct_filler,0,1247.0
-222.87187078897972,-164.0,0.0,duct_filler,0,1247.0
-215.9436675587042,-164.0,0.0,duct_filler,0,1247.0
-209.01546432842866,-164.0,0.0,duct_filler,0,1247.0
-202.0872610981532,-164.0,0.0,duct_filler,0,1247.0
-195.15905786787755,-164.0,0.0,duct_filler,0,1247.0
-188.23085463760208,-164.0,0.0,duct_filler,0,1247.0
-181.30265140732655,-164.0,0.0,duct_filler,0,1247.0
-174.37444817705102,-164.0,0.0,duct_filler,0,1247.0
-167.4462449467755,-164.0,0.0,duct_filler,0,1247.0
-160.51804171649997,-164.0,0.0,duct_filler,0,1247.0
-153.58983848622438,-164.0,0.0,duct_filler,0,1247.0
-146.6616352559489,-164.0,0.0,duct_filler,0,1247.0
-139.73343202567332,-164.0,0.0,duct_filler,0,1247.0
-132.8052287953978,-164.0,0.0,duct_filler,0,1247.0
-125.87702556512232,-164.0,0.0,duct_filler,0,1247.0
-118.9488223348468,-164.0,0.0,duct_filler,0,1247.0
-112.02061910457127,-164.0,0.0,duct_filler,0,1247.0
-105.09241587429574,-164.0,0.0,duct_filler,0,1247.0
-98.1642126440201,-164.0,0.0,duct_filler,0,1247.0
-91.23600941374474,-164.0,0.0,duct_filler,0,1247.0
-84.30780618346921,-164.0,0.0,duct_filler,0,1247.0
-77.37960295319363,-164.0,0.0,duct_filler,0,1247.0
-70.4513997229181,-164.0,0.0,duct_filler,0,1247.0
-63.523196492642626,-164.0,0.0,duct_filler,0,1247.0
-56.5949932623671,-164.0,0.0,duct_filler,0,1247.0
-399.54105316100515,-170.0000000000001,0.0,duct_filler,0,1247.0
-392.6128499307296,-170.0000000000001,0.0,duct_filler,0,1247.0
-385.6846467004541,-170.0000000000001,0.0,duct_filler,0,1247.0
-371.8282402399031,-170.0000000000001,0.0,duct_filler,0,1247.0
-364.90003700962757,-170.0,0.0,duct_filler,0,1247.0
-357.9718337793521,-170.0,0.0,duct_filler,0,1247.0
-351.0436305490765,-170.0,0.0,duct_filler,0,1247.0
-344.11542731880104,-170.0,0.0,duct_filler,0,1247.0
-337.18722408852557,-170.0,0.0,duct_filler,0,1247.0
-302.54620793714804,-170.0,0.0,duct_filler,0,1247.0
-295.61800470687257,-170.0,0.0,duct_filler,0,1247.0
-288.68980147659704,-170.0,0.0,duct_filler,0,1247.0
-281.76159824632157,-170.0,0.0,duct_filler,0,1247.0
-274.8333950160461,-170.0,0.0,duct_filler,0,1247.0
-267.9051917857706,-170.0,0.0,duct_filler,0,1247.0
-260.97698855549504,-170.0,0.0,duct_filler,0,1247.0
-254.04878532521957,-170.0,0.0,duct_filler,0,1247.0
-247.12058209494404,-170.0,0.0,duct_filler,0,1247.0
-240.19237886466857,-170.0,0.0,duct_filler,0,1247.0
-233.26417563439304,-170.0,0.0,duct_filler,0,1247.0
-226.3359724041175,-170.0,0.0,duct_filler,0,1247.0
-219.40776917384198,-170.0,0.0,duct_filler,0,1247.0
-212.4795659435664,-170.0,0.0,duct_filler,0,1247.0
-205.55136271329087,-170.0,0.0,duct_filler,0,1247.0
-198.6231594830154,-170.0,0.0,duct_filler,0,1247.0
-191.69495625273993,-170.0,0.0,duct_filler,0,1247.0
-184.76675302246434,-170.0,0.0,duct_filler,0,1247.0
-177.83854979218881,-170.0,0.0,duct_filler,0,1247.0
-170.9103465619133,-170.0,0.0,duct_filler,0,1247.0
-163.98214333163776,-170.0,0.0,duct_filler,0,1247.0
-157.05394010136217,-170.0,0.0,duct_filler,0,1247.0
-150.1257368710867,-170.0,0.0,duct_filler,0,1247.0
-143.19753364081112,-170.0,0.0,duct_filler,0,1247.0
-136.26933041053564,-170.0,0.0,duct_filler,0,1247.0
-129.34112718026006,-170.0,0.0,duct_filler,0,1247.0
-122.41292394998464,-170.0,0.0,duct_filler,0,1247.0
-115.484720719709,-170.0,0.0,duct_filler,0,1247.0
-108.55651748943353,-170.0,0.0,duct_filler,0,1247.0
-101.62831425915806,-170.0,0.0,duct_filler,0,1247.0
-94.70011102888253,-170.0,0.0,duct_filler,0,1247.0
-87.77190779860695,-170.0,0.0,duct_filler,0,1247.0
-80.84370456833142,-170.0,0.0,duct_filler,0,1247.0
-73.91550133805589,-170.0,0.0,duct_filler,0,1247.0
-66.9872981077803,-170.0,0.0,duct_filler,0,1247.0
-60.059094877504776,-170.0,0.0,duct_filler,0,1247.0
-53.130891647229305,-170.0,0.0,duct_filler,0,1247.0
-403.00515477614283,-176.0,0.0,duct_filler,0,1247.0
-396.07695154586736,-176.0,0.0,duct_filler,0,1247.0
-389.14874831559183,-176.0,0.0,duct_filler,0,1247.0
-375.29234185504083,-176.0,0.0,duct_filler,0,1247.0
-368.36413862476525,-176.0,0.0,duct_filler,0,1247.0
-361.4359353944898,-176.0,0.0,duct_filler,0,1247.0
-354.5077321642143,-176.0,0.0,duct_filler,0,1247.0
-347.57952893393883,-176.0,0.0,duct_filler,0,1247.0
-340.6513257036633,-176.0,0.0,duct_filler,0,1247.0
-333.72312247338783,-176.0,0.0,duct_filler,0,1247.0
-312.9385127825613,-176.0,0.0,duct_filler,0,1247.0
-306.01030955228583,-176.0,0.0,duct_filler,0,1247.0
-299.0821063220103,-176.0,0.0,duct_filler,0,1247.0
-292.15390309173483,-176.0,0.0,duct_filler,0,1247.0
-285.22569986145925,-176.0,0.0,duct_filler,0,1247.0
-278.29749663118383,-176.0,0.0,duct_filler,0,1247.0
-271.3692934009083,-176.0,0.0,duct_filler,0,1247.0
-264.44109017063283,-176.0,0.0,duct_filler,0,1247.0
-257.51288694035725,-176.0,0.0,duct_filler,0,1247.0
-250.58468371008178,-176.0,0.0,duct_filler,0,1247.0
-243.6564804798063,-176.0,0.0,duct_filler,0,1247.0
-236.72827724953078,-175.9999999999999,0.0,duct_filler,0,1247.0
-229.80007401925525,-175.9999999999999,0.0,duct_filler,0,1247.0
-222.87187078897972,-175.9999999999999,0.0,duct_filler,0,1247.0
-215.9436675587042,-175.9999999999999,0.0,duct_filler,0,1247.0
-209.01546432842866,-175.9999999999999,0.0,duct_filler,0,1247.0
-202.0872610981532,-175.9999999999999,0.0,duct_filler,0,1247.0
-195.15905786787755,-175.9999999999999,0.0,duct_filler,0,1247.0
-188.23085463760208,-175.9999999999999,0.0,duct_filler,0,1247.0
-181.30265140732655,-175.9999999999999,0.0,duct_filler,0,1247.0
-174.37444817705102,-175.9999999999999,0.0,duct_filler,0,1247.0
-167.4462449467755,-175.9999999999999,0.0,duct_filler,0,1247.0
-160.51804171649997,-175.9999999999999,0.0,duct_filler,0,1247.0
-153.58983848622438,-175.9999999999999,0.0,duct_filler,0,1247.0
-146.6616352559489,-175.9999999999999,0.0,duct_filler,0,1247.0
-139.73343202567332,-175.9999999999999,0.0,duct_filler,0,1247.0
-132.8052287953978,-175.9999999999999,0.0,duct_filler,0,1247.0
-125.87702556512232,-175.9999999999999,0.0,duct_filler,0,1247.0
-118.9488223348468,-175.9999999999999,0.0,duct_filler,0,1247.0
-112.02061910457127,-175.9999999999999,0.0,duct_filler,0,1247.0
-105.09241587429574,-175.9999999999999,0.0,duct_filler,0,1247.0
-98.1642126440201,-175.9999999999999,0.0,duct_filler,0,1247.0
-91.23600941374474,-175.9999999999999,0.0,duct_filler,0,1247.0
-84.30780618346921,-175.9999999999999,0.0,duct_filler,0,1247.0
-77.37960295319363,-175.9999999999999,0.0,duct_filler,0,1247.0
-70.4513997229181,-175.9999999999999,0.0,duct_filler,0,1247.0
-63.523196492642626,-175.9999999999999,0.0,duct_filler,0,1247.0
-56.5949932623671,-175.9999999999999,0.0,duct_filler,0,1247.0
-49.66679003209157,-175.9999999999999,0.0,duct_filler,0,1247.0
-378.75644347017857,-182.0,0.0,duct_filler,0,1247.0
-371.8282402399031,-182.0,0.0,duct_filler,0,1247.0
-364.90003700962757,-181.9999999999999,0.0,duct_filler,0,1247.0
-357.9718337793521,-181.9999999999999,0.0,duct_filler,0,1247.0
-351.0436305490765,-181.9999999999999,0.0,duct_filler,0,1247.0
-344.11542731880104,-181.9999999999999,0.0,duct_filler,0,1247.0
-337.18722408852557,-181.9999999999999,0.0,duct_filler,0,1247.0
-330.2590208582501,-181.9999999999999,0.0,duct_filler,0,1247.0
-323.33081762797457,-181.9999999999999,0.0,duct_filler,0,1247.0
-316.40261439769904,-181.9999999999999,0.0,duct_filler,0,1247.0
-309.47441116742357,-181.9999999999999,0.0,duct_filler,0,1247.0
-302.54620793714804,-181.9999999999999,0.0,duct_filler,0,1247.0
-295.61800470687257,-181.9999999999999,0.0,duct_filler,0,1247.0
-288.68980147659704,-181.9999999999999,0.0,duct_filler,0,1247.0
-281.76159824632157,-181.9999999999999,0.0,duct_filler,0,1247.0
-274.8333950160461,-181.9999999999999,0.0,duct_filler,0,1247.0
-267.9051917857706,-181.9999999999999,0.0,duct_filler,0,1247.0
-260.97698855549504,-181.9999999999999,0.0,duct_filler,0,1247.0
-254.04878532521957,-181.9999999999999,0.0,duct_filler,0,1247.0
-247.12058209494404,-181.9999999999999,0.0,duct_filler,0,1247.0
-240.19237886466857,-182.0,0.0,duct_filler,0,1247.0
-233.26417563439304,-182.0,0.0,duct_filler,0,1247.0
-226.3359724041175,-182.0,0.0,duct_filler,0,1247.0
-219.40776917384198,-182.0,0.0,duct_filler,0,1247.0
-212.4795659435664,-182.0,0.0,duct_filler,0,1247.0
-205.55136271329087,-182.0,0.0,duct_filler,0,1247.0
-198.6231594830154,-182.0,0.0,duct_filler,0,1247.0
-191.69495625273993,-182.0,0.0,duct_filler,0,1247.0
-184.76675302246434,-182.0,0.0,duct_filler,0,1247.0
-177.83854979218881,-182.0,0.0,duct_filler,0,1247.0
-170.9103465619133,-182.0,0.0,duct_filler,0,1247.0
-163.98214333163776,-182.0,0.0,duct_filler,0,1247.0
-157.05394010136217,-182.0,0.0,duct_filler,0,1247.0
-150.1257368710867,-182.0,0.0,duct_filler,0,1247.0
-143.19753364081112,-182.0,0.0,duct_filler,0,1247.0
-136.26933041053564,-182.0,0.0,duct_filler,0,1247.0
-129.34112718026006,-182.0,0.0,duct_filler,0,1247.0
-122.41292394998464,-182.0,0.0,duct_filler,0,1247.0
-115.484720719709,-182.0,0.0,duct_filler,0,1247.0
-108.55651748943353,-182.0,0.0,duct_filler,0,1247.0
-101.62831425915806,-182.0,0.0,duct_filler,0,1247.0
-94.70011102888253,-182.0,0.0,duct_filler,0,1247.0
-87.77190779860695,-182.0,0.0,duct_filler,0,1247.0
-80.84370456833142,-182.0,0.0,duct_filler,0,1247.0
-73.91550133805589,-182.0,0.0,duct_filler,0,1247.0
-66.9872981077803,-182.0,0.0,duct_filler,0,1247.0
-60.059094877504776,-182.0,0.0,duct_filler,0,1247.0
-53.130891647229305,-182.0,0.0,duct_filler,0,1247.0
-46.20268841695378,-182.0,0.0,duct_filler,0,1247.0
-375.29234185504083,-188.0,0.0,duct_filler,0,1247.0
-368.36413862476525,-188.0,0.0,duct_filler,0,1247.0
-361.4359353944898,-188.0,0.0,duct_filler,0,1247.0
-354.5077321642143,-188.0,0.0,duct_filler,0,1247.0
-347.57952893393883,-188.0,0.0,duct_filler,0,1247.0
-340.6513257036633,-188.0,0.0,duct_filler,0,1247.0
-333.72312247338783,-188.0,0.0,duct_filler,0,1247.0
-326.7949192431123,-188.0,0.0,duct_filler,0,1247.0
-319.86671601283683,-188.0,0.0,duct_filler,0,1247.0
-312.9385127825613,-188.0,0.0,duct_filler,0,1247.0
-306.01030955228583,-188.0,0.0,duct_filler,0,1247.0
-299.0821063220103,-188.0,0.0,duct_filler,0,1247.0
-292.15390309173483,-188.0,0.0,duct_filler,0,1247.0
-285.22569986145925,-188.0,0.0,duct_filler,0,1247.0
-278.29749663118383,-188.0,0.0,duct_filler,0,1247.0
-271.3692934009083,-188.0,0.0,duct_filler,0,1247.0
-264.44109017063283,-188.0,0.0,duct_filler,0,1247.0
-257.51288694035725,-188.0,0.0,duct_filler,0,1247.0
-250.58468371008178,-188.0,0.0,duct_filler,0,1247.0
-243.6564804798063,-188.0,0.0,duct_filler,0,1247.0
-236.72827724953078,-188.0,0.0,duct_filler,0,1247.0
-229.80007401925525,-188.0,0.0,duct_filler,0,1247.0
-222.87187078897972,-188.0,0.0,duct_filler,0,1247.0
-215.9436675587042,-188.0,0.0,duct_filler,0,1247.0
-209.01546432842866,-188.0,0.0,duct_filler,0,1247.0
-202.0872610981532,-188.0,0.0,duct_filler,0,1247.0
-195.15905786787755,-188.0,0.0,duct_filler,0,1247.0
-188.23085463760208,-188.0,0.0,duct_filler,0,1247.0
-181.30265140732655,-188.0,0.0,duct_filler,0,1247.0
-174.37444817705102,-188.0,0.0,duct_filler,0,1247.0
-167.4462449467755,-188.0,0.0,duct_filler,0,1247.0
-160.51804171649997,-188.0,0.0,duct_filler,0,1247.0
-153.58983848622438,-188.0,0.0,duct_filler,0,1247.0
-146.6616352559489,-188.0,0.0,duct_filler,0,1247.0
-139.73343202567332,-188.0,0.0,duct_filler,0,1247.0
-132.8052287953978,-188.0,0.0,duct_filler,0,1247.0
-125.87702556512232,-188.0,0.0,duct_filler,0,1247.0
-118.9488223348468,-188.0,0.0,duct_filler,0,1247.0
-112.02061910457127,-188.0,0.0,duct_filler,0,1247.0
-105.09241587429574,-188.0,0.0,duct_filler,0,1247.0
-98.1642126440201,-188.0,0.0,duct_filler,0,1247.0
-91.23600941374474,-188.0,0.0,duct_filler,0,1247.0
-84.30780618346921,-188.0,0.0,duct_filler,0,1247.0
-77.37960295319363,-188.0,0.0,duct_filler,0,1247.0
-70.4513997229181,-188.0,0.0,duct_filler,0,1247.0
-63.523196492642626,-188.0,0.0,duct_filler,0,1247.0
-56.5949932623671,-188.0,0.0,duct_filler,0,1247.0
-49.66679003209157,-188.0,0.0,duct_filler,0,1247.0
359.097200554162,-188.0000000000001,0.0,duct_filler,0,1247.0
366.02540378443734,-188.0000000000001,0.0,duct_filler,0,1247.0
372.9536070147128,-188.0000000000001,0.0,duct_filler,0,1247.0
379.8818102449883,-188.0000000000001,0.0,duct_filler,0,1247.0
-378.75644347017857,-193.9999999999999,0.0,duct_filler,0,1247.0
-371.8282402399031,-193.9999999999999,0.0,duct_filler,0,1247.0
-364.90003700962757,-193.9999999999999,0.0,duct_filler,0,1247.0
-357.9718337793521,-193.9999999999999,0.0,duct_filler,0,1247.0
-351.0436305490765,-193.9999999999999,0.0,duct_filler,0,1247.0
-344.11542731880104,-193.9999999999999,0.0,duct_filler,0,1247.0
-337.18722408852557,-193.9999999999999,0.0,duct_filler,0,1247.0
-330.2590208582501,-193.9999999999999,0.0,duct_filler,0,1247.0
-323.33081762797457,-193.9999999999999,0.0,duct_filler,0,1247.0
-316.40261439769904,-193.9999999999999,0.0,duct_filler,0,1247.0
-309.47441116742357,-193.9999999999999,0.0,duct_filler,0,1247.0
-302.54620793714804,-193.9999999999999,0.0,duct_filler,0,1247.0
-295.61800470687257,-193.9999999999999,0.0,duct_filler,0,1247.0
-288.68980147659704,-193.9999999999999,0.0,duct_filler,0,1247.0
-281.76159824632157,-193.9999999999999,0.0,duct_filler,0,1247.0
-274.8333950160461,-193.9999999999999,0.0,duct_filler,0,1247.0
-267.9051917857706,-193.9999999999999,0.0,duct_filler,0,1247.0
-260.97698855549504,-193.9999999999999,0.0,duct_filler,0,1247.0
-254.04878532521957,-193.9999999999999,0.0,duct_filler,0,1247.0
-247.12058209494404,-193.9999999999999,0.0,duct_filler,0,1247.0
-240.19237886466857,-194.0,0.0,duct_filler,0,1247.0
-233.26417563439304,-194.0,0.0,duct_filler,0,1247.0
-226.3359724041175,-194.0,0.0,duct_filler,0,1247.0
-219.40776917384198,-194.0,0.0,duct_filler,0,1247.0
-212.4795659435664,-194.0,0.0,duct_filler,0,1247.0
-205.55136271329087,-194.0,0.0,duct_filler,0,1247.0
-198.6231594830154,-194.0,0.0,duct_filler,0,1247.0
-191.69495625273993,-194.0,0.0,duct_filler,0,1247.0
-184.76675302246434,-194.0,0.0,duct_filler,0,1247.0
-177.83854979218881,-194.0,0.0,duct_filler,0,1247.0
-170.9103465619133,-194.0,0.0,duct_filler,0,1247.0
-163.98214333163776,-194.0,0.0,duct_filler,0,1247.0
-157.05394010136217,-194.0,0.0,duct_filler,0,1247.0
-150.1257368710867,-194.0,0.0,duct_filler,0,1247.0
-143.19753364081112,-194.0,0.0,duct_filler,0,1247.0
-136.26933041053564,-194.0,0.0,duct_filler,0,1247.0
-129.34112718026006,-194.0,0.0,duct_filler,0,1247.0
-122.41292394998464,-194.0,0.0,duct_filler,0,1247.0
-115.484720719709,-194.0,0.0,duct_filler,0,1247.0
-108.55651748943353,-194.0,0.0,duct_filler,0,1247.0
-101.62831425915806,-194.0,0.0,duct_filler,0,1247.0
-94.70011102888253,-194.0,0.0,duct_filler,0,1247.0
-87.77190779860695,-194.0,0.0,duct_filler,0,1247.0
-80.84370456833142,-194.0,0.0,duct_filler,0,1247.0
-73.91550133805589,-194.0,0.0,duct_filler,0,1247.0
-66.9872981077803,-194.0,0.0,duct_filler,0,1247.0
-60.059094877504776,-194.0,0.0,duct_filler,0,1247.0
-53.130891647229305,-194.0,0.0,duct_filler,0,1247.0
-46.20268841695378,-194.0,0.0,duct_filler,0,1247.0
355.6330989390242,-194.0,0.0,duct_filler,0,1247.0
362.56130216929967,-194.0,0.0,duct_filler,0,1247.0
369.48950539957514,-194.0,0.0,duct_filler,0,1247.0
376.4177086298505,-194.0,0.0,duct_filler,0,1247.0
383.34591186012597,-194.0,0.0,duct_filler,0,1247.0
390.27411509040144,-194.0,0.0,duct_filler,0,1247.0
-375.29234185504083,-200.0,0.0,duct_filler,0,1247.0
-368.36413862476525,-200.0,0.0,duct_filler,0,1247.0
-361.4359353944898,-200.0,0.0,duct_filler,0,1247.0
-354.5077321642143,-200.0,0.0,duct_filler,0,1247.0
-347.57952893393883,-200.0,0.0,duct_filler,0,1247.0
-340.6513257036633,-200.0,0.0,duct_filler,0,1247.0
-333.72312247338783,-200.0,0.0,duct_filler,0,1247.0
-326.7949192431123,-200.0,0.0,duct_filler,0,1247.0
-319.86671601283683,-200.0,0.0,duct_filler,0,1247.0
-312.9385127825613,-200.0,0.0,duct_filler,0,1247.0
-306.01030955228583,-200.0,0.0,duct_filler,0,1247.0
-299.0821063220103,-200.0,0.0,duct_filler,0,1247.0
-292.15390309173483,-200.0,0.0,duct_filler,0,1247.0
-285.22569986145925,-200.0,0.0,duct_filler,0,1247.0
-278.29749663118383,-200.0,0.0,duct_filler,0,1247.0
-271.3692934009083,-200.0,0.0,duct_filler,0,1247.0
-264.44109017063283,-200.0,0.0,duct_filler,0,1247.0
-257.51288694035725,-200.0,0.0,duct_filler,0,1247.0
-250.58468371008178,-200.0,0.0,duct_filler,0,1247.0
-243.6564804798063,-199.9999999999999,0.0,duct_filler,0,1247.0
-236.72827724953078,-200.0,0.0,duct_filler,0,1247.0
-229.80007401925525,-200.0,0.0,duct_filler,0,1247.0
-222.87187078897972,-200.0,0.0,duct_filler,0,1247.0
-215.9436675587042,-200.0,0.0,duct_filler,0,1247.0
-209.01546432842866,-200.0,0.0,duct_filler,0,1247.0
-202.0872610981532,-200.0,0.0,duct_filler,0,1247.0
-195.15905786787755,-200.0,0.0,duct_filler,0,1247.0
-188.23085463760208,-200.0,0.0,duct_filler,0,1247.0
-181.30265140732655,-200.0,0.0,duct_filler,0,1247.0
-174.37444817705102,-200.0,0.0,duct_filler,0,1247.0
-167.4462449467755,-200.0,0.0,duct_filler,0,1247.0
-160.51804171649997,-200.0,0.0,duct_filler,0,1247.0
-153.58983848622438,-200.0,0.0,duct_filler,0,1247.0
-146.6616352559489,-200.0,0.0,duct_filler,0,1247.0
-139.73343202567332,-200.0,0.0,duct_filler,0,1247.0
-132.8052287953978,-200.0,0.0,duct_filler,0,1247.0
-125.87702556512232,-200.0,0.0,duct_filler,0,1247.0
-118.9488223348468,-200.0,0.0,duct_filler,0,1247.0
-112.02061910457127,-200.0,0.0,duct_filler,0,1247.0
-105.09241587429574,-200.0,0.0,duct_filler,0,1247.0
-98.1642126440201,-200.0,0.0,duct_filler,0,1247.0
-91.23600941374474,-200.0,0.0,duct_filler,0,1247.0
-84.30780618346921,-200.0,0.0,duct_filler,0,1247.0
-77.37960295319363,-200.0,0.0,duct_filler,0,1247.0
-70.4513997229181,-200.0,0.0,duct_filler,0,1247.0
-63.523196492642626,-200.0,0.0,duct_filler,0,1247.0
-56.5949932623671,-200.0,0.0,duct_filler,0,1247.0
-49.66679003209157,-200.0,0.0,duct_filler,0,1247.0
-42.738586801815984,-200.0,0.0,duct_filler,0,1247.0
-35.810383571540456,-200.0,0.0,duct_filler,0,1247.0
345.2407940936107,-200.0,0.0,duct_filler,0,1247.0
352.1689973238865,-200.0,0.0,duct_filler,0,1247.0
359.097200554162,-200.0,0.0,duct_filler,0,1247.0
366.02540378443734,-200.0,0.0,duct_filler,0,1247.0
372.9536070147128,-200.0,0.0,duct_filler,0,1247.0
379.8818102449883,-200.0,0.0,duct_filler,0,1247.0
386.81001347526364,-200.0,0.0,duct_filler,0,1247.0
393.7382167055391,-200.0,0.0,duct_filler,0,1247.0
-378.75644347017857,-206.0,0.0,duct_filler,0,1247.0
-371.8282402399031,-206.0,0.0,duct_filler,0,1247.0
-364.90003700962757,-206.0,0.0,duct_filler,0,1247.0
-357.9718337793521,-206.0,0.0,duct_filler,0,1247.0
-351.0436305490765,-206.0,0.0,duct_filler,0,1247.0
-344.11542731880104,-206.0,0.0,duct_filler,0,1247.0
-337.18722408852557,-206.0,0.0,duct_filler,0,1247.0
-330.2590208582501,-206.0,0.0,duct_filler,0,1247.0
-323.33081762797457,-206.0,0.0,duct_filler,0,1247.0
-316.40261439769904,-206.0,0.0,duct_filler,0,1247.0
-309.47441116742357,-206.0,0.0,duct_filler,0,1247.0
-302.54620793714804,-206.0,0.0,duct_filler,0,1247.0
-295.61800470687257,-206.0,0.0,duct_filler,0,1247.0
-288.68980147659704,-206.0,0.0,duct_filler,0,1247.0
-260.97698855549504,-206.0,0.0,duct_filler,0,1247.0
-254.04878532521957,-206.0,0.0,duct_filler,0,1247.0
-247.12058209494404,-206.0,0.0,duct_filler,0,1247.0
-240.19237886466857,-206.0,0.0,duct_filler,0,1247.0
-233.26417563439304,-206.0,0.0,duct_filler,0,1247.0
-226.3359724041175,-206.0,0.0,duct_filler,0,1247.0
-219.40776917384198,-206.0,0.0,duct_filler,0,1247.0
-212.4795659435664,-206.0,0.0,duct_filler,0,1247.0
-205.55136271329087,-206.0,0.0,duct_filler,0,1247.0
-198.6231594830154,-206.0,0.0,duct_filler,0,1247.0
-191.69495625273993,-206.0,0.0,duct_filler,0,1247.0
-184.76675302246434,-206.0,0.0,duct_filler,0,1247.0
-177.83854979218881,-206.0,0.0,duct_filler,0,1247.0
-170.9103465619133,-206.0,0.0,duct_filler,0,1247.0
-163.98214333163776,-206.0,0.0,duct_filler,0,1247.0
-157.05394010136217,-206.0,0.0,duct_filler,0,1247.0
-150.1257368710867,-206.0,0.0,duct_filler,0,1247.0
-143.19753364081112,-206.0,0.0,duct_filler,0,1247.0
-136.26933041053564,-206.0,0.0,duct_filler,0,1247.0
-129.34112718026006,-206.0,0.0,duct_filler,0,1247.0
-122.41292394998464,-206.0,0.0,duct_filler,0,1247.0
-115.484720719709,-206.0,0.0,duct_filler,0,1247.0
-108.55651748943353,-206.0,0.0,duct_filler,0,1247.0
-101.62831425915806,-206.0,0.0,duct_filler,0,1247.0
-94.70011102888253,-206.0,0.0,duct_filler,0,1247.0
-87.77190779860695,-206.0,0.0,duct_filler,0,1247.0
-80.84370456833142,-206.0,0.0,duct_filler,0,1247.0
-73.91550133805589,-206.0,0.0,duct_filler,0,1247.0
-66.9872981077803,-206.0,0.0,duct_filler,0,1247.0
-60.059094877504776,-206.0,0.0,duct_filler,0,1247.0
-53.130891647229305,-206.0,0.0,duct_filler,0,1247.0
-46.20268841695378,-206.0,0.0,duct_filler,0,1247.0
-39.27448518667825,-206.0,0.0,duct_filler,0,1247.0
-32.34628195640266,-206.0,0.0,duct_filler,0,1247.0
341.77669247847336,-205.9999999999999,0.0,duct_filler,0,1247.0
348.70489570874884,-205.9999999999999,0.0,duct_filler,0,1247.0
355.6330989390242,-205.9999999999999,0.0,duct_filler,0,1247.0
362.56130216929967,-205.9999999999999,0.0,duct_filler,0,1247.0
369.48950539957514,-205.9999999999999,0.0,duct_filler,0,1247.0
376.4177086298505,-205.9999999999999,0.0,duct_filler,0,1247.0
383.34591186012597,-205.9999999999999,0.0,duct_filler,0,1247.0
390.27411509040144,-205.9999999999999,0.0,duct_filler,0,1247.0
-382.2205450853163,-212.0000000000001,0.0,duct_filler,0,1247.0
-375.29234185504083,-212.0,0.0,duct_filler,0,1247.0
-368.36413862476525,-212.0,0.0,duct_filler,0,1247.0
-361.4359353944898,-212.0,0.0,duct_filler,0,1247.0
-354.5077321642143,-212.0,0.0,duct_filler,0,1247.0
-347.57952893393883,-212.0,0.0,duct_filler,0,1247.0
-340.6513257036633,-212.0,0.0,duct_filler,0,1247.0
-333.72312247338783,-212.0,0.0,duct_filler,0,1247.0
-326.7949192431123,-212.0,0.0,duct_filler,0,1247.0
-319.86671601283683,-212.0,0.0,duct_filler,0,1247.0
-312.9385127825613,-212.0,0.0,duct_filler,0,1247.0
-306.01030955228583,-212.0,0.0,duct_filler,0,1247.0
-299.0821063220103,-212.0,0.0,duct_filler,0,1247.0
-292.15390309173483,-212.0,0.0,duct_filler,0,1247.0
-264.44109017063283,-212.0,0.0,duct_filler,0,1247.0
-257.51288694035725,-212.0,0.0,duct_filler,0,1247.0
-250.58468371008178,-212.0,0.0,duct_filler,0,1247.0
-243.6564804798063,-212.0,0.0,duct_filler,0,1247.0
-236.72827724953078,-212.0,0.0,duct_filler,0,1247.0
-229.80007401925525,-212.0,0.0,duct_filler,0,1247.0
-222.87187078897972,-212.0,0.0,duct_filler,0,1247.0
-215.9436675587042,-212.0,0.0,duct_filler,0,1247.0
-209.01546432842866,-212.0,0.0,duct_filler,0,1247.0
-202.0872610981532,-212.0,0.0,duct_filler,0,1247.0
-195.15905786787755,-212.0,0.0,duct_filler,0,1247.0
-188.23085463760208,-212.0,0.0,duct_filler,0,1247.0
-181.30265140732655,-212.0,0.0,duct_filler,0,1247.0
-174.37444817705102,-212.0,0.0,duct_filler,0,1247.0
-167.4462449467755,-212.0,0.0,duct_filler,0,1247.0
-160.51804171649997,-212.0,0.0,duct_filler,0,1247.0
-153.58983848622438,-212.0,0.0,duct_filler,0,1247.0
-146.6616352559489,-212.0,0.0,duct_filler,0,1247.0
-139.73343202567332,-212.0,0.0,duct_filler,0,1247.0
-132.8052287953978,-212.0,0.0,duct_filler,0,1247.0
-125.87702556512232,-212.0,0.0,duct_filler,0,1247.0
-118.9488223348468,-212.0,0.0,duct_filler,0,1247.0
-112.02061910457127,-212.0,0.0,duct_filler,0,1247.0
-105.09241587429574,-212.0,0.0,duct_filler,0,1247.0
-98.1642126440201,-212.0,0.0,duct_filler,0,1247.0
-91.23600941374474,-212.0,0.0,duct_filler,0,1247.0
-84.30780618346921,-212.0,0.0,duct_filler,0,1247.0
-77.37960295319363,-212.0,0.0,duct_filler,0,1247.0
-70.4513997229181,-212.0,0.0,duct_filler,0,1247.0
-63.523196492642626,-212.0,0.0,duct_filler,0,1247.0
-56.5949932623671,-212.0,0.0,duct_filler,0,1247.0
-49.66679003209157,-212.0,0.0,duct_filler,0,1247.0
-42.738586801815984,-212.0,0.0,duct_filler,0,1247.0
-35.810383571540456,-212.0,0.0,duct_filler,0,1247.0
345.2407940936107,-212.0,0.0,duct_filler,0,1247.0
352.1689973238865,-212.0,0.0,duct_filler,0,1247.0
359.097200554162,-212.0,0.0,duct_filler,0,1247.0
366.02540378443734,-212.0,0.0,duct_filler,0,1247.0
372.9536070147128,-212.0,0.0,duct_filler,0,1247.0
379.8818102449883,-212.0,0.0,duct_filler,0,1247.0
386.81001347526364,-212.0,0.0,duct_filler,0,1247.0
393.7382167055391,-212.0,0.0,duct_filler,0,1247.0
-378.75644347017857,-218.0,0.0,duct_filler,0,1247.0
-371.8282402399031,-218.0,0.0,duct_filler,0,1247.0
-364.90003700962757,-218.0,0.0,duct_filler,0,1247.0
-357.9718337793521,-218.0,0.0,duct_filler,0,1247.0
-351.0436305490765,-218.0,0.0,duct_filler,0,1247.0
-344.11542731880104,-218.0,0.0,duct_filler,0,1247.0
-337.18722408852557,-218.0,0.0,duct_filler,0,1247.0
-330.2590208582501,-218.0,0.0,duct_filler,0,1247.0
-323.33081762797457,-218.0,0.0,duct_filler,0,1247.0
-316.40261439769904,-218.0,0.0,duct_filler,0,1247.0
-309.47441116742357,-218.0,0.0,duct_filler,0,1247.0
-302.54620793714804,-218.0,0.0,duct_filler,0,1247.0
-295.61800470687257,-218.0,0.0,duct_filler,0,1247.0
-260.97698855549504,-218.0,0.0,duct_filler,0,1247.0
-254.04878532521957,-218.0,0.0,duct_filler,0,1247.0
-247.12058209494404,-218.0,0.0,duct_filler,0,1247.0
-240.19237886466857,-218.0,0.0,duct_filler,0,1247.0
-233.26417563439304,-218.0,0.0,duct_filler,0,1247.0
-226.3359724041175,-218.0,0.0,duct_filler,0,1247.0
-219.40776917384198,-218.0,0.0,duct_filler,0,1247.0
-212.4795659435664,-218.0,0.0,duct_filler,0,1247.0
-205.55136271329087,-218.0,0.0,duct_filler,0,1247.0
-198.6231594830154,-218.0,0.0,duct_filler,0,1247.0
-191.69495625273993,-218.0,0.0,duct_filler,0,1247.0
-184.76675302246434,-218.0,0.0,duct_filler,0,1247.0
-177.83854979218881,-218.0,0.0,duct_filler,0,1247.0
-170.9103465619133,-218.0,0.0,duct_filler,0,1247.0
-163.98214333163776,-218.0,0.0,duct_filler,0,1247.0
-157.05394010136217,-218.0,0.0,duct_filler,0,1247.0
-150.1257368710867,-218.0,0.0,duct_filler,0,1247.0
-143.19753364081112,-218.0,0.0,duct_filler,0,1247.0
-136.26933041053564,-218.0,0.0,duct_filler,0,1247.0
-129.34112718026006,-218.0,0.0,duct_filler,0,1247.0
-122.41292394998464,-218.0,0.0,duct_filler,0,1247.0
-115.484720719709,-218.0,0.0,duct_filler,0,1247.0
-108.55651748943353,-218.0,0.0,duct_filler,0,1247.0
-101.62831425915806,-218.0,0.0,duct_filler,0,1247.0
-94.70011102888253,-218.0,0.0,duct_filler,0,1247.0
-87.77190779860695,-218.0,0.0,duct_filler,0,1247.0
-80.84370456833142,-218.0,0.0,duct_filler,0,1247.0
-73.91550133805589,-218.0,0.0,duct_filler,0,1247.0
-66.9872981077803,-218.0,0.0,duct_filler,0,1247.0
-60.059094877504776,-218.0,0.0,duct_filler,0,1247.0
362.56130216929967,-218.0,0.0,duct_filler,0,1247.0
369.48950539957514,-218.0,0.0,duct_filler,0,1247.0
376.4177086298505,-218.0,0.0,duct_filler,0,1247.0
383.34591186012597,-218.0,0.0,duct_filler,0,1247.0
390.27411509040144,-218.0,0.0,duct_filler,0,1247.0
397.2023183206768,-218.0,0.0,duct_filler,0,1247.0
411.05872478122785,-218.0,0.0,duct_filler,0,1247.0
417.9869280115033,-218.0,0.0,duct_filler,0,1247.0
-382.2205450853163,-224.0,0.0,duct_filler,0,1247.0
-375.29234185504083,-224.0,0.0,duct_filler,0,1247.0
-368.36413862476525,-224.0,0.0,duct_filler,0,1247.0
-361.4359353944898,-224.0,0.0,duct_filler,0,1247.0
-354.5077321642143,-224.0,0.0,duct_filler,0,1247.0
-347.57952893393883,-224.0,0.0,duct_filler,0,1247.0
-340.6513257036633,-224.0,0.0,duct_filler,0,1247.0
-333.72312247338783,-224.0,0.0,duct_filler,0,1247.0
-326.7949192431123,-224.0,0.0,duct_filler,0,1247.0
-319.86671601283683,-224.0,0.0,duct_filler,0,1247.0
-312.9385127825613,-224.0,0.0,duct_filler,0,1247.0
-306.01030955228583,-224.0,0.0,duct_filler,0,1247.0
-299.0821063220103,-224.0,0.0,duct_filler,0,1247.0
-264.44109017063283,-224.0,0.0,duct_filler,0,1247.0
-257.51288694035725,-224.0,0.0,duct_filler,0,1247.0
-250.58468371008178,-224.0,0.0,duct_filler,0,1247.0
-243.6564804798063,-224.0000000000001,0.0,duct_filler,0,1247.0
-236.72827724953078,-224.0000000000001,0.0,duct_filler,0,1247.0
-229.80007401925525,-224.0000000000001,0.0,duct_filler,0,1247.0
-222.87187078897972,-224.0000000000001,0.0,duct_filler,0,1247.0
-215.9436675587042,-224.0000000000001,0.0,duct_filler,0,1247.0
-209.01546432842866,-224.0000000000001,0.0,duct_filler,0,1247.0
-202.0872610981532,-224.0000000000001,0.0,duct_filler,0,1247.0
-195.15905786787755,-224.0000000000001,0.0,duct_filler,0,1247.0
-188.23085463760208,-224.0000000000001,0.0,duct_filler,0,1247.0
-181.30265140732655,-224.0000000000001,0.0,duct_filler,0,1247.0
-174.37444817705102,-224.0000000000001,0.0,duct_filler,0,1247.0
-167.4462449467755,-224.0000000000001,0.0,duct_filler,0,1247.0
-160.51804171649997,-224.0000000000001,0.0,duct_filler,0,1247.0
-153.58983848622438,-224.0000000000001,0.0,duct_filler,0,1247.0
-146.6616352559489,-224.0000000000001,0.0,duct_filler,0,1247.0
-139.73343202567332,-224.0000000000001,0.0,duct_filler,0,1247.0
-132.8052287953978,-224.0000000000001,0.0,duct_filler,0,1247.0
-125.87702556512232,-224.0000000000001,0.0,duct_filler,0,1247.0
-118.9488223348468,-224.0000000000001,0.0,duct_filler,0,1247.0
-112.02061910457127,-224.0000000000001,0.0,duct_filler,0,1247.0
-105.09241587429574,-224.0000000000001,0.0,duct_filler,0,1247.0
-98.1642126440201,-224.0000000000001,0.0,duct_filler,0,1247.0
-91.23600941374474,-224.0000000000001,0.0,duct_filler,0,1247.0
-84.30780618346921,-224.0000000000001,0.0,duct_filler,0,1247.0
-77.37960295319363,-224.0000000000001,0.0,duct_filler,0,1247.0
372.9536070147128,-224.0,0.0,duct_filler,0,1247.0
379.8818102449883,-224.0,0.0,duct_filler,0,1247.0
386.81001347526364,-224.0,0.0,duct_filler,0,1247.0
393.7382167055391,-224.0,0.0,duct_filler,0,1247.0
400.6664199358146,-224.0,0.0,duct_filler,0,1247.0
407.5946231660902,-224.0,0.0,duct_filler,0,1247.0
414.52282639636553,-224.0,0.0,duct_filler,0,1247.0
421.451029626641,-224.0,0.0,duct_filler,0,1247.0
-385.6846467004541,-230.0,0.0,duct_filler,0,1247.0
-378.75644347017857,-230.0,0.0,duct_filler,0,1247.0
-371.8282402399031,-230.0000000000001,0.0,duct_filler,0,1247.0
-364.90003700962757,-230.0000000000001,0.0,duct_filler,0,1247.0
-357.9718337793521,-230.0000000000001,0.0,duct_filler,0,1247.0
-351.0436305490765,-230.0000000000001,0.0,duct_filler,0,1247.0
-344.11542731880104,-230.0000000000001,0.0,duct_filler,0,1247.0
-337.18722408852557,-230.0000000000001,0.0,duct_filler,0,1247.0
-330.2590208582501,-230.0000000000001,0.0,duct_filler,0,1247.0
-323.33081762797457,-230.0000000000001,0.0,duct_filler,0,1247.0
-316.40261439769904,-230.0000000000001,0.0,duct_filler,0,1247.0
-309.47441116742357,-230.0000000000001,0.0,duct_filler,0,1247.0
-302.54620793714804,-230.0000000000001,0.0,duct_filler,0,1247.0
-254.04878532521957,-230.0000000000001,0.0,duct_filler,0,1247.0
-247.12058209494404,-230.0000000000001,0.0,duct_filler,0,1247.0
-240.19237886466857,-230.0000000000001,0.0,duct_filler,0,1247.0
-233.26417563439304,-230.0000000000001,0.0,duct_filler,0,1247.0
-226.3359724041175,-230.0000000000001,0.0,duct_filler,0,1247.0
-219.40776917384198,-230.0000000000001,0.0,duct_filler,0,1247.0
-212.4795659435664,-230.0000000000001,0.0,duct_filler,0,1247.0
-205.55136271329087,-230.0000000000001,0.0,duct_filler,0,1247.0
-198.6231594830154,-230.0000000000001,0.0,duct_filler,0,1247.0
-191.69495625273993,-230.0000000000001,0.0,duct_filler,0,1247.0
-184.76675302246434,-230.0000000000001,0.0,duct_filler,0,1247.0
-177.83854979218881,-230.0000000000001,0.0,duct_filler,0,1247.0
-170.9103465619133,-230.0000000000001,0.0,duct_filler,0,1247.0
-163.98214333163776,-230.0000000000001,0.0,duct_filler,0,1247.0
-157.05394010136217,-230.0000000000001,0.0,duct_filler,0,1247.0
-150.1257368710867,-230.0000000000001,0.0,duct_filler,0,1247.0
-143.19753364081112,-230.0000000000001,0.0,duct_filler,0,1247.0
-136.26933041053564,-230.0000000000001,0.0,duct_filler,0,1247.0
-129.34112718026006,-230.0000000000001,0.0,duct_filler,0,1247.0
-122.41292394998464,-230.0000000000001,0.0,duct_filler,0,1247.0
-115.484720719709,-230.0000000000001,0.0,duct_filler,0,1247.0
-108.55651748943353,-230.0000000000001,0.0,duct_filler,0,1247.0
-101.62831425915806,-230.0000000000001,0.0,duct_filler,0,1247.0
-94.70011102888253,-230.0000000000001,0.0,duct_filler,0,1247.0
-87.77190779860695,-230.0000000000001,0.0,duct_filler,0,1247.0
-80.84370456833142,-230.0000000000001,0.0,duct_filler,0,1247.0
-73.91550133805589,-230.0000000000001,0.0,duct_filler,0,1247.0
-66.9872981077803,-230.0000000000001,0.0,duct_filler,0,1247.0
376.4177086298505,-230.0,0.0,duct_filler,0,1247.0
383.34591186012597,-230.0,0.0,duct_filler,0,1247.0
390.27411509040144,-230.0,0.0,duct_filler,0,1247.0
397.2023183206768,-230.0,0.0,duct_filler,0,1247.0
404.1305215509524,-230.0,0.0,duct_filler,0,1247.0
411.05872478122785,-230.0,0.0,duct_filler,0,1247.0
417.9869280115033,-230.0,0.0,duct_filler,0,1247.0
424.9151312417787,-230.0,0.0,duct_filler,0,1247.0
-389.14874831559183,-236.0,0.0,duct_filler,0,1247.0
-382.2205450853163,-236.0,0.0,duct_filler,0,1247.0
-375.29234185504083,-235.9999999999999,0.0,duct_filler,0,1247.0
-368.36413862476525,-236.0,0.0,duct_filler,0,1247.0
-361.4359353944898,-236.0,0.0,duct_filler,0,1247.0
-354.5077321642143,-236.0,0.0,duct_filler,0,1247.0
-347.57952893393883,-236.0,0.0,duct_filler,0,1247.0
-340.6513257036633,-236.0,0.0,duct_filler,0,1247.0
-333.72312247338783,-236.0,0.0,duct_filler,0,1247.0
-326.7949192431123,-236.0,0.0,duct_filler,0,1247.0
-319.86671601283683,-236.0,0.0,duct_filler,0,1247.0
-312.9385127825613,-236.0,0.0,duct_filler,0,1247.0
-306.01030955228583,-236.0,0.0,duct_filler,0,1247.0
-250.58468371008178,-236.0,0.0,duct_filler,0,1247.0
-243.6564804798063,-236.0,0.0,duct_filler,0,1247.0
-236.72827724953078,-236.0000000000001,0.0,duct_filler,0,1247.0
-229.80007401925525,-236.0000000000001,0.0,duct_filler,0,1247.0
-222.87187078897972,-236.0000000000001,0.0,duct_filler,0,1247.0
-215.9436675587042,-236.0000000000001,0.0,duct_filler,0,1247.0
-209.01546432842866,-236.0000000000001,0.0,duct_filler,0,1247.0
-202.0872610981532,-236.0000000000001,0.0,duct_filler,0,1247.0
-195.15905786787755,-236.0000000000001,0.0,duct_filler,0,1247.0
-188.23085463760208,-236.0000000000001,0.0,duct_filler,0,1247.0
-181.30265140732655,-236.0000000000001,0.0,duct_filler,0,1247.0
-174.37444817705102,-236.0000000000001,0.0,duct_filler,0,1247.0
-167.4462449467755,-236.0000000000001,0.0,duct_filler,0,1247.0
-160.51804171649997,-236.0000000000001,0.0,duct_filler,0,1247.0
-153.58983848622438,-236.0000000000001,0.0,duct_filler,0,1247.0
-146.6616352559489,-236.0000000000001,0.0,duct_filler,0,1247.0
-139.73343202567332,-236.0000000000001,0.0,duct_filler,0,1247.0
-132.8052287953978,-236.0000000000001,0.0,duct_filler,0,1247.0
-125.87702556512232,-236.0000000000001,0.0,duct_filler,0,1247.0
-118.9488223348468,-236.0000000000001,0.0,duct_filler,0,1247.0
-112.02061910457127,-236.0000000000001,0.0,duct_filler,0,1247.0
-105.09241587429574,-236.0000000000001,0.0,duct_filler,0,1247.0
-98.1642126440201,-236.0000000000001,0.0,duct_filler,0,1247.0
-91.23600941374474,-236.0000000000001,0.0,duct_filler,0,1247.0
-84.30780618346921,-236.0000000000001,0.0,duct_filler,0,1247.0
-77.37960295319363,-236.0000000000001,0.0,duct_filler,0,1247.0
-70.4513997229181,-236.0000000000001,0.0,duct_filler,0,1247.0
-63.523196492642626,-236.0000000000001,0.0,duct_filler,0,1247.0
379.8818102449883,-236.0000000000001,0.0,duct_filler,0,1247.0
386.81001347526364,-236.0000000000001,0.0,duct_filler,0,1247.0
393.7382167055391,-236.0000000000001,0.0,duct_filler,0,1247.0
400.6664199358146,-236.0000000000001,0.0,duct_filler,0,1247.0
407.5946231660902,-236.0000000000001,0.0,duct_filler,0,1247.0
414.52282639636553,-236.0000000000001,0.0,duct_filler,0,1247.0
421.451029626641,-236.0000000000001,0.0,duct_filler,0,1247.0
428.3792328569165,-236.0000000000001,0.0,duct_filler,0,1247.0
-385.6846467004541,-242.0,0.0,duct_filler,0,1247.0
-378.75644347017857,-242.0,0.0,duct_filler,0,1247.0
-371.8282402399031,-242.0000000000001,0.0,duct_filler,0,1247.0
-364.90003700962757,-242.0,0.0,duct_filler,0,1247.0
-357.9718337793521,-242.0,0.0,duct_filler,0,1247.0
-351.0436305490765,-242.0,0.0,duct_filler,0,1247.0
-344.11542731880104,-242.0,0.0,duct_filler,0,1247.0
-337.18722408852557,-242.0,0.0,duct_filler,0,1247.0
-330.2590208582501,-242.0,0.0,duct_filler,0,1247.0
-323.33081762797457,-242.0,0.0,duct_filler,0,1247.0
-316.40261439769904,-242.0,0.0,duct_filler,0,1247.0
-254.04878532521957,-242.0,0.0,duct_filler,0,1247.0
-247.12058209494404,-242.0,0.0,duct_filler,0,1247.0
-240.19237886466857,-241.9999999999999,0.0,duct_filler,0,1247.0
-233.26417563439304,-241.9999999999999,0.0,duct_filler,0,1247.0
-226.3359724041175,-241.9999999999999,0.0,duct_filler,0,1247.0
-219.40776917384198,-241.9999999999999,0.0,duct_filler,0,1247.0
-212.4795659435664,-241.9999999999999,0.0,duct_filler,0,1247.0
-205.55136271329087,-241.9999999999999,0.0,duct_filler,0,1247.0
-198.6231594830154,-241.9999999999999,0.0,duct_filler,0,1247.0
-191.69495625273993,-241.9999999999999,0.0,duct_filler,0,1247.0
-184.76675302246434,-241.9999999999999,0.0,duct_filler,0,1247.0
-177.83854979218881,-241.9999999999999,0.0,duct_filler,0,1247.0
-170.9103465619133,-241.9999999999999,0.0,duct_filler,0,1247.0
-163.98214333163776,-241.9999999999999,0.0,duct_filler,0,1247.0
-157.05394010136217,-241.9999999999999,0.0,duct_filler,0,1247.0
-150.1257368710867,-241.9999999999999,0.0,duct_filler,0,1247.0
-143.19753364081112,-241.9999999999999,0.0,duct_filler,0,1247.0
-136.26933041053564,-241.9999999999999,0.0,duct_filler,0,1247.0
-129.34112718026006,-241.9999999999999,0.0,duct_filler,0,1247.0
-122.41292394998464,-241.9999999999999,0.0,duct_filler,0,1247.0
-115.484720719709,-241.9999999999999,0.0,duct_filler,0,1247.0
-108.55651748943353,-241.9999999999999,0.0,duct_filler,0,1247.0
-101.62831425915806,-241.9999999999999,0.0,duct_filler,0,1247.0
-94.70011102888253,-241.9999999999999,0.0,duct_filler,0,1247.0
-87.77190779860695,-241.9999999999999,0.0,duct_filler,0,1247.0
-80.84370456833142,-241.9999999999999,0.0,duct_filler,0,1247.0
-73.91550133805589,-241.9999999999999,0.0,duct_filler,0,1247.0
-66.9872981077803,-241.9999999999999,0.0,duct_filler,0,1247.0
-60.059094877504776,-241.9999999999999,0.0,duct_filler,0,1247.0
383.34591186012597,-242.0,0.0,duct_filler,0,1247.0
390.27411509040144,-242.0,0.0,duct_filler,0,1247.0
397.2023183206768,-242.0,0.0,duct_filler,0,1247.0
404.1305215509524,-242.0,0.0,duct_filler,0,1247.0
411.05872478122785,-242.0,0.0,duct_filler,0,1247.0
417.9869280115033,-242.0,0.0,duct_filler,0,1247.0
424.9151312417787,-242.0,0.0,duct_filler,0,1247.0
431.8433344720544,-242.0,0.0,duct_filler,0,1247.0
-347.57952893393883,-248.0,0.0,duct_filler,0,1247.0
-340.6513257036633,-248.0,0.0,duct_filler,0,1247.0
-333.72312247338783,-248.0,0.0,duct_filler,0,1247.0
-326.7949192431123,-248.0,0.0,duct_filler,0,1247.0
-264.44109017063283,-248.0,0.0,duct_filler,0,1247.0
-257.51288694035725,-248.0,0.0,duct_filler,0,1247.0
-250.58468371008178,-248.0,0.0,duct_filler,0,1247.0
-243.6564804798063,-248.0,0.0,duct_filler,0,1247.0
-236.72827724953078,-248.0000000000001,0.0,duct_filler,0,1247.0
-229.80007401925525,-248.0000000000001,0.0,duct_filler,0,1247.0
-222.87187078897972,-248.0000000000001,0.0,duct_filler,0,1247.0
-215.9436675587042,-248.0000000000001,0.0,duct_filler,0,1247.0
-209.01546432842866,-248.0000000000001,0.0,duct_filler,0,1247.0
-202.0872610981532,-248.0000000000001,0.0,duct_filler,0,1247.0
-195.15905786787755,-248.0000000000001,0.0,duct_filler,0,1247.0
-188.23085463760208,-248.0000000000001,0.0,duct_filler,0,1247.0
-181.30265140732655,-248.0000000000001,0.0,duct_filler,0,1247.0
-174.37444817705102,-248.0000000000001,0.0,duct_filler,0,1247.0
-167.4462449467755,-248.0000000000001,0.0,duct_filler,0,1247.0
-160.51804171649997,-248.0000000000001,0.0,duct_filler,0,1247.0
-153.58983848622438,-248.0000000000001,0.0,duct_filler,0,1247.0
-146.6616352559489,-248.0000000000001,0.0,duct_filler,0,1247.0
-139.73343202567332,-248.0000000000001,0.0,duct_filler,0,1247.0
-132.8052287953978,-248.0000000000001,0.0,duct_filler,0,1247.0
-125.87702556512232,-248.0000000000001,0.0,duct_filler,0,1247.0
-118.9488223348468,-248.0000000000001,0.0,duct_filler,0,1247.0
-112.02061910457127,-248.0000000000001,0.0,duct_filler,0,1247.0
-105.09241587429574,-248.0000000000001,0.0,duct_filler,0,1247.0
-98.1642126440201,-248.0000000000001,0.0,duct_filler,0,1247.0
-91.23600941374474,-248.0000000000001,0.0,duct_filler,0,1247.0
-84.30780618346921,-248.0000000000001,0.0,duct_filler,0,1247.0
-77.37960295319363,-248.0000000000001,0.0,duct_filler,0,1247.0
-70.4513997229181,-248.0000000000001,0.0,duct_filler,0,1247.0
-63.523196492642626,-248.0000000000001,0.0,duct_filler,0,1247.0
-56.5949932623671,-248.0000000000001,0.0,duct_filler,0,1247.0
393.7382167055391,-248.0,0.0,duct_filler,0,1247.0
400.6664199358146,-248.0,0.0,duct_filler,0,1247.0
407.5946231660902,-248.0,0.0,duct_filler,0,1247.0
414.52282639636553,-248.0,0.0,duct_filler,0,1247.0
421.451029626641,-248.0,0.0,duct_filler,0,1247.0
428.3792328569165,-248.0,0.0,duct_filler,0,1247.0
435.30743608719183,-248.0,0.0,duct_filler,0,1247.0
-260.97698855549504,-254.0,0.0,duct_filler,0,1247.0
-254.04878532521957,-254.0,0.0,duct_filler,0,1247.0
-247.12058209494404,-254.0,0.0,duct_filler,0,1247.0
-240.19237886466857,-254.0,0.0,duct_filler,0,1247.0
-233.26417563439304,-254.0,0.0,duct_filler,0,1247.0
-226.3359724041175,-254.0,0.0,duct_filler,0,1247.0
-219.40776917384198,-254.0,0.0,duct_filler,0,1247.0
-177.83854979218881,-254.0,0.0,duct_filler,0,1247.0
-170.9103465619133,-254.0,0.0,duct_filler,0,1247.0
-163.98214333163776,-254.0,0.0,duct_filler,0,1247.0
-157.05394010136217,-254.0,0.0,duct_filler,0,1247.0
-150.1257368710867,-254.0,0.0,duct_filler,0,1247.0
-143.19753364081112,-254.0,0.0,duct_filler,0,1247.0
-136.26933041053564,-254.0,0.0,duct_filler,0,1247.0
-129.34112718026006,-254.0,0.0,duct_filler,0,1247.0
-122.41292394998464,-254.0,0.0,duct_filler,0,1247.0
-115.484720719709,-254.0,0.0,duct_filler,0,1247.0
-108.55651748943353,-254.0,0.0,duct_filler,0,1247.0
-101.62831425915806,-254.0,0.0,duct_filler,0,1247.0
-94.70011102888253,-254.0,0.0,duct_filler,0,1247.0
-87.77190779860695,-254.0,0.0,duct_filler,0,1247.0
-80.84370456833142,-254.0,0.0,duct_filler,0,1247.0
-73.91550133805589,-254.0,0.0,duct_filler,0,1247.0
-66.9872981077803,-254.0,0.0,duct_filler,0,1247.0
-60.059094877504776,-254.0,0.0,duct_filler,0,1247.0
-53.130891647229305,-254.0,0.0,duct_filler,0,1247.0
411.05872478122785,-254.0,0.0,duct_filler,0,1247.0
417.9869280115033,-254.0,0.0,duct_filler,0,1247.0
424.9151312417787,-254.0,0.0,duct_filler,0,1247.0
431.8433344720544,-254.0,0.0,duct_filler,0,1247.0
-264.44109017063283,-259.9999999999999,0.0,duct_filler,0,1247.0
-257.51288694035725,-259.9999999999999,0.0,duct_filler,0,1247.0
-250.58468371008178,-259.9999999999999,0.0,duct_filler,0,1247.0
-243.6564804798063,-259.9999999999999,0.0,duct_filler,0,1247.0
-236.72827724953078,-260.0,0.0,duct_filler,0,1247.0
-229.80007401925525,-260.0,0.0,duct_filler,0,1247.0
-222.87187078897972,-260.0,0.0,duct_filler,0,1247.0
-215.9436675587042,-260.0,0.0,duct_filler,0,1247.0
-174.37444817705102,-260.0,0.0,duct_filler,0,1247.0
-167.4462449467755,-260.0,0.0,duct_filler,0,1247.0
-160.51804171649997,-260.0,0.0,duct_filler,0,1247.0
-153.58983848622438,-260.0,0.0,duct_filler,0,1247.0
-146.6616352559489,-260.0,0.0,duct_filler,0,1247.0
-139.73343202567332,-260.0,0.0,duct_filler,0,1247.0
-132.8052287953978,-260.0,0.0,duct_filler,0,1247.0
-125.87702556512232,-260.0,0.0,duct_filler,0,1247.0
-118.9488223348468,-260.0,0.0,duct_filler,0,1247.0
-112.02061910457127,-260.0,0.0,duct_filler,0,1247.0
-105.09241587429574,-260.0,0.0,duct_filler,0,1247.0
-98.1642126440201,-260.0,0.0,duct_filler,0,1247.0
-91.23600941374474,-260.0,0.0,duct_filler,0,1247.0
-84.30780618346921,-260.0,0.0,duct_filler,0,1247.0
-77.37960295319363,-260.0,0.0,duct_filler,0,1247.0
-70.4513997229181,-260.0,0.0,duct_filler,0,1247.0
-63.523196492642626,-260.0,0.0,duct_filler,0,1247.0
-56.5949932623671,-260.0,0.0,duct_filler,0,1247.0
-260.97698855549504,-266.0,0.0,duct_filler,0,1247.0
-254.04878532521957,-266.0,0.0,duct_filler,0,1247.0
-247.12058209494404,-266.0,0.0,duct_filler,0,1247.0
-240.19237886466857,-266.0,0.0,duct_filler,0,1247.0
-233.26417563439304,-266.0,0.0,duct_filler,0,1247.0
-226.3359724041175,-266.0,0.0,duct_filler,0,1247.0
-219.40776917384198,-266.0,0.0,duct_filler,0,1247.0
-177.83854979218881,-266.0,0.0,duct_filler,0,1247.0
-170.9103465619133,-266.0,0.0,duct_filler,0,1247.0
-163.98214333163776,-266.0,0.0,duct_filler,0,1247.0
-157.05394010136217,-266.0,0.0,duct_filler,0,1247.0
-150.1257368710867,-266.0,0.0,duct_filler,0,1247.0
-143.19753364081112,-266.0,0.0,duct_filler,0,1247.0
-136.26933041053564,-266.0,0.0,duct_filler,0,1247.0
-129.34112718026006,-266.0,0.0,duct_filler,0,1247.0
-122.41292394998464,-266.0,0.0,duct_filler,0,1247.0
-115.484720719709,-266.0,0.0,duct_filler,0,1247.0
-108.55651748943353,-266.0,0.0,duct_filler,0,1247.0
-101.62831425915806,-266.0,0.0,duct_filler,0,1247.0
-94.70011102888253,-266.0,0.0,duct_filler,0,1247.0
-87.77190779860695,-266.0,0.0,duct_filler,0,1247.0
-80.84370456833142,-266.0,0.0,duct_filler,0,1247.0
-73.91550133805589,-266.0,0.0,duct_filler,0,1247.0
-66.9872981077803,-266.0,0.0,duct_filler,0,1247.0
-257.51288694035725,-272.0000000000001,0.0,duct_filler,0,1247.0
-250.58468371008178,-272.0000000000001,0.0,duct_filler,0,1247.0
-243.6564804798063,-272.0000000000001,0.0,duct_filler,0,1247.0
-236.72827724953078,-272.0,0.0,duct_filler,0,1247.0
-229.80007401925525,-272.0,0.0,duct_filler,0,1247.0
-222.87187078897972,-272.0,0.0,duct_filler,0,1247.0
-181.30265140732655,-272.0,0.0,duct_filler,0,1247.0
-174.37444817705102,-272.0,0.0,duct_filler,0,1247.0
-167.4462449467755,-272.0,0.0,duct_filler,0,1247.0
-160.51804171649997,-272.0,0.0,duct_filler,0,1247.0
-153.58983848622438,-272.0,0.0,duct_filler,0,1247.0
-146.6616352559489,-272.0,0.0,duct_filler,0,1247.0
-139.73343202567332,-272.0,0.0,duct_filler,0,1247.0
-132.8052287953978,-272.0,0.0,duct_filler,0,1247.0
-125.87702556512232,-272.0,0.0,duct_filler,0,1247.0
-118.9488223348468,-272.0,0.0,duct_filler,0,1247.0
-112.02061910457127,-272.0,0.0,duct_filler,0,1247.0
-105.09241587429574,-272.0,0.0,duct_filler,0,1247.0
-98.1642126440201,-272.0,0.0,duct_filler,0,1247.0
-91.23600941374474,-272.0,0.0,duct_filler,0,1247.0
-84.30780618346921,-272.0,0.0,duct_filler,0,1247.0
-77.37960295319363,-272.0,0.0,duct_filler,0,1247.0
-254.04878532521957,-278.0,0.0,duct_filler,0,1247.0
-247.12058209494404,-278.0,0.0,duct_filler,0,1247.0
-240.19237886466857,-278.0,0.0,duct_filler,0,1247.0
-233.26417563439304,-278.0,0.0,duct_filler,0,1247.0
-226.3359724041175,-278.0,0.0,duct_filler,0,1247.0
-177.83854979218881,-278.0,0.0,duct_filler,0,1247.0
-170.9103465619133,-278.0,0.0,duct_filler,0,1247.0
-163.98214333163776,-278.0,0.0,duct_filler,0,1247.0
-157.05394010136217,-278.0,0.0,duct_filler,0,1247.0
-150.1257368710867,-278.0,0.0,duct_filler,0,1247.0
-143.19753364081112,-278.0,0.0,duct_filler,0,1247.0
-136.26933041053564,-278.0,0.0,duct_filler,0,1247.0
-129.34112718026006,-278.0,0.0,duct_filler,0,1247.0
-122.41292394998464,-278.0,0.0,duct_filler,0,1247.0
-115.484720719709,-278.0,0.0,duct_filler,0,1247.0
-108.55651748943353,-278.0,0.0,duct_filler,0,1247.0
-101.62831425915806,-278.0,0.0,duct_filler,0,1247.0
-94.70011102888253,-278.0,0.0,duct_filler,0,1247.0
-87.77190779860695,-278.0,0.0,duct_filler,0,1247.0
-80.84370456833142,-278.0,0.0,duct_filler,0,1247.0
-243.6564804798063,-284.0,0.0,duct_filler,0,1247.0
-236.72827724953078,-284.0000000000001,0.0,duct_filler,0,1247.0
-229.80007401925525,-284.0000000000001,0.0,duct_filler,0,1247.0
-222.87187078897972,-284.0000000000001,0.0,duct_filler,0,1247.0
-181.30265140732655,-284.0000000000001,0.0,duct_filler,0,1247.0
-174.37444817705102,-284.0000000000001,0.0,duct_filler,0,1247.0
-167.4462449467755,-284.0000000000001,0.0,duct_filler,0,1247.0
-160.51804171649997,-284.0000000000001,0.0,duct_filler,0,1247.0
-153.58983848622438,-284.0000000000001,0.0,duct_filler,0,1247.0
-146.6616352559489,-284.0000000000001,0.0,duct_filler,0,1247.0
-139.73343202567332,-284.0000000000001,0.0,duct_filler,0,1247.0
-132.8052287953978,-284.0000000000001,0.0,duct_filler,0,1247.0
-125.87702556512232,-284.0000000000001,0.0,duct_filler,0,1247.0
-118.9488223348468,-284.0000000000001,0.0,duct_filler,0,1247.0
-112.02061910457127,-284.0000000000001,0.0,duct_filler,0,1247.0
-105.09241587429574,-284.0000000000001,0.0,duct_filler,0,1247.0
-98.1642126440201,-284.0000000000001,0.0,duct_filler,0,1247.0
-91.23600941374474,-284.0000000000001,0.0,duct_filler,0,1247.0
-84.30780618346921,-284.0000000000001,0.0,duct_filler,0,1247.0
-240.19237886466857,-289.9999999999999,0.0,duct_filler,0,1247.0
-233.26417563439304,-289.9999999999999,0.0,duct_filler,0,1247.0
-226.3359724041175,-289.9999999999999,0.0,duct_filler,0,1247.0
-184.76675302246434,-289.9999999999999,0.0,duct_filler,0,1247.0
-177.83854979218881,-289.9999999999999,0.0,duct_filler,0,1247.0
-170.9103465619133,-289.9999999999999,0.0,duct_filler,0,1247.0
-163.98214333163776,-289.9999999999999,0.0,duct_filler,0,1247.0
-157.05394010136217,-289.9999999999999,0.0,duct_filler,0,1247.0
-150.1257368710867,-289.9999999999999,0.0,duct_filler,0,1247.0
-143.19753364081112,-289.9999999999999,0.0,duct_filler,0,1247.0
-136.26933041053564,-289.9999999999999,0.0,duct_filler,0,1247.0
-129.34112718026006,-289.9999999999999,0.0,duct_filler,0,1247.0
-122.41292394998464,-289.9999999999999,0.0,duct_filler,0,1247.0
-115.484720719709,-289.9999999999999,0.0,duct_filler,0,1247.0
-108.55651748943353,-289.9999999999999,0.0,duct_filler,0,1247.0
-101.62831425915806,-289.9999999999999,0.0,duct_filler,0,1247.0
-94.70011102888253,-289.9999999999999,0.0,duct_filler,0,1247.0
-87.77190779860695,-289.9999999999999,0.0,duct_filler,0,1247.0
-236.72827724953078,-295.9999999999999,0.0,duct_filler,0,1247.0
-229.80007401925525,-295.9999999999999,0.0,duct_filler,0,1247.0
-132.8052287953978,-295.9999999999999,0.0,duct_filler,0,1247.0
-125.87702556512232,-295.9999999999999,0.0,duct_filler,0,1247.0
-118.9488223348468,-295.9999999999999,0.0,duct_filler,0,1247.0
-112.02061910457127,-295.9999999999999,0.0,duct_filler,0,1247.0
-105.09241587429574,-295.9999999999999,0.0,duct_filler,0,1247.0
-98.1642126440201,-295.9999999999999,0.0,duct_filler,0,1247.0
-129.34112718026006,-301.9999999999999,0.0,duct_filler,0,1247.0
-122.41292394998464,-301.9999999999999,0.0,duct_filler,0,1247.0
